Index,Iter_0,Iter_1,Iter_2,Iter_3,Iter_4,Iter_5,Iter_6,Iter_7,Iter_8,Iter_9,Iter_10,Iter_11,Iter_12,Iter_13,Iter_14,Iter_15,Iter_16,Iter_17,Iter_18,Iter_19,Iter_20,Iter_21,Iter_22,Iter_23,Iter_24,Iter_25,Iter_26,Iter_27,Iter_28,Iter_29,Iter_30,Iter_31,Iter_32,Iter_33,Iter_34,Iter_35,Iter_36,Iter_37,Iter_38,Iter_39,Iter_40,Iter_41,Iter_42,Iter_43,Iter_44,Iter_45,Iter_46,Iter_47,Iter_48,Iter_49,Iter_50,Iter_51,Iter_52,Iter_53,Iter_54,Iter_55,Iter_56,Iter_57,Iter_58,Iter_59,Iter_60,Iter_61,Iter_62,Iter_63,Iter_64,Iter_65,Iter_66,Iter_67,Iter_68,Iter_69,Iter_70,Iter_71,Iter_72,Iter_73,Iter_74,Iter_75,Iter_76,Iter_77,Iter_78,Iter_79,Iter_80,Iter_81,Iter_82,Iter_83,Iter_84,Iter_85
0,0.8966030572620862,0.8977820229629793,0.8648246262215168,0.8625209706944182,0.8638853405334888,0.8643974885190107,0.864457154708829,0.8642426099744812,0.791400515583235,0.7914004866040023,0.7914004939879006,0.791400495097705,0.7914004956829092,0.7914004965908302,0.7914005021719837,0.7914005074126256,0.7914005169447824,0.7914005057533944,0.7914005101059635,0.7914005101319179,0.7914005195546707,0.7914005250281241,0.7914004347883836,0.791400440524147,0.7914004447754532,0.7914004493847964,0.7914004371399184,0.7914004364489662,0.791400439196532,0.7914004443157024,0.7914004482924445,0.7914004514935109,0.7914004563816489,0.7914004565695414,0.7914004547396448,0.7914004557287235,0.7914004586182425,0.7914004625182346,0.7914004657223693,0.7914004679935023,0.7914004715786636,0.7914004748170119,0.7914004768233096,0.7914004749160869,0.7914004779633805,0.7914004787608766,0.7914004913297094,0.7914004950131269,0.7914004984911849,0.79140050288404,0.7914005059903706,0.7914005063337435,0.791400509664444,0.7914005143568925,0.7914005180693093,0.7914005220871102,0.7914005252746809,0.7914005276050615,0.7914005308214427,0.7914005336896671,0.7914005292271655,0.7914005329691259,0.7914005360829526,0.791400539894043,0.7914005474959366,0.7914004694036852,0.7914004692070632,0.7914004720911335,0.7914004677868371,0.7914004703293137,0.7914004691659391,0.7914004701862778,0.7914004719867888,0.7914004724890005,0.7914004742667767,0.791400466672798,0.7914004691667189,0.7914004717532462,0.7914004733750731,0.7914004757953438,0.7914004766903922,0.7914004791055071,0.7914004815243069,0.7914004743602124,0.7914004735505499,0.7914004668916615
1,0.8951207880494535,0.8957419460320102,0.8642411840018042,0.86250529478868,0.8637010091973615,0.8640106430526306,0.8646740544848776,0.864531482985267,0.8134242372148468,0.8138674637258263,0.8139453506556309,0.8141432424708901,0.8144042121717989,0.8169155279665389,0.8168076175183123,0.8168648743108701,0.8168378410945689,0.8173582852156278,0.8170617836474352,0.8175248964125367,0.8179049825559955,0.8180442675864251,0.8059006880010738,0.8056474601379815,0.8056453876051001,0.8056451168145541,0.8056459377580384,0.8056595720191514,0.805666908111064,0.8056593246444768,0.8056561490301244,0.8056587371335686,0.8056634902807156,0.8056803459064489,0.8057123980790524,0.8057488395660286,0.8057404554876957,0.8057342476531464,0.8057315127842147,0.8057454402731156,0.8057428878575824,0.805745030126664,0.8057604758618591,0.8057902136907458,0.8057993551113385,0.8058194949744155,0.8065595247024175,0.8065473943921657,0.8065348872535972,0.8065268838601647,0.8065136248595663,0.8065652556788001,0.8065543311370549,0.8065863973808918,0.8065786883119715,0.8065627994569616,0.8065625325543733,0.8065834560819892,0.8065974410409198,0.8066029266274142,0.806781846451435,0.8067643180715215,0.8067670767845959,0.806761569615732,0.8067650269769675,0.8063731740804466,0.8064214869438104,0.806408480813767,0.8064423136930703,0.8064214085048633,0.8064518966811006,0.8065072607470268,0.8065116019831141,0.8065121501774638,0.8065366452946244,0.8062892671500732,0.8062812382480445,0.8062711813031418,0.8062712134786373,0.8062667134899745,0.8062653007838682,0.806262224906815,0.8062558388868012,0.8062446864772947,0.8062872680283324,0.8064021592982028
2,0.8931021412611647,0.8934608363978557,0.865514835175509,0.8641580641175447,0.8650977669189372,0.8652347518947279,0.8659268433839987,0.8658026747004411,0.8254068489780362,0.8263775212543427,0.826508721422227,0.8268695499032224,0.8273215362477642,0.8311948493599054,0.8310578778292741,0.8311623214523716,0.8311162947271552,0.831947490925117,0.8315342276897247,0.8321977334355748,0.8326540162324825,0.8328491008036935,0.8133313100357465,0.8133313038457043,0.8133313100502911,0.8133313168526675,0.8133312994651285,0.8133313003421645,0.8133313053572993,0.8133313110780137,0.8133313166022313,0.8133313221394265,0.8133313285378576,0.8133313310927486,0.8133313284979231,0.8133313320070441,0.8133313353284083,0.8133313407283846,0.8133313451595015,0.8133313496756475,0.8133313548623168,0.8133313597191969,0.8133313637130355,0.8133313627443264,0.8133313679761879,0.8133313706553356,0.8133314137449352,0.8133314191491063,0.8133314236877963,0.8133314298007143,0.8133314334490093,0.8133314376775442,0.8133314415605124,0.8133314459945578,0.8133314515431233,0.8133314587635971,0.8133314643403592,0.8133314686174692,0.8133314741746938,0.8133314780919969,0.8133314764372529,0.8133314816938823,0.8133314872343637,0.813331492743346,0.8133314955848078,0.81333150016588,0.8133315039892145,0.8133315092715776,0.8133315013210318,0.8133315060252747,0.8133315066451967,0.8133315105325726,0.8133315156231765,0.8133315155142908,0.8133315205916187,0.8133315464067088,0.8133315514208698,0.8133315564145396,0.8133315618568256,0.8133315670038851,0.8133315700767941,0.8133315752842593,0.8133315802260476,0.8133315801347916,0.8133315826380038,0.8133315769473012
3,0.8865357933346684,0.8867780899918284,0.867758594240374,0.8668320704725002,0.8674263416055976,0.8674338160759507,0.8679270410232709,0.8678214854385254,0.8395334087894867,0.8406262885984054,0.8407472788192617,0.8411215885843012,0.8415863806812618,0.8457116644559527,0.8456324588606333,0.8457519131438125,0.8456908753268269,0.8466079723273685,0.8461715748563555,0.8468295715812512,0.8471413184357949,0.8473278989406308,0.8343476969825989,0.8340041625206764,0.8339762489325468,0.8339628466461325,0.8339984544265814,0.8340853635028399,0.8341326925124242,0.834061980266964,0.8340371689491712,0.8340431698857266,0.8340304089201718,0.8341236156332732,0.8342810723381545,0.8344163822745891,0.8343968465709612,0.8343688816392557,0.8343753320358622,0.8344252198485483,0.8344116568888388,0.8344053351176156,0.834459373087456,0.8345524800322522,0.8345753926512387,0.834629308560524,0.8347982792862229,0.8347738440788972,0.834749533559912,0.8347688431340845,0.8347448710787869,0.8348402143172148,0.8348304864377599,0.8347823784643206,0.8347681247101808,0.8348396994017577,0.8348307506043137,0.8348402041087742,0.8348457878706129,0.8348493213392888,0.8349448279714391,0.8349339130471733,0.8349320077125162,0.834928960109823,0.8349499609506645,0.8350712900719202,0.8350938676811042,0.8350865272098196,0.8351056080213823,0.8350903328257308,0.8351038231908376,0.8351412561032597,0.8351409062934587,0.8351432323384318,0.8351562460603473,0.8354208087509688,0.8354104589046841,0.8353975701846331,0.8353952679001855,0.8353894043364191,0.8353734626135567,0.835369556960179,0.8353613388000026,0.8353423011474002,0.8353920293539192,0.8355275179138814
4,0.8827846066546119,0.8828039271866539,0.8697325124907404,0.8692356298621103,0.8695222498477193,0.8693875380073081,0.8696284784665638,0.8695534666216459,0.8528417265928149,0.8541713949440969,0.8543127200137086,0.8547302656598115,0.8552208376351746,0.8590733639460157,0.8589597403271875,0.8590785302638742,0.8590283202353695,0.8598329086214601,0.8595728474184737,0.8600798001197528,0.8602338325613902,0.8603741769986316,0.8530543926975603,0.8526275001405229,0.8525945512488445,0.852580305876122,0.8526196882046152,0.8527423030997168,0.8528118678209763,0.8527096326217922,0.852678924016884,0.852693887803567,0.8526777640004823,0.8528076413738715,0.8530004508833201,0.8531737372793676,0.8531504156552515,0.853116669533907,0.8531284526407487,0.8531948686730809,0.8531793635099947,0.8531773457501429,0.8532477090469859,0.8533635322957823,0.8533937135351249,0.8534614510594298,0.8535881121685932,0.8535593840423905,0.8535297306189122,0.8535476998694024,0.8535183097936512,0.8536380031587111,0.8536251039574675,0.85360477085364,0.8535877730620751,0.8536763715225583,0.8536738878215641,0.8536862349040689,0.853693672159867,0.8536980225902794,0.8538095326236361,0.8537977596367383,0.8537964875534021,0.8537930483564935,0.8537859339791076,0.8538506299779227,0.8538748504311621,0.8538672310840403,0.8538875218998417,0.8538720529801906,0.8538863666083178,0.8539240279779783,0.8539239750766702,0.8539263952296688,0.8539394772087989,0.8536550196068476,0.8536501679250754,0.8536441579233099,0.8536412335784804,0.8536384065979604,0.8536065331201975,0.8536048569088522,0.8536012013452541,0.8535908354567854,0.8536124879611917,0.8536721933879
5,0.8710710771484442,0.8710711157126693,0.8710708182898027,0.8710708081069601,0.8710708083544411,0.871070796274457,0.8710707359097873,0.8710707354281714,0.871070538752922,0.8710705759254075,0.8710705704807027,0.8710705751043784,0.871070582087836,0.8710706455300092,0.8710707108122787,0.8710707132525862,0.8710707122392798,0.8710707282270673,0.8710707425308212,0.8710707535892136,0.8710707539619184,0.8710707578364543,0.871070683789271,0.8710706707094721,0.8710706676259846,0.8710706656176831,0.8710706699595705,0.8710706740412101,0.8710706755004086,0.8710706920862505,0.8710706908402835,0.8710706903342983,0.871070689363627,0.8710706924561954,0.8710706980333741,0.8710707024570328,0.8710707017719134,0.8710707006958739,0.8710707008058601,0.871070702362836,0.8710707017726211,0.8710707019503965,0.8710707038027208,0.871070707078992,0.8710707078490235,0.8710707097007769,0.8710707096720476,0.8710707087603613,0.8710707078967146,0.8710707094390046,0.8710707084792999,0.8710707124453437,0.8710707120774107,0.8710707138901106,0.8710707133421978,0.8710707143527138,0.8710707158878861,0.8710707167499893,0.8710707173653096,0.8710707177513044,0.8710707247449477,0.8710707240693917,0.8710707242553104,0.8710707242799853,0.8710707238973514,0.8710707267781871,0.871070728628857,0.871070728393129,0.8710707293612787,0.8710707285394735,0.8710707295712348,0.8710707325020937,0.8710707328393862,0.8710707330008546,0.8710707342359716,0.8710707232115822,0.8710707230422859,0.8710707227860734,0.8710707227879803,0.8710707227521272,0.8710707190807752,0.8710707190915027,0.871070718942423,0.8710707186534968,0.8710707203924076,0.8710707247640623
6,0.8771933854291485,0.8774598603309215,0.8790183532897079,0.8794426897490799,0.8785360121712097,0.877760384602596,0.873887056461279,0.8738227891087644,0.8746757486319342,0.8755321593768542,0.8755985473279374,0.8758948060111545,0.8762522843184294,0.8781518259691083,0.8824534403408875,0.8825529485684457,0.8825318913236653,0.8830580966291649,0.8843470657718997,0.8847390813108265,0.884637825145477,0.8847251367664548,0.884858131968635,0.8844974133475372,0.884433226125261,0.8844194252002889,0.88441228512051,0.884545069287489,0.8846200228642557,0.8857295138695842,0.885718762094569,0.885740792025122,0.8857343901856327,0.8857964918795733,0.8858379482867182,0.8859067542894983,0.8859003097917882,0.8858900694182991,0.8858975681558806,0.8859247273807741,0.8859213031389995,0.8859393687941045,0.8859674024301689,0.8860064087676003,0.8860188087143853,0.8860424842354313,0.8860457347961832,0.8860349223988786,0.8860247780023938,0.8858984573891502,0.8858847012541562,0.885944753926504,0.885938765566275,0.8859668236008644,0.8859597224512545,0.8859474719851,0.885989291548602,0.8860039677557455,0.8860133391928784,0.886017783421119,0.8861237983137068,0.8861031710654004,0.8861049195595283,0.8861018464994905,0.8860968336756884,0.88611419394913,0.8861406564550672,0.8861335727027461,0.8861546998456153,0.8861465680240912,0.8861625879376133,0.8861912016124937,0.8861935108682153,0.8861957597117268,0.8862079289600475,0.8861874517366579,0.8861819216604351,0.8861760617799538,0.8861761853718609,0.8861735028676232,0.8861416727257452,0.8861399484996398,0.8861363367745295,0.8861393388404966,0.8861609189471383,0.8862154497583654
7,0.8816782613067837,0.8821891558735634,0.8876145748159434,0.8878798442312539,0.8866577654207896,0.8857370821874778,0.8762337185991488,0.8760976224514789,0.8743960457493698,0.8751954035893909,0.8751498334062624,0.8753997058549491,0.8757490028443298,0.8773190259237111,0.8876680444544257,0.8877504197560506,0.8877056680854988,0.8882976189661008,0.8898571565582297,0.8904570272740789,0.8903048002549601,0.890430660163121,0.8903387223430553,0.8898557673496769,0.8897518434755068,0.8897223575810492,0.8897162462579438,0.8898865209278348,0.8899755643055653,0.892680390848788,0.8926803890169093,0.8926803892488869,0.8926803874611037,0.8926803899184216,0.8926803940538235,0.8926803992095501,0.89268039818219,0.8926803965546356,0.8926803961295022,0.8926803970436767,0.8926803958952805,0.8926803950791412,0.8926803963092655,0.8926803994885862,0.8926803995794834,0.892680400961454,0.8926804002296085,0.8926803986199208,0.892680397344203,0.8926803516483242,0.8926803500431134,0.8926803518488741,0.8926803505918263,0.8926803500117434,0.8926803481846965,0.8926803461335415,0.8926803454505823,0.892680345311104,0.8926803445739324,0.8926803439925461,0.8926803527235988,0.8926803481546092,0.8926803469032534,0.8926803454586336,0.8926803452379616,0.8926803463389504,0.8926803476360298,0.8926803459166972,0.8926803492514511,0.892680348468975,0.8926803496148275,0.8926803529105687,0.8926803520005361,0.892680352220806,0.8926803524332564,0.8926803494993314,0.8926803479746516,0.8926803464462949,0.892680345254631,0.8926803440004139,0.8926803417398914,0.8926803405750985,0.8926803392309065,0.8926803384754516,0.8926803405745475,0.8926803486567332
8,0.8857669173189769,0.8865174282495027,0.8940694498537914,0.8945057948834907,0.8927626365757847,0.8914866717623504,0.8781653994969695,0.8780007376678025,0.8760762017915805,0.8770013229854433,0.8769409732429282,0.8772367588564824,0.8776556639503869,0.879409234527896,0.8942071695096223,0.8943011469239815,0.8942579475344951,0.894894650748048,0.8964968190182631,0.8971387202548978,0.8969976004180082,0.8971333624054024,0.8969905589170758,0.8964866089240656,0.8963801868412161,0.8963521924084386,0.8963245129167806,0.8965032734821965,0.8965991120785819,0.8984168358796686,0.8984012963353526,0.8984755519655776,0.898461644254294,0.8985172526520596,0.8985438956386576,0.8986877061123236,0.8986763650114603,0.8986589904900254,0.8986643142136036,0.8986949390041145,0.8986866026515541,0.8986767930732846,0.8987092939546129,0.8987655816091007,0.8987787856570751,0.8988096432679598,0.8988170351637731,0.8987958702683309,0.898781465243003,0.8970872258834738,0.8970912787098192,0.8970671330199069,0.8970702622532943,0.8970710395156123,0.8970712597928477,0.8970742464270298,0.8970690055929732,0.8970592419252272,0.8970526334553306,0.8970502885482495,0.8970062636912838,0.8969496756031925,0.8969452951246076,0.8969464584597374,0.8969503929463702,0.8969512038120742,0.8969350927604489,0.8969379253509596,0.8969259520119565,0.8969720903306416,0.8969619837406339,0.8969840987648662,0.8969799164812753,0.8969789188784628,0.8969740251357096,0.8969579803315899,0.8969586471531205,0.8969609458164636,0.8969570015580924,0.8969574598835564,0.8969469667106609,0.8969478749635149,0.8969495248506179,0.8969413747335734,0.8969314099697189,0.8969192662198193
9,0.8903504146927327,0.8914312319371742,0.9012475727533381,0.9020336123178186,0.8995823357381242,0.8977870505547442,0.8802850184764044,0.880110102655253,0.8789930265970138,0.8800719091462118,0.8800344982719692,0.8803966642673204,0.8808926832307876,0.8828053169645426,0.9021824983533873,0.9023118354661643,0.9022831238218991,0.9029737635426227,0.9042810757199621,0.9048235396115812,0.9047378512520431,0.9048574554898063,0.904742290884398,0.9043123573950034,0.9042336408858916,0.9042193932772528,0.904154985353833,0.9043153202495262,0.9044086108761437,0.9052518799776199,0.9052329655708832,0.9054242997478805,0.9054067886160116,0.9054976207480858,0.9054506652974252,0.9056593109976698,0.905645445740615,0.9056240806091502,0.9056359275924807,0.9056839748966679,0.905675283009716,0.9056690744011265,0.9057177074835426,0.9057916622716782,0.9058126193780606,0.9058554137831537,0.90587718386411,0.9058506626386457,0.9058313072905598,0.9033359749155773,0.9033444388343065,0.9033022993969906,0.903308197795094,0.903308028939306,0.9033116141658634,0.9033189756922254,0.9033133890327636,0.9032969364876582,0.9032859740000146,0.9032812200844038,0.9031645938290513,0.9031210192120156,0.903115976716749,0.9031195034612796,0.9031265157521627,0.9031141473466522,0.9030771317319949,0.9030857630576073,0.9030560943671735,0.9031225144976242,0.9030997908600621,0.9031051377223813,0.9030991497449512,0.9030959206559817,0.9030799839097535,0.9030736572938486,0.9030786721728667,0.9030862553400398,0.9030824134922072,0.9030846102078371,0.9030770085765755,0.9030795598609646,0.903084585491819,0.9030735989996209,0.9030422233166177,0.902969159483458
10,0.8946011916674076,0.8957998480446027,0.9075103299973488,0.9080836468054347,0.9055632648133173,0.9039315292421245,0.8825946401913958,0.8824126617202682,0.8785129405909275,0.878947200105904,0.8787786062887101,0.8789075742674536,0.8791729304633562,0.8802830211211429,0.9059154363258772,0.9059154326738831,0.9059154233290305,0.9059154442414383,0.9059154523769435,0.9059154657817727,0.9059154574935254,0.9059154565204675,0.9059154460126184,0.9059154305464394,0.9059154225451811,0.905915415693383,0.9059154297539258,0.9059154337265903,0.9059154319184919,0.9059154382592634,0.905915432623098,0.9059154363924142,0.9059154306160242,0.9059154332072707,0.9059154404594135,0.905915453512003,0.9059154501994074,0.9059154450033864,0.9059154422523448,0.9059154419495404,0.9059154376795965,0.9059154342099252,0.9059154347147149,0.905915441288966,0.9059154392908598,0.90591544087903,0.9059154389726012,0.9059154342220601,0.9059154302612048,0.905915373149696,0.9059153694647258,0.9059153705049371,0.9059153672025421,0.9059153631407023,0.9059153583980979,0.9059153535388428,0.9059153489263052,0.9059153471454701,0.9059153440177103,0.9059153417289176,0.9059153561000413,0.9059153497410811,0.9059153458696804,0.9059153417862296,0.9059153414570681,0.9059153412699346,0.9059153420172471,0.9059153375771924,0.9059153453140225,0.9059152744188281,0.9059152755057938,0.9059152835353641,0.905915279526405,0.9059152797734419,0.9059152772019522,0.9059152733397454,0.9059152688063062,0.9059152642194566,0.9059152598433228,0.9059152554135449,0.9059152521055109,0.9059152479294721,0.9059152436319683,0.9059152407382937,0.9059152424947184,0.9059152570234564
11,0.9122419647315074,0.9126264766001473,0.8589666774516506,0.8570597518759329,0.8584150353710198,0.8587742636971878,0.8596223212220744,0.8595333348999732,0.8101812026454928,0.8087338263575377,0.8086016063304731,0.808254039246587,0.8078961765953858,0.8082768907990726,0.807910454712955,0.807774219540487,0.8078191827239646,0.8071838684971454,0.8071437456413444,0.8068800059162015,0.8070766672097048,0.8070008556133176,0.8052058846835528,0.805144419301399,0.8051446729202903,0.805147216367215,0.8051316804965011,0.8050776778511423,0.8050509604008764,0.8050611992377478,0.8050703980305612,0.8050604762547491,0.8051005848522348,0.8050526461068302,0.8049822709800133,0.8049373527652665,0.8049462659213593,0.8049516986215596,0.8049509926243147,0.8049370082167027,0.8049386473277913,0.8049316557645715,0.804919956207159,0.8049004795514276,0.804895417385008,0.8048853974258967,0.8055290352634398,0.8055376790887243,0.8055485028681915,0.8055573862316125,0.8055709317845219,0.8055195237178252,0.8055316199305287,0.8055617796229801,0.8055669848655007,0.8055735825679845,0.8055708008433979,0.8055532388811032,0.8055410097978739,0.8055384534173554,0.8054187193586445,0.8054282534167524,0.805424847373805,0.8054279024682288,0.8055627490016442,0.802074649788175,0.8020642636163883,0.802066565803615,0.8020632875362683,0.8020674292690999,0.8020609728750048,0.8020510650333759,0.8020497679094115,0.8020527742804575,0.8020487706288789,0.8019969754286339,0.8019980852006258,0.8019995141390349,0.8019986769881473,0.8019993243280394,0.8019985525014386,0.8019990024194162,0.8019998722998686,0.8019186679402613,0.8019144417366703,0.8019045962956808
12,0.905892310420707,0.906212237665645,0.8613416281816313,0.8595710208818611,0.8608885242059019,0.8611773749543995,0.8621026060427276,0.8619937867340484,0.81308364479371,0.8123777828738172,0.8123899104284724,0.8123350128440936,0.8123321195805241,0.814383787524837,0.8140082555571623,0.8139791241379937,0.8140056847303198,0.8139898988189114,0.8138309703764325,0.8140145222915304,0.8144684127764694,0.8145360619932469,0.8074702127563793,0.8070966942174443,0.8071070728658745,0.8071194210828464,0.8070870082270348,0.8070725985384984,0.807072502871813,0.8070718353641504,0.8070819955970804,0.8070913194262892,0.8071222274761725,0.8071177376011921,0.8070890443525142,0.8071040545905094,0.8070993866870426,0.8071020982063054,0.8071004332777264,0.807113874045274,0.8071175390629312,0.8071224675369463,0.8071365538546238,0.8071585542468911,0.8071717636233811,0.8071936030851077,0.8084837896002031,0.8084809679214691,0.8084761162159366,0.8084674157973819,0.8084613975605563,0.8084877578152602,0.8084799924086798,0.8085238584115366,0.8085224459429244,0.8085124546087917,0.8085166137942539,0.8085283884048603,0.8085374948837871,0.8085391120306836,0.8086461407416535,0.8086356513157675,0.8086407607253706,0.8086373472656261,0.8086413631468489,0.8070770305355048,0.8071185372522518,0.8071086752578072,0.8071313267700936,0.8071173673217112,0.8071447595372835,0.8071844907745115,0.8071908715056263,0.8071874390422573,0.8072074478155459,0.8069826223206952,0.8069761034577643,0.8069678911866,0.8069716830280134,0.8069680971444992,0.8069707602225902,0.8069682102334945,0.806963091297361,0.8070284835293232,0.8070713828963896,0.8071871544640894
13,0.9084979429513755,0.908324787499482,0.8636287400643586,0.8623785442819317,0.86333573027717,0.8632803623279521,0.8641582451554759,0.8640449110571917,0.8280167812302441,0.8287607145948855,0.82894747330315,0.8293820459432071,0.8299497818977093,0.8351866090650261,0.8347556347246604,0.8348449501902383,0.834838386466377,0.8355549735569101,0.8352072392461868,0.8358882007442571,0.8366759717128541,0.8368824632449552,0.8235539575087215,0.823185552857749,0.8231929985800617,0.8232080712803436,0.8231689828907806,0.8231462180402888,0.8231428102124004,0.823136047550228,0.8231490797332378,0.8231587130133351,0.8231977568535255,0.8231857893735018,0.823141674180055,0.8231475138910349,0.8231446194287161,0.8231491449940236,0.8231471076044707,0.8231583826854111,0.8231630776169118,0.8231622246297837,0.8231740070891694,0.823190932557049,0.8232031144525136,0.8232219372784739,0.825072063892886,0.8250717799085175,0.8250700223870165,0.8250651576215579,0.825062962228756,0.8250741909577539,0.8250730916918331,0.8250484554173894,0.8250488222172329,0.8250548694168824,0.8250569845070939,0.8250587221551609,0.8250606631338278,0.8250603684624043,0.8250811760480035,0.8250792320489174,0.8250815195885598,0.8250807979202578,0.825135291543782,0.8249737423893294,0.8249934824357296,0.8249889100690772,0.8250014880666399,0.8249959115839248,0.8250090648116015,0.8250259379098844,0.8250293055638811,0.8250291472037546,0.8250384710201237,0.8254374090277443,0.8254342593875755,0.8254302420297274,0.82543235315989,0.8254306132223782,0.8254279537021542,0.8254266643492295,0.825424077285009,0.8253817167366665,0.8253988692733789,0.8254420915348507
14,0.9026467329849464,0.9023858001136175,0.8671167378420854,0.8662111612484777,0.8668318561319194,0.8665584881262234,0.8671199790017193,0.8669990590347276,0.8372794701700452,0.8393638622818879,0.8396570185221142,0.8404272983936213,0.8413447636358984,0.8481203658138318,0.8477597274695227,0.8479227103139382,0.847884342153233,0.848967162031902,0.8485574583602628,0.8493641041234318,0.8500016314891711,0.8502374095632423,0.8360663820413431,0.8355783160478483,0.835563148189782,0.835564770291159,0.8355654679850271,0.835649893873829,0.8357064229860555,0.8356296553445504,0.8356168899204238,0.8356432172070442,0.8356509058675642,0.8357450758268494,0.8358449140386575,0.8359666682347011,0.8359516936596055,0.8359330396761978,0.8359439035249225,0.835999082289702,0.8359930546703868,0.8359930630082485,0.83604979833463,0.8361353448668165,0.8361638971398467,0.8362196161090889,0.8370457402854833,0.8370314026869136,0.8370140663766967,0.8370056394486596,0.8369884844848692,0.8370632653755801,0.8370596131960901,0.8369262318807001,0.8369191246490606,0.8369757203762376,0.8369744276317649,0.8369806113415665,0.8369849696489078,0.8369866041408495,0.8370378865534157,0.8370333593390135,0.8370352366566781,0.8370336771141053,0.8371167533257399,0.8372354102602666,0.8372554650466171,0.8372504054669437,0.8372655139063515,0.8372586654510957,0.8372718516160158,0.8372918533836261,0.837294661623335,0.8372957000848257,0.8373057836463206,0.838791179611141,0.8387796060863667,0.8387649351277243,0.838767442901647,0.8387609516726937,0.8387449324201113,0.8387402750606211,0.8387307464031979,0.8387076635409488,0.8387660539909404,0.8389162467169087
15,0.9023986915965916,0.9018755472061591,0.8721222750771914,0.8717238523090836,0.871842145830379,0.8711303022626103,0.8709401901208907,0.8708046962835626,0.8515987226454633,0.8551308371391505,0.8555508487299321,0.8567054616622066,0.8580159389334779,0.866688440670091,0.8664398404302441,0.866643564752271,0.8665989396074331,0.8677507110884356,0.8675761271154964,0.8682486832959028,0.8686140644609823,0.868803218266595,0.8606236547629197,0.8598888793400443,0.859849112185966,0.8598404931862595,0.8598719698141033,0.8600737048932299,0.8601974571130924,0.8600515217151135,0.8600144756346754,0.8600637644427392,0.8600517347336105,0.8602605467305807,0.8604949421177747,0.860736794302667,0.8607083719266311,0.860668192375242,0.8606922206057289,0.8607948333938196,0.8607798305530335,0.860784419544358,0.8608887825181326,0.8610447003810626,0.8610923590975175,0.8611878586076578,0.8616354861243303,0.861604497771244,0.8615682969189641,0.8615426975876697,0.8615065628006234,0.8616619931942836,0.8616495112536157,0.8615226635017253,0.8615058245781143,0.8616768746072332,0.8616768750662466,0.8616768763826425,0.8616768772330873,0.8616768776183619,0.8616768877658381,0.8616768870436612,0.8616768873736741,0.8616768871789156,0.8616768906784862,0.8616768968546648,0.8616768997898648,0.8616768993212841,0.8616769010820153,0.8616769003271989,0.8616769020901213,0.8616769050347886,0.8616769056520187,0.8616769057801182,0.8616769073949849,0.8616769949657026,0.8616769955406733,0.8616769958878698,0.8616769974211291,0.8616769983009216,0.86167699291651,0.861676993857739,0.8616769944087336,0.8616769948741815,0.8616769993043597,0.8616770070643607
16,0.9005282436351182,0.8999235947363458,0.8770970866019308,0.8770951220849446,0.8767787925566468,0.8757021741096712,0.8744415402907632,0.874303722932932,0.8631840606282708,0.8675515932055919,0.8680320398145357,0.8693807273206119,0.8708701551253842,0.8795375094890666,0.8798397010537675,0.8800503369042915,0.8800182805576409,0.8810174412934555,0.8815829964345678,0.8819884538689765,0.882071963458923,0.8821782359883233,0.8788866401584142,0.8782288482126535,0.8781843757938071,0.8781752841680809,0.8782015615808223,0.8784236876425421,0.878558063958634,0.8784948262937418,0.8784576994646954,0.8785140475893408,0.8785001680348735,0.8787158851251179,0.8789240910320286,0.8791493982400188,0.8791254408127869,0.8790898825887311,0.8791160001698602,0.8792116288290709,0.8791994004529932,0.879233337149867,0.8793290973170809,0.8794645213334542,0.8795071317599354,0.879589115481008,0.879757138733782,0.8797294472977705,0.8796970128950276,0.8796179351024555,0.8795839307370985,0.8797324123466793,0.8797189811098571,0.8797477921180671,0.8797318310967377,0.8797885731015155,0.8798371516264111,0.8798587456128296,0.8798728681750266,0.8798791919768607,0.8800336039010769,0.8800209614305985,0.88002531549993,0.8800208189037396,0.880013669834619,0.8800359483264405,0.8800777038444806,0.8800671850553765,0.8801001148358953,0.8800868649332318,0.8801132742675851,0.8801506452537772,0.8801559564964039,0.8801587177204551,0.8801777837641053,0.8801426434437103,0.8801363553732418,0.8801283395929018,0.8801304799228526,0.8801269551898483,0.8800458123615702,0.8800433736575676,0.8800383957571466,0.8800454000291935,0.8800759800255559,0.8801518661990336
17,0.8927133182617476,0.8922706458310056,0.8786204758687162,0.878817776493127,0.8783104026735611,0.8772629888281779,0.8751400747179394,0.8750369857875904,0.8696272198620639,0.8734492303101248,0.8738479846155905,0.8749748656049924,0.876196610685345,0.8823233441645545,0.8835402195743323,0.8837216693425873,0.88370535021288,0.8844795412471631,0.8856545735185534,0.8859310869439194,0.8859098581479397,0.8859756415711243,0.8851041303133277,0.8845999841092852,0.8845546109297657,0.8845480755637892,0.8845538456963238,0.884742499928714,0.8848560383892173,0.8850450303517431,0.8850187818688797,0.8850729796549438,0.8850617152531433,0.8852271057296067,0.8853486549115707,0.8855059930216131,0.8854916665494159,0.8854691931176902,0.8854896339193954,0.8855571414257113,0.8855508496093777,0.8855990601850006,0.8856658757313285,0.8857534538566608,0.8857831198215228,0.8858365003690931,0.8859009113093257,0.8858824939556229,0.8858612948635396,0.8857074372183695,0.8856826635884377,0.8857931796689822,0.8857841299427627,0.8858394699379067,0.885828684508926,0.8858365521045889,0.8859156112592163,0.8859330597844953,0.8859444370419792,0.8859493083153086,0.8860600591338361,0.8860507076901666,0.886054503435793,0.8860515032016901,0.8860439988190033,0.8860535735030002,0.886082593806979,0.8860756252592858,0.8860978705422236,0.8860912965070871,0.8861092691878669,0.886130262477213,0.8861343085939906,0.8861361995526118,0.8861481070964511,0.8861089994925596,0.886104690806501,0.8860992310550984,0.8861015013301525,0.886099122832089,0.8860510064120096,0.8860492392418775,0.8860456553507704,0.8860530614216183,0.8860748352892721,0.8861258633541641
18,0.8925895993601416,0.8924491079164134,0.8865587753191358,0.8873657814449648,0.8858508296554244,0.8841279872683881,0.8787858495276444,0.8786668236854717,0.8789280141250322,0.8822444317762332,0.8825754906802906,0.8835648402728826,0.8846462502597223,0.8898576527753087,0.8951034011439749,0.8953331667979828,0.8953171564799391,0.8963330495038555,0.8992483876137207,0.8998198881935333,0.8997017887757249,0.8998317476555581,0.9000096625101802,0.899424251532333,0.8993267815918338,0.8993153011755307,0.8992809049197095,0.8995074087736865,0.899641793408304,0.9007518677073738,0.9007275088164247,0.9008272910257858,0.9008129591334795,0.9009724258109775,0.9010265875054946,0.9011882001046091,0.9011762848425884,0.9011567239463941,0.9011771285658235,0.9012408360302692,0.9012363842817257,0.9012875494739037,0.901350601556876,0.9014286031027507,0.9014567974172758,0.9015052184531398,0.9015375552611089,0.9015165799242423,0.9014967025362911,0.9007655896083377,0.9007371312485797,0.9008652400638022,0.9008533334482886,0.9008990077121183,0.9008862870227814,0.9008645804949019,0.9009507821661523,0.9009814625485782,0.9010012971116296,0.9010101567812202,0.901210131907253,0.9011600278125479,0.9011658242807672,0.9011599507438044,0.901149374360344,0.9011717155790391,0.9012231532715355,0.9012103486033449,0.9012507382959342,0.9012479462050971,0.901279473138241,0.9013181631531384,0.9013245701929362,0.9013286835212498,0.9013505465963074,0.9013429930312338,0.9013313175247952,0.9013206871367738,0.9013235423723994,0.9013188897067923,0.9012982517636193,0.9012948317809357,0.9012878471223112,0.9012995037526493,0.9013413895644493,0.9014403308918528
19,0.8863582224769458,0.8869298008845231,0.8903263473207228,0.8913129945851228,0.8892558221055674,0.8874479458365457,0.8783601903891096,0.8782313198381512,0.8801779063260597,0.8820120068544255,0.8821633525369298,0.8827809572798465,0.883508034541527,0.8868629898815408,0.8966367364819806,0.8968503651020355,0.8968211943922161,0.8978642405313175,0.9006378288995954,0.9013987181870473,0.9012591554437915,0.901429840624705,0.9014892724124894,0.9008464634127891,0.9007257482376312,0.9007074401845329,0.9006502154010323,0.900893585480112,0.9010357795831311,0.9028729945688417,0.9028534950099665,0.902995032274387,0.9029799413386872,0.90310672528858,0.9031021296489065,0.9032643744283143,0.9032533620806268,0.9032362311593763,0.9032540801686101,0.903309235613426,0.9033049617327451,0.9033163380858548,0.9033698096091903,0.9034375500198826,0.9034617183289493,0.9035036516709296,0.9035365105266366,0.9035161800791881,0.9034985505139665,0.9019332609110992,0.9019156213727326,0.9019956210802303,0.9019863657841365,0.9020021538765804,0.9019942345680759,0.9019788419382525,0.9020074715340127,0.9020327959624082,0.9020492953825118,0.9020566271997769,0.9022263840753767,0.9021715338414593,0.9021766899260264,0.9021716537879212,0.9021628017654213,0.9021821149266994,0.9022269855747379,0.9022157828765625,0.9022513994515098,0.9022683957517637,0.9022964572362638,0.9023330073799525,0.9023388809878655,0.9023427962187265,0.9023625959013628,0.902360113310541,0.9023491610672403,0.9023396113701079,0.9023423788402507,0.9023381132216751,0.9023318346912338,0.9023287595968977,0.9023224694079891,0.9023332272987852,0.9023713024288758,0.9024633649961665
20,0.890735621828223,0.8916347488412917,0.8979628954942119,0.8991845653731603,0.8965173168991364,0.894240145322765,0.8808688434805372,0.880712856275754,0.882827982262147,0.8847262356494622,0.8848656912931032,0.885513249560118,0.8862837996153106,0.8894706418064122,0.9033428337118703,0.9036049073122707,0.9035708719327248,0.9048315368119558,0.907577869231482,0.9084355389579727,0.9083163434140862,0.9085089724987121,0.9084380221127294,0.9077413004143389,0.9076162755504996,0.9076011410748758,0.9074964530315892,0.9077656160219615,0.9079269965053895,0.9091831610111663,0.9091553083638402,0.9094625830665568,0.9094383838795053,0.9096010002605138,0.909530670614719,0.9098150317862925,0.9097969868783912,0.9097690954891727,0.9097924293037734,0.9098705317319955,0.9098616365711487,0.9098574487842422,0.9099339160541569,0.9100385018349972,0.9100727343381839,0.9101357250574583,0.9101801844636815,0.9101445814825263,0.9101171745935905,0.9061963667550017,0.9061946672748936,0.9062018559281411,0.90620143673581,0.9062064933892117,0.9062059563244051,0.9062042341468268,0.9062101599763599,0.906211517730056,0.9062124365281058,0.9062127712348544,0.9062197129456038,0.9061504722837775,0.9061504482746571,0.9061501833481757,0.9061500618329623,0.9061512922234262,0.9061518239839178,0.9061514127722876,0.9061519854594964,0.9062107624892383,0.9062119112330215,0.9062248504389597,0.9062247996569764,0.9062251105126259,0.9062264988685689,0.9062227922235473,0.9062203135198025,0.9062196669145776,0.9062193298521313,0.9062186821360837,0.9062119069825726,0.9062117814997124,0.9062114286111508,0.9062112208957852,0.9062132714069024,0.90622199044741
21,0.893818364544942,0.8950647912768476,0.904870152300806,0.9061194162188373,0.9030897032325877,0.9006752042144673,0.8821165563004487,0.8819483707608224,0.8831811839522224,0.8847601204451511,0.8848335724023153,0.885375181437381,0.8860417711880639,0.8884940925000587,0.9067754081373053,0.90704116588029,0.907004350486217,0.9082742682300905,0.9099302778132741,0.9106647658766884,0.9105922178725715,0.9107634856231475,0.9106184957017576,0.9100054154494843,0.9099170701431114,0.9099094271548193,0.9097886635707774,0.9100320591481729,0.9101828037277755,0.910669822815704,0.9106390346504647,0.9110804515528882,0.9110509225817617,0.9112299657593631,0.9111037806336736,0.9114400086675851,0.911419470709596,0.9113875602092772,0.911413253956273,0.911500622999844,0.9114900453995909,0.9114955916716073,0.9115813191149584,0.9116983566369014,0.9117364480417681,0.911806980287633,0.9118574720204526,0.9118209903826535,0.911790139149422,0.9086502568143178,0.9086424387232812,0.9086764771104652,0.9086718206770557,0.9086723934502473,0.9086689082248344,0.9086620583584025,0.9086626755953118,0.9086760137895321,0.908684517471495,0.9086882655952617,0.9087678803831941,0.9087609978170202,0.9087633454854926,0.908760992281976,0.908757034008488,0.9087683668836871,0.9087884304004462,0.9087832247354158,0.9087994262989337,0.9087230414603737,0.9087385959793283,0.9087922412648282,0.9087951508148333,0.9087972804551673,0.9088074966684976,0.9088035688063097,0.9087961875754069,0.908791277354769,0.9087925403723104,0.9087880871623735,0.9087870692752722,0.9087855479330528,0.908782332837302,0.9087871396104694,0.9088059017794415,0.9088474421071955
22,0.897920952081785,0.8993730859755319,0.9107527798479205,0.9121297490455278,0.9087615871503758,0.9061187396923127,0.8838852548300525,0.8837276463322875,0.8848783488876658,0.8863458904540185,0.8864128530901864,0.8869122162288713,0.887522864382203,0.8896024958553327,0.9074807450281154,0.9077464971903934,0.9077102664359205,0.9089794995639702,0.9100373070918801,0.9106795478251382,0.9106349157093698,0.9107891142941652,0.9106264335611735,0.9100791476549563,0.9100088453017827,0.9100068084122505,0.9098550479567401,0.9100765334390548,0.910217783998881,0.9102704227038779,0.9102385817611062,0.9108782945873843,0.9108447851633962,0.9110353543285115,0.9108396963792189,0.9112463737062211,0.911223229654019,0.9111874143480375,0.9112145999932686,0.9113094904095915,0.9112969531235937,0.9113144280731991,0.9114082792859252,0.9115387924595433,0.9115800843392464,0.9116584734324417,0.9117144882911672,0.9116789780079746,0.9116447695583587,0.9101707960458781,0.9101387389359447,0.910279585816112,0.9102594391971323,0.9102594399252958,0.9102429948278934,0.9102147845636771,0.9102195071306278,0.9102738827402872,0.9103088309916829,0.9103250340244525,0.9107117112199016,0.9107256580565476,0.910735227498546,0.9107239226044159,0.9107047484277753,0.9107571885355243,0.9108587986715614,0.9108326590056003,0.9109149082889334,0.9098927567969767,0.9099496158333374,0.9100796569137594,0.9100911281331654,0.9100991663160141,0.9101392543687349,0.910130691016874,0.910110213926994,0.9100909568623973,0.910096012934562,0.9100833481278631,0.9100870966398479,0.9100809311262599,0.9100682720786445,0.9100880508101451,0.9101641230678553,0.9103408051084018
23,0.8995443433666767,0.9011564962006471,0.9148885220968557,0.9159951541991288,0.9126876333596545,0.9104265261349321,0.8843670834733383,0.8842255698548178,0.8826533196759185,0.8832223791047531,0.8831452665393696,0.883339334981831,0.8836400105765168,0.8847115878688393,0.9009131937667786,0.900961112536058,0.9009446102851911,0.9012614868150692,0.9015114394174685,0.9017465850324825,0.9017190320970402,0.9017622510081765,0.9016859485799262,0.901534837640601,0.9014947807996625,0.901488935180891,0.9013766575368541,0.9014298019117585,0.9014604395666717,0.9014153996665022,0.9014009750428013,0.9018168678318982,0.9017986965357351,0.9018605213816113,0.9017261369262026,0.9020700755678631,0.9020545225339639,0.9020308190299858,0.9020370255153771,0.9020765536286118,0.902064580367188,0.9020691697575131,0.9021121393959033,0.9021957737797334,0.9022127443458955,0.9022564673820149,0.9022750524244084,0.9022520718909756,0.9022329210850867,0.9020835009814531,0.9020607136935759,0.9021528324092756,0.9021387320528484,0.9021353097606022,0.9021204882800217,0.9021003822641402,0.9020974552152928,0.9021317449409751,0.902153359448396,0.902164536221519,0.9024829769634367,0.9024321339310912,0.9024344062941301,0.9024257377721551,0.9024122461256003,0.9024566956960504,0.9025297723887282,0.9025095898932833,0.9025686927213412,0.8990313759520451,0.8990313773556521,0.8990313830523874,0.8990313847899131,0.8990313849649499,0.8990313874896528,0.8990313877098605,0.899031388846962,0.8990313899430691,0.8990313915123059,0.8990313925331094,0.8990313935588776,0.8990313949718484,0.8990313961649806,0.8990313975550767,0.8990313999719506,0.8990314033635293
24,0.9317942039217422,0.9315087801257537,0.852824350251569,0.8514490812213001,0.8526188457428279,0.8528712634573884,0.8538536103395167,0.853828148768792,0.8258430576760769,0.8243968999396235,0.824263681683248,0.8239149343847522,0.8235547279768934,0.8242910483849689,0.8238695628703652,0.8237050273742236,0.8237617485271387,0.8229990833426587,0.8229476201575292,0.8226451365254709,0.8229894429685358,0.8228963075224565,0.8212012881883232,0.8210991357556581,0.8211047137141553,0.8211125567721871,0.8210791611321349,0.8209650201147554,0.820904423774235,0.8209437493303829,0.8209653000941766,0.8209427363468469,0.8210103252325045,0.8209035503744256,0.8207628767380927,0.8206613224611415,0.8206757976386496,0.8206911715395326,0.8206828413582176,0.8206467861480495,0.82065251008995,0.8206384527003479,0.8206053031768636,0.8205554464794181,0.8205424476390062,0.8205161159544982,0.8213912407358062,0.821408582405457,0.8214298621737967,0.8214529366508285,0.8214766385389461,0.821381574005505,0.8213997227099111,0.8214412502622596,0.8214518686197515,0.8214670523278592,0.8214631302988404,0.8214291144025571,0.8214067071853811,0.8213990301038696,0.8211772859744072,0.8211948302491132,0.8211896891538885,0.8211954151688811,0.8213196211616182,0.8138740424005841,0.8138740443263086,0.8138740477608867,0.8138740427430162,0.8138740460393222,0.81387404619671,0.8138740478695894,0.8138740510881973,0.81387405123165,0.8138740542265734,0.8138740510183623,0.8138740540953998,0.8138740572081381,0.813874060435977,0.8138740635307498,0.8138740657000296,0.8138740687983074,0.8138740718177512,0.8138740841562228,0.8138740854496869,0.8138740814621696
25,0.9340888759457476,0.933569513225169,0.8548640909048629,0.8538206039665748,0.8547231114340775,0.854736452544999,0.8556661005705715,0.8555734300865941,0.8328939511501002,0.8321234400413066,0.8321256786732432,0.8320688119765942,0.8320725184587474,0.8349102634003744,0.8344221483713135,0.8343371296452013,0.834386421889301,0.8341122545781435,0.8339711908270605,0.834074174366919,0.835008534048229,0.8350291416937807,0.8311732220411218,0.830662405369199,0.8306762223937447,0.8306942080846746,0.8306426870841436,0.8305652394644548,0.8305307286132033,0.8305535118808466,0.8305759288040778,0.830573585078829,0.8306473504507333,0.8305860872103195,0.8304919131193574,0.8304648841098632,0.8304618228509902,0.8304718308547637,0.8304589016869073,0.830458264076751,0.8304650647779879,0.8304637402046714,0.8304659121794872,0.8304744803185624,0.8304860319951641,0.8305044771349303,0.8324783147335785,0.8324844032754053,0.8324904621850473,0.832493731778364,0.8324984371997729,0.8324786168133563,0.8324780777184588,0.8325389431424306,0.8325429282465188,0.8325427323286879,0.832545646749274,0.8325402126639936,0.8325389514201261,0.8325349797297635,0.8325523428089093,0.8325480409402136,0.8325521058789208,0.8325506879514399,0.8323188506506461,0.8289717843321918,0.8290109672514153,0.8290018056973573,0.8290188718855984,0.8290059924639172,0.8290333284469033,0.8290721807223003,0.8290792969277159,0.8290718796223903,0.8290929353795103,0.8289497802194772,0.8289433035997148,0.828935198624984,0.8289397647337141,0.8289362761556401,0.8289367690230529,0.8289342302522243,0.8289292425672985,0.8297738593934955,0.829834110310322,0.8299963651252275
26,0.9279389054913335,0.9273083634498749,0.8616530853301717,0.8608758768897009,0.861392231260167,0.8610052559853458,0.8617058214687201,0.8615426650966119,0.8380503291147593,0.8386551779867861,0.8388481384095613,0.8393090182040265,0.8399321508885914,0.8462066435150539,0.8456764013338678,0.845725798208066,0.8457461901866553,0.8462717147184836,0.8459589907275754,0.8466145763003011,0.8479668636305157,0.8481445826983056,0.840179656007134,0.8394867327450188,0.8394935116399238,0.8395127443694494,0.8394629242460836,0.8394364413844531,0.8394345498283605,0.8394229954352311,0.8394386453877353,0.8394521108718052,0.8395211200473377,0.8395124659070716,0.8394704261738792,0.8394974734471465,0.8394893792514875,0.8394919587223738,0.8394862335744823,0.8395095273539243,0.8395144733441485,0.8395145190165495,0.8395396439502965,0.8395792529681766,0.8396011352433882,0.839638066557932,0.8438983776062227,0.8438983758540344,0.8438983742833317,0.8438983724393053,0.8438983710475142,0.8438983709398888,0.8438983697724217,0.843898363039414,0.8438983612282631,0.8438983597388212,0.843898358085027,0.8438983569763342,0.8438983555025422,0.8438983542215295,0.843898358694405,0.8438983566707957,0.8438983552547804,0.8438983534402046,0.8438983535248192,0.8438983019338808,0.8438983028842255,0.843898300040583,0.8438983047492149,0.8438983018973916,0.8438983033690144,0.843898304346677,0.8438983026660657,0.8438983024679425,0.8438983017362517,0.8438983712930215,0.8438983699215638,0.8438983684898357,0.8438983674623795,0.8438983661599829,0.8438983642156421,0.8438983629164324,0.8438983615776169,0.843898390843658,0.8438983922077449,0.8438983976913011
27,0.9318828680532074,0.9310412784866311,0.8678038507247867,0.8676611391562594,0.8673460861411927,0.8663217201934047,0.8663729304476184,0.8661041808941891,0.8494693213805419,0.8517746060236427,0.8521489122767265,0.8531638927078685,0.8544154073644177,0.8642541153141615,0.8637675515810143,0.8639023642822091,0.8639007476882375,0.8648624551271346,0.864453103246796,0.865341702861172,0.8669386161196923,0.8671620862502716,0.8593211240164355,0.8585356840713328,0.8585255314294277,0.8585394292870024,0.8585057341737097,0.8585241141890063,0.8585458569115724,0.8585024101448367,0.8585080464614392,0.8585285360053074,0.8585755874404893,0.8586051869502056,0.8586061040041018,0.8586588810273383,0.8586507623830073,0.8586471412683798,0.8586435992965002,0.8586750214011298,0.8586773184166215,0.8586706685160391,0.8587025995379562,0.8587489120544508,0.8587705021919154,0.8588071130039157,0.8612212724023653,0.8612249613246711,0.8612280196232518,0.8612370388992097,0.8612390760636944,0.8612302654901253,0.8612481927585287,0.8608221194612202,0.8608258149169149,0.8608633508200811,0.8608620232608862,0.8608466181498363,0.860837217407143,0.8608318258852947,0.8607117124789743,0.8607238959462203,0.8607228583798329,0.8607265584800533,0.8609782926679334,0.8611229209831286,0.8610956627332352,0.861103223610615,0.861077993962966,0.8610905424243545,0.8610741012392059,0.8610429477684122,0.861041109740246,0.8610363741846235,0.8610235788197266,0.8648991401978006,0.8649035650708108,0.8649091385417106,0.864909194959706,0.8649116833554455,0.8648788631241967,0.8648805731160928,0.8648840942087248,0.8648996959953381,0.8648750677967052,0.8648102712110636
28,0.9339305348047184,0.9329252397140865,0.8781824840751955,0.8786548316160577,0.8774722196503887,0.8756531391234912,0.8747963658194876,0.8744201576783333,0.8636568832053987,0.867902696888413,0.868463302324778,0.870060733696586,0.8719432764677463,0.8867284980078293,0.8863718479270387,0.8865117800901102,0.8865013107201858,0.8873790294805072,0.8870110302865092,0.8877080265800614,0.8887931632604926,0.8889617342234456,0.883694460088774,0.8830468579743871,0.8830163735163267,0.8830219501286545,0.8830112184939669,0.8830724668098576,0.8831152808278538,0.8830470110816377,0.8830410044928491,0.883064721473018,0.8830614980432919,0.883125357459752,0.8831748694389788,0.8832553203878172,0.8832469467173384,0.8832351642354362,0.883233715652686,0.8832734215574093,0.8832715514421223,0.8832575111318306,0.883297688340262,0.8833559551580142,0.8833780112204223,0.8834182203002756,0.8843629836440745,0.884359343608915,0.8843539377672313,0.8843598393501825,0.8843538895606085,0.8843808528454538,0.8844064573168321,0.8835555200073842,0.8835577458776678,0.883629370120387,0.8836276961911959,0.8836075613342725,0.8835950990045078,0.8835885066831987,0.8834372112700402,0.8834530668805542,0.8834513866962938,0.8834559676029589,0.8836937765012121,0.8837729072864776,0.8837336162952532,0.8837442132043749,0.8837100043801487,0.883727087189401,0.8837033814413887,0.8836609033104977,0.883657846350466,0.8836499564715713,0.8836321778172457,0.8894628643841915,0.8894678679729164,0.8894740468407877,0.8894735047944885,0.8894762543147587,0.889415460961846,0.889417407251974,0.8894214010729147,0.8894008962796729,0.8893768338705934,0.8893132989716326
29,0.9197383117512655,0.9188366029086378,0.8787952225157707,0.8789778261472486,0.8782633600791564,0.8766754061501445,0.8757176247820159,0.8754610010650717,0.86229863832093,0.8670754923573613,0.8676602056695888,0.8693172787217945,0.8712147087290028,0.8849432605375792,0.8848713357459573,0.885067473289599,0.8850352277728986,0.8860620226060837,0.8860939121779675,0.886632108435877,0.8870026016746185,0.8871460874258568,0.8823235308496697,0.881636155103032,0.881592724872787,0.8815880478058882,0.8816075247920245,0.8817846154018627,0.8818947934155444,0.8817897183152114,0.8817603906133586,0.8818075244765479,0.8818057990177137,0.8819848884960448,0.882166000322589,0.8823632899605597,0.8823412128062244,0.8823101394521412,0.8823307425789774,0.8824166939515332,0.8824062577898505,0.8824068327162223,0.8824933765281232,0.88261832433561,0.8826583913499352,0.8827357507006544,0.8831761229875676,0.8831541548026429,0.8831274861100897,0.8830924903854642,0.8830653327198604,0.8831842705813717,0.8831803952973379,0.8829740657350172,0.8829633158723947,0.8830546562816157,0.8830708916721101,0.8830762449266776,0.8830799618697979,0.8830812206099166,0.8831122103178582,0.8831116101442061,0.8831135995058808,0.8831129045136918,0.8831731163164378,0.8831999342934778,0.8832072492740459,0.8832058176229677,0.8832102681837114,0.8832099628560643,0.8832148378969652,0.8832173670557953,0.8832191149455801,0.8832171237925561,0.883219741777963,0.8845884085683297,0.8845902625047254,0.8845923735732594,0.884593259077507,0.8845942030608345,0.8844706633388616,0.8844714008433633,0.884472917903995,0.8844668611998863,0.8844578350449331,0.8844308386289478
30,0.9130832737193316,0.9122456749270113,0.8840384106734787,0.8844605650990673,0.8834734069711813,0.8816210626394424,0.8795399041039348,0.8793171656029214,0.8709893502299274,0.8764230731570801,0.877031201457565,0.8787700993453176,0.8807025539365946,0.8927078856103099,0.8936096424385593,0.8938394641744508,0.8938171157956352,0.8948192423184297,0.8962277457376414,0.8965431564057641,0.8965390191520703,0.8966158677605012,0.8949868244678589,0.8943754591228434,0.8943306745342668,0.8943229034450239,0.8943368147392797,0.8945541918400075,0.894685661871526,0.894729290170576,0.8946954226225173,0.8947524673237829,0.8947456129819968,0.8949508902644351,0.8951231588466845,0.8953270211815889,0.895307913784559,0.8952774325531752,0.8953019454168046,0.8953878367552625,0.8953785331504747,0.8954598696459779,0.8955458237861207,0.8956619059649875,0.8956999402734958,0.8957702282927477,0.8958765271527125,0.895851935382076,0.8958243944507082,0.8956850606222083,0.8956543202134031,0.8957902947532238,0.8957823091018079,0.8958653215611614,0.8958515634954389,0.8958760608792843,0.8959700229484155,0.8959873896286439,0.8959988303479186,0.8960038044164121,0.896124236562606,0.8961113607052287,0.8961153577310653,0.8961116202772543,0.896107153646862,0.8961199453170758,0.8961525843423269,0.8961446000163081,0.8961698855173044,0.8961605618307975,0.8961813265720844,0.8962079573185078,0.8962125653279527,0.8962148456016236,0.8962291745481532,0.8961942666664703,0.8961896717764172,0.8961843830811531,0.8961867077748531,0.8961843974362952,0.8961566965169202,0.8961548118418065,0.896150982689552,0.8961582244013652,0.8961820654113549,0.8962409634902292
31,0.9139105691695174,0.9131145704619553,0.8904306112425551,0.8912023092199599,0.8896985894831334,0.8873700418016596,0.8839940071215794,0.8837619777145623,0.879484675040032,0.8851118016676426,0.8857189584067519,0.8874681260346112,0.8893849469697247,0.9002425929438578,0.9026130362903784,0.9028634698787633,0.9028587918581695,0.9038730324251159,0.9070595165879638,0.9073576465660392,0.9072699807817605,0.9073363527640519,0.9071535235622227,0.9066330259379277,0.906579785199723,0.9065735499391571,0.9065594745889219,0.9067606718934115,0.9068814704753126,0.9072109418336217,0.9071834723375933,0.907249625773084,0.9072433409104254,0.9074198355112872,0.9075168215396132,0.9076848099151689,0.9076733396600395,0.9076510153854906,0.9076705318831545,0.9077382230821548,0.9077331539736537,0.9078801311737656,0.9079490388652041,0.9080348278434108,0.9080653359608212,0.9081180642664768,0.9081520612436652,0.9081294650619313,0.9081082952567123,0.907734386166905,0.9077064037044991,0.9078320996529307,0.9078294574038968,0.9079114711727421,0.9078996367280576,0.9078922940491041,0.9080916512057536,0.9080916523994688,0.9080916531677223,0.908091653490972,0.9080916614826336,0.9080916581714924,0.9080916584886873,0.9080916581930936,0.9080916577844846,0.9080916584676223,0.9080916607050313,0.908091660218836,0.9080916618122549,0.908091661720911,0.908091663113271,0.9080916646334889,0.9080916650604244,0.9080916652889497,0.9080916663227654,0.9080916596654117,0.9080916590420606,0.9080916585947024,0.9080916588270503,0.9080916586406624,0.9080916670000301,0.9080916669230803,0.9080916666354976,0.9080916675161027,0.9080916699737709,0.9080916752761151
32,0.9119966466854581,0.911448135040262,0.8974670337540356,0.898632872821267,0.8964892532025092,0.8936927037627748,0.8880352180824159,0.8878246162603938,0.8874146252260986,0.8924652417985982,0.8929883920013563,0.894509902722406,0.8961550276406874,0.9043459681237799,0.9095650269069296,0.909872488635065,0.9098693817398273,0.9111653533751656,0.9163962829730058,0.9169873265450332,0.9168752873562761,0.9170053973229212,0.9171676831696832,0.9165676981389361,0.916453877744399,0.9164450440883233,0.9163931434442991,0.9166314136376171,0.9167742653564634,0.9174885860420924,0.917457618331548,0.9176106205483774,0.9175924958587435,0.9177831070758349,0.917833376535834,0.9180457614376223,0.9180315646313866,0.9180070280518914,0.918030107275955,0.9181056949365277,0.9180998447182391,0.9181850734622685,0.9182608890315462,0.9183551995026495,0.9183886984278402,0.9184465725721321,0.9184820691262174,0.9184519873950888,0.9184278361383091,0.9170502878755851,0.9170179132367191,0.9171632050294622,0.9171517142522316,0.9171967783446967,0.9171822300502922,0.9171568174680341,0.9172477856291201,0.9172837416484728,0.917307073005464,0.9173175943547911,0.9175611934353562,0.9174708235718811,0.9174778928854633,0.9174699354415423,0.917458339005591,0.9174863101224972,0.9175496354556577,0.9175338106725985,0.9175838948429897,0.9175861679380882,0.9176258033339552,0.9176756250568922,0.917683850256288,0.9176896952939404,0.9177174526900266,0.9176959187197333,0.9176767979577855,0.9176631409859144,0.9176670606807359,0.9176610175905442,0.9176893473401452,0.9176848973646162,0.9176757946562203,0.9176910950751427,0.9177461618122356,0.9178778076077655
33,0.9014607883909318,0.9015379543176884,0.8983393558579245,0.8996960525728098,0.8971407776774499,0.8944248258818137,0.8854183482876183,0.885259408875011,0.887305540241423,0.8908429253229752,0.891193972083759,0.8922793206656637,0.8934725823845918,0.8988257886801544,0.9077963906995616,0.9081285167626327,0.90810642215499,0.9096067698988549,0.9141123318659556,0.9150098620854085,0.9148859596472972,0.9150862838722209,0.9151207612662375,0.9143628973874592,0.9142157544682489,0.9142031552701347,0.9141011643504217,0.914400076430365,0.9145807793023638,0.9156615832921342,0.9156256221065556,0.9159290301956762,0.9159006417323144,0.9161150943445447,0.9161044844006365,0.9164056007244767,0.9163855382743427,0.9163541662325041,0.916383501050672,0.9164772723232331,0.9164684988726883,0.9164771005348902,0.9165684367796831,0.9166876193981468,0.9167282301289961,0.9168002563527565,0.9168536025875971,0.9168147470685672,0.9167840589650249,0.9134543465395829,0.9134275361264973,0.9135476038366852,0.9135334239551894,0.9135531892741792,0.9135406158774457,0.9135173917990679,0.9135527399588419,0.9135919217291191,0.9136173498479114,0.9136288714904691,0.9138991474808263,0.9138465926601435,0.9138541193601528,0.9138460098525,0.9138326104177331,0.9138653860305053,0.9139360960157162,0.9139182747282487,0.9139746918163927,0.9139960217899851,0.9140404308049593,0.9141013591266708,0.914110268153873,0.9141166570152377,0.9141482016195489,0.9141396422820102,0.9141197763563084,0.9141045113002851,0.9141084250455104,0.9141014162231644,0.9140972595598965,0.9140923576608909,0.9140823118892684,0.9140983680886128,0.9141592432317835,0.9143071005157746
34,0.905895819358627,0.9063137966471128,0.9071735661421495,0.9088248094648621,0.9056378769202877,0.9023863670604124,0.8899528561550474,0.88979169689268,0.8926471160948171,0.8957262288463618,0.8960302054393048,0.8970007697129248,0.8980723606026233,0.9024517135878807,0.9138059335389491,0.9142014300590712,0.9141674918027698,0.9160204956558355,0.9200681973616693,0.9211094373425874,0.9210113073962687,0.9212413210421834,0.9211127861950359,0.9202936893061643,0.9201437884819883,0.9201359451374682,0.9199477887902554,0.9202770856676434,0.9204828345708644,0.9210940303912745,0.9210511133599966,0.9217105765122562,0.9216729974258129,0.921918128445427,0.9217912073917527,0.9222403851044559,0.9222137098547448,0.9221714077955425,0.922207084800651,0.9223252903897239,0.9223120915364829,0.9223075021352284,0.922423466172027,0.922582946413737,0.9226347548208135,0.9227293614726421,0.9228000801495608,0.9227444088157231,0.9227033264933678,0.9151152312246972,0.9151152323890642,0.9151152386128899,0.9151152402394555,0.9151152436929278,0.9151152464065545,0.9151152486391027,0.9151152524088378,0.9151152566618418,0.9151152609928158,0.9151152637498493,0.9151152754925921,0.9151152936137309,0.9151152976108647,0.9151153007048136,0.915115299830168,0.9151153039857782,0.9151153098808356,0.9151153123999607,0.91511531018984,0.9151153113551674,0.9151153140427805,0.9151153219374425,0.9151153258149376,0.9151153261225351,0.9151153309157597,0.9151153326675412,0.9151153341624122,0.9151153367129954,0.9151153404207278,0.9151153430942717,0.915115345052177,0.9151153481015473,0.9151153507749884,0.9151153541256358,0.9151153581153532,0.9151153595061906
35,0.9010986937417829,0.9021627336220102,0.9094151765554667,0.9110449961573429,0.9076197503933137,0.9045403094599732,0.8870490021084362,0.8868975505189884,0.8896505762283757,0.8918334839938242,0.8920247388272671,0.89275402354806,0.8935880087148743,0.8966663847923143,0.9112966390016198,0.911673581898568,0.9116295480807202,0.9134321194605333,0.915812482442038,0.9167760448916709,0.91669952011198,0.9169230267654435,0.9167266446789126,0.9159403176841576,0.915820348238192,0.9158157448583005,0.9156200248543247,0.9159373397271818,0.91613870163264,0.9164539180222179,0.9164110163125163,0.9172271867040456,0.9171860961852046,0.9174344005431153,0.9172452246837131,0.9177411840111095,0.9177127378298127,0.9176681437500447,0.917704213572484,0.9178265223548624,0.9178118250963551,0.9178232912519225,0.9179439136437813,0.9181099932270662,0.9181638225405999,0.9182636983870897,0.9183373663135057,0.9182847362539323,0.9182411877443392,0.9143160257051262,0.9142895094359238,0.9144072395397184,0.9143905069862877,0.9143910577502499,0.9143776873631724,0.9143541657208741,0.9143577337937964,0.9144037123361075,0.9144334233885396,0.9144470797649126,0.9147765596874126,0.9148702372609776,0.9148793367748975,0.9148692343399373,0.9148520998099321,0.9148987407655634,0.9149905652459638,0.9149670256975898,0.9150417190561219,0.9147322428030369,0.9147914639768149,0.9149398591707733,0.9149513616422678,0.9149597096862352,0.9150013224232006,0.9149909069249261,0.9149647727394593,0.9149448463514955,0.9149496542744981,0.9149360891538135,0.9149385741851319,0.9149322220827762,0.9149191711326741,0.9149389337446204,0.91501789849294,0.915206940672758
36,0.9054519347043216,0.9067939409064447,0.916420392749634,0.9181343030346226,0.9144180223890099,0.9111608062983773,0.8896805962181372,0.8895534727877428,0.8919859209067972,0.8937239617455086,0.8938776577871743,0.8944663216175417,0.8951332528318663,0.8974119135762382,0.9102343950060691,0.9105525652003208,0.910518602053081,0.9120348894680672,0.9134827736329064,0.9142015645535722,0.9141590604755425,0.9143288937260531,0.9141606947760984,0.9135725136627212,0.9134714989146218,0.9134754017444842,0.91323573915532,0.9134775724250528,0.9136371052334531,0.9136474159634309,0.913613559503979,0.9147749688512732,0.9147381766131104,0.9149436912392929,0.9146701831561117,0.9151559563198858,0.9151302057709721,0.9150903286230015,0.9151194613166302,0.9152229681480905,0.9152086335290146,0.9152284881789483,0.9153315783686025,0.9154769258406179,0.9155223645192172,0.9156096845450542,0.9156707714091917,0.9156300352722073,0.9155917278449216,0.91428095128838,0.9142413143835475,0.9144146701310399,0.9143898368351664,0.9143897170158316,0.9143690757438547,0.9143341959109257,0.9143395227024784,0.9144063251942551,0.914449211206168,0.9144692248830113,0.9149548198866697,0.9149919006948476,0.9150032266281741,0.9149892313146218,0.9149657371543796,0.9150312322630147,0.9151561086563109,0.9151238224848468,0.9152250150302627,0.9138956802049032,0.9139547276032658,0.9140825935170246,0.9140946538621613,0.914103141951881,0.9141451294745394,0.9141359952609263,0.9141127270530832,0.9140924915475032,0.9140978126584315,0.9140818370875318,0.9140857501452587,0.9140792744073291,0.9140659414154423,0.9140867274189567,0.9141663176084299,0.9143472435314668
37,0.9038231773410185,0.9055177951682999,0.9185480902288725,0.9200729815518081,0.9163554377595564,0.9134862954633735,0.8864823825748263,0.8863660896808717,0.8874852586154611,0.88863742108927,0.8887002843650829,0.8890888830085435,0.8895515161570143,0.8909935705445771,0.9027590337880416,0.9029345641788046,0.9029115428287704,0.9037678924956417,0.9043691430056087,0.9047844807527996,0.9047564138592836,0.9048527002221338,0.9047374988706917,0.9044016966053383,0.9043386376582015,0.9043402204772292,0.904137743670397,0.9042729315284553,0.9043618823085233,0.9043013858822677,0.9042790470803517,0.9050805972041512,0.9050533895554668,0.9051853903507093,0.90491343548785,0.9052237233075586,0.9052036544029378,0.9051730342463907,0.90519003472377,0.9052590661221513,0.9052462860528068,0.9052609004982026,0.9053314027241638,0.9054422086714085,0.9054726104052839,0.9055360869272068,0.9055745334709102,0.9055453917302766,0.9055170924032828,0.9052620411105267,0.9052292576838851,0.9053687054402008,0.9053482455675274,0.9053464205150273,0.9053280065068774,0.9052991876432567,0.9053010906125871,0.9053541431643729,0.9053879830793626,0.9054043068731896,0.90583814445562,0.9057747453605569,0.9057816462413681,0.9057701490021964,0.9057514166578038,0.9058073610359593,0.9059065095736033,0.9058799208356584,0.9059611128153725,0.9036389611193402,0.9036691138883268,0.9034825833909129,0.9034893770624299,0.9034944878173045,0.9035198980706446,0.9035124575765796,0.903502337728377,0.903490060344748,0.9034926941218948,0.9034842773900371,0.9034862555349753,0.9034823482139762,0.9034742639070482,0.903486033123906,0.9035343306174973,0.9036533580902654
38,0.9051905951130946,0.9070453226235445,0.921664887634132,0.9230883969736425,0.9193495738428238,0.9166924318548877,0.8863728661556274,0.886286002651445,0.8862221337592424,0.8868090484457655,0.8868059774531468,0.8870039888515,0.8872615287484173,0.8880567665817798,0.8963557920402213,0.8964248115304683,0.8964077268810369,0.8968083311161814,0.897036314210277,0.8972721774252673,0.8972473824125662,0.8972961339687637,0.8972142549168803,0.897042886762879,0.8970014407279268,0.896998145353368,0.8968577548445027,0.8969216007742784,0.8969611747328972,0.8969111881520576,0.8968961118289427,0.8973749039223237,0.8973561428188207,0.8974265020678178,0.8972333619620639,0.8974253636222639,0.8974112299187419,0.8973897678792391,0.8973963350513017,0.8974340733289389,0.8974235121615837,0.8974296928162007,0.8974701931487952,0.8975479232942992,0.8975644397315866,0.8976047210814394,0.8976233107678878,0.8976018828314896,0.8975838605647087,0.8976186217246892,0.8975968615076277,0.8976856367206624,0.8976722098993124,0.8976694452007196,0.897655846376221,0.8976367136420379,0.8976350991922128,0.8976683030311525,0.897689290368279,0.8976999430584153,0.898026356314965,0.8979587897769395,0.8979614926421425,0.8979534740284405,0.8979408951617773,0.8979816419900003,0.8980484758716839,0.8980298233364498,0.898084970858154,0.8964285359435983,0.8964535020253369,0.8960880780119712,0.8960917896151311,0.8960958623318462,0.8961169188956455,0.8961051847190058,0.8960971953286343,0.8960870745453697,0.8960870337183696,0.8960808856025154,0.8960803219517416,0.8960771429451709,0.8960705655960436,0.896077231171153,0.8961177550180213,0.8962443904683551
39,0.9569508424784456,0.9564020795750396,0.8410459561295582,0.8410459396702233,0.8410459461910198,0.841045920384679,0.8410459433185511,0.8410459737178834,0.8410458327480554,0.8410458228266738,0.841045832823385,0.8410458401221578,0.8410458475098198,0.8410458733465035,0.8410458721100811,0.8410458804978417,0.8410458930721854,0.8410458841249306,0.8410458920315571,0.8410458935408295,0.8410459218551262,0.8410459282011813,0.8410459282749901,0.8410460097170764,0.8410460214748363,0.8410460339265501,0.8410460020425188,0.8410460049354669,0.8410460155764734,0.8410460260163506,0.8410460361311969,0.8410460470925815,0.8410460593486496,0.8410460657675509,0.8410460615325128,0.8410460689931596,0.841046076081208,0.8410460860850566,0.8410460953622491,0.8410461047490915,0.8410461144960591,0.8410461247231112,0.8410461332849105,0.8410461319071141,0.8410461420865868,0.8410461474502432,0.8410461749486471,0.8410461844143965,0.8410461921834257,0.841046200252841,0.8410462069020003,0.8410462143853249,0.8410462224239951,0.8410462347323076,0.8410462444552251,0.8410462539209931,0.8410462640889028,0.8410462727754565,0.841046283132117,0.8410462907828644,0.8410462945436157,0.8410463033564449,0.8410463134130792,0.8410463229415197,0.8410462857498888,0.8410461545734951,0.8410461609676627,0.8410461675835363,0.8410461597829857,0.8410461657986997,0.8410461675069943,0.8410461734510759,0.8410461804925092,0.8410461820455283,0.8410461894442944,0.8410461898099679,0.8410461961203349,0.8410462023925501,0.841046209325377,0.841046215810234,0.8410462203877931,0.8410462269296316,0.8410462331116707,0.8410463818544297,0.8410463833842688,0.8410463676382431
40,0.953489185284668,0.9528178938427728,0.8506901484890392,0.8508814168480731,0.8504004273645173,0.8498643072360184,0.8496106457180216,0.849441529085326,0.8465480791478951,0.8472785493091092,0.8473993887349932,0.8477224481076061,0.8481315269842685,0.8509009709892236,0.8507447738301052,0.8508196508009825,0.850818120166882,0.8512846870443315,0.8511529608457773,0.8515803429996524,0.8527406973380013,0.8528101724992911,0.8512731646475165,0.8512792978121548,0.8512763944636533,0.8512780874422181,0.8512807720392327,0.8513662847128854,0.8514212628531116,0.8513686219668732,0.8513552367968737,0.8513842391574474,0.8513997032476233,0.851499793414241,0.8516225740943546,0.851773187927461,0.8517465828946892,0.8517248814202533,0.8517156556273329,0.85178245374423,0.8517758489265844,0.8517943764023647,0.8518643701887662,0.8519780333110503,0.8520176858609992,0.852096094751726,0.8531720929588318,0.8531465855046468,0.8531157256800441,0.8530726983673913,0.8530398479034488,0.8531763218921863,0.8531587516378498,0.8532260079018802,0.8532105654407242,0.8531809702454329,0.853188138930928,0.8532408615536886,0.8532773480496196,0.8532889916975142,0.8537222938410245,0.8536823072965254,0.8536950829654468,0.8536819051089853,0.8525435742213049,0.8509606240377614,0.8510314393281609,0.8510139934193582,0.8510537047453389,0.8510285792762665,0.8510756910629594,0.8511469726612004,0.8511572828155569,0.8511508328398135,0.851186844262865,0.8511119136101566,0.8511003661875809,0.8510858371508592,0.8510910166740479,0.8510846733402271,0.8510823554850717,0.8510777699516044,0.8510685789136767,0.853886509427727,0.8539698593320741,0.8541818998467107
41,0.9470910451364667,0.9463425130151547,0.8565649301226262,0.8566019822920352,0.8561940326129972,0.8555069420427005,0.8554737758536216,0.8552308032612308,0.8468733289792731,0.8478293596126366,0.8480139839277158,0.8485003023288964,0.849128150305169,0.8540154281625304,0.8537039762036531,0.8537925369009082,0.8537973514377625,0.8544258410355284,0.8541977597541183,0.85483521948889,0.8565671733166393,0.8566863217929981,0.8533804379668277,0.8528313472964129,0.8528311021030749,0.8528387452638996,0.8528248562713061,0.8528885517417557,0.852935033184426,0.8528867843025452,0.8528805878998088,0.8529094764720578,0.8529626915196428,0.8530444412549446,0.8531334118832359,0.853267759328959,0.8532432462856829,0.8532261092542097,0.8532196468930049,0.8532830430240428,0.853279245847897,0.8532942342003171,0.8533608270947297,0.853468086004961,0.853508211254501,0.8535852517444602,0.8556697373884986,0.8556477359379296,0.855620809927321,0.855583049471467,0.8555544123879448,0.8556740159437882,0.8556578962757941,0.8557015976456488,0.8556878957929327,0.8556613471702467,0.8556680482402285,0.855715765647078,0.8557487446477443,0.8557594365383784,0.8561467663591966,0.8561112989467008,0.8561229714050035,0.8561112692543064,0.8553058482124215,0.8539552032044468,0.8540295806154184,0.8540113657520119,0.8540553994358945,0.8540296400608912,0.8540778988690455,0.8541492472000567,0.8541595306316919,0.8541548579791769,0.8541902095331317,0.8542490302771449,0.8542397846151369,0.8542281226414222,0.8542328889043475,0.8542277918882366,0.8542204543802306,0.8542167292940789,0.854209259844305,0.8560596750871752,0.8561216575015697,0.8562773589828583
42,0.9474575422445507,0.9465402030925829,0.8701742827298723,0.8708379378275044,0.8694214955821795,0.8678199152802711,0.8669384443155218,0.8665217793143832,0.8607808259830965,0.8636328760020664,0.8640347130133001,0.8651667456682572,0.866542143828182,0.876264748933062,0.8759153161352954,0.8761058720449889,0.8760938946150046,0.8772659953137569,0.8768759684676445,0.8778793877152413,0.8803826592206034,0.8805678832704902,0.876123471992336,0.8752175108495178,0.8752041807170317,0.8752115604567999,0.875196922955629,0.8752561298353558,0.8752980367749978,0.8752433836576307,0.8752386465771832,0.8752644836019001,0.8752984849600942,0.8753655207693668,0.8754209788566739,0.8755098314828405,0.8754974663472012,0.8754863926446517,0.8754822867746388,0.8755254104850264,0.8755243257456025,0.8755279727854495,0.875571153329776,0.8756352941613859,0.87566049899016,0.8757058514128834,0.8777164757854596,0.8777098089408902,0.877700964270631,0.8776933717658076,0.8776833179762195,0.8777243217621002,0.8777378729137696,0.8772221970156666,0.877217670292827,0.8772240382515791,0.8772250463671158,0.8772385773531239,0.8772476968123736,0.8772505306023128,0.8773308396899174,0.8773259942137149,0.8773288300192887,0.877326965519363,0.8775549566535391,0.8775847725444124,0.877606074520512,0.8776011960127705,0.8776126277501004,0.8776070504921454,0.8776197565194088,0.8776345064162738,0.8776372763329986,0.8776361194324729,0.8776436356718711,0.8807758329141091,0.8807773117370512,0.8807790985522528,0.8807795395974015,0.8807803319343555,0.8807298201007101,0.8807302390917211,0.8807310988550396,0.8809876944879894,0.8809720021400835,0.880926563638302
43,0.9422330166139679,0.9412203518705607,0.8780044968616254,0.8787452642632851,0.8771694052868976,0.8752121378336181,0.8741514228169472,0.8736985019028909,0.8663990123397085,0.870364984251303,0.8708942384862556,0.8724091409566196,0.8742128689341172,0.8879828156537938,0.8876109645277865,0.8877762554241272,0.887769030371837,0.8887911403183931,0.8883747564731225,0.8892289520012534,0.8909351063295582,0.8911132066608471,0.8863771186346308,0.8856291131501347,0.8856040975202497,0.8856117020618961,0.8855940272818544,0.8856340049273446,0.8856627683248569,0.8856072644406212,0.8856058023953248,0.8856249553585793,0.8856025503725928,0.8856423888024697,0.8856619056637012,0.8857140056059555,0.8857097988798998,0.8857026085763086,0.8856913531328592,0.8857188835322342,0.8857195128485256,0.8857146433409671,0.8857414693230856,0.8857797121894612,0.8857963363073785,0.885824781910672,0.8870585766701856,0.8870603118743838,0.8870612945401564,0.8870752535248015,0.8870752569310947,0.887075344474388,0.8871144535563684,0.8859374645440834,0.885941834013653,0.8859908963087332,0.8859879809502271,0.8859683477485318,0.8859562039459089,0.8859496095708015,0.8857978789769668,0.8858137929874838,0.8858121654939604,0.8858168426059834,0.8861518903477639,0.8862577764507708,0.8862190653275211,0.8862295997162725,0.8861950343757364,0.8862119598554905,0.8861885727616267,0.8861462733008021,0.8861433477956693,0.8861364937061578,0.8861187365381796,0.8957722665590404,0.8957722624189867,0.895772258302918,0.8957722536902322,0.8957722494253628,0.8957722362628694,0.8957722318396738,0.8957722276530224,0.8957722210518507,0.895772218623688,0.8957722234341143
44,0.9437770341708381,0.9427113285196195,0.8854451203736612,0.8864489102399427,0.8844790767145334,0.8821145733892347,0.8806092352364947,0.8801025673648422,0.8750719592745401,0.8798414841653165,0.8804449800690242,0.8821971734162488,0.8842532544471847,0.9009625027630946,0.9006864619097881,0.9008165158437633,0.900813519380631,0.9015749352592746,0.901243136915454,0.9018507621286722,0.9029966347102265,0.9031181986019181,0.9000972175004723,0.8995898483292124,0.8995659401085325,0.8995706209966474,0.8995590272472338,0.8995917792956918,0.8996132486236186,0.8995651984543162,0.8995630435548693,0.8995762656582482,0.8995198589396572,0.8995485611585782,0.8995622933570997,0.8995985017648379,0.8995976402737179,0.8995910815512311,0.899577029553024,0.8995959136288717,0.8995962402548343,0.8995975671352556,0.8996152314325954,0.8996403913007376,0.8996514603224767,0.8996703722272626,0.9003218391506271,0.9003224787104578,0.900322671191365,0.9003385455242733,0.9003381103429201,0.9003405160596571,0.9003794703455413,0.8990320132651521,0.899036985647793,0.8990846705721395,0.8990812837755751,0.8990596080769706,0.8990460483813115,0.8990390552112381,0.8988756728778787,0.8988922157928861,0.8988900085408853,0.8988948365102578,0.8991178185399668,0.8991654320672026,0.8991202304233777,0.8991323159660977,0.8990935207399233,0.8991123228636378,0.899084791598858,0.8990370701054382,0.8990331890183804,0.8990245852294448,0.8990038255746443,0.9037125099455611,0.9037246137611257,0.9037398905782772,0.9037382381779109,0.9037449972103525,0.903740549502855,0.9037455154391989,0.903755661265253,0.9037262139042568,0.9036649030856477,0.9035079995662766
45,0.9426123790949508,0.9415055833616999,0.8943893774414948,0.895559399605327,0.8933487537801084,0.8905703212961188,0.8885993011994004,0.888081066852865,0.8845217885027497,0.8901118869668975,0.8907835815344823,0.8927508493969413,0.8950126246836623,0.9164509609812737,0.9164509660620386,0.9164509675066723,0.9164509627159839,0.916450990165395,0.9164510152270433,0.9164510262883668,0.9164510388996582,0.9164510401295747,0.9164509915440033,0.9164509747734088,0.9164509724891217,0.9164509689041098,0.9164509775939469,0.9164509803184302,0.9164509797043594,0.9164509752321043,0.9164509718676875,0.9164509696036787,0.9164509641362844,0.9164509664630405,0.916450971058055,0.9164509738459634,0.9164509720537946,0.9164509686553032,0.9164509661295949,0.916450965892861,0.9164509632562196,0.9164509690221873,0.9164509691474755,0.9164509722725201,0.9164509710201189,0.9164509716976206,0.9164509798414406,0.9164509773991764,0.9164509753014047,0.9164509727315362,0.9164509708276601,0.9164509723859222,0.9164509730535187,0.9164509244104619,0.9164509215724497,0.9164509203141478,0.916450919455433,0.9164509175651595,0.9164509151237727,0.9164509133670333,0.9164509148514299,0.9164509114221482,0.9164509089700351,0.9164509063442535,0.9164509120186843,0.9164509113762158,0.9164509099908685,0.9164509076677757,0.9164509110830883,0.9164509090082685,0.9164509089356114,0.9164509076164085,0.9164509054891781,0.9164509058239697,0.9164509038884191,0.9164509631468423,0.9164509619397948,0.9164509609931343,0.9164509594998157,0.9164509583066588,0.9164510221947254,0.9164510215645243,0.9164510210131296,0.9164510201999235,0.9164510194108648,0.916451019176776
46,0.9338304646031744,0.9327699661784044,0.8998280523230684,0.9009835480233038,0.898826817198084,0.8957630361161052,0.8929550555386532,0.8925428885426255,0.8895880784270941,0.8956682058439284,0.8963533915116583,0.8983519626726223,0.9005788569655024,0.9157745444412155,0.9172847030097686,0.9174668910993661,0.9174922246913173,0.9181631121374974,0.9217345375028694,0.9217990608173275,0.9217161409825473,0.9217324059849483,0.9218478417804172,0.921599921404805,0.9216509714919816,0.9216501914511739,0.9216219871783086,0.9217142152821566,0.9217708457411427,0.9219065246194539,0.9218944444875576,0.9219111715851899,0.9219147113878537,0.9220026309929974,0.92203371488138,0.9221247486952034,0.9221250741694679,0.922112784181071,0.9221163921700365,0.9221487597412158,0.9221473003427187,0.9224675837565696,0.9225017021542826,0.922541212200299,0.9225569157598255,0.9225825346739438,0.9225743806185867,0.9225590594674019,0.922548652512668,0.9223673738457969,0.9223532037738311,0.922418203078461,0.9224367236007285,0.9224607448761043,0.9224551973154533,0.9224531337776435,0.9225671456658766,0.9225658165794081,0.922565064528835,0.9225644657114238,0.9225483708247018,0.9225042681812659,0.9225047076781765,0.9225023456447149,0.9225088183003503,0.9225032447087648,0.9225000431934157,0.9225010435460042,0.9224972131962318,0.9225018056959353,0.9225000236452854,0.9224933653611554,0.9224935280576717,0.9224962962991375,0.922494579508401,0.9223293461432253,0.922324447390003,0.9223245718628961,0.9223253602880673,0.9223254588103184,0.9228073393105901,0.9228066277864657,0.9228051429303569,0.9228088425645652,0.9228177142146728,0.9228374709130469
47,0.9367311777822626,0.9357071963500195,0.9077240895467759,0.9090658045006396,0.9066223365545436,0.9031860769526036,0.8998077493803948,0.8993901589736795,0.8984295456121726,0.9043719073497785,0.9050249960248032,0.9069292162297612,0.9090214199617969,0.9219157883695368,0.9243344980095034,0.9245650343955742,0.9246040885696745,0.9254455010691822,0.9314383062247382,0.9315006050834,0.9314272474431808,0.9314431810749083,0.9317557624745748,0.9315590166284285,0.9316381951655797,0.9316383081012549,0.9315966168535197,0.9316718882533022,0.931718333851468,0.9319078947652253,0.9318986850440482,0.9319129994197163,0.9319162959443917,0.9319883176826559,0.9319929656644171,0.9320768810210365,0.9320802420606308,0.9320702820425608,0.9320710686959444,0.9320964258712221,0.9320959099610135,0.9324934916069584,0.9325222970083773,0.9325541132995266,0.9325676653854135,0.9325891468083815,0.9325812045089564,0.9325647846963844,0.9325558252889032,0.9322427582285132,0.9322300671000203,0.932288941628829,0.9323049544176315,0.9323202892793824,0.9323152507391376,0.9323073234740652,0.9324032591285148,0.9324057374615626,0.9324074666742254,0.9324080539024585,0.9324221100276219,0.9323335028742943,0.9323348250024774,0.9323306631019447,0.9323349014059807,0.9323343334712492,0.9323398266862865,0.9323385412312515,0.9323420508834906,0.9323487614283611,0.9323528562957266,0.9323536246255083,0.932355046237326,0.9323578224871248,0.9323607350206075,0.9322634746948486,0.9322538684193153,0.9322515258506575,0.9322528083866742,0.9322517912461082,0.9325850974389273,0.9325842440040744,0.9325824683774679,0.932586619514897,0.9325972882607598,0.9326219210247092
48,0.9347058115317409,0.9337967275229025,0.9125064604612513,0.9139600721781304,0.9113356836859812,0.9076527662486386,0.903325255661676,0.9029608936784603,0.903214254862498,0.9087691200202942,0.909361074170314,0.9110780632728237,0.9129325037950728,0.9230245125683836,0.926811755922923,0.9271018673555159,0.9271318342799848,0.9282695475555474,0.9366556913224573,0.936883245694599,0.9368268270532399,0.9368737141870129,0.9370333635224285,0.9367880938385464,0.9367543921824149,0.9367520219117432,0.9367184391216956,0.9368169723939662,0.9368766909598393,0.9371044067607158,0.9370909833264932,0.9371568971408509,0.9371518667487374,0.9372365744517843,0.9372473702449664,0.9373491712055295,0.9373453838596648,0.9373340737609851,0.937341857967673,0.9373745664995381,0.9373724105332303,0.937531216584909,0.9375663258317269,0.9376086084519559,0.9376243319940404,0.9376511022134646,0.9376614916155848,0.9376424859501427,0.9376311539462823,0.9369069442025681,0.9368932093267422,0.9369554863496827,0.9369560353301652,0.936977200260535,0.9369712907710245,0.9369602362125821,0.9370104030015568,0.9370238197833263,0.9370325705273058,0.93703648461729,0.9371282857418447,0.9370326819496448,0.9370356547075401,0.9370310644140294,0.9370279592761691,0.9370380573642716,0.9370626922352261,0.9370565171717716,0.9370758910140966,0.9370812159855108,0.9370971518242927,0.9371159548826326,0.93711949285957,0.9371223967611864,0.9371337732741685,0.9371032223764577,0.9370897624203194,0.9370838361254492,0.9370857197579106,0.9370830731846607,0.9371586800080473,0.9371568488236992,0.93715309048683,0.9371597839097062,0.9371826292110048,0.9372379295776846
49,0.9227942030702903,0.9223547009939376,0.9123176368930471,0.9139389393550087,0.9109858788600244,0.9072691542866891,0.8997855598038347,0.8995473122405222,0.9012618550607853,0.9057580702249398,0.9062199796389658,0.9075648334601162,0.9090017073350354,0.9155571052351682,0.9225483086850632,0.9229222880230585,0.9229169944958575,0.9245874286660074,0.9313258369164841,0.9321461565598101,0.9320660208590323,0.9322357454840732,0.9321885402759954,0.9315728512799718,0.9314327830746999,0.9314269277741533,0.9312709173577031,0.9315221609907295,0.9316788552044951,0.9321064581080529,0.9320715468515688,0.9325285226473351,0.9325005603651463,0.9326975385737182,0.9326449201073742,0.9329850447276801,0.9329643440688499,0.9329305299030314,0.9329589694176813,0.9330522391220685,0.9330420617139166,0.9330264389945425,0.9331180477440224,0.9332454325645019,0.9332860517702448,0.9333597329629569,0.9334140767411528,0.9333681062814293,0.933336145311172,0.9294609675283713,0.9294501894417627,0.9294983716652333,0.9294934711609137,0.9295059775027451,0.9295011232000526,0.9294919628029571,0.9295060284540815,0.9295215171891104,0.9295316358392162,0.9295360633091588,0.9296524706260479,0.9299888940191753,0.9299923018264966,0.9299888668146762,0.9299832946930481,0.9299960852347474,0.9300242022423363,0.9300172152171932,0.9300392885218876,0.930054266464971,0.9300717478977817,0.9301041700125839,0.9301077599422996,0.9301101595624237,0.9301214391315881,0.9301209967843471,0.9301005296469422,0.9300949338550077,0.9300968147389385,0.930092344684461,0.9300817789047103,0.9300799792143046,0.9300762650049462,0.9300828621188666,0.930105040495998,0.9301563026398918
50,0.9263956338487621,0.9261546060085828,0.920148826197939,0.9219182876043871,0.9186678275153647,0.9146560181063657,0.9058049695478809,0.9055866762848204,0.9079896618726004,0.9116747601002744,0.9120522296633968,0.9131442836365203,0.9142964563965206,0.9191994987191866,0.9266863512747772,0.9270631148279913,0.9270528284121902,0.928817241892545,0.9340198214216231,0.9348903757451903,0.9348316145937818,0.9350025334368098,0.9349114355755024,0.9343436240597146,0.9342191307229065,0.9342212149953932,0.93396060695218,0.9341957706721467,0.9343514039929363,0.9346000585381121,0.9345688627641038,0.9354516063923258,0.9354262601119915,0.9356049060841498,0.9354304545149359,0.9358079643760105,0.9357859171653249,0.9357470142356085,0.9357771011826105,0.9358792825494677,0.9358671732654994,0.9358683624111739,0.9359702534511133,0.9361220288519577,0.9361682138990072,0.9362535169710055,0.9363177729538561,0.9362558328195385,0.9362183033777552,0.9319443104588826,0.9319382635078799,0.9319660439005987,0.9319636947791581,0.931970477337621,0.9319673566455993,0.9319619949265248,0.9319623293209622,0.9319734013596687,0.9319808767800989,0.9319840806737949,0.9321117203005235,0.932989382911529,0.9329933771555456,0.9329891876158092,0.9329820908174622,0.933000118185031,0.9330370931135216,0.9330275507887172,0.9330579284636747,0.9330020389780106,0.933024727417796,0.9331140145464578,0.9331185254187114,0.9331216467658255,0.9331369790915427,0.9331359544127277,0.9330960816208667,0.9330887029724897,0.9330907564298306,0.9330810544408211,0.9330746761840869,0.933072326482359,0.9330674791272753,0.9330753647192239,0.9331047305016288,0.9331770358860069
51,0.9207307704424819,0.9211273118562174,0.9224059635254367,0.9242698403490416,0.9206956883553722,0.9167430180973436,0.903479506769143,0.9033194396426687,0.9061318814345644,0.9086356331292318,0.9088960503369926,0.9096606697387378,0.9104647265596971,0.9136132006097987,0.9222829677098301,0.9226311165705974,0.9226154496743326,0.9242832320789794,0.9271780759876173,0.9279567026668474,0.9279167898984625,0.9280834348749214,0.9279706380573387,0.9274334287900178,0.9272895038726091,0.9273002168256751,0.9270320135761484,0.9272541853311864,0.9274083888334479,0.927519305157144,0.9274922751260726,0.9290269596971829,0.929002293320752,0.9291582020908439,0.9289227516455973,0.9292720958178035,0.9292510569662618,0.9292166057900858,0.9292428786112821,0.9293341442413193,0.9293226633696834,0.9293329100808865,0.9294246651658047,0.9295602595112156,0.9296020902286968,0.9296809705212898,0.9297390758968954,0.9296825356076195,0.9296479122665535,0.9272949002034006,0.9272692904098648,0.9273837538009134,0.9273678311738336,0.9273700615081278,0.92735661274078,0.9273336307248463,0.9273364943396293,0.9273814355254055,0.927410757131668,0.9274243615583304,0.9277986627524638,0.9282296412475174,0.9282391979471027,0.9282281139508096,0.9282095384061224,0.9282606650972376,0.9283615993782014,0.9283354926419086,0.9284183102438845,0.9280832919846652,0.9281408301962192,0.928351423611671,0.9283624840145429,0.9283705718130524,0.9284108004630249,0.9284011633055418,0.9283575133254022,0.9283382328025217,0.9283428062886061,0.9283276986949546,0.9283298794284115,0.9283237481263716,0.9283111508566594,0.9283302028353174,0.9284067483120223,0.9285948418629567
52,0.9118665384704877,0.9129853568509924,0.9206220962342994,0.9224526109491739,0.9186716163150825,0.9150813040615599,0.8956734724709098,0.8955533986811844,0.8981993830415216,0.8999393831647367,0.9001168422066639,0.9006933136423904,0.9013197756679882,0.9035713309340754,0.9136636632548318,0.9139681703669885,0.9139471794899718,0.9153881984777024,0.9170257563835177,0.9176518807699828,0.917622357239111,0.917769345571265,0.9176503118986864,0.9171593895506228,0.9170430508814436,0.9170539706834351,0.9167852835093573,0.9169918068814414,0.9171344392427399,0.9171471660540378,0.9171211183492475,0.9186535350070694,0.9186244485399064,0.9187877685492248,0.9185520868146025,0.9189547325962312,0.9189344334569931,0.9189029732351542,0.9189260289664196,0.9190080088032022,0.918996693385277,0.9190125433551103,0.9190945808433015,0.9192104148855118,0.9192469327184482,0.9193170885338263,0.9193662895801117,0.9193325476684457,0.9193016231717173,0.9183254021783153,0.9182927705614422,0.9184357345721905,0.9184152578053628,0.9184153054303776,0.9183983065429392,0.9183695303422259,0.9183739732689329,0.9184291394354367,0.918464602731658,0.9184811596846452,0.9188883170590167,0.9189329815160061,0.9189424126957985,0.9189307812528239,0.918911307723109,0.9189657898712517,0.9190694871180278,0.9190426290823974,0.9191268783337877,0.918146809165747,0.91819504624279,0.9182805377438303,0.9182905179799705,0.9182976347431141,0.9183327463111512,0.9183246058623793,0.9183044020856059,0.9182874491424393,0.9182917663368433,0.918276769886152,0.9182798846147535,0.9182744648768101,0.9182632900086262,0.9182804916565437,0.9183470404200456,0.9184979757097604
53,0.9189443157816242,0.9201682332896038,0.9287418600518784,0.9305670348742608,0.9267617057815596,0.9230983356246799,0.9027937981748494,0.9026847302927685,0.9049753316664125,0.9059695769075861,0.9060818707332527,0.9063834431716729,0.9066683250700723,0.9078405640727641,0.9133433366505627,0.9134660917123585,0.913489065657527,0.9139650739793058,0.9149222979123893,0.9148713819364673,0.9149003887426671,0.9148980911821619,0.915009980984238,0.9150472952590588,0.9149544800797614,0.9149824964613252,0.9147202803745407,0.9147295993911844,0.9147562238141946,0.9147792433943958,0.9147894342267123,0.9161924978591809,0.9162016517178341,0.9161703409195253,0.9166724502495488,0.9157106873147643,0.915726105182727,0.9157502935057181,0.9157389901267977,0.9156902928118282,0.9157007677731615,0.9156860169182806,0.9156376363522392,0.915570236521072,0.915553354556444,0.9155122555956295,0.9154931067382871,0.9154976913548079,0.9155131933507842,0.9156019065111122,0.9156156644170936,0.9155597427353627,0.9155675151652232,0.9155686340003806,0.9155766906515863,0.9155880802843216,0.9155882535539879,0.9155681734215907,0.9155560783159536,0.9155502098775185,0.915551531577715,0.9155112995269113,0.9155101756719789,0.915513139286679,0.9155178508805641,0.9155029792244571,0.9154730983932209,0.9154788836319957,0.9154624134071607,0.9148419930886252,0.9148155831705351,0.913141763516983,0.9131449629837449,0.9131469966300239,0.9131571025979284,0.9131556283353014,0.913148378714916,0.9131435723193954,0.9131452340440273,0.9131535563365472,0.9131549740368425,0.9131534311918225,0.9131501550125493,0.9131558054804954,0.9131756880286428,0.9132525749360565
54,0.911951178279796,0.9137429573724083,0.926982698529657,0.9286643824592226,0.9247523510601803,0.9216343461055269,0.8930367114808284,0.8929833639194064,0.8942179219364181,0.8947209943917123,0.8947759381687839,0.8949515240185224,0.895133013842377,0.8957811864028721,0.8998625692815672,0.8999342429833489,0.8999424000054128,0.9002393910646497,0.9006158257187196,0.9006464971410469,0.9006556206202815,0.9006688224608629,0.9006952385773852,0.9006639896836146,0.9006209550184605,0.9006343634497301,0.9004075305829219,0.9004310503773781,0.9004569269824304,0.9004416783209594,0.9004423724117463,0.9010740748505681,0.9010732742553131,0.901086293302292,0.9014097636152708,0.9008840377908096,0.9008910900476583,0.9009023040850407,0.9008973767401998,0.9008759044697492,0.9008807654889865,0.9008738541601633,0.9008530845118636,0.9008235668420495,0.9008176271191783,0.9008006524720075,0.9007944705915161,0.9007930272907412,0.9007981422581748,0.9008712764221539,0.9008749599384457,0.9008609077102013,0.9008626056816106,0.9008630520701719,0.900865278116159,0.9008679755936098,0.9008683506200965,0.9008639249366022,0.90086163420395,0.9008605517043868,0.900942014744388,0.9009025757748699,0.9009031102350955,0.9009028165657335,0.9009023442072425,0.9009036731142552,0.9009021174819036,0.9009005824776258,0.9009062207933107,0.9001776616854722,0.9001710474709022,0.8986572434717115,0.8986608282876252,0.8986635606587848,0.8986774916365763,0.8986729649173496,0.898666561271972,0.8986599443778291,0.8986612866191668,0.8986606845488168,0.8986616474713882,0.8986596017252003,0.8986552939558007,0.8986614985592826,0.8986880930529496,0.8987786137918603
55,0.9111420170675787,0.9131884875372116,0.9288123511731181,0.9303207095839454,0.9264321700223676,0.9237656801359893,0.8885668425850282,0.8885668461213463,0.8885668517737173,0.8885668626244434,0.8885668702248334,0.8885668800116289,0.8885668919576074,0.8885669078243175,0.8885670136251423,0.88856702397153,0.888567036539954,0.8885670365429698,0.8885670485089717,0.8885670572308385,0.888567069476402,0.888567079609433,0.8885670853734386,0.8885670889754712,0.8885670990380664,0.8885671106469337,0.8885670757619426,0.8885670776822758,0.8885670863083779,0.8885670962692653,0.8885671056682946,0.8885671253137635,0.888567135456529,0.8885671397028728,0.888567346837162,0.8885673396590171,0.8885673496964971,0.8885673653324658,0.8885673767454653,0.8885673849467222,0.8885673991131713,0.8885674119514957,0.8885674183045812,0.8885674100062587,0.8885674214246755,0.8885674240442223,0.8885674341140907,0.8885674477122342,0.8885674599120379,0.8885674792993623,0.888567489581816,0.8885674909789848,0.8885675008024557,0.8885675131182516,0.8885675267830306,0.888567540954807,0.8885675538669509,0.8885675613320467,0.8885675723881529,0.8885675805712151,0.888567565673285,0.8885675773564974,0.8885675893684324,0.8885676021424809,0.888567602391746,0.8885676083649683,0.8885676109567314,0.8885676240023862,0.8885676024124517,0.8885675837641582,0.8885675814782046,0.8885674725134263,0.8885674811681807,0.8885674806472654,0.8885674871487749,0.8885674929990561,0.8885675029352647,0.8885675132432037,0.8885675223979832,0.8885675318029886,0.8885675381243348,0.8885675476536045,0.8885675573672814,0.8885675627707528,0.8885675598915838,0.8885675360218745
56,0.9743158993700156,0.9739045350554701,0.8840133607766542,0.8823205648383067,0.8849858028216423,0.8855133911924477,0.8879658143195697,0.8906480901312327,0.8859642062722084,0.8834747947526287,0.8832020743319117,0.8825076342644336,0.8817230178426699,0.8811376268841654,0.8807908406962289,0.8806155208643432,0.880760250557115,0.8793506027016508,0.8793350488700886,0.8785260928733238,0.8794205010021817,0.87910338598863,0.8801680630345842,0.8879242675973599,0.8879308325739236,0.8879406023482999,0.8878940343065596,0.8876918270330942,0.8875809395129637,0.8876794824294763,0.8877182487833507,0.8876682695569308,0.8876995200071206,0.8875021399941094,0.8872552865327087,0.8870331902143299,0.8870771608633767,0.8871112436548734,0.8870779843433793,0.8869908361467115,0.8870027544916347,0.8869717688917717,0.8868879168488056,0.886753088430377,0.8867122613022391,0.886630450460608,0.8865755593641321,0.8866013007244925,0.8866319745883998,0.8866729705737706,0.8867100745204936,0.8865699811979372,0.8866379983326802,0.8866940430530095,0.8867101923893888,0.886737931633643,0.8867312567739263,0.8866795756644712,0.8866438681484432,0.8866360879435485,0.8862524626568127,0.8862849395840464,0.8862750035281004,0.8862856830768944,0.8845524122162421,0.8846129653250905,0.8845591513337528,0.8845718654392776,0.8845571922028047,0.8845764306584578,0.8845425575062266,0.8844920174500103,0.8844857447982742,0.8845127966601972,0.8844889540992912,0.884437829819632,0.8844465088673577,0.8844576134674202,0.8844539804206287,0.8844589017518278,0.8844519669253086,0.8844553721177156,0.8844621191408507,0.8876621710890114,0.8875488763452807,0.8872604197628255
57,0.9704980211754677,0.9699666827514228,0.8788975178430102,0.877803001003805,0.8795502853592785,0.8797127056210022,0.8815139253683424,0.8832517362785499,0.8807550914415135,0.8794299086821785,0.8793391728391631,0.8790997249879273,0.8788926870334427,0.880411431694266,0.8801628264090556,0.8801417696430281,0.8802040337399105,0.8798924966231946,0.8797867395616428,0.879755904347979,0.8813930328876888,0.881273755187016,0.8814758317295808,0.886344893367891,0.8863437041244662,0.8863494002186342,0.8863317912694938,0.8863022967551074,0.8862853047285948,0.8862951125556223,0.8863018849520595,0.8862998927231385,0.886248943159708,0.8862364624301734,0.8862346537944175,0.8862655923384762,0.8862547773328562,0.8862507833358694,0.8861971102787455,0.8862129450843959,0.8862121268238483,0.8862151297400827,0.8862351588420235,0.8862759425591863,0.8862922396969027,0.8863258782418707,0.8866906651705875,0.8866753132011498,0.886657266957219,0.886632472051595,0.8866131738251711,0.8866932193775859,0.8867119509779741,0.8868043627155104,0.8867956101591763,0.8867785746548293,0.8867829566774649,0.8868128856742968,0.8868346819406661,0.8868401365447777,0.8871282366788075,0.8870996904188034,0.8871087802003802,0.887099379907697,0.8837460194521872,0.8835658274150285,0.8836189374039733,0.8836053288505333,0.8836392832049688,0.883619467411047,0.8836562922451838,0.883714956844139,0.8837232079767349,0.8837239143718963,0.8837542322181323,0.8836532819405645,0.8836428806888579,0.8836298926114722,0.8836337326517657,0.8836280686490124,0.883623977831753,0.883619881773788,0.8836116189142125,0.8909444610778561,0.8909444630413134,0.8909444768481701
58,0.9707929813542779,0.9702192936087568,0.8844283264107118,0.8836586415237873,0.8848848522258246,0.8846977327973887,0.886182318630407,0.8877112378961628,0.8861623653873428,0.8856121774503215,0.885629564107617,0.885696988700422,0.8858745350090166,0.8891526444667881,0.8889437835131013,0.8890310292309475,0.8890482140770086,0.8894003686463388,0.8892093190870157,0.8896404875037305,0.8921518906289456,0.8921144731079298,0.8919792157370765,0.8958241231758349,0.8958155724814765,0.8958174771783135,0.8958159065655853,0.8958578460220588,0.8958792089268804,0.8958520158551045,0.8958447714929116,0.8958605123512978,0.8957552124211776,0.8958160001378874,0.8959063937762404,0.8960238836117153,0.895997534615273,0.8959796885416875,0.8959204633702362,0.895970630945677,0.8959648359223256,0.8959774795566472,0.896031515906175,0.8961264124975399,0.896159178731593,0.8962259968421631,0.8967507906023053,0.8967228490558833,0.896689979992645,0.8966451333213199,0.8966094667944439,0.8967544195631482,0.8967684943699629,0.8968819002736055,0.8968652340166123,0.8968345898649782,0.8968414592329923,0.8968960070785056,0.8969343476254925,0.896944843576904,0.8974140368560095,0.8973700180389507,0.8973833694825001,0.8973688304021342,0.8929219826462176,0.8926700480637317,0.8927196019352115,0.8927072069050813,0.8927328022372906,0.8927148191164636,0.8927487380389515,0.8928013371743528,0.8928088937730531,0.8928048176496812,0.8928318735982352,0.8927323857727989,0.8927237778236303,0.8927130118993537,0.892716775066169,0.8927120814295112,0.8927045101585694,0.8927011130285372,0.8926942914813448,0.8970827920197473,0.8970802281131196,0.8970771649382228
59,0.9694698043589035,0.968782008088014,0.8942780114208299,0.8944462491973681,0.894095157747278,0.892948039193865,0.893197762199416,0.8939741833692105,0.894590188777827,0.8960644220135071,0.8963141504355808,0.8970609059645793,0.8980360646675126,0.9052765126141891,0.9051362380062571,0.905392951358299,0.905338388631829,0.9066656552715424,0.9063403965437657,0.9073884729460743,0.9120682737884797,0.9120682759922384,0.9120682406124007,0.9120682888061329,0.912068286262691,0.9120682850755564,0.912068288253899,0.912068290939429,0.912068291268426,0.9120682884204596,0.9120682869973594,0.9120682869727854,0.9120682704032617,0.9120682730920419,0.9120682775202495,0.912068281192867,0.9120682798233217,0.9120682780731443,0.9120682740179936,0.9120682749954931,0.9120682738069172,0.9120682735199955,0.9120682747036779,0.9120682781129937,0.9120682783407361,0.9120682800901029,0.912068312157296,0.9120683111584443,0.9120683100161049,0.9120683086769423,0.912068307336428,0.9120683117226392,0.9120683160814361,0.9120682795039422,0.9120682781233628,0.912068276351449,0.9120682758152179,0.912068277448917,0.9120682782943718,0.9120682782264964,0.9120682952753538,0.9120682934490653,0.9120682934764774,0.9120682925399639,0.9120681036068573,0.9120681003222166,0.9120681010711962,0.9120680974376079,0.9120681033719288,0.9120680996810815,0.9120681011491926,0.9120681020773459,0.9120680996516383,0.9120681005058443,0.9120680992115238,0.9120681798446307,0.9120681775045318,0.9120681749492533,0.9120681733459695,0.9120681712515174,0.9120681654576615,0.9120681634077272,0.9120681611046799,0.9120682169726895,0.9120682183729129,0.9120682243520633
60,0.9704098668183081,0.9697035718080325,0.903309622426653,0.9037529443003504,0.9029321779948458,0.901468583267474,0.9013647291806453,0.9019554664207474,0.9031532617756775,0.9052856815310542,0.9056079977998803,0.9065762543487229,0.9078064826353848,0.9166945557256873,0.9165986256827218,0.9169024643624571,0.9168292166029253,0.9183612020436386,0.9180376257772983,0.919160849680997,0.9228287106474815,0.9229015890590283,0.9223981489570933,0.9225147831283399,0.9224777693838505,0.9224789232973852,0.9224740201022494,0.9224950562610986,0.9224919311624948,0.9224725350397954,0.9224700760403419,0.9224752884108466,0.9220599221373268,0.9220631056705876,0.9220553010333015,0.9220525080733787,0.9220583563500326,0.9220557236240272,0.9220006755038631,0.9219979847915034,0.9219997227437515,0.922017742082529,0.9220117222024297,0.9220027673539011,0.9220013357521211,0.9219966957360702,0.9222231019847195,0.922225297373928,0.9222281074659141,0.9222392481099894,0.9222405392917207,0.9222313223085573,0.9223178726336335,0.9209310220586941,0.920930954415074,0.9209337671967969,0.9209332280212008,0.9209332592886621,0.9209336533693081,0.9209326441655428,0.9209297750660088,0.9209311544342448,0.9209313620518464,0.9209312112415587,0.920420055257116,0.9204840471892067,0.9204926870975195,0.9204905280460699,0.9204945241193144,0.9204919128778322,0.9204973023580818,0.9205047322913923,0.920505776299464,0.9205277868937106,0.920532035604752,0.9221407729198121,0.9221294019253083,0.9221148819372564,0.9221168661459527,0.9221104485426,0.9220492244821753,0.9220448146860347,0.9220357996727578,0.9218859040620518,0.9219425356073748,0.9220878522790004
61,0.969011873031055,0.9682242513166235,0.9140615144229527,0.9151577733167071,0.9132212669892347,0.9111712904647806,0.9100973128077419,0.9100826253675398,0.9123643430560839,0.9158861643877169,0.9163445101535945,0.9177225134130371,0.9193859934962919,0.9314004492511944,0.9314259877089065,0.9317672775109266,0.9317323304309493,0.9332768272396409,0.933232162785666,0.9341617826748969,0.9360762544519844,0.936181905683874,0.9356354770361051,0.9354383315076982,0.9354159889661942,0.9354154137577434,0.9354069711139817,0.9354670432082425,0.9354811989020799,0.9354298490025086,0.9354202957490024,0.9354299062351085,0.9348437422034361,0.9348777241525876,0.9348980257501834,0.9349263723557375,0.9349421442489249,0.9349275490945103,0.9348575375746064,0.9348661245794061,0.9348663607490854,0.9349869317586831,0.9349861659146821,0.9349838149966058,0.9349848005813143,0.9349844232430272,0.9352123500207646,0.9352127690112699,0.9352151046695963,0.9352402503398801,0.935241228374904,0.9352341810663611,0.9352903449040914,0.9306988897504078,0.9306988918395256,0.930698894118673,0.9306988960504534,0.9306988972733311,0.9306988990372875,0.9306989002736684,0.9306988967468571,0.9306988984787163,0.9306989003416425,0.9306989020795918,0.9306989022619911,0.9306989060169968,0.9306989068689109,0.9306989087954894,0.9306989055936806,0.9306989075196284,0.9306989074271347,0.9306989078346296,0.9306989095267252,0.9306989136286784,0.9306989151069099,0.9306990302531368,0.9306990329910744,0.9306990357522533,0.9306990390472593,0.9306990419697264,0.9306991620884223,0.9306991665208064,0.9306991708687389,0.9306991687601177,0.930699169434586,0.9306991606765367
62,0.9638960189969097,0.9629831347883708,0.9165203149679673,0.9180174851393926,0.9153780166580738,0.9128193583776425,0.9109554715816656,0.9104881312784734,0.9128274962947207,0.91746399158282,0.9180266772348048,0.9197100749028588,0.9216715219613014,0.9365810785450278,0.93680358740633,0.9371021138714185,0.9371315719796872,0.9383106001307423,0.939145446037228,0.939659017371012,0.9403456014621948,0.9404148585078563,0.94047825520127,0.9401513505045925,0.9402924806301343,0.9402889162528838,0.9402726168806768,0.9403561170130365,0.9403940570558958,0.9403326460569327,0.9403172273144333,0.9403228015333586,0.9400324154834229,0.9401065739259438,0.9401741278792153,0.9402566951026401,0.9402679967126193,0.9402448734855245,0.9402043165656748,0.9402302254830284,0.9402266962751971,0.94058608257847,0.9405979717637147,0.9406137882227764,0.9406195870242562,0.9406297914941688,0.9406859282213574,0.9406782352766446,0.9406750067529946,0.9406983499519722,0.9406946020460789,0.9407099879674792,0.9407659911620418,0.9389256239598163,0.93891995225866,0.938905319045116,0.9389128120338811,0.9389316562423182,0.9389440151579954,0.9389496412779822,0.9390787755098551,0.9390422588997878,0.9390453915918024,0.939036877567826,0.9391157763690438,0.9391336137116961,0.9391651527746048,0.9391571341100023,0.9391804587193523,0.9391700831246433,0.9391893960267763,0.9392175871134752,0.9392210572413109,0.9392584613561641,0.9392729415290456,0.9391854719652559,0.9391774270762431,0.9391727158138965,0.9391738167540071,0.9391717607059377,0.9426449407699857,0.9426419196427934,0.9426356982896823,0.9426455799842517,0.942682981636188,0.9427722292659996
63,0.9627252374718351,0.96179446912561,0.9205326205567648,0.9220769343135566,0.9193576051513358,0.916686549629444,0.9146747950342121,0.9141334754815299,0.9163748930162351,0.9212121069745995,0.921787753508799,0.9235056187898565,0.9254776842877335,0.9403939834106454,0.9408153555524443,0.9410782035562438,0.9411364478646874,0.9420467287628018,0.9439191846925936,0.9441960202500925,0.9444931376955158,0.9445379762809517,0.9449112507472031,0.9446368007830233,0.9449388041971475,0.944935912464857,0.9448991518162304,0.9449720723015218,0.945007352130932,0.9449608109173809,0.9449473657484713,0.9449422497543667,0.9447732072562512,0.9448441475541499,0.9448982756883265,0.9449851936953353,0.9449989730133914,0.9449782876464292,0.9449452293828622,0.9449668485306932,0.9449637331338469,0.9455857376669509,0.945591359914512,0.9455962365358894,0.945599005652671,0.945602743029711,0.9455879373306909,0.9455786398047316,0.9455773085920424,0.9456009861603353,0.945598965662613,0.9456077232133807,0.9456828672391343,0.9447205827160027,0.9447159948664596,0.9447018373918749,0.9447219815478535,0.9447361784497224,0.9447455628735522,0.944749709651449,0.9448402184820842,0.9447846737782024,0.9447869954736836,0.944779097501323,0.9448323944915445,0.9448412305506699,0.9448623942430908,0.9448570486245057,0.9448715001718336,0.9448657134969013,0.9448784134050411,0.9448953426207725,0.9448976270043778,0.9449258201610488,0.944934975921155,0.9446395096177826,0.9446283749588852,0.9446243737390662,0.9446253602353156,0.9446236739123712,0.9478670596564617,0.9478649502427812,0.9478605746741154,0.9478687452870632,0.9478944490192156,0.9479529285854555
64,0.9593451881632982,0.9583922842878423,0.9248995331898844,0.9264116634890344,0.9237411633709546,0.9207760488147588,0.9185337153161255,0.9179657618439292,0.9198033196149432,0.9247925048743592,0.925366606406683,0.9270635529456533,0.9289590156355158,0.9424099954262539,0.943380183371071,0.9435936309284638,0.9436726897302924,0.9442588957247514,0.9486698687162648,0.9486567061467497,0.9486692460880182,0.9486914217273591,0.949156248211525,0.9489684572359932,0.9495149795758957,0.9495143368724634,0.9494364938440865,0.9494902800461806,0.9495189712558453,0.9495019065715691,0.949492583279247,0.9494698465738092,0.9494336268347525,0.9494926970736666,0.9495154892357072,0.9496133793440459,0.9496311476719487,0.9496167957243556,0.9495940622394122,0.9496083694497975,0.949606392549806,0.9506616604545367,0.9506639120006095,0.9506622377220404,0.950663695437489,0.9506641283218329,0.9506337850611357,0.9506245572781399,0.9506242161691469,0.950642225943684,0.9506409675281519,0.9506477743898973,0.9507035365233294,0.9504733825023516,0.9504717334229983,0.9504655054663537,0.9505040094426666,0.9505058245020006,0.9505070182444707,0.9505073517464465,0.9505096920238254,0.950438646184957,0.9504391322483179,0.9504336401302481,0.9504546499389196,0.9504514088229489,0.9504502200051954,0.9504505993664354,0.9504477523426066,0.9504515775145601,0.9504508732776284,0.9504462299931647,0.9504463665667826,0.950454147731122,0.9504533494408413,0.9502625891651513,0.9502519278886544,0.950251265159691,0.9502518413333114,0.9502516302714151,0.9515057575625998,0.9515060082252639,0.9515064568647786,0.9515074776430715,0.9515039868089029,0.9514908130973423
65,0.956478685941896,0.9555733561511263,0.9306599600427045,0.9320772999842266,0.9295634622973604,0.926246982540485,0.9237047403379016,0.9232083631003035,0.9248973796179079,0.9295843307767887,0.9301020640446468,0.9316100068307932,0.9332399002124239,0.9434882381796436,0.9453655258894199,0.9455855204485444,0.9456519279889154,0.9462610972597371,0.9540581244656161,0.9539699914819894,0.9539301042608961,0.9539586047550146,0.9541881721015141,0.9540394804151655,0.9546345184921632,0.9546327532273468,0.9545301241840392,0.9545896906780937,0.9546233795925898,0.9545827979794865,0.9545714804930369,0.9545532380153052,0.9545541240826166,0.9546186527459356,0.9546541381122592,0.9547920066495685,0.9548041820995782,0.9547893078010347,0.954780650501414,0.9547988503163498,0.9547953680977183,0.955613094392559,0.9556237824710674,0.9556436914028232,0.9556483257307844,0.9556562878210475,0.9556509887411677,0.9556527246496996,0.9556493473427872,0.955720831803545,0.9557168327440884,0.9557348253860215,0.9557470447959991,0.9557519983813387,0.9557492222467842,0.9557452218684338,0.9557656143719403,0.9557691727719009,0.9557715952459138,0.9557725479975261,0.9557987386244086,0.9558924827479643,0.955892701561109,0.9558898102941374,0.9558925756866716,0.9558906704640571,0.95588851814905,0.955889073120151,0.9558865509121853,0.9558909001367577,0.9558898751305589,0.9558876536409466,0.9558876859376322,0.9558880953157105,0.9558870083892855,0.9558529050346563,0.9558669038301477,0.955866942149291,0.9558673005748555,0.955866093618598,0.9559584052056948,0.9559587150159943,0.955959301363064,0.9559591221581408,0.9559553464434106,0.9559451925635115
66,0.9449277089521423,0.9440240284783553,0.923990944876243,0.9255019214951877,0.9227963108576178,0.9189168563801395,0.9150892241923724,0.9146829999551543,0.9160072767666354,0.9209924056098393,0.9215215841707747,0.923050851373964,0.9246843546876108,0.9335555376537193,0.9369726993776716,0.9372485980060622,0.9372886676977771,0.9383213174729732,0.9493677780879983,0.949367784634135,0.9493677788732499,0.9493677780781394,0.9493677815806851,0.9493677712822614,0.9493677769445218,0.9493677734909897,0.9493677760958984,0.9493677796446288,0.9493677796501441,0.949367781083461,0.9493677777288486,0.94936778153545,0.9493677787175874,0.9493677819376052,0.9493677826619986,0.9493677916871451,0.9493677902491284,0.9493677870737138,0.9493677855709252,0.9493677859723164,0.9493677836661008,0.9493677981885803,0.949367799087653,0.9493678029918441,0.9493678024260602,0.9493678035124962,0.949367803088203,0.9493678009991329,0.9493677989749408,0.9493677351411856,0.949367733046232,0.9493677331229724,0.9493677316963174,0.949367730763409,0.949367728035977,0.9493677252358277,0.9493677240211371,0.9493677224418142,0.9493677202457845,0.9493677186238322,0.9493677231654039,0.9493677546211176,0.9493677527939833,0.9493677508072915,0.9493677508929494,0.9493677496286069,0.9493677486407323,0.9493677468076415,0.9493677495646069,0.9493677488884597,0.9493677488918032,0.949367748388133,0.9493677467616275,0.9493677468018276,0.9493677452823953,0.9493677435110235,0.9493677424865429,0.9493677407628206,0.9493677391096206,0.9493677372203718,0.9493677356439777,0.9493677339734629,0.9493677323278471,0.9493677312480361,0.9493677310751281,0.9493677343456888
67,0.9463744294555483,0.9455863785362935,0.9307190375083789,0.9322582971524952,0.9295026584102148,0.9255011416695879,0.9212505508237563,0.9208953717801743,0.9227646779895886,0.9270235276532401,0.9274641499869312,0.9287235488064077,0.9300423207468163,0.9366131990365995,0.9405410950620839,0.9408228108988014,0.9408501796049944,0.9419922041082517,0.9500806319972271,0.9503476255663468,0.9503287369120632,0.9503751110792951,0.9504058578923092,0.9502835682761699,0.9504138125876633,0.9504173871238907,0.9501891006210239,0.9502552128899456,0.9503027966098126,0.9503706033155385,0.9503619239615113,0.950687303991903,0.9506854082335408,0.9507432236222282,0.950640080670895,0.9508723798120281,0.9508692735839922,0.9508499416229875,0.9508600019075064,0.9508987797866529,0.9508935816879861,0.9509678269845143,0.9510049036936878,0.9510756210280943,0.9510928796233682,0.9511242583194046,0.9511493943578756,0.9511423630169825,0.951128193160951,0.9494740599955334,0.9494820081333559,0.9494472298988273,0.9494563436550033,0.9494712145031491,0.9494740572415523,0.9494813063498456,0.9494773463512782,0.9494643649117719,0.9494564700955075,0.9494523320149589,0.949405005024342,0.9508177033257822,0.9508163970654885,0.9508185908007746,0.9508218881482551,0.9508101779572693,0.9507879445691115,0.9507937511316007,0.9507750585815659,0.9507911737294964,0.9507768294041162,0.9507718019289595,0.9507692524057075,0.9507668106475728,0.9507545516437619,0.9507644632737856,0.9507667273470523,0.9507723292663879,0.9507718559857379,0.950769713267777,0.9507382883855742,0.9507400668699459,0.9507436477171294,0.9507395309839144,0.9507169609399515,0.9506562650180485
68,0.9445143649204791,0.9439359926493286,0.935271380251136,0.9368851107156919,0.9339766325451822,0.9298936770102492,0.9243772195163232,0.9241063511312586,0.92634267269213,0.9296596223261296,0.9299933094333259,0.9309275301950981,0.9318769114492206,0.936042401723141,0.9406022760859543,0.9408693861069076,0.9408848649457731,0.9421060939169543,0.9468588044927697,0.9474033502796918,0.9473838585783776,0.9474635097842995,0.9474718928455715,0.9472658750999486,0.9472537635418702,0.9472651435239449,0.9469756818698504,0.9470682627066632,0.947141521999169,0.9472341594638141,0.9472251277998376,0.9480784660783628,0.9480746015080218,0.9481432469358707,0.9479759618743686,0.9480478771620767,0.9480352028109983,0.9480042916366228,0.9480239602134655,0.9480951469529632,0.9480859265935333,0.948125018621998,0.9481958233461507,0.9483205494346523,0.9483531756400145,0.9484138690779965,0.9484597628765535,0.9484032584444054,0.9483759148571896,0.9462014443357778,0.9461966430079123,0.9462189093764448,0.9462190920883516,0.9462292252526556,0.9462257442729755,0.9462214742439659,0.9462194584514277,0.9462288141869442,0.9462354290369239,0.9462381932502841,0.9464180322910105,0.9481946913075466,0.9481983130188028,0.9481942276425293,0.9481874746594325,0.9482052807143939,0.9482411210582493,0.9482316442614865,0.948261778821118,0.9482416900116273,0.9482636373093191,0.9483386957719758,0.9483433304355299,0.9483467799115285,0.9483638608185162,0.9483606550293514,0.9483041256601652,0.9482957353920489,0.9482975377746472,0.9482859686022939,0.948283434398269,0.9482807793114107,0.9482752977655331,0.9482834678312972,0.9483166808491975,0.9484032592904518
69,0.9370726084048663,0.9369831381564396,0.9347729406629446,0.9365031796100868,0.9332880736139204,0.9291756893919095,0.920220582971642,0.9200334659403833,0.9224888603885175,0.9247755110995032,0.9250075183508649,0.9256317896304246,0.9262310408336563,0.9286944800186844,0.9338892455625215,0.9341044627676066,0.9341258349264825,0.9351005560510197,0.9375923964576064,0.93783089678839,0.937840996842264,0.9378834764456908,0.937955852203396,0.9378743109646657,0.9377276487284385,0.9377543054023908,0.9376498248332349,0.937685580369395,0.9377316747271471,0.9378205001679536,0.9378270819769451,0.9394532520287233,0.9394596757915067,0.9394517683904609,0.9394193648590895,0.9386755959444549,0.9386671127041744,0.9386516413844745,0.9386632765191931,0.9387035894435648,0.9386990649311259,0.9387048176589801,0.9387457540906112,0.9388269954030928,0.9388466034240336,0.9388821891937913,0.9389097825683395,0.9388529100367612,0.9388366801007487,0.9378927549290248,0.9378812113921089,0.9379336431367604,0.9379268737424497,0.9379296408138759,0.9379234475883883,0.9379129798991873,0.9379141517542459,0.9379350326248217,0.9379488705367305,0.9379552362268316,0.9381996950070748,0.9386863752958475,0.9386902887041323,0.938686220442091,0.9386794310982709,0.9386977780647032,0.9387344581922787,0.9387246501572527,0.938756118275244,0.9387635215698555,0.9387865436424092,0.9387008523319735,0.9387071788372924,0.9387119804510711,0.938735413872239,0.9387290098592329,0.9386825671392793,0.9386711392830076,0.9386736445114363,0.9386898760614946,0.9386916686114914,0.9386880019145863,0.9386804164634593,0.9386915619700593,0.938737159783977,0.9388645508596298
70,0.9253574612737696,0.9259467082066806,0.9293947217287022,0.9312402993739686,0.9276372569432738,0.9236494858622043,0.9092324816006643,0.9090866681341797,0.9117142499691702,0.9134266480463702,0.9136091049154484,0.9141067639006849,0.9145914157703346,0.9165466779098272,0.9229378097992813,0.9231494914555591,0.9231644021472206,0.9241047677543454,0.925864675536713,0.9260610163016854,0.9260732588520655,0.9261215774810729,0.9261793076909773,0.9260577153997924,0.9259214537901405,0.925948503801005,0.9257506921221899,0.9258149837495787,0.9258777968566615,0.9259306618325236,0.9259328519020201,0.9282065136164905,0.9282065128484879,0.9282065131961361,0.9282065194198051,0.9282064754239487,0.928206474268646,0.928206472443914,0.9282064713152827,0.9282064708246465,0.9282064692634381,0.9282064675142022,0.9282064673246947,0.9282064700044996,0.9282064691768038,0.9282064694686615,0.9282064691419945,0.9282064656164671,0.9282064638913966,0.9282064227290286,0.9282064206918097,0.928206422211663,0.9282064203660594,0.9282064184561142,0.9282064160560362,0.9282064133759195,0.9282064113633341,0.9282064109652639,0.9282064097586602,0.9282064087081333,0.9282064279715125,0.9282064375897414,0.92820643631699,0.9282064344419233,0.9282064339874394,0.9282064343310862,0.9282064361444304,0.9282064338647371,0.9282064386586333,0.9282064006364433,0.92820640151227,0.928206345148253,0.9282063432676684,0.9282063437422624,0.9282063436628805,0.9282063416841717,0.9282063365881782,0.9282063329832321,0.9282063306976226,0.9282063293862908,0.9282063278264866,0.9282063249867276,0.9282063217850607,0.9282063212192747,0.9282063255782279,0.9282063433519356
71,0.9208192484588508,0.9219823121089323,0.930093643169932,0.9319138330089287,0.9281465283267868,0.9244448696235269,0.9049186817595424,0.9048034649442411,0.9071214571074119,0.9080870183704935,0.9081961037338244,0.9084753187209226,0.908725990604139,0.9098081294706973,0.914790389653007,0.9148906462683819,0.914921000322846,0.9152664141959624,0.9162101149086093,0.9160459055782144,0.9160852379971121,0.9160577137059619,0.9162154870869101,0.9163398976404625,0.9162462509563845,0.9162776504732629,0.9160287518640481,0.9160065658258144,0.9160147776389851,0.9160523462958295,0.9160690409356338,0.917465903387488,0.9174824584764656,0.9174154677756702,0.9181296619424257,0.9168641436250343,0.9168863751782067,0.9169210313163317,0.9169037716146068,0.9168313950186102,0.9168462114622093,0.9168249302514575,0.9167526335631068,0.9166515732227617,0.9166249163165814,0.9165627576753705,0.9165313417501469,0.9165416904040458,0.9165660963620266,0.916693229049233,0.9167163395036685,0.9166206912527337,0.916634244564057,0.9166358761590108,0.9166491511708006,0.9166686528101695,0.9166681716490332,0.916633164413996,0.91661167697126,0.916601279378239,0.9165198769402743,0.9164897585495854,0.9164868839371363,0.9164927853004169,0.9165023564779647,0.9164733000153822,0.9164171123055634,0.9164294958655297,0.9163929146764038,0.915886634311888,0.9158460481196854,0.9138291947938194,0.913831430446124,0.9138326064003098,0.913837934072985,0.9138385479803911,0.913832019351943,0.913829529681686,0.9138311633146043,0.9138442223113695,0.913845610958555,0.9138448093815777,0.9138430402526247,0.9138470705955012,0.9138580815402922,0.9139187219802761
72,0.924177061542928,0.9255444546713933,0.9352655464539374,0.9369935620160389,0.9333112740611142,0.9298426883769553,0.9089257316126925,0.9087983564099732,0.9109292482302027,0.9114772928612372,0.9115370171037745,0.911644330140505,0.9116909597596853,0.9120279601677588,0.9139838947649749,0.9139453087450571,0.9139992029893863,0.9135868283143717,0.9140656878441136,0.9134107972105111,0.9134898824484358,0.9133414875970156,0.9136848832388473,0.9141965195261548,0.9141393124439146,0.9141764658483388,0.9138989217462741,0.9137381538483987,0.9136569764622356,0.9137440660958625,0.9137855918539166,0.9145447012202943,0.9145894967585236,0.9143853386174646,0.9178779349570199,0.9153882579473397,0.9154484160030006,0.9155410686497181,0.9154910598089432,0.9152871831772558,0.9153261898052096,0.9152686398715529,0.9150620441374593,0.9147531623176471,0.9146699429456502,0.914484044685697,0.9143805083632619,0.9144316181875104,0.9145079117247493,0.9147052943462903,0.9147812400992176,0.9144585491422151,0.9145050174826039,0.9145090025043254,0.9145518412250341,0.9146175501421115,0.9146125069457613,0.914491709274622,0.9144157692079594,0.9143793220580979,0.9137378953402318,0.9137768369498587,0.9137623170849707,0.913785806106419,0.9138241902719727,0.9137102608363954,0.9134907122219453,0.9135433880235739,0.9133828190710422,0.9133156176659625,0.9131857173032357,0.9083030127912965,0.9082962994375957,0.9082901145261495,0.9082583723198878,0.9082729663432453,0.9082822332917243,0.9082976543365754,0.9082966326139449,0.9083114675137034,0.9083108626993973,0.9083158817585222,0.9083260381444793,0.9083144245499888,0.9082537527971545,0.9081370109134552
73,0.9195284352877475,0.9213454927897997,0.9345255408772251,0.9361898843491616,0.9323677709195947,0.9293197932495139,0.9023800920194094,0.9022670571463138,0.9039141999275672,0.904345041628805,0.9043860573879887,0.9044783009939618,0.9045580078671471,0.9047475499034319,0.9051905384677934,0.9051722516409041,0.9051914558941332,0.905035036090917,0.9051799796213775,0.9049446703142764,0.9049745434582093,0.9049117063303241,0.9050540622561344,0.9052741072919225,0.9052429627978666,0.9052564482013712,0.9050001125750464,0.9049342338769591,0.9048979022787106,0.9049274606367779,0.9049434628577109,0.9052444525277096,0.9052630154785277,0.9051733346528421,0.9114144033610087,0.9100002309226222,0.9100436387200058,0.9101104688349045,0.9100738827619202,0.9099259880477889,0.9099538901420211,0.9099126324012735,0.909763391285798,0.9095351744344813,0.9094751908504575,0.909341707807869,0.9092673250897423,0.9093065469385804,0.9093611140697085,0.9094770198452944,0.9095319403071028,0.9092986012119898,0.909332074923306,0.9093348066592706,0.909365497788407,0.9094128964596032,0.9094089740611317,0.9093216957726207,0.9092669054646015,0.9092406866197539,0.9087463632212488,0.9087829185407688,0.9087725399212919,0.9087890681049138,0.9088161166232955,0.9087360500020216,0.9085804956012268,0.9086173620756043,0.9085051065282448,0.9085839714780146,0.908495404380937,0.9051252587879058,0.9051175558634847,0.9051109574371424,0.9050774705029477,0.9050913240848824,0.9051039076529603,0.905120160582299,0.9051183418170072,0.9051226717765808,0.9051213532391249,0.9051267219053943,0.9051375970858337,0.9051241861552585,0.9050593298454052,0.9049138133265359
74,0.9164563146675112,0.9185393014909745,0.9339913009516052,0.9355509453399882,0.9316759589417115,0.9290096021918902,0.897124145365704,0.8969949874692803,0.8983082522895499,0.8991710091907016,0.8992300936450464,0.8994779793444305,0.8998007581305816,0.9003047244254956,0.9003767612901771,0.9004802916034155,0.9004279269444898,0.9011324064564585,0.9010238583861788,0.9015262883782937,0.9014652699340616,0.9015710375743886,0.9013486276795937,0.900976767798077,0.9009346113000841,0.9009110346945701,0.900904545273003,0.9010486620073738,0.9011197141921505,0.9010338899447093,0.9009980056145844,0.9010772265288165,0.9010421836693675,0.9011774440661079,0.9107890276547244,0.910561185779838,0.9105547529985933,0.9105449717698427,0.9105469294230965,0.9105619482191297,0.9105568378295599,0.9105593179264253,0.9105759233200738,0.9106197640417104,0.910626370519834,0.9106444020841923,0.9106522609619264,0.9106395628877707,0.9106317975166323,0.9106616237647176,0.9106538982158985,0.9106843045498129,0.9106795088045795,0.910677864572306,0.9106726657845953,0.9106659047040733,0.9106644734067296,0.9106754875837153,0.9106823765247303,0.9106860897835113,0.9108617759227808,0.9108456297341033,0.9108458146032666,0.9108429164505605,0.9108381466318859,0.9108528350260937,0.9108740675246301,0.9108672179601263,0.9108868314759087,0.9108959109757664,0.9109109918116531,0.9093706177359792,0.9093719392553368,0.90937450910705,0.909389617795028,0.9093791518677172,0.9093736985546774,0.9093665263437432,0.9093647325305761,0.9093568809635285,0.9093552387529587,0.9093529326291179,0.9093483621567435,0.9093510119455939,0.9093803814423599,0.9094933200725046
75,0.9869729891871886,0.9867736443540704,0.920978965596832,0.9186423013896846,0.9224236091412735,0.9229291697205564,0.9264443581236539,0.9311924717582669,0.9257177425882279,0.922709156472907,0.9224432935791713,0.9217402207172962,0.9210241938598884,0.9217282788178363,0.9213547620175959,0.921266865809367,0.9213624988932132,0.9204286147271881,0.9203175531002608,0.9199319171483524,0.9219496544688082,0.9217010843280713,0.9227137315435643,0.9348325550564862,0.9348151115093514,0.934820639281098,0.9348022358565353,0.9347566180691743,0.9347102564856675,0.9347307952319572,0.9347393354615342,0.934731841811291,0.9344012273123165,0.9343824333152398,0.9343738695747174,0.9343886155780543,0.9343715876068079,0.9343694732084895,0.9342370900612865,0.9342412361828492,0.9342412140011909,0.9342413240468023,0.9342471304353823,0.9342703461977948,0.9342799022494289,0.9343004045346288,0.9343740031365586,0.9343635337859523,0.9343520112118423,0.934335225159292,0.9343193838550093,0.9343745669861316,0.934429407050542,0.9345018000529574,0.9344958472148075,0.9344835455862832,0.9344869448143871,0.9345062429695811,0.9345218820054333,0.9345203920751237,0.9347305135835147,0.9347094509866721,0.9347163986457683,0.9347093389700858,0.9267688974613372,0.9268465896357512,0.9269404666291391,0.9269162403811624,0.9269833895509754,0.9269486112887355,0.9270090327725282,0.9271047761328618,0.9271162900124562,0.9271203685734714,0.9271665203520915,0.9270601420254599,0.9270430820659127,0.9270214994168172,0.9270257951978604,0.9270162692588514,0.9270146909418958,0.927007824052883,0.9269938251616597,0.9301005004774471,0.9301800471975812,0.9303789968571892
76,0.9947023681177597,0.9946841759187437,0.9443537882198868,0.9419683508909521,0.9458444153674667,0.9461488982788903,0.9497532698450486,0.955940807466421,0.9508899822267942,0.9481972488530004,0.9479940908094111,0.9474656001049161,0.9470004600493693,0.9484779189128949,0.9482273928584237,0.9482456430117626,0.9481778730209129,0.9480634340916928,0.9478842164317437,0.9480650407389927,0.9503033773571127,0.9502220156051064,0.9509566799651569,0.9625077768451586,0.9624598770548767,0.9624661576325738,0.9624507646609031,0.9624259116532331,0.9623551173338886,0.9623710289551964,0.9623762227514047,0.9623742756751995,0.9614325890870206,0.9614387166480234,0.9614518045694916,0.9614708539791597,0.9614403897242166,0.9614384081615995,0.961224289627713,0.9612236046527325,0.9612249174406126,0.9612258378678591,0.961221073440884,0.9612321368314003,0.9612370511403583,0.9612463717749848,0.9612239428518841,0.9612208326698779,0.9612182562955993,0.9612119447205707,0.9611988528871926,0.9612239360284154,0.9613189326289815,0.9613013530284528,0.9612989607438069,0.9612916110604477,0.9612949292638061,0.9613023454949191,0.9613114850874048,0.9613002818252777,0.9614001886412562,0.9613913451861412,0.9613955654939244,0.9613922058709136,0.9444073914695895,0.9444073995812381,0.9444074056528897,0.9444074131176866,0.944407400801603,0.9444074076908255,0.9444074090015852,0.9444074141163661,0.9444074215943852,0.9444074204249469,0.9444074276973907,0.9444074235748062,0.9444074304794534,0.9444074374154646,0.944407444934873,0.9444074519241623,0.9444074549754357,0.9444074619855637,0.9444074687716638,0.9444075475449725,0.9444075495135583,0.9444075359892959
77,0.9909353273700657,0.990819801970969,0.9402872648955425,0.9382772865205303,0.9415414757246333,0.941659185500859,0.944855263660514,0.9496052465664633,0.9455390687103086,0.9435198945506601,0.9434131966814864,0.9431550273297004,0.9430353194610575,0.945848772203072,0.9456825607077978,0.9457917772642067,0.9456351034174468,0.9461817203033979,0.9459429214390391,0.9465608432596188,0.9492593839250153,0.9492794548525141,0.9497848804862778,0.9574022093385838,0.9573355807717727,0.9573410467585028,0.957327867397049,0.957315844639066,0.9572479895916977,0.9572569886590042,0.95726002221627,0.9572605530384986,0.9560351552662243,0.9560496532229246,0.9560713119428238,0.9560964880931002,0.9560718790982035,0.956067695045601,0.9558717411985139,0.9558753122810068,0.9558758410182207,0.9558797395346903,0.9558794194531549,0.9558942124227828,0.9558998766578052,0.9559106928391684,0.9558568395980921,0.9558534721756374,0.955850393285057,0.9558446382029683,0.9558325591904435,0.9558577807080214,0.955999433136523,0.9558416142119187,0.9558386688236622,0.9558304608509302,0.9558334871091053,0.9558427370904475,0.9558523818885738,0.955843790516755,0.9559464734822133,0.9559376658085545,0.9559415510694735,0.9559380353703905,0.9448478240870112,0.9448968528235856,0.9449592645925854,0.9449432462809921,0.9449839392719789,0.944960879728564,0.9450002412359003,0.9450623311518979,0.9450693473315899,0.9450734793996205,0.9451026319823503,0.94501346656049,0.9450020728644828,0.9449875983761977,0.9449900915038543,0.9449836898391604,0.9449621094764904,0.9449577273433053,0.9449487890584798,0.9450668992324115,0.945115863706048,0.9452427503965191
78,0.9912751248222049,0.9911627028828561,0.9509596798597452,0.9494799026639482,0.9518764175462772,0.9516430481367033,0.9541758198083231,0.957977439563024,0.9552970192023423,0.9542294253478586,0.9542382448560041,0.9543078390505024,0.9545828471297538,0.9586910024143391,0.9586526390167471,0.9588419992823836,0.9584810894955386,0.9596658642193834,0.959389463750561,0.9603556975060282,0.9628990637130947,0.963012863019656,0.9632410686798845,0.9668227131304469,0.9667018516848169,0.9667075148118524,0.9666908945804946,0.9666776104772615,0.9665914327873709,0.9665985781541755,0.9666029428651898,0.9666014777370816,0.9644896764227904,0.9644790755758514,0.964461447808017,0.9644460915447975,0.9644467070156696,0.9644453688293397,0.9642788447132951,0.9642687722411832,0.9642712941317801,0.9642838270537265,0.9642694756056467,0.9642548630106486,0.9642511888104343,0.9642427418601763,0.9641804861534412,0.9641840646550631,0.9641889123695218,0.9641985881101734,0.9641984806350617,0.964184845055029,0.9644071512583146,0.9636005365811648,0.9636026249733791,0.963603787902546,0.9636041681757309,0.9635978156247942,0.9635956508781531,0.9635882279557678,0.9635597990322496,0.9635620797489672,0.9635621426221812,0.9635617285790627,0.9598597507365462,0.9599329073111593,0.960004292690093,0.9599859917687499,0.9600334763403187,0.9600074814848191,0.9600515971232405,0.9601203842560709,0.96012793783323,0.9601771386821686,0.9602091476834761,0.9602863073112681,0.9602701165796965,0.9602495879065728,0.9602526785935779,0.9602435927050402,0.9603347846035257,0.9603293072227514,0.9603181141319856,0.960165066563546,0.9602343184643319,0.9604132308711082
79,0.9848475238665318,0.9845182076206406,0.9453321625077706,0.94492851608429,0.9455527422789932,0.9447813146560723,0.9459763385599599,0.94765864992061,0.9472025713829484,0.9477932775107009,0.9479627514837357,0.9484997285591634,0.9492704962968415,0.9556351176029981,0.9556681871064506,0.9559469306776901,0.9557045993277586,0.9571234799316711,0.956948448674271,0.9579282228999008,0.9600745618950908,0.9601838337050913,0.9602254665705964,0.9613267250097515,0.9612048637904863,0.9612075550577366,0.9611935572166255,0.9612107831354509,0.9611634445177448,0.9611467059395624,0.9611454737786066,0.9611474637386701,0.9595101088889331,0.9595033305904709,0.959481569366217,0.9594656966589328,0.9594944537972031,0.9594859416896977,0.9593671025211039,0.9593580979036127,0.9593603875871467,0.9594252154768038,0.959409871933961,0.9593877267137357,0.9593821394129304,0.9593692325944392,0.9593920048545365,0.9593958135595296,0.9594016311047165,0.959422682051329,0.9594263134689559,0.9594055306347438,0.9593622269269381,0.9571583161417591,0.9571659313879002,0.9571756825697595,0.9571742397758687,0.9571519189176778,0.9571384900735138,0.9571307344725093,0.9569732605914542,0.9569838790962785,0.9569808668480105,0.9569821815701293,0.9563668744382026,0.9563902100821194,0.9563913128857164,0.9563912197827918,0.9563886827111515,0.9563891129174433,0.9563890868495675,0.9563872108539567,0.9563871101548871,0.9565205654715355,0.9565209300396805,0.956529814281645,0.9565256412238468,0.9565209929767414,0.9565219606873808,0.956519892135653,0.9575311250359608,0.957531837098988,0.9575332436848883,0.957439231259801,0.9574336540558903,0.9574205064206638
80,0.9824621636099737,0.982048085187023,0.9460871309703613,0.9463156861121285,0.945889241533053,0.9448999579502343,0.945304546074304,0.9461737612690551,0.9469096283255438,0.9484408337768175,0.948692242501348,0.9494698461849671,0.9504732582141335,0.9578678711340104,0.957956728867454,0.958263811744682,0.9581370555940787,0.9595115936586465,0.9595653132684113,0.9604048365298199,0.9619342971497138,0.9620300218198837,0.9620589479863085,0.962417340070845,0.9623447709180191,0.9623452551219183,0.9623308387622602,0.9623712903731262,0.9623524493396403,0.9623185749516194,0.9623124714836805,0.962316236676248,0.9611199842858367,0.9611396806428751,0.9611474498104347,0.9611639331478837,0.961198712010742,0.96117975969596,0.9610933185933678,0.961097500326448,0.9610974300736572,0.961249140829656,0.9612441364756213,0.9612364761155124,0.9612352975730637,0.9612315306918213,0.9612743121687657,0.9612736944398981,0.9612757330254624,0.9612985237355407,0.9612990661351569,0.9612933151671329,0.9610990830929866,0.9585350363379481,0.9585416150766061,0.9585483830870384,0.9585475632044824,0.958528647536663,0.958517247614226,0.9585114473067213,0.9583732468844695,0.9583756165570156,0.9583728023443786,0.9583707580986024,0.9583364194530487,0.9583330667456674,0.958314032676426,0.9583190598261695,0.958301066879349,0.95830901933964,0.9582963416068556,0.9582746662131681,0.9582722439095492,0.9584253817344422,0.9584175046240685,0.9580959418420315,0.9580971616332091,0.9581009112510036,0.9581004598966819,0.958102123380518,0.9611033271199271,0.9611065320808012,0.9611130369838656,0.9610734079228864,0.9610353351031693,0.9609386588063105
81,0.9782532741469417,0.977709955415447,0.9439073442256922,0.9448627964161823,0.9432162898296805,0.942039395069774,0.9414859409961367,0.9415637348787733,0.9436059627558195,0.9462932421621644,0.946649548560838,0.9477357973086071,0.9490358581079287,0.9581226399744568,0.9583175702638645,0.9586444940555442,0.9586796624016277,0.9599075006675288,0.9606496929172971,0.9612358280585624,0.9620146721728698,0.9620940923675588,0.962234785734407,0.9620664945814433,0.9622340607801327,0.9622313366559165,0.962207503090061,0.9622819799138168,0.9623049854235906,0.9622478637623997,0.962234275906511,0.9622377174976124,0.9616712363817214,0.9617372732930284,0.9617949476449247,0.9618709695777311,0.9618951689385061,0.9618662153951539,0.9618075781415583,0.9618302335470933,0.9618269377048327,0.9622406649669183,0.962247259400111,0.9622559409245687,0.9622594841822567,0.9622653852241027,0.9622865714058554,0.9622785915343737,0.9622764989785826,0.9623020832697033,0.9622991988960502,0.962310200464589,0.9622793094140533,0.960459906146572,0.9604576230180396,0.960448364055739,0.9604526210259744,0.9604613420660565,0.960467587828554,0.9604701402961089,0.9605251911671644,0.9604925715800694,0.9604940450320762,0.9604842115334249,0.9605761258788821,0.9605845602714214,0.960600472010435,0.9605965052914108,0.9606063747354333,0.9606018978037418,0.9606111185337038,0.9606230877460336,0.9606246512470833,0.9607237857160281,0.9607315741652791,0.9604025477897735,0.9603944822653606,0.9603910601020967,0.9603919388985172,0.9603904464762973,0.9685190807346219,0.968519076821952,0.968519072931579,0.9685190699629612,0.968519070051047,0.9685190789357457
82,0.9757505333094079,0.9751642166749906,0.9477902133189532,0.9490556328356672,0.9468797026850836,0.9459944924036888,0.9449013622858621,0.9445197538147688,0.94704079422351,0.9500588638818186,0.9504317595695219,0.9515452401725124,0.952805846921765,0.9619453841391906,0.96232450383197,0.9625868957956049,0.9626796479176986,0.9633650558608425,0.965820576689008,0.9659371241150806,0.9660869652904024,0.9661525267101436,0.9664642250068407,0.9661299599685256,0.9669944232375851,0.9669907259432128,0.9669179658893077,0.9670047978620073,0.9670484489092586,0.9669794526949453,0.9669631671672297,0.9669543352261991,0.9668330862406896,0.9669225688781423,0.9669901450383863,0.9671207527598126,0.9671433140910927,0.9671243311081156,0.967085016415347,0.9671105673841295,0.9671050070890926,0.9682635370619933,0.9682648113149837,0.9682650632726053,0.9682655713327084,0.968265119477681,0.9682488727623232,0.9682324809705413,0.9682326324495463,0.9682645584677949,0.9682640185579531,0.9682661685727657,0.9683852976809505,0.967852336952051,0.9678487834971408,0.967839114091468,0.967848770134336,0.9678598877029474,0.9678683447763433,0.967871816017644,0.9679399345592469,0.9678795991362852,0.9678813857246154,0.9678846620656776,0.9679216365288141,0.9679286232686785,0.9679437675379506,0.9679399653030445,0.9679495242814604,0.9679456350876315,0.9679546161235122,0.9679659302353327,0.9679675429631905,0.9679859921565723,0.9679920827952183,0.967797184408489,0.9677820849933011,0.9677786068330012,0.9677795036267447,0.9677780523019116,0.9702947678497612,0.9702966171603673,0.9703003329032378,0.9702971473410408,0.97027388248564,0.9702126018527337
83,0.9738795077870566,0.973295670645209,0.9511036817050201,0.95232981723524,0.9502102781409724,0.9495926227070808,0.9483555793789592,0.9478388488678949,0.9502410896466712,0.9530572505545458,0.9533934680038827,0.9543678827208112,0.9554112986638319,0.9634763009981206,0.9640791398585326,0.964267488994052,0.9643310524910075,0.9645431141119595,0.9688562380645532,0.9686027960503213,0.9685687397833287,0.9686440822879767,0.9689211128944238,0.9685841352174132,0.9701133964637542,0.9701090725626644,0.9699657847556162,0.9700694897728599,0.9701259613268924,0.9700357546545672,0.9700159368258977,0.9700030403207076,0.9699995837009139,0.9701061947167084,0.9701771084650105,0.9703845017708075,0.9704113275128237,0.970395029007064,0.9703702795000546,0.9703996448230582,0.9703918338115184,0.9725634132896686,0.9725634131134989,0.9725634145881575,0.9725634139424836,0.9725634138236288,0.9725634125304866,0.9725634109535896,0.9725634101777967,0.9725634132484486,0.9725634125897702,0.9725634127653195,0.9725634166634193,0.9725634107206916,0.9725634096890413,0.972563408573187,0.9725634083191531,0.9725634081964244,0.9725634079214109,0.9725634075822557,0.9725634109124521,0.9725634166563883,0.9725634161093992,0.9725634167038361,0.9725634173812754,0.9725634170639986,0.9725634168196905,0.9725634162644153,0.97256341698151,0.9725634166169055,0.9725634166220727,0.9725634164026562,0.9725634159087663,0.972563415916891,0.9725634154145779,0.9725634102121853,0.9725634105142316,0.972563409944034,0.97256340940719,0.9725634087332242,0.9725634505174633,0.9725634505593258,0.9725634507149042,0.9725634504369182,0.9725634490225328,0.9725634456438706
84,0.9658454265364502,0.96511602708339,0.9436096428076031,0.9448420272619977,0.9426819199903176,0.940470310297952,0.93870095848679,0.9382188211448574,0.9402730563319276,0.9438152939391059,0.9442138613769405,0.9453633528825484,0.9465793566835344,0.9548794679793795,0.9561786806096598,0.956365487343683,0.956427526986245,0.9567383336898392,0.9634115357772178,0.9631989493610771,0.9631435879795772,0.9632112777525611,0.9633850718273026,0.9631267715128333,0.9643063992800288,0.9643020385183535,0.9641185992574185,0.9642240925401481,0.9642841379047775,0.9641848969790942,0.964164122257213,0.9641657107754813,0.9641684869082511,0.9642779213437114,0.964347834586208,0.9646051057245842,0.964621989261868,0.9645958452640139,0.9645870031508376,0.9646215046275999,0.9646134507164394,0.9657419025065858,0.9657568686405034,0.9657964477038631,0.9658024173094468,0.9658138209961323,0.9658164025763493,0.9658369474073194,0.9658323940286321,0.9658827946984712,0.9658785833004365,0.965896498198848,0.965906896045264,0.965936754548125,0.965932021864145,0.9659283458035796,0.9659331297079936,0.9659387956668857,0.9659431937284009,0.9659449383770239,0.9659996769794063,0.966377813079419,0.9663778412756028,0.9663788370904344,0.9663789878601933,0.9663782033081354,0.9663758130447759,0.9663763448179109,0.9663734515720689,0.9663767651048792,0.9663752745096936,0.966377088533266,0.9663767303794337,0.9663755484783304,0.9663736869163578,0.9663668397580534,0.9664203311327125,0.9664211898708291,0.9664211171921016,0.9664182804391317,0.9663598621194193,0.9663602266175377,0.9663609006555359,0.966360001132687,0.9663553988268226,0.9663425498405953
85,0.9651876488270195,0.9645666711361887,0.9495210873924386,0.9505510955950524,0.9487310378271242,0.9463093868944835,0.9445618940947399,0.9441888625182729,0.9458992104523537,0.9487670580035608,0.9490774938158962,0.9499532658057384,0.9508420491349266,0.9565650594616256,0.9582173917540238,0.9583812174206724,0.9584215364311717,0.9587286383996346,0.965322659348328,0.9650810849126563,0.9650402284669117,0.9650978572206327,0.965166139165576,0.9650078175063203,0.9660653347278835,0.9660639746828555,0.9657407180625115,0.9658316595927551,0.9658869731135791,0.965805042006043,0.9657875968512418,0.965895162242191,0.9658984034896715,0.9659939523436167,0.9659919409955722,0.9663631363590682,0.9663751851450577,0.9663442118445591,0.9663455843280623,0.9663818821923551,0.9663729986963089,0.9668528418468089,0.9668738311900609,0.9669495369095069,0.9669585740882548,0.966976136145228,0.9669882423618685,0.9670757244034986,0.9670684037695638,0.9666635779783043,0.9666669586668224,0.9666510196428019,0.9666663780875316,0.96669914470547,0.9666952148523773,0.9666988635236738,0.9666931756088959,0.9666870634408171,0.9666843697708906,0.9666823930238853,0.9666965070519318,0.9683628324112534,0.9683614830704209,0.9683646225200122,0.9683674094165671,0.9683573012305308,0.9683358774082849,0.9683414107232741,0.9683226308950015,0.968335141819494,0.9683214396540953,0.9683145049042976,0.9683118426627517,0.9683090178856864,0.9682968265142301,0.9683071411372418,0.9684576251238136,0.9684633800010929,0.9684628360778766,0.9684577449412745,0.9683815672040592,0.9683833613812498,0.9683869222186239,0.9683824469065259,0.9683597640242745,0.9682977072857054
86,0.961782128553066,0.9612189909721983,0.950862237466455,0.9519270814048346,0.9500265157928768,0.9469921228755153,0.9447129542665248,0.9444112337608993,0.9461834692505756,0.948775204421712,0.9490390100607106,0.9497762189526208,0.9505153124594569,0.9544408327177163,0.9565565833830553,0.956717836566808,0.9567451397242791,0.9572809895476999,0.9621694532235664,0.9622537048284809,0.9622370823258436,0.9622712753708116,0.9623361349308214,0.9622812555826523,0.9627952906077832,0.9628005408070199,0.9624060673544341,0.962458813558047,0.9624981311872739,0.9624883493489758,0.9624807782791883,0.9628106181325466,0.9628138340116843,0.9628689484785082,0.9627674591460972,0.9630752016393327,0.9630789623977104,0.9630524076679006,0.9630598107831142,0.9630978797713795,0.9630904979966036,0.9632612711685296,0.9632926545635437,0.963383665030836,0.9633982225150517,0.9634255212257221,0.9634465076613576,0.9635093613711085,0.9634965961544886,0.9624941314690263,0.9624995320360062,0.9624755782048914,0.962487685532835,0.9625074542984904,0.9625054996050881,0.9625107767200182,0.9625056436572236,0.9624967886617816,0.9624920441489276,0.9624891566441662,0.9625423268109001,0.9661331325894208,0.9661331309317277,0.9661331293647898,0.9661331295439451,0.9661331280812493,0.9661331262808647,0.9661331249210378,0.9661331265697657,0.9661331263447873,0.9661331257304013,0.966133126692294,0.9661331251625147,0.9661331251042771,0.9661331233208682,0.9661331229219652,0.9661331326196986,0.9661331314437505,0.9661331301079334,0.9661331272909033,0.9661331240454426,0.9661331227456829,0.9661331215148732,0.9661331204773564,0.9661331196998544,0.9661331207947682
87,0.9555253852527739,0.9549435801393166,0.9467190529404709,0.948034784266929,0.9456812601940356,0.9421501705151356,0.9386514805288706,0.9383750493414696,0.9404345313703224,0.9431127883980279,0.9433763224254244,0.9441049925931624,0.9448270028587342,0.9480611466625446,0.9509653031132269,0.9511449289805738,0.9511688947221074,0.9519507500014122,0.9557110533777411,0.9560684105115441,0.956063323476169,0.9560982648995754,0.9561523381811377,0.95610310920169,0.9561957822370909,0.9562084539261031,0.955941267025838,0.9559710333250631,0.9560042811435574,0.9560495305469893,0.9560497304757716,0.9567063596014781,0.9567115551767748,0.9567338002320758,0.9566140856927539,0.9564812511259672,0.9564737876844126,0.9564471038710662,0.9564612714237907,0.9565158057238633,0.9565081477303906,0.9565714740038441,0.9566240886778757,0.9567317818938186,0.956755977043172,0.9568009332734433,0.9568347149343712,0.9567931526783002,0.9567725085356384,0.9555049986332829,0.9555003652242128,0.9555213890749761,0.955522765875943,0.9555336275531451,0.9555295859776635,0.9555256352671291,0.9555236206262965,0.955532301747128,0.9555385144627144,0.9555410243656821,0.9557421879560571,0.9577463208586371,0.9577483267537655,0.9577462394729267,0.9577430937045439,0.957751350790991,0.9577682061651386,0.9577636699835379,0.9577782066391406,0.9577916679309127,0.9578025959369164,0.9578169000953608,0.9578199193828694,0.9578222108610647,0.9578326447060764,0.9578306263117179,0.9578033072590494,0.9577976545629322,0.9577991107744621,0.9577876094538558,0.9577885710091896,0.957786815797051,0.9577831586233444,0.9577888555561047,0.9578108632300832,0.9578709516896637
88,0.9562114207287271,0.9557634716853766,0.9513579347083768,0.952576280467927,0.9503863625341349,0.9472986524591054,0.9435399654036487,0.9433349990686863,0.945284221233043,0.9471163058503342,0.9472879483249612,0.9477308707995833,0.9481090261168592,0.9496669658829837,0.9520729005960975,0.9521591416210844,0.9522009982941062,0.9524933439870464,0.9542027645975474,0.9538261809032337,0.9538696538978639,0.9538067926777204,0.9540127154705292,0.9542750359981355,0.9541348106361774,0.9541676050732731,0.954583180976648,0.9544512473954979,0.9543927351637139,0.9545017992802854,0.9545367856333474,0.9554584382020328,0.9554932657945332,0.9553445750291807,0.9554265749039924,0.9529883099950396,0.9529847523187801,0.9529767932792079,0.9529830743586045,0.9530034741179064,0.9530021162539505,0.9530044779415549,0.9530241600902101,0.9531053421212485,0.9531153797345592,0.95313016066158,0.9531441440499543,0.9530726310198785,0.9530647052855539,0.952613064717778,0.9526073187527414,0.9526335084403813,0.9526306086761899,0.9526334087263731,0.9526292805874567,0.9526241787835029,0.9526247959049056,0.9526353463313634,0.952642395132666,0.9526455850946569,0.9527996746013094,0.9532770242533002,0.9532777987788698,0.9532777789090652,0.9532776120106042,0.9532769140875219,0.9532755840271008,0.9532751651781008,0.9532770024952884,0.9533566701829101,0.9533588182874565,0.9528751992518684,0.952879126831338,0.9528821910254726,0.9528971002305479,0.9528926797842927,0.9528309965373178,0.9528235764287942,0.9528249613875905,0.9529316311278788,0.9529335140127853,0.952931002042116,0.9529257526827041,0.9529331762637298,0.9529643351949266,0.953088337490027
89,0.9485420352485686,0.9483434158731441,0.9466872802508024,0.9480849259678927,0.9454975925437747,0.941969467970066,0.9355637002506823,0.9354061457229262,0.9374068599728054,0.9388588966143608,0.9389975918424391,0.9393251614711681,0.9395549161558436,0.9406112325782792,0.9433095828153841,0.9433492798690127,0.9434094079773802,0.9433562372872992,0.944601014146843,0.9436322883430561,0.9437168489186364,0.943568794052867,0.9439420792731616,0.9444676104337494,0.9443057062230634,0.9443552004757078,0.9450108544727345,0.9447946741876236,0.9446885568574629,0.9448357632190625,0.9448910882784848,0.94614906023275,0.9462040837303716,0.9459486856065042,0.9466663495845408,0.9424561161595373,0.9424739332798825,0.9425009794513735,0.9424875364488418,0.9424295533247924,0.9424419538687514,0.9424185263262799,0.9423585757416761,0.9423277334649706,0.942304573210269,0.9422485424010847,0.9422195727868107,0.942198123503459,0.9422200341702188,0.9421944782882171,0.9422148625891846,0.9421285213382964,0.9421413464904527,0.9421435085027384,0.9421542943750929,0.9421721072087957,0.942171291774257,0.9421391449534713,0.9421189923503607,0.9421091516415624,0.9420569331248666,0.9421809099673701,0.9421759473586655,0.9421847183065237,0.9421989553241538,0.9421560764344777,0.9420733974851232,0.9420931207460956,0.9420328643475783,0.9421292280695154,0.942081041511014,0.9402829460996839,0.9402829601269577,0.940282633226268,0.9402798556224828,0.9402825673376088,0.9402488018118546,0.940249960529403,0.9402505497383393,0.9403835161058383,0.940384544380015,0.9403845718385907,0.9403844735361746,0.9403856722409234,0.940385436682108,0.9404676964368917
90,0.9451862718537444,0.9453733633336043,0.9468109171967727,0.9481942774332528,0.9455376359614773,0.9420613079242397,0.9333654164059998,0.9332275962039686,0.9351973095260523,0.9361176379476662,0.9362043828387845,0.9363723216434073,0.9364215763110404,0.9368560949758016,0.9387416609581208,0.938697695607199,0.9387732196332566,0.9382122576126615,0.9389430175981802,0.937497301552698,0.9376159408662821,0.937379326319414,0.9378992482775804,0.9386913085524773,0.9385655307723872,0.9386240518026515,0.9393611395460064,0.9390749557258996,0.9389244917907493,0.9390875315545648,0.9391565901574828,0.9401888844805764,0.9402607965585921,0.9399206150391252,0.9423931009953163,0.9366120232709689,0.9366595673187352,0.9367327488837656,0.9366934817619688,0.9365319229072098,0.9365633142969132,0.9365138064658947,0.9363482792742255,0.9361435824844994,0.9360765916464592,0.93592408686926,0.9358394317511597,0.9358623337965006,0.9359241982070582,0.9361091818305737,0.9361700926652975,0.9359095166306576,0.9359472767385802,0.9359505999941008,0.9359851985082581,0.9360383383948973,0.9360343124506386,0.9359364923593727,0.9358747111741612,0.9358450042777383,0.9355022126735517,0.93554752548899,0.9355342328567086,0.9355554534869936,0.9355900680504339,0.9354870993555536,0.9352857809929563,0.9353338498593119,0.9351866615789011,0.9352582521632157,0.9351383574424552,0.9303943697930741,0.9303903707223365,0.9303867362214034,0.9303678212288898,0.930376579779609,0.9303685920466609,0.9303775993426833,0.9303768391754885,0.9304515930306204,0.9304513648663068,0.9304540451207755,0.9304593764100045,0.9304532573292402,0.9304203768097975,0.9304192294625517
91,0.9374204163096408,0.9382790683103449,0.9443659315813089,0.9458466164083629,0.9428210146523526,0.9394577088335336,0.9254011870311871,0.9252389498739418,0.9274895444850443,0.9281680047654242,0.9282288718460006,0.9283344816394258,0.9283524477241287,0.9285354705271296,0.9295372353706323,0.9294679743685456,0.9295302274245139,0.9289180534153986,0.9293082305170847,0.9282171736009607,0.9283171574737594,0.9281081367699252,0.928552218155214,0.9292495146027322,0.9291744681357219,0.9292202793052631,0.9292681525698406,0.9290491811488651,0.9289324759949225,0.9290461937508455,0.9290982729172119,0.9297628913785762,0.9298194130126722,0.9295526451424572,0.9359290879113623,0.9314238950676851,0.9314865654951845,0.931582973665775,0.9315317152653139,0.9313206860709723,0.931361816598727,0.9313018902448258,0.9310868255714869,0.9307657720514902,0.9306789521226259,0.9304789969052609,0.9303700219039485,0.9304166915577667,0.9304967776273816,0.9306891004747117,0.9307697919496013,0.9304255031824616,0.9304751907173088,0.9304797505727391,0.9305259960382484,0.9305960450765383,0.9305910909049788,0.9304624891537496,0.930381530608395,0.930342582940029,0.9296660561835732,0.9297222020156898,0.92970596300266,0.9297326152393687,0.9297762836655588,0.9296468899047119,0.9293891909075763,0.9294493880652522,0.929266249395556,0.9293803837395398,0.929232092369208,0.9197321028413833,0.9197321064298826,0.9197321058329396,0.9197321066743251,0.9197321105309948,0.9197321154249865,0.9197321210454009,0.9197321252591013,0.9197321301498164,0.9197321331084769,0.9197321377506951,0.9197321428175488,0.9197321446772283,0.9197321389337803,0.9197321141682019
92,0.9285533720767128,0.9300638319207547,0.9408337960915747,0.942415562528442,0.9389464184144126,0.9358820079479955,0.9147499799480385,0.9145704687190556,0.916898173863615,0.9176494463932201,0.9177131915401937,0.9178745527301608,0.9180255881951334,0.9183147661648104,0.9186225126747042,0.9186179526935473,0.9186329503488458,0.9185607038277749,0.9186932294302795,0.9184087401345853,0.9184371435757888,0.9183724589578306,0.9185168539756766,0.9187430140438043,0.9186915703047975,0.9187062929037711,0.9183888719090912,0.9183309914814292,0.9182984847884242,0.9183201976536818,0.9183337577832819,0.9186905409791394,0.9187076640638577,0.9186196927226596,0.9300111605190601,0.927632984995272,0.9276845826756865,0.927764105513767,0.9277216895914893,0.9275484014427801,0.9275819445265493,0.9275339110047884,0.9273593996617178,0.9270863982309138,0.927017629686031,0.9268593191905358,0.926774510591488,0.926816527447222,0.9268790979045113,0.9270106721399964,0.9270747422191555,0.9268033992946925,0.92684220237569,0.9268459079406337,0.9268820838794339,0.9269371203326955,0.9269333745812504,0.9268326870156436,0.9267697902955222,0.9267396049870826,0.9261656789402521,0.926209875944805,0.9261984848596625,0.926217764954446,0.9262495102073354,0.9261558842295707,0.9259683993846953,0.9260110733426704,0.9258824310859951,0.9260036941285874,0.9258995535398601,0.9209739736532223,0.920970746525529,0.9209676976718495,0.9209513031861877,0.9209590058190931,0.9209655100030149,0.9209734021572173,0.9209733720646761,0.920967649148829,0.9209676061478347,0.9209704336885868,0.920975889900395,0.9209701544308353,0.9209372293771065,0.9208351408651464
93,0.9261763580598903,0.9279785664205346,0.9409138424718441,0.9424607039235481,0.9389016772188687,0.9361713731747205,0.9116727538478837,0.9114598008713533,0.9138837214218826,0.915040583227488,0.9151300843130559,0.9154419759649238,0.915831672041261,0.9164501562333214,0.9164925539077327,0.9166003258914935,0.9165536086938381,0.9172713488977629,0.917201452936559,0.9176625251243923,0.9176091636053431,0.9177042153383738,0.9175165148403689,0.917197133009024,0.9171374406097137,0.9171184845659733,0.9169504468859438,0.9170847809854576,0.9171506680131749,0.9170675494716672,0.9170353150950247,0.9172210672447979,0.9171910093122976,0.9173060205887206,0.9349942150253344,0.9338981755849916,0.9339212798115833,0.9339569938513257,0.9339371648506917,0.9338581719903071,0.9338728968405453,0.9338507496226713,0.9337722037006136,0.9336490293629089,0.9336188059486086,0.9335485443795689,0.9335116367375832,0.9335279416198365,0.9335545847987944,0.9336188378703217,0.9336466818557533,0.9335284388210827,0.9335450166930339,0.9335462363753985,0.9335615400834671,0.9335852100111454,0.9335830335889118,0.9335393847045039,0.933512262118095,0.9334994448300976,0.9332748665192935,0.9332909404199798,0.9332858805009435,0.9332935973532498,0.9333063536176379,0.9332689546890095,0.933188779676363,0.9332054504063683,0.9331554450686445,0.9332225635325684,0.9331802025590273,0.9307903148130116,0.9307895016240028,0.9307892051636885,0.9307876561963805,0.9307874576294775,0.9307882389059876,0.9307889404062155,0.9307883691640636,0.9307808985666519,0.9307804071288076,0.9307808667348885,0.9307815482167761,0.9307801796983401,0.9307760309336208,0.9307538512544643
94,1.0095052961769322,1.0097307240507445,0.9649340626510462,0.962161007370572,0.96676964163416,0.9670636242592493,0.9708988698798323,0.9827509071302604,0.9762778350290221,0.9725040018757384,0.9720601079326611,0.9708732863926344,0.9694556778017736,0.9675735560050277,0.9670057561016041,0.9667414375397867,0.9670339878786584,0.9643808436421193,0.9644017292801951,0.9627464036270115,0.9638553778145986,0.9632866423364597,0.9650319930790529,0.9925375854878042,0.9925375764410295,0.9925375674057405,0.9925375894568883,0.9925375780318246,0.9925375650873399,0.9925375613338608,0.9925375553572561,0.9925375441819299,0.9925375312092155,0.9925375161564187,0.9925375064649642,0.992537487929233,0.9925374859628353,0.9925374791312842,0.9925374708607642,0.9925374578714308,0.9925374499891749,0.9925374390195869,0.9925374267965605,0.9925374194343459,0.9925374075415437,0.9925373971857142,0.9925373815590275,0.9925373749186747,0.9925373701744665,0.9925373660374682,0.9925373633719131,0.9925373455144174,0.9925373489547314,0.9925373423346007,0.9925373350870432,0.992537329053907,0.9925373195424654,0.992537307699503,0.9925372953907379,0.9925372887696372,0.9925372502854366,0.9925372450492633,0.9925372346647681,0.9925372267767695,0.9925370116106236,0.9925370007582951,0.9925369832884544,0.9925369738304209,0.9925369876767917,0.992536980053308,0.9925369729060218,0.9925369567384861,0.9925369441167826,0.9925369508724264,0.9925369355378598,0.9925369283109814,0.9925369188247676,0.9925369097500475,0.9925368975160788,0.9925368873029773,0.9925368782953261,0.9925368677720925,0.9925368582884248,0.9925369018260226,0.9925368906389976,0.9925368876959565
95,1.0075251634868405,1.0077553600635372,0.9695636831438613,0.9671621750402404,0.9710508185239841,0.9710955223728738,0.9745172072590385,0.9849411985979363,0.9803237656727926,0.9778199551327268,0.9776053377436416,0.9770447513449876,0.9764985677775239,0.9769624480324067,0.9767420554056259,0.9767234574730421,0.9765995246134627,0.9763145048070853,0.9761794576392914,0.9761950828368826,0.9776995361033846,0.9776152056796594,0.9782976807911109,0.9918411226517664,0.9917977529149751,0.9918074053138359,0.9917820596292329,0.9917149171884264,0.9916071933867098,0.991647678271863,0.9916617728375092,0.991650080867765,0.990628252621306,0.9905898805191635,0.990541708497223,0.9904970126738031,0.9904720619809864,0.9904813262420498,0.9902491685942594,0.9902206260941472,0.9902264329614646,0.9902190702197928,0.9901844623295661,0.9901501166437423,0.9901410811414201,0.9901213101084443,0.9900746034561871,0.9900837491364967,0.9900957180684079,0.9901080814836928,0.9901080075358075,0.9900732590016303,0.9901052591688198,0.9901042149916537,0.9901089889347658,0.9901139410022558,0.9901154761040883,0.9901002795724752,0.9900948159664869,0.9900760365018432,0.9899991777017279,0.9900066388320422,0.990006686150582,0.9900086434681988,0.9803617019612011,0.9803226301777654,0.9802100386181057,0.9802393597798722,0.9801265573670094,0.9801681667114991,0.9800991476364991,0.9799904699528063,0.9799784600784597,0.979944039869065,0.9798942384682512,0.9798977459819179,0.9799166295160315,0.979940772942934,0.9799379690114255,0.9799486850752959,0.9799189496889655,0.9799267958742793,0.9799429161446218,0.9797615836118747,0.9796709715316785,0.9794520501995388
96,1.0104671642624894,1.010762524725783,0.98307960957389,0.9813066279861536,0.984067966776445,0.983742271910877,0.9863712202596882,0.9968906737250918,0.9941481312432782,0.992780425738055,0.9927213518025484,0.9925779900783747,0.9925485226842549,0.9940054755422184,0.9939774590532492,0.9939843588664675,0.9932677668146267,0.9940266262764167,0.9938074481884354,0.9944863191805559,0.9959218608294432,0.9960346760710638,0.9962152154865493,1.0017272666514645,1.0016213051310265,1.0016304451575553,1.0016069595263706,1.0015583366723533,1.0014108244255404,1.0014407973031303,1.0014520195563446,1.0014448270492737,0.9990166854381913,0.999003117636651,0.9989873229785908,0.9989714251458405,0.9989494698306767,0.9989505703638799,0.9989880917644792,0.9989823418281883,0.9989831320472818,0.9989796171809003,0.9989696771624064,0.9989726171142927,0.998973989554446,0.9989765864077783,0.9989376674240961,0.9989383091449534,0.9989406178689473,0.9989406740144544,0.9989318936385624,0.9989353069700533,0.9986019836035129,0.9985744031075376,0.9985728919037788,0.9985685588877261,0.9985705478946874,0.9985731921452816,0.99857898702672,0.99856696379781,0.9986231531192954,0.9986187358904716,0.9986209932364992,0.9986183935604249,0.9936418635979667,0.99366752360239,0.9936791856971601,0.9936761997314741,0.9936513294301341,0.9936464180282066,0.9936554558168312,0.9936716772624979,0.9936732149769721,0.9935096904087917,0.9935177906872087,0.9934822940465572,0.9934790821376491,0.9934751565930369,0.9934761457645914,0.9934744471818946,0.9933837252547016,0.9933828207619363,0.993381116118561,0.9931797908916767,0.9931966631541077,0.9932537746983043
97,1.0110796722258073,1.011387238793097,0.9857955667533301,0.9841708699253437,0.9866667898989149,0.9862809944599946,0.9887305383383762,0.9992380237783377,0.9968310352260078,0.9956445569133934,0.995607511371465,0.9955195627066497,0.9955503083464372,0.9970583221919055,0.9970477998079638,0.9970287353428985,0.9961598266612397,0.9969754713277438,0.9967469144428338,0.9974514366962771,0.998837638489824,0.998958824480785,0.9991009164723562,1.0035867766490816,1.0034684876502205,1.003477303719354,1.0034545182698218,1.0034102214621325,1.003256745687062,1.0032840565059549,1.0032947887204335,1.0032885295518785,1.0005380180396397,1.0005257871039175,1.000511642072675,1.000497304649419,1.0004796560117153,1.000479903459302,1.000603863961021,1.000600969192538,1.0006009399194513,1.000597092888744,1.000591049599969,1.0005977175150718,1.0006000285368266,1.0006047290676976,1.0005738318926567,1.0005734218422266,1.0005744418319673,1.0005730317900496,1.0005641410571047,1.0005713075436833,1.0000914374922256,1.0000803672692957,1.000077902745676,1.0000724352867194,1.0000742753180274,1.000079756396126,1.0000869247868414,1.0000776651619772,1.0001507401322358,1.0001447909372487,1.0001471576662897,1.000143997494479,0.9964031174205494,0.9964311355058258,0.9964522942792957,0.9964468474645386,0.9964312354098079,0.9964229255059511,0.9964374574857042,0.9964620935907639,0.9964644724088997,0.9962713364758086,0.9962826714570194,0.9962507029684902,0.9962462719381614,0.996240762791845,0.9962418041721496,0.9962393994765402,0.9961427972758488,0.9961413622141783,0.9961385594559957,0.9959768199919279,0.9959993930814577,0.9960685843779284
98,1.0061818696160962,1.006405547162935,0.9845365607473845,0.9832176164414664,0.9852203781850177,0.9849110200685078,0.9870864721669219,0.994781047884251,0.9926741909922107,0.9916764246283862,0.9916725187093892,0.9916715282370178,0.9918121045576113,0.9937997633204321,0.9938121827360865,0.9937742338428415,0.9926831395568637,0.9936087807297947,0.9933462226074847,0.9941119759948481,0.9955451191255988,0.9956688751630173,0.9957842345840765,0.998287571473884,0.9981298574087105,0.9981379077407257,0.9981153692854368,0.9980794292239926,0.9979306328395177,0.997950903871895,0.9979608311271863,0.9979557326103624,0.9937771741144028,0.9937771738843906,0.9937771717572527,0.9937771714034804,0.9937771737847659,0.9937771751990383,0.9937771850523351,0.9937771860298182,0.9937771875857094,0.9937771888962166,0.9937771896231519,0.993777188989191,0.9937771904723691,0.9937771910624446,0.993777190892451,0.993777192377505,0.9937771937489787,0.993777195324234,0.9937771960518574,0.9937771967719942,0.993777105778102,0.9937770807313224,0.9937770805143157,0.9937770803765779,0.9937770798768009,0.9937770786086297,0.9937770777309679,0.9937770767734633,0.9937770719028728,0.993777071710392,0.9937770710770842,0.9937770705163922,0.9937769642058323,0.9937769645936622,0.993776964570467,0.9937769623151911,0.9937769647511205,0.9937769624707171,0.9937769631218039,0.993776963354257,0.9937769616544632,0.9937769606958822,0.9937769594531753,0.9937769528317756,0.993776950717015,0.9937769485332797,0.9937769466471646,0.9937769446406358,0.9937769690658927,0.9937769674147087,0.9937769657302558,0.9937769565140476,0.9937769573494692,0.9937769635615021
99,1.0074623489850691,1.0076925445640639,0.9986422745115331,0.9983206996967143,0.9986236940530692,0.9987339436263147,0.9998716963649787,1.0059833333987098,1.0050119111354232,1.0045855118900304,1.0046204079485364,1.0047117756517325,1.0048792114230287,1.0057992360536183,1.0058168864060204,1.0055209062914883,1.0038108222636526,1.0042745487884523,1.0040517940095643,1.004446579735392,1.0050667662584856,1.0051286186225108,1.0051879680062281,1.0056605200672732,1.005596357247546,1.005601975685635,1.0055850898483898,1.0055575437294475,1.005440324690444,1.005454304108361,1.0054631487327583,1.0054592391241448,1.0036750324875365,1.0036772468313677,1.003679218117773,1.003683114933255,1.0038174505231214,1.0038325085411015,1.0040492768297675,1.0040499611899854,1.0040434207553717,1.004012563485731,1.0040173301935171,1.0040263895853287,1.004028840262003,1.0040335375317468,1.0040314522903728,1.0040241672596792,1.0040230661676564,1.0040252550987776,1.004019704249934,1.0040296241575486,1.000624963612389,1.000252635796377,1.000264144432164,1.0002819838864905,1.0002793257665168,1.0002440945774262,1.000225104359068,1.0002171438592853,0.9999565895827642,0.9999746793981035,0.9999692357020312,0.9999861654571672,1.0002317364862907,1.0001955931555142,1.0001226556228948,1.0001415035717602,1.000081296140417,1.0001087521440652,1.000063305698881,0.9999907795752413,0.999982816036745,1.000425463728076,1.0003929306835768,1.0002698861490593,1.0002819432945596,1.0002983353520514,1.0002961057631592,1.0003034498186174,1.0014259103934302,1.00142857359355,1.0014339147305011,1.0014209904677753,1.001388641315017,1.001306561372529
100,0.9964697761278537,0.9965011424043907,0.9871602006499667,0.9867082625300169,0.9874089656153964,0.9871569568211358,0.9880204780718447,0.9898573926697495,0.9890966239539126,0.9888246737227637,0.9888511590953546,0.9889346037517232,0.9891069908080619,0.9908195644322857,0.9908469207864898,0.9908498030054658,0.990278643835618,0.990769162768838,0.9906671520150023,0.9910439443677321,0.9916625290781177,0.9917043342580655,0.9917910763466898,0.9921480759262389,0.9920185537643277,0.9920218267337488,0.9920090424333913,0.9919981262548447,0.9919383180245354,0.9919409937696473,0.9919450676168836,0.9919419819636945,0.9907646242534909,0.9907634127208159,0.9907574424478627,0.9907552529973566,0.9908330850595051,0.9908282785909284,0.990858783797244,0.9908594752722676,0.9908571311458918,0.9908885914728004,0.99088889359524,0.990889807882306,0.990890382097189,0.9908910823530883,0.9908891813939378,0.990886394038097,0.9908865182427703,0.9908949305241447,0.990893023271719,0.9908955053796092,0.9895418760525153,0.9888156629068883,0.9888259693845137,0.9888407118839128,0.9888387068293717,0.9888079475398899,0.9887902271035326,0.9887822714049276,0.9885568950178504,0.9885679694980509,0.9885633291526372,0.9885683050717967,0.9887427096580982,0.9887146780524616,0.9886569955002551,0.988671932037092,0.9886237718231984,0.9886457621533681,0.9886096600549871,0.988551581994076,0.9885452564190751,0.9888425452608778,0.9888182015492079,0.9886290615424319,0.9886373188756556,0.988649780690361,0.9886481785823588,0.988653753447203,0.9909684082115177,0.9909692675998214,0.990970941934419,0.99096078689357,0.990951022069009,0.9909256960364239
101,0.9951379641555382,0.995137968458578,0.9951377677672751,0.9951377735364126,0.99513776834496,0.9951378116273664,0.995137823584458,0.9951378581060428,0.9951378447975452,0.9951378377609841,0.9951378336256632,0.9951378318870717,0.9951378312935493,0.9951378814233897,0.9951378811619275,0.9951378773541646,0.9951378525942083,0.9951378578443477,0.99513787073054,0.9951378705896803,0.9951378765675911,0.9951378767817538,0.9951378803464309,0.9951378786454195,0.9951379051239567,0.9951379046555254,0.995137904841457,0.9951379046035592,0.9951379026661464,0.9951379018140635,0.9951379014000418,0.9951379005148633,0.9951378787900861,0.9951378787133919,0.9951378792202804,0.9951378796053384,0.9951378830438716,0.9951378847518081,0.9951378841060382,0.9951378834030086,0.9951378822054403,0.9951378952373496,0.9951378947434805,0.9951378949795324,0.995137894379115,0.9951378939467987,0.995137892965966,0.9951378910072127,0.9951378906124493,0.9951378910579484,0.9951378906671342,0.9951378901515818,0.9951378431165798,0.9951378210102785,0.9951378193658325,0.9951378177668562,0.9951378160208834,0.9951378144258792,0.9951378129804447,0.9951378120133479,0.9951378105342907,0.9951378079020697,0.9951378061845981,0.9951378088194243,0.9951378151336939,0.9951378137326122,0.9951378119859992,0.9951378107062574,0.9951378121784459,0.9951378111070783,0.9951378105218791,0.9951378089265145,0.9951378074244613,0.995137821160995,0.9951378196787322,0.9951378103238371,0.995137808592189,0.9951378073736539,0.9951378059691346,0.9951378046958441,0.9951379386323059,0.995137938824887,0.9951379390270257,0.9951379390453987,0.9951379388543928,0.9951379379113096
102,0.9896068265106385,0.9894771725930444,0.98325566382991,0.9837104643346415,0.9829364826149798,0.9854755742476766,0.9855841344106685,0.9852489283613691,0.9856050228300829,0.9855042539630787,0.9855321979736553,0.9855754098528221,0.9855784714581798,0.9879420117456305,0.9879538333635852,0.9879686173731698,0.9878159134355354,0.9874874386582442,0.9891045188128641,0.9886173972721273,0.9885596387725105,0.9886219927793204,0.9887757727974597,0.9885126040235944,0.9904332645966606,0.9904330505675487,0.9903589504451713,0.9903911969266777,0.9904041594896746,0.9903691531281225,0.9903647264727571,0.9903544971348471,0.990413380385071,0.9904443455252032,0.9904493200336826,0.9905261954061588,0.9905609403914212,0.9906235474821035,0.9905905131655472,0.9905935777838183,0.9905852401894473,0.9914038069783869,0.991401977688308,0.9914094597459718,0.9914077294630538,0.9914021202442642,0.991393701734,0.9913452197453368,0.9913471240431971,0.9913715631721047,0.991372700625928,0.9913667660440639,0.9914452069679062,0.9914093000929916,0.9914060500441356,0.9914038251437042,0.9914028316837532,0.9914058661579435,0.9914159177396142,0.9914199911380314,0.99143645484156,0.9914401770718753,0.9914406819968605,0.9915324530892192,0.9915388828376821,0.9915389540056562,0.9915382816352096,0.9915384444116178,0.9915358952574722,0.991536977688084,0.9915364471820828,0.9915349724586813,0.9915348622718941,0.9915374140891573,0.9915367655616846,0.9915050360712868,0.9914927892429137,0.9914925521190587,0.9914927484800928,0.9914921699776038,0.991943528600507,0.9919449601004287,0.9919478143426091,0.9919447971438522,0.9919272905339405,0.9918841858155099
103,0.9903636270296553,0.9903068229596259,0.9872853927743103,0.9875989905500907,0.9870644898805004,0.9924094508261011,0.9929007677799722,0.9925100096245932,0.9921972806701747,0.9909461914492524,0.9908670617411167,0.9905476917128525,0.9900898635884438,0.9916046470687737,0.9914922202591867,0.9914065335498395,0.991079612507868,0.9901730468634617,0.9923950996426052,0.99122885436407,0.9911188345474979,0.9912301359611507,0.9913596795220042,0.9910316841093996,0.9946424798304914,0.9946420903145292,0.9945309023217525,0.9945727708865899,0.9945905179159958,0.9945463379161237,0.994540087060557,0.9945299438845893,0.9945939777216578,0.9946339480799542,0.994640650927322,0.9947657799606268,0.9947995887275318,0.994875071726534,0.9948495409284003,0.9948557339139898,0.9948447444446935,0.9956765867658129,0.9956766219319636,0.9957014612947009,0.9957001763437785,0.9956948747780655,0.9956900771452841,0.9956303743146365,0.9956322140581403,0.9956582031200673,0.9956594154610491,0.9956527260173167,0.9956848497124109,0.9957358711336249,0.9957306639347396,0.9957304077238933,0.9957273739974808,0.9957278229437047,0.9957389776709419,0.9957424221807512,0.9957492789108418,0.9958796340933912,0.9958796913461931,0.9959779714956138,0.9959778500116293,0.9959759022289616,0.9959701528883876,0.9959715202023682,0.9959648324717219,0.9959681700290272,0.9959644758623746,0.9959608354295699,0.9959600200157578,0.9959513882577012,0.9959479465481843,0.9959515568833149,0.9959619193367748,0.9959627631881948,0.9959624652680985,0.9959608484594392,0.9959331703926018,0.9959343539794686,0.9959366739878472,0.9959336387465105,0.9959191632479244,0.9958835846892333
104,0.9877355795678628,0.9876709763402125,0.9844314792084682,0.9848185878775266,0.9841741180454355,0.9915009764624712,0.9918993180173584,0.9913854587999681,0.9914145835923792,0.9899272748102054,0.9898153737563473,0.9893687999597738,0.9887053559478549,0.9899602966269457,0.9897844167088199,0.989708537904915,0.9894974456059795,0.988263559213796,0.9910241262884165,0.9890693639603013,0.9889606539768656,0.9891105219536054,0.9891775006140306,0.9888180655858417,0.9932137936469548,0.9932107791350473,0.993005216685359,0.9930980561346076,0.9931511541005623,0.9930738889907281,0.9930552461626058,0.9930537262512558,0.9930778041770325,0.993172453784392,0.9932244401037864,0.993494922916069,0.9935241668606921,0.9935001961299773,0.993494345494408,0.9935275383445453,0.9935151983672127,0.9941111252558824,0.994129761736394,0.9942129029007745,0.9942195627419289,0.994233275345325,0.9942409297137391,0.9943726354835137,0.9943693212665748,0.9943615385481,0.9943596661680019,0.9943665657808924,0.9943922608569427,0.9944338222366887,0.9944236216986302,0.9944224600418775,0.994419299878779,0.9944217913476376,0.9944280643463328,0.9944296045065987,0.9944757395573386,0.9949789359552667,0.994979500018842,0.9950027378579644,0.9950005745878658,0.9950035100609155,0.9950060769577251,0.9950052517702352,0.9950055570771927,0.9950069519028767,0.9950082594242757,0.9950223253080428,0.9950221718765857,0.9950187522111515,0.9950181353888016,0.995024887795373,0.9952876099853918,0.9952891873454132,0.9952889326752142,0.9952824497745949,0.9951918895550604,0.9951926155402568,0.9951939944795254,0.9951919214508176,0.9951827968996722,0.9951582092561903
105,0.9824628435361841,0.9823631156507495,0.9784134499896329,0.9788655710407498,0.978116180761713,0.9843326166907524,0.9842211813411167,0.9836811402145332,0.9846823413394019,0.9839830857772272,0.9839220987870196,0.9836352693532717,0.9831317907434121,0.9842574626176537,0.9841764276370377,0.9841384522981487,0.9840946953182661,0.9829956648852209,0.9857532275352855,0.9834606366265547,0.983390509582195,0.9835079297717447,0.9835366110106203,0.9832905801445925,0.9861127741477361,0.9861139185995927,0.9857500797104135,0.9858210703091835,0.9858644659039895,0.9857942754531209,0.9857792961953356,0.9857769415524775,0.9857868198703793,0.9858656071022448,0.9858453770143455,0.9862399378312848,0.9862674642167983,0.9862242311154557,0.9862253680833453,0.9862577412405082,0.9862393881137559,0.986572480539804,0.9865899248533169,0.9867393083924569,0.9867464430845435,0.986767558683959,0.9867770358376393,0.9873873951816794,0.9873829984489193,0.9872671154576917,0.9872683256763312,0.9872616067314198,0.9872822284705561,0.9873094062303205,0.9872914876734276,0.9872935225780768,0.987289724364482,0.9872863130663526,0.987286749739413,0.9872856101551044,0.9873301071310701,0.9885930508413525,0.9885944028756043,0.988590498517036,0.9885874729692522,0.9885950153395205,0.9886051650335629,0.9886023769422789,0.988608644032755,0.988608948116043,0.988614817951198,0.9886629159134181,0.9886633282083752,0.9886635146854779,0.9886648090240159,0.9886680529095367,0.9895595983821549,0.9895590763237315,0.9895593039993565,0.9895491139463158,0.9895019385653852,0.9895017494784855,0.9895012507593681,0.9895017505481458,0.9895037602502281,0.9895046995157719
106,0.9778622752871943,0.9777324492197204,0.9736840571741485,0.9740499891900896,0.9734294863222133,0.9762119217408297,0.9758932432893487,0.9755393702023559,0.9765497416880019,0.976637378298849,0.9766468165331855,0.9766084627988492,0.976441277426989,0.9776420928998298,0.9778163679001879,0.9778160868741194,0.9778199113788258,0.9772248582850984,0.9796025721195324,0.9781163037213068,0.9780800159407999,0.9781413225015835,0.9781794303815305,0.978069984612647,0.9795749618681363,0.9795777086258927,0.9792082432935824,0.9792462359408087,0.9792707191056812,0.9792279253386688,0.9792200896256893,0.9792478149244966,0.9792550533621777,0.9793015509815972,0.9792307017983827,0.9796301214211418,0.979649383673983,0.9796214207934477,0.9796220588667272,0.9796410417526744,0.979628524438723,0.9798244501681251,0.979833410367389,0.9799617719727611,0.9799657692029755,0.9799787490980116,0.9799847086520833,0.9804857804995428,0.9804817455014017,0.9802534523760666,0.9802570566016148,0.9802403407465727,0.9802552914115915,0.9802739448252847,0.9802594903609061,0.9802633642847953,0.9802597081724816,0.9802528251484138,0.9802500646718048,0.9802479010359795,0.9802828346165245,0.9818530386174128,0.9818540075701909,0.981850227972384,0.9818479488040865,0.9818539976201724,0.9818621910690961,0.9818599147579236,0.9818652334179844,0.9818672512713705,0.9818720206193895,0.9819270010318872,0.9819272585217985,0.9819276891373201,0.9819288036880326,0.9819299732837622,0.9825648890683446,0.9825632714162486,0.9825635312851968,0.9825589428170222,0.9825383243232154,0.98253779444932,0.9825366299210218,0.982537892049273,0.9825441640713531,0.9825582038002013
107,0.9755542538497599,0.9755542410031938,0.9755542139372299,0.9755542249731134,0.9755542105608219,0.9755542671091931,0.9755542491210402,0.9755542381343869,0.9755542736686148,0.9755542840846326,0.9755542831912355,0.975554281993063,0.9755542763132956,0.9755542861472312,0.9755542968056984,0.9755542955009646,0.9755542963399283,0.975554275992954,0.9755543161038543,0.9755542359434191,0.9755542340910544,0.9755542295155644,0.9755542355066741,0.9755542452732021,0.9755542624373937,0.9755542619926265,0.9755542907567434,0.9755542833294186,0.9755542785826539,0.9755542814770478,0.9755542824270407,0.9755542900681844,0.9755542915402656,0.9755542830854577,0.9755542733967804,0.9755541919435944,0.9755541908296856,0.975554187955288,0.9755541853819935,0.9755541825536483,0.9755541796991357,0.9755541786784507,0.9755541759864768,0.9755541845745761,0.9755541819234208,0.9755541804016433,0.9755541778230414,0.9755541971448309,0.9755541955899344,0.9755541832877787,0.9755541821185469,0.9755541794610563,0.9755541783915415,0.9755541766628151,0.9755541735423625,0.9755541716621088,0.9755541693061388,0.9755541670295889,0.9755541645359005,0.9755541628330726,0.9755541452506679,0.9755541891805123,0.9755541874909334,0.9755541855896133,0.9755541855387476,0.9755541847385286,0.9755541842285184,0.9755541823792598,0.9755541853517243,0.9755541860467467,0.9755541863836247,0.9755541788035502,0.9755541772821753,0.9755541774038112,0.9755541762714643,0.9755541752341748,0.9755541895785252,0.9755541879631333,0.9755541865511522,0.975554205879976,0.9755542049170562,0.9755542036918645,0.9755542024384916,0.9755542017473834,0.9755542020885237,0.9755542082324704
108,0.9718466383299986,0.971731046360036,0.9710935009777381,0.9713104436014927,0.9709531604890068,0.9714306334317839,0.9707780426024485,0.9706751309523436,0.9715516046404619,0.9719424397214697,0.9719670180485895,0.9719948796036022,0.971915324215431,0.9717848812499541,0.9721623680342375,0.9721225405187963,0.9721720118797842,0.9716525545295589,0.9719203740239267,0.969847474464908,0.9699198712635749,0.9697612351976094,0.9700840180075393,0.970608120139687,0.9705109103397797,0.9705481829557048,0.9721622705785931,0.9718569009518745,0.9716854367287245,0.9718500807429339,0.9719159207566089,0.9722057843422299,0.972270970561563,0.9719569362555818,0.971831109980791,0.9677253770387263,0.967738818256101,0.9677574233916181,0.9677465843977726,0.9677023823482934,0.9677088298014932,0.967682753948466,0.9676369193902724,0.9676845723664695,0.9676658135456498,0.9676231851234701,0.9675987257411,0.9677010414255983,0.9677168678004279,0.9677083050890215,0.9677228644151517,0.9676596468532679,0.9676688915090769,0.9676693762646528,0.9676668958922494,0.9676798166614388,0.967678440489839,0.9676543778288701,0.9676390012117714,0.967631741642538,0.9669732834662826,0.9669906670858567,0.966989437185642,0.9669915798176401,0.9669950906506557,0.966984075570944,0.966961639761411,0.9669668758888548,0.9669501924915418,0.9670060676684167,0.9669941881755879,0.966551493584901,0.9665503478320842,0.9665494098574069,0.9665439758273093,0.9665465164644673,0.9665232172661332,0.9665259790951107,0.9665256208103518,0.9669610954932356,0.9669617037020832,0.9669622709552406,0.9669633483794436,0.9669621442877895,0.9669550331562564,0.96701302022017
109,0.9650443520862056,0.9647784179662454,0.9632912703331177,0.9638995266200604,0.9628318928216382,0.9621140155849981,0.9602492378522458,0.9601043016778136,0.9615367019515424,0.962298111810302,0.9623565338167155,0.9624547828101506,0.9623985598526456,0.9624040139485494,0.9632632300342927,0.9632025568240282,0.9632803507301304,0.9625258155377386,0.9630131254094705,0.9603520092438752,0.9604747001366507,0.9602103081472042,0.9607527715259842,0.9616151957715108,0.9614615438707107,0.9615238373831356,0.9641905508802224,0.9637388371272159,0.9634873817515708,0.9637325671786925,0.9638319603454736,0.9644377311735827,0.9645372454031553,0.9640583780148072,0.9644886934864988,0.9563400504247046,0.9563561260220828,0.9563799549075228,0.9563674061146994,0.956313637898319,0.9563237343652389,0.956297614720083,0.9562402611898486,0.9562610318934551,0.9562372629197977,0.9561804098483243,0.9561487283394298,0.9561841450883415,0.9562061896332853,0.9562459582999353,0.9562657339400045,0.9561793569911411,0.9561923110627917,0.9561935941410326,0.9561988068333845,0.95621668387342,0.9562155725643192,0.9561826547293354,0.9561615035088596,0.956151218254907,0.955679133203597,0.9557021627271708,0.9556975547056625,0.9557053744468507,0.9557180953520101,0.955679841974914,0.9556050048899682,0.9556232825188067,0.9555665590002784,0.9556532183237799,0.9556090820476414,0.9541142890238667,0.9541104294189433,0.9541070348635989,0.9540885467852614,0.954096841997123,0.9540744423901973,0.954083288240535,0.9540826257980789,0.9544383206650601,0.9544384719359091,0.9544407064067834,0.9544451455249158,0.9544402337190684,0.9544125757116644,0.9545008293582573
110,0.95385877092031,0.953743038766466,0.9535008361249989,0.9545696776509736,0.9525648409696509,0.9498187030401144,0.9445213720193547,0.9444098926585563,0.9459489392311157,0.9467132561756382,0.9467807043464785,0.9468956779288012,0.9468694596236238,0.9470345901020566,0.9482724783995637,0.9482005887647738,0.9482826824167323,0.9475167611540469,0.9480783408824535,0.9460544202665347,0.9461873387954205,0.9459083404725197,0.9464923445291145,0.9474077782179156,0.9472756575603886,0.9473406866936507,0.9490413149158866,0.9486746273923508,0.9484753172642699,0.9486754098907775,0.9487596408390889,0.9495780840688449,0.9496647876100602,0.9492509190861328,0.95161228541795,0.9437245979062463,0.9437633099213045,0.9438228472179668,0.9437915286423492,0.9436610007845185,0.9436869607583797,0.9436457488776846,0.943511037209575,0.9433640606425571,0.943309653567801,0.9431830779487945,0.9431136909782948,0.9431294069917504,0.9431801590369406,0.9433252118146372,0.9433749961853669,0.9431616371651025,0.9431928438441813,0.9431960304138581,0.9432246835640543,0.9432683443922727,0.9432657019449744,0.9431857176630293,0.9431351683216572,0.943110636998628,0.9429024536881083,0.9429408585879476,0.94292993802997,0.9429484024121311,0.9429786419842753,0.942889008976582,0.9427120791022378,0.9427541886705718,0.9426254115920764,0.9427217676435524,0.9426177971993338,0.9382880745616282,0.938283411530409,0.9382789847501015,0.9382548720902082,0.9382661909736888,0.9382605025712994,0.9382719658017229,0.9382718063713021,0.93836199404032,0.9383620719574384,0.9383655691567225,0.9383725172689892,0.9383653040380994,0.9383226354041195,0.9382982772113821
111,0.9526713721756227,0.9527707233596856,0.9539740587947785,0.9549912087404644,0.9530288535869659,0.9503308435059847,0.9440802709593634,0.9439749464285941,0.9454582289593253,0.9460084471269827,0.9460549276645148,0.9461169475655878,0.9460476559169616,0.9460383561614913,0.946784944162713,0.9466947078293731,0.9467716083226123,0.9459449422155052,0.946312277892165,0.9444076496869035,0.9445334845708445,0.944262588112308,0.9448172813294351,0.9457026773363666,0.9456014540178946,0.9456623282962081,0.9472196474636692,0.9468987786283862,0.946724571152244,0.9468924512537213,0.9469653155894346,0.9475915545995819,0.9476679007244712,0.947302526726016,0.9516280887787283,0.9441182510497492,0.9441577831302224,0.9442186587358465,0.944187671558364,0.9440567903409446,0.9440835331291981,0.9440450900977985,0.9439102543480611,0.9437207648456859,0.9436665189521877,0.9435341496091868,0.9434652845620068,0.9434805209042065,0.9435312618479541,0.9436695800613036,0.9437210162292354,0.9435002757601008,0.9435322486892924,0.9435355698373195,0.9435660091711393,0.9436109145327738,0.9436084413672965,0.9435263279324577,0.943474539854868,0.9434495060534405,0.9430591127627228,0.9430974374845469,0.9430860357664315,0.9431051902016959,0.9431365653126457,0.943043306580796,0.9428488294821303,0.9428924178375244,0.9427601598813271,0.9428667826933176,0.9427567688658749,0.9369162443753294,0.9369122696644505,0.9369088071912804,0.9368901382423014,0.9368983345386481,0.9369004469617355,0.9369091558551341,0.9369084088827652,0.9369146115632612,0.936914165225075,0.9369171092461567,0.9369227651206654,0.9369160867901971,0.9368799373100246,0.936735374200109
112,0.9422237954101681,0.9430671559559942,0.9490725077234371,0.9503444246085652,0.9477109122154809,0.9447799752421642,0.9321552480087018,0.9319795620861924,0.9341783876810282,0.9348806165680887,0.9349369385132754,0.9350562520611075,0.9351158936867728,0.9352589741459532,0.935608326960501,0.9355640675163733,0.9356032277940826,0.9352177946672181,0.9354070777450629,0.9345516111941488,0.9346181295783097,0.9344716495435266,0.9347758220477028,0.9352671159188399,0.9352022126890445,0.9352352065051677,0.935268416602491,0.9351288323619923,0.9350545371983962,0.9351196468320468,0.9351515435717727,0.9355756955068589,0.935611446441643,0.9354382545124879,0.9453145004688164,0.9411591118894521,0.9411979254342777,0.9412578135719496,0.9412286826956199,0.9411040682812409,0.9411303492333101,0.9410960297005591,0.9409696771636277,0.9407610618800379,0.9407126504707686,0.9405889611119402,0.9405294540364073,0.940549644976975,0.9405946009768489,0.9407045717591944,0.9407521170670429,0.9405508789135373,0.9405796364761282,0.9405833114996591,0.9406112671406818,0.9406520529152672,0.9406508852371288,0.9405773365919314,0.9405316088575547,0.9405094691251799,0.9400147117066999,0.9400492839196934,0.9400406343396794,0.9400568996866819,0.9400837207073713,0.9400040461766034,0.9398317274641242,0.9398679324895534,0.9397604360340227,0.9398745599290163,0.9397822755347661,0.9342600475965583,0.934264471936096,0.9342676456945027,0.9342814234357391,0.9342782452071617,0.9342726351747483,0.934265569331645,0.9342679623997776,0.934246023211529,0.9342478795129494,0.9342459951456396,0.9342414572255959,0.934249023915315,0.934273072000872,0.9342011295555198
113,0.9345932246973343,0.9360489709840351,0.9463891110741657,0.9477798962849717,0.9446997560107847,0.942094997776435,0.9231848729491178,0.9229488555123835,0.9256244149356415,0.9268021010344315,0.9268939949338733,0.9271924811344235,0.9275518549289711,0.9281139142822278,0.9281597170311335,0.9282476249409187,0.928213338097714,0.9287861201390014,0.9287448475690707,0.9290424838127282,0.9290060071570924,0.9290693284598417,0.9289492442237584,0.9287430960407558,0.9286815793794787,0.9286700629832475,0.9284140491881133,0.9285117189880256,0.9285588131316086,0.9284955917874419,0.9284724615420387,0.9286827555190469,0.9286621872662405,0.9287380461804265,0.9475123986507032,0.9459598058048792,0.9459796573801075,0.9460103652564311,0.9459964590464005,0.9459352790266207,0.9459489126939946,0.9459328471165774,0.945871598852115,0.9457630342980932,0.9457411188533047,0.9456811474642844,0.9456552523097882,0.9456661178641863,0.9456864202414559,0.9457316744040274,0.9457541922115954,0.945660502087755,0.9456737117801748,0.9456759264646041,0.9456893059080959,0.9457082507370504,0.9457085262328807,0.9456750690998148,0.9456546581288751,0.9456447091883334,0.9454239050374422,0.9454391744844461,0.9454362966031552,0.945443193031224,0.9454546904006662,0.9454205500141423,0.9453429483297783,0.9453577749537918,0.9453153967314294,0.9453811884330535,0.9453421438760577,0.9431274341530037,0.9431311131583263,0.9431336240686423,0.9431442031967929,0.943142249096942,0.9431381789889057,0.9431327520261173,0.9431350154211716,0.9431219390537522,0.9431236830928043,0.9431222904409319,0.9431188312966536,0.9431250998865947,0.9431433086278571,0.9431133845898173
114,0.9293474429406949,0.9312107130213766,0.9445497261959633,0.9459802911853581,0.9426167353064918,0.9403154388156801,0.9164351474308307,0.9161452564870035,0.9190907966000821,0.9208997644857291,0.9210315628153697,0.9215449970736542,0.9222322317680373,0.9232753373779189,0.9234168791816015,0.9236382478181449,0.9235311714068548,0.9250142825888901,0.9247907530385954,0.9259357957711819,0.9258082417697131,0.9260444227789312,0.9255678463544414,0.9247636504977615,0.9246847942769317,0.9246321962181585,0.9248953776969923,0.9252193124962976,0.9253771539863649,0.925194953925765,0.9251188218736656,0.9252160381865874,0.9251410355529441,0.9254457942523598,0.9535859585726031,0.9535859465918507,0.9535859389390382,0.9535859270253723,0.9535859181014341,0.9535859114690993,0.9535859005881705,0.9535858905863158,0.9535858855489903,0.9535858971556861,0.9535858884787389,0.9535858875703631,0.953585879743495,0.9535858687840062,0.9535858597518829,0.9535858518064604,0.9535858440614462,0.9535858437482512,0.9535858364473933,0.9535858272079362,0.9535858169064156,0.9535858063457425,0.9535857964937543,0.9535857911295885,0.9535857830816011,0.9535857771873529,0.9535858104568373,0.9535858002257225,0.9535857914506433,0.9535857823139986,0.9535857819330975,0.9535857784600849,0.9535857782639091,0.9535857688039239,0.9535857842971937,0.953585775189081,0.9535857776609609,0.9535857130585946,0.9535857049780128,0.9535857056082627,0.9535857009093198,0.9535856941545001,0.9535856845145291,0.9535856744179283,0.9535856655318184,0.9535856557967545,0.9535856495358069,0.9535856404871267,0.9535856311050033,0.9535856259693851,0.9535856316532912,0.953585679045184
115,1.0374215466077714,1.0380271112389585,1.016419885253397,1.015178478406538,1.0172538214731817,1.0159336261692415,1.0173066453394934,1.040378597632665,1.0403785855858585,1.0403785720107672,1.0403785619652042,1.0403785480869252,1.040378529652579,1.0403785034151496,1.0403784948670465,1.0403784841626114,1.0403784636472126,1.0403784397030444,1.0403784293508165,1.0403784071909268,1.040378408657308,1.0403783936730988,1.0403784080441962,1.0403786071039502,1.0403786028488442,1.0403785999360806,1.0403786069918812,1.0403786049162278,1.0403786018977799,1.0403786000142257,1.040378598239616,1.0403785952033509,1.0403785740210285,1.0403785707983824,1.0403785693140777,1.0403785646515058,1.040378568186253,1.0403785654233484,1.0403786470211238,1.040378645455799,1.0403786444379821,1.0403786428765773,1.0403786416962917,1.0403786405352715,1.0403786389589658,1.0403786374345807,1.0403786346915127,1.0403786339390129,1.0403786334069018,1.0403786330175797,1.040378632915096,1.040378630157136,1.0403786179624164,1.040378618465879,1.040378617216994,1.0403786160148276,1.040378614643669,1.040378613502947,1.0403786120137613,1.0403786118919913,1.0403786087294367,1.0403786078403425,1.0403786064075329,1.0403786051866557,1.0403785167791102,1.040378512902253,1.0403785059892092,1.04037850479129,1.040378505734528,1.0403785053259493,1.040378501712849,1.0403784947129238,1.0403784915579715,1.040378494681902,1.040378489656968,1.0403784883511125,1.0403784868699213,1.0403784856630043,1.0403784828813785,1.0403784809895436,1.0403784765107356,1.0403784744278917,1.0403784728456085,1.0403784573804113,1.0403784512024519,1.040378441774719
116,1.038544900290757,1.0392399141883721,1.0234166062793568,1.0227325001939198,1.023609114626735,1.0218230888106625,1.0224075495820752,1.0420596988683162,1.043086996781198,1.0433594779289568,1.0434209122112528,1.0435610295882476,1.0437118953360804,1.0439828979146268,1.0439877936183701,1.0437358366719653,1.0424182377934517,1.0427495720311022,1.0426575929534239,1.0428917632264842,1.0431917593812994,1.043245258630144,1.0432301380922155,1.0432381205443617,1.0431609441815353,1.0431609938470157,1.0431631431482384,1.0432008169129368,1.043104096773959,1.043088389357727,1.0430881521055644,1.0430993840694884,1.0420903814505444,1.0420990215759232,1.0421011195558119,1.0420979736957623,1.0420910497145037,1.0420797127485826,1.0445152668099846,1.0445386313055374,1.0445313773897358,1.044531653845734,1.044553516383723,1.0446071382123867,1.044622275498015,1.0446537986678366,1.04466898543246,1.044658424466367,1.0446489762865792,1.0446319420675374,1.0446070370816913,1.0446626508160641,1.0428778212952072,1.042940640943592,1.0429265532862664,1.0429027686980308,1.042907015093953,1.0429455984247487,1.0429761968681235,1.042974834864229,1.0432907399870606,1.0432641829093376,1.0432714477842377,1.0432605887928714,1.0423153410426325,1.042350710208751,1.042399839543173,1.0423877751408386,1.0423611165919433,1.0423438438198256,1.042373414382595,1.0424183367694055,1.042422384294217,1.041610835309528,1.0416373659777218,1.0416122921301472,1.0416026561812184,1.0415904115571246,1.041592908504869,1.0415874409583015,1.0415166379395597,1.041513025659569,1.041505799585903,1.041456679110411,1.0415050423954746,1.0416258834734857
117,1.0486081254925264,1.0494129502771519,1.038437854612819,1.0382403606878656,1.0381992474677622,1.035802960776722,1.035489560082731,1.051586307463417,1.054449501725595,1.0556834154746473,1.0558166849279604,1.0561945794743683,1.0565656496365075,1.0569943620024755,1.0570481157909692,1.0566115885032705,1.054443881715044,1.055102539584388,1.0549951397830466,1.0553852327299331,1.0555564575268532,1.055657920855721,1.0555381359465401,1.0548254266447374,1.0547236504100506,1.054718153859857,1.0547362409277825,1.0548461344329083,1.0547620580959263,1.0547079864957294,1.0546992690449226,1.0547270880340593,1.0538319238413487,1.0539050267930503,1.053982093789246,1.0540481040376806,1.0539516076212758,1.0539179561003722,1.0580376300142762,1.0580720005923385,1.0580603966283213,1.058061252139024,1.0580997019118217,1.0581737442245125,1.0581942759714336,1.0582369971815107,1.058263326893104,1.0582485380291795,1.0582350367399198,1.0582115783761536,1.058178582394421,1.058254479004503,1.0552558128133733,1.0553156904445893,1.0553008216960915,1.0552759643794818,1.0552801505930731,1.0553195294018918,1.0553531386295794,1.0553585820675309,1.055687943247621,1.0556602620565516,1.0556675748035689,1.0556549843091103,1.0552697515306393,1.05531309923637,1.0553805440188682,1.0553637464445058,1.0553346061032465,1.0553105713009143,1.0553511970423601,1.0554135984227642,1.0554191919845104,1.0533564390814572,1.0533998153635125,1.0533721868951782,1.053356210861832,1.0533359225146346,1.0533393325674336,1.0533302961861641,1.0532667907417113,1.0532606233628854,1.053248191727471,1.0532396366768375,1.0533201787028317,1.0535214513006854
118,1.036799120613154,1.0375239550858384,1.0266510039131913,1.0264535971171627,1.0262839565632789,1.0243040743445015,1.024329535870798,1.0406833674110023,1.0422249896977949,1.0426764597824705,1.042786190110095,1.0430608428962165,1.043376278795925,1.0438967645612636,1.0439367177393477,1.0432721954681905,1.0403740985575147,1.0410410967922619,1.0408733849157852,1.0413673330703062,1.0417573670064997,1.0418799049429197,1.041773431317391,1.0415258885764254,1.0414074496969337,1.041404662682797,1.0414170734025492,1.041501581640504,1.0413612613314158,1.0413191963453403,1.0413095688857401,1.0413325790419414,1.0397691226117982,1.0398183247700057,1.0398800453345312,1.0399369293928595,1.0398033254147878,1.039774702213458,1.0420138975781537,1.042031985704171,1.04202076747048,1.0420060287228508,1.0420330928326609,1.0420841376357433,1.0420982052987016,1.0421276347994868,1.0421430652844927,1.042132172024665,1.0421243112938172,1.0421087613088733,1.0420818327560757,1.042133808979536,1.036574767703195,1.0366453012847834,1.0366320451183326,1.0366099199710943,1.0366135913864458,1.036649624365133,1.0366799298847829,1.0366887400826004,1.0369866687236813,1.0369613013215888,1.0369679488965422,1.0369552511524405,1.0366454660956903,1.0366899133947398,1.0367625496411126,1.0367441894682052,1.0367377895273668,1.0367115452962457,1.0367559627259497,1.0368250932853884,1.036831794741738,1.034738106770893,1.0347677819800691,1.034738100745707,1.0347273624151894,1.0347138370725617,1.0347161440764694,1.03471011784307,1.0346628640050695,1.0346586650415046,1.0346501941085147,1.0346386370025287,1.034694821933652,1.0348396475608101
119,1.0334284887504663,1.0341150788423252,1.0272661084918653,1.0274426740419196,1.0265265688337848,1.0248042219296576,1.0245718420702903,1.0378499944373951,1.0393935687245655,1.039881933418465,1.0400094566011175,1.0403490884110962,1.0407414609615224,1.0412710753277856,1.041324560640669,1.0401786424065262,1.0357526137165967,1.036343238878941,1.0361658170399792,1.0366234192703327,1.036925842511217,1.0370438816041496,1.0369354012505807,1.0366351263623912,1.0365885744079362,1.036586640627212,1.036594657712709,1.036661052362709,1.0365310552502103,1.0364954996815268,1.0364871348518976,1.036506105530169,1.0351490454241734,1.0352081798177908,1.0352886789943527,1.0353684222015684,1.0352829052193697,1.0352678257905892,1.0364567580007018,1.0364649748087906,1.0364513127004484,1.0364204238698926,1.0364437866057552,1.0364773363005695,1.036486602768375,1.0365060296614423,1.0365156291588584,1.0365042717639763,1.0364991160982118,1.0364897638054769,1.0364706241259456,1.0365061234215969,1.025154355906574,1.0251543612477052,1.025154366082126,1.0251543708388884,1.0251543758307722,1.0251543795116826,1.0251543850005742,1.0251543891525952,1.025154388020581,1.0251543924873576,1.0251543973109507,1.0251544023378216,1.0251544075050285,1.0251544108597137,1.0251544137524697,1.025154418413973,1.025154408823926,1.025154413227564,1.0251544134690342,1.025154415662202,1.0251544199589147,1.0251542383641128,1.025154238524929,1.025154238223341,1.0251542409553454,1.0251542439690005,1.025154245985624,1.0251542484633025,1.0251542575725288,1.025154259979883,1.025154262615362,1.0251542632840198,1.0251542604782728,1.0251542487462866
120,1.031018285562569,1.0316565905664037,1.0268273928812641,1.0271688313957412,1.025958665684002,1.0246644081607157,1.0244185042543528,1.0360028346705306,1.037317786174819,1.0377206883196688,1.0378423248530766,1.038173461174318,1.038550183118283,1.038964286994899,1.0390075605137026,1.0376192194191218,1.0325603874567004,1.0328910526830462,1.032750776899271,1.0330237666514523,1.0332342077747918,1.0333126460580002,1.0332609535334527,1.0330645015469062,1.0331651375392352,1.0331662603112797,1.0331620001114354,1.0331843741015174,1.0330611020142058,1.033048428691378,1.0330484568219815,1.0330567993100568,1.032046878184801,1.032079491367861,1.0321243343974333,1.032171622604837,1.0322773738134678,1.0323086589859822,1.032976048025656,1.0329739092776,1.0329605639118655,1.0329251484807453,1.032934867112822,1.0329485489408974,1.0329519127445639,1.032958739598294,1.0329602215461786,1.0329482122881652,1.032947236456376,1.0329453626533835,1.0329349484683836,1.0329486754283892,1.0258171040377733,1.0258133221550805,1.025808804411218,1.0258017904051144,1.0258026471614785,1.0258155927121824,1.0258327220228738,1.0258466424305852,1.0259418404768708,1.0259312279792194,1.0259333718632855,1.0259532267410587,1.0260226209729524,1.0260344736243863,1.026055701606363,1.0260502070732311,1.0260610300852508,1.026053526706871,1.0260664613155126,1.0260863400672084,1.0260885352631746,1.0254734124950002,1.0254648352485605,1.0254508296156442,1.0254535844977417,1.0254578029083232,1.0254572834085485,1.0254591824808927,1.0255227060461247,1.0255235135925893,1.0255251061899087,1.0255238588633993,1.025513927155388,1.0254877665365492
121,1.0205548717824242,1.0209884526634367,1.0189808741431285,1.0194314783919811,1.0182002701370823,1.0192072220353037,1.0196275495638578,1.0277131146355583,1.0274090831352296,1.0270040790404584,1.0270539394637082,1.0271737101988936,1.0272947432918864,1.0272540435019137,1.0272281103289136,1.0260154916490345,1.0220052417952705,1.0218203380361197,1.0218263907802714,1.021682771436028,1.0217431147469556,1.0217756259240973,1.0218243143692007,1.0217856212408,1.0225493054060124,1.0225560233239435,1.0225255777599522,1.0224877968412136,1.0223821933877162,1.022402802818835,1.0224184841971204,1.022411132203243,1.0219155923768257,1.0219053501280166,1.0218859209528361,1.0218749970096568,1.0220722244821954,1.0223084895770653,1.0224357736262693,1.0224159624228624,1.0224014118317621,1.0223856112953424,1.0223763445277498,1.0223615891751763,1.022354765539807,1.0223394010459246,1.0223265620591877,1.022297900532506,1.0223048596172437,1.0223179230165327,1.0223214208925555,1.0222968064356845,1.0198940296195025,1.0199398334407552,1.0199315414101737,1.0199210353575996,1.0199220116039345,1.0199420434556088,1.0199587352943094,1.0199820415843412,1.020124735230295,1.02010364114225,1.0201074932700662,1.0202301658662012,1.020288517968938,1.0203043939757097,1.0203334657259626,1.0203259112825513,1.0203499039179487,1.02033929010368,1.0203577079828932,1.020386184910776,1.0203895074243374,1.0207024488516372,1.0207105598528368,1.0206977286930714,1.0206917269248355,1.0206847041474962,1.0206854945651722,1.0206838582309004,1.0206156583268697,1.0206143093639448,1.0206113103871577,1.0206154844073068,1.020632675716966,1.0206748872815479
122,1.0117271648641764,1.0120017089837257,1.0131184761580447,1.0134976439650216,1.0125678257124864,1.0164744483712855,1.0174257820004697,1.0222469414768989,1.0206329191447934,1.0191248817276966,1.0190597802124537,1.0188141578415124,1.0184839251121078,1.0178992434017202,1.0177579286778609,1.0169094598109543,1.0144227927679943,1.013751470902641,1.0141381958673574,1.0135080633092697,1.013436578376442,1.0134938594813567,1.0135681235776268,1.0134474924972514,1.015409632789477,1.0154161881417605,1.0153696026901289,1.0153421630433892,1.0152813486990508,1.0152948435011184,1.0153100117721898,1.015301749169776,1.0151990244666047,1.0151891610830395,1.0151634549129955,1.015160425738167,1.0151728216535911,1.0155749578048163,1.015569911119945,1.0155474858353153,1.0155260078104176,1.0156325027257138,1.0156197199115669,1.0156086233523396,1.0156003676794918,1.015580783696733,1.015565915506012,1.0155063729904912,1.0155145455407752,1.0155360291298687,1.0155422637407585,1.0155115523494072,1.0148642091681164,1.014957841087136,1.0149509395176075,1.0149458917147076,1.0149455487233683,1.0149551728782973,1.0149723621871856,1.014991972422676,1.0150508734411952,1.0150324615029775,1.0150345990962946,1.0153476184272703,1.0153575801837467,1.0153604661866413,1.0153655281841516,1.0153642229813586,1.0153680935718064,1.0153663768192542,1.0153695716805762,1.0153742111777533,1.0153747920301763,1.0154789237875215,1.0154807394272092,1.0154811749549872,1.0154772289014098,1.0154747947642462,1.0154750685183271,1.0154746927065081,1.0154064154587545,1.0154061767453846,1.0154055800810071,1.0154065308649274,1.0154096113678686,1.0154164770636063
123,1.0120048209659178,1.0122778190578272,1.0140319433443927,1.0143991044131955,1.0134903547600993,1.01819783036412,1.019238549762557,1.023812502778982,1.0219381900515998,1.0201091412866816,1.0200146337472078,1.0196711759082897,1.0192148301108797,1.0185060344102332,1.0183257050809036,1.0174409316169584,1.0149952341295858,1.0141720727095376,1.0146641353750223,1.013856684695911,1.0137680465011065,1.0138410936592481,1.0139189317736046,1.0137746388508708,1.0161711587845828,1.0161776120820618,1.0161247909980222,1.0161061197192094,1.0160549441769124,1.0160637362849465,1.0160783297051756,1.0160714371172963,1.0160215138269377,1.0160171227870505,1.015997209022874,1.0160028723078234,1.0159513605545607,1.0164320614197373,1.0164147380820368,1.016393441279865,1.0163681775864823,1.0164910266953127,1.0164786151727314,1.016471453649809,1.0164636166605463,1.0164447038305104,1.0164306033676629,1.0163652612985408,1.016373184466114,1.0163956190641537,1.0164017537155121,1.0163719630738715,1.0159362733970159,1.0160239860226732,1.0160171507382796,1.0160133118806047,1.0160127149524587,1.01601994677683,1.016038754765451,1.0160573062871137,1.0160973462942657,1.0160791247186938,1.016080815601656,1.0164727202554174,1.0164727209365318,1.0164727209303435,1.0164727209117979,1.0164727207202282,1.0164727209228177,1.0164727207663138,1.0164727207924473,1.0164727207061095,1.016472720544705,1.0164727321656752,1.0164727320897282,1.0164727323213094,1.016472730654587,1.0164727301207495,1.0164727300616567,1.0164727300082226,1.0164727217226845,1.0164727216049976,1.0164727214812985,1.0164727213664375,1.016472721179237,1.0164727208676045
124,1.0024431419900508,1.0026211185328282,1.0064014440936884,1.0063931867136493,1.0063211918800437,1.0155009636955803,1.0171301649104458,1.0186072547031024,1.015702966334458,1.0123111930084756,1.0120555008018253,1.0111781452467685,1.0100623376159836,1.0091092962663826,1.0087386651523822,1.0083013527284035,1.0071894779870931,1.0057369209248523,1.0069775401792849,1.0051390552589323,1.005016834701612,1.0051647297791653,1.0052327604929225,1.0049534908678266,1.0098702725923256,1.0098736191723547,1.009816441047226,1.0098146046843666,1.0097991729271876,1.009795500198539,1.0098013014486216,1.0097958274957017,1.0098340034666804,1.0098344555019,1.009820628812618,1.0098466498279701,1.0098074638413035,1.0100940782464094,1.010075764257447,1.0100671279071767,1.010044856395058,1.0102606193077743,1.0102530406129084,1.0102654274487244,1.0102622626835072,1.0102537010841532,1.0102472539054055,1.0101810519423222,1.0101848260808848,1.0102049436344558,1.0102076497670893,1.010194286746911,1.0101587859716181,1.0102079343069252,1.010202554894956,1.0102027042557924,1.0102014500838021,1.0102011327659417,1.01022033943576,1.0102252780269676,1.0102218590250303,1.0102308310956234,1.0102310781918975,1.0103595892405453,1.0103590141202043,1.0103554841936437,1.0103475414661907,1.010349497831351,1.0103414985007153,1.0103449727876435,1.0103401039946192,1.010332277703641,1.0103313716270717,1.0103236264723447,1.010319720246266,1.0103239444726646,1.0102897977392378,1.0102887595328993,1.0102878941494937,1.0102868746714313,1.0102462528140534,1.010246986957154,1.0102483656766004,1.0102465320762362,1.010237557874992,1.0102146897594668
125,0.998502756006689,0.9986669532765415,1.0023314437730888,1.0022383135298878,1.0024041666442305,1.0149145483485278,1.0167596376306571,1.0172715714662939,1.0142159368743369,1.0101891922275215,1.009865118828886,1.0087517442895166,1.007308451452747,1.0061632950624817,1.0056472079669063,1.0053675723175899,1.0047376931454208,1.0028907302613088,1.0044188855822014,1.0014483468156095,1.0013328271394186,1.0015266962097942,1.0015479096220243,1.001208891439011,1.0083398808675652,1.0083398782525679,1.008339876499819,1.0083398773876495,1.0083398757084798,1.008339871742792,1.0083398690676397,1.0083398660625005,1.008339864679535,1.008339865256232,1.0083398669964618,1.0083398722589012,1.0083398704050108,1.008339874944146,1.0083398728421287,1.0083398718989445,1.0083398680855868,1.0083398765551301,1.0083398757659092,1.0083398800101377,1.0083398786742177,1.008339879026228,1.0083398778195085,1.0083399001246798,1.0083398991148707,1.008339898720586,1.0083398978919333,1.0083398972418354,1.0083398972915767,1.0083398979602523,1.0083398963029904,1.0083398951575875,1.0083398939037838,1.008339893052091,1.0083398928520373,1.0083398921945235,1.0083398948635347,1.0083399074599217,1.0083399066390477,1.0083399083454834,1.0083399083185787,1.008339907769376,1.0083399070664787,1.00833990630625,1.0083399072137784,1.0083399066305216,1.0083399064719167,1.008339906660765,1.00833990588596,1.0083399054982538,1.0083399046384125,1.0083399045072838,1.00833993747376,1.0083399369875268,1.0083399364780605,1.008339935272471,1.0083399315262898,1.0083399311810788,1.0083399308813752,1.0083399304827094,1.0083399297986069,1.0083399289699995
126,0.9929612529105404,0.9931027256760494,0.9960210833917018,0.9959805419184725,0.9961699933793663,1.0125341976635935,1.0139587375845474,1.013724303657807,1.0118972208131425,1.0080454677589947,1.007700805514347,1.0065004647982865,1.0048576643436686,1.0032653570171421,1.002539963859809,1.0023677305988445,1.0022238161356034,0.9999341867482712,1.0012352481859608,0.9957614442670736,0.9956837549309716,0.9958642839800183,0.9958330190301264,0.9955465481727793,0.99936507693634,0.9993759272571369,0.9990473598114287,0.9990330164334645,0.9990274367032086,0.9990150531169981,0.9990168703909246,0.9989743088839711,0.9989896613840377,0.9989813396785422,0.998883883879989,0.9989352406606253,0.9989712041180009,0.9989601816442069,0.9989597063857492,0.9989695417269421,0.9989332544533279,0.9990109544454379,0.9990150857356913,0.9991595129737928,0.9991649727649614,0.9992021997928966,0.9992098046370879,1.000948996476377,1.0009491582849213,1.0009520584215459,1.0009535867425787,1.0009462918512113,1.000961838680185,1.0009711228547113,1.0009495598149267,1.0009514946666227,1.0009500825695477,1.0009465339589068,1.0009489939256326,1.0009477071665989,1.0009533170113836,1.0013903325541433,1.0013917487529196,1.0013831649846963,1.0013809319902316,1.0013871692387957,1.0013948755944695,1.0013926798626938,1.0013971873854517,1.001396778428622,1.001401319934923,1.0014483735787536,1.0014487005808754,1.0014490042837747,1.001449696109109,1.0014507960258396,1.003662445848872,1.003662444426323,1.0036624432535626,1.0036624435508912,1.0036624418715818,1.0036624408280952,1.0036624397789211,1.003662439073691,1.0036624390660358,1.0036624415150304
127,0.9894900743394366,0.9896086058011461,0.9918452078225687,0.9918792655995253,0.9919641696865179,1.0075262735419817,1.0083726075386665,1.007928871355097,1.0074081213554094,1.0044166219966595,1.0041288165655893,1.0031097940594251,1.0016590408541,1.0001392541927976,0.999404143089081,0.9992482178023625,0.9992230377146881,0.9970367071995331,0.998045835387456,0.9919909994042627,0.9919393193316205,0.9920659906775522,0.992053153488506,0.9918770493464685,0.9944541490211898,0.9944705070560513,0.994380633072337,0.9943132176443984,0.9942787606317759,0.9942907124478242,0.9943028774714283,0.9942421403690679,0.9942665788858366,0.9942081845143783,0.9940365821817163,0.9938161241297944,0.9938521518031673,0.9938387496737784,0.9938362219824511,0.9938376026585722,0.9938077426095778,0.9938718332011319,0.9938687338351434,0.99409514151895,0.9940966611095187,0.9941247228805026,0.9941280732649984,0.996020653277133,0.9960199953221732,0.9960317170308182,0.996032721417216,0.9960286180742475,0.9960394977432029,0.9960474103124652,0.9960107252700667,0.9960117559498537,0.9960105172799807,0.9960087279681148,0.9960104677131898,0.996010024519407,0.9959125422548454,0.9963175801874735,0.9963203632643068,0.9963119808034029,0.9963061613551227,0.9963228080251122,0.9963502543281012,0.9963431044530622,0.996363193458945,0.9963564240086279,0.996372537333041,0.9964506840762427,0.9964527448131991,0.9964547804539505,0.9964630567511854,0.9964607273079699,0.9977241754909134,0.9977215199266248,0.9977217868647508,0.9978210922297323,0.9978179582205859,0.9978175113021274,0.9978165238173736,0.9978176451240292,0.9978227900549907,0.9978452297463869
128,0.9846709749697746,0.9847807429649249,0.9867683614997855,0.9867859837212111,0.9869055269017311,0.9991759604699407,0.9993929802627838,0.998922469597462,0.9997715392603295,0.9981663855668298,0.99798552762891,0.997325497197008,0.9963107524669987,0.9948989440222427,0.994221315740511,0.9940805835718021,0.9941358683796034,0.9923480405211675,0.9926209190917232,0.9865795040652768,0.9865872680779302,0.9865738357966818,0.9866937834345412,0.9868605231737729,0.9878892329023407,0.987919073706901,0.9889561538441248,0.9887077727705407,0.9885698413078291,0.9886799616905001,0.9887291924687469,0.9886581074287474,0.988713667326018,0.9884741194295076,0.9881160843608005,0.9865085259783308,0.9865416354104026,0.9865553832700192,0.9865405718672338,0.9864896172886446,0.9864811976325627,0.9864816216163256,0.9864300384463128,0.9866689293477408,0.9866493333920139,0.9866215621876825,0.9865985035429722,0.9878192853453995,0.9878335517916367,0.9879123836367989,0.9879268727798471,0.9878663907319675,0.987878352262694,0.98788122433992,0.9878504029024856,0.9878624442552899,0.9878605500081444,0.9878381789325502,0.9878250520868157,0.9878188218468842,0.9870145729543284,0.987064375784401,0.9870679334671695,0.987061599537266,0.9870538982634288,0.9870760319574209,0.9871144419381495,0.9871044385798542,0.9871341533436553,0.9871288108697897,0.9871522640956102,0.9872166479151784,0.9872197796148503,0.9872226612611925,0.9872351818435267,0.9872306951039642,0.9875733407275064,0.9875697697610908,0.9875702659926772,0.9880369151367185,0.9880361448839535,0.9880355803645107,0.9880343370690479,0.9880359724836033,0.9880425286535253,0.9881001193827452
129,0.9839073057080066,0.9840666635697849,0.9872401565434511,0.9869639637564604,0.9876600558330619,1.001338963392113,1.001534855598639,1.0011363000014892,1.0022972708751459,1.001075782535412,1.0009222853539403,1.0003442995267313,0.9993721121761774,0.9975913044414642,0.9968906260428126,0.9967135331428161,0.9968241130587518,0.9947019133952978,0.9946256911641282,0.986222799369321,0.9863176280686097,0.986094511887772,0.9865491581481004,0.98730909003088,0.9876093373595644,0.9876731917994184,0.9919565021063744,0.991330944968895,0.9909734878429484,0.9912875627870285,0.9914155304583313,0.9913859168194105,0.9915167577490382,0.990889073591841,0.9901174144923098,0.9845746645856694,0.9846335986399335,0.9847084810963063,0.9846599491942191,0.9844758143263637,0.9844957684602396,0.9844332002903274,0.9842492514014298,0.9842207349980898,0.9841437081923153,0.9839836354897127,0.983887229470678,0.9845818501238944,0.9846487024791115,0.984802107367134,0.984867756923514,0.9845864513567087,0.9846271129722547,0.9846285923431609,0.9846198215431187,0.9846761933434743,0.9846686071555212,0.9845627967981104,0.9844961077751126,0.9844650190869788,0.9808643230716145,0.9807746997748282,0.9807768168260113,0.9807736400462815,0.98076901830236,0.980782015564483,0.9808034066736866,0.9807972855642076,0.9808152344648583,0.9808274008423528,0.9808425104509125,0.9808492216614644,0.9808506477436252,0.9808520357728426,0.9808578135771815,0.9808557107174243,0.9808982712268808,0.9808968766061199,0.980896888762037,0.9823896212152465,0.982389620713523,0.9823896199826236,0.9823896192331145,0.9823896187910797,0.9823896189931567,0.9823896474187135
130,0.9762067912455354,0.9762146069073179,0.977501286835394,0.9772688259067601,0.977803811842792,0.9830463635270758,0.9830512141787972,0.982931494980942,0.9837919487976773,0.9836317394939227,0.9835961828522873,0.9834078841635042,0.982972905288209,0.9819947132088793,0.9818479192157498,0.981720599656269,0.9818175374304638,0.980374630664012,0.9804033962798298,0.975044007255846,0.975179806526906,0.9748678388079518,0.9754773149465389,0.97647584126019,0.9764209953851285,0.9764946200736058,0.9819605669245731,0.9812751909622135,0.9808839579013172,0.9812384817505462,0.981382202430364,0.9815844460573826,0.981729264535431,0.9810263154282376,0.9806371489598329,0.9706694534540408,0.9707046965545565,0.970754848428952,0.9707239415747532,0.9706039711332397,0.9706208950822003,0.9705762613775523,0.9704548184974419,0.9703575218922149,0.9703053034440761,0.9701915850874078,0.9701247337189799,0.9703238542658523,0.970369973930626,0.9704700587653486,0.9705144248834455,0.9703228658158939,0.9703506254001779,0.9703517874121255,0.970354945957628,0.9703936761698192,0.9703890436287413,0.9703165293776668,0.9702705071543032,0.9702487807217526,0.9676750424251702,0.9676300092005752,0.967628577230383,0.9676312306352907,0.9676357512961193,0.9676222385652543,0.9675962034838838,0.9676025042336883,0.9675825987045991,0.9676224305724281,0.9676085835280109,0.9672453323816329,0.9672425412739045,0.9672401429078865,0.9672265962060654,0.9672325953471496,0.9672310739769433,0.9672379980412679,0.9672376287331599,0.9678891543646867,0.9678890901529406,0.9678911139392296,0.9678951979333941,0.9678906585559097,0.9678660666812386,0.9680545359772957
131,0.9718820753079179,0.9718141409744615,0.9723602003226476,0.9723462805805887,0.9724755984891169,0.9759438054406229,0.9754875933364519,0.9753544456248624,0.9765654667286265,0.9767531949452475,0.9767547626769023,0.9766746411917376,0.9763739249845067,0.9756831380300229,0.9757026269068172,0.9755838285667262,0.9756804558575715,0.9743735625594631,0.9744846543989607,0.969999634448677,0.9701453228072768,0.9698168635851022,0.9704593454423829,0.9714980766863834,0.9713887660073468,0.9714687507766411,0.9786233352853851,0.9779461579470962,0.9775626402686011,0.977913227963157,0.9780563008359666,0.9783493835650424,0.978494565307935,0.9777889113043393,0.9781410168292474,0.9625377756888054,0.9625377810458594,0.9625377893749076,0.962537792743709,0.9625377909895736,0.9625377973954571,0.9625378006444285,0.9625377975618069,0.9625377805681803,0.9625377819634013,0.9625377760774213,0.9625377759398238,0.96253778407744,0.9625377909426586,0.962537801637524,0.962537807993067,0.9625377964476131,0.962537801567078,0.9625378059321626,0.9625378114412181,0.9625378189050422,0.9625378232005061,0.9625378208331427,0.9625378213773814,0.9625378225573198,0.9625375822923965,0.9625375838250815,0.962537583893286,0.9625375855385068,0.9625375871118256,0.9625375828125596,0.9625375726483112,0.962537575431749,0.962537567737747,0.9625375739118835,0.9625375682034275,0.9625374423762673,0.9625374403652204,0.9625374396818048,0.9625374348982223,0.9625374356550049,0.9625374352065216,0.9625374358156299,0.9625374343771396,0.9625374506470278,0.962537449774288,0.9625374494269199,0.9625374497448258,0.9625374474463279,0.9625374393794607,0.9625374220840777
132,0.9669377022640088,0.9668043433929324,0.9667171045653187,0.9669666911256032,0.9665593438717847,0.9673825612924062,0.9663021846292112,0.9662154993670772,0.967169844994238,0.9673862478992474,0.9673985612608627,0.9673656631373115,0.967168823656025,0.966760274339227,0.9668543539079264,0.9667540176360461,0.9668330047855536,0.965835255948907,0.9659735329999966,0.9630082923152458,0.9631300277584465,0.9628608588603906,0.9633916534012821,0.9642526348041135,0.9641591434072502,0.9642267270251099,0.9700172500655221,0.9695702813006551,0.969322670531201,0.9695513890744456,0.9696469960684586,0.9699662229026101,0.9700643655327034,0.9695889826731249,0.9716646016733564,0.9618372044293291,0.961842246735135,0.9618500343732467,0.9618491519790102,0.9618386003207567,0.9618430641642722,0.9618400983806763,0.9618274108604707,0.9617171967433251,0.9617098631721209,0.9616711815716222,0.9616604008049422,0.9616409493176701,0.9616492801959812,0.9616865118353219,0.9616965894588515,0.9616504355121154,0.9616571595790269,0.9616587177934872,0.9616637149251224,0.9616728436461358,0.9616738765445583,0.9616579751740644,0.9616479249975409,0.9616428577916492,0.9602963834130929,0.9603144318277055,0.9603100147094162,0.9603184485602948,0.9603324190258232,0.9602909223620307,0.9601757701707712,0.9601954598436558,0.9601371070715797,0.9601984236675355,0.9601431769843871,0.9577699944928287,0.9577666202707714,0.9577636240939312,0.9577454979726359,0.957753999598844,0.9577588976556812,0.9577669285935149,0.9577668016030799,0.9577303570028471,0.9577303180059621,0.9577333554537354,0.9577386703284583,0.957732999832002,0.957695579815059,0.957064960606746
133,0.9560442795254236,0.956216467416643,0.9578553414457908,0.9586159313944955,0.9571157211561456,0.9550175801106148,0.9497418173888639,0.9496525740361685,0.9508514315566976,0.9512188783389471,0.9512466787190004,0.9512789258537172,0.9512089330961113,0.951113555562077,0.9513335241992626,0.951260255933781,0.9513157854256982,0.9506799272647851,0.9508483127600879,0.9493048687532946,0.9493947826518611,0.9491966706214642,0.9495943426040039,0.9502457130812038,0.9501747275514639,0.9502219120327111,0.9518093000336385,0.9515980930849026,0.9514862782689523,0.9515896184642362,0.9516363301708453,0.9520089397083225,0.9520586110912449,0.95181964064868,0.95788920500092,0.951939860571005,0.9519510825796923,0.9519686378571489,0.9519641972049885,0.9519367973252058,0.9519458388272284,0.9519388410128442,0.9519106673362113,0.9518266863030823,0.9518181442308117,0.9517742344639809,0.9517643872469356,0.9517491685157685,0.9517582597381917,0.9518093931877493,0.9518218531442746,0.9517693892135607,0.9517767125516668,0.9517791336163917,0.951787475366308,0.95179791738357,0.9518001728954448,0.9517830854754722,0.951772984731512,0.9517678029265845,0.9512355149738937,0.9512469638344309,0.9512443474392098,0.9512518241267542,0.9512642759352269,0.951226792880429,0.9511224197485131,0.9511391121204461,0.9510920287268942,0.9511683835973098,0.9511202023244831,0.9472128658091744,0.9472189301932535,0.9472234805828315,0.9472432437928607,0.9472380207072307,0.9472291331689596,0.9472189022242756,0.9472219233540266,0.9471853962085295,0.9471877440259868,0.9471849746280594,0.9471783162765928,0.9471888465300634,0.9472237076851163,0.9469656022554003
134,0.9468874487679118,0.9477716757943996,0.9540286458810481,0.9550362943930912,0.9528870027295242,0.9507131706859776,0.9393040801294735,0.9391040939762182,0.9413319031795174,0.9422374337239668,0.9423065752895462,0.9425131430124046,0.9427377862901585,0.9430785842598444,0.9431120441813889,0.9431526704922834,0.9431421214527089,0.9433833809623446,0.9433818377377554,0.9433129960290176,0.9433077028900354,0.9433097527953623,0.9433109180352984,0.9433109375292889,0.9432589462724521,0.9432612714984456,0.943028877633518,0.943056056065172,0.9430687548649274,0.9430445273612482,0.9430377483148106,0.9432333937722961,0.9432289228287578,0.94323814146344,0.9559733010770224,0.9539085247383832,0.9539095711382164,0.9539116133735588,0.9539148313992935,0.9539212104626232,0.9539230959760832,0.9539262915239847,0.9539348456997282,0.9539384101524806,0.9539469167280719,0.9539499026336307,0.953963598003589,0.953947856754983,0.9539404153276841,0.9539470378568525,0.9539430042942344,0.953964524032404,0.9539609821959003,0.953962498047302,0.9539612745589027,0.9539567995555559,0.9539601568480836,0.9539708034280011,0.9539786404066648,0.95398211973854,0.9539636048721569,0.9539558273361942,0.9539587863398229,0.9539578466890659,0.9539564788333015,0.9539598047588469,0.9539489022598453,0.9539455806710462,0.9539600939444365,0.9539942555537347,0.953998474346902,0.9522017133639592,0.9522134975241463,0.9522225796196235,0.9522659898086085,0.9522519453480927,0.9522351459487646,0.952213782544593,0.9522186487237002,0.9521929038903382,0.9521966009899908,0.9521901236712279,0.9521761449668096,0.9521964792306469,0.9522776420923493,0.9523310880874308
135,0.9398568732079299,0.9412312731190017,0.9509759129408042,0.952161426593342,0.94950531519128,0.9474678473637403,0.9307550057600567,0.9304823878323505,0.9333537825349837,0.9348495276365691,0.9349646437711714,0.9353703821490473,0.9359057562401023,0.9367093592945045,0.9367645426932846,0.9369269245206583,0.936854090637321,0.9379303340111085,0.9377850201533715,0.9386094388868425,0.9385223896164302,0.9386891897911144,0.9383637111099822,0.9378120372577813,0.93774638644689,0.9377109675464121,0.9378104609944491,0.9380405712433569,0.9381522991265019,0.9380226755380352,0.9379702433394067,0.9380858075922271,0.9380348010907199,0.9382454863619671,0.9574384711324544,0.956958012830533,0.9569538602174387,0.9569476801951421,0.9569513960634167,0.9569666807554865,0.9569639732795361,0.9569683966160873,0.9569853323253608,0.9570595057106223,0.9570678355258183,0.9570913129386694,0.9571034083599427,0.957092121366369,0.9570847080696813,0.9570824866262571,0.9570751058089192,0.9571093015228067,0.9571044747852168,0.9571044317234891,0.9571006171376977,0.9570939865617385,0.9570950798424971,0.9571077460140501,0.9571160437318849,0.9571198794745001,0.9573204159368035,0.9573127796028064,0.9573142465891704,0.9573124390530589,0.9573091632031147,0.9573178034608456,0.9573400932022051,0.9573357611604238,0.95734838073939,0.9573558211881873,0.9573695140162748,0.9568908717883658,0.9568964539275985,0.9569009183353597,0.9569244898093816,0.9569156112253867,0.9569067387980239,0.9568955060679949,0.9568970624258161,0.9568863451295784,0.956887423182861,0.9568836438120509,0.9568762177454433,0.9568858979948666,0.9569322242691102,0.9571325939931992
136,1.0712556587892232,1.0719203034907092,1.0621976525700965,1.0621011816821377,1.0624499779461498,1.0603859124449249,1.0601020296750807,1.0710402318701846,1.0737487103161374,1.0753200198466146,1.075368027629738,1.075590718698432,1.0756491221528606,1.0754119682769023,1.075358845436021,1.0753547666463041,1.074289184094708,1.0743545010997226,1.0743323000617748,1.0742484694948393,1.0742113666699913,1.0741827800004868,1.0743235169159562,1.0746839072479524,1.0746279450239826,1.07463098877655,1.0746057853635604,1.0746024835757408,1.0747131051916936,1.0747183430356102,1.0747550406691393,1.0747561393670462,1.0745838734165825,1.074577203154226,1.0745110948053405,1.0744529618710212,1.0747725887659638,1.0747642814398992,1.0841386942324636,1.0841386908946242,1.084138687284819,1.0841386831218547,1.0841386820583827,1.0841386816224494,1.0841386776678397,1.0841386750849964,1.0841386706345493,1.0841386674975724,1.0841386648816556,1.0841386623907086,1.0841386610930743,1.0841386570128724,1.0841386163661426,1.0841386136529434,1.0841386096782901,1.084138605867368,1.0841386015709447,1.084138598211861,1.084138593813004,1.084138595739638,1.0841385917686304,1.0841385883370234,1.0841385841361049,1.0841385802154202,1.0841385976400868,1.0841385943688089,1.0841385905105756,1.0841385871953384,1.0841385959724705,1.0841385931397072,1.084138591935312,1.0841385884272456,1.0841385848895524,1.0841385379813158,1.0841385347545014,1.0841385318075965,1.0841385276228201,1.0841385233237026,1.084138519223078,1.0841385151138865,1.0841385104113268,1.0841385062965596,1.084138502103429,1.084138497414422,1.0841384977307873,1.084138507312119
137,1.0697395973023962,1.07056537568793,1.065526390225539,1.0657231250225239,1.064896323817289,1.062080652324524,1.0609427499025939,1.0704254490298815,1.0745316483318508,1.0764973269911366,1.0766816316477323,1.0772746853435864,1.0778725220944538,1.0785758154633238,1.0787017411519841,1.0779402035055858,1.0752110690647059,1.0762518013095845,1.0761531910756694,1.076737403308444,1.0767444252234333,1.0769091534667938,1.076653431958732,1.0756892797878208,1.0755783260509446,1.0755657966517882,1.075605726414608,1.0757979683917844,1.0757542067814703,1.075654710139317,1.0756331876273544,1.0756792475998436,1.0752082882897431,1.0753738399495931,1.0755685235005692,1.0757443206596358,1.0751102618037365,1.07504346500159,1.0793199295626537,1.079361158721523,1.0793463065282158,1.0793516159708885,1.0794182614787273,1.0795019132178727,1.0795252587477744,1.0795738305934717,1.0796064472412141,1.079589620123704,1.0795732651608911,1.0795462890974412,1.0795107143582827,1.0795977504583272,1.0766256010980564,1.0766597152407336,1.0766551775928255,1.076647258260509,1.07664892467092,1.0766565398737362,1.0766741549042742,1.076697458645852,1.076800847071595,1.0767921744099147,1.0767946709304197,1.0767869230789893,1.0767042762502836,1.0767217652326286,1.0767456726666307,1.0767398560906354,1.076665733874497,1.076657408824762,1.0766716596050614,1.0766936498267634,1.0766948265121792,1.070932763096066,1.0709902724309002,1.070965632574516,1.0709441177505397,1.0709168588695022,1.0709212031393884,1.070909081414601,1.070871020361305,1.0708625877684566,1.0708454137778085,1.0708651847592505,1.070973277178574,1.0712464281998098
138,1.074054026290358,1.0748606450644151,1.0719938675692806,1.0722076079908485,1.0711441142873606,1.0682147857831157,1.0668983763286097,1.0745049311041597,1.0786213005735423,1.08049267163595,1.0806845108810132,1.0813119008999843,1.081995901005939,1.082836981932989,1.0829913413028098,1.081611711781509,1.078254363178513,1.0793539566904433,1.0792551463802498,1.079900288640734,1.0798951738999905,1.080087293118023,1.0797861009489946,1.078758325755363,1.0786410030789217,1.0786267748007938,1.078675257768402,1.0788852785534124,1.078898127717633,1.0787863607899628,1.0787541361957182,1.0788044877413268,1.0784114972834602,1.078598524686866,1.078834117141214,1.0790475740997747,1.0774700727686197,1.0773896211118885,1.0800198942641028,1.0800716956165943,1.080052173804637,1.0800605023113197,1.0801482183475608,1.0802520873532595,1.0802813930047717,1.0803428037039262,1.0803839820607732,1.0803624468627624,1.080340697751457,1.0803062064510576,1.0802632593983834,1.080374065565854,1.077146824110069,1.0771761415166168,1.0771737786509028,1.0771693757664542,1.0771704760373506,1.077170273029056,1.0771879271230813,1.0771918429935736,1.0772377047557986,1.0772341720170067,1.0772353698603747,1.0772276327179466,1.0771746256659942,1.0771843312430909,1.0771944441111425,1.077192177408177,1.0770760814752243,1.0770734335341685,1.077078081179925,1.0770849616908653,1.0770841745222703,1.0664518510002163,1.066498469008601,1.0664803510397505,1.0664628629223658,1.0664407677692869,1.0664444855452648,1.066434629844165,1.0664101937910428,1.0664033254019907,1.0663893528334196,1.0664079728129454,1.0664959293070604,1.066718662855335
139,1.0758167675592203,1.076582758820651,1.0750250541381872,1.07513693382264,1.0740708022439898,1.0710604784930695,1.0697297885799795,1.0760876118831155,1.079939708935574,1.081598579083878,1.081771884321993,1.0823630145771395,1.0830542159571257,1.0838711903250349,1.0840200043999952,1.081748247273842,1.0776946843132107,1.0786058090821928,1.0785212932191504,1.0790675492322537,1.07906159128419,1.079240400520886,1.0789871633345673,1.0780887071167495,1.0779729223085333,1.0779614839619678,1.0780025434497569,1.0781777101213401,1.0783406815204875,1.078244303700829,1.0782131063632834,1.0782560415751747,1.0779609695551087,1.0781178663011293,1.078323464638203,1.0785077758427124,1.0755510581834224,1.075473134057445,1.0769627755532263,1.077006090801095,1.0769858796574097,1.0769926129863645,1.0770833840315188,1.0771756692128558,1.077201757559778,1.07725706994819,1.077294549435573,1.077275240926032,1.0772558584984802,1.0772245861218617,1.0771842394904074,1.077284244187675,1.074334479882508,1.0743574910874398,1.0743582388068307,1.0743590780733352,1.074359210173609,1.0743486637594404,1.0743626442393446,1.0743380236745315,1.0743022486371598,1.0743059301817077,1.0743052083234335,1.0742983075737114,1.0742628454709349,1.0742609280039435,1.0742497080804023,1.0742528278157593,1.0740959608000646,1.074101803008137,1.0740917795707052,1.074075904439623,1.0740722729651762,1.0565520765946068,1.056552084121685,1.0565520888553197,1.0565520965580868,1.0565521043601018,1.056552112504343,1.0565521202494275,1.056552123646496,1.0565521314099204,1.0565521389964785,1.0565521448774147,1.0565521464714285,1.0565521323722542
140,1.0644534507344345,1.0652539901428526,1.0642766312040868,1.0643860927562507,1.0631462408252854,1.0596636776249089,1.0581933170581805,1.0650134289227786,1.068890601766442,1.0704068131122244,1.0705576327299802,1.0710925522922077,1.071741689384636,1.0723650442507684,1.0724690603875935,1.0689046488526315,1.0625625916430776,1.062949500350761,1.0629003426756523,1.0631582403556332,1.0631617340576345,1.0632632699012121,1.0631613176161947,1.0627085147053585,1.0626208252077027,1.0626174421789947,1.0626328363044117,1.0627083974353373,1.0628959322974112,1.0628538357980308,1.06284357489667,1.0628625340993072,1.0627106425676722,1.062773306668526,1.062859547289548,1.0629360690882206,1.0594299313458002,1.0593997250312202,1.0599192395844477,1.0599188073921937,1.0599117761017898,1.0599060264724842,1.0599800520508513,1.0599941630027914,1.0599976177578683,1.0600060923148735,1.0600126587660823,1.0600091969416292,1.060008019596077,1.060003563382606,1.0599909166553931,1.0600056494632784,1.0581256541756796,1.058138007894862,1.058142849437408,1.0581512126193973,1.0581502284470452,1.0581303123929315,1.0581163990352689,1.0581801124089265,1.0580702388014627,1.058079440722841,1.0580777737767972,1.0580724886206507,1.0580663100470378,1.05805385433284,1.058027688391703,1.0580343993618702,1.0579351148494955,1.057945475180351,1.0579282381186255,1.0579018783695102,1.0578981451420877,1.051774491715823,1.0517882156650467,1.051784382544317,1.0517790057941052,1.0517711023184235,1.0517721269506874,1.0517691705067067,1.0517546370735134,1.0517526329593796,1.0517484046136194,1.0517549954949996,1.0517809077873113,1.0518465820005591
141,1.048372315727643,1.049155635537566,1.0481575878125566,1.0485504912287573,1.0469158859097671,1.0437850280977174,1.0423248225569823,1.0505170159698862,1.0541047713392564,1.055422713505917,1.0555734542484212,1.0560616797703264,1.056611030164452,1.057048733178141,1.0571097446805144,1.053901073850814,1.0449184798828708,1.0449184847372335,1.0449184868808306,1.044918492816954,1.044918496742613,1.0449185024555383,1.0449185025045693,1.0449184923249983,1.044918503471529,1.044918506820363,1.0449184983767836,1.0449185006922515,1.044918504884196,1.0449185069974118,1.0449185099788887,1.0449185133696555,1.0449185069017377,1.0449185101018352,1.044918511051735,1.0449185148150026,1.0449184245918806,1.0449184331787684,1.0449184459675385,1.0449184456286895,1.0449184465912427,1.0449184465748298,1.044918450113548,1.044918448669203,1.0449184490998709,1.0449184485045724,1.0449184486567673,1.044918448925389,1.044918450212628,1.0449184517223522,1.0449184525449347,1.0449184510109693,1.0449183341696209,1.0449183345626034,1.0449183334656307,1.04491833259835,1.0449183314706698,1.044918330159651,1.0449183254168348,1.0449183309674848,1.0449183291078172,1.044918328054317,1.0449183270806142,1.044918328501878,1.0449183298212819,1.0449183288981756,1.044918327667599,1.0449183268627351,1.0449183258668848,1.0449183251827336,1.044918324714344,1.0449183235538362,1.0449183225130878,1.0449181862146406,1.0449181843960917,1.0449181825731884,1.0449181795385174,1.0449181758918409,1.0449181732291022,1.0449181704951354,1.0449181650643748,1.04491816232466,1.044918159475885,1.0449181578803644,1.0449181587027214,1.0449181668424838
142,1.0449808087991184,1.0456392465922113,1.0457855864666907,1.0461234571438032,1.044616800585272,1.041750194257,1.0404271883039617,1.046633886411805,1.0495926435863419,1.0506150593437296,1.0507141993145506,1.0510724129279176,1.051471573801257,1.0516305881844592,1.0516332795346761,1.0478042491690085,1.0414235165522603,1.041290258194362,1.04134745064087,1.0412804261298068,1.0412360224187123,1.0412760426749652,1.0412845690526689,1.041190490888161,1.041777584462903,1.0417832839833367,1.0417686060721025,1.0418130416914169,1.0418683218113614,1.0418529854815135,1.0418736072485544,1.041880731181836,1.0419108919894402,1.0419465082399717,1.0419893424099123,1.0420391659125823,1.0401404838098944,1.0406768289751043,1.0405928104242526,1.0405767066601346,1.0406076859732105,1.0405993782327227,1.0406875971274403,1.040681759302202,1.040672093032155,1.040655296456487,1.0406413395283836,1.040607939124876,1.0406172336888961,1.040630817978466,1.0406407773859396,1.0406040960241842,1.0407354628943812,1.0407566417361236,1.0407527509362364,1.0407572140110328,1.0407565729939101,1.0407480739936876,1.040546997781753,1.0406232680343965,1.040548707212968,1.0405498605827774,1.040552668500703,1.040617094011818,1.0406267965304699,1.0406168775053921,1.0405969449678627,1.0406022220158269,1.0405803958700321,1.040588160970205,1.0405754088579078,1.0405546537903183,1.0405523569722641,1.040895248863453,1.040889201228725,1.0408926010139974,1.0408868786659533,1.0408633613825924,1.0408628532552728,1.0408644501012494,1.040823949251927,1.0408250323122081,1.0408252087582124,1.040822541349829,1.0408091380199125,1.0407729125763516
143,1.0363607789047935,1.0368771547645337,1.0376523228489598,1.038096553325682,1.0366088737584975,1.0353651284525969,1.0344838611113538,1.0398900388712797,1.0417494944463224,1.0422134250422546,1.0422733360307528,1.042477146394368,1.0426546147764326,1.042561857860793,1.042506308612791,1.0394539761875032,1.0347615648558974,1.034390530468676,1.0345389646052332,1.0342248047924514,1.0341644023913155,1.034203531383795,1.0342430237049653,1.0341511033170778,1.0353588981438027,1.0353674613067676,1.0353314254528578,1.035384479237405,1.0354014723504859,1.0353844828342254,1.0354099506602878,1.0354176299998774,1.0354413543395378,1.0354850300148581,1.03553252107109,1.0355929115605182,1.0342326812897458,1.0352182693379088,1.0351648588921398,1.035155170572526,1.03518548970244,1.035183038920271,1.035248567616283,1.0352560043596315,1.0352501852762548,1.0352412069647896,1.0352324209890111,1.0351902660927843,1.035195947383071,1.0352051801006372,1.0352115830943909,1.0351897826604244,1.0352310833382694,1.0352520295057488,1.035246054055339,1.0352473958465949,1.035247149620438,1.035244549673913,1.03507398036628,1.0351202072248133,1.0350811670600448,1.0350782337251636,1.0350805646231238,1.035152281743579,1.0351579630137382,1.0351526130315933,1.0351415625636287,1.035144495937638,1.0351320538945845,1.0351364594923467,1.035129318803014,1.0351173637173596,1.0351160590517814,1.0353411040050138,1.03533570039821,1.0353386870833896,1.035329858483377,1.0353125272273949,1.0353120558355764,1.0353136267113607,1.0352847324421108,1.0352856809379698,1.0352863716495762,1.03528400766391,1.0352723274360325,1.0352415392644796
144,1.0301935805443028,1.0305738913059186,1.031971833326515,1.0323942842424267,1.0311362620992244,1.032327336097274,1.0321108774349494,1.0365827238805645,1.036930848382165,1.0364876455721062,1.036479879646237,1.0364449088951342,1.0363180186792644,1.0359189007199892,1.0357906736391935,1.0335651004471809,1.0302784312636646,1.0296559151231905,1.0299060169051688,1.0292337397912439,1.0291656248604162,1.0292221369208496,1.0292758447777997,1.0291812876397592,1.0309642077973045,1.0309731698023106,1.030907031811212,1.0309667915430043,1.0309744671570666,1.0309531758252586,1.0309745869389904,1.030983166197302,1.0310109646273469,1.0310622604815183,1.031116044973007,1.0311890555845615,1.0302588345429768,1.0317015407850048,1.0317015385336226,1.0317015381965382,1.031701539200838,1.0317015385715518,1.0317015421372204,1.031701546060682,1.031701545726746,1.0317015461387815,1.031701545779425,1.0317015455254275,1.0317015452459015,1.0317015452188032,1.0317015450622011,1.0317015448619893,1.0317015473600297,1.0317015482854237,1.0317015466930328,1.0317015462494432,1.0317015459307437,1.0317015459056766,1.0317015347095184,1.0317015370351945,1.0317015375940595,1.0317015357835146,1.031701535458926,1.0317015395961584,1.0317015397140996,1.0317015393288,1.0317015387376698,1.031701538421583,1.0317015384735735,1.0317015382633339,1.0317015380367631,1.0317015374699974,1.0317015370644296,1.0317015440357946,1.031701543515974,1.0317015435063335,1.0317015436284585,1.0317015444312874,1.0317015439499728,1.0317015435824988,1.0317015419241138,1.0317015416858788,1.0317015414228237,1.0317015411278432,1.031701540601091,1.0317015399269578
145,1.0198381567627117,1.020076376761385,1.0230070394788147,1.0231982975463578,1.0226050198140053,1.0311260019860742,1.032356428786931,1.0356835454381987,1.0328955549785537,1.0298321483654456,1.0296141856702827,1.0288645680192716,1.0278593622860757,1.0265178245828221,1.0261551901599155,1.0252964243186657,1.0237109592072362,1.0224298714258846,1.0228947279741363,1.0209070522689423,1.0208308074430301,1.0209954001314376,1.0210215018692261,1.0208658041639465,1.0237713674311884,1.0237766427040933,1.0235802755197332,1.0236357686296094,1.0236518781135981,1.0236227068602732,1.0236259244016774,1.023633203343526,1.0236504194455571,1.023711173346658,1.0237717063666623,1.0238788557414944,1.0235552896995856,1.024219509374229,1.0242178660048995,1.0242317351859183,1.0241785168182862,1.0241595824048721,1.0241844972086056,1.024246708338305,1.0242571008037842,1.02429314138397,1.0243054653908836,1.0246457756799552,1.0246406786558322,1.024640734540114,1.0246355397895277,1.0246590145855858,1.024675601041044,1.0246822693329942,1.0246698413180888,1.024665556858788,1.024666242605959,1.0246741482462063,1.0246637115231054,1.0246742225423842,1.0247473968101664,1.0247172648384724,1.0247184299903351,1.0247316857337498,1.024730366343896,1.024732290410299,1.0247335974549365,1.0247326939564632,1.0247322488954036,1.0247317163097753,1.024733087336354,1.0247373705290934,1.0247376124489282,1.0247284125725742,1.0247288515967947,1.0247288257393206,1.0248695775895282,1.0248860654010525,1.0248797949882082,1.0248691911025807,1.024865302921604,1.0248647372873245,1.0248630580147753,1.0248647966746258,1.0248722946263225,1.0248923346408771
146,1.0159199708351676,1.0161085843926119,1.0198850033796838,1.019861284467835,1.0197875858718044,1.033727052375504,1.035552054553104,1.0379430477183296,1.0339669591622285,1.029562558747355,1.0292167241896681,1.0280345455128201,1.0264585188651052,1.024413927525533,1.0238570254433468,1.0235308340687574,1.0227851408200601,1.0209622551155886,1.0214448694154301,1.0177313386794624,1.017669031132687,1.0178794663162531,1.0178825768039335,1.017745104874504,1.0206342653411098,1.020639817095941,1.0202114525980905,1.020230662286198,1.0202369531782394,1.0202213735549144,1.0202220143774474,1.0202159125736905,1.0202281744167734,1.0202556304332417,1.0202631773819937,1.0203777238977167,1.0202906045676352,1.0205768186607846,1.0205758482781795,1.0205826445618118,1.020496966755215,1.0204613443737043,1.0204718181189347,1.0203625867801596,1.0203777384114392,1.0204467474474033,1.0204649987360523,1.0215125473416808,1.02150463094542,1.0215017414897414,1.0214934099773256,1.0215285339274838,1.0215419717282677,1.021543848914466,1.0215944874448426,1.0215891720733372,1.0215901145810837,1.021599948695104,1.0216087908699958,1.0216143452286135,1.0217504809134461,1.02174885273503,1.0217505913667364,1.0217484742145528,1.0217475535608085,1.02174952894653,1.021748377546262,1.021748002508492,1.0217472195659039,1.0217471123819382,1.0217477965093658,1.0217553005589797,1.0217554842590713,1.0217512573987262,1.0217510630635513,1.0217513172729982,1.0221354211500537,1.022124980389941,1.0221165177624654,1.0220927413432273,1.0220929559541456,1.0220919479231148,1.0220893598477319,1.022092524046238,1.0221054963640188,1.0221423281954232
147,1.0074435125154846,1.0076426821072586,1.0127560871660581,1.0124991046817522,1.013026960266526,1.0349087301987776,1.037497894090084,1.0388539048170604,1.0338107751292631,1.0280321571003472,1.027548310463412,1.0259048956710946,1.0237037873334471,1.0208281792384546,1.0199777279593114,1.0198151495758387,1.019566518075179,1.016809160983743,1.0173900594588763,1.0101956458132815,1.0101423483908216,1.0103396123562838,1.0103456531683483,1.010229385463159,1.0132426189650365,1.0132518501783299,1.0125269656262716,1.012496042175762,1.0124761043690655,1.0124839876750862,1.0124908609727203,1.0124597018100066,1.0124757360842662,1.0124477236853344,1.0123571129884543,1.0124240523880619,1.0124612957960426,1.012544743731266,1.0125403836734286,1.0125299742369271,1.0124653294635484,1.0124339158057298,1.0124242488321846,1.012062930848138,1.012078357332868,1.0121777626305732,1.0121972623327173,1.014728213622302,1.0147211837310524,1.0147196655922437,1.0147123262398339,1.014742625953547,1.014748231739592,1.014749229766145,1.0148588745075409,1.014854161238984,1.0148548201809917,1.0148635183435102,1.0148812320011056,1.0148829202032927,1.0150721270205532,1.0151216721361225,1.0151231249066641,1.0151181453509552,1.015117499203283,1.0151192148036925,1.0151153271717108,1.0151149839928353,1.0151144494302293,1.0151145355380289,1.0151152252301754,1.0151279760506509,1.015128032308158,1.0151272363806887,1.0151269245845553,1.0151272372674873,1.015766865394608,1.0157475223896824,1.0157420594588196,1.0157092680307238,1.0157108489195874,1.0157098605925012,1.015707514894373,1.015710427664671,1.015722870608028,1.0157645352432685
148,1.0011776354520614,1.0014008813223956,1.0069102505683836,1.0065405516755188,1.007432319864157,1.0348277597874196,1.0373658281467733,1.0378598744008607,1.0334409052674782,1.0276571625355237,1.0271450910065836,1.0254035450849461,1.0230146634692785,1.019741701882174,1.0187012875124688,1.0185163023278767,1.0185417592500685,1.0151759671119,1.0156194027707157,1.0043461077069613,1.004314401073247,1.0044456879925507,1.0044607674455894,1.0043900514655575,1.0064302501759028,1.0064436005511515,1.0057958975498111,1.0057381293809908,1.0057032527495204,1.0057239709853276,1.005735675922663,1.0056919146906849,1.0057107567990935,1.0056523429636999,1.0055022327688377,1.005301928046418,1.005356953340773,1.0053752215210443,1.0053683353220502,1.0053474992345857,1.0053117208648297,1.0052942353934704,1.0052748002729435,1.0049411296984638,1.0049493955631836,1.005037862727627,1.0050494525311822,1.0095927620323972,1.0095927601780534,1.0095927592994767,1.0095927577177795,1.0095927579880222,1.0095927568129641,1.00959275512441,1.009592760406589,1.0095927584085922,1.009592756675094,1.009592755896018,1.0095927550348858,1.0095927539849059,1.0095927616337572,1.0095927621783645,1.0095927607988229,1.009592758936299,1.0095927587305642,1.009592758528497,1.0095927582684672,1.0095927564497742,1.009592759665629,1.0095927579407271,1.0095927587050926,1.0095927614325302,1.0095927602544963,1.0095927604011408,1.0095927597315544,1.00959275876313,1.00959278978994,1.0095927880120112,1.0095927866171295,1.0095927951570576,1.0095927946454246,1.0095927937647993,1.0095927928073012,1.00959279242478,1.0095927931727264,1.0095928059883317
149,0.9956104812785752,0.9958468310108594,1.001185618265729,1.0007943752853494,1.001823325400124,1.0304514902408497,1.0320872647379682,1.0319661761618466,1.029827306723233,1.0253066585482935,1.0248717880810825,1.0233718601464532,1.021211926594104,1.0180267953637492,1.016934842053169,1.016698173452355,1.0168357780139101,1.0133605899585303,1.0135639263328247,0.9991829300226063,0.9991868101949549,0.9992010533797738,0.9992930813306646,0.9994026290716496,1.0004061951611622,1.0004368265059231,1.001124199977353,1.0009295673832412,1.0008193259663343,1.00090954759235,1.0009484948459149,1.0008936058528084,1.00093723451483,1.000745603039056,1.0004301072277757,0.9991933739535428,0.9992374223175988,0.9992612947519537,0.9992435317585523,0.999179380586811,0.9991680547874174,0.9991437985402686,0.999080345869417,0.999280113051493,0.9992574048600583,0.9992436014263072,0.9992164267756483,1.0013273801486118,1.001349411783994,1.001409976694272,1.001431629365054,1.0013395133368095,1.0013533637082606,1.001354263119976,1.0013567305918754,1.001374545902727,1.001372157411706,1.0013387995252354,1.0013182848894595,1.0013085667451103,1.00022177797505,1.0001854833974102,1.0001875675509546,1.00018440678571,1.0001798851965886,1.0001928439022492,1.000211395509636,1.0002055648967998,1.0002229204725872,1.0002198744975106,1.000233782571404,1.000296655744645,1.0002985552585484,1.0003003905333414,1.0003077839915215,1.0003050938838762,1.0003577452233223,1.0003548450534518,1.0003529328223941,1.0007708368271222,1.0007710590483665,1.0007701816796444,1.0007682849864734,1.0007708224196497,1.0007815028450575,1.0010201612786982
150,0.9891761495355015,0.9893914840539207,0.9938436484747409,0.993499407538746,0.9944204437659433,1.016674327669096,1.0171994152626618,1.016742614471356,1.0172797161437097,1.014876043296106,1.0146095325791562,1.013649795877311,1.012139133081425,1.009654319845684,1.0087063130171632,1.0084805705521662,1.0086231823709393,1.0057403322705727,1.0057399633678143,0.9935333419355731,0.9936070132319503,0.9934349253774016,0.9938072817772206,0.9944343123113262,0.9949091982009596,0.9949706981461204,0.9988290192262043,0.9982586435229738,0.997933830946112,0.9982172469660201,0.9983328663023651,0.9982521631335929,0.9983717590414896,0.9978031292989089,0.9970046920521481,0.9930325585539381,0.9930967708914903,0.9931744173562168,0.9931238183954427,0.9929324908369312,0.992950022080576,0.9928880862412547,0.9926971310616689,0.9927098007365109,0.9926294068082893,0.9924650805554335,0.9923648844286211,0.9933381918246982,0.9934098716719294,0.9935583322610427,0.993629114579548,0.993326277271361,0.9933701037000511,0.9933720359766822,0.9933586790341596,0.993419200352549,0.9934111962213582,0.99329778644951,0.9932263870052744,0.993193050783298,0.9891511004413734,0.9890771846831218,0.9890807854061717,0.9890758834838386,0.9890684861481972,0.9890898503751221,0.9891263798271527,0.9891162744624786,0.9891468380666598,0.9891444632182772,0.9891692868928634,0.989271504980291,0.9892751053368527,0.989278210890567,0.9892919039811284,0.9892871187124668,0.9893273883537379,0.9893222311681152,0.9893229947103643,0.990260033722009,0.9902607385500941,0.9902591741227376,0.9902559090036503,0.9902606071886014,0.990280084189972,0.9905465319461377
151,0.9865400643316736,0.9867596307648709,0.9911431276537491,0.9906069208096356,0.991908864172242,1.0125712156479858,1.0127656432912648,1.0123214197810257,1.0138170237662647,1.0126177502820164,1.0124643472309443,1.0118664971154305,1.0107912222440076,1.008785017934975,1.0079963837337043,1.0077999917344236,1.0079459408697624,1.005437060166725,1.0053523606730486,0.9945137412887893,0.9946341939889093,0.9943508152606451,0.9949002438132268,0.9958047678374454,0.9958645123501189,0.9959473753582802,1.0054403100283986,1.0045876940812632,1.004099917100356,1.0045337209668586,1.0047076915894262,1.0046460344355845,1.0048232652445606,1.0039608334303107,1.00274251144287,0.9955168380416495,0.9956032737800674,0.9957292279908767,0.9956506750851565,0.9953491423670894,0.9953913826562003,0.9952980071339256,0.9949942575245314,0.9939401394704533,0.9937954969083065,0.9934765785262668,0.9932918611871631,0.9936129073504829,0.9937435457119712,0.99395343667594,0.9940820221576754,0.9935253468663238,0.9936051937482617,0.9936081830279893,0.9936271473888977,0.9937388112725788,0.9937237847887747,0.9935137645480838,0.9933804847279487,0.9933179061285584,0.9829466732404903,0.9829051324614614,0.9829060740654876,0.9829049191587423,0.9829032377593655,0.9829082033455625,0.9829119207655665,0.9829089614673274,0.9829180836367449,0.9829219281143998,0.9829300232555864,0.9830699648689959,0.9830714243313469,0.9830726713095268,0.9830782750885108,0.9830763733317948,0.9830772729967359,0.9830751641983962,0.9830758461310687,0.9835679035531003,0.983568049017472,0.9835679870838289,0.9835678116014392,0.9835683382502062,0.9835700769476295,0.98404561233819
152,0.9804432916044555,0.9805636072821459,0.9833983662633822,0.9828593141787346,0.9840811563288544,0.9960850448110163,0.9962762617673476,0.9960325806955577,0.9974708193477742,0.9972323844408586,0.9971872346714872,0.9969459409940765,0.9963899444553599,0.995155466473208,0.9946981686608728,0.9945614264050554,0.9946744579861744,0.9929323081901215,0.9928811455978268,0.9858209158043171,0.9859549340859346,0.9856479038873385,0.9862403530718524,0.9871930618390737,0.98712512884941,0.9872120073913426,0.9993128942124502,0.9984176159614973,0.9979066582104681,0.9983656288477407,0.9985502326315839,0.9985970022007707,0.9987846077748772,0.9978697796136211,0.9969008753980454,0.9858531533919568,0.9859179427754666,0.9860148337920025,0.9859553198251539,0.9857256880278978,0.98576065553189,0.9856909137003601,0.9854591516549838,0.9846365201111595,0.9845240429692195,0.9842705661395948,0.9841256605444327,0.9842567417810721,0.9843582736264317,0.984512720516704,0.9846128499017488,0.9841773648250158,0.9842398497572553,0.9842423462239318,0.9842695742581374,0.984356927809818,0.9843454185983038,0.9841811285891624,0.9840767247422169,0.9840275390077529,0.9758203793058565,0.9758354264534269,0.9758276366839487,0.9758385408795428,0.9758566705439865,0.9758042697776595,0.9756896090644519,0.9757136357068233,0.9756397751391577,0.9756803233117813,0.975621934966932,0.9755972436124832,0.9755876861506007,0.9755798326567005,0.9755391032885639,0.9755550579977543,0.9755693506632074,0.9755890722921109,0.9755866845454644,0.9757679884256684,0.9757659627257355,0.9757729541050482,0.9757869829605056,0.9757692040897298,0.9756844671279356,0.9754199732173777
153,0.9739794422737496,0.9739970501639423,0.9753238957129261,0.9750729732990252,0.975695216582494,0.9817516821784247,0.9816632214496277,0.981507164960362,0.9828657951510021,0.9830606908600611,0.9830690774083236,0.9830084437507604,0.9827556064231895,0.982119576615921,0.9819281557075239,0.9818380468346385,0.9819200002955031,0.9808118300467271,0.9808366331779681,0.9767720382787723,0.9768827765479298,0.9766395605405648,0.9771155897975512,0.9778737386032493,0.9777804188660879,0.9778525924031254,0.9896619197181068,0.9890323496987413,0.9886774983277923,0.9890002791982194,0.9891316273233193,0.9892756981540566,0.9894097719592138,0.9887569384805963,0.9888137327192755,0.9789921225610148,0.9790096507964515,0.9790357862822614,0.9790222792438562,0.9789643330795393,0.9789749916921083,0.9789578408421629,0.9788955077133529,0.9784916689481701,0.978453572046036,0.9783438527214666,0.9782909411517089,0.9782974808154256,0.9783342101248216,0.9783956462408423,0.9784326754886402,0.9782655508524799,0.9782899397337443,0.9782918506062496,0.9783038293206403,0.9783372005236367,0.9783343740196739,0.9782721178561041,0.978232064332123,0.9782128096102295,0.9739190465169787,0.9739561432508322,0.9739474087789723,0.9739611826026865,0.973984060310708,0.9739173348556153,0.9737351885125899,0.9737674016837278,0.9736695875220438,0.9737360959746433,0.973649299723575,0.9725453282547559,0.972532761192598,0.9725221893344218,0.9724646736129323,0.9724883580103668,0.9725084933654236,0.9725353581561892,0.972532877506129,0.9725126962709808,0.9725108225396473,0.9725201199587742,0.9725379799027408,0.9725163594081322,0.9724018449685443,0.9707898613485079
154,0.9685704353323537,0.9685065801439147,0.9687491139890032,0.9688212103090049,0.9687551448639525,0.9704481479893527,0.9699374415301543,0.9698562058161604,0.9706866380936054,0.9708290813766595,0.9708377635251463,0.9708063156347807,0.9706487324310221,0.9703007098057994,0.9702455067944584,0.9701730190599036,0.9702322938758413,0.9694873484493185,0.9695516832903528,0.9672443106940035,0.9673290104699507,0.9671452946870202,0.9675077792408436,0.9680977497107419,0.9680302069976437,0.9680829941134584,0.97478178286342,0.974460922294847,0.974286709980042,0.974447575386446,0.9745153612155663,0.9747066802286185,0.974776481304803,0.9744391486816686,0.9761864027809714,0.9697345398842953,0.9697295154890551,0.9697216928683968,0.9697305591474011,0.9697573846658901,0.9697554346902784,0.9697634902766041,0.9697887015818253,0.9696709768387579,0.9696780579816954,0.9696618946674622,0.9696690089541733,0.9696416658999929,0.9696370778810509,0.9696479986939782,0.9696462133926844,0.9696499660269592,0.969649368367323,0.9696507615304042,0.9696475904859452,0.9696463538144589,0.9696489863420154,0.9696526856409674,0.969655163090482,0.9696560405960396,0.9677762280500327,0.9677829699069318,0.9677821633006243,0.9677860353168114,0.9677927148435718,0.9677729158913999,0.9676804516294125,0.967689582794963,0.9676652866623164,0.9677102924408529,0.9676773129523183,0.9659938869219887,0.9659948256428449,0.9659952893032839,0.9659930797957206,0.9659961772629245,0.9659955043690265,0.9659955816751342,0.9659972612603072,0.9659583587443112,0.9659596896369526,0.9659604181846911,0.9659605338265015,0.96596239034523,0.9659541167697796,0.964899746014596
155,0.9582590570052586,0.9585972123378932,0.9610532033822234,0.9615802683162328,0.9604882636303366,0.9590767655023646,0.9541829438117778,0.9540813206347247,0.9552252496750949,0.9556399574841927,0.9556696985158097,0.9557476687845641,0.9558007431739657,0.9558766052771122,0.955879825340713,0.955874876570844,0.9558851036913646,0.955810805981668,0.9558336104088864,0.9553798468279983,0.9553995326377968,0.9553523444591242,0.9554467926894892,0.9556074158903801,0.9555713175232254,0.9555856842265045,0.9558903008380182,0.9558653253964037,0.9558548943541538,0.9558599690788054,0.9558648184641739,0.9560128645723057,0.9560191889728156,0.9559852389314178,0.9623418230586979,0.960085533008801,0.9600751158481096,0.9600595374281383,0.9600726067091016,0.960118496619151,0.960113063897774,0.9601272343759175,0.960175690289155,0.9602168616631401,0.9602411660290345,0.9602751997550312,0.9603082976418008,0.9602796230106672,0.9602577798835334,0.9602414245082483,0.9602232341086198,0.9603041846333966,0.9602920366141015,0.96029289165433,0.9602833182689101,0.9602666261746977,0.9602711095380243,0.9603043085300466,0.9603263357539699,0.9603366160045598,0.9602052203955539,0.9601868363965893,0.9601923348253681,0.9601874633761591,0.9601797207556361,0.9602020470693736,0.9602197765004841,0.9602076363504024,0.9602494268333165,0.9602607579447042,0.960284791735592,0.9590486443420432,0.9590610531457631,0.9590707971415575,0.9591172382816209,0.9591016901303895,0.9590835254582509,0.9590606268628614,0.9590656125239724,0.9590369118267429,0.9590406815013283,0.9590337775234554,0.9590188029838315,0.9590403000203687,0.9591270271854151,0.9590384855916966
156,0.9544416339119174,0.9550778548310841,0.9595748164257359,0.9602224598415161,0.9588294237105185,0.9575025297992766,0.9498713493463979,0.9497044416945161,0.9514631917468859,0.9522643307448175,0.9523261860682897,0.9525246532631815,0.9527724649866441,0.9531324224730255,0.9531434779671796,0.9532087591121393,0.9531826439213976,0.9536037050818488,0.953553009333804,0.9538126820382444,0.9537834496775469,0.9538388733641198,0.9537344575134648,0.9535573997422704,0.9535206439028184,0.9535098472699738,0.9533910195337354,0.9534719994917215,0.9535105022298769,0.9534629655937974,0.9534447944572151,0.953532283185874,0.9535152253233486,0.9535841168275396,0.9622168349616504,0.9613849118401364,0.9613800558388897,0.9613728260482763,0.9613778173686955,0.9613970106753542,0.9613940729785582,0.9613997918742994,0.9614207111296553,0.9614875855274548,0.9614979867944402,0.961521240689673,0.9615359714058926,0.9615222358855612,0.9615129049502131,0.9615080273754097,0.9614994038112852,0.9615387214697968,0.9615330008205244,0.9615330578169828,0.9615285872249141,0.9615207707068087,0.9615222818256955,0.9615373978287988,0.9615473443711031,0.9615520028987224,0.9616844700844939,0.9616764176416885,0.9616781726325957,0.9616762306184419,0.9616728210254851,0.9616819544371296,0.9616986483634016,0.9616938387166809,0.9617088964998489,0.9617165736653573,0.9617293310179768,0.9611965703260423,0.9612024880765099,0.96120722692348,0.9612317161519635,0.9612226901337987,0.9612133315784143,0.9612015298249403,0.9612032604423215,0.9611898786877142,0.9611911513250422,0.9611873252330577,0.9611795465982933,0.9611897996507026,0.9612370964734279,0.9613766391490453
157,1.115038276790639,1.1150382337821219,1.1150384201457992,1.115038450931027,1.115038445871079,1.1150384460162694,1.115038433087413,1.1150384525478376,1.1150384753906344,1.1150385808050467,1.1150385719467817,1.1150385703657124,1.1150385683978865,1.1150385680331767,1.1150385664710947,1.11503852871942,1.1150384953688344,1.1150385100043823,1.1150385008793993,1.1150385015734758,1.1150384912881899,1.1150384864549756,1.1150384814316958,1.1150384774670175,1.1150384678054377,1.1150384592805505,1.1150384806521108,1.1150384814961782,1.1150385362309994,1.1150385298598395,1.1150385253971484,1.115038520269441,1.1150385135240362,1.1150385122502346,1.1150385160653984,1.1150385142608954,1.115038459348681,1.11503845152575,1.1150385206456737,1.11503851915707,1.11503851404857,1.1150385100353777,1.1150385119135422,1.1150385165085377,1.115038513357085,1.1150385135028373,1.1150385107561795,1.1150385060243369,1.1150385017348863,1.1150384969518052,1.1150384935370485,1.115038495065118,1.1150384653717995,1.1150384615185884,1.1150384568103286,1.115038451964121,1.1150384474457404,1.1150384449128516,1.1150384415432382,1.115038438340985,1.1150384447818062,1.1150384402990396,1.1150384361062213,1.115038431610546,1.1150384356452894,1.1150384335667092,1.115038432143251,1.115038427817751,1.1150384331074434,1.1150384289805955,1.1150384292765538,1.1150384279489134,1.1150384242631426,1.1150381764204156,1.1150381701640308,1.1150381660115354,1.1150381592356624,1.115038152385562,1.1150381453782396,1.1150381386117558,1.1150381332262993,1.11503812645387,1.1150381197650572,1.1150381145320543,1.1150381135635896,1.1150381269491423
158,1.110353097814425,1.110411876203627,1.1107399178694042,1.1117666388093987,1.1113254933109764,1.1108470267374086,1.110773775473875,1.1106801518227591,1.1111484853202034,1.1151627342267874,1.1151625473277786,1.1153352673325283,1.1155591539960736,1.1158602514609774,1.1159168727497117,1.1148039732096484,1.1144821323059972,1.1149160376899887,1.1149000443144097,1.1150858102128167,1.1150630913127189,1.115145704069263,1.1150686291074872,1.1148700716490862,1.114850385734346,1.1148466841418736,1.1148572980110723,1.1149360788415987,1.1164316718205107,1.116407273078674,1.116396900717893,1.1164074544199527,1.1164008292759486,1.1164405582976142,1.1164948946342645,1.1165409015981576,1.1150508991117094,1.1150286067964528,1.1149471875777996,1.1149729295529853,1.1149617049628815,1.11497087112151,1.1149719800168552,1.1150250490338445,1.1150401958302651,1.1150717088088151,1.1150925710698076,1.1150813676392304,1.115069238936792,1.115051045011799,1.115032982301942,1.1150904366077776,1.1149409561501584,1.1149423198367387,1.1149374659958318,1.1149293888326748,1.1149305447857836,1.1149413580600742,1.1149583448505327,1.1147606604937021,1.1148775087276923,1.114868038722223,1.1148705111048571,1.114865968957829,1.1148513125885122,1.1148672376431585,1.1148942034024818,1.1148874229005385,1.114805534724975,1.1147970492532242,1.1148111063057458,1.114832320162823,1.1148337788147789,1.1127199838180013,1.112701177306318,1.1127085393017375,1.1127156301091095,1.1127249238017984,1.1127235072552548,1.1127274784356709,1.1127265170272167,1.1127295214078339,1.1127355961237688,1.112729006232806,1.1126926704411209,1.1125996118123724
159,1.1073864868405068,1.1071231751910424,1.1056376646593795,1.105395730880891,1.1061234800113349,1.105712498508633,1.1065456025091043,1.1068545546068254,1.1056539451195846,1.1076227360503625,1.107571515873806,1.107631979113531,1.1078828503387015,1.1081707458536734,1.1082363022969368,1.105039437027272,1.1035748620378314,1.1040618942738674,1.1040317179479304,1.1043023481663266,1.1042793120079686,1.10443300227602,1.104314373680471,1.1038622866776346,1.1038134448304762,1.1038097017094428,1.103824114539876,1.1039255424886083,1.1055918419244113,1.1055493347027694,1.1055114445831804,1.1055290464479592,1.105489118153123,1.1055433297601198,1.105633852869431,1.105709430688219,1.100420737560428,1.1003725579685366,1.1004030049930216,1.1004332172506943,1.1004088416675435,1.1004221727524313,1.1003409874987822,1.1004298714904448,1.100454988670201,1.1005088385444954,1.100546490028222,1.1005275915827428,1.100508751902847,1.1004774581696464,1.1004401455094865,1.100538718309437,1.0999184935572615,1.0999237018785233,1.0999174545765944,1.0999069441514726,1.099908414038179,1.0999151159168454,1.09994830562469,1.0993048516450123,1.0994483516123275,1.0994362637448987,1.099439583500099,1.0994310686200606,1.0993843170555295,1.0994060032590915,1.0994409605825017,1.0994322575667166,1.099190280850679,1.0991807635687132,1.099196362339965,1.0992206712338788,1.099220981250485,1.0930784316471114,1.0930372118359397,1.093053682427042,1.093069296629554,1.0930900569652573,1.093086975522591,1.0930957748998442,1.0930927599117661,1.0930994844415516,1.0931131793023134,1.093099799588879,1.093020064837926,1.0928236749567204
160,1.0989383987716674,1.0986158513033821,1.0962246582808397,1.0954172411789158,1.0967240683693265,1.0957522049247124,1.0969154948056565,1.097920872939359,1.0962067420913733,1.0976343252017189,1.0975271079837734,1.0975237243923401,1.0978218539413116,1.0980218587913815,1.0980766964137358,1.0923148618351068,1.0897511213941302,1.0902442373106682,1.0902094359286876,1.0905168221602333,1.090487111799957,1.0906951737034567,1.0905737269713645,1.0900751644364959,1.0900213539233956,1.090018570608859,1.0900329279061078,1.090150777594055,1.0916174165730432,1.0915772476771566,1.091527641188301,1.0915435540742493,1.0915237010647316,1.0915666439336884,1.0916433584181977,1.0917043265870927,1.0811911896555704,1.0811531227215352,1.0811964614479603,1.0812197745449452,1.0811982352614111,1.081207789492254,1.0811393273143552,1.081203079407625,1.081221240614048,1.0812599853208242,1.0812870995831443,1.081273432369122,1.0812595673838408,1.0812369382061517,1.0812121676145152,1.0812838473528232,1.0808314865001234,1.0808355107433383,1.0808302863337784,1.0808216250313345,1.0808228641598048,1.0808302747406273,1.0808588323250221,1.0802501790932497,1.080336095346103,1.0803283762473985,1.0803308016971505,1.080323721130876,1.0802958276474588,1.0803097240324038,1.0803327962743434,1.080326947969564,1.08014742838691,1.0801416732666027,1.080151333760809,1.0801668999369987,1.0801671871073093,1.0760731989050767,1.0760692617362453,1.0760715266589354,1.0760729585359048,1.0760754860323596,1.076075173154703,1.076076052658193,1.0760731901847473,1.0760741065113328,1.0760758694754367,1.076076378071252,1.0760684847222644,1.076056437098708
161,1.0951256568468173,1.0946065339906557,1.0914213613095092,1.0904138027266035,1.0923372621910068,1.0912671349965388,1.0929613801466924,1.0938527243359273,1.091142964665886,1.0928481053191503,1.0926473655613103,1.0924977885566263,1.0927482469678562,1.0927108480787953,1.092726578367923,1.0846401549551052,1.0820531180751114,1.0825333145356257,1.0825020185842817,1.082824429551822,1.0827871543441099,1.0830298464626738,1.0829122616840243,1.0824645882076624,1.0824356767622418,1.0824338852590465,1.0824478381325746,1.08258151429623,1.0838966426790966,1.0838633613605533,1.0838040179466568,1.0838160610356888,1.0838295865895426,1.0838589860252927,1.0839163535648846,1.0839610259200985,1.0683027681737924,1.0683027760562418,1.0683027781579126,1.0683027820968516,1.068302786842268,1.0683027926670787,1.068302777367597,1.0683027755132126,1.0683027805573997,1.0683027824509475,1.068302787322808,1.0683027922748567,1.0683027969662853,1.0683028018366176,1.068302805966689,1.068302808269286,1.0683028085464044,1.0683028136502588,1.0683028187976753,1.0683028241359167,1.0683028294097812,1.0683028324478026,1.0683028311603413,1.0683027365499824,1.0683027271377887,1.0683027310412212,1.068302734725263,1.0683027381378722,1.0683027375017922,1.0683027386926522,1.0683027386637425,1.068302742392623,1.0683027234298357,1.0683027271953394,1.0683027258537945,1.0683027249973864,1.0683027274805472,1.068302620064867,1.068302621055511,1.0683026221146785,1.068302623623872,1.0683026238127564,1.0683026252741072,1.0683026267996696,1.0683026274011012,1.0683026289167372,1.0683026300255696,1.068302630982334,1.068302630380474,1.068302626009447
162,1.0865618654935334,1.0859722083385661,1.0821928673927503,1.0807717101143057,1.083358920218889,1.081820299011273,1.0837831275292702,1.0849261571308093,1.0815936700895583,1.082300246158638,1.0819843574752883,1.081597423042307,1.0817117890819412,1.0811360624931992,1.0810490858173165,1.0702242091052336,1.0678105318953943,1.0679289680424224,1.0679166382084035,1.0681133429125518,1.0680866294602105,1.0682340228002578,1.0681943934367184,1.0679822291299972,1.0680176330667586,1.0680235852679745,1.0680231902224442,1.0681100941875181,1.068753000735143,1.0687424104368477,1.06874058772869,1.0687438952529484,1.0687865174780997,1.0687868635196598,1.0688009099257239,1.06881598644322,1.0606072916425746,1.0607377425285913,1.0606826421657625,1.0607122457698928,1.0607542895330135,1.0607597383194043,1.0606763802047523,1.060728348195215,1.0607339045697035,1.060750350321728,1.0607574028443127,1.0607286076227742,1.060724712733966,1.0607186551557712,1.0607273272822615,1.0607494109191402,1.060948094613663,1.060949649346487,1.06093865993221,1.0609331860563072,1.0609340141188899,1.0609414150136784,1.0605763190252127,1.059798876607623,1.0597540122776066,1.059757442210465,1.0597711852654481,1.059774127867405,1.0597764411560529,1.059771241135968,1.0597609056854567,1.0597637582147914,1.0596939392359193,1.0596991647037763,1.0596904344194442,1.0596769140264712,1.0596753946045305,1.0599780752756132,1.0599767971938872,1.0599774918366003,1.0599756522744888,1.0599295056746858,1.0599292317256963,1.0599297050064678,1.0599234521817957,1.0599238333416368,1.0599120635378112,1.0599110976942583,1.059906290951954,1.0598931648223682
163,1.0830546807691224,1.0823812528976005,1.078251039351616,1.0766621522848374,1.079700299627657,1.0780658546931219,1.0802472603154807,1.0813325225369097,1.0775108570611691,1.0777790203773094,1.077388524076025,1.07684414766504,1.0768746964327378,1.0759494282758113,1.0757956988741109,1.0637910601151142,1.0618338089842356,1.0617077296010402,1.0617069208409975,1.0618027681909437,1.0617911463223126,1.0617793613466193,1.061796700729213,1.0617349107778695,1.06179016552737,1.0618024475146866,1.0617914446114303,1.0618520702248888,1.0621937766443572,1.0622003536604245,1.0622416812414663,1.0622389363313662,1.062284994667349,1.062262608922669,1.062243531582642,1.062232815312533,1.0571371481744622,1.0573101466063877,1.0572622767754765,1.0572987979853006,1.057454601164878,1.057459427396472,1.0575617229566494,1.0576336364221954,1.0576401334745555,1.0576669313782727,1.0576745457002412,1.0576342901718832,1.057629738894438,1.0576230645640825,1.0576311563292051,1.0576557159179725,1.0578417848101949,1.0578431843504463,1.0578294822788799,1.0578243304341985,1.0578251416238806,1.0578324953134906,1.057277579989571,1.0567690031613912,1.056745548466647,1.0567473075240024,1.0567617302113255,1.056763166664949,1.0567643202591492,1.0567619402664494,1.0567569796011536,1.0567584155757672,1.0567117989003363,1.056714515562825,1.05671003832124,1.0567031052258848,1.056702300922268,1.0569081916005287,1.056906913589765,1.0569074656251396,1.0569058994502214,1.056880145620241,1.0568796073404196,1.0568802346260533,1.0568761269425169,1.056876593198405,1.0568647282039167,1.0568634488901119,1.0568575160605533,1.0568427060565448
164,1.066799952776741,1.0667894429958271,1.0647131716509641,1.0635132304927541,1.0649853334967943,1.0620070694279988,1.062638427298486,1.0647105661972003,1.0635206111799644,1.0630921153609028,1.0628466343678944,1.062535379259931,1.0626150443896227,1.0618801172405044,1.0617449288189023,1.0529837414450651,1.0504534595319353,1.0500920174554178,1.0501112342376182,1.0501649534467348,1.0501600979383985,1.0498356369179709,1.0499168004688983,1.0499787594367491,1.0501766464782778,1.050201616141634,1.0501776663823543,1.0502592413076965,1.0503382317750232,1.0503531756937186,1.050433771737562,1.0504291774657037,1.050491053045778,1.0504635326289968,1.0504308613827664,1.0504148543825,1.0474023742347482,1.0478050621446313,1.0477588987965551,1.0477973303480241,1.0482434203052393,1.0482434952340751,1.048590479461354,1.0487148208280046,1.0487220054709994,1.048774136757835,1.0487818948093568,1.0487080430859765,1.0487029031059147,1.0486961338105547,1.0487018741857599,1.0487291174448599,1.0489353172556777,1.0489371113816557,1.0489153912220213,1.048911421807181,1.0489122078299382,1.048918946118418,1.0477101031148826,1.0477101052763464,1.0477101060313232,1.0477101063412642,1.0477101069785357,1.0477101074002844,1.0477101073412358,1.0477101078798619,1.0477101084584228,1.0477101087743246,1.0477101072047779,1.0477101076495068,1.0477101079581366,1.0477101084468874,1.0477101089947891,1.0477101176436474,1.0477101183235962,1.0477101186715945,1.0477101188413107,1.0477101314486208,1.0477101321007105,1.0477101328373115,1.047710133006737,1.0477101337524888,1.047710133847925,1.047710134413484,1.047710134572328,1.0477101331932863
165,1.0510616306474985,1.0513067682890929,1.0506294840325536,1.0500065771375302,1.0503394191061648,1.0472197468407158,1.047072549425053,1.0490944320443896,1.0491491523679741,1.0488960268001488,1.0487595968362216,1.0486150640542393,1.0486854934055998,1.0481927505496036,1.048095117824748,1.042730608384008,1.0408686792395785,1.0406132961508046,1.0406405659808209,1.0407935345177641,1.0407860496789754,1.0402649618561106,1.0403307008768883,1.0403820304946434,1.0406879664743431,1.0407181095907245,1.0406960120949265,1.0408245300121084,1.0408103054219389,1.0408123075823543,1.040874989126441,1.0408758623782361,1.0409196785202153,1.0409200071023827,1.0409179384705967,1.0409324136475402,1.0396957954333792,1.040174216733816,1.0401494486797598,1.0401808606726062,1.0408353019361294,1.0408334888406472,1.041098861383846,1.0412707876268337,1.0412786909006957,1.0413440389093658,1.0413528100776568,1.041264983143558,1.041258922236165,1.0412512687751194,1.0412543647731523,1.0412855407122075,1.0414080602188156,1.041407668302649,1.0413847522959703,1.0413807826163584,1.0413814700022914,1.0413885094531357,1.0408260505760978,1.0409254018684178,1.0409700492556164,1.0409601508976307,1.0409505435655801,1.0409414150083154,1.040939288199697,1.0409445280748866,1.0409519300439116,1.0409442127157515,1.0409467095248228,1.0409437482135895,1.0409527967166214,1.0409605863761828,1.0409613216984175,1.0409596526020068,1.0409617510761426,1.0409606467825965,1.0409598174332448,1.0413116902803592,1.041311545719634,1.0413094731885952,1.0413091293565828,1.0413083033153374,1.041304686822535,1.0413069188083304,1.0413176112947211,1.0413442847518815
166,1.0375178059901604,1.0376611592322642,1.0376460011508288,1.037522712545179,1.0373473845319616,1.0357752408749021,1.0355754688324852,1.0366135861660764,1.0368447537110463,1.0368372316790009,1.0368041028288142,1.0367919599410111,1.0368243577666703,1.0366831976606312,1.0366507500503483,1.0347931607496943,1.0340007769841297,1.0339081236188996,1.0339355124942935,1.0340392477931728,1.0340311662138877,1.033761648057121,1.0337909518232618,1.0338046087711306,1.034079193399204,1.0340963698994339,1.0340839872563574,1.0341578135077147,1.0341470131825452,1.0341425571349765,1.034166379130605,1.0341689784165766,1.034186154550531,1.0341972053056925,1.0342083626441108,1.0342286859056014,1.0338640982498342,1.0341282714208906,1.0341209000293436,1.0341341537258384,1.0344799285808044,1.034476926022465,1.0345821383371159,1.0347165135547844,1.03472125062015,1.034754929794016,1.034760563192113,1.03472642143457,1.0347224686956615,1.0347180932108504,1.0347175095349033,1.0347368959969825,1.0347801468637217,1.0347797588841048,1.0347630460838828,1.0347603476278882,1.0347608904932246,1.034765812179416,1.0345992363327754,1.034644260097304,1.0346804618246215,1.0346706083893313,1.0346679737937077,1.034662117449862,1.0346604895562557,1.0346645525867195,1.0346702747780196,1.034664528080221,1.0346667587067437,1.0346644918474885,1.0346719780142086,1.0346782945423953,1.0346790193119926,1.0346756045742562,1.0346776050129316,1.0346768634842993,1.0346916106735562,1.034896670121083,1.0348998125179636,1.0348967450464355,1.0348967071844009,1.0348958774827823,1.0348932773648698,1.0348958455437898,1.034906743548766,1.0349334270837371
167,1.0314848360378202,1.0314848455499537,1.0314848475869307,1.031484844805224,1.0314848388001836,1.0314849058233615,1.0314849129630068,1.0314849498463308,1.031484935850511,1.0314849107170152,1.0314849143787086,1.0314849112197861,1.0314849022164998,1.0314848841223243,1.031484879477976,1.031484842949772,1.0314848278937054,1.0314848062260498,1.0314848092563822,1.0314847529633917,1.0314847511016583,1.0314847369288003,1.0314847394768791,1.0314847447405513,1.031484767282904,1.0314847672725036,1.0314847580848427,1.0314847593041427,1.0314847565564882,1.0314847560803222,1.0314847561233262,1.0314847544351338,1.0314847542838734,1.031484752012094,1.0314847498867594,1.0314847508942082,1.031484744053948,1.0314847516119134,1.031484750215214,1.0314847488491694,1.0314847675643475,1.0314847660885884,1.0314847690791564,1.031484749640628,1.0314847493080639,1.031484753741251,1.0314847537295488,1.0314847753351102,1.0314847742904203,1.0314847731140022,1.0314847722224192,1.031484775022185,1.0314847759531858,1.0314847755425594,1.0314847916446608,1.031484791063751,1.0314847909866947,1.0314847917216254,1.031484786915654,1.0314847889297252,1.0314847990143008,1.031484797855979,1.0314847980475654,1.031484797576778,1.0314847973121317,1.0314847980200244,1.0314847987688989,1.0314847979876685,1.0314847988160993,1.0314847983278084,1.0314847997114793,1.0314848010703226,1.0314848012227102,1.0314848011296969,1.0314848016932794,1.0314848014809104,1.03148480616516,1.031484816851141,1.0314848191090658,1.0314848182146792,1.0314848183787713,1.0314848184524905,1.031484818324679,1.031484818855382,1.0314848206277782,1.0314848252305133
168,1.0221692930619308,1.0221945042577534,1.0246150891421693,1.0244590373947111,1.024845384142981,1.0393837330032345,1.0401486060708809,1.040713120141652,1.0389486913762789,1.0363972075913503,1.0361730534476798,1.035370686627751,1.0340974733166546,1.0323621612229736,1.0318733064249053,1.0319380017543849,1.0320893095832773,1.0301776990769973,1.0303042739880923,1.0241447384039624,1.024189987323851,1.0240023303441583,1.0243112221610795,1.0248984208366076,1.0255670081860666,1.0255626768475523,1.024629236590641,1.0244594430611453,1.0243295063665703,1.0244356593557689,1.0244813362314302,1.0244236454293025,1.0244703107147575,1.0242556304067052,1.0239444302768057,1.023921421698031,1.0240453371804774,1.0240680090006162,1.0240435117707212,1.0239535222650258,1.0241285435006202,1.024090173989213,1.0240282907866,1.0215948257992171,1.0216103228115303,1.0218112275580558,1.0218319977106283,1.0230838562504974,1.0230644520973324,1.0230410016093912,1.0230225487551787,1.0231032823944108,1.0230920933165937,1.02309162619427,1.024038251592386,1.0240262560320805,1.0240280335138843,1.0240505647392177,1.0240798102046194,1.0240856678886012,1.024461536555803,1.02444009283217,1.0244452886905067,1.0244409655633235,1.0244355710170439,1.024451177577194,1.0244593689003654,1.0244497536726274,1.0244726667965571,1.0244616308339607,1.0244843828845733,1.0245153019221576,1.0245186377443247,1.0245218832355403,1.0245352568792787,1.0245301858021671,1.024554529827574,1.0245418385041385,1.0245559784979343,1.0245298974156833,1.0245306737132234,1.0245284093374627,1.0245235241739508,1.0245299951540414,1.0245586045413317,1.0246929761126904
169,1.0140490099724409,1.0141615593982467,1.01846032050639,1.0181212418824692,1.0189545451100364,1.0443426874426631,1.0462370908824064,1.0472408776124658,1.043259908302771,1.038401059551029,1.0379796278072873,1.03652306002026,1.034444778447388,1.0315107405764166,1.030683517095713,1.0306816637728526,1.0308202455088626,1.0277679010261964,1.0279856066607245,1.017717100468458,1.0177573436316032,1.0177110799383653,1.0180171395908735,1.018590474997361,1.0196597041821518,1.0196448486989407,1.0184248614060272,1.0182209835056626,1.0180884566695139,1.0181981750155356,1.0182441167585512,1.0181773769606015,1.0182275004562882,1.018003083345286,1.0176680148653419,1.0176757425393286,1.0177825306976358,1.0178188607004577,1.0177931212633886,1.0176987660148233,1.0177505013687422,1.0177067660653043,1.0176281791336108,1.0148653436055495,1.014885896647079,1.0150938805762022,1.0151214090049419,1.0171499038303422,1.0171284707141526,1.0171021008792707,1.0170815542022624,1.0171709227301453,1.0171587822358312,1.0171581573104833,1.0178341039998478,1.017817774071555,1.017820165307777,1.0178508733230622,1.0178827558717005,1.0178903124959835,1.0184761942812885,1.018446779315286,1.0184505261584467,1.018446039306119,1.0184401024504754,1.0184572942620629,1.018458274212329,1.0184497261806218,1.0184757531898616,1.018463532075509,1.0184840524985466,1.0185190827121575,1.0185227045537208,1.018526119950124,1.0185406124737286,1.0185351232687554,1.0185332061988401,1.0185130911673042,1.0185019610851536,1.018476582441639,1.018477443096918,1.0184750189313707,1.0184697265957094,1.0184766531213283,1.018507052841897,1.0187083086498345
170,1.0055150376054178,1.0057106252773576,1.0113672470605897,1.0108299490935688,1.0122208557080814,1.0484528119798684,1.0510365967772382,1.051658008764411,1.0468364715010603,1.0410591799239635,1.0405418615899709,1.0387830458918519,1.0363107320001836,1.0326730308920584,1.0315925675598852,1.031420047449523,1.03163190346187,1.027710929984004,1.0278880230201264,1.011151764355593,1.0111866227833233,1.0111563255565772,1.0113827361123866,1.01180938670721,1.0124196603995077,1.0124012095399026,1.0113942414864714,1.0112371461170135,1.01114145144748,1.0112218171569336,1.0112549639763233,1.0112042070030245,1.011240174115677,1.0110752077434213,1.0108230356887704,1.0108186914133028,1.0108774736712496,1.0109016032043643,1.0108821580405667,1.0108104089739012,1.0108237480832438,1.010794746451387,1.0107293587050032,1.008179532478823,1.008192138857034,1.0083139720494734,1.0083318052828416,1.0097316382103332,1.0097233914828456,1.0097155888516929,1.009707900386533,1.0097421384681402,1.0097369351395946,1.0097365545862673,1.0100193409909524,1.010012106761548,1.0100130994288468,1.010026716374121,1.0100391849053707,1.010042805099634,1.0105612904301202,1.0105393998505263,1.0105402748442143,1.0105389793939028,1.0105369999989464,1.0105426672809807,1.010514150265674,1.0105111170890142,1.0105212404452946,1.0105168829467224,1.01052442506774,1.010546266928734,1.010547673907727,1.0105491592812494,1.0105551787778129,1.0105527296774395,1.0105158822594114,1.0105076033709677,1.0104968695633578,1.0105314420263638,1.0105316356925587,1.0105304495334655,1.0105278066681498,1.0105310607719034,1.0105460891500606,1.0107799671218842
171,1.0002960209091507,1.0005371530135894,1.0065238597461423,1.0059133491605146,1.0075236274500379,1.0465377265433036,1.0486060469257852,1.048782739511802,1.0454320963742803,1.0404075999124858,1.039933630518605,1.0383165638179384,1.0359748263434467,1.0324143353335224,1.0312978929245082,1.0310448716525318,1.0312719942786048,1.0273051485307112,1.0273998452891306,1.0058491850060396,1.005849194594363,1.0058491962953222,1.0058492127785803,1.0058492373279342,1.0058492590928545,1.0058492676126114,1.0058493233315386,1.0058493131659394,1.0058493140630427,1.0058493296863122,1.00584934088997,1.005849347080309,1.0058493589844648,1.0058493488774303,1.005849318720036,1.0058492591061339,1.0058492660695555,1.0058492750950199,1.0058492784624236,1.0058492757061526,1.0058492823203034,1.005849285527382,1.0058492814446414,1.0058490736131527,1.0058490718055306,1.005849067953325,1.0058490649875274,1.0058491141677395,1.0058491191414494,1.0058491262835005,1.0058491310952045,1.0058491178745694,1.005849121354032,1.0058491233767513,1.005849133518871,1.005849138716937,1.0058491405731256,1.005849136376184,1.0058491347451692,1.0058491343433063,1.0058488852478769,1.0058488833582564,1.0058488812894237,1.0058488800858159,1.0058488809659523,1.0058488775187604,1.005848866972717,1.005848866227689,1.0058488657553408,1.0058488656283093,1.0058488630653648,1.0058488620594666,1.005848859969266,1.00584885970041,1.0058488565376678,1.0058488561065495,1.005848853543315,1.0058488524047848,1.0058488499949412,1.005848863360934,1.0058488621433799,1.0058488608532832,1.0058488598615856,1.0058488580638425,1.005848854631072,1.005848816826115
172,0.9935763313730562,0.9938419480025706,0.9995499750249617,0.9989168391363162,1.0005624805243452,1.034193781443736,1.0349040533528984,1.0345525022178,1.0346263757402776,1.031901172810103,1.031607032662058,1.030555047451933,1.0288600757886608,1.0260707437658712,1.0250767992188816,1.0248280320501475,1.0250219043355246,1.0216995251335697,1.021681197687243,1.0062712133095402,1.00635220236534,1.0061669345226607,1.006535632881086,1.0071441094477978,1.0071639890774517,1.007220780539448,1.014568207765009,1.0140162140183406,1.0137013614760855,1.0139812088087392,1.0140925851304066,1.0140192203667544,1.0141329692322716,1.0135747883782809,1.0126332421117934,1.008982307434932,1.009049578324094,1.009147681770681,1.009086414837252,1.0088497147046558,1.0088810548924791,1.0088088504201795,1.0085676728844837,1.0063698923856679,1.0062377280214392,1.0059405887181858,1.0057698102223327,1.0059393202244298,1.0060598851192446,1.006240761048006,1.0063589279146061,1.0058443037244642,1.0059183990354477,1.005921299987419,1.005934011576472,1.0060371710994862,1.0060233642250829,1.0058290962000491,1.0057053020529705,1.0056470381881815,0.995469913932926,0.9954718322003426,0.9954673203550581,0.995473688714717,0.9954843031626069,0.9954536533561646,0.9953654454852164,0.9953792734316675,0.995336238930233,0.995358461171627,0.9953250649907219,0.9953449283783579,0.9953398810700511,0.9953357038524144,0.9953137179993272,0.9953224131759603,0.9953305316772602,0.9953414221357767,0.9953401711122802,0.9955543991650881,0.9955533563797121,0.9955571477706656,0.9955647732615176,0.9955553104766226,0.9955094581316155,0.994681661940663
173,0.9892698071452314,0.9895295640472161,0.9947363823215571,0.9940119900460399,0.995811349685681,1.0238882886134193,1.0239997277958828,1.023531817438041,1.0252708805004762,1.0242543398101949,1.0241249478979726,1.0235967528491896,1.022584618893829,1.0207198971656521,1.0199500821013674,1.0197835179686963,1.0199312562321672,1.0175335719274292,1.017457353036946,1.0066457465955536,1.0067412903109836,1.0065284085496906,1.0069462024754319,1.0075878418690936,1.0075193737088388,1.0075980388218073,1.0229619053212509,1.0221589273010119,1.0217005258971907,1.0221101174854126,1.0222726874270387,1.022191873356042,1.0223575816945074,1.021540518533237,1.020124907522782,1.0140890345414864,1.0141812085762978,1.0143183930748036,1.0142336919629344,1.0139050736510944,1.0139531872997862,1.0138544209255957,1.0135183337096016,1.0108204101411076,1.01063298073143,1.0102044180752534,1.0099595060018183,1.0100828807292628,1.0102532523149557,1.0104978082586136,1.0106646075388672,1.0099334532141988,1.0100387737144534,1.0100426759910657,1.0100849968087988,1.01023154551823,1.01021167050548,1.009935110893289,1.0097584044215584,1.009675071477706,0.9891793449423095,0.9891793567746149,0.9891793640641078,0.9891793739018385,0.989179376151142,0.9891793739268498,0.9891793577313241,0.989179369196595,0.9891793461013244,0.9891793589910326,0.9891793498411936,0.9891793435089078,0.9891793488539324,0.9891793474596495,0.989179346831496,0.9891793536215867,0.9891793628589757,0.989179373190363,0.9891793798181039,0.9891793971207667,0.9891794018007676,0.9891794099874859,0.9891794192638738,0.9891794211558484,0.989179406845086,0.9891789443474684
174,0.9834223493708282,0.9836153717739745,0.9875085583338434,0.9867664648057016,0.9885057383723429,1.006980260705703,1.007045644117646,1.0066984694096595,1.0087486209334278,1.0087714054576262,1.0087622364586346,1.0086177127488032,1.0081980817319798,1.007209007186011,1.0067100817680392,1.0066367905791747,1.0067318613319494,1.005350336619835,1.0052688741047568,0.9987273995168803,0.9988102723362653,0.9986357552064924,0.9989818185238183,0.9994854546524188,0.9993819271143687,0.999459407304826,1.0212824776063647,1.0204096843349142,1.0199115753107293,1.02035902844427,1.0205371689693412,1.020491506834163,1.0206732574742523,1.019780430392322,1.0183010518465119,1.0107552074803192,1.010836006799738,1.010957656549185,1.0108839240019198,1.0105955904513186,1.0106412564879956,1.010555991081004,1.0102596277718794,1.0086323701072806,1.0084733899088407,1.008098904049621,1.0078886602649717,1.0079758621646844,1.0081212473263357,1.0083254125542123,1.0084679739245206,1.0078392615996783,1.0079300079286204,1.0079336830780488,1.0079830299208932,1.0081090317108667,1.0080924629836643,1.0078547102128856,1.007702464933885,1.0076304326945122,0.9959762556016957,0.996047627230984,0.996029952461409,0.9960543546098871,0.9960946504675818,0.9959773805153538,0.9956649147628652,0.9957216392099456,0.9955462911475358,0.9956363785600513,0.9954879118587775,0.9950779497354493,0.9950531473243286,0.9950330309428375,0.994927212836241,0.9949681033802293,0.9950059873696913,0.9950559389968869,0.9950490070552834,0.9950489815905497,0.9950438516305206,0.9950606644374551,0.995093767039185,0.995051051423296,0.9948426835980687,0.9901336989147619
175,0.9779203049236916,0.9780320223438549,0.9805397184524678,0.979986682633593,0.9812788216896954,0.9924213594708005,0.9924857514470746,0.9922653868314849,0.9940223168870246,0.9943574199964932,0.9943897525027172,0.9943872637644989,0.9942423698692027,0.9937369901257274,0.9934364417933235,0.99340600547073,0.9934676691141047,0.9926904311205852,0.9926428092752293,0.9888781490889753,0.9889388955260852,0.9888212219110846,0.9890650375350255,0.9894139116673919,0.9893203742693008,0.989378138798344,1.009816593878708,1.0092312255177156,1.00889824391862,1.0091996106135592,1.0093204464688408,1.0093423765626708,1.009465881978246,1.008859851158216,1.0079130027173087,1.0016504518666212,1.0016881181037054,1.0017445110359875,1.0017118716110471,1.0015795653605561,1.0016019958872078,1.0015628263888305,1.0014222775153876,1.0006993361430216,1.0006192285811504,1.0004132333010156,1.0003033009631301,1.0003368185230317,1.0004120964307626,1.0005189484613144,1.0005928243877524,1.0002607674437758,1.0003090996855997,1.0003113787594584,1.0003398407612056,1.0004062794806134,1.000398183363524,1.0002726709868441,1.000191597798387,1.0001530242848236,0.9943563657764533,0.9944186936365008,0.9944036216914226,0.9944248113353079,0.9944598090854678,0.9943575186739259,0.9940673721951239,0.9941177353995124,0.9939628008712756,0.9940509974405899,0.9939141156410533,0.9932124336599605,0.9931905016458666,0.9931728429443734,0.9930783810143411,0.9931152054516547,0.9931488854237237,0.993193041956735,0.9931869281734503,0.9931701089720667,0.9931657128548714,0.9931807035474018,0.9932097258929652,0.9931723310619965,0.9929858680956373,0.9893953509633966
176,0.9731345520056507,0.9732058524201047,0.9746696577289645,0.9743653261688361,0.9750974772300991,0.9810684854293961,0.9810345813903393,0.980888080038129,0.9821888574333374,0.9825410587791628,0.982580192134553,0.9826280994835608,0.9826394317092829,0.9824812380418143,0.9823293485545277,0.9823342838541889,0.9823607990503213,0.9821049413508386,0.9820741937777723,0.9805261799854132,0.9805477976914356,0.980518871464883,0.980595910101223,0.9806902989605379,0.9806346760831172,0.9806599062760817,0.9943030363820381,0.9941083793054428,0.9939987351664723,0.9940991321039111,0.9941404213816979,0.9941751905865986,0.9942174873804617,0.9940127193464884,0.9935736911286569,0.9908005614611461,0.9908039839752556,0.9908085931679379,0.9908072538995801,0.9907976705239447,0.9908000079446514,0.9907968486370846,0.9907829703921939,0.9906369579264762,0.9906225297816244,0.9905736822700987,0.9905510854939588,0.9905492256866969,0.9905645018867907,0.9905881578640838,0.9906031203024656,0.9905319101068534,0.9905426483494988,0.9905434853911482,0.990548548598908,0.9905627980866197,0.99056165378331,0.9905347247966579,0.990516873769173,0.9905081998350748,0.9886028587128983,0.9886210819527661,0.9886169409387613,0.9886232702550599,0.9886336794772657,0.9886027831837239,0.9884931870356825,0.9885091801111346,0.988460329380886,0.9884951456552067,0.9884477468250454,0.9880377507763152,0.988031031384399,0.9880256209576356,0.9879951810089399,0.9880075481032339,0.9880180109769198,0.9880318355054001,0.9880301354499298,0.9880157723410218,0.9880146185646637,0.9880194614861346,0.9880284080239203,0.9880171643487349,0.9879561846450532,0.9865535862737825
177,0.9676521874852381,0.9676521848179153,0.9676523160709128,0.967652320687261,0.9676523125483757,0.9676523525580744,0.967652272517503,0.9676522654627607,0.9676523027540773,0.9676523191402221,0.9676523202565658,0.9676523246431664,0.9676523315480681,0.9676523403067373,0.9676523387558421,0.9676523417942618,0.9676523416492417,0.9676523566595949,0.9676523546063864,0.967652348763734,0.967652348135042,0.9676523522884676,0.9676523467698385,0.9676523367240862,0.9676523345989502,0.9676523344084453,0.967652640802141,0.9676526507239377,0.967652663646671,0.96765266870717,0.9676526756909625,0.9676526890704408,0.9676526964590809,0.9676527100552287,0.9676529472411391,0.9676529055534078,0.9676529122573081,0.9676529226274433,0.9676529360906622,0.9676529546901725,0.9676529663532334,0.9676529819243271,0.9676529998701936,0.9676530138843145,0.9676530306661233,0.9676530449065982,0.967653062665992,0.9676530722656767,0.9676530797453449,0.9676530871572744,0.9676530925687462,0.9676531159089118,0.9676531227767566,0.9676531353716549,0.96765314652128,0.9676531562796888,0.9676531702552944,0.9676531870075239,0.9676532043385131,0.9676532156004896,0.9676532327131627,0.9676532413133944,0.9676532557694174,0.9676532675054014,0.9676532645629896,0.96765328001788,0.967653301463244,0.9676533111067538,0.9676533018818273,0.967653310188437,0.9676533196653743,0.9676533172130409,0.9676533311054806,0.9676533322696482,0.9676533503601774,0.9676533551725912,0.967653364753432,0.9676533737420155,0.9676533868465197,0.9676533963620332,0.9676534055180664,0.9676534164986483,0.9676534260434592,0.9676534378437406,0.967653454168264,0.9676534533623803
178,1.088694282153952,1.089130901192787,1.0907373253937898,1.1001316473717684,1.0958317867256626,1.093578806862092,1.0921488325766426,1.0921695673407967,1.0968096739255415,1.127118811582446,1.1271360129974997,1.1279898586234285,1.1287880412986775,1.1298307026702459,1.1300035886780264,1.1280413389302333,1.1280567579714602,1.129657572188143,1.1296185122588398,1.1301779041204214,1.1300897230974587,1.130319893226773,1.1301228921890205,1.1298923950587476,1.1298554296344723,1.1298440717813225,1.1298651711908416,1.130148220261447,1.139036580644063,1.1390365763580688,1.1390365743654585,1.1390365715205517,1.139036569078508,1.13903657011665,1.1390365736279353,1.1390365738273533,1.1390365267003624,1.139036522166338,1.1390365222296488,1.1390365206633932,1.13903651620457,1.1390365126172184,1.139036502994153,1.139036506143955,1.139036503140192,1.1390365026901976,1.1390364997895703,1.1390364957504397,1.139036491931734,1.139036487992968,1.1390364872394414,1.139036487590683,1.1390364915954072,1.1390364883490218,1.1390364845710839,1.1390364806005076,1.1390364771288364,1.1390364763024998,1.1390364740337133,1.1390364199268874,1.1390364355024851,1.139036430517655,1.1390364269639361,1.1390364226525744,1.1390364263865407,1.1390364257459569,1.1390364271663513,1.1390364225042409,1.1390364297085684,1.1390364250458909,1.1390364269684419,1.139036428332448,1.1390364255316157,1.1390364157902049,1.1390364131232786,1.1390364107863429,1.1390364071102612,1.1390364033409552,1.139036399840594,1.1390363962530945,1.1390363937321,1.1390363901525473,1.1390363862030706,1.1390363835303439,1.1390363842618285,1.1390363933159389
179,1.0829841260243542,1.0834218385460432,1.0854636648418872,1.0958978737389227,1.0912368716324907,1.0888558504687555,1.0873097425374225,1.0872053037488374,1.092048091638787,1.1279219277188368,1.1279622813764885,1.1288970639094156,1.1299723297371629,1.1314636623560188,1.1317418931642438,1.1286126591819161,1.1284754447717003,1.1304445359623059,1.1303771108609468,1.1312296041061314,1.1311286711622066,1.1314726786038722,1.1310850426392285,1.1303239900491453,1.1302742956450718,1.1302526896232885,1.1303167094787059,1.130741249098055,1.1361451294469211,1.1360817101545473,1.1359073090582221,1.1359322355179087,1.1359087815955353,1.1360054299702085,1.1361455518042023,1.1362655419930965,1.1341549601716607,1.1341433754555394,1.1339954193051853,1.1339509470990592,1.1339257041551778,1.1339252812599097,1.1327917868513204,1.1328478059984834,1.1328625902568772,1.1328925604450957,1.1329143531610557,1.132903416539132,1.1328949827412242,1.1328765331516315,1.1328841260693787,1.1329410395157196,1.1329346422364106,1.1329340852272503,1.132927182187811,1.132915937869936,1.1329174301893294,1.1329215502009586,1.1329457100227338,1.130025082499945,1.1303486797313038,1.1303207259515524,1.1303299558529873,1.1303202308649354,1.1302869267550113,1.1303319146821655,1.1304140306799049,1.1303932047775764,1.1299556312009693,1.1299281684667708,1.1299742271571824,1.1300459694786502,1.1300524920228163,1.1296956758372687,1.1297143921116175,1.1297075914777002,1.1297005254288373,1.129692089401432,1.1296934170554667,1.1296893298098913,1.1296901597857056,1.1296875430879103,1.1296757006302995,1.1296857638214555,1.1297215933116835,1.1298040971580285
180,1.083601976292188,1.08393510920235,1.0857030487708614,1.0939498961497645,1.090456469455923,1.0883932696859375,1.0874447066081,1.087279443961497,1.0906798233894222,1.1215883470956554,1.1215693129073003,1.1223577127350821,1.1234582103180528,1.1249251356171115,1.1252142513823382,1.1203505530344664,1.1200807187828388,1.1220303255584894,1.1219547924071709,1.1228625225629056,1.1227644937528327,1.123165066273164,1.1227271690026344,1.1217705286019979,1.1217142818210943,1.1216896858534708,1.1217685990950472,1.1222690812333358,1.1261806635159024,1.126106892104069,1.1256685241202713,1.1256922078737892,1.1256676564993273,1.1257469513325145,1.1258836829070493,1.1259952416848384,1.122204509242701,1.122200140464237,1.1219818761129952,1.1218681245039388,1.1218307326326,1.1218197428615937,1.1194059381762227,1.119436426277843,1.1194426092551297,1.1194553494662816,1.1194683220375334,1.1194634249334274,1.1194652585266542,1.119455564540772,1.1194912930188021,1.1195205435040023,1.1195169525777646,1.1195159725652541,1.1195121707858666,1.1195063553166418,1.1195067943376673,1.1194887084837477,1.1195099339337409,1.1136796525280213,1.1139693108577347,1.1139439996458738,1.1139538203670971,1.113944908276382,1.1139068278495419,1.113947926394797,1.1140224779519308,1.1140038058195443,1.113722649510605,1.1136927623424828,1.1137425146864421,1.1138216169390618,1.1138280398507556,1.1134426981413403,1.1134672712456788,1.113458069173646,1.1134488820574262,1.1134377958721586,1.1134392050237079,1.1134339619912694,1.113435105842695,1.1134317548019812,1.1134150550866861,1.1134277756829454,1.1134743867942398,1.1135904076069851
181,1.0842112959575128,1.084346348678872,1.0852140573103763,1.0906256915079975,1.0891424909709406,1.0875884854298656,1.0876098954203401,1.0874157562387032,1.0885678158514243,1.1120160219287871,1.1118274022451715,1.112191228380249,1.1130426472795443,1.1139082908804785,1.1140945781238683,1.1065088424210607,1.1061721250024905,1.107634733790711,1.107575345796726,1.1082572707986547,1.1081879861927588,1.1085607742486776,1.1082218764810674,1.10740091332016,1.1073492780392358,1.1073299924434554,1.1073939815048321,1.1078932581721752,1.1102981838935884,1.1102464152819218,1.1095436908465484,1.1095515175847503,1.1095443280959416,1.1095503009710355,1.1095906145732122,1.1096104944835645,1.1047177679645348,1.1047304411743368,1.1045139811002151,1.104339972794181,1.1042959631870393,1.1042704739167442,1.1002034431315675,1.100157287052318,1.100141303384419,1.1001076493387532,1.1000909594661246,1.100103047506312,1.1001241548414167,1.1001412395785855,1.1002346103831018,1.1001824920079923,1.100219038653557,1.1002185064904124,1.1002240069187814,1.1002341960786262,1.1002324640600165,1.1001868006673174,1.1001814179953329,1.0896069868291693,1.089606982269038,1.0896069870305083,1.0896069921478577,1.089606996816395,1.0896069956499117,1.0896069983816452,1.0896070003876237,1.0896070050606397,1.0896070016491144,1.0896070052934588,1.0896070066238779,1.089607010669474,1.0896070150299564,1.0896070109637062,1.0896070155469502,1.0896070178247041,1.0896070217315585,1.0896070245993084,1.089607028969567,1.0896070329800183,1.0896070360190986,1.0896070401009195,1.0896070410475167,1.0896070444789436,1.0896070464833643,1.089607042271693
182,1.083887690218643,1.0838318479932476,1.0836917356460738,1.0871821955000558,1.0874572860825646,1.086307140731746,1.0871223634456766,1.0869461221168897,1.0863112389641854,1.1043193286429338,1.103958779300834,1.1038916115807558,1.1044420772053025,1.1045757996573893,1.1046295748823194,1.0947778459591588,1.0945120224873883,1.0954292488525506,1.0953924597284608,1.0957996113132997,1.095760066189316,1.096030690471225,1.0958147227998465,1.0952442142845986,1.0952029069311984,1.095190889968204,1.0952320531210025,1.0956843406994812,1.0971729456851416,1.0971498566996503,1.0963750408123565,1.0963684396421058,1.0963760442599628,1.0963230521246186,1.09627921495219,1.0962249441659386,1.0919343416487266,1.0919508820348605,1.0917773543672329,1.0916041622408126,1.0915704949696277,1.0915431353650067,1.086658411049784,1.0865769910360084,1.0865514891634536,1.0865022777528064,1.086471896925148,1.086490975089101,1.0865186243608604,1.086547865442906,1.0866566998291263,1.0865687469740726,1.0866247968161016,1.086624710401056,1.0866338294161468,1.0866514367573976,1.0866487791652906,1.0865972091031886,1.0865737300310534,1.0803822562348597,1.0803615950772492,1.0803631342402311,1.0803581577518975,1.080358428399262,1.0803573966374704,1.0803557824396737,1.0803523750894888,1.0803506769906674,1.0803481158669392,1.0803439267325554,1.0803511940718717,1.080363808915545,1.080364916159346,1.080515544938377,1.0805237962096739,1.0805204980131449,1.0805172062902382,1.0804895527154914,1.0804898788213995,1.0804882106812577,1.080487995354239,1.0804869152702525,1.0804528204633617,1.0804559218856336,1.080470349814225,1.0805120075760362
183,1.0857987111063516,1.0852794861905637,1.0826874679385503,1.0830645375906662,1.0863567226100979,1.0857246426574165,1.0879539431252856,1.08787979030446,1.0841939671473422,1.0925550482871271,1.091970997486774,1.0912769846216754,1.0913932951769711,1.0903519874033276,1.0901899052208028,1.0759415901907017,1.0757400273877318,1.0760664299597746,1.07605373327244,1.0761899398339343,1.0761766176697118,1.0762885810305483,1.0762045986447142,1.0759627308945392,1.075941190905998,1.0759372303457864,1.0759519017217924,1.0761912182074103,1.0768027196537118,1.0767983398819907,1.0764277677123129,1.0764207977277878,1.0764310964626926,1.0763889676082372,1.076346096486402,1.0763011729302203,1.0735950954571176,1.0736022314278255,1.0735203870638026,1.073440320662528,1.0734189897459943,1.0734068600475735,1.0707557895695445,1.0707048475936058,1.0706887394266384,1.0706655669780472,1.0706454987776255,1.0706565596652566,1.070673265736701,1.0706923601928888,1.070749898406187,1.0706939401609468,1.070744598264606,1.070744721607538,1.0707491151720758,1.070760885043017,1.0707591175405988,1.07073044649531,1.0706935708477001,1.0684949329994984,1.0684619029562594,1.0684644615876073,1.0684414620353855,1.0684421127119277,1.068442569563322,1.0684392107872414,1.0684324783608667,1.0684281845800516,1.0682749122619002,1.068277492379433,1.0682733748020783,1.0682673092256465,1.0682664366562498,1.0684108367441871,1.0684089576642986,1.068409390217904,1.0684098378818447,1.068372942001599,1.0683722418828514,1.0683727360401223,1.0683715986299307,1.068372038507801,1.0683712120963227,1.0683701755783697,1.068366337327863,1.0683596350956284
184,1.0848766505453333,1.0839822693530088,1.0795448715665752,1.078389758008166,1.0831874224446016,1.0826125146722039,1.0856332569899145,1.085779082597515,1.080457288192691,1.0836636173687229,1.082989250586226,1.081988886145532,1.081920275988241,1.0801897184243312,1.079894031408117,1.0618800648772346,1.0618800557057169,1.0618800504525148,1.0618800549519123,1.061880057310311,1.0618800624184208,1.0618800463292015,1.0618800477104255,1.061880045554302,1.0618800483689559,1.0618800525578875,1.0618800428919635,1.0618800529519412,1.0618800662117476,1.0618800703560516,1.0618800670163233,1.0618800702196118,1.0618800747086694,1.0618800745564496,1.0618800705452196,1.0618800704626834,1.0618799797477405,1.061879983258769,1.0618799818958906,1.06187998160462,1.0618800063901133,1.0618800077518944,1.0618799352003783,1.061879936339301,1.0618799361819384,1.06187993933484,1.0618799390719678,1.06187993809977,1.0618799385368018,1.0618799390203568,1.0618799418542892,1.0618799413314328,1.0618799457672572,1.0618799459874053,1.0618799456801364,1.0618799461683572,1.0618799463385615,1.06187994583467,1.0618799311296059,1.0618798792340187,1.0618798791187163,1.0618798783465377,1.0618798711384672,1.0618798702187426,1.061879870273696,1.0618798695321114,1.0618798686366495,1.0618798669502367,1.0618798580951034,1.0618798573834123,1.0618798571569033,1.0618798559904707,1.0618798549456887,1.0618798617790772,1.0618798606038922,1.0618798602052264,1.0618798592824839,1.0618798718981364,1.0618798708306996,1.061879870202279,1.061879869602393,1.0618798689579232,1.0618798695731053,1.061879868930053,1.0618798681991184,1.0618798682125177
185,1.0795427725257343,1.0784783703339302,1.0731030594583915,1.0711371664673317,1.076271902572076,1.075204286262579,1.0783600491021508,1.0789064727122881,1.0731908018912766,1.072906009759688,1.072246257692671,1.07117110993438,1.0710777364687618,1.0690255246881262,1.0686602687209077,1.0549969859447514,1.054474236325399,1.0540518340853875,1.0540575245550192,1.0540517111294472,1.0540711313653008,1.0529665538995272,1.0529961122979001,1.0530539145845417,1.0530417457768324,1.0530695890408588,1.0530431170033143,1.0532366236458421,1.0531686490871655,1.053176890231556,1.053231984102225,1.0532289344729595,1.053250202165006,1.0532356542341317,1.0532192417862516,1.0532212748013234,1.0527400229201405,1.052838197518614,1.0528286313219464,1.0528537791511363,1.0539140165808287,1.0539172677240063,1.0540277229355153,1.0541089433208046,1.0541144202710526,1.054222524681029,1.0542270085101748,1.0541781445324556,1.0541756556204642,1.054172253376775,1.0541968338582963,1.054220163938001,1.0542790696763942,1.0542793009645997,1.0542684777773719,1.054266700258741,1.0542670916138335,1.054271357231569,1.0539359864083269,1.0541386660514762,1.0541490989031361,1.0541470729990288,1.0540540752300094,1.0540521409481398,1.054052506519425,1.0540503461299338,1.0540447087770097,1.0540363068105976,1.0540076763265118,1.054010440957389,1.0540127604286433,1.0540047480705268,1.0540038458027285,1.0539979437258975,1.0539928652577972,1.0539947835946735,1.0539905992547984,1.0545804680051187,1.0545744241405255,1.0545752977202012,1.054575339119545,1.0545760193115594,1.0545756631948926,1.05457439470395,1.0545674804898229,1.0545504452731207
186,1.0715268097554222,1.0705304838455394,1.0653134952257954,1.0632201066153915,1.0683654996645664,1.0668768892490383,1.069746074927322,1.070446462791013,1.0651116654386064,1.0634824022227969,1.0628414082219024,1.0617590521808817,1.0617880969527067,1.0595589138518757,1.0591538135560228,1.0491451303419,1.0487039570117922,1.048143350499933,1.0481426487472958,1.0481761564611414,1.0482086093362237,1.045888535562856,1.0459119150853509,1.045979625892918,1.0459178965293676,1.0459703734934602,1.0459158733042917,1.0462898605583533,1.0461917516506474,1.0461971704004451,1.0462551692019169,1.0462531187092212,1.0462739172554563,1.0462639453078413,1.0462528264320772,1.0462745154030038,1.0461213761112143,1.0462224433259624,1.046212529814715,1.046234278448263,1.0485330954038508,1.0485367887740966,1.0486177858158026,1.0487001986520055,1.048706423444361,1.0488571692937583,1.0488623478486612,1.0487977575170584,1.048794857048053,1.0487908255519882,1.0488181787429252,1.048845525075527,1.0488913286564454,1.048891258279262,1.0489096408323708,1.048907733339111,1.0489080384445175,1.0489122530604902,1.0486499288833528,1.0488277385392495,1.048850463825628,1.0488463821501595,1.0487426813797354,1.0487397972816295,1.0487397894903077,1.0487382916809433,1.0487315076771107,1.0487198681360468,1.0486984219053976,1.048700775942645,1.0487096107454412,1.0487020652464303,1.0487010483472936,1.048691531902347,1.0486866887699022,1.0486882514487308,1.0486776432845861,1.0501965387970629,1.0501965381891676,1.0501965375111253,1.0501965369779644,1.0501965362911099,1.0501965348770936,1.0501965343039106,1.05019653394035,1.0501965346539517
187,1.0595110618385029,1.05900972633902,1.0556035424187222,1.05403877427626,1.0572461152167671,1.054978819710935,1.0566066842490374,1.057443772268424,1.0541802466037893,1.052610442137718,1.0521671214040156,1.051435182472404,1.0515249345038244,1.0499239072564,1.0496293558279355,1.0432565152419564,1.0428802791605813,1.0424970254152017,1.0424783409810023,1.0425145257614135,1.042544083482926,1.040093989865383,1.040137329304599,1.040246284459102,1.0401378506547116,1.0402077316233074,1.0401041977212417,1.0404751768014022,1.0403878694413098,1.0403989987824067,1.040459019154139,1.040454664422821,1.0404750640375366,1.0404528091846725,1.0404227366375045,1.040442689905833,1.0403729063560945,1.040451136021372,1.040441822006224,1.040454982629128,1.0429134058795229,1.042918266604739,1.043084808774447,1.0430523646340506,1.0430618222886572,1.0431282930745025,1.0431410747738932,1.0430939197228455,1.0430847783312855,1.0430727946677525,1.0430731483195341,1.0431177541818164,1.0431442592185878,1.0431440116773902,1.0433052829262732,1.0432988639485123,1.0432998639699191,1.043311437509781,1.043157099536733,1.0432494222715187,1.0433350885270862,1.0433250995997254,1.043306809010813,1.0433020237383244,1.0432981824917322,1.0433083126925253,1.0433178444153521,1.043294801912616,1.043300619270621,1.0432945102771476,1.0433257826718318,1.043340004521428,1.0433415688108987,1.0433387870958777,1.043344319319303,1.0433421315255327,1.0433216017184022,1.0439717232870067,1.0440428979713465,1.0440417474352963,1.044041814613404,1.0440411469983242,1.044039021215709,1.0440411154951215,1.0440494766691129,1.0440678674668917
188,1.0481989003523495,1.0481382535625825,1.0466658498892685,1.0457720761083489,1.0470854330851282,1.0450237881206221,1.0455134432566833,1.0461678519666318,1.0448887161859162,1.044057051079432,1.0438086911352518,1.0434275947824156,1.0434297382347377,1.0425332934767637,1.042359426215409,1.0387424911734535,1.0385750568868573,1.0383888622873572,1.0383580716226097,1.0380022028606937,1.0380300052289917,1.036031687431812,1.0361202264809102,1.0363031472177375,1.036170314571972,1.036244327413509,1.0360460732063592,1.036315141118769,1.036236204108788,1.0362601520145922,1.0363089532105707,1.03629845896762,1.0363175555288038,1.0362682599164277,1.0361943304679109,1.0361993500875946,1.036234871122094,1.0362627304728258,1.03625270812744,1.0362441096528785,1.03805234424409,1.038052021838647,1.0381785783337767,1.0377464927540727,1.0377538148252552,1.037743161168935,1.0377558886579021,1.0378129462749366,1.037801934081664,1.0377879187153907,1.0377792518655515,1.037828268087441,1.0378367408049691,1.0378365215385839,1.038292007363656,1.0382844333567658,1.0382856262622728,1.038299108124936,1.038238026531233,1.0382815931645422,1.0383936359463053,1.038381302596695,1.0383932035086063,1.0383885332686398,1.0383831610414471,1.0383981313442905,1.038408287639816,1.0383794141669187,1.0383967652333717,1.0383865938283607,1.0384425469006906,1.038467921099595,1.0384708597683048,1.038472317017249,1.0384834371452525,1.0384792417393036,1.0384556179416198,1.0387051716439406,1.0388901453837782,1.0388868650999439,1.0388871287490398,1.0388859385213076,1.0388838737244366,1.038887585114141,1.0389027845306142,1.0389413689015954
189,1.0331837702586228,1.0331596534178344,1.0335613926925447,1.0333957339773627,1.0334666550683471,1.0371489119127546,1.0369500025434615,1.0367482767590868,1.0371157620709135,1.0370143098869582,1.0369586663631145,1.036824459006259,1.0364093340707474,1.0358645153020862,1.0356912724678597,1.0349592838317712,1.0351027495297194,1.0343931307193133,1.0343994872070879,1.0314607804456257,1.0315116685825445,1.030631583149736,1.0309183643065694,1.0314632764274634,1.0315019075217238,1.031532483875836,1.0309173755885328,1.0308941648756127,1.0307706969945825,1.030860518049506,1.0309101701578178,1.030867346608815,1.0309059905052422,1.030724937078475,1.0304616297005962,1.0304043588794936,1.0305291304217101,1.030529812810632,1.0305076355382043,1.030432188050717,1.0311576677070249,1.0311337731739663,1.0311280861116436,1.0288365347986497,1.0288419434972276,1.0289716680887095,1.028980367358155,1.0294562346879559,1.0294452288628113,1.0294320760081708,1.029422111725722,1.0294682612405703,1.0294633220863723,1.029463095936094,1.0307867390175767,1.0307826548713468,1.030783259106032,1.030790589973784,1.0307918887521317,1.030800452934643,1.0308928933850419,1.0308841519648715,1.030893266693936,1.030890922938603,1.0308877702932175,1.0308966698771882,1.0308954573849844,1.0308802324026733,1.0308921107908378,1.0308857031822858,1.0309226724127794,1.0309398459952033,1.0309417686062166,1.0309437366231784,1.0309514029069682,1.0309484219464842,1.0309400233556723,1.0309714154590972,1.0311280281600854,1.0311215489757126,1.031121811870411,1.0311206250009413,1.031118295066588,1.0311216802299075,1.03113676789031,1.0311855722322814
190,1.027732677103768,1.0276835796468657,1.0290414323352115,1.028913456903499,1.0292221222432507,1.0390981364724072,1.0387586671474565,1.0383236846726416,1.0391207985782285,1.0387319423988928,1.0386626008531092,1.0383744352130588,1.0376573709784886,1.0366302842934938,1.0363078644381745,1.0361085515223734,1.0363173401211443,1.0348592939029793,1.0349053066374347,1.0297534129276855,1.0298305144175988,1.029317179982402,1.0297482508437272,1.0305650935727164,1.0307295038984692,1.0306963363976929,1.0297554606050838,1.0295804277307241,1.0294067801679094,1.029547883648269,1.029611539182515,1.0295441772262481,1.0296029402737157,1.0293194322902377,1.02890994967946,1.0287986410391237,1.0289295574088861,1.028949403430965,1.0289162242042242,1.0287951813477025,1.0292164915213406,1.0291769145579759,1.0291027617459694,1.024847266466008,1.0248535431160064,1.0251112771306619,1.0251209987227483,1.025757061166383,1.0257465752049382,1.0257342378410477,1.025725181550718,1.0257673464516557,1.0257612788509338,1.0257610581249308,1.0277693797004297,1.0277693785692377,1.0277693777146384,1.0277693775509855,1.027769377402099,1.0277693770859047,1.027769396364426,1.0277693950328621,1.0277693949204976,1.0277693942349724,1.0277693940662922,1.0277693942604649,1.0277693920741586,1.0277693907172802,1.0277693923570284,1.0277693914065746,1.0277693935950607,1.0277693946552786,1.027769394324846,1.0277693944969524,1.0277693946721338,1.0277693941489585,1.027769392371737,1.0277693919147732,1.0277694009980995,1.0277693992353318,1.0277693989806762,1.0277693984799976,1.0277693978492939,1.0277693979093938,1.027769399371627,1.027769414902961
191,1.0174847466096342,1.0175072445698212,1.021106279155269,1.020708184070044,1.0219078638308539,1.0490485954570803,1.0496857811087807,1.049860305373041,1.0485892576642326,1.0459334693375293,1.0456825602437814,1.0447414210223287,1.0432865583056545,1.0409333576691457,1.040237852601845,1.0402676942905247,1.0405255119192935,1.0375666073711955,1.0376757719258547,1.027058669272907,1.0271704679451972,1.0269860740030377,1.0275787308340114,1.0286965531880172,1.0290064834061763,1.0288656917320018,1.0275411038527151,1.0271878966928794,1.0269572363187585,1.027155823859842,1.027236464103569,1.0271410678057544,1.0272230347987903,1.0268236481614275,1.0262273082566549,1.0260538010115314,1.0261699745921171,1.026223242445809,1.0261761787250292,1.0259989327864565,1.026117064567132,1.0260588241608266,1.025900088693281,1.0172838325341251,1.0172983771263069,1.0175836192741619,1.0176048934853348,1.0183362166244398,1.0183225411616863,1.0183053244148388,1.018293383302188,1.0183469149138566,1.0183386458008454,1.0183383021198238,1.0192621640206345,1.0192546442325596,1.019255740255565,1.019269985440087,1.019284154964703,1.0192875761412643,1.0197168917109634,1.019704592994602,1.0197054302863757,1.019704018602095,1.0197018529912827,1.019708183960146,1.0196505976420973,1.0196478740542239,1.0196587862136073,1.0196535241353408,1.0196626562284297,1.0196799350408983,1.019681792056613,1.0196836500092246,1.019690963697211,1.0196881219740779,1.0196613592501798,1.0196495038801099,1.0196333713777368,1.019602645879868,1.0196029835762408,1.0196018305491394,1.019599037582436,1.0196027150446627,1.0196180111403732,1.0198241363619465
192,1.008840019301407,1.0089807507552684,1.0142841856063414,1.0136434446983795,1.0154568305194231,1.0573344046793538,1.0592271377958538,1.0596618126372856,1.0560346448417943,1.0514460379014772,1.0510265518620339,1.0495746613094108,1.047512206514211,1.0442768899373902,1.0433303880025298,1.0431994463088394,1.0434647626288862,1.0396920903266615,1.039798458758977,1.024486925422053,1.024584373946411,1.0244570846808265,1.0249467427001449,1.0258712932809513,1.0260075334121244,1.0258887832369439,1.0255392934809602,1.0252515203545582,1.0250792709167305,1.025229958765522,1.0252898133740915,1.0252201218798267,1.025281615247646,1.0249766122545696,1.0244585990226225,1.024188100755716,1.0242600714759058,1.0243113662559842,1.0242724941027397,1.0241240003522118,1.0241573341024608,1.0241100191282704,1.023965643904553,1.0136181788533938,1.0136103227680708,1.0136952543061453,1.01368669344461,1.013979092172566,1.0139877471455343,1.0139993110566807,1.0140086396056898,1.0139680273899725,1.0139735189515202,1.0139736920448479,1.0142730416097456,1.014281717352965,1.0142805799227173,1.0142642219176656,1.0142561241848669,1.0142508763744524,1.013453045723677,1.013465080667599,1.013461002205757,1.0134663733513543,1.0134752486536214,1.0134495101226326,1.013276214871641,1.0132872788381289,1.0132540733048905,1.0132689723392676,1.0132424060763703,1.0132098423926823,1.0132058284613952,1.0132027364774294,1.0131856393462908,1.0131921359490677,1.0131804131791158,1.013184543099493,1.0131732537103009,1.0131359021315043,1.0131349863963366,1.013137651410547,1.013142728384721,1.0131361750989694,1.013104142615826,1.012287692216348
193,1.0020804716615028,1.002306949840675,1.0083675014424462,1.0075761160996943,1.009770372421878,1.0586301086536674,1.0603912339231931,1.060561950390997,1.0576350674232602,1.0534502202785112,1.05304999490252,1.051687515420154,1.0496775498895934,1.046543716491865,1.0455838579373042,1.0453394091205135,1.0455786411838273,1.0419199734401656,1.0419708424411327,1.0270642601823372,1.0271368266872236,1.0270319095575735,1.0273623937462373,1.0279021417297582,1.0278135695972521,1.0277650897525743,1.0320658056575598,1.0318937743592727,1.0317960900706873,1.031883618134586,1.0319170018576245,1.0318938650542926,1.031927781495282,1.0317431038247098,1.0312150650038292,1.029989392441708,1.030035224121163,1.030085351423443,1.030051612618674,1.0299179126091225,1.0299317102498222,1.029889802444567,1.0297482980761394,1.0201372312407768,1.0200338515463507,1.0198126844844715,1.0196756591467966,1.0196584151135824,1.0197519020978039,1.0198793439634812,1.0199700735693051,1.0195681197109,1.0196263959572687,1.0196285950113975,1.01968969526402,1.019770237277829,1.019759354670566,1.019606950266873,1.0195093265316884,1.0194628600179385,1.0129967365576933,1.0130777283371442,1.0130576159002695,1.0130848074529084,1.0131295699071863,1.0129995203675897,1.0126399172720968,1.0127008229321073,1.0125113905413712,1.0125987252111412,1.0124449903023331,1.0122353164719278,1.012210460365362,1.0121902277087191,1.0120857151014857,1.0121255731255807,1.0121581285425547,1.0122072391122385,1.0121976866392877,1.0121991439315297,1.012193814208448,1.0122101621505282,1.0122429098800818,1.0122004241958176,1.0119988816795678,1.0063115846203534
194,0.9954572792737281,0.9957335692608167,1.001799803565024,1.0009688158879253,1.0031716986676777,1.044686118389866,1.0451427023781588,1.0448192726737942,1.0453205888461123,1.043347069274227,1.0431297882354194,1.0423336143750346,1.0409592664849383,1.0386861477225848,1.0378564196889388,1.037656899539842,1.0378348065958214,1.035010459717383,1.0349846522896504,1.0228849249792615,1.022955136773952,1.0228202766456025,1.0231216491860788,1.0235475375766014,1.0234327532981227,1.023475143795066,1.036317596594463,1.035904546500414,1.0356702168114391,1.0358805965253006,1.0359626049507897,1.035916245735645,1.0359997687148699,1.0355720651826468,1.034581973825938,1.0314202324460564,1.0314861952739809,1.0315793817329175,1.031521281688552,1.0312921378557847,1.0313221179288732,1.0312524256784816,1.0310116264314797,1.02536423416486,1.0251951264162247,1.0248009551098407,1.0245762139137833,1.0245989883926998,1.0247529612034179,1.0249665286379193,1.025116309837396,1.0244532510474866,1.0245492967427416,1.0245529629231227,1.024592290377906,1.0247250741824088,1.024707215027993,1.024456101155134,1.024294854739155,1.0242184997035244,1.01111428449895,1.0111940669355144,1.0111747346063409,1.0112010937847273,1.011244530517218,1.0111183081021289,1.0107778022449962,1.0108374242037996,1.0106518237931446,1.0107386566362953,1.0105836422232337,1.0103651976298136,1.0103401470404874,1.0103197461884104,1.010213200527532,1.010253978228408,1.010290381663501,1.0103406951334044,1.0103330617909145,1.0103306200531903,1.0103254011840357,1.0103421063342972,1.0103752253353666,1.0103324663372506,1.010125254710934,1.000126543839266
195,0.9905956987283258,0.9908744353989365,0.9964569102718425,0.9955365580823209,0.9978746887116154,1.0316390418882015,1.0315033900357533,1.031030490476978,1.0333172243936186,1.0331163554232003,1.033088824624105,1.0328790683734763,1.0323427917028576,1.0312808666138396,1.0307248913451335,1.0306791455420112,1.0307766027581484,1.0293828422792182,1.0292925730468994,1.021922055979732,1.021956630333103,1.021907452252312,1.0220293194846493,1.0221098504330368,1.0219809543959408,1.022044733548461,1.048132983944099,1.0475830081781163,1.0472700594881903,1.0475517239237802,1.0476621321456385,1.0476035056222104,1.0477161954258611,1.0471487068354202,1.0458622564577604,1.041914999024379,1.0419887563768462,1.0420975762737628,1.0420312388172237,1.0417692170009736,1.041808535460467,1.0417302784433529,1.0414555387074556,1.038166372724005,1.0379959275830024,1.0375853705000933,1.0373567774848058,1.0374129354431632,1.0375690815973502,1.0377831632617596,1.0379354302919712,1.0372582208147103,1.037356289632314,1.0373600682708293,1.03740812230844,1.0375436127036937,1.0375255086900317,1.0372691214587424,1.037104223467567,1.0370260815422456,1.0254373421044973,1.0255064432766334,1.0254902225787734,1.0255124400270237,1.025549070334106,1.0254421171927721,1.0250614020457707,1.0251145160889252,1.0249489484668377,1.0250314220436454,1.0248808672740706,1.0246099835813054,1.024585144705456,1.024565191362769,1.0244576439376762,1.0244988903749075,1.0245363843085955,1.0245861997392416,1.0245790241668722,1.024555571931796,1.0245505126542798,1.0245672737141214,1.0245995420993428,1.024557779066985,1.0243462835697734,1.0095052551217956
196,0.9858581051357727,0.9860965297948039,0.99073617230564,0.9898428022661765,0.9920109205119262,1.0164518164571716,1.0163258178586463,1.0159126269118617,1.0184025441218547,1.0187291207544327,1.018767342582265,1.0187540442266965,1.0185658514104474,1.017978612005483,1.0175496515656235,1.0175640814867364,1.0176271983448157,1.016868176057948,1.0167595376363732,1.0116490220837462,1.0116688849169488,1.0116592220801763,1.0117102144754104,1.0116855489208438,1.0115620967643937,1.011618744533854,1.0447722813332505,1.0441061192776624,1.0437257122226316,1.044067691162694,1.0442025538837774,1.0441335050419192,1.0442713938346306,1.0435875469115952,1.0421555796049624,1.0377421779051825,1.0378173431875084,1.037930224670703,1.0378618831839954,1.0375927492040895,1.0376360240281997,1.0375567061268642,1.0372763136776046,1.0354945544795566,1.035339722465419,1.0349676884351537,1.0347598970963372,1.0348326259062177,1.0349747910797522,1.0351682114129688,1.0353068974867292,1.034690147453411,1.034779424105738,1.0347827532504885,1.0348361503168058,1.034959638333726,1.034943008445719,1.0347092594428995,1.0345588548771874,1.034487607956731,1.0257967640490029,1.0258838485072626,1.025862641328061,1.0258911511204571,1.0259381163583818,1.025800893249924,1.0253770250850895,1.0254453002664212,1.025233026335193,1.0253398314630313,1.0251532883902006,1.0247504100026363,1.0247190326469509,1.0246940199554941,1.024561057295832,1.024611663327032,1.024659287662131,1.0247214256090171,1.0247119357978896,1.024700503487852,1.0246937112267058,1.0247144969424578,1.0247549930158473,1.0247018041419915,1.0244409460101032,1.015479102534121
197,0.978038770183179,0.9781714625261212,0.9808634638787158,0.9802622193379323,0.9816778491570428,0.9936319507000646,0.9936253515257829,0.9933944968321615,0.9952770553341994,0.9957613480421351,0.995819284641743,0.9958894662530131,0.9959048368824401,0.995659289513137,0.995402330070881,0.9954276326362685,0.9954634661143232,0.9951323672725146,0.9950585596141351,0.9924340425934399,0.9924519507689391,0.9924430507384774,0.9924936584145868,0.9925141438557706,0.9924254350299649,0.9924610519432993,1.0170301745257262,1.0166899507055998,1.0164954774766974,1.0166718914777264,1.0167427965369094,1.0167517674390354,1.016824281450117,1.0164685227877608,1.015599902837783,1.0118908694040525,1.0119122946192158,1.0119439204951755,1.011926071112355,1.011851284879901,1.0118642806032687,1.0118418482400744,1.0117590780212167,1.0113071796798576,1.0112551723449632,1.011117313517326,1.011043428210657,1.0110631514199881,1.0111135483788465,1.011183812954927,1.0112323942918273,1.0110109929428663,1.0110437575101334,1.0110455433913168,1.01106495311043,1.0111094721018625,1.0111043891905596,1.0110201383909103,1.0109652221176517,1.0109388312895409,1.0071456961451453,1.0071904415042838,1.0071801296287297,1.0071950982536415,1.007219740350758,1.007147434009504,1.0069234851571336,1.006960501564849,1.006845691724156,1.0069105807409298,1.0068080047421377,1.0063919724150092,1.006375372130424,1.0063617278688446,1.0062879134233274,1.0063172179632198,1.0063435084149146,1.006377773564044,1.0063735949414845,1.006361039677076,1.0063580149702274,1.0063695837506343,1.0063918573676174,1.0063637753751908,1.0062183425237223,1.0031694044735557
198,0.9717251876404969,0.9717942249527196,0.9730010136175463,0.9727584714873664,0.9733381634717733,0.9778487542847883,0.9777690294044853,0.977654171949102,0.9786838311012325,0.9790177857308106,0.9790582496779915,0.9791279540821614,0.9792170793808337,0.9792218087839031,0.9791291385710115,0.9791630114251748,0.9791684072102633,0.9792110418002993,0.9791656007515024,0.9784899452857803,0.9784835518641415,0.9785175100631738,0.9784778144027557,0.9783863292187571,0.9783469862468348,0.9783524476830068,0.9890655008926108,0.9890443899599918,0.9890307100658382,0.9890430363896661,0.9890490897082388,0.9890658812408684,0.9890720108534916,0.9890463669153924,0.9888715465670671,0.9878275802234469,0.9878190495024305,0.9878057132611492,0.9878143445339683,0.9878462533137925,0.9878409891951058,0.9878500926013443,0.9878810089156015,0.9879415209599752,0.9879509697188089,0.9879713336707201,0.987982212956927,0.9879685313138247,0.9879617533766646,0.9879548378801268,0.9879473484790647,0.9879794722032007,0.98797552343759,0.9879761534656365,0.9879710162281455,0.9879650386704425,0.9879668953930408,0.9879786484711871,0.9879860119846431,0.9879890598390145,0.9873811134515783,0.9873736154146029,0.9873765211701655,0.9873742572121076,0.9873704326219833,0.9873814130544845,0.9873929881983158,0.9873884230524752,0.9874018848301568,0.9873988860415102,0.9874123413419127,0.9873817992086177,0.9873846431497351,0.9873859389263735,0.9873921090595157,0.98739159526253,0.9873889814812072,0.9873859843634029,0.9873884074966871,0.9873778966348835,0.9873794761231193,0.987378474344877,0.9873764366972265,0.9873813287305893,0.9873938142177565,0.9869846725705567
199,1.068028562736662,1.0685420336460274,1.0708979625843522,1.0936800435268543,1.0866765916404435,1.0838948996070439,1.0811117644195183,1.0810176256618078,1.088622416936941,1.1541454892421446,1.1541454744123403,1.1541454747262556,1.1541454727245786,1.1541454821344537,1.1541454812800416,1.1541454497344534,1.1541454376710942,1.1541454642459015,1.1541454522032888,1.1541454566566067,1.1541454433911005,1.1541454396305362,1.154145429874482,1.1541454205686001,1.1541454090693877,1.1541453974837432,1.1541454266505002,1.154145434335082,1.1541454808308125,1.1541454708290786,1.1541454150117019,1.1541454065200303,1.1541453971071263,1.1541453982103755,1.154145406641339,1.1541454058804008,1.1541453900145084,1.1541453807350557,1.1541453745888646,1.1541453714194307,1.1541453624186555,1.1541453543392537,1.1541453005094535,1.154145306697176,1.1541452991478167,1.1541452972119708,1.1541452900579434,1.1541452807145993,1.1541452720072947,1.1541452631195546,1.1541452698006163,1.1541452692557406,1.154145265518798,1.1541452576116196,1.154145248714645,1.154145239487769,1.1541452310790716,1.1541452298926844,1.154145223086074,1.1541451512138556,1.1541451615508738,1.154145152323915,1.1541451439865897,1.1541451349500846,1.154145137622402,1.1541451326379506,1.154145129078904,1.1541451200344246,1.1541454891955978,1.1541454850326989,1.1541454859734044,1.1541454856461502,1.1541454826703732,1.154145491724992,1.1541454892880159,1.1541454870047252,1.1541454833922282,1.1541454796214097,1.1541454762616523,1.1541454727566332,1.1541454703301959,1.1541454668285178,1.1541454611445667,1.1541454587903033,1.154145459850112,1.154145469356185
200,1.06705436805869,1.067545814346252,1.0699516679654633,1.0920455066824812,1.0852978092353829,1.0826394251242515,1.079951866605108,1.0798194451550995,1.0870499587784503,1.1453379597630795,1.1453622194809496,1.1453454895428734,1.145397370245675,1.1455393327434806,1.145567505548738,1.144800122035391,1.144808777410209,1.1447234920942781,1.1447198149774158,1.1447641861064215,1.1447640950250435,1.1448498178666513,1.144827324051081,1.144723190644102,1.1447173771436827,1.1447164867412745,1.144719491589831,1.1448949791096366,1.145036494816474,1.145034069286115,1.1436018529595335,1.143592463522382,1.1435992468125642,1.143558428283287,1.1435005695607345,1.1434450438027892,1.1430609012017563,1.1430735707004984,1.1430192281361136,1.1429505637944004,1.14294989431256,1.14293774486897,1.1412581647445563,1.1412273864337024,1.141218526421481,1.141196016447432,1.1411842773457572,1.1411921222438177,1.1412017841329274,1.1412131771216558,1.1413850635896672,1.1413550340380492,1.1413599954434632,1.1413602077717502,1.1413642280253204,1.1413703509003152,1.1413696727021982,1.1413701218214523,1.1413654577291508,1.1403345839532277,1.1400950982460416,1.1401169595851806,1.1401201887533723,1.1401273153650024,1.140133710197595,1.1400999316255118,1.1400338576290678,1.1400513940401276,1.145292831842061,1.1452782748559627,1.1453022206351684,1.145338712386854,1.145341068805328,1.1453342164216724,1.145350148005238,1.145344184545346,1.1453381739870874,1.1453295716592073,1.1453305266331684,1.1453270533025985,1.1453278507311517,1.1453256510393017,1.1452956406911277,1.1453033933265353,1.1453324535452052,1.1453983424270922
201,1.0687009197541675,1.0691480998234877,1.0714891115711644,1.086762641454458,1.0809154358786814,1.0785011930741257,1.0761463677715999,1.0759124921058805,1.0820512655681322,1.1263346961400176,1.1263273346412888,1.1264334692361446,1.1267663486407447,1.1272134296268992,1.1273002829167071,1.1243508688818455,1.1243561499870955,1.1242364856432503,1.1242246947195411,1.1243341171913752,1.1243310671158075,1.124512617701927,1.1244464294181935,1.1241778932704527,1.1241590451402215,1.124155259566824,1.1241701129053856,1.1246265972538902,1.1252010258289369,1.1252067295567534,1.1225943285266569,1.1225608064410681,1.122585062930725,1.1224179871037094,1.122223832965222,1.1220361188298178,1.1208390451730614,1.1208741282072134,1.1207350746452178,1.120513939021827,1.1205264302606586,1.1204911997101414,1.114512281090383,1.1144617599752213,1.1144455192828664,1.1144073692487784,1.114388248109638,1.1144009785804023,1.1144203621254831,1.1144386959542263,1.1146350834196044,1.1145855044168052,1.1145932923668835,1.1145930309656058,1.114599307472973,1.1146091258790278,1.1146075732269818,1.1145797599672616,1.1145736597895972,1.1121309029562338,1.111775467469567,1.1118072552431248,1.111815831046788,1.1118262020650043,1.1118313322691546,1.1117824910916276,1.1116872711346013,1.111712712297816,1.1160183251202855,1.1159929120553909,1.1160348407535965,1.1161022576049486,1.1161064996643764,1.1161150834298066,1.1161470713555037,1.1161347890970514,1.116122787336077,1.1161037656165864,1.1161055367051136,1.116098765073493,1.1161002639831146,1.1160959048804253,1.1160536562356156,1.1160674750931256,1.116123683554411,1.116267207381242
202,1.0691170952307916,1.0694944326532814,1.0715443259949686,1.0837503412400156,1.0787867027638487,1.0766596941368065,1.074762191218921,1.0745317116496094,1.0795602044854595,1.1165119641104142,1.1164417748446855,1.116526208116536,1.116902658496373,1.1173213940309024,1.1174052188757215,1.1134623948214006,1.1134832948495759,1.1132814714270138,1.1132715295955793,1.1133538548316158,1.1133541645900613,1.1135211884462901,1.113459342245763,1.1131909490310112,1.1131691550072573,1.113166040951889,1.11318004405234,1.1137514831810458,1.114291927320487,1.1143041100874842,1.1114728511603447,1.1114308745652024,1.1114628806967979,1.1112605579039445,1.1110170710702665,1.1107837786140695,1.1095037772892788,1.1095418744018906,1.1093970770396322,1.109147556615316,1.109182887827809,1.1091431982616677,1.1004337089727205,1.1003967322397412,1.100384899699282,1.1003566643025626,1.1003429097333275,1.1003520721501994,1.1003661471397697,1.100379316454515,1.1004980434085119,1.1004633561829336,1.1004700383886281,1.1004698265908586,1.1004742719038425,1.100481171412588,1.1004800461909596,1.1004591364843508,1.1004553920517752,1.0986393201082068,1.098416089619109,1.0984355919044726,1.0984455269263036,1.0984518793619589,1.0984547421953665,1.0984248949025577,1.0983671607062104,1.0983821871762753,1.100658568611716,1.100645998106977,1.1006667081476438,1.1007006087769922,1.1007022722697133,1.100720549023251,1.1007373649675234,1.1007308273188554,1.1007245250275155,1.1007116619237718,1.1007124980456773,1.1007089783871071,1.1007096750267502,1.1007074866892606,1.1007000293057112,1.100706715860035,1.1007334046854222,1.100804352473246
203,1.0698875236037433,1.0701329850428505,1.0715472634728929,1.0799167884685428,1.07664680674209,1.075029701790767,1.0740212692374485,1.0738468242993278,1.0768837790605923,1.104917078836712,1.1047036114188205,1.1046465849394171,1.104985755849486,1.1051522023256932,1.1051943722106798,1.1000536005640038,1.100107609275159,1.09983713654708,1.0998343621874451,1.0998330238371257,1.0998419168751705,1.0998874809111467,1.0998496476402728,1.099640501275949,1.0996175645539552,1.0996170525089495,1.0996254772832175,1.1002932440513271,1.1007176279336814,1.10074038818043,1.098171257575157,1.0981254930750324,1.098161668018547,1.0979513205915075,1.0976879631477816,1.0974396234616772,1.096311263558832,1.0963436082747968,1.0962126419072364,1.095969711074668,1.0960632800030328,1.0960259241477701,1.0833385902087065,1.0833385861089784,1.0833385901105101,1.0833385920349172,1.0833385956194381,1.0833386009888328,1.0833386060588146,1.0833386113375236,1.083338607713867,1.0833386074524827,1.083338611406766,1.083338615854892,1.0833386208762015,1.0833386263819544,1.0833386310373168,1.0833386333971349,1.0833386378506389,1.0833385428480302,1.0833385336639731,1.0833385371725974,1.0833385351556544,1.083338538246908,1.0833385380668406,1.083338538888256,1.0833385385437124,1.0833385401351967,1.083338562658539,1.0833385658083037,1.0833385657580894,1.0833385667543591,1.0833385695067372,1.083338571899964,1.083338574366873,1.0833385761957837,1.0833385791623575,1.083338581631607,1.0833385845727939,1.0833385875096964,1.0833385895777718,1.0833385925335497,1.083338629492278,1.083338631839486,1.0833386319491989,1.083338624906029
204,1.0686203306716697,1.0687108632259703,1.0692943467077645,1.0743095845734052,1.0731761406343052,1.0722171425417293,1.0721260260729584,1.0720386156735682,1.0729561101829819,1.0913735443492767,1.0909931796123185,1.0906266741290713,1.090752928889403,1.090383023520065,1.090331704213955,1.085075808906994,1.0851827401196301,1.0847215989569725,1.0847313239163725,1.0846009579746823,1.0846226899959408,1.0843383272002656,1.0843375947308944,1.084250613288228,1.0842309491664563,1.0842356147170529,1.0842331808398318,1.0849722949561027,1.0851405632910114,1.0851689997008098,1.0830825089069718,1.0830419854902953,1.083074509200518,1.0829058803413272,1.082681779102614,1.082479470110507,1.081970456022319,1.0819881098258832,1.0819006828862132,1.0817155606194113,1.0819475716281877,1.0819232913998493,1.0742716857903272,1.0743346014566018,1.0743510285318574,1.0744617627785513,1.0744831433287054,1.074468011806537,1.0744584065147942,1.0744393832515446,1.074018790408013,1.0740800043708567,1.0740747823995993,1.074074512055022,1.074065624904548,1.0740622373698707,1.074062508166226,1.0740989164810926,1.0741182313407593,1.0742132203007513,1.074329270062027,1.0743186127987663,1.0740936070744964,1.0740909672061543,1.074084072104686,1.0740965512796241,1.0741195414489226,1.074059105401647,1.0733533770376928,1.073350764562028,1.0733595841651355,1.0733666638928856,1.0733674360639687,1.0733747062382788,1.0733779697348,1.073376390019548,1.0733748361067823,1.0733783866976478,1.073377587591639,1.0733767374472107,1.0733766751471476,1.0733763439721216,1.074233051084934,1.074239077680629,1.0742672291257611,1.0743400099490035
205,1.0732097650187267,1.0729515674495733,1.071643603604378,1.0727868397454619,1.0766050973740533,1.0763839394308072,1.0780667183708186,1.078056381316168,1.0752806705882285,1.0851082960603569,1.0843303833070352,1.0832215231170153,1.083047275006716,1.081195308987639,1.0808740699807977,1.0726947087124048,1.0728902670650335,1.0722219478860155,1.0722572888951634,1.071853381113438,1.0719055734253304,1.0707215784181152,1.0707903157443364,1.0708889699645143,1.070868024889896,1.0708838647895809,1.0708602268295824,1.0713883377252647,1.0714632925070886,1.0715111228611387,1.0705419944162422,1.0705050568988,1.0705363547859335,1.070377412847388,1.0701777749899115,1.0700065073317433,1.0698297241576646,1.069840215585864,1.0697780500191354,1.069643337330052,1.0702121683574914,1.0701953245589713,1.0655005867668013,1.0655632174911098,1.0655769449002843,1.0657636334157032,1.0657791896961217,1.0657631084575416,1.0657554891500267,1.0657422515924007,1.0656473970958138,1.0657158921126522,1.0657124992370701,1.065712347807671,1.0656958638604477,1.0656941059820497,1.0656942082450183,1.0657152285626998,1.065735306584319,1.0657037091407615,1.0658402822409967,1.0658283032811369,1.0653682912895053,1.0653657905403167,1.0653604973571922,1.0653715917697648,1.0653917249117653,1.065331311815595,1.0649256155179083,1.0649219881673544,1.0649322857877475,1.0649415187171036,1.0649425138126003,1.0649511940600491,1.0649550152911635,1.0649533492270484,1.064951134852285,1.0650113835168853,1.0650089191311192,1.0650076822294514,1.0650077953490082,1.0650071045457368,1.0654052811219503,1.0654111603877898,1.0654383352780195,1.0655081952040792
206,1.0713433728994266,1.0708930650780852,1.0685445472871593,1.0679237629524878,1.0750574509741915,1.0752988202752407,1.0775827785694216,1.0776275722888176,1.0734840393923792,1.0775739766588508,1.076636105060057,1.075108629545136,1.0748750108585114,1.0720454953327696,1.0715309560266941,1.064428607096601,1.0646618409570463,1.0634419842043659,1.063500666373001,1.0628514292685516,1.0629339896969727,1.0603010659619252,1.0604256002886827,1.0606769246119536,1.0606597693904078,1.060686653399164,1.0606438956926894,1.0607724496760031,1.060722162747817,1.0607717306518927,1.0603279909456125,1.0602992173338779,1.0603248994908707,1.0602088061967199,1.060061853102132,1.0599470576062748,1.0600832651236531,1.0600934452914783,1.0600593839578452,1.0599704973783592,1.0609037758468338,1.06089656317634,1.058621141812048,1.0587082592442898,1.0587267459551342,1.0590310190529058,1.0590503170251395,1.0590284512479544,1.0590167766163727,1.0589999081436356,1.0590583469490105,1.059166582738169,1.0591603392076412,1.0591601292161035,1.059132334396137,1.0591259707399239,1.0591267349330007,1.059154308110041,1.0591679619174286,1.0592933485333662,1.0594203112469407,1.0594095069868872,1.0585246290894754,1.0585246293627844,1.0585246290696395,1.0585246299383104,1.0585246312505945,1.058524633097966,1.0585246199637675,1.0585246199403238,1.0585246221489257,1.058524622937695,1.0585246232538956,1.0585246232919159,1.058524623811489,1.058524623874626,1.058524623985519,1.0585246325747464,1.058524632222906,1.05852463248861,1.0585246327697742,1.058524633076826,1.058524647982476,1.0585246486855124,1.0585246500645336,1.0585246523932772
207,1.0737521547227182,1.0726696583954802,1.0673529245843913,1.0649600486661446,1.075464616031606,1.0758110053606011,1.0792731820547081,1.0793713985938291,1.073047348646542,1.0721873792762633,1.0711223340673384,1.0693249474000002,1.0697787838719512,1.0660254646247493,1.0653348705624237,1.0567711951047258,1.056974830274296,1.055302338716455,1.055361945154371,1.0547188842914803,1.054819750921739,1.049526127375966,1.0495947113662605,1.0497454660555543,1.0496991239677267,1.0497404159340882,1.0496967855183277,1.0499457528775267,1.0498495811330442,1.049876139412947,1.0498222476869656,1.0498093163471895,1.0498244326351942,1.049774920331882,1.0497078497777335,1.0496702035435415,1.0499276923411793,1.049943419061231,1.0499277446407937,1.049889358473482,1.0522120041357976,1.0522146250451154,1.051567343625895,1.0516597829820893,1.051674760671194,1.0520478550769607,1.052061124932644,1.0520379721466868,1.052029479192942,1.0520179324752355,1.0521276098724424,1.052208154055582,1.0522048095145966,1.0522046511255647,1.0521679542445008,1.052161163024302,1.0521620494009212,1.0521817127681221,1.052177425834072,1.0522831671491215,1.0523788739178663,1.0523706515878106,1.0520318853118746,1.0520302156390688,1.0520277381038483,1.0520341640664193,1.0520457803125567,1.052132257887804,1.0521596560138118,1.052154420802633,1.0522151797514692,1.052226990284234,1.0522278776120875,1.0522270567007974,1.052232065582619,1.052230022930841,1.0522267661732783,1.0524185841941296,1.0524036570067408,1.0524021879434504,1.0524024324831032,1.0524014571660212,1.0523428371976522,1.0523455339280992,1.0523568366803413,1.0523860054992409
208,1.069662318177305,1.0683431440634232,1.062101859912316,1.0595676462185766,1.0678876732073967,1.0674341362309367,1.0709495626395846,1.0713278881410222,1.0649019200862326,1.0623369156403348,1.0614978529145154,1.0600712125537375,1.0608011754974183,1.0576892053745395,1.0571213679402551,1.0495243251099866,1.0495435527965886,1.0483600423568047,1.0483834102093663,1.0480705437770796,1.0481460744023456,1.0430661266018295,1.0431378911591989,1.043316147140653,1.0432272236050473,1.0432938152358986,1.0432071670735619,1.04373463979954,1.0436226437743996,1.0436491434414747,1.0436886949513922,1.0436770026805864,1.043695932656357,1.0436429508053635,1.043576910922734,1.0435579451868977,1.0437330980860473,1.0437623999980559,1.0437506784796935,1.043733949972162,1.0483509105202304,1.048350908602498,1.048350903560794,1.048350905975155,1.0483509041797965,1.0483509044408166,1.048350903054394,1.048350900281767,1.0483508985717687,1.0483508966845059,1.0483508977066973,1.0483508988317882,1.0483508980346534,1.0483508964020667,1.0483509000522833,1.0483508981888192,1.0483508965630044,1.0483508958495746,1.0483508914664883,1.0483508952518477,1.0483508992113815,1.0483508973960414,1.0483508894982025,1.0483508878003196,1.0483508877396772,1.0483508870214182,1.048350885848401,1.0483508843543925,1.0483508872961114,1.0483508855914607,1.0483508919852447,1.0483508917509325,1.0483508904497527,1.0483508903829244,1.0483508893401776,1.048350888452592,1.0483508864238043,1.048350910543023,1.0483509185001076,1.048350917536133,1.048350916849259,1.0483509159019857,1.0483509132055406,1.048350912561733,1.0483509124894,1.0483509145899215
209,1.0640810882374936,1.062774349787373,1.0567073744787434,1.054249482866491,1.062770304135677,1.0624319479426154,1.0656720745240287,1.0660404431188741,1.0601660644918367,1.0572427082335796,1.0564932666601616,1.0552491645334154,1.056694271163725,1.053828921048673,1.0533083755581132,1.0480132012117123,1.048089568280022,1.0467694276320785,1.0467969230940524,1.0463906357091364,1.0464745735631602,1.040690581105569,1.0408409484938448,1.0411675197660186,1.041084269146572,1.0411531870711308,1.0410258921319846,1.0414443920859906,1.0413243858748238,1.0413805308518211,1.0414350149128477,1.0414106832233725,1.0414386653055672,1.0413244491035707,1.0411817260034433,1.041099887468749,1.041240644447945,1.0412619102680651,1.0412462819549295,1.0412051912588898,1.0439170030896505,1.0439029341299315,1.043918420346348,1.0438956684175142,1.043873508361007,1.043084928816288,1.0430778634917448,1.0431001396180022,1.0431040376143283,1.0431095532905958,1.043118829655568,1.043109747285292,1.043111939819338,1.0431120677199264,1.0432935004970583,1.0432951195851072,1.0432948924153616,1.0432903756955016,1.0432921913693691,1.0432923750332495,1.0432728166011613,1.0432730577907705,1.0432854076608373,1.0432855127517857,1.043285729841443,1.0432846130525129,1.043254332544463,1.043221885562807,1.0432213264051273,1.0432211685529391,1.0433368872661097,1.0433340516897338,1.0433337609127784,1.0433341819269533,1.0433326094195272,1.0433330403765604,1.0433281115501323,1.0433182952975204,1.043655130223509,1.0436553093852363,1.0436551684338957,1.0436553536721138,1.0436517485594419,1.0436514795834757,1.0436490610323745,1.0436430452625878
210,1.0506547252373255,1.050018403776116,1.0467783856415738,1.0454820339930833,1.0492973967672685,1.048130679965841,1.0497516599052306,1.0501170522456165,1.0470450953536814,1.045414005809016,1.0450528002302097,1.0444905778036027,1.0453571908928903,1.0440438974638924,1.04380449149574,1.0410984821563025,1.041142844180863,1.0406151170265543,1.0406109475380103,1.0401654589114269,1.0402131661789737,1.0369699853455288,1.0371193925965279,1.0374159596534414,1.0373339622535596,1.0374154627830208,1.0372240474323347,1.0374335187552117,1.0373398546216939,1.037390557468949,1.0374367684600525,1.0374146075652724,1.0374384418602653,1.0373332794366557,1.0371888428355478,1.0371217175584835,1.037225689446995,1.0372344443249222,1.037220235987812,1.0371788650859062,1.0386487554780686,1.0386343513442007,1.0386675888339876,1.03830934540099,1.038288273909167,1.0372098322217693,1.0371996199675586,1.037286137000406,1.0372909443043472,1.0372979838358158,1.0373029522231716,1.0372887955340122,1.0372925914827131,1.037292743697293,1.0377761823058507,1.037778427025946,1.0377780961857743,1.0377723596641146,1.0377690273642566,1.0377703367321565,1.0377465855236818,1.037746739247523,1.0377662389583386,1.0377662837837565,1.0377665084117482,1.0377652782394795,1.037710447837013,1.0376721771628539,1.0376692445867903,1.0376690047155843,1.0377794779973846,1.0377765977514875,1.0377763113768739,1.0377767266916393,1.0377749784123393,1.0377754106020445,1.037768185070282,1.0377751805535038,1.038600399460792,1.038600399087939,1.0386003987848011,1.0386003984229595,1.0386003980885532,1.03860039775488,1.038600397467511,1.0386003985089625
211,1.0373046356773898,1.037293422435263,1.0371778504065736,1.0369993521719516,1.0371184034975298,1.03768913102656,1.037670177866575,1.0376753360491293,1.0376470385889787,1.0376404841487392,1.0375947486180837,1.0375507259598393,1.0374633448550195,1.0372647326617008,1.0372045606643472,1.0365680830838788,1.0366200569438908,1.0364455555799508,1.036437508302561,1.0353327166281234,1.0353573922022365,1.0344307760631573,1.0345647119890657,1.0348097531114766,1.0347859341287335,1.0348232902923482,1.0345266396555663,1.0345772294626767,1.034520381076333,1.0345583963874814,1.0345829822059602,1.0345654170852747,1.0345817965323807,1.034503142788971,1.0343807763346318,1.0343526437419175,1.0344148405600568,1.0344166485981372,1.0344061988527065,1.0343713287871543,1.0348669787233258,1.0348554745518692,1.034857030746197,1.033312272495139,1.0333043126566661,1.0330950016717801,1.0330858349933962,1.0332245133275613,1.0332290881164243,1.033235619870282,1.0332403925156772,1.033222474363441,1.033225422684763,1.033225435435795,1.0338191360878806,1.0338237005281314,1.0338228967722982,1.0338136311829265,1.0338089095560592,1.033807071516864,1.03378949978939,1.033793314828052,1.0337995924698629,1.0338009202364469,1.033803044873633,1.0337964483956776,1.0337475169548622,1.0337360809282388,1.0337243567855827,1.0337288413767312,1.0337710391524684,1.0337592977530625,1.0337578040469564,1.0337569614419324,1.0337514249305133,1.033753097343451,1.0337499737243823,1.033751275838445,1.0340191911046663,1.0340184786546762,1.0340179268912326,1.0340186976353212,1.0340203214349148,1.0340179717332914,1.034008936178371,1.034057503851264
212,1.0273926111317055,1.0273040624407714,1.0287605989769435,1.0285154709430104,1.0293914669474544,1.0425793199329871,1.041873277369763,1.0412624491439333,1.0430453123017875,1.0433738067060339,1.0433920296853687,1.0433169908866398,1.043172118511458,1.0424886243964901,1.0422323368016408,1.0423355476597371,1.0425000747412294,1.0412367171488375,1.0412727047648276,1.0366095494151224,1.0366853274073409,1.0366200664475544,1.03701338054279,1.0377290689535321,1.0377808769275871,1.0374668873329664,1.0364568377407897,1.0362416864832553,1.036081253299263,1.0362181319370734,1.036274948996249,1.036212387156279,1.0362683247441409,1.0359902431135655,1.035565194959574,1.0353955171690135,1.035475890490508,1.0355103363408926,1.0354775278832693,1.0353545512065574,1.0354857829413568,1.0354471478014668,1.0353398292458371,1.0275960112430234,1.0275806830710406,1.0278664103414927,1.027846391620515,1.0280931902145616,1.028106811152596,1.0281259885305825,1.028140978842608,1.0280771413898433,1.0280856260780566,1.028085935330533,1.0287974423795667,1.0288158088486878,1.0288132347579895,1.0287787203760441,1.0287589651707882,1.028748632250936,1.028786647477633,1.0288035123281905,1.028799452657964,1.0288056383298796,1.028815845219854,1.0287863234734884,1.0288082098461078,1.0288244371838244,1.028771323972439,1.0287953442795306,1.0287684934140977,1.0287098153738041,1.0287035877017632,1.0286988431296444,1.0286728592274836,1.0286823734333026,1.0286832772774324,1.0286911021391225,1.0287111555314636,1.0287054281456938,1.0287040263966838,1.0287082225524615,1.028716177636373,1.0287057978307177,1.0286553925207478,1.0288762247319039
213,1.021235813884512,1.021175534416354,1.023955328667507,1.0234990670178605,1.0251882381488653,1.0501569184717015,1.0494159206583074,1.0488559843642506,1.0508312545948362,1.0510390138405883,1.0510600879954166,1.050943169467229,1.050985732170814,1.0501847713264756,1.0498588078740374,1.050127955130968,1.0503055943117914,1.0488181007613842,1.0488542654044157,1.0422430926089747,1.0423149570917842,1.0424115716551152,1.042776532074406,1.0434327177466542,1.0434730768615381,1.0429214024269118,1.0416399041699096,1.0414010277018413,1.0412476058626583,1.0413807076386967,1.0414342510873358,1.041373323216822,1.0414276115609762,1.0411525795233878,1.0406777643727838,1.0404870739807817,1.0405572295728536,1.0405959713632078,1.0405623073897696,1.0404351534588423,1.0404625616786813,1.040422191725302,1.040301652758203,1.0257275146415195,1.0257101204804466,1.0258558673920586,1.0258296195490906,1.0259942488815204,1.0260128496140128,1.026038234731607,1.0260579551533866,1.02597145085668,1.025983160344765,1.0259834526217062,1.02636849713472,1.0263896103360508,1.0263865016029725,1.0263466029950572,1.0263230743119978,1.0263110565693547,1.02639306669298,1.026416264966907,1.026409671828248,1.0264179285863957,1.0264315253329481,1.02639203939295,1.0265839602244926,1.0266100293935432,1.0265301007737158,1.0265666349969562,1.0265178045367818,1.0264253461415975,1.026415214350784,1.026407439190005,1.0263658084292735,1.0263807646763004,1.026388433380098,1.0264043974573491,1.0263891869995367,1.0263852643045075,1.0263828602507206,1.0263895612793068,1.026402285711207,1.0263852809555312,1.0263033042223928,1.0265949735379802
214,1.0130915403440601,1.013139870997128,1.0176658269520253,1.0169368655630209,1.0193106419160909,1.0621479593799952,1.062263805740551,1.062137280414276,1.0622298343535412,1.0608788038587322,1.0607544576130052,1.0602055681417177,1.0595933620678157,1.0580164545747728,1.0574945635644633,1.0576028309004708,1.0577994923707006,1.0555765658096419,1.0556251719635688,1.0466314846543656,1.0467089144658184,1.0467442360585615,1.0471201717506284,1.047791428791496,1.0477841670594963,1.0473454883544273,1.0468414476663046,1.0466593539549733,1.0465512040161544,1.0466460164157951,1.046683582154854,1.0466426043688641,1.04668098269841,1.0464795615898381,1.0460145558566736,1.0456828907453222,1.0457369315337859,1.04577364014369,1.0457442074569776,1.045631091159402,1.0456322424313833,1.0455960500012604,1.0454827349812663,1.0200574870693402,1.0200574960046371,1.0200575034806503,1.0200575114272914,1.020057523360058,1.0200575327345454,1.0200575430987828,1.0200575511028127,1.0200575513555137,1.02005755896215,1.0200575684545983,1.0200575873474331,1.0200575985610414,1.020057608710887,1.020057614085264,1.0200576224282174,1.0200576285829583,1.0200575338029423,1.0200575441328519,1.020057552050176,1.020057561133647,1.020057562029295,1.0200575637994902,1.0200576049782553,1.0200576159823365,1.0200575957290192,1.0200576072561738,1.0200576013788212,1.020057596377101,1.0200576031615411,1.0200576022651597,1.0200576049263466,1.020057611216418,1.020057620076239,1.020057629853468,1.0200576367830005,1.020057643681458,1.020057649013595,1.0200576574801716,1.0200576664866767,1.020057670118388,1.0200576614191765,1.0200573718874895
215,1.0041988435068612,1.00439278602149,1.0102937436306638,1.0093841631285756,1.0120434928862687,1.0689190505980755,1.0703759103057615,1.0705588899150833,1.067991880938812,1.0647242668205372,1.0644139051555566,1.063359569649097,1.061834820801435,1.0594014018260696,1.0586739131081289,1.058489180242903,1.0586894874018555,1.0557812941503195,1.0558258201688737,1.0457515030762583,1.0458351419137717,1.0457306273955547,1.0461153929129359,1.046760270763286,1.0466811694992746,1.0465666263434743,1.0511993982602046,1.0510643002702165,1.050993583452318,1.0510572141806653,1.0510812574682142,1.0510662214355324,1.0510907233260425,1.0509487253640901,1.050425076870986,1.04942280507553,1.0494634726413092,1.04950463958738,1.0494763089898786,1.0493634437124824,1.049368091448898,1.0493322108024283,1.0492111598931249,1.0363646916125184,1.0362737867877188,1.0360644648346482,1.0359426167665322,1.0359166373651254,1.0359984160057651,1.0361094794343835,1.036189752559617,1.0358307564578983,1.0358824670820008,1.0358842814199958,1.0358974840742594,1.0359688585528966,1.0359590668291154,1.0358237442835807,1.0357368242906944,1.0356957103306643,1.0304761236607833,1.030547399663308,1.030529974963917,1.0305533375433964,1.0305919612265477,1.0304799642158096,1.030410088935063,1.0304625073906466,1.0303002681086375,1.0303767085900057,1.0302312706036956,1.0300321813720479,1.0300098777014617,1.0299921815244146,1.0298981833646546,1.029933409080207,1.0299651246898835,1.0300089303518594,1.0300012864737926,1.0299938323477256,1.029989046675479,1.0300038939042642,1.0300326621984675,1.0299950505646325,1.0298106207758442,1.0186641845162678
216,0.9962654208733405,0.9965421483753704,1.002702688875993,1.0017263472803162,1.0043744877631415,1.0511931178102536,1.0512804421537139,1.0509394217841526,1.0521632967901537,1.0512555353146795,1.0511538435090941,1.0507350319203292,1.0498970040330449,1.048496712616665,1.0479153901979241,1.0478189630290757,1.0479399430517933,1.0461384984338926,1.0460953740679848,1.038138392937217,1.038176437958621,1.0381250282302616,1.0382721186521116,1.038401422961209,1.038277826142171,1.0383180758525241,1.0561519161471913,1.055944059299999,1.055830771053671,1.0559341935253208,1.0559737210651032,1.0559617341097685,1.0560019299303804,1.0557830020756303,1.055016271212341,1.052846395601772,1.0528890021471062,1.0529466358172925,1.0529110723013955,1.052767286106628,1.0527842569503434,1.0527398174705718,1.0525836514762807,1.0470769750527875,1.046951123743512,1.0466361070489152,1.0464653562119601,1.0464670651880872,1.0465821904677175,1.0467400723360853,1.0468525996730609,1.0463477782361619,1.0464209506784738,1.046423986542947,1.0464480159939071,1.0465485943085768,1.0465355002636616,1.0463450669487895,1.0462223710070393,1.046164099495295,1.037331777864055,1.0373934922243857,1.0373795038965512,1.0373993233431127,1.0374322030401961,1.037336864992585,1.0370105508739185,1.0370554840721362,1.0369161405191694,1.0369848279384182,1.036851983992638,1.0366527386283555,1.0366325376364578,1.0366161342907396,1.0365259474272568,1.0365609235954991,1.0365913574731649,1.0366327200604046,1.0366273671105282,1.0366056024955168,1.036602000803227,1.0366161764489745,1.036642963006846,1.0366093100326659,1.0364307874601983,1.0104930076055976
217,0.9923771421321239,0.9926634886407608,0.9985241121096922,0.9975062376340448,1.0001685377928486,1.0393041436849797,1.039056508763665,1.0385945065274924,1.0409884801420313,1.041085943397422,1.0411025989336298,1.0410281800805212,1.0407304486832203,1.0400863046372586,1.0396581443698993,1.0396808132454338,1.039746969752577,1.0389447244354801,1.0388461237473543,1.0333337148659767,1.033328028695157,1.033383880231676,1.033318712698949,1.0330671271957725,1.0329344055883907,1.0329830314324036,1.06250713493624,1.0622828100208777,1.0621575593162376,1.0622718322724276,1.0623160866665315,1.062303074579319,1.0623480934730198,1.0621111607592315,1.0613154085199137,1.0590591323981384,1.0590967731297947,1.0591505039627933,1.0591179733853748,1.0589864376473173,1.059004654278758,1.058964413881298,1.0588218129642848,1.0559241858165784,1.0558203799015253,1.0555539047224711,1.0554115878294281,1.0554266320811105,1.0555222858738904,1.055652979252975,1.0557464533330252,1.0553248211191772,1.0553859535519958,1.0553882087515478,1.0554119111803943,1.0554957978552166,1.0554845360889928,1.0553252560716713,1.0552222945434386,1.0551734853489376,1.0478951859638896,1.0479374867570028,1.047927543857617,1.0479409237620212,1.047963027148364,1.0478982156398489,1.0475563390272256,1.0475890451921295,1.0474870451802794,1.0475401309613739,1.047435886606331,1.0472555150062133,1.0472386169994286,1.0472254452458467,1.0471519126610542,1.0471797094389215,1.0472045877246954,1.0472378118835897,1.0472326102985852,1.0472115041901995,1.0472079781995616,1.0472194381523268,1.0472406840701678,1.0472127904528328,1.0470661408992041,1.0314062107504856
218,0.9873348727003813,0.9875945194794741,0.9926324795815588,0.9916342715972416,0.9941228857584611,1.0227010344833434,1.0224238696902312,1.021985474461174,1.0247216525378833,1.0253006194178222,1.0253836099912517,1.0254868877793297,1.0255459944556795,1.0253454662046768,1.0250162409452905,1.0251093297655987,1.0251403852700087,1.0250024384583911,1.024869189215992,1.0213809055546352,1.0213490372717646,1.0214782382406433,1.021292254735851,1.0208552895879457,1.0207261540076158,1.0207566503985739,1.0646815673555934,1.064341916254268,1.0641481035051321,1.0643226043254397,1.0643908601009613,1.0643502556500055,1.0644200940611273,1.0640691435646874,1.0632103983042225,1.0611687865138584,1.0612121951689073,1.0612770978963855,1.0612376724631192,1.0610817193690392,1.0611067221906536,1.061060508415707,1.0608961998174007,1.0597336687771657,1.0596413501238575,1.0594138436372265,1.059288517821252,1.0593296937647072,1.0594144609504,1.0595281887101613,1.0596108541411062,1.0592400896996503,1.0592936966490683,1.0592952459601948,1.059327460352748,1.0594014128251397,1.0593908630241378,1.0592502187389323,1.0591593385719116,1.0591164180685495,1.0546044722901444,1.054662430661115,1.0546476517063446,1.0546664572134545,1.054697378702764,1.0546066150924864,1.0542834088259432,1.054329200459435,1.0541865464936713,1.0542580534427004,1.0541281432780076,1.053884621206085,1.0538623246864693,1.053845208056631,1.0537536500663176,1.0537874134535132,1.053820148558516,1.053862616856893,1.0538548707698243,1.0538508057487168,1.0538453837682191,1.053859634452934,1.0538871491687714,1.0538496092773335,1.0536694294218645,1.0468944487505594
219,0.9782217967607658,0.9783751051068851,0.9812871202315581,0.9806361119994791,0.9821817070971841,0.995019065538024,0.9948860979801077,0.9946457074885641,0.9966378767560958,0.9972640614598928,0.9973494630592288,0.9974926276771237,0.9976896483364197,0.9977178279940218,0.997518216109291,0.9976080455059111,0.9976151282972313,0.9977867485773152,0.9976745388174789,0.9961671360497307,0.996137930824484,0.9962500355195499,0.9960944635497011,0.9957689092646701,0.9956814306141315,0.9956884506809158,1.0241919878425871,1.0241722691239048,1.0241583358972688,1.024170324613569,1.0241765871655442,1.0241940681160742,1.0242002451612242,1.0241746801288434,1.0239589705775156,1.0225248324260747,1.0225117975937834,1.0224913698471754,1.022503984638843,1.022551505299279,1.0225430015836003,1.0225561833867614,1.022602254505295,1.0226517988771495,1.0226639339890455,1.0226903484611247,1.0227038964777946,1.0226823700059315,1.0226736591447363,1.022664651355139,1.0226547609183254,1.0226960050714637,1.0226909173390595,1.022691277601687,1.0226825768325403,1.022674799147287,1.0226765526988686,1.0226912475707572,1.0227002164022807,1.0227040461228296,1.021443264090378,1.0214266137404375,1.0214313165231357,1.0214260271034852,1.0214170532582667,1.0214424325834461,1.0214662744881209,1.0214553348555058,1.0214877613375897,1.021475902727104,1.0215043087630409,1.0215429269367342,1.0215472148578573,1.0215500052542976,1.0215640308821392,1.0215599482900122,1.021554120796008,1.02154725086954,1.0215494711781343,1.0215323337763391,1.02153380108631,1.0215314963525373,1.0215268421528034,1.0215343275922288,1.021562175624601,1.0205226479088805
220,1.0591263558900432,1.0592849246886964,1.0605262972036882,1.1006188791949647,1.0970378749909968,1.095675028110647,1.0948157799143303,1.0950072367207389,1.0984824659334416,1.1308860563656424,1.1312958683727754,1.1317850014374577,1.132159169097175,1.1331999922154685,1.1333956593849606,1.1335987070164457,1.1336285269851696,1.134251844997057,1.1342003225102668,1.1349424378789459,1.1348713699201485,1.1352422855809943,1.1349058782300498,1.134229978727857,1.1342032826239052,1.1341874131015295,1.1342310225175987,1.1348338903742095,1.1349310490703022,1.1347860876828575,1.1297004674537472,1.1297543720447245,1.129720986043136,1.1300749806604966,1.1303233835923292,1.1305565385466623,1.130722154012368,1.1306845126477092,1.1307545979916067,1.1309873663875347,1.1309652754935224,1.130993650611699,1.1309746436904213,1.1310784125397333,1.1311174381515843,1.1311751422862453,1.131211728490591,1.1311910172176063,1.1311448943105817,1.1311117448746306,1.1315410106841848,1.1316855259142558,1.1316959350770366,1.1316984265315932,1.131682752922066,1.1316550914982881,1.1316612911246187,1.1318857287459776,1.131918747789975,1.1320106474766298,1.1322484742426375,1.132230531992796,1.1322495768508776,1.1322435365042205,1.1322710108376466,1.1322979774977253,1.1323492272172835,1.132334909586163,1.162870473586568,1.1628704578925748,1.1628704607919704,1.1628704593184056,1.1628704471081148,1.1628704515851929,1.1628704421281637,1.1628704331424935,1.162870418960643,1.1628704042444724,1.1628703908470235,1.1628703770811415,1.162870367673471,1.1628703540138856,1.1628703346213998,1.1628703261488291,1.162870330123668,1.1628703694557307
221,1.059033487050687,1.059204944345598,1.0604826953043538,1.0987606176631817,1.0956493769485498,1.094361791510339,1.0935459174001636,1.0937124492819261,1.0969353663910957,1.1271755061475168,1.1276828978186002,1.127848566067302,1.1280062192242954,1.128740249171693,1.1288825006900833,1.1288352363485374,1.128867813451927,1.1285386464999356,1.128490937444721,1.1291343386523292,1.1290751194786415,1.1294516483006323,1.1291551514732248,1.1285174066333765,1.128491924657956,1.1284767432613465,1.1285212585315356,1.1291288859694648,1.1291722098181127,1.129043536194751,1.122809223820127,1.1228434501514266,1.122820492823959,1.1230451513764816,1.1232021707386473,1.1233459771415073,1.123430230312111,1.1234073239551885,1.1234433325509774,1.123544704360624,1.1235297730699234,1.1235465351252978,1.1234602841506063,1.1235134476317814,1.1235336283600381,1.123561203367692,1.1235791611224253,1.1235692107118953,1.123546643374993,1.1235303355245585,1.1237651388653964,1.1238515721176718,1.1238556373430866,1.1238569629036868,1.1238476897910115,1.1238312479814545,1.1238348477801272,1.1239787538320374,1.12399808785545,1.1240193042322055,1.1241371003952763,1.124129092727841,1.1241424251448389,1.1241396707021936,1.1241539118227872,1.124166142234987,1.124188077554514,1.1241816159292952,1.1417925757242704,1.1418023014931526,1.1417856371578974,1.1417596105495886,1.1417563374731317,1.1417503013048258,1.1417380845094827,1.1417427437458703,1.1417473381343464,1.1417530369853695,1.1417520935601657,1.14175468136564,1.141754021019466,1.1417560231082078,1.1417262212649077,1.141721317630699,1.1416967601779389,1.1416352106433427
222,1.059407728643972,1.0596164087741147,1.0609937587704954,1.093683581083617,1.0911022927385552,1.089892087197001,1.0891013489628,1.0892286050663047,1.0921687819182797,1.1201330328895434,1.1207385291823724,1.120467450330875,1.1202713299527973,1.1204942125856279,1.120545850440582,1.1200518238824597,1.1200986423382697,1.1182199440596161,1.11818280089499,1.1186449703837404,1.1186046253635737,1.118986643339081,1.1187652307651645,1.1182485131100346,1.1182268712676549,1.118215062319517,1.118252038498145,1.1188518752106644,1.1188547369352626,1.1187579506327172,1.11042768436395,1.1104276881455333,1.110427690650707,1.1104276985025219,1.1104276996565496,1.1104277037213575,1.1104277023760893,1.1104277050827045,1.1104277071609134,1.1104277062911396,1.1104277087962504,1.1104277119674648,1.1104276187252136,1.1104276182092283,1.1104276191750895,1.1104276197670833,1.1104276205729868,1.1104276216439823,1.1104276230485384,1.1104276240583628,1.1104275602769238,1.1104275623443136,1.110427562257544,1.1104275622035849,1.110427561973905,1.1104275616322934,1.110427561606653,1.1104275690653693,1.1104275694720043,1.1104275710872098,1.1104275711361578,1.1104275712341332,1.1104275710358174,1.1104275711121567,1.1104275712072618,1.1104275711838374,1.1104275709792744,1.1104275700658834,1.110428121745937,1.1104281314217352,1.1104281276060102,1.1104281244618044,1.1104281304794243,1.110428128927671,1.1104281319682665,1.1104281373443632,1.1104281454042748,1.1104281537120175,1.1104281605554192,1.1104281681243433,1.1104281729053838,1.1104281803353797,1.1104282280291362,1.1104282318467822,1.1104282256324676,1.1104281940967635
223,1.0589357889879527,1.0591255905651495,1.0603735569217396,1.0913155011772742,1.0898585250210668,1.0888915188607826,1.0883619173304662,1.0884967631902571,1.090704316627566,1.1139972945738146,1.1147451202155496,1.1141596063648054,1.1136442909171715,1.1134196677617136,1.113389531831372,1.1127912509116824,1.1128530483420873,1.1095073787256204,1.1094769822457957,1.1098399499887148,1.1098083840837583,1.1102031361340428,1.110023180461502,1.1095950619847097,1.1095767596162776,1.1095674071723167,1.10959734439648,1.1101353447857885,1.1101286409414057,1.1100449410960564,1.1033883087405827,1.1033959984038335,1.1033854556353075,1.1034718437889521,1.1035210806618017,1.1035656142189605,1.1035100782236356,1.1035001368138817,1.1034879277946104,1.1034519990947185,1.1034445621471622,1.103449881273077,1.1022920455986414,1.1023034594378125,1.1023056661638324,1.102326340475664,1.102330993596091,1.1023278532177185,1.1023400663977643,1.1023356013548993,1.1004320806198211,1.1004485774959727,1.1004449193160148,1.1004446006891662,1.1004439130809336,1.1004436219414007,1.1004434056828092,1.1005192432341817,1.100520860750849,1.1006290476527132,1.1006587922668902,1.1006553059048443,1.1006360490583456,1.1006351207863503,1.100628781657109,1.1006335155093694,1.1006422063357895,1.1006212290573503,1.0998350028741184,1.0998385283885503,1.0998356564046972,1.0998267760356002,1.0998249197047196,1.0998179980069318,1.0998140319265899,1.099815296108671,1.099816697224947,1.0998149148252168,1.0998143870818122,1.0998152322621815,1.0998148810568138,1.0998159310056326,1.1006443276922522,1.1006446759942683,1.100644776071022,1.1006473501582525
224,1.0605121595340146,1.0607294836276675,1.0619997774411518,1.0785658842038184,1.0767148983338704,1.0757892387446943,1.0751000479800688,1.0751261752351147,1.0772736969971104,1.0961403325769221,1.0966115368518712,1.096086515155953,1.0956246397054046,1.095367348963211,1.0953311358600535,1.0940088780749078,1.0940759852760351,1.0908686300312005,1.0908596975827103,1.090953492505548,1.0909480288002094,1.091245573758197,1.0911883003149787,1.0910177742599554,1.091006819878483,1.0910055634794855,1.0910115114757069,1.091533913688775,1.091537179716072,1.0915100801977577,1.0876085970821259,1.08759829412788,1.0876022033529618,1.0876409610595879,1.0875960981849981,1.087558801739071,1.0873877759334558,1.0873864180584152,1.0873442663367894,1.0872552296996287,1.087288337842165,1.0872849808079388,1.0836404889634474,1.0836708734610498,1.0836786993991574,1.0837428840614198,1.0837563652383966,1.0837472324048774,1.0837580907745221,1.0837461094576775,1.0812950676260709,1.0812928231732406,1.081292946817104,1.0812927663956353,1.081295206066344,1.0813029165648327,1.0813015083938218,1.081398216301389,1.0813949760217691,1.0816272934921778,1.0815721805008882,1.0815751738392971,1.0814730853859453,1.0814749216101,1.0814718723917525,1.0814634876866152,1.0814477225568424,1.0814042401387212,1.0801844585388751,1.0801927816777466,1.0801900076043027,1.080168633699692,1.0801669634602593,1.0801590596623547,1.080149545801645,1.080152693648007,1.0801560007228215,1.080150412614403,1.0801494813954144,1.08015146255489,1.0801507231524898,1.0801527246313585,1.0829786449667407,1.0829786438790503,1.0829786433769881,1.0829786450564205
225,1.0598314622226346,1.0599927634277482,1.0609219799643295,1.0744469604328362,1.0740316872693512,1.0734912110360502,1.073235774356098,1.0733027112368163,1.0743530019719192,1.0870838302179247,1.0876152614975407,1.0869735481215064,1.0863245335889866,1.0857766499951274,1.085683105132918,1.0847013074103944,1.0847703665980213,1.0809147109329498,1.0809161771592284,1.0808896971981652,1.080894370214958,1.0811555925644898,1.0811592260640563,1.0811358314435928,1.0811317385953898,1.0811344707555104,1.0811264815354733,1.0813767596197603,1.081360202610991,1.0813468653663005,1.0786641917025872,1.0786581060182252,1.0786589344970487,1.0787424635800467,1.0787213380971248,1.0787067913456387,1.078608618092445,1.0786039685000481,1.078573697962871,1.078524730590709,1.0785483977977421,1.0785489366471195,1.0759664919957987,1.0760154300804072,1.076028838267545,1.076113895701485,1.07613396444629,1.0761208242929226,1.0761288004588285,1.0761106029088292,1.0733387173784423,1.073337921078505,1.073337741213252,1.0733375763626614,1.073338654446944,1.0733443375261185,1.073343253647343,1.0734536530557826,1.0734522696114859,1.0736451330995431,1.0735942422527551,1.073597631510783,1.073480399223839,1.073482537958028,1.0734812436783885,1.0734713469612363,1.0734516960711935,1.0734206286130141,1.0724670266235008,1.0724740027751278,1.0724811309513063,1.07246141450226,1.072462222472223,1.0724563254686743,1.0724468766438722,1.0724498838867984,1.0724530609969578,1.0724448425071254,1.072444111098241,1.0724460008447496,1.0724452630017467,1.0724471392981971,1.0741963027556294,1.0741935038967565,1.074187581270749,1.074152147587033
226,1.059247735526862,1.059305959117435,1.059613022641359,1.065378378048298,1.0665669340476323,1.0665210508273526,1.0666994322890295,1.0667765143804202,1.0665824820163838,1.0702282714954172,1.0705958084884841,1.0700921762802837,1.0695213104911878,1.0688903679589734,1.068772609380733,1.0684757151556146,1.0685215673160129,1.0657373186218697,1.0657518072472858,1.0655766713193227,1.0655942916659529,1.0656864714047891,1.0657701358021974,1.0659345600682137,1.0659401684552525,1.065947330567904,1.0659229741975043,1.0655430227271014,1.0655172588200335,1.0655259701874842,1.0647413416782345,1.0647364328186155,1.064739151634513,1.064792683749489,1.064771124419762,1.0647548678865166,1.064736161444499,1.0647361395884354,1.0647252396061502,1.0647070845782718,1.0647001987587466,1.0646996603136891,1.0639677943842307,1.0639858202302126,1.0639911655322403,1.0640354661925155,1.0640428679710516,1.0640379544696987,1.0640439414978298,1.0640370715835703,1.0627662194647143,1.0627323485771256,1.0627313734691524,1.0627312313688033,1.062730715337747,1.0627313426223415,1.0627310824052179,1.0627877936729702,1.0627884628971087,1.062851066617126,1.06283840983528,1.062839289221829,1.0627918810026935,1.0627926312839064,1.0627922079700842,1.062788768358912,1.0627813136251958,1.0628340761519628,1.0625474957722765,1.0625497830100878,1.0625689298776275,1.0625605404731264,1.0625638051683077,1.062561768959054,1.0625572200333995,1.062558395214608,1.0625597876211945,1.0625544072647528,1.0625542063385158,1.0625550430139,1.0625546236048249,1.0625554260999643,1.062985818151131,1.0629833108112277,1.062984247362484,1.0629541575954222
227,1.0594723572431337,1.0594723620397775,1.0594723291727177,1.0594724329662402,1.0594725542190047,1.059472536134474,1.059472560586339,1.0594725782099093,1.0594725518250852,1.0594726441266598,1.0594726701558776,1.0594726663245635,1.0594726714510037,1.0594726481665517,1.0594726461036628,1.0594726112954465,1.059472628353353,1.0594724969782774,1.0594725060606494,1.0594724904102317,1.0594725000639025,1.0594724528376531,1.0594724646762725,1.0594724840034595,1.0594724903073087,1.0594724974417187,1.0594724791547927,1.059472395130358,1.0594723952818756,1.0594723994081836,1.0594723735154765,1.0594723747653043,1.0594723772717978,1.0594723798982049,1.0594723754374515,1.0594723737437692,1.059472376341641,1.059472378331243,1.0594723789933804,1.059472377446095,1.0594723866119173,1.0594723882553545,1.059472338627528,1.0594723403914288,1.059472341729499,1.0594723503261594,1.0594723519939004,1.0594723523086282,1.0594723532594341,1.05947235335267,1.059472293166152,1.0594722889891326,1.059472288596973,1.0594722884030894,1.0594722875286946,1.0594722871167197,1.059472286927122,1.0594722926717661,1.0594722931645966,1.059472299148682,1.0594723025924193,1.0594723022866557,1.0594722892758057,1.0594722890773562,1.0594722888855288,1.0594722890223234,1.0594722893303625,1.0594723275691234,1.0594723104089845,1.0594723104977244,1.0594723141689075,1.059472314240768,1.059472314805154,1.0594723147369447,1.059472314823263,1.0594723149264678,1.0594723151052705,1.0594723141377518,1.0594723140775446,1.0594723142401534,1.0594723143490654,1.059472314534901,1.0594723408013187,1.0594723410399054,1.059472341906297,1.0594723396078876
228,1.0682541014694829,1.067606021719652,1.0642457009194652,1.0622094997490288,1.0741579190191168,1.0747852412043224,1.0773565833759595,1.0774340159269125,1.072618726879886,1.0719571583461533,1.0710033141510782,1.0693658254239469,1.0697881959968443,1.0665055870482785,1.0658975599249456,1.0608126588669733,1.0610381936530793,1.0587751615576935,1.0588577145264257,1.05795042080052,1.0580683200422594,1.052531281596207,1.0527277412691523,1.0531299871974362,1.0531259271618407,1.05316229858099,1.0530953427316434,1.0515900059547802,1.051497993527918,1.051554107016964,1.0515498306079978,1.0515247946064894,1.0515483667358552,1.051466457097832,1.0513443659803683,1.0512549651093193,1.0514137013190967,1.0514262382725508,1.0514097451038358,1.0513482429409395,1.0522364111197262,1.052233206810402,1.0516847903165853,1.051740858380294,1.051751941627028,1.052101885338286,1.052113958607863,1.052098987901069,1.0520916173934662,1.0520811753519446,1.052263463852572,1.052346356548214,1.0523411852673301,1.0523411013802557,1.0523123714237412,1.052306974618488,1.0523077178085798,1.052337812913228,1.0523507653181097,1.0524218706214956,1.0525107541113783,1.0525025810950972,1.0521930109124735,1.05219091142442,1.0521872423402518,1.0521972888011444,1.0522166200516314,1.0526492432498098,1.0527079370263976,1.0526991575452027,1.0527492458970846,1.052777478816376,1.0527798067885425,1.0527822130181503,1.0527949599542616,1.052790163878052,1.0527852715990897,1.0527954558002102,1.0527848369498347,1.052781935343408,1.0527826547145034,1.0527807204987916,1.0526966056697193,1.0527022256188203,1.052727445688655,1.0527873446430303
229,1.0682592407215252,1.0671635411412814,1.061795218427166,1.0588656278939639,1.074425468127409,1.0752557720249487,1.0783493802958224,1.0784110851043331,1.0728244583617341,1.0702688183607574,1.0692363521912622,1.0676020002020905,1.0696143942827685,1.0659347962434766,1.0652563749755493,1.060285628500668,1.0605063386644027,1.057729433276574,1.0578196769261137,1.0568649873329334,1.0570026041194964,1.0471583723483384,1.0472325599085581,1.0473820671945813,1.0473741667190677,1.0473960808010787,1.0473663944949643,1.0466079228463876,1.0465583388721411,1.0465849690947748,1.0466143014633633,1.0466028801010034,1.0466141268078661,1.0465776185523807,1.0465196894121667,1.0464777053058,1.046558938315065,1.046566316188405,1.0465592890573225,1.0465323703973834,1.0471986394596573,1.0471974686027126,1.0470966817202512,1.0471209193492046,1.0471238536236387,1.0473744789204236,1.047377268666553,1.0473722196281332,1.0473707148823344,1.0473683937437763,1.047436613382547,1.0474755016077535,1.0474739004224765,1.0474739103793933,1.0474625104100936,1.0474614292395081,1.047461582149052,1.047472716208762,1.047479316820837,1.0475004994026083,1.0475207717424022,1.047518698446002,1.0474395158171352,1.04743890422011,1.0474376882028391,1.0474407545663382,1.047445452327741,1.047678112160962,1.0477023320360286,1.0476980861691845,1.0477342366422129,1.0477513244663026,1.0477528677658028,1.0477545510618478,1.047762121530476,1.0477591838455713,1.0477561535190296,1.0477454930897,1.0477542659476962,1.0477524950022992,1.047752912954341,1.047751740761077,1.0477171136868373,1.0477206354237543,1.047740551140577,1.0477786883616287
230,1.0670612153478012,1.0658235708760413,1.059897285928373,1.0567788895881876,1.0735903834163498,1.0745443945191726,1.0776607273945857,1.0777190195488051,1.0722236792059705,1.0693138280943943,1.0683174786076675,1.0668275738646706,1.0698457935554528,1.0662727037070545,1.065615275778841,1.0612591371281825,1.061467390197768,1.058590165897692,1.0586814796740653,1.0577385950617015,1.0578788553066747,1.0458791271686305,1.0458791368146627,1.0458791526081026,1.045879156970252,1.045879163129689,1.045879146129627,1.0458790695093867,1.0458790659068047,1.045879071867122,1.0458790772408455,1.0458790774632456,1.0458790812486984,1.0458790744474329,1.0458790624836691,1.0458790539509069,1.0458790592854994,1.0458790622154837,1.0458790622859364,1.0458790589571905,1.045879099014271,1.045879099875346,1.045879097188921,1.0458790990296725,1.045879099251821,1.0458789845142926,1.0458789834914306,1.0458789833950952,1.0458789836524303,1.0458789841102887,1.0458789879517516,1.0458789906537915,1.0458789908365458,1.0458789906968051,1.0458789912704658,1.0458789916305111,1.0458789914105449,1.0458789909271848,1.0458789906627564,1.0458789909571093,1.0458789844528031,1.0458789847206036,1.045878981963914,1.0458789818743084,1.0458789821347667,1.0458789811785731,1.0458789781577342,1.0458789948438372,1.045878994649689,1.0458789949922636,1.0458789642464095,1.0458789644221351,1.0458789640002042,1.0458789640698714,1.0458789638132546,1.0458789634477186,1.0458789628633036,1.045878960815281,1.0458789667389665,1.0458789662890011,1.045878966012953,1.045878965593472,1.0458789632984913,1.0458789631480958,1.04587896568945,1.0458789684465934
231,1.0643010083230533,1.0627928593687228,1.0559763587627036,1.0528550745015044,1.0680760887532568,1.0691739039165327,1.0724549514867003,1.0725711413307213,1.067011909931641,1.063938199116581,1.0630756690535674,1.0618518463326374,1.0662592488250804,1.0629849321096143,1.0623858947669256,1.0587476653075625,1.0589235334033726,1.0565286829087621,1.0566064230682037,1.0558734644233179,1.0559990921768598,1.0477250438423975,1.047878516364649,1.0481864100828908,1.0481641647034732,1.048142897844674,1.0480190038828163,1.0474563124977294,1.0473295349772085,1.0474273836624721,1.047486701488305,1.0474450766975387,1.0474850346747098,1.0472869104607012,1.0470237172023875,1.0467995123058704,1.0468590457688434,1.0468933250520913,1.0468690610927023,1.0467804298457088,1.0473553216332232,1.047325049418436,1.047277678970792,1.0474458887072657,1.0474003666778808,1.042874191701922,1.0428608878282397,1.0428663242393008,1.0428744987686178,1.0428862290268655,1.0428986084856608,1.0429007349827,1.0429052098205536,1.042905334017481,1.0429556378250735,1.0429617890636378,1.042960818942136,1.042947821181929,1.042945019759783,1.0429384521175245,1.0428523262896443,1.0428585514435333,1.0428729211290206,1.0428749942028046,1.0428782594163932,1.042868297228651,1.0428086083712174,1.0427837396386233,1.042767760615589,1.0427737077200612,1.0425054141582215,1.0424836153756007,1.0424812303367283,1.0424797370002246,1.0424693184221727,1.042472807151232,1.0424747101744647,1.042465012459935,1.04264490584819,1.042646908318155,1.0426463608232637,1.0426478546307167,1.0426510589267555,1.0426475951792147,1.042644217305383,1.0426096485521226
232,1.049130806370911,1.048346200879091,1.0447850829709422,1.0434212536020306,1.0484404104930745,1.048276265810799,1.0500102236528324,1.0502480524323323,1.0471822798606505,1.0454521052957235,1.0451143641177703,1.0445858441125218,1.0463182456520508,1.0449793193432404,1.04473641691166,1.0429897494654876,1.043057098760197,1.0422953316762138,1.0423132285258487,1.0420564680850837,1.0421077581702045,1.0393576917062903,1.0395045005853565,1.0397975635859937,1.0397548042003102,1.0397549085970832,1.0396278998537996,1.0396032628701959,1.0395085550489362,1.0395753151575409,1.039618178977072,1.0395895165704694,1.039617785929944,1.039479644491885,1.039299606965564,1.0391682899700578,1.0392327181573946,1.0392504871595907,1.0392339837512006,1.0391772254848288,1.0398808266765551,1.0398607801765154,1.039842424882405,1.0399756143097436,1.0399443997206486,1.0376455378153833,1.037624001388424,1.0376641615441433,1.0376778194816287,1.037696609329416,1.0377106858943883,1.0376596930368684,1.0376677527170528,1.037668014679048,1.0378970000045018,1.037907309269287,1.0379057630617676,1.037885129276155,1.0378758730356787,1.037869462741073,1.0377428030891986,1.0377514220059416,1.0377619538096454,1.037764830776391,1.0377695281422519,1.0377555114119628,1.0376622780711293,1.0376376144820847,1.037618472356142,1.037625949345335,1.0377287958956538,1.0377039378914656,1.0377011852283073,1.0376994256828864,1.0376878471709197,1.0376918385733023,1.037692500382726,1.0376903910417297,1.0380489003281523,1.0380516197468543,1.0380508740219063,1.0380527985255104,1.0380568158338157,1.0380518839338164,1.0380309654343363,1.0379871377773913
233,1.0361872191812151,1.0361872159760095,1.0361871336858943,1.0361871158216873,1.0361871796920374,1.0361872443705737,1.0361872563256374,1.0361872625603703,1.0361872600998165,1.0361872648321369,1.036187273741151,1.0361872841846516,1.0361873442353318,1.036187352480191,1.0361873553438046,1.0361873509933535,1.0361873636439354,1.03618736366039,1.0361873731504727,1.036187343938266,1.0361873538481812,1.0361873220511342,1.0361873273577338,1.036187331595555,1.0361873375549204,1.036187328985681,1.036187294019791,1.0361872929686344,1.036187295337617,1.0361873030542454,1.0361873094939278,1.0361873140836182,1.0361873205331404,1.0361873182492276,1.0361873075395207,1.0361873067784761,1.0361873121266365,1.0361873175125689,1.0361873211131511,1.0361873228048275,1.036187341428272,1.036187345629413,1.0361873479954893,1.036187217867549,1.0361872186080412,1.0361871281203086,1.0361871261865367,1.0361871315719877,1.0361871336854607,1.0361871364912427,1.036187138643669,1.0361871314774636,1.036187132925575,1.0361871334851045,1.036187154585816,1.036187157151294,1.036187157836278,1.0361871552104993,1.0361871540747687,1.0361871536087397,1.0361871375482234,1.0361871399907767,1.03618714047103,1.0361871417031336,1.0361871427574896,1.0361871399721363,1.0361871365216766,1.0361871376076695,1.0361871317471494,1.036187134493875,1.0361871406512715,1.036187134635677,1.036187134366899,1.0361871338349553,1.036187131216296,1.0361871325247787,1.0361871337123152,1.0361871351072423,1.0361871461919683,1.03618714716778,1.036187147382126,1.0361871484425809,1.036187149984972,1.0361871490603463,1.0361871425699607,1.036187141342844
234,1.0280638082100413,1.027952069247416,1.029232988202174,1.0288925294461717,1.0303682416284718,1.0436864632286005,1.0427330427865567,1.0420775367499844,1.044594791333686,1.0458556174545839,1.0460008669324306,1.0463053445805077,1.0473908208256748,1.0477293808582404,1.0477108273846758,1.0481323808149676,1.0482066740697489,1.0481855641808298,1.048170607408946,1.045402962268867,1.0454062695412913,1.0456792439741678,1.0457076637605989,1.0457433812251167,1.0457352442457457,1.0449709558873854,1.0440488696505978,1.0439371141038087,1.0438686693312915,1.0439277424642213,1.0439517998903047,1.0439243482417173,1.0439487342341203,1.043820324232517,1.0435848345759484,1.0435276138590115,1.0435613547558382,1.0435738611085292,1.0435600639891518,1.0435090692516034,1.0434882829513703,1.0434715044545737,1.0434249560590625,1.0354262575728446,1.0354063354358998,1.035284780745275,1.035245282216785,1.0353323655721398,1.035358939400907,1.0353954157186316,1.0354230306185666,1.0352984674994092,1.0353156370864003,1.0353162783311238,1.0355549720533836,1.0355827146850718,1.0355789130035633,1.035526429980519,1.0354942851409563,1.035478414225947,1.035396391997409,1.0354275488017597,1.0354194024568961,1.0354299668584044,1.035447467260664,1.0353968761488244,1.0357740069099917,1.0358070362158465,1.0357038478336795,1.035751668295873,1.0357136145041046,1.0355887063525366,1.0355754185840949,1.035565089858288,1.0355079819816446,1.03552883788842,1.0355456007448853,1.0355691850564728,1.0355448390867892,1.0355508266568434,1.035548103006981,1.0355573136933145,1.035574465996967,1.0355523442560755,1.0354381638631183,1.03552349408061
235,1.021695764502624,1.0216144276956785,1.024271263135336,1.0237161735412865,1.0259255281797337,1.0516420663149595,1.0504942342337904,1.0497763907166096,1.0528286300110028,1.0541588222865117,1.0543165838505448,1.0546079783876472,1.0557236607394556,1.055948133218922,1.0558632194906743,1.0563470725713864,1.0564468892892973,1.0562060495118675,1.0561906361552997,1.0517411048790386,1.0517441197225954,1.052065555664689,1.052087922818808,1.0521039555750031,1.052083520984963,1.0511611289505738,1.049885029174496,1.0497840391440474,1.0497193447286823,1.0497753564591306,1.0497981071126181,1.0497716674822732,1.0497948933968773,1.0496707826555152,1.0493871017540644,1.049317569443167,1.0493546091090908,1.0493690302028087,1.0493534945856318,1.0492955997640565,1.0492699773907725,1.049250633963203,1.0491957858160652,1.034938444108441,1.034928161088674,1.0349431464641379,1.034918311167747,1.034967513845399,1.0349839686529396,1.0350066637766095,1.0350241984592914,1.034943548948595,1.0349545509824467,1.03495481054039,1.0350994734171612,1.035117729327656,1.0351150275849947,1.0350802293758832,1.0350589679435165,1.0350485163737584,1.0351344887466984,1.0351575758104874,1.035151256966368,1.0351590780805424,1.0351720081826714,1.03513447740084,1.0361577541104516,1.0361925813786566,1.0360848645608538,1.0361349982330288,1.0360665459893608,1.0359333663342218,1.0359189551710712,1.035908042949233,1.035848071830845,1.035869277757125,1.0358881146690946,1.035913696039683,1.0358933340120182,1.0359010268952034,1.0358977593493883,1.0359074670819055,1.035925404275504,1.0359014962707151,1.0357807641185377,1.0356262479312321
236,1.0118874533737559,1.0119443503031633,1.0166736859765715,1.0158162011181926,1.018666649703285,1.067157196878901,1.0669360425375427,1.0667109604952343,1.0676005691228847,1.0671929940524674,1.0671685275734029,1.0669408128462705,1.0669247528656711,1.066103634350508,1.0657769039862837,1.0659600570639474,1.066094100534025,1.0647768519757423,1.0647940490962535,1.058388535672763,1.0584252664686704,1.0585534456655408,1.0587240185727138,1.058996524781955,1.0589511870119293,1.0584257730768032,1.0580701170139313,1.0580229572209545,1.057993499195355,1.0580196715763919,1.0580301538439176,1.0580207610459404,1.058031428983284,1.0579665741117978,1.0576652680434473,1.057408097455813,1.0574373965022943,1.0574529595188404,1.0574390260541846,1.0573844780248367,1.0573682933368669,1.0573499290538795,1.0572932872319996,1.0399195218516009,1.0399438404118635,1.040031692968445,1.0400585271464386,1.0399951153216318,1.0399747582290768,1.0399490795422304,1.0399301832390322,1.040006732950563,1.0399957054928948,1.0399954218472578,1.0399565915783384,1.039940590334789,1.0399430505823657,1.0399729073613602,1.0399917023807443,1.0400005782181658,1.0393210851672667,1.0393112538829767,1.0393139316525757,1.0393105563221545,1.0393051771693582,1.0393210720724615,1.0406584188497134,1.0406606816419912,1.0406550678366713,1.040659785277712,1.0406354320405364,1.040614647254604,1.0406129138741338,1.0406121438656428,1.0406028824899616,1.0406055586277045,1.0406074502218148,1.040610127570502,1.0406065771109745,1.0405994837808674,1.040599356179539,1.0406011338031538,1.0406028401044756,1.0406007997096662,1.0405768891481748,1.0364773995199112
237,1.0070925746512083,1.0072330829177565,1.0127565009815458,1.011788588487385,1.014799504854039,1.0744767024744966,1.0751066254993076,1.0751445563847504,1.0740959256124614,1.0723298503034682,1.0721637768418564,1.0715592946566157,1.0707979306670192,1.06932190422173,1.0688677244811824,1.0688242436281101,1.0689676058491175,1.0670873623449149,1.0671206434225162,1.060607123504134,1.0606679356640907,1.0606458098645135,1.060926537794405,1.061399727300734,1.061345680463439,1.0610976882175136,1.0629742356954217,1.0629171831270163,1.0628906899087271,1.0629148491546205,1.0629240270198814,1.0629202199572876,1.062929596139049,1.062867466956799,1.0625208791163214,1.0620103080683843,1.0620356087478604,1.062055265607795,1.0620404863790722,1.0619813326824892,1.0619737910629035,1.0619542701608349,1.061890361293335,1.049611149927857,1.049589480423597,1.0495502809385813,1.0495186893204453,1.0494664230793898,1.0494856498063336,1.0495135055782245,1.0495339297522586,1.0494371937439357,1.0494507696436741,1.0494513015437834,1.049424583662353,1.0494428389662125,1.0494405158893783,1.0494056779811067,1.0493832578811797,1.0493727631737038,1.0468918018716036,1.0469104388577244,1.0469061656433942,1.0469121180707168,1.0469222532587399,1.0468934268023593,1.0477300806610723,1.0477459296542262,1.04769872953056,1.0477232026368966,1.047659104134729,1.0475863980781617,1.0475791189824808,1.0475739102441175,1.047541349175932,1.0475529083271033,1.047562750516709,1.0475765220349404,1.0475730244742174,1.0475621067228384,1.0475608304329271,1.0475662997196147,1.047575243833544,1.047563809461854,1.0474946057064924,1.0387607030791381
238,0.9975396219458962,0.9978078205017488,1.0040016448116453,1.0029352881429854,1.0059067512214228,1.0577843739346136,1.0577020990616819,1.0573863451926475,1.0588130275382976,1.0584748141622617,1.0584417113274944,1.0582480954718767,1.0577755461156881,1.0569827615181855,1.056591181528553,1.0565721497281584,1.0566474455461214,1.0556328220684161,1.0555799378393134,1.0503377211893417,1.050342839303919,1.0503692270266902,1.0503653612783612,1.0502376204500823,1.0501282501995168,1.050161840596293,1.068362432955229,1.0683579574218878,1.0683627454526998,1.0683604769539459,1.068358894328487,1.0683781073437435,1.0683762154488707,1.0683678995899404,1.0679806272390582,1.066821462779962,1.0668341257785932,1.0668477379547843,1.0668392080299005,1.0668016079311637,1.0668021954523244,1.0667890842426733,1.0667434144058328,1.0625847674537225,1.0625272596901785,1.062363779017946,1.0622835990236412,1.0622584561340973,1.0623107842765385,1.0623837086863728,1.062435853196066,1.0621964587574289,1.0622308620301235,1.0622321093620413,1.0622315798771926,1.0622784721179037,1.0622722109052807,1.062182934306681,1.0621251970901082,1.0620979114573128,1.0569979272151095,1.0570144014110627,1.0570107446214512,1.057015729777732,1.0570241759853753,1.0569996877309624,1.0567971533432494,1.056807315472107,1.0567765540470353,1.056795156038135,1.0567458910246004,1.0566808943711186,1.0566745705532101,1.0566700499215644,1.0566409642595795,1.056651622793812,1.0566598239934646,1.05667183866789,1.056669742787872,1.0566466265712764,1.0566454862304646,1.0566501831878834,1.0566576654124302,1.056647954469967,1.0565866805567379,1.0406128505199308
239,0.991593014279432,0.9918791384563517,0.9976549519123844,0.996571017266237,0.9994094371209238,1.0378359670985506,1.037473431460861,1.0370062648254523,1.0397026917741325,1.0402021738016864,1.040279953142156,1.0403692077515956,1.0404051612810457,1.0402278521540878,1.0399239719601419,1.0400262671773668,1.0400556061885606,1.0399565908028163,1.0398312663154876,1.0363724174809423,1.0363271919540484,1.036491324006354,1.0362431231267297,1.0356837315946827,1.0355531599272274,1.0355802429508336,1.0726454730499797,1.0726445346860847,1.0726448589891309,1.0726468057968872,1.0726477162924553,1.0726648785421564,1.072665439288302,1.0726563768882824,1.0723268896276408,1.0712517774020462,1.071257354232383,1.071263897012746,1.0712605733116582,1.071243710033813,1.0712444632432474,1.0712384059459987,1.0712161538329086,1.0698220974980444,1.069790725261096,1.0697007814519575,1.0696558064314585,1.0696412986651285,1.069671013485125,1.0697126601758296,1.0697418520747972,1.0696074179728414,1.069627147523109,1.06962820879134,1.0696281720626564,1.0696547620259744,1.0696516973150205,1.0696012283546836,1.0695683937748586,1.0695526937791902,1.0660066842561091,1.0660023785441948,1.0660041799925608,1.0660024102820742,1.0659995582555104,1.066007471453892,1.065844692897012,1.065842375140998,1.0658492611195034,1.0658504696595945,1.0658424672169522,1.0658176351752717,1.065816709160829,1.06581601104703,1.0658081435269258,1.0658116943063811,1.0658129811811654,1.0658154109174123,1.065815589117121,1.0657957990320928,1.0657960453486919,1.0657972468296424,1.0657983955966297,1.0657975601396603,1.0657795965695551,1.0573011455737629
240,0.986507876391834,0.9867625562375908,0.9916880580110733,0.9906498575927538,0.993252653381619,1.0210048483393541,1.0206476533453528,1.0202319874270105,1.0230362482211253,1.0238052239004898,1.0239282335008206,1.0241219607108982,1.0244346291404052,1.0245573372345123,1.0243213156175295,1.024476183002366,1.0244780924567856,1.0248866816437967,1.0247274152039934,1.022887884344472,1.0228199248171148,1.0230523972215124,1.0227094813498776,1.0220149353152055,1.021890916217447,1.021885680509932,1.0786240651681909,1.07862405576438,1.078624033343838,1.0786240156082778,1.0786239976388288,1.0786239756379559,1.07862395674735,1.0786239397240198,1.0786239420445665,1.0786238904886436,1.0786238778661952,1.0786238582304897,1.0786238399027719,1.0786238207282193,1.078623801303415,1.0786237803975722,1.0786237632377031,1.0786237587602772,1.0786237376652865,1.0786237274192834,1.0786237065240492,1.0786236874104034,1.0786236732843524,1.0786236588404357,1.0786236473683917,1.0786236294044553,1.078623617251331,1.078623598938897,1.078623580095525,1.0786235626228173,1.0786235427297814,1.0786235247335139,1.078623503738302,1.078623489395021,1.0786233699924752,1.0786233505154954,1.0786233295219412,1.0786233093017903,1.078623310454082,1.0786232961271334,1.0786232821001254,1.0786232627232577,1.0786232904779705,1.078623272495482,1.078623271396634,1.0786232656754813,1.0786232466801875,1.0786232465645753,1.0786232282462391,1.0786232175701698,1.0786231995841655,1.0786231815752068,1.0786231622870006,1.0786231430348674,1.0786231295193296,1.0786231112110383,1.0786230935870167,1.0786230796152019,1.078623074924465,1.0786228495663062
241,1.0520307245136347,1.051596161759823,1.0514097608620951,1.1263046114088164,1.1263046122304692,1.126304624508311,1.1263046120580635,1.1263045986172093,1.1263046183436511,1.126304713138822,1.1263047181169878,1.12630476555646,1.1263047566948428,1.1263047500985095,1.1263047474112788,1.1263047472326124,1.1263047431808904,1.126304657431281,1.1263046487198056,1.1263046575769173,1.1263046481993457,1.1263046490749706,1.1263046387033544,1.1263046244250958,1.1263046163508723,1.1263046080887127,1.1263046289318095,1.1263046403837134,1.1263046377072543,1.1263046281153377,1.126304577761008,1.126304571186376,1.126304562948997,1.1263045628013373,1.126304573026512,1.126304575275714,1.126304574555442,1.126304566721787,1.1263045626576664,1.1263046741996927,1.126304669466927,1.1263046659600058,1.126304674432459,1.1263046781705974,1.1263046756263824,1.1263046757596136,1.126304673282246,1.126304669247859,1.1263046662904117,1.1263046622813184,1.1263045618453196,1.126304564839747,1.126304561348907,1.1263045565278664,1.1263045509259444,1.1263045449918183,1.1263045399206228,1.1263045338902133,1.1263045302328059,1.1263045322804586,1.1263045487323502,1.1263045429585077,1.126304538739782,1.1263045336659163,1.126304534160846,1.1263045330438004,1.1263045339944004,1.1263045278061843,1.1263047184537134,1.126304715809822,1.1263047169699063,1.1263047178715935,1.126304717461602,1.1263047190908686,1.1263047182183592,1.1263047168453693,1.12630471472844,1.1263047124576946,1.1263047107088666,1.126304708719859,1.12630470747077,1.1263047055058366,1.126304705450989,1.1263047045556178,1.1263047065343637,1.126304714488074
242,1.0533037520308137,1.053117283865396,1.053281267957837,1.1148325210345225,1.1161694197072731,1.1160666238459571,1.116208100783399,1.1162986307667382,1.116395959878876,1.1205778583180355,1.121526172405627,1.1210967600838955,1.1205077315489032,1.1197630859977479,1.1196092189545372,1.1195248621413922,1.1195743680800503,1.1140004138882282,1.1139852552044187,1.114119847801747,1.1141089064517777,1.114276460985682,1.1142100585627934,1.114019820083297,1.1140115796101309,1.1140054601827512,1.114024782420306,1.1142200458467617,1.1142037439767285,1.1141630338796527,1.1125973177631945,1.1126064733448657,1.112593504312026,1.112565483076188,1.1126266395974074,1.1126705163184816,1.1126721496259633,1.11266375529615,1.1126557910398813,1.1131877849028862,1.1131669099601382,1.1131753676845613,1.1131785248985075,1.1132119627468822,1.113218540987307,1.1132459958999037,1.1132563145224728,1.1132495005191705,1.1132832987889536,1.1132722356483347,1.108925395430467,1.1090090174919685,1.108998783980963,1.1089978270802539,1.108991992372535,1.108982903843472,1.1089835301819495,1.1087096834255752,1.1087240948711365,1.108750070080003,1.1089076924836363,1.1088945250517395,1.1088966520209842,1.1088923082798918,1.1088783160624855,1.108899420485006,1.1089368385151501,1.10891213755126,1.108943095754032,1.1089502458229439,1.108935676007876,1.1089171110585374,1.108917926281607,1.1089052587373402,1.1088963903963003,1.108899407128554,1.1089027542031547,1.1089063498268485,1.1089050964949445,1.1089070017293805,1.108906317327855,1.1089086332214515,1.109044839877935,1.1090433434088331,1.1090339210281928,1.1090138807447003
243,1.0523877102987524,1.0521849612426526,1.0522278078292087,1.1113974519069605,1.1148334120269134,1.1153049066399114,1.1161960264237982,1.116358252382563,1.1146832624773493,1.1142628240675625,1.1158433262598235,1.1158792484725586,1.1147690284656344,1.1130841096332973,1.1127254153634936,1.112491707513827,1.1125876653812576,1.1005989611341098,1.1006086506862565,1.1004279900173242,1.1004480708607043,1.100558700277948,1.1006399601064603,1.100746407456571,1.1007493633533276,1.1007519858665764,1.1007400798579834,1.100885343961192,1.1008042323019909,1.1008226049182905,1.0998959061131286,1.0998803670901365,1.09988806455708,1.0994024684030352,1.0993864657711583,1.0993640499019932,1.099355286162262,1.0993573078093777,1.0993367172681114,1.1011785120085558,1.1011551453303325,1.1011566707970697,1.1010647930133017,1.1010675003276427,1.1010649866187678,1.1010796754286276,1.1010786582687806,1.1010779060547025,1.1011479314922996,1.1011464432343563,1.0941694167225136,1.0941742254235598,1.0941837222391317,1.094183058831486,1.094195898797148,1.0942175455514793,1.0942134456285795,1.0927792550189408,1.0927646985063038,1.0927458134837975,1.0925925437483783,1.0926055844938836,1.092603533184355,1.0926078155096848,1.0926070934392638,1.092587144309388,1.092547998178933,1.0925466898521072,1.0920525914701211,1.0920686091982974,1.0920382588663702,1.091996755712425,1.0920139972063803,1.0919994721467887,1.0919796041920435,1.091986572954601,1.0919939704335317,1.09200342735379,1.0920012727997381,1.0920054807152633,1.092004167963698,1.0920083174512345,1.0920071306655081,1.091999838054334,1.0919725154856001,1.091886884916874
244,1.0541966640726894,1.0541790466939271,1.0545319290295836,1.1003796737306366,1.1048513694489177,1.1049869031186572,1.1055978871895984,1.1057800581464026,1.1049783041574444,1.109265296224402,1.1114304347504098,1.1103610358730727,1.108770552175179,1.1065798939002913,1.1061283573866552,1.1058488770835802,1.1059801461113337,1.0915494426604253,1.0915533835614593,1.0914410817982259,1.091455320126732,1.0916528708608508,1.091703892485078,1.0917352053896947,1.091735284496208,1.0917369147467357,1.0917294415915113,1.0915531912529786,1.0914916140751612,1.09147303158588,1.0895408474870558,1.0895451869536716,1.0895341413007038,1.089553515739886,1.0895935550940026,1.0896220340914629,1.0896111855273494,1.089603998982512,1.0895864094468497,1.0903170083735292,1.0902741831115352,1.0902831728370828,1.090036077690011,1.090069303346166,1.090076196043647,1.0901265124974362,1.0901374274938591,1.0901298256947114,1.0901854647502462,1.0901733062441745,1.0776865730037601,1.0776865810619576,1.077686584513823,1.077686589549494,1.077686594914318,1.0776866002942793,1.0776866056886565,1.07768656280634,1.0776865671058775,1.077686572456365,1.077686568477856,1.0776865729811729,1.0776865773924496,1.0776865818718089,1.0776865813078762,1.0776865839242618,1.077686585875688,1.077686593297864,1.0776865461361367,1.0776865502686537,1.077686550795874,1.077686551112232,1.0776865562393947,1.0776865554085315,1.077686557794194,1.077686560178695,1.077686563964044,1.0776865676712615,1.077686571222526,1.0776865748973867,1.077686577382926,1.0776865810914968,1.0776866126717206,1.0776866152367106,1.0776866168944876,1.0776866065054258
245,1.0537621627172935,1.0537481333173717,1.0540039545978168,1.0967162171875522,1.1031439184976928,1.103570243838965,1.1045584848320946,1.1047789535674393,1.1031047945378059,1.1047170014571746,1.1075674670963764,1.106466104838799,1.1045210613586038,1.1017427347846285,1.1011655744119888,1.10083963479693,1.1010006793838787,1.0814806699826753,1.081497224907803,1.0812412598882737,1.0812690993113017,1.0813742038902867,1.0814966387673404,1.081686105151585,1.081692489718649,1.0816995466720143,1.0816736054262421,1.0811200263707548,1.0810472501036181,1.0810526173442687,1.0797389133880297,1.079735930818782,1.0797324777129076,1.0797344094823302,1.0797368743164695,1.079736224441549,1.079728909026489,1.0797267272684612,1.079708971197536,1.080464245893333,1.0804206381400177,1.08042548674113,1.0802418835138716,1.0802610239779016,1.0802650608038258,1.08031523326709,1.0803214942988548,1.0803166706217708,1.0803729023296837,1.0803652179304855,1.0716195197150518,1.0717075093304693,1.0717014368133426,1.071700838243438,1.071697086401873,1.0716914150606265,1.0716917783958242,1.0709514585097712,1.0709520413160811,1.0709580455379435,1.070964191851674,1.0709634896380527,1.070969855236105,1.070969592383478,1.0709669537518305,1.0709683782534674,1.0709702466043882,1.0710738042589105,1.0708885356671496,1.0708851653519158,1.0709211405504422,1.0709275441691075,1.0709558954107776,1.0709540284735115,1.070954601789922,1.0709533912908407,1.0709522847256754,1.0709494153209709,1.0709495134843021,1.0709488970883743,1.0709489447200369,1.070948943602203,1.0710193551727938,1.0710205079527737,1.0710702151941738,1.0710720867446906
246,1.0552092221064693,1.0552504521153454,1.0554658920259368,1.082851858559884,1.0916395623885191,1.092007731731489,1.092964713242479,1.093196126465801,1.0915741038280293,1.0935913604001928,1.0966041415466248,1.0949931947055256,1.0928147093538885,1.0898250119031134,1.0892157167969603,1.0889492250177049,1.089122606757678,1.0705330387533654,1.0705962451534272,1.0698174314571043,1.0698969241445908,1.069605039516557,1.069999136899201,1.0707701496281818,1.070799859701298,1.0708307866731281,1.0707241523448559,1.067731462873456,1.067607479603516,1.067671255600089,1.0666447138734056,1.0666230606573046,1.0666393897569606,1.0668505794389187,1.066739007615242,1.0666490265172968,1.0666596986725707,1.0666726335703662,1.0666519922856088,1.0667599600210715,1.0667042740245505,1.0666980476664627,1.066519732997042,1.0664916591671376,1.0664862633240224,1.066551851583605,1.0665437439095942,1.0665477375527153,1.0665975185933145,1.0666040948363051,1.062023881790653,1.061690146431737,1.0616806343690255,1.0616801331707948,1.0616724285963104,1.0616611355765666,1.0616624992541552,1.0616447837318266,1.0616514939144048,1.0616812246831457,1.0617484262571548,1.0617421869827133,1.0617596455231493,1.0617575337195837,1.0617519012186443,1.061762181666966,1.0617805286609998,1.062251927411809,1.0620443059663083,1.0620349313705135,1.0621651470608937,1.0621813891387422,1.0622143262366721,1.0622140674695286,1.0622167979366288,1.0622138630044111,1.0622109539096423,1.0622037992499078,1.0622044752393585,1.0622028424156467,1.06220314381853,1.0622023855275347,1.0623896671074262,1.0623915989560075,1.062488888532449,1.0624909642865719
247,1.056032995559493,1.0560465361844906,1.0560143275414149,1.0726476267482756,1.0831609025815532,1.083525810918798,1.084429348828423,1.0846381488339134,1.0829818571754541,1.0833203615416918,1.0859150741292045,1.084517905514488,1.0827758609460845,1.0803795865201273,1.0798946871889454,1.0797587741093662,1.0798988124819073,1.0654729545458506,1.0655531358660202,1.064570866189341,1.0646728485319565,1.0637008317875587,1.0642296991922908,1.065260709992081,1.0653000248250837,1.065344705747827,1.0651922737611612,1.0592820834221663,1.0591553147104735,1.0592362395265176,1.0587538037004243,1.058725390854827,1.058749515402651,1.0588518625176444,1.0586974498736552,1.0585697663495566,1.0585960825057135,1.0586159347019743,1.0585972621953301,1.0585284500834466,1.0584736743144005,1.0584613896427975,1.0584750952571707,1.0584152059641148,1.0584044211718668,1.0584760151777823,1.0584573497740293,1.0584673727533878,1.0585132639430368,1.0585296897000587,1.0564179317973565,1.0556016006168476,1.055593018125602,1.055592552524287,1.0555836135077301,1.0555729565785787,1.0555742086591797,1.0557399149994764,1.0557501637585636,1.0557708098543865,1.0558827459229165,1.0558720249156983,1.0558934925339631,1.0558899050780552,1.055882400165614,1.0558997379160817,1.0559318233643578,1.0570062513207346,1.0569156303122407,1.0569027922914223,1.0571060405714847,1.057129415499622,1.0571551729036968,1.0571562254655313,1.0571615675839368,1.0571570886313362,1.0571528838914337,1.0571448794240887,1.0571454366691246,1.057143083522889,1.057143419287157,1.057141988595225,1.0572216155018006,1.0572247576911686,1.0573388153232475,1.0573625501869617
248,1.0573245136306366,1.0572339360495608,1.056652737886214,1.0602278176511652,1.0722083311876596,1.0721684371715146,1.0722923590794171,1.072302670856531,1.0719944935618473,1.0706146039105053,1.0719190450116747,1.071631053242331,1.0717413974882803,1.0710604625143165,1.0708993587051365,1.0705125783910172,1.0705794471405938,1.0632949121494304,1.0633605159762576,1.062548416207094,1.0626427674759311,1.059718995565678,1.0601888774511277,1.0610608208702184,1.0610919510273087,1.0611419063281113,1.0609821616994444,1.0513317914985374,1.0512667263204378,1.0513073073144552,1.0513431986187314,1.051327521629954,1.0513412300237603,1.0513907192833665,1.0513042093991865,1.0512338939177415,1.0512761529930092,1.0512863552404872,1.0512783098813427,1.0512030537655848,1.0511952359845063,1.05118848160112,1.0513550479517182,1.0513260472418098,1.0513209493631257,1.0512712908233703,1.051264021685474,1.0512661684129572,1.0512870747826564,1.0512934025706546,1.0508706447013896,1.0502352703192792,1.0502330813154874,1.0502329658637908,1.050223298343202,1.050221259992174,1.0502214396576972,1.0503484331582538,1.050353385160986,1.0503631179322483,1.0504170369861485,1.0504104397052707,1.0503947005436611,1.0503925825362543,1.050388221179975,1.050398515305857,1.050417860130933,1.052988976157482,1.0529889784755542,1.0529889768687553,1.0529889847694562,1.0529889861684119,1.0529889860382737,1.0529889862176383,1.0529889858450348,1.052988984888862,1.052988983549298,1.0529889817633016,1.0529889802617878,1.0529889790537106,1.0529889783777069,1.0529889772410543,1.0529889737131697,1.0529889733900732,1.052988984472774,1.0529889906990257
249,1.0579010559028625,1.0576372098490376,1.0561221296060246,1.0569482941429282,1.0762098522409287,1.0761550255541554,1.0763787184466027,1.076335492709221,1.0757998269251272,1.0738367841013878,1.0747590909241267,1.0745098360043968,1.0755251531216996,1.0747182697847626,1.074528688555919,1.073600329084255,1.0736854591947105,1.0672308245910131,1.067309559126086,1.0663523449154888,1.0664685869475408,1.0617437973258101,1.062252909420263,1.0631873326653138,1.0632200763610153,1.063284936192809,1.0630777524248576,1.0488441769990635,1.0487467651199074,1.048822250855308,1.0489317551835755,1.0488990770432491,1.0489290624814545,1.0488818005992184,1.0487055357941248,1.048560558928552,1.048603769317697,1.048625955231493,1.0486108659539475,1.0485229400094236,1.0484959859212792,1.0484802803055797,1.0485542639767091,1.0485009232649245,1.0484815948192086,1.047744497432535,1.0477227623271155,1.0477330951469035,1.0477547796063837,1.0477748580255326,1.047711591467258,1.047441836587711,1.0474513825205178,1.047451658760745,1.0474503839931608,1.0474646938198535,1.0474625655419196,1.0475098134184013,1.0474957364717823,1.0474940798713952,1.0473449046579357,1.0473551908004743,1.0473375916927739,1.0473409938782505,1.0473460286910772,1.0473298952743226,1.0472957488533299,1.048538316626525,1.0485112325087538,1.0485262836407232,1.0479139991757627,1.0479262942441796,1.0479292627035417,1.047930494663619,1.0479324002054502,1.0479301948755055,1.0479279589738275,1.0479220152004147,1.04791414583195,1.0479128559770976,1.0479131921021798,1.0479124023491815,1.0478940960964096,1.0478968408273819,1.0480264955397116,1.04806444557454
250,1.0626353423717119,1.061967086151177,1.0585328220801562,1.0563540831833924,1.075895956279751,1.076508421099053,1.0783030417938513,1.0783439593667863,1.0750081437420076,1.0724243919547192,1.0719728290874304,1.0710611226234448,1.0731042247256637,1.0710147921888353,1.0706167409398344,1.068206478967214,1.0683559206449433,1.0643485020812917,1.064437812379138,1.0634365503879886,1.06356732071903,1.0561915892947082,1.0565603390747336,1.057255849681187,1.0572796248070229,1.0573301750965693,1.0571730124207286,1.0494059985807587,1.0492646207025613,1.0493794213644463,1.049517571711084,1.0494673932746024,1.0495139142149583,1.0493602125302224,1.0490898319762065,1.0488657245029342,1.0489264871927004,1.0489613174114207,1.04893789294811,1.0488324942159306,1.048842705805104,1.04881841071619,1.048804578707441,1.0487331923768035,1.0487018485632078,1.047423032836054,1.0473947524807807,1.047407866286989,1.0474287540243215,1.047455286405138,1.0475205212705567,1.0475335336137874,1.0475468777359855,1.0475472657801892,1.0475444060679817,1.047564225390771,1.0475612849951232,1.0475614858344082,1.0475416944477853,1.0475407672416928,1.0473220612673413,1.0473380715758551,1.047301181921076,1.0473064331244921,1.0473146771707265,1.0472896997119914,1.0472369570486195,1.0480561813165468,1.0480315151461281,1.0480484017790515,1.0471059374949874,1.0471256096503063,1.04712758903964,1.047129579307789,1.0471371250193062,1.047133587935079,1.047130114449953,1.0471206542464002,1.0471066776159408,1.047104624440687,1.047105122673008,1.0471038670121546,1.047074572120326,1.0470788476345505,1.0471592744525338,1.0472117260634268
251,1.063475531143773,1.0622225333469344,1.0563014979882568,1.0531330476322236,1.0749268349877987,1.0761180492690752,1.0786045503374577,1.0785945057070407,1.0745174633863837,1.0719140737136035,1.0711020524340398,1.0701503912057377,1.0755168107378297,1.0727868298839986,1.0722826267662047,1.0696246022748679,1.0697908346616183,1.066696559183377,1.0667858319630374,1.0658834318538848,1.0660145070829652,1.057885051028735,1.0580246094981032,1.0582652998445128,1.0582667323127644,1.0582662575019923,1.0581150588464256,1.054039173517422,1.0538958961874356,1.0540185487530815,1.0541071897479661,1.0540550247774185,1.054103229176044,1.0538789261977448,1.0535370057755493,1.0532268710228299,1.0532660260961888,1.05331311587089,1.0532817051328587,1.0531584939918233,1.0531183881096235,1.0530821428158366,1.0530256868377266,1.0530727329600258,1.053020350014291,1.0463708144464983,1.0463260661015386,1.046348536204477,1.0463769305876804,1.0464175031626968,1.046470892109435,1.0464834218773975,1.0465022876164785,1.04650264546988,1.0465171192924645,1.046543795827296,1.046539657533297,1.046494642400754,1.0464644533009573,1.0464483017259503,1.0461020677854909,1.0461299594159985,1.0461314594224445,1.0461406669804867,1.0461556041136686,1.0461115472727136,1.045998394288091,1.0461383074237254,1.0460710501030128,1.0461012889986372,1.0438594312395557,1.0438206461550446,1.0438162150860537,1.0438130160008867,1.0437944713697846,1.0438004799274796,1.0438063406683236,1.0438081777152908,1.0438420172194343,1.0438455297908982,1.0438444743261401,1.0438473031208733,1.0438492712390697,1.0438424042317438,1.0438637219656723,1.043802320477507
252,1.061249276274169,1.0596955188532975,1.0528299903205716,1.0496165221690767,1.0681727779899506,1.0699097126376078,1.072723534840714,1.0727500985982024,1.0684196606842475,1.0660347485540491,1.0653339771736308,1.0645944145005959,1.0721239025097713,1.0695970200880924,1.0691401776850011,1.0668968012868218,1.0670391299601942,1.064877445540774,1.064946042917217,1.0643697606855638,1.064471694313358,1.0585350122230452,1.0586285236609427,1.058806606218448,1.058790896687833,1.0586716494674406,1.0584819250877502,1.0565665201825845,1.0564136732134932,1.0565410892720375,1.0566171625616316,1.0565633253319109,1.0566135539632886,1.056352623601048,1.055982232064705,1.0556506245723771,1.0556979636180397,1.0557463933266802,1.055713131434411,1.0555872839342735,1.0557230177992185,1.0556829009853879,1.0556061685133529,1.0558419126120473,1.0557824000533969,1.0440886788118444,1.0440752055397662,1.044077270199903,1.0440853578233644,1.0440972376245181,1.0441114751952805,1.0441198596587777,1.0441249399709003,1.0441249471918286,1.0441344789522649,1.0441416304248166,1.0441403878633346,1.0441267630801068,1.0441199156671228,1.044114265495253,1.044013744547278,1.044021579019673,1.0440278352935222,1.0440304322517364,1.0440345779063145,1.044022121488878,1.0439597701110868,1.0439688178698627,1.0439495307802138,1.0439575253143933,1.0433206767540992,1.0432895833326503,1.0432859723548864,1.0432833710739713,1.0432684666749485,1.0432733955220965,1.0432780080607305,1.043278763917987,1.0433411342455579,1.0433442132670947,1.0433432574423496,1.0433456170001205,1.0433498695152184,1.0433439497726764,1.043335367016011,1.043278823698042
253,1.0516085698568005,1.0503758478193514,1.0452747909324351,1.0431458550174615,1.0533917537890956,1.0552929091443097,1.0573322172416773,1.057396153066973,1.0544292778467341,1.053069416787333,1.0527527140793902,1.052472439010862,1.0583099872715411,1.057282631017018,1.057105960158993,1.055998327605744,1.0560581423878692,1.0555144077802803,1.0555274532608885,1.0556212531221256,1.0556496247922948,1.0530098148678493,1.052967741793495,1.0529083734028286,1.0528758521239423,1.0524414873993528,1.0522716648051498,1.0517948824658576,1.0517014477383613,1.0517765091014322,1.0518193361374162,1.0517877292575268,1.0518177281529706,1.0516520627585018,1.0514237569074598,1.0512290622444127,1.0512607897096935,1.0512865490988723,1.0512679207114253,1.051199776525722,1.0513618061957033,1.0513380991568808,1.051292864636274,1.051523734453234,1.0514801391083008,1.0445440929143563,1.0444937234070786,1.0445035497654225,1.0445366810491061,1.0445820791937481,1.0446157147209918,1.0444708767797921,1.044491497128871,1.0444919458219815,1.044488195472267,1.0445171570472884,1.0445127406243562,1.044456866364494,1.0444239811674592,1.044406629933046,1.044039636849035,1.0440703378992724,1.0440677369396183,1.0440779032461351,1.0440946557938169,1.0440459098903172,1.0438631174961424,1.0438671332659497,1.0437993552640423,1.0438300061637378,1.0440555224598642,1.0439679339856003,1.0439580708078362,1.0439507081724395,1.043909236895011,1.0439234567749056,1.0439374297030122,1.043951118820469,1.0440071708501748,1.044015815852693,1.0440134152705574,1.0440202453157394,1.0440330943377039,1.044016316898808,1.0439334291586624,1.0437820930804145
254,1.0390730300265818,1.038625792801755,1.037138970726775,1.0361938931330426,1.0410965055145585,1.0445732287959006,1.0445227373953894,1.0443007798188926,1.0452934296709733,1.0467401355494423,1.0468880378324101,1.0475040571844432,1.0523743805661918,1.0537385280787104,1.0540099417314686,1.0542852811979089,1.0542336755355761,1.0558128543845042,1.0557366540991278,1.056384346387079,1.0562998659792717,1.0559401708663216,1.0554840740933373,1.054626412482368,1.054572999085867,1.0534447291689368,1.0531939000029351,1.053133409679495,1.0531634350758219,1.0531347238426614,1.0531271290850144,1.0531396146048055,1.0531278814000251,1.0531659063479353,1.0531835902948077,1.0532316238991875,1.0532260979327024,1.0532123906637858,1.0532190455495427,1.053246851349037,1.0532116523430606,1.0532178499936866,1.0532538381125904,1.0519730015011413,1.0519589809839465,1.0488265274984154,1.048784534775191,1.0487902264629148,1.048816154481601,1.0488528557039185,1.0488803003899163,1.0487496434312666,1.0487671986091625,1.048767402191252,1.0487508524153693,1.048775327112573,1.0487714398608172,1.048724031292075,1.0486949638902916,1.0486806259940809,1.048420481221674,1.0484488463856634,1.048442331145925,1.0484517038746517,1.0484673087803704,1.0484222140008315,1.0484294528263387,1.0484440480940993,1.048375487857315,1.0484077870352577,1.0485477681121314,1.0484538829853425,1.0484433160820088,1.048435775273559,1.04839010167967,1.0484050055381435,1.0484195803719694,1.0484365989962872,1.0484225415023647,1.0484303336206613,1.0484279097951097,1.0484354228223502,1.0484481330910373,1.0484311547780316,1.0483355098109801,1.0482365930496393
255,1.03073440815544,1.0306224361111853,1.031368605820613,1.0309096851923485,1.0333056352872827,1.0429374330869512,1.041801614219167,1.0412267028809488,1.0443279700025785,1.0467616439275809,1.0470571995937608,1.0478690582211831,1.0510778017329028,1.0528313190464973,1.053138838079938,1.0538203111874138,1.053782687496985,1.0555032010081968,1.0554163331231596,1.0550158249964547,1.0549226760715236,1.055284275819689,1.0548334600059759,1.0539752905736062,1.053920899089843,1.0525347394441076,1.051910947122422,1.0519219216389957,1.0519516074953523,1.0519243835562317,1.0519143623109606,1.0519249690173298,1.0519142764553289,1.0519513943785799,1.0519455016821186,1.0520322511206375,1.0520304451492883,1.0520141641256755,1.0520210213652867,1.0520497092392778,1.0519846908262296,1.0519915041942032,1.0520242325588658,1.0472309799546602,1.0472251547224762,1.0462439118686742,1.0462104574987645,1.0462283057101904,1.0462487327810261,1.0462778768573617,1.046300219749773,1.046192463780736,1.0462066423727436,1.04620665016022,1.0462516778294106,1.046272800136554,1.0462692650937597,1.0462283863601045,1.0462032009568654,1.0461910261486875,1.0460937307738982,1.0461186204761248,1.0461117177609542,1.0461200040547316,1.0461337925458198,1.0460938920428686,1.0467603423170277,1.0467857860364742,1.0466990544688726,1.0467399575352778,1.0467632249757048,1.0466503112012604,1.0466376519897356,1.0466286235639128,1.0465759020371819,1.0465931920572427,1.0466097963125196,1.0466307404167547,1.0466041821307912,1.0466121894986142,1.0466091167311067,1.0466177570892554,1.0466326308908624,1.0466122140971161,1.0465024363137037,1.0464020914354673
256,1.0216799339862845,1.0215837439711564,1.0242083139758051,1.0235223889022196,1.0263998960373848,1.0534706916051673,1.051991174094046,1.0511728134923464,1.0551647230403622,1.057528001115674,1.0578251525767437,1.0585162236860297,1.0608497573254854,1.0621394364957994,1.0623007045168558,1.062997491667619,1.0630185534016998,1.0641273710252837,1.064056528602495,1.0616899629934953,1.0616157869941136,1.062144427510709,1.0617847996597152,1.0610914970381997,1.0610304411054354,1.0596871814279736,1.058494537664644,1.0585493010686369,1.0585702293745882,1.0585515441947142,1.058545017381911,1.0585510538565934,1.0585443381246349,1.0585719481921363,1.0585008958812243,1.05858737922684,1.058597442850034,1.058587601334579,1.0585895594758115,1.0585981989703164,1.0585525669815818,1.0585534809684098,1.0585643541825576,1.0475071931386697,1.0475385093367942,1.0476216029540566,1.0476487865938422,1.047622610631352,1.0476027252596285,1.0475776575596822,1.047559831175596,1.0476336015977643,1.047622645687219,1.0476223418658996,1.0476427806662483,1.0476287440806682,1.0476308272627917,1.0476570705616848,1.0476744137836222,1.0476824073983446,1.048079043892964,1.0480685725079566,1.0480709874716518,1.0480675942275293,1.0480621226866678,1.04807815087552,1.0508475534342716,1.0508698531443783,1.050801724945729,1.0508346893103386,1.0507810031028304,1.0506873591263013,1.0506777525288498,1.0506710886985429,1.0506299866130995,1.0506435138969492,1.050656286000785,1.0506727177178794,1.050656994360248,1.050662220602953,1.0506602237351044,1.0506671922927324,1.0506786023159755,1.0506634497858351,1.0505753001915155,1.0498077452592158
257,1.0137748902363815,1.0137843812228597,1.0180921016471085,1.0171500204730857,1.020532979721002,1.0669512312517482,1.0659573586095497,1.0654589270311277,1.0682738603391468,1.069768369385686,1.0699711637932792,1.0703995061408162,1.0718280514675935,1.0725630907214543,1.0726124374837154,1.073084737747651,1.073115847147288,1.0736844053266796,1.0736358785463933,1.0709973885072146,1.0709421147422051,1.0713399025429688,1.071062708659222,1.0705079464161515,1.0704432241551058,1.0695980670886889,1.0685567849569022,1.0687101005573365,1.0687760268555837,1.0687184777618506,1.068696894967883,1.0687206764041162,1.0686982147469075,1.0688102898025504,1.06882550816771,1.068928227074661,1.0689285288070103,1.0689109015461287,1.0689193007408764,1.0689508574856355,1.0689179776241524,1.068925969736154,1.0689580581258746,1.0586137183060191,1.0586889530883876,1.058990644437704,1.0590820484279635,1.0589914017829003,1.058927734635989,1.0588434901788877,1.0587811830268556,1.0590515648974643,1.0590135211257907,1.0590125470140155,1.0589559112608604,1.058902087564394,1.0589100792791588,1.0590114902296217,1.0590758587835862,1.0591060965901535,1.0595223636764295,1.0594733723945562,1.0594857969935438,1.0594695667467922,1.0594427875307117,1.0595202023445212,1.0633665483525168,1.0633552593692832,1.0633921944157874,1.0633778220437515,1.0633792665406356,1.0634035107261868,1.0634068365819425,1.0634105240311913,1.0634225675479518,1.0634165316143436,1.063410191648826,1.0634020133273918,1.0633991305484851,1.0633906576723258,1.0633915579435662,1.0633900954559805,1.0633846586265643,1.0633916433112323,1.0634067015533875,1.0608473318380454
258,1.0052244164449569,1.005388527704714,1.011106791267132,1.01000232920308,1.0134501594552618,1.0820496485977669,1.082398258541221,1.0824248904273925,1.0818309332402554,1.0809803921732815,1.080899817731238,1.080615743742657,1.08025310833351,1.079576639959323,1.0793706611082479,1.0793354350703523,1.0793979451764097,1.0785499114518795,1.0785640353035988,1.075907857323042,1.075937636141533,1.0759169016807055,1.0760530889186761,1.076278840631216,1.0762505140932073,1.076143335022548,1.0778722530762752,1.0778693360551603,1.0778737905758382,1.0778702625723142,1.0778687552802582,1.077874341392698,1.0778728062816616,1.0778714528118882,1.0777174894192625,1.077471025648946,1.0774775823625002,1.0774808996999548,1.0774779061741708,1.0774654382140358,1.0774594109690119,1.077454686869907,1.0774401444313437,1.072849464958417,1.072845790160876,1.0728425882357175,1.0728359520420974,1.0728038353344092,1.0728063313888232,1.072811297214728,1.0728154171560023,1.072791965109881,1.0727947884246338,1.0727946536242547,1.0727768832608298,1.072780511347397,1.072779793760864,1.0727724802741123,1.0727677914997877,1.0727658081406937,1.071526879084649,1.0715259019802787,1.071525947311905,1.0715254795594822,1.071524977754588,1.0715268424202855,1.072256193261295,1.0722545333225766,1.0722617538126873,1.0722607232038481,1.0722432785447444,1.072236462334184,1.0722362518541069,1.0722369815921255,1.0722362732805915,1.0722352943284186,1.0722339837255679,1.0722328454555976,1.0722316798340268,1.0722217045873061,1.0722215873673844,1.0722220355495078,1.0722212119047976,1.0722217395490121,1.0722149791336864,1.0669029783813744
259,0.9984607428734411,0.9987178952723753,1.004884162333925,1.0037094874135206,1.0070825720624517,1.0634860473367378,1.063215633928131,1.062912650068497,1.0646283183549503,1.0649309597897472,1.0649876192503631,1.0650546526691576,1.0651020101421336,1.0650595123906048,1.0648975450081695,1.0649833801883615,1.0649984735490592,1.065042203343465,1.0649653921149405,1.0629911375607908,1.062947678147267,1.0630964308631232,1.06286908646883,1.0623761466315513,1.0622888346926864,1.0623011179401711,1.080415404458867,1.0805893925235284,1.080682712690058,1.0806008631260497,1.080569228196774,1.0806051650286947,1.0805721980169218,1.0807346240934939,1.0808354070727975,1.0806893920542577,1.0806743519186826,1.0806496084462325,1.0806650139097107,1.0807226336757374,1.0807103516233034,1.0807263820616424,1.0807830183483054,1.0796334372733238,1.0796484690327803,1.0796877290151035,1.0797069517256819,1.0796634435869583,1.0796504980475574,1.0796346557301084,1.0796214915081166,1.0796797746556621,1.0796718932914624,1.07967202356796,1.07965134182068,1.079639871505893,1.0796419472367784,1.0796637356789869,1.0796775842331847,1.0796839893810688,1.0783416618144683,1.0783044542225284,1.0783140847734551,1.0783017142908016,1.0782811512662003,1.0783402374111832,1.0783253602290657,1.0782965627457575,1.078384774986487,1.0783451488261813,1.0784175234581772,1.0785380709771535,1.0785495144203248,1.078558546472968,1.078604294629494,1.07858753824501,1.078569616793731,1.0785474494599918,1.0785511007331323,1.078529928356643,1.078532605895017,1.0785253554876837,1.0785105686165353,1.0785303977982892,1.0786195472933287,1.0731899401734684
260,1.0480488403488932,1.0466666770068016,1.0457597872002495,1.094315070061165,1.091008500847948,1.0893023198471246,1.086980875618582,1.086677008605528,1.092358986211403,1.0969214959568252,1.0976373722184245,1.1091153353284797,1.109439961503411,1.1099362533092068,1.1099955135138018,1.1102245087713092,1.110232739402973,1.1070968086242847,1.1070706667690047,1.107564777129403,1.107514851396781,1.1077183096205985,1.1074712121225858,1.1070575103761222,1.1070458711761881,1.1070399216887672,1.10704471853001,1.107512055221385,1.1076615584917233,1.1075687481799983,1.1077109688699234,1.1077580475367217,1.10772992194148,1.1073487509467634,1.1077235375930636,1.1080732360906835,1.108114162955097,1.108057031014361,1.108124238248983,1.1190462961127905,1.1190462914275685,1.1190462877869554,1.1190462899144389,1.1190462945755497,1.1190462925381086,1.1190462929593226,1.1190462906208427,1.1190462860710215,1.119046283797597,1.1190462792027336,1.1190462504010052,1.1190462535707308,1.1190462508500458,1.1190462469485267,1.1190462425698784,1.1190462380241222,1.1190462338841112,1.1190461565574576,1.1190461527802458,1.1190461515298384,1.1190461681601356,1.119046162186411,1.1190461577044035,1.119046152426242,1.1190461528849853,1.1190461516275076,1.1190461525038389,1.1190461465112118,1.1190461779737273,1.1190461725152885,1.1190461746336804,1.1190461759731067,1.119046176361673,1.1190461781152417,1.119046176014378,1.119046173110054,1.1190461685824398,1.1190461638061926,1.1190461599718788,1.1190461556897908,1.1190461529775326,1.11904614868517,1.1190461420130937,1.1190461398491192,1.1190461434972478,1.1190461586560767
261,1.0483229721014602,1.0472170626309922,1.0464182568620581,1.0937935676132522,1.0917495274195066,1.090411673237867,1.0885576127528969,1.0883008532059926,1.0927563509188085,1.0953818448489876,1.0964408354020352,1.1067816057462456,1.10678779809164,1.1066832288198227,1.106615830190871,1.1066713346557844,1.1066984596111482,1.0997270845377671,1.099728163677968,1.0997628501181294,1.0997584129172573,1.099851110422025,1.0998247254419142,1.099797309386887,1.0997972080786051,1.099799198845172,1.0997784565346682,1.1001367497607117,1.1001484946629485,1.1001416462995233,1.1002757220055193,1.1002785313999532,1.1002793903550203,1.0988827618779335,1.099116657158722,1.0993238587595935,1.0993303147741937,1.0992953161554584,1.0993234076778156,1.106800672776508,1.1068027561981908,1.1067905978667114,1.1067242915363114,1.1066656442671252,1.106649613642229,1.1066143810461324,1.1065914805780461,1.106603740741254,1.106686264658097,1.1067053885301696,1.105524477726491,1.1054822857108815,1.1054951800504234,1.1054942561355834,1.1055101311322963,1.10553700176269,1.1055317479582671,1.1027167730768959,1.10270383805204,1.1026849579715658,1.1025346370950133,1.1025483055057745,1.10254479490432,1.102549265931945,1.102550312279181,1.1025293739976207,1.1024872410766544,1.1024938052822437,1.1021513799243958,1.102166370529104,1.1021380922306772,1.1020976406014324,1.1021039513774007,1.1020922506245447,1.1020737832506267,1.1020801684920178,1.1020869417956596,1.1020955800631471,1.1020936048395111,1.1020973968789674,1.1020961768629096,1.1021002070015327,1.1020908309662847,1.1020836051163805,1.1020575038434495,1.1019649996099237
262,1.0494588056854959,1.0488374134111391,1.0483271179714968,1.0992214608274773,1.100103574646202,1.0997324919344047,1.0992775467327784,1.0992135140656516,1.1004751483294337,1.09974660216573,1.1013884577217123,1.1076708027591524,1.1070873357726185,1.1060188803639976,1.1057571853532933,1.1056168500597021,1.1056856162027053,1.0931886221219735,1.0932154169940904,1.0928585522592487,1.0928925699063359,1.092910835391652,1.0930712692764242,1.0933885080183812,1.0933996588467696,1.0934097653284591,1.0933631020805545,1.0936499709267788,1.09354768691068,1.0936151466841018,1.0936476130879331,1.0936126143544926,1.0936405870957715,1.0915197827948806,1.0915945649760577,1.0916560642420106,1.0916475185808254,1.0916355653549765,1.0916328721233275,1.096431935026491,1.0964307807653144,1.0964145127941716,1.0963185126059487,1.0962404998448663,1.0962178971217222,1.0961733386544912,1.0961428560006066,1.096158844409876,1.0962381069993707,1.0962639499016422,1.09354136791716,1.0935144595779067,1.0935340997252403,1.0935327376802972,1.0935565125452007,1.093596807912202,1.0935889345188357,1.0883698352033795,1.0883584176943921,1.0883377408679973,1.08820301391805,1.0882154352343227,1.088212960625175,1.0882170088010226,1.0882164515836787,1.0881975827979529,1.0881591500119903,1.0881648752132025,1.0877829640300363,1.0877954823421434,1.0877708108181747,1.0877368136544372,1.0877663678457576,1.0877537450990644,1.0877370952016538,1.087742679831234,1.0877487533151697,1.0877565169030772,1.0877545450314423,1.0877579459099058,1.087756772812745,1.0877606467860037,1.087739038839342,1.0877325832438836,1.0877162450106566,1.0876317914299318
263,1.0490281106516626,1.0484700276016081,1.0479714711273096,1.0922121173921222,1.094046095027028,1.0938823555194646,1.0937512519662065,1.0937333889905512,1.0942944098187735,1.092753136598202,1.094951587531431,1.1016653093941067,1.1008557527490193,1.0993970668964657,1.0990513956752146,1.0988272258884602,1.09891449242176,1.082645585669061,1.0826989685716464,1.0819655882496537,1.0820362786097293,1.0819457470239933,1.0822948700591977,1.0829698371463536,1.0829924954780916,1.0830124073895058,1.0829274181268116,1.0830804866277333,1.0828858791449207,1.0830290276250716,1.0831221191282723,1.083052786935045,1.0831086751742331,1.0791883376432256,1.0791834457464142,1.0791727884437141,1.079162360837698,1.0791618735426776,1.0791482224472975,1.0822463013068235,1.0822518264609422,1.0822265115524634,1.0821108511352944,1.0819885848411914,1.0819553835324371,1.0818842934079524,1.0818386417307069,1.0818631469209905,1.0818401791511547,1.081882889504441,1.0798171673071193,1.0797416881424733,1.079763579827819,1.079761960590847,1.0797872650382656,1.0798304416956952,1.0798217596949289,1.070583634509891,1.0705836371140003,1.070583638407869,1.0705836214771876,1.0705836264194752,1.070583629934942,1.0705836341121135,1.0705836341825572,1.0705836345746467,1.0705836326945373,1.0705836360043022,1.0705836118571674,1.070583616273856,1.0705836144725838,1.0705836127687112,1.0705835958178016,1.0705835950101334,1.0705835961352568,1.070583598196125,1.0705836013946042,1.0705836047638528,1.0705836074902406,1.070583610519095,1.0705836124382406,1.070583615549244,1.0705836169705165,1.0705836184473407,1.0705836180366928,1.0705836071839179
264,1.0502649492803986,1.0500226851705092,1.0498156478061191,1.0951660791488205,1.1010930864667734,1.1020940135917068,1.1038918754961737,1.1041883513003665,1.1007795302642631,1.0965339341145524,1.099873818571676,1.1027012257124562,1.1011834595087755,1.098730599973568,1.0981932742534386,1.0978442285367547,1.0979822519837636,1.074343032203596,1.0743953533792976,1.0736894385205984,1.0737577707873145,1.07368757988397,1.0740232687038858,1.0746771328928264,1.0746997062291068,1.0747190623187908,1.0746399907118585,1.0748106063544032,1.074621284672742,1.0747595618838868,1.0747388111374414,1.074672622426148,1.0747264918039305,1.0715043031817355,1.0714186291306442,1.0713438619333018,1.071339858919554,1.0713503179349009,1.0713306270338743,1.073077334096084,1.0730788675791283,1.0730582796647308,1.0729611106026238,1.0728612712614487,1.07284107106023,1.0727868894366692,1.0727502489562988,1.0727700354196834,1.0727766695074636,1.0728116263460714,1.0703728827512755,1.0703416417626,1.070357469075161,1.0703563126804418,1.0703746145758786,1.070405870951355,1.070399592630076,1.0651477803178244,1.06513541400348,1.0651247718096373,1.0650041880243528,1.0650136095171183,1.0650127536866567,1.0650158606024276,1.0650187556817199,1.0650041010181348,1.0649762127781435,1.0649730713486896,1.0648736660680997,1.0648811472795454,1.0648750826914881,1.0648563279237013,1.0647596134279276,1.0647556906286637,1.064744511258989,1.064747190993926,1.0647501805366426,1.0647539204703966,1.0647529396481987,1.0647546842753386,1.0647540446600312,1.0647559031520775,1.0647451959066379,1.0647417175340377,1.064734470886748,1.0647077668994467
265,1.0517305912243884,1.0516879894681137,1.051626177896923,1.088346859151576,1.099391391715704,1.1007289568397365,1.1030733944392719,1.1034716028413725,1.099018574175988,1.0946037720539266,1.099989493579506,1.0997614399206117,1.0975093208461566,1.0941716197661067,1.0934704938407074,1.0930714363256198,1.093258292709283,1.056894913618943,1.0568949259699267,1.056894907704611,1.05689492074641,1.0568949177315432,1.0568949360547615,1.0568949638923346,1.0568949752255097,1.0568949871707292,1.0568949556627392,1.0568948734593615,1.0568948724704856,1.0568948850642301,1.0568948872515709,1.0568948913710712,1.056894900308045,1.0568948076035278,1.0568947925401897,1.0568947832143036,1.0568947866425467,1.0568947921383973,1.056894793633317,1.056894810369089,1.0568948139450915,1.0568948161274287,1.0568948141105947,1.056894804661629,1.0568948070509439,1.0568948076228968,1.0568948076833538,1.0568948126015414,1.0568948197301662,1.0568948255563673,1.0568947371480768,1.0568946331313815,1.0568946333237228,1.0568946332898395,1.0568946335450429,1.0568946340405605,1.0568946339335903,1.0568945471779942,1.0568945455147007,1.0568945443923252,1.0568945418869924,1.056894540767658,1.0568945397867633,1.0568945385211903,1.0568945385591761,1.0568945373899976,1.056894535996477,1.0568945486456691,1.0568945458163725,1.0568945446273246,1.056894556974924,1.0568945566711612,1.0568945506716467,1.056894550575414,1.0568945491837927,1.0568945485330101,1.056894547500405,1.0568945464008894,1.0568945453269063,1.05689454430562,1.0568945435591197,1.0568945426095542,1.056894541700449,1.056894540970359,1.0568945366012068,1.0568945415788304
266,1.0527031535512754,1.0526917364103763,1.0525540376715783,1.0816319771946827,1.0953967360436054,1.096448153124492,1.0983275973941768,1.0986604929699482,1.0951666829480813,1.0917114473225495,1.097657304248637,1.0966007269985543,1.0942778951460894,1.0909881493783904,1.090304868419849,1.0899669975830848,1.090153752769631,1.061608066554126,1.0616628763385725,1.0609721246650576,1.0610421922352713,1.0604054015305786,1.0607862481007302,1.061522698885489,1.0615496236334299,1.061582490055251,1.0614628859149158,1.0567227441216933,1.0565666173975672,1.0566924414146737,1.0566350331977177,1.0565831739908902,1.0566297334550203,1.0559987663087858,1.0556724315185717,1.0553901003822335,1.0554257447927489,1.0554724079155835,1.0554409414968051,1.0552242691686118,1.055219174712457,1.0551878299597242,1.055133760890254,1.0549669809918127,1.0549439960640004,1.0549719507859063,1.054915245346025,1.054947879264042,1.0550309941864702,1.0550818286971486,1.0546246614754482,1.0518764171153878,1.051872336320451,1.0518720995580584,1.0518679735551688,1.0518625178296903,1.0518631544502537,1.052074255754093,1.052079371649755,1.0520841293384668,1.0521412808875619,1.0521359508691486,1.052144118676624,1.0521423421306146,1.0521386930826868,1.0521472537737335,1.052163123260303,1.0525480226299768,1.0525389009435429,1.0525305715849054,1.052814465814843,1.0528344248561439,1.052847118659319,1.05284831915745,1.0528485172788598,1.0528450168174055,1.0528416704481116,1.0528367255982112,1.0528370392939022,1.052835150747018,1.052835481383002,1.0528344897938349,1.0528376832817103,1.052841004945119,1.0529064152129237,1.0529541399779672
267,1.0535232398143748,1.053485942694091,1.0530850946742933,1.0728063639087027,1.0902025891047786,1.09091528855361,1.0922643628155324,1.092514670880143,1.0900624716084615,1.0870965191941806,1.0929182439451064,1.0917942831078213,1.0899247808760117,1.0873766157626812,1.0868445107439995,1.0866081823553788,1.0867605491665735,1.0663982200210438,1.0664752267129447,1.065489641085746,1.0655919252386339,1.0641226338733474,1.064692033171549,1.065771552801227,1.065810353803295,1.0658657013837856,1.0656669953846405,1.0547711920578684,1.0545684980053545,1.0547337168712287,1.054737187769587,1.054668591458708,1.054730333911153,1.0539297741844822,1.053485308680452,1.0530967359571657,1.053147907226514,1.053212230046624,1.053169726535576,1.052890508230771,1.0528841022446749,1.052840183155639,1.0527864392179516,1.0525474171242657,1.0525138016214457,1.0525973317819672,1.0525159623385398,1.0525626451035601,1.0526711450807182,1.0527436752510266,1.0524721047151413,1.047752721799326,1.0477512020402322,1.0477510641957954,1.047748394195418,1.0477466932595645,1.0477468029398265,1.0479543098752186,1.0479556103335894,1.04795843108836,1.047981101474084,1.0479780527065412,1.0479858364331835,1.0479848416098871,1.0479824228483605,1.0479872863778483,1.0479974409685384,1.048666678791148,1.048657347408673,1.0486520988833974,1.049130839790735,1.049145506444572,1.049158370017025,1.0491592135653123,1.0491486245265798,1.0491457965319817,1.049143104351514,1.0491389358467846,1.049138694258085,1.0491372025373862,1.0491374436214154,1.0491365854162849,1.0491352472697293,1.0491378485297391,1.0493860685031235,1.0494165403590279
268,1.0538041137448442,1.0536929205021972,1.0528647563053841,1.0649183635765624,1.087444238909306,1.0877815930854937,1.0885200449566834,1.088658198871157,1.0873719983202679,1.084651460952544,1.0899691089555645,1.0893136752016694,1.0883109191092017,1.0868649603788558,1.0865434592869856,1.086332059989043,1.0864348530219157,1.0727402631656233,1.072810158749726,1.071885839137527,1.0719856290671819,1.0697280697111682,1.0702818054605117,1.071296140463455,1.0713311914390982,1.0713965810693267,1.0711656784397914,1.0532522404408975,1.0530980673730408,1.0532266370636232,1.0532816822998234,1.0532272006149166,1.0532762769466693,1.0526256101341736,1.0522588297138378,1.0519312486408858,1.05197243392061,1.0520268714115593,1.051991456632334,1.0517836688191913,1.0517871652887525,1.0517492881811157,1.051680311168384,1.051467359174243,1.0514361246811275,1.0515309805104507,1.0514572843645256,1.0514995666691174,1.0515848318553378,1.051649959544737,1.0516556696278212,1.0472658108752029,1.047275733146396,1.0472758889509086,1.047283511904831,1.0472977279965727,1.0472954750499597,1.047363974407899,1.0473464243693178,1.0473389215046396,1.0471562369705774,1.0471707693566477,1.0471696991559691,1.0471745229234588,1.047182076052982,1.0471590766586925,1.0471151800618437,1.0474722396195515,1.0474298781382616,1.0474463088662627,1.047595644872743,1.0475587056750475,1.0475604121157833,1.0475569049914866,1.0475228314633402,1.0475284688161162,1.047534380322857,1.0475416451436788,1.0475394356906962,1.0475428618284253,1.0475417733243104,1.047544442053074,1.0475476987663093,1.0475406351426833,1.0477087042409845,1.047637606766508
269,1.054836004180638,1.0546290732810657,1.0533182611533038,1.0586976264067758,1.085388010782915,1.0852846342524138,1.0853191864186837,1.0853068865141753,1.08518861059728,1.083083694569869,1.086172574107093,1.085897357594012,1.0859875912472645,1.0852553305621269,1.0850702112522936,1.0846967230094982,1.0847705696022765,1.0758523436092746,1.075920578873672,1.0750368145074984,1.0751376041647798,1.071890244859981,1.072395605665603,1.0733124292146068,1.0733439069617041,1.0734164739839815,1.0731716561570788,1.0473845241951283,1.0473845289247727,1.047384541553726,1.0473845533335877,1.0473845612879604,1.0473845719002828,1.0473845645706839,1.0473845493825023,1.0473845442785492,1.0473845509180855,1.047384560661639,1.047384566582676,1.0473845667936068,1.0473845727584603,1.0473845792441534,1.0473845840407028,1.0473845753797955,1.0473845814397862,1.04738453562124,1.0473845383202527,1.0473845463076603,1.0473845545796683,1.0473845630943202,1.0473845700764408,1.0473844363237865,1.0473844403109234,1.0473844441680369,1.0473844490383408,1.0473844548608102,1.0473844587307428,1.0473844622730801,1.047384463990285,1.0473844657365619,1.047384438274023,1.0473844438807325,1.0473844469999911,1.0473844512515642,1.0473844522904692,1.0473844510270736,1.0473844447112297,1.0473844760243969,1.0473844643763996,1.0473844705384232,1.0473842123991515,1.0473842087690264,1.047384208774082,1.0473842084329612,1.0473842055366482,1.047384206192141,1.0473842068996997,1.0473842077136344,1.0473842074332778,1.0473842078936622,1.0473842078505444,1.04738420827281,1.0473842085654423,1.047384207861131,1.047384208033745,1.0473841989123671
270,1.0579868017196805,1.057315588053383,1.0538654593290613,1.0528218745722522,1.0847323885188098,1.0849963632673834,1.0856216783353394,1.085552083447095,1.0844883796999558,1.082652795114404,1.0827643333878072,1.0824885905279167,1.085580984204574,1.0846113734743357,1.0844051126066458,1.0833792287251907,1.0834625692267137,1.07918243349932,1.0792513184958112,1.0784466710899219,1.0785471200652244,1.0738552826371024,1.07417093675557,1.0747424133347114,1.0747608398441437,1.0748291959087815,1.0745895161306565,1.0619043296354778,1.0617606744128976,1.0618835548786472,1.0619817519454002,1.061927829943364,1.061977148868777,1.0617731308197451,1.061437353757744,1.0611455854406642,1.0611798666549104,1.0612234934690254,1.061194350055969,1.0610804535428107,1.0610058077927103,1.0609731509164462,1.0609140027747053,1.0608475327979767,1.0608065694935815,1.0564504472916159,1.0563716888501697,1.0564155855595179,1.0564629592582313,1.0565335250498171,1.056632009940914,1.0565015783980194,1.0565375333530134,1.0565380790623569,1.0565624575700707,1.0566130726394165,1.0566051434796353,1.0565145071929574,1.0564543233826114,1.0564258791219625,1.0557544072814875,1.0558094323614478,1.055798259109197,1.0558163959547977,1.0558461727918644,1.0557592377407021,1.0555424165242608,1.0556723135596773,1.0555371801612177,1.0555990433517919,1.046506953780191,1.0464750774668592,1.0464714808710485,1.0464688813100465,1.0464520482206257,1.0464572434995105,1.0464623121483814,1.0464671553306777,1.0464647976203938,1.0464676914265862,1.046467020897364,1.046469533939758,1.0464709785855286,1.0464655181514761,1.0464980249538895,1.0464393035760486
271,1.0589872335944066,1.0580428356283058,1.053432230563167,1.051283349180417,1.0827807507481546,1.0834479225937597,1.0844096670392007,1.0843009541514967,1.082994699935616,1.0815534658964754,1.081197399209457,1.0809435903395472,1.0862124127228678,1.0850596818327698,1.0848302986328864,1.0836670161760549,1.083753336575341,1.0806034576750807,1.0806668262579138,1.0799695657975632,1.0800606249203857,1.0754315283774758,1.075633931673562,1.0759904226184314,1.0759994940738127,1.07605344875279,1.0758256218760374,1.0671502962957065,1.0670121848140988,1.067129967125655,1.0672205271061126,1.067169246300595,1.0672159438228919,1.0670029009763815,1.0666608232836845,1.066359769536682,1.0663932260824547,1.066436778860772,1.0664071693307626,1.066292920078618,1.0662153622494583,1.0661817422780162,1.0661205082117018,1.0661050948604214,1.0660635506732667,1.0594054006861344,1.0593246687284918,1.0593696233250942,1.0594172924748257,1.0594892806470602,1.0595830011092149,1.0594345285447202,1.0594711732037903,1.0594716260333372,1.059496618897124,1.0595481162192841,1.0595399363377898,1.059444906505276,1.0593834120340668,1.059354104624551,1.0586634803997514,1.0587199190771042,1.0587091246894758,1.0587277280428218,1.0587583577328585,1.0586691266953192,1.058430350045195,1.058516571057227,1.0583790376086766,1.0584419054819554,1.0492644811974043,1.0491592686636078,1.0491473050474163,1.049138194718253,1.0490867706887492,1.0491044395062548,1.0491219692053597,1.0491429646648593,1.04913818684124,1.0491481705612904,1.049145690450661,1.0491536552354288,1.0491667650565113,1.049147411326049,1.049124248991827,1.0489113470402356
272,1.0595516614022564,1.057978885954387,1.0511262063354359,1.0478972519779528,1.0685212650158649,1.0706517924173626,1.0731367804430259,1.0731087111028303,1.0696425773932756,1.0678960228972982,1.067325145241927,1.0669237940989544,1.0767250583610977,1.074787476811347,1.0744440983406098,1.0728680140934352,1.072977297399763,1.0712441551595808,1.071295408334735,1.070909079397726,1.0709816961089815,1.0665586608936692,1.0665875808827527,1.066653401453678,1.0666385656737358,1.066468100600254,1.0662533105781196,1.0640399627749695,1.0639014452753344,1.0640178094952637,1.0640879460236004,1.0640387508352385,1.064084323279607,1.0638387062550936,1.063484098051431,1.0631683937473935,1.0632070682756127,1.0632514370550836,1.063220829751555,1.0631053374940023,1.063141095572157,1.0631045361424472,1.0630312510606896,1.0632491194251599,1.0631959021336288,1.0463020944534864,1.0463020985092635,1.0463021060097497,1.0463021129731327,1.046302121090455,1.0463021279395188,1.0463021276465225,1.0463021333259888,1.0463021397304684,1.0463021465867282,1.0463021548200984,1.0463021614468202,1.0463021635183305,1.0463021681573519,1.0463021717346481,1.046302146772033,1.0463021545038504,1.0463021606087117,1.0463021672924686,1.0463021680387314,1.0463021690674235,1.0463021579605722,1.0463021650314,1.0463021520236324,1.0463021594089692,1.0463020232951663,1.046302017733093,1.0463020204015738,1.0463020197208746,1.0463020190640548,1.046302022423693,1.0463020271519707,1.0463020320677079,1.0463020372777079,1.0463020415478372,1.046302043883945,1.0463020480494052,1.046302052642628,1.0463020536219525,1.0463020482254144,1.046302024402608
273,1.0529975502712274,1.051537405748271,1.0456129777916934,1.0429867561702457,1.0576484765857952,1.060637003313001,1.0626545089910011,1.0626131274656712,1.0601869671384703,1.0594656227610066,1.0592224698279347,1.0592652071231294,1.0690175502488477,1.068539741852334,1.0684755847245648,1.0677726215868688,1.06780416197827,1.0677721974535141,1.0677609949881592,1.0681047803292005,1.0680969296693767,1.0659217501514922,1.0657023139908952,1.0653156486344961,1.0652787950347335,1.0646389293770144,1.0644594562952856,1.0637413406155714,1.063677173961569,1.0637286599051183,1.063761606219764,1.0637401314458421,1.0637601025752186,1.063634515246197,1.0634473046330148,1.0632874987144807,1.0633066968577267,1.063325237156745,1.0633111934174986,1.063260263904774,1.0632899891059011,1.0632720506094482,1.06324343582553,1.0634505700483685,1.0634155606423892,1.0543823990103114,1.0543495531696203,1.0543534341200824,1.0543728636166882,1.054401473654463,1.054422834025103,1.054321050388266,1.05433447969188,1.0543344019967484,1.0543158531479906,1.0543345604783274,1.0543312816224004,1.0542944903649645,1.054272455182748,1.0542615802086044,1.0540193376383193,1.0540394382383538,1.0540353321136433,1.0540419656726243,1.054053045132536,1.0540210752481902,1.0537868770153729,1.053788792193723,1.053745712191747,1.0537658022220762,1.0538644941754007,1.0537900387727566,1.0537812191642255,1.053775156504279,1.053737205163486,1.0537485933621793,1.0537603978023722,1.0537739325806967,1.05377390001514,1.053780739175692,1.0537785142742015,1.0537847753742826,1.0537950958943065,1.0537809723358855,1.0537027507613301,1.0535762533310458
274,1.0423834647850785,1.0415533040507663,1.038618697390199,1.0370103217910496,1.0458028433460496,1.050443418923417,1.050759491260772,1.0505024647700425,1.0513279708169663,1.0530101024107374,1.0531952773563091,1.053997362625502,1.0620854688027401,1.063819602650724,1.0641683179140182,1.0645077701521373,1.0644365064972832,1.0665234216905966,1.066425115053465,1.0675138521816303,1.0674013863068892,1.0670445941051538,1.0664262530544029,1.0652618145742934,1.065194387406097,1.0636647070671967,1.0635148686465814,1.0634436891059302,1.0634771911812941,1.063445359086798,1.0634375247336039,1.0634517125771612,1.0634385879888828,1.063483876950086,1.0635126037863676,1.063553930996036,1.063547851347942,1.0635350578103124,1.0635414526316658,1.06356798896246,1.0635383496356074,1.0635443248853402,1.0635801431470202,1.063233195017819,1.0632241992821563,1.059477064689097,1.0594563987109031,1.0594520844611417,1.0594629765213344,1.0594802358975097,1.0594933393095505,1.0594252821265582,1.0594338316417162,1.0594336833232472,1.0594087188837957,1.0594203924258816,1.0594182574021784,1.05939496053813,1.0593810906516543,1.0593742677547628,1.0592463434452009,1.059259456935002,1.059256304548987,1.0592606247273433,1.0592679740203663,1.0592470106682523,1.0590630179647649,1.0590642834483226,1.0590381177749935,1.0590509651650064,1.0591926116015538,1.059140837493388,1.0591348120177677,1.0591310802976415,1.059103897926227,1.059111284050623,1.0591187657649421,1.0591272481003497,1.0591154803487772,1.0591195306376882,1.0591181089629886,1.0591227555217213,1.0591292757925614,1.0591202927118264,1.0590605839984017,1.0590100366838857
275,1.031361555711133,1.031211257900884,1.0317147606591777,1.0309196944368468,1.0352547605895133,1.0455968574584766,1.0440392231937752,1.0433684420446734,1.0477140313608795,1.05137385733963,1.051825113092507,1.0530833003864954,1.0587888626844866,1.061582647285348,1.0621006921699632,1.0629832149967164,1.0628852459599853,1.0658070764348262,1.0656700473210832,1.0664659025082481,1.0663094738731964,1.0668052528383751,1.0660271087139095,1.0645455805249382,1.064461069947512,1.062142389473649,1.0617640666769157,1.061797275986119,1.061840737368479,1.061801334138812,1.061786619429685,1.0618030054270802,1.0617873117742367,1.061850800736159,1.0618983994884672,1.0619937261823025,1.0619849133593757,1.0619661500510453,1.0619760201250412,1.0620159582276216,1.061973361703195,1.0619839092413421,1.0620274530831013,1.059624993652166,1.0596306659539145,1.0587139442846436,1.0587042467980323,1.0586997665270563,1.0587036272910744,1.058711239555144,1.0587177538719432,1.0586799019186195,1.058683883842715,1.0586835194392739,1.0586815483331529,1.058687602687025,1.05868615983373,1.0586738390254533,1.058666727326065,1.0586634136145583,1.05868601495377,1.058691702879413,1.0586897107084066,1.0586916062958518,1.0586949750580643,1.058685635458838,1.059472080168513,1.0594788773242678,1.0594518252452316,1.0594654515415873,1.059503491373161,1.059459499387197,1.0594545076787565,1.0594517594235984,1.0594310510492624,1.0594361207379481,1.0594414877562388,1.059447930022413,1.0594342413821058,1.0594367406712621,1.0594353978813114,1.0594390802467355,1.0594438998895508,1.059436662047356,1.0593881083915047,1.0592921726130162
276,1.0217903971505566,1.0216795152728235,1.024232184662859,1.0234051019635149,1.0270321899560457,1.0548747957586353,1.05311401007294,1.0522187518802564,1.0570529581955344,1.060311200181658,1.06074004027215,1.0617757441950504,1.065348093668162,1.0675475276616369,1.0679127958260428,1.0687811247232928,1.06873802441815,1.0709965814955273,1.0708798053768505,1.070317849792134,1.0701815260872523,1.0708856519476992,1.0702153738951379,1.0689410913574615,1.068855584903302,1.067123072393414,1.0662484832810575,1.0664530464701412,1.066535654116669,1.066463514033188,1.066436537970256,1.066464758039424,1.0664367603372005,1.0665837091624193,1.0667148733993879,1.0669565896705,1.066948602680099,1.066921870693394,1.066936335912991,1.0669918957306572,1.066946448891208,1.066962171241187,1.0670203279579844,1.0599790915919556,1.0600452780296048,1.0603589111681455,1.060436202826267,1.0603713578672462,1.0603190878952724,1.0602493140619815,1.060197690982079,1.060427399390427,1.0603953931622137,1.0603947896861299,1.0603631766639114,1.0603187045126268,1.0603255021832882,1.0604097020649768,1.0604636257755853,1.0604888124093879,1.061285112986714,1.061242075398778,1.061252972340506,1.0612388457926136,1.0612153497476464,1.061282892501494,1.0667236963624664,1.0667353341337376,1.0667008963444418,1.0667184479669287,1.0666739632957931,1.066618530302305,1.0666130133377854,1.066609622463644,1.066585848288939,1.066592932972876,1.066599910002268,1.0666087112462148,1.0666002259754244,1.0666029078070325,1.0666017723973087,1.0666059626179218,1.0666120002297033,1.0666037816055662,1.0665494568524088,1.065897258575294
277,1.0126888814279944,1.012709775561292,1.0171926874538613,1.016147814353052,1.0199056163556708,1.0701503322159902,1.0690861622804995,1.0685829961059234,1.071621207164139,1.0734637407336431,1.0737214525313592,1.0742949910390533,1.0760980115265144,1.0772572547329469,1.0774214093640464,1.0779312977729383,1.077922421708888,1.079104006218401,1.0790349991750465,1.078040382447064,1.077954824397717,1.0784163881110111,1.0779898932851077,1.0771650466883353,1.0770988321805661,1.0762593831844045,1.07544507225423,1.0756996573997668,1.0758044340974051,1.0757131768702826,1.0756790503520066,1.0757152163732882,1.075679517766525,1.0758713566641793,1.0760664646626195,1.0763393298745039,1.0763266138891208,1.0762960254257006,1.0763138218907027,1.0763811978582243,1.0763481702782993,1.0763676652105327,1.0764372980325707,1.0701649895651688,1.0702549282946772,1.0706602462460484,1.0707740862362825,1.070679277022728,1.0706030329330862,1.0705000120864658,1.0704229350787844,1.0707674640292006,1.0707200655611107,1.0707192286078469,1.0706567026708502,1.0705896820930345,1.0705999765704906,1.0707269323951254,1.070807485469798,1.0708451243064585,1.0717163256304294,1.0716510986746817,1.0716678694917572,1.0716463928771114,1.071610534606941,1.0717133423973209,1.0765251891738021,1.0765010428150772,1.0765764139767893,1.0765432147565688,1.0765918329641186,1.0766731263201326,1.076682240401887,1.0766900126968786,1.0767263659999604,1.0767120948728264,1.0766975584328873,1.076678923387135,1.0766799088545418,1.0766690166312782,1.0766711565875255,1.0766656453986327,1.0766532765678314,1.0766695618808968,1.0767361240681625,1.0755349954012579
278,1.0045844511549116,1.0047540420865875,1.0105065602093344,1.0093223974880356,1.0130487667391952,1.086759429202151,1.0867594185608536,1.0867593977288765,1.0867594147243804,1.086759405764218,1.0867593891170113,1.0867593711616796,1.0867593636217212,1.0867593429547078,1.0867593325325446,1.0867593221139473,1.0867593072729143,1.0867592990574757,1.0867592827193118,1.086759209624871,1.086759190517653,1.0867591807369672,1.0867591704398532,1.08675916122326,1.0867591418148734,1.0867591119732027,1.0867594664382538,1.0867594728265897,1.0867594700283594,1.0867594605815591,1.086759453341914,1.086759447830895,1.0867594401418585,1.086759443742108,1.086759455380176,1.086759459068386,1.0867594549552742,1.0867594482979908,1.0867594440057389,1.0867594417147202,1.0867594353919152,1.0867594305872326,1.0867594291755367,1.0867592653607945,1.0867592591363677,1.0867592681956753,1.0867592634561511,1.0867592518593554,1.086759243364338,1.0867592336512377,1.0867592260411783,1.0867592314392693,1.0867592246524587,1.0867592170716058,1.086759206585388,1.0867591966854269,1.0867591888093187,1.0867591864802197,1.0867591811567177,1.0867591768444151,1.0867591664255976,1.08675915591293,1.0867591486752837,1.086759139880273,1.0867591385804212,1.0867591380833328,1.0867592825530543,1.0867592748636863,1.0867592893954274,1.0867592812481703,1.0867592877928551,1.0867592950021678,1.086759290864223,1.0867592915833968,1.0867592906948162,1.086759286410454,1.08675928008156,1.086759273311953,1.0867592684286613,1.086759262093718,1.0867592586956014,1.0867592530681929,1.0867592469554122,1.0867592450175168,1.0867592526417542,1.0867589861216325
279,1.0429514400567326,1.0387334213530943,1.0381778513199733,1.0612467582497216,1.0566931180301862,1.0548011445245138,1.0523369627851054,1.0520252755839903,1.0580425853603936,1.0636066763843917,1.0638390693900766,1.0888443967881167,1.088844398868089,1.0888444094818623,1.0888444103269583,1.0888444102777737,1.088844404470287,1.0888443731390012,1.0888443668468812,1.088844369603815,1.0888443627094262,1.0888443601615103,1.0888443541041573,1.088844347455871,1.0888443414720101,1.088844335372141,1.08884435020994,1.088844355100195,1.0888443526504181,1.0888443461052106,1.0888443435169486,1.0888443392663394,1.0888443338558593,1.0888442718009868,1.0888442823734659,1.0888442865654226,1.088844283400138,1.0888442763126023,1.0888442728525323,1.0888443508240657,1.0888443466245963,1.0888443435607367,1.088844344991304,1.0888443500247977,1.0888443474605443,1.0888443483763532,1.0888443468455693,1.088844342497292,1.088844260750594,1.0888442547432324,1.0888442509024636,1.0888442573467172,1.0888442536250207,1.0888442492248502,1.0888442438908272,1.0888442380843248,1.0888442335242114,1.0888441762782615,1.0888441721503366,1.0888441699018478,1.0888441856845188,1.0888441795170738,1.0888441747429207,1.0888441692466908,1.088844169507671,1.088844168049187,1.0888441687130566,1.0888441624883178,1.0888441820198964,1.0888441761873728,1.0888441784834662,1.0888441797092594,1.0888441454616455,1.0888441470288175,1.0888441451063848,1.0888441414154804,1.088844135741315,1.0888441296918483,1.0888441251721948,1.088844119888736,1.0888441166994351,1.0888441113026632,1.0888441053528113,1.08884410314545,1.088844109872467,1.0888441314946549
280,1.0464388542831229,1.0448202346245288,1.043950025871747,1.0756215175609243,1.0730623589487558,1.0715605269088595,1.0693896004884966,1.0690654470195602,1.07400103797662,1.0767473190756787,1.0778003609701647,1.0923631447604791,1.0922089503824501,1.0917531994001668,1.0916165362552326,1.091520720533694,1.091552533553874,1.0831842546895785,1.083227393039336,1.0825797226383163,1.0826420405113888,1.0825116080186985,1.0828296582458168,1.0834151193680188,1.0834325482862688,1.083448576220094,1.0833741901098695,1.083362304475481,1.0831938149298308,1.0833197112184323,1.0834654377327055,1.0834046085400175,1.0834515665454878,1.0789572872011746,1.0789890587365987,1.0790023867454221,1.0789897194206652,1.0789852126302917,1.078976038382377,1.0812803895302001,1.0812889852900311,1.0812653069853226,1.081166020863427,1.0810514452239626,1.080992180036477,1.08092165882412,1.080879066314799,1.0809014645547725,1.0805182262631359,1.0805603414040268,1.0798947666043275,1.079800409432754,1.0798187542284785,1.0798167251342736,1.0798379334812882,1.079874679562629,1.0798665555941764,1.0756678783673488,1.0756371275359597,1.0756131472181527,1.0752914029746006,1.075318167421112,1.0753097901232223,1.0753186183725447,1.075325971589567,1.0752842482658787,1.0752026074611913,1.0752109368739715,1.0750217087299947,1.075049320117374,1.0750039092528767,1.07493264339281,1.074212822155586,1.07420402262831,1.0741873110664086,1.0741916795174815,1.0741967681400835,1.0742032713975977,1.0742013013984304,1.0742041684993409,1.0742029823824208,1.0742072752020726,1.0742096038685383,1.0742039044128644,1.0741934673103493,1.0741301769963072
281,1.0463462367862042,1.044755788042214,1.043906334525604,1.0738331836084263,1.071462620075772,1.0700346288221956,1.0679560466613416,1.0676416720033721,1.0723265008483613,1.0747771998737061,1.0758590583856373,1.0900935717193037,1.0898583960646493,1.0892570761239724,1.0890910912230323,1.0889568961894007,1.0889945723503889,1.0800853678241467,1.0801396231630056,1.0793241376897194,1.0794032726254599,1.0792199332298105,1.0796247734060922,1.0803643990242164,1.0803864395994294,1.0804064538863176,1.080315851243058,1.0802147798242598,1.0800039305290288,1.0801633351066757,1.0803175253238493,1.0802412992209889,1.0803004917930898,1.07485428019598,1.0748224229333523,1.0747772875460555,1.0747669646022644,1.0747720575966069,1.0747550558436862,1.0765086246371305,1.0765196458231134,1.076491740997564,1.0763783143687242,1.0762419706008053,1.0761613916319364,1.0760778934109494,1.0760278295881454,1.0760543868139856,1.0754344000280125,1.075486561176716,1.0748966537397793,1.0747658257868098,1.0747878401716047,1.0747857392589448,1.0748101119390894,1.0748521940439906,1.0748430888523017,1.0708457147268884,1.070809474450377,1.0707822904905349,1.070403165518257,1.070434663908325,1.070424825326472,1.070435215729282,1.0704444779614954,1.0703953085341498,1.0702990775830004,1.0703079398738915,1.070110280106364,1.0701429127987463,1.0700911972838678,1.070007185374226,1.0689722904389953,1.0689635963680901,1.0689451957177605,1.0689498332677294,1.068955178691479,1.0689620181602528,1.0689600110020003,1.0689630307725455,1.068961811667683,1.06896615079403,1.0689691658956237,1.06896316282495,1.0689525852727921,1.068889026019239
282,1.0482081348983037,1.0477515847710606,1.047277698915604,1.0800863220543317,1.0828409236188248,1.0828839744927599,1.0830807657687302,1.0831129270045876,1.082968982851525,1.080851606139955,1.0837339883527428,1.0905221145378974,1.0895621106743087,1.0878395092803763,1.08743972416388,1.0871349403979678,1.0872331203779109,1.0695135379394678,1.0696015323221462,1.068342788088037,1.0684657771473691,1.0681570561223983,1.0687890085943454,1.0699624646879193,1.0699994994988435,1.070033738771564,1.0698850678845098,1.0694724600194707,1.0691393760035826,1.069402724014633,1.069608142041087,1.0694859109751076,1.0695859474004012,1.0605045632653243,1.0603446019987255,1.0601894444063344,1.0601924286539781,1.060216493635538,1.0601894261340465,1.0611559532792396,1.0611713668389442,1.0611370014538342,1.0610112849871363,1.0608372153453218,1.0607909060703467,1.0606947414453562,1.0606308330084984,1.0606660800986323,1.0603310047511454,1.0603982264623757,1.059865782351102,1.0592145964421171,1.0592403709748408,1.0592390517709316,1.0592653334448296,1.0593099972725042,1.0593012499899495,1.0555203724245512,1.0555016693182522,1.0554868221923774,1.0552887334444763,1.0553053093486564,1.0552997855999597,1.05530523823957,1.0553092676790932,1.055283441789153,1.0552305318867679,1.055209985161523,1.0551064120331428,1.0551242723919172,1.0551317978023,1.0550868144349703,1.0541591640632493,1.054154087548628,1.0541345327964473,1.0541378784616018,1.0541417362827228,1.0541467156304234,1.0541452697145215,1.054147492519319,1.0541466022895338,1.0541499311210272,1.0541474840728944,1.0541429889090537,1.0540040279661858,1.0540036979332383
283,1.0484749571853538,1.0481979034392621,1.0478555430675642,1.0788118925281192,1.0837297491811162,1.084333359212773,1.0854618205280848,1.0856481475442763,1.083649481109614,1.0801808426115311,1.0839964475721453,1.0889363532591867,1.0877380320494847,1.0857027951163865,1.0852455746237148,1.0849014565947726,1.08501532852442,1.0656635953246183,1.0657490785062889,1.0645171166673018,1.0646364750869868,1.0642937512751571,1.0649183491904815,1.0660776474135008,1.0661138579843832,1.0661489808892286,1.0659929247703261,1.065254687718841,1.0649103362219032,1.0651865094803925,1.0654053621184507,1.0652780719793769,1.0653830802908202,1.0549136346718968,1.0546696799571256,1.054444709860078,1.0544595037072098,1.0544957370764676,1.0544646338822912,1.054932048791903,1.0549500737245148,1.0549131123052498,1.0547875244891471,1.0545963681746218,1.0545794064925877,1.0544862311852905,1.0544170912448314,1.0544559262876656,1.0542974493515067,1.0543673427682836,1.0541778651750127,1.052860337335986,1.0528864944796055,1.0528858145405815,1.0529109958638219,1.0529534021312477,1.0529456563649235,1.0505907480531955,1.0505670055596383,1.05055139235058,1.0502982007938886,1.0503193893129064,1.0503130628198944,1.0503200449702235,1.0503278921527786,1.0502946761090657,1.0502281410963143,1.0502137133780223,1.050119628144125,1.0501422324571184,1.0501746219297654,1.050118578961906,1.049434421185175,1.049428180380859,1.0494052001249552,1.0494124948212118,1.0494202691337073,1.0494302625507446,1.0494280764259243,1.049432538368056,1.0494310865730025,1.0494362340505048,1.0494366888821434,1.049427770342349,1.0489726695488915,1.0489745024107038
284,1.0499523155769663,1.0498785686286038,1.0496811912501414,1.08158881657154,1.0925489271917233,1.0942028378134858,1.0971298004194436,1.0976269292176448,1.0921672013793555,1.0863490513955496,1.0928216955804015,1.094092490505678,1.0922095833794108,1.0893279788166097,1.0887144918081795,1.0883085176257308,1.0884682957054386,1.0629063598873922,1.0629529321754896,1.062253002911059,1.0623199697053578,1.0619843407609284,1.062359278789141,1.0630391033405104,1.0630595076481117,1.0630841645604518,1.0629701573030848,1.0611672837334023,1.0609171444020575,1.0611227382059873,1.0613131140575967,1.0612199053785796,1.0612985993653097,1.0550091546111762,1.0545837647211693,1.0541971982728577,1.054236239778998,1.0543003525762211,1.0542562353566929,1.054234958930301,1.0542591056426507,1.054209400692362,1.0540594850885021,1.0537909402437338,1.0537901976758375,1.0537012859759898,1.0536055643569502,1.0536605817330729,1.0537826439658227,1.0538698495513805,1.0540865349787762,1.0503178133693114,1.0503449985039446,1.050345232209625,1.0503696972054883,1.0504103451319982,1.0504038304006313,1.0494374291124384,1.049402839322239,1.049384528413549,1.0490238280124544,1.0490532178883456,1.0490461556189536,1.0490558779230452,1.0490703635673744,1.0490239512427701,1.0489347984322197,1.0489635761650686,1.0488835565043504,1.0489131757851728,1.0490406141926631,1.0489701210433073,1.0487737159458614,1.048766261080549,1.0487548480724362,1.0487674126491302,1.0487801246495538,1.0487964280709787,1.048793637368368,1.0488009415085975,1.0487990027601957,1.0488068262553334,1.0488108313741094,1.0487966362772294,1.0476641599515952,1.0476955227956286
285,1.0503260384768154,1.05028989010158,1.0499799600874868,1.0766643481956275,1.0915015149561027,1.093282505101084,1.0963810335715767,1.0969102473349797,1.091242747094603,1.085237225287988,1.093979491579471,1.0940925264664207,1.0921593952774435,1.0893367066662922,1.0887444343948318,1.0883650425640279,1.0885225259226912,1.0665248365876108,1.0665589591312212,1.0659838634670031,1.0660401885298234,1.0654918386893015,1.0658359499673256,1.066410252030984,1.066425547275278,1.0664524011205618,1.066325579471104,1.0622313480301078,1.061976817475859,1.0621887499186775,1.062368695095186,1.0622742890945205,1.062354898016106,1.0571970621754785,1.0565950033420364,1.0560395620997665,1.0561004498960564,1.0561929269726262,1.0561320163599108,1.05583664940488,1.0558661749015892,1.0557988383429628,1.0556020155415613,1.0552260225789525,1.0552198665472183,1.0551255256094778,1.0549904055482107,1.055068019453761,1.0552822389604173,1.055400646194531,1.0557534757026188,1.0479689262024594,1.0479989099002875,1.0479992595876515,1.0480252610133254,1.0480684240440936,1.0480615279026375,1.0477839852046846,1.0477369836660573,1.0477141060970376,1.0472166951048614,1.0472576379419367,1.047247725720232,1.0472612622404054,1.047282699647811,1.047217988761622,1.0470926379845196,1.047148162585822,1.0470480605192989,1.0470902383091656,1.0472307533282839,1.047125825936222,1.0470809650570505,1.0470706654867423,1.0470915072304638,1.0471100921208283,1.04712936353385,1.0471540149119616,1.0471493105685934,1.0471603465308368,1.0471570564057733,1.047169413916282,1.0471816729846317,1.0471595170393504,1.0446723728380285,1.044703697086704
286,1.0514102015505566,1.0513525988007617,1.0507642888930904,1.0712110526230225,1.0911775248561089,1.0925039701759747,1.0947783084191143,1.0951699521221674,1.0911789471260653,1.0862968237212556,1.096058577038808,1.0954406173202507,1.093732427142154,1.0914405812818564,1.0909572343967577,1.0906798016512036,1.0908144731919343,1.0733483431714168,1.0733908557952607,1.072737146964241,1.072803922706302,1.0717724481366266,1.0721777861988975,1.072871739735137,1.0728925398922036,1.0729338750812334,1.0727628791818027,1.0640308079401706,1.0637852218357766,1.0639923924236152,1.0641318758669835,1.0640416681783849,1.064120866189614,1.061465441885905,1.0608130064961367,1.0602146796058878,1.0602819029305521,1.060381291416397,1.0603165391242961,1.0599595324111304,1.0599862459673122,1.0599153731836728,1.0597149047065204,1.0593126881986075,1.0592830030979434,1.0592195660809023,1.0590750858750837,1.0591581420376863,1.0593491867365945,1.05947515750837,1.0597620423696408,1.04614046404905,1.0461404693230607,1.046140474703965,1.0461404815726776,1.0461404892660489,1.046140494734296,1.0461404977573572,1.0461405006599958,1.0461405032569318,1.0461404716112666,1.046140478989459,1.0461404835335646,1.0461404893665402,1.0461404905197564,1.0461404896636364,1.0461404838282402,1.0461404949204496,1.046140481025524,1.0461404883949548,1.046140457128927,1.046140450182612,1.0461404538510184,1.0461404529365232,1.046140456845531,1.0461404608370144,1.0461404664323022,1.0461404725827006,1.046140476278712,1.0461404812156818,1.0461404838007096,1.046140488878842,1.0461404940655887,1.0461404948957356,1.0461402432047104,1.0461402254166519
287,1.053144912279449,1.053003143967112,1.0519793213948712,1.0633239682358717,1.0888755402674128,1.089218256857264,1.0899202568444082,1.0900470830678906,1.088936886186384,1.086140288552187,1.0924140267281215,1.0919518380650592,1.0911024610283842,1.0899797929474446,1.0897208573779684,1.0895378078046463,1.08962254112688,1.0778679627242544,1.0779215235570645,1.077175897503231,1.0772567250084644,1.0752106559299042,1.0756662438171816,1.076474824422289,1.0765014517694347,1.07656250791592,1.0763428278291973,1.0588836763012632,1.058757835835842,1.0588636075748306,1.0589261498101155,1.0588805459860333,1.0589209094159855,1.0581543416751784,1.057812284032987,1.0575000795982041,1.0575352614147553,1.0575865381655079,1.0575528854357423,1.0573642479072978,1.0573723377226012,1.0573356214020722,1.057239984960379,1.0570267693230702,1.0570045185666188,1.0569455976422908,1.0568660842790798,1.0569116493078008,1.0569995376603445,1.0570684899699354,1.0571896960259066,1.0519369817875035,1.0519502723544643,1.051950346048528,1.0519614433041946,1.0519799962721317,1.0519769403125003,1.0519882573000006,1.0519647828540473,1.0519536712295345,1.0516870844546946,1.051709739277606,1.0517055779781155,1.0517130405631485,1.0517251743582112,1.0516893898673936,1.0516082775414242,1.0516563254038458,1.0515970205892868,1.051623115611094,1.0500559985836502,1.04996410395855,1.0499591776306871,1.049950849842825,1.0498925292041155,1.0499077523200884,1.0499231157525046,1.0499427686393425,1.0499394029659905,1.0499481330624496,1.0499457643907322,1.0499533916220334,1.0499658675569135,1.0499486421866218,1.0495440975657335,1.049313755780717
288,1.0541547685731378,1.0538752683814852,1.052155345023216,1.0566698124989529,1.089531556186648,1.0893590482470246,1.0892364370879744,1.0891902661095354,1.089408734282578,1.0875533953402812,1.0907875529833433,1.0906343672451984,1.0908354825875115,1.0903747983163765,1.0902486163213427,1.0899400181248307,1.089993917914374,1.0831908403606154,1.0832390138643337,1.082595243691533,1.082668769262879,1.0799426730582955,1.0802985377692085,1.0809317381378876,1.0809525209246316,1.0810200771207283,1.08079233244298,1.062146111043708,1.0621814726998262,1.0621478213023996,1.0621553066560696,1.0621689863380392,1.062154808927558,1.0621161094034643,1.0621443287953534,1.0621651609521356,1.062161075953602,1.0621543190386749,1.0621569122384196,1.062153826611448,1.0621235638795765,1.0621255716835005,1.06214798117903,1.062165176428825,1.0621836577472152,1.0611095136587394,1.0610906612014948,1.0611004377454831,1.061115567132436,1.0611292937634313,1.061203923803419,1.0597271377644542,1.0597357558299583,1.0597353798141176,1.0597408624676952,1.059752553471622,1.0597501756153693,1.0597336118145166,1.0597185372000502,1.0597110759666282,1.0595073936055934,1.0595253650006535,1.0595223306805674,1.059528174450851,1.0595377811945692,1.0595095162281831,1.0594124414968287,1.0593628650731948,1.059315295447507,1.059337207502816,1.0518614119211576,1.0517808476840365,1.0517742009489948,1.0517669918106578,1.05171324566378,1.0517270084677286,1.0517406357713488,1.0517579091284517,1.0517548921596418,1.0517625899974925,1.0517606892312856,1.0517677464978077,1.0517788873162144,1.0517640536379393,1.0513471963122734,1.0511263020191912
289,1.0557058568355129,1.0551436064164692,1.0521267439964392,1.0524397109697763,1.0912585650567297,1.091313099661679,1.0915647359977183,1.0915176849655701,1.0910111700407905,1.0894543949298168,1.0901060259356163,1.0899556596202642,1.0919284572062864,1.0914163229753528,1.0912971058055636,1.0907499759019936,1.090801304365624,1.0869301511861622,1.0869766307898103,1.0864033746936599,1.0864712371679581,1.0834133432529862,1.0836540281003562,1.084088971455203,1.084102514868802,1.084171115280951,1.0839483359467592,1.0719004163352428,1.0718585837623795,1.0718917498868876,1.0719371198792251,1.0719211043894679,1.0719342522357873,1.0718600185648683,1.0717323771666518,1.0716273033728536,1.0716367117838832,1.0716479747770016,1.0716384734896858,1.071599969875427,1.0715430529303016,1.0715319187993197,1.0715262239466528,1.0715289392973104,1.0715267011410754,1.0682691894545953,1.0682229326529018,1.068247739853354,1.0682714517020369,1.068310197690286,1.0683926412267137,1.0678530386325706,1.067876113535948,1.0678756258703237,1.0678909471602718,1.0679232561891916,1.0679172058722357,1.0678567270572517,1.0678172526482548,1.0677986059850741,1.0673394309590347,1.067376836946169,1.0673690924743118,1.0673813588911063,1.067401614426555,1.0673424919718415,1.06715278382206,1.0671537091653323,1.0670605872707,1.0671033317184686,1.0499728306975138,1.0499728290954262,1.0499728358909692,1.0499728353236621,1.0499728377022366,1.0499728430205866,1.0499728512491244,1.049972859820997,1.0499728669408743,1.0499728747909611,1.0499728799145154,1.0499728877934027,1.0499728957347578,1.0499728998356206,1.0499728827764456,1.0499728523142768
290,1.0585788009982282,1.0572682902381183,1.0512785798234277,1.0483552002188135,1.0783875250486759,1.0799700143678201,1.0813487875157952,1.0812116303009203,1.0797923342079692,1.0790381784964544,1.0785884824442686,1.0785799452578833,1.0883719052151526,1.087399631318113,1.0872193390473806,1.086307645378501,1.0863710458049551,1.0847218971296673,1.084760727498788,1.0843955113880572,1.0844485244600603,1.0812590318965734,1.0812917115790979,1.081340457832971,1.081336146177503,1.081352499541137,1.0811544549014807,1.0770040260659024,1.076924332763628,1.0769903899945825,1.0770433552332668,1.0770147628786897,1.0770401925368522,1.0769013805808199,1.0766704682118446,1.0764663437006254,1.0764871528228832,1.0765129800516224,1.0764940271878536,1.0764231481361348,1.0763726124580548,1.0763503065252107,1.0763155469783405,1.0764021535459678,1.0763769313328633,1.0678884867781258,1.0678555293135568,1.0678723619453836,1.067886667995721,1.0679143709626513,1.0679562855096507,1.0679005028236452,1.0679160344437664,1.067915417345225,1.0679223615778668,1.0679442610041947,1.0679398078831073,1.0678972277649101,1.0678705067695904,1.0678581523003239,1.0675516111752401,1.0675748118369044,1.0675696971999646,1.0675773103313604,1.0675900417502315,1.0675532300462252,1.067367908921577,1.0673820968105832,1.0673252998156377,1.0673516160360348,1.0618597477448921,1.0617836998284818,1.061774006018941,1.0617676785236265,1.0617230984213457,1.0617344680663892,1.0617467211638183,1.061762068874739,1.0617512407828797,1.0617581682566457,1.0617557556075217,1.0617625126343053,1.0617724155158332,1.0617577882856588,1.0617171231803881,1.061542053310557
291,1.0576135220878224,1.056148874160426,1.0496872227665996,1.0465763466915332,1.0751153600706553,1.0773423091309795,1.0788858328754718,1.078742523456579,1.077348766369189,1.076921445476735,1.0765742169965185,1.076731026646175,1.089430436262104,1.088661837055864,1.0885258798899609,1.0878534456967972,1.0878996808086676,1.086882257597769,1.0869064223996392,1.0867188071416551,1.0867494242172961,1.0845252450384237,1.0844994048787495,1.08445488179577,1.0844474658331742,1.0844341806540843,1.0842635091430295,1.0817887840913356,1.0817387800972804,1.0817791485512582,1.0818133541834902,1.08179592080286,1.0818111951832659,1.0817173562424445,1.08155586212437,1.0814153576124639,1.0814287550323474,1.0814444373981937,1.0814321596454841,1.0813874188703878,1.0813520520047277,1.0813372612471541,1.081318127272844,1.0814287988794105,1.0814132312360571,1.0741020232522196,1.0741012978067919,1.0740986998915227,1.0740914884700408,1.0740896837111011,1.0741010407842781,1.0741288664807551,1.07413010705885,1.0741290135470922,1.0741227657747343,1.0741245732204152,1.0741229651083009,1.074117718327112,1.074114929926684,1.0741140587370177,1.0740674967923238,1.0740687032116645,1.0740680539329825,1.0740683890789922,1.0740692218464842,1.0740671752668203,1.0739171959527796,1.0739102104250773,1.0739057236101455,1.0739084430519326,1.0706203141382336,1.0705953660220622,1.0705911692375576,1.070589587954538,1.0705675973492186,1.0705697586044483,1.0705730608916038,1.0705771512428186,1.070567088944623,1.0705689097168647,1.0705676299412763,1.0705709684820497,1.0705735244369265,1.0705685767104325,1.0705552663898679,1.070480781307164
292,1.0517804630237229,1.0502706161383313,1.0442922300062067,1.0415285839036266,1.0585909329174206,1.0625268859512105,1.0641890887943397,1.064054198567716,1.0627089640688943,1.062935241885646,1.0628736851932294,1.063315047789971,1.0761777166350066,1.0765664573472387,1.0766645183293329,1.0764787978362924,1.0764653813446357,1.0772244842471856,1.0771824728440231,1.0778279639771982,1.0777794987013836,1.07668505025244,1.0763276973270537,1.0756690548113077,1.0756277442432598,1.0748436804229677,1.0747512849178846,1.0743157396067047,1.0743087725295353,1.074311999435305,1.0743216964861788,1.0743208516130736,1.0743215666119752,1.074296456226843,1.0742411859087801,1.0741951057998762,1.074199522827045,1.074201716772834,1.074198676332816,1.0741888416264593,1.0741749837576378,1.0741702422653168,1.074174710304999,1.0744593097143353,1.0744463496228154,1.0684706576464957,1.068477995786824,1.0684629567414716,1.0684540459700462,1.068445827859112,1.068440649201052,1.0684587357994508,1.0684555095939892,1.0684549403091714,1.0684280045376906,1.0684231319836481,1.0684233012063242,1.0684310986742827,1.0684368192288118,1.068439494286809,1.0684938940489508,1.0684892387952758,1.0684902604996596,1.0684886913311937,1.0684863226571366,1.0684935226671444,1.0682864824259104,1.0682747689315295,1.0682857683893336,1.0682814527507738,1.0681199947805635,1.0680959720428116,1.0680926555522816,1.0680911384793441,1.0680738433775812,1.0680768671064371,1.068080194259893,1.06808380370118,1.0680751388590983,1.0680769885351387,1.0680761922517727,1.06807914437586,1.0680819549538807,1.0680778132890998,1.0680421743233162,1.068016695255806
293,1.0406829185762545,1.039900823948784,1.0373147220859762,1.0356605335044375,1.0450512554514944,1.0510730840266425,1.050920200331766,1.0505429127743582,1.0525355970052919,1.0551185830154355,1.0554446979203929,1.0565426367638997,1.0657682404546684,1.068164772032343,1.0686316559360947,1.069230621846883,1.0691314563762488,1.0718685032522322,1.0717440976699235,1.073130465715902,1.072987633769832,1.073060188123156,1.0723050879896563,1.0708664547129292,1.070788180217985,1.0688570857073918,1.0688266008964338,1.068891599874108,1.0689422345652846,1.0688966035039844,1.0688820529211986,1.0689022227254448,1.0688837089848358,1.0689680850309113,1.0690534069723254,1.0691346003936704,1.0691252634086883,1.0691094454757855,1.0691185035722073,1.0691539049800265,1.069125251687794,1.0691347084362754,1.0691764192670525,1.069218656011405,1.0692200398941107,1.0668019135586295,1.0668060331317761,1.0667925742274504,1.0667883740756716,1.0667839468915419,1.06678067020535,1.0667921515036871,1.0667904634004817,1.0667902976995172,1.0667656613917615,1.0667629438418633,1.0667632115372123,1.0667677069291308,1.0667711013869052,1.0667725091429983,1.0668267552863364,1.0668242778650532,1.0668249612100835,1.066824147528589,1.0668228613679889,1.0668265898772509,1.0666484221269878,1.0666411961140598,1.0666484092470119,1.0666454424297067,1.0667906997713785,1.0667832023576005,1.0667821996996716,1.0667819719206746,1.066775802455419,1.0667764619060012,1.0667770646021526,1.0667772564876101,1.066769302951737,1.0667695470424103,1.0667693187720872,1.0667704980913504,1.0667710783786797,1.0667701807944532,1.0667558142386948,1.0667999357753521
294,1.0313014421495206,1.0310879224006082,1.031412607442513,1.0303324165046595,1.03630920397384,1.0482930045857952,1.0464701346157796,1.045703453820184,1.0509410427141275,1.0553260201454624,1.0558961436082401,1.0574101535266998,1.0647967458182013,1.0681366812058672,1.0687543688681818,1.069764514815552,1.069639721211804,1.0731896131132574,1.073028710889278,1.0744854714235206,1.0743018654576373,1.0749921353169958,1.074068339695682,1.0722922638908747,1.072195076004303,1.068999006487096,1.0689990017181963,1.068999014962516,1.068999021013711,1.0689990182875584,1.0689990180105347,1.0689990212357823,1.0689990208284768,1.0689990316590012,1.0689990438109045,1.0689990590332743,1.0689990593365108,1.068999059611497,1.068999062595346,1.0689990688963207,1.0689990686262567,1.0689990721757054,1.0689990788861574,1.0689990026920237,1.0689990056412826,1.068998981879014,1.068998985187272,1.0689989829754114,1.0689989813268552,1.0689989788175904,1.0689989768692405,1.0689989874324934,1.0689989863141716,1.0689989866321492,1.0689989847325914,1.0689989830374553,1.0689989836431972,1.0689989877756099,1.0689989906695152,1.0689989921226202,1.0689990340794804,1.0689990325624168,1.0689990341932922,1.068999034322244,1.0689990328663852,1.0689990375040286,1.0689992429059623,1.0689992450042616,1.0689992437922105,1.0689992452700938,1.0689992601134208,1.068999267592572,1.0689992719649783,1.0689992724089252,1.0689992784465727,1.068999279757281,1.0689992824956926,1.0689992849679377,1.068999288498172,1.0689992916153301,1.0689992944425555,1.0689992977026295,1.068999300442605,1.0689993042733645,1.0689993107829119,1.0689993285491384
295,1.02011343392283,1.0200075047818158,1.0228691941658823,1.0218573017217394,1.0262642683273833,1.0586804516830783,1.0567706828649552,1.0558500541421771,1.0612153141532648,1.0649171494985101,1.0654342791724742,1.066633363674565,1.0709211012868642,1.0735382212158968,1.0739908613961524,1.074912462754084,1.0748388234065622,1.0776404384074973,1.0775039643080795,1.0781420695353936,1.07798390494439,1.0787829244757148,1.0779952955723788,1.0764792361635918,1.0763857231640253,1.074604993560122,1.074398730720072,1.0747930642841403,1.074927063550761,1.0748114570019451,1.0747691228009577,1.0748130863306804,1.0747683762545068,1.0750328660913442,1.0754099660372136,1.0758615675836647,1.075840166011453,1.075799297325353,1.0758245691940327,1.0759198344471186,1.0758783848886067,1.0759075782665966,1.076007920889846,1.072086153984604,1.0721816031353668,1.0728319512778715,1.072957864971755,1.0728654478142297,1.0727873839704967,1.0726773736272524,1.0725936242913483,1.0729902011908519,1.0729380891367253,1.0729380726391702,1.0728776109651146,1.0728044101151484,1.0728165495703308,1.072956705111522,1.0730457361556949,1.07308689020535,1.0744312588205593,1.0743568921599416,1.0743765975570587,1.0743523343073522,1.074310963606754,1.0744277303564345,1.0851185982895215,1.0851185921492925,1.085118602923041,1.085118596606255,1.085118603860893,1.0851186070659682,1.085118603170254,1.085118603598063,1.0851186019291255,1.0851185985152483,1.0851185933075607,1.0851185878009268,1.085118583259981,1.0851185783595907,1.0851185752913652,1.085118570438959,1.0851185653806996,1.0851185631933224,1.085118568519233,1.0851185987813086
296,1.0417838624750695,1.0367981720389847,1.0364983948569164,1.0521893756353997,1.0486977137643267,1.047331848827563,1.0455752557786988,1.045354845332969,1.0495934936474156,1.053325804885027,1.0533687595160617,1.0706074073438274,1.0704062265719108,1.070113657603497,1.0700585392064097,1.0699973268645386,1.0700069845919398,1.0679709681548935,1.0680027576730002,1.0675366813628346,1.067581123777675,1.067454018256742,1.0676858621176009,1.0681154169781681,1.0681282021769074,1.0681413549959091,1.068073216542954,1.06791453169884,1.067800708696104,1.0678902764301226,1.067954615297787,1.0679131002799442,1.0679462051710582,1.064435102694076,1.06421805383426,1.064036753603753,1.0640531774883157,1.0640815903610785,1.0640608755552117,1.0639066296582003,1.0639170183023166,1.0638970310618365,1.0638319499607638,1.0637301857246546,1.0635346394528198,1.06347594027925,1.0634491332806675,1.063463727155495,1.0593499280429157,1.0593832113124044,1.0593626168531085,1.0593402568468417,1.059354369639302,1.0593537348768558,1.0593669613067775,1.0593896167691872,1.0593851169289084,1.0587714414444125,1.0587417262135483,1.0587249379300372,1.05842428562047,1.0584482523784735,1.058441462113512,1.0584493922222131,1.058460287187265,1.058422525583327,1.0583496167641882,1.058360962730138,1.058268317676046,1.0582923077247466,1.0582504749606405,1.0581902608652054,1.0567843739025922,1.056786178430659,1.0567820199531177,1.0567828934712147,1.0567833453678805,1.056783977060365,1.056784389852604,1.0567847084406834,1.0567848803939814,1.0567868924822836,1.0567869054452763,1.0567864287142406,1.0568093615039138,1.0568075861787445
297,1.0443822973640517,1.0417378729150772,1.0411463119113296,1.0598755267747484,1.0570777823733317,1.0557785804094173,1.053927871296533,1.0536562477323288,1.0577777665679418,1.0602657705550866,1.06072396435035,1.0750590433586495,1.074530268723894,1.073538098137518,1.0733206988760395,1.0730924804849982,1.0731391487668374,1.0664662819075024,1.066544598835734,1.065372374692052,1.0654854854611473,1.0651667429261116,1.06575525385574,1.0668366687150772,1.0668688302298777,1.0668982441903128,1.066765559579974,1.066362847589722,1.0660648931421115,1.0662972373496862,1.0664482307256424,1.0663391585372337,1.0664249233526166,1.0585053141539593,1.0581457106493921,1.0578244680223714,1.0578417923047143,1.0578922378427784,1.0578474758440588,1.0579382777276567,1.0579594473888834,1.057915944032368,1.0577575424979717,1.057543124156964,1.0572455540000623,1.0571175778876973,1.0570472718901833,1.0570850934591611,1.0544934976660802,1.0545756901566756,1.0544459817672573,1.054306256663007,1.05434073623914,1.0543387425412145,1.0543719549626183,1.0544289454538789,1.054417296598682,1.0528138817133432,1.052749897551581,1.0527098307048317,1.0520490132533353,1.0521030821971518,1.0520868107100123,1.0521046656479687,1.052125641468768,1.0520407256293731,1.051875572738935,1.0519029389043888,1.0516707117191297,1.051726624370598,1.0516307139569259,1.0514877865520917,1.048372713750528,1.04837271293563,1.0483727105144252,1.0483727121258248,1.0483727143553518,1.0483727168797408,1.0483727180159483,1.0483727199009598,1.0483727207051419,1.0483727232257511,1.0483727253448187,1.0483727252444335,1.0483727286971203,1.0483727145237045
298,1.0446554200388862,1.0423050263164073,1.0417079483319225,1.0598776701525008,1.05737646404613,1.056167609780835,1.0544182246001124,1.0541552952566502,1.0579975222328168,1.0600992043400834,1.0606311263761679,1.073660256346226,1.0730973501321057,1.072033418755917,1.0717983379506473,1.0715537531967267,1.0716047950783185,1.0642824925290042,1.0643658579418973,1.063115883384787,1.0632362973295284,1.0628933880339035,1.0635218960411932,1.064676348307709,1.0647105917977229,1.0647421439896123,1.0645991106073103,1.0641491772846607,1.0638296488296526,1.0640795301441903,1.0642414296473304,1.0641242067376866,1.0642165538420687,1.0551402636598934,1.0547646613737336,1.0544293389445383,1.0544485952885354,1.0545014038633023,1.0544553874048566,1.054511273949892,1.0545332760991515,1.0544883770712978,1.0543256619938841,1.0541040780844215,1.0537687158362088,1.0536360096876267,1.053563220395395,1.0536023843254758,1.0511455949325084,1.0512294262241786,1.0511163735495592,1.0509834326106469,1.0510187575117018,1.0510167271612296,1.0510504457749754,1.0511083239903212,1.0510964694038565,1.0495932153555783,1.049529308167931,1.0494896750193745,1.048829531840411,1.0488835363779758,1.048867173298282,1.0488850034530282,1.048906091441624,1.0488212500168697,1.0486556422610291,1.0486829778734315,1.0484561421132255,1.048512123657976,1.0484154745236325,1.0482722632825652,1.045677408873251,1.0456742508911332,1.045655295283307,1.0456580440996743,1.0456612793968942,1.0456654176134812,1.0456642072853857,1.0456660437779068,1.0456652716542214,1.045671363352799,1.0456738699804773,1.0456700639188485,1.0457061325706882,1.0456657614146352
299,1.0451888111973078,1.0436559644790822,1.0431535395714242,1.0568063457740462,1.0553807240512643,1.0545763678449045,1.0533573320948373,1.0531605855154162,1.055713034936943,1.0565895123629636,1.0572494118945155,1.065565020168126,1.0649599755199834,1.0638425971326475,1.0635968664579152,1.0633438124722683,1.063398013007778,1.055805506317546,1.0558858291650888,1.0546584247414335,1.054774453286679,1.054419586999355,1.0550377906556818,1.0561760526704773,1.0562090021393433,1.056240920975002,1.0560895204316647,1.0555260058688165,1.0552009330944268,1.0554564905452883,1.0556190158678376,1.055498798059645,1.0555932051037373,1.0433038448841345,1.042915719892618,1.042574093391171,1.0426002406480441,1.0426547676287874,1.0426121653113611,1.0424529336041048,1.0424740691583172,1.0424326613760895,1.0422856430075798,1.0420796867720643,1.0415311225166126,1.0414016157861314,1.04133305424843,1.041369975181374,1.0398773647669461,1.0399428260081296,1.039939136320301,1.0399117673643454,1.0399398472549366,1.0399379532845507,1.0399634374057396,1.0400076429069427,1.0399980953690904,1.0395042282856641,1.0394544026252146,1.0394256295905329,1.0389203906539632,1.038960812541349,1.0389479350232387,1.0389612786717437,1.0389780818696657,1.0389143599219062,1.0387868421538813,1.0388115784951486,1.0386645031629853,1.0387058522414185,1.0386189602407945,1.0385127261110043,1.0377121497291295,1.0377043068217164,1.0376563118455924,1.0376627199194854,1.03767100770332,1.0376816336312216,1.0376778700257132,1.0376825931399531,1.0376802168289923,1.0377046524106905,1.0377118276750348,1.0377015530558613,1.0376749126658233,1.037556488710818
300,1.047005755174482,1.0466435491029393,1.0462309528616631,1.0647944693926146,1.066889176274699,1.0668835386467632,1.0669597662837815,1.0669707531002868,1.0669766765084319,1.0654939750783932,1.0680183455492862,1.0735339319759067,1.072784203284435,1.0714434508585484,1.071139564259578,1.0708702503655831,1.0709417646374695,1.0594939843972921,1.0595671719564352,1.058432482411707,1.0585391970538847,1.0581869331751628,1.0587653965541568,1.0598204907185274,1.0598505378117353,1.0598819791494758,1.0597273620961156,1.0589277456869046,1.0586005869546113,1.058860113061882,1.059048845528541,1.0589274833743816,1.0590240608555401,1.0403952471632076,1.040395231262542,1.0403952230748374,1.0403952278803155,1.0403952358764728,1.0403952395357108,1.040395242272309,1.040395248861083,1.0403952529717386,1.0403952510667163,1.040395239866702,1.0403952334986326,1.0403952301329065,1.0403952311981322,1.0403952380017154,1.040395213802132,1.0403952212579686,1.0403952274516788,1.0403951624386976,1.0403951664523334,1.0403951695699627,1.0403951745122568,1.0403951806168024,1.0403951835524736,1.0403951426767484,1.0403951424268665,1.0403951426344396,1.0403951096778483,1.0403951144510841,1.040395115792029,1.0403951188326268,1.0403951199982966,1.0403951169588006,1.0403951089219443,1.040395111832118,1.0403950994584303,1.0403951042503667,1.0403951012010917,1.040395093835826,1.0403950570067362,1.040395056230547,1.0403950589112296,1.0403950606554884,1.0403950629861778,1.0403950656975485,1.0403950664987862,1.0403950683575434,1.0403950689286243,1.0403950721674828,1.0403950742448993,1.0403950735862366,1.0403949391427536,1.0403949276592928
301,1.048412403380697,1.048299034581017,1.0480520966458506,1.0730844148462597,1.0809808677280448,1.0822044041934349,1.0843759732124147,1.0847433590150057,1.080780933076999,1.0760816058471467,1.0815607365436442,1.0844132812658183,1.083105468309518,1.0810065879137032,1.0805514833161523,1.0802071026627542,1.0803217766867426,1.0633135258907467,1.063376245430659,1.0624063593300326,1.0624979721144066,1.0621261531269837,1.062634616568731,1.0635533100295143,1.0635797555557882,1.0636103470981466,1.063461029695433,1.0620080223817296,1.0616872337511145,1.0619472282856877,1.0621579722027648,1.0620384779115188,1.0621367694710753,1.0502797922644826,1.0498917836882788,1.0495364412024635,1.0495726823179752,1.0496314671995421,1.049591376394489,1.049508299314933,1.049531114541849,1.04948596529149,1.049342453859168,1.0490963310511694,1.0491220503756844,1.0490203209307474,1.048931479810011,1.0489824656482918,1.049153246768845,1.0492326725265102,1.0494097936789546,1.0464194378229004,1.0464511338476556,1.0464514629910795,1.0464793249072202,1.0465254360774991,1.0465180749912277,1.045948765163824,1.0459044202048702,1.0458821451016667,1.0454039065616092,1.0454438185148112,1.045433516433765,1.0454466962517435,1.045467267801055,1.0454042373765797,1.0452802571460469,1.045292834622701,1.0451894292688,1.0452315125399887,1.0452503636896011,1.0451413868699215,1.045035465269913,1.0450249109425553,1.0450690979121684,1.0450888630570097,1.045109002993368,1.0451347969203741,1.0451303214431447,1.0451418169835662,1.0451386519101644,1.0451529741970271,1.0451665306615707,1.0451439586333453,1.04257069050079,1.0425516724465094
302,1.049172639966233,1.049133826602025,1.0487936817637846,1.071869679856689,1.0855487448738081,1.0874390132769018,1.090733095128966,1.0913010344277432,1.0853642345676537,1.0792721974589674,1.088295875264854,1.0890118636370782,1.087500289137337,1.085234339098581,1.0847567011866632,1.0844184554619472,1.0845433335503505,1.0685859007324883,1.0686251897120504,1.067957199286208,1.0680212842311292,1.067572679216437,1.0679546546045002,1.0685970390025932,1.068613699617171,1.0686403222338383,1.0685061743616313,1.0656440196544261,1.0653678464283016,1.0655959739154284,1.065779163066749,1.0656761002242303,1.065762619679556,1.0586033908190615,1.058059658653587,1.057554436918752,1.0576087858055763,1.0576921687799556,1.0576366501519852,1.0573641820662585,1.057392931033169,1.0573312778212693,1.0571415148393384,1.0567934782561468,1.0568183178388566,1.0566965354923026,1.0565700747248552,1.0566421894704867,1.0568833628583636,1.0569926299112906,1.0572979686411876,1.0510116372332705,1.0510493268875596,1.0510493729379595,1.051081682439337,1.0511353711221565,1.0511263208022503,1.0509292823001473,1.0508687935371757,1.050839674569963,1.0501801994151578,1.0502355466966633,1.0502206701242518,1.050238917744608,1.0502681419131639,1.0501806885474494,1.0500025539378384,1.0500157555947383,1.0498794871372918,1.0499389212923005,1.0498462339782995,1.0496788625877007,1.0496882966015666,1.0496721599888756,1.0498676238562987,1.0498986688587906,1.0499312095181694,1.04997277464979,1.049964511301681,1.0499830029253898,1.0499772253982096,1.05000297054386,1.0500277356402374,1.0499903598807736,1.042832914048041,1.0428143806456565
303,1.051151132633643,1.0510663591163178,1.050286420563868,1.0678311720618632,1.0901242362489985,1.091417372622403,1.093601653334489,1.0939789283602628,1.0902891924628662,1.0855820658181692,1.0964488009344917,1.0959745292681589,1.09462667360723,1.0929007048196688,1.0925309120659634,1.0923149544915238,1.0924198362923923,1.0791384741939396,1.0791755261084857,1.078583552775469,1.0786444113034106,1.0776289889524828,1.0779991272652714,1.0786177978680338,1.0786356395375472,1.0786762137842347,1.0785072024471059,1.0697027763127738,1.0694956557615458,1.0696700682873461,1.0697914686082224,1.0697150314527508,1.069781551770944,1.0675041753682395,1.066935097342608,1.0664109505646107,1.0664685916074461,1.0665547978629188,1.0664981606191986,1.066192503194247,1.0662159999134029,1.0661536912394498,1.0659706385144514,1.0656104775860926,1.0655932319175077,1.0654851300374866,1.0653535942919983,1.0654288692080642,1.0655973452204084,1.0657108446016674,1.065975334986434,1.0560555071675037,1.056061430193111,1.0560610034457125,1.0560658102604943,1.056073864951478,1.0560720299567974,1.0560750545479918,1.0560644620127109,1.0560592528072816,1.0559174823475885,1.055930452269979,1.0559270865550319,1.055931299410718,1.0559380998543584,1.0559177094975958,1.0558596932042354,1.0558241640373878,1.0557884754873657,1.0558045714573303,1.0547074544373771,1.0546175368783255,1.0546214955469357,1.054613113965903,1.054646860292357,1.0546625253149868,1.0546785772025369,1.0546989244125395,1.0546951402268083,1.0547041106678328,1.0547014853088437,1.0547131524455353,1.054725904189488,1.0547081425223999,1.0514141153273322,1.0511280673409522
304,1.0514063558959341,1.0512620289010144,1.0501469033827968,1.063291864248602,1.089878108003402,1.0907866136683064,1.0922858284187096,1.0925468322240646,1.090259960753126,1.086579148434446,1.0967712216435876,1.096510035826416,1.0957152950454023,1.0948933558273557,1.094703083014024,1.0946091011702261,1.0946680583403339,1.08586783213627,1.0858886575810824,1.0855180069219488,1.0855574686306002,1.084483516934121,1.0847310849462692,1.085121749989966,1.0851320364861983,1.085169689569008,1.0850211786198056,1.0751981926671657,1.0751264677881927,1.0751836526643248,1.0752424136041603,1.075216590239829,1.0752370546140662,1.0741319598860604,1.0738684131227432,1.0736192523551542,1.0736453745103989,1.0736844978529345,1.0736573163537146,1.073494380661619,1.073498847578623,1.0734685814240454,1.0733862073174167,1.0731977985827288,1.0732071181338463,1.0730487737050582,1.0729735559380198,1.0730156678129013,1.0731095200674325,1.0731716865387961,1.073349472229273,1.0672178414187112,1.067217350616051,1.0672162050260274,1.0672150321476404,1.0672138404765947,1.0672127133482179,1.0672384673762256,1.0672378335466575,1.0672373347377573,1.0671830451047672,1.0671893420503744,1.0671875979097738,1.067189544136359,1.0671925860762117,1.067182814817307,1.0671267527902415,1.067063597937649,1.0670407082951034,1.0670510491827234,1.06422748649437,1.0641122185263603,1.0641111594018713,1.0641004201772517,1.0640779196371732,1.0640969610732702,1.0641168371610867,1.0641419936350067,1.0641367565140933,1.0641478229824248,1.0641442700899422,1.064158425585534,1.0641743349464305,1.0641519191561126,1.0611711531855168,1.0607553490120913
305,1.0530342838460334,1.0527151386955325,1.0507569584538428,1.0555663918723728,1.0928930917154984,1.092727944568142,1.0924999819528882,1.0924431525414373,1.0930682507403984,1.091671032719395,1.095845679202272,1.0958442010250253,1.0958395946781947,1.0957491343150327,1.0957037996907557,1.0955790118059408,1.0956041488633388,1.0909875335393309,1.0910050087178598,1.0907367386169158,1.0907675608313325,1.0890946385878106,1.0892476146146601,1.0895006826092135,1.0895077934856194,1.0895562460808572,1.0893945575054598,1.07743672363055,1.0775296806712729,1.0774441889451238,1.0774321809572571,1.0774679723326428,1.077432555982224,1.0774666116900207,1.077599753359673,1.0777113259164783,1.0776963499238508,1.0776731735911014,1.0776852373086796,1.077714143411749,1.0776796031761846,1.07769190931508,1.077750915082078,1.0778109910708558,1.0778514771607102,1.0768640630748028,1.0768600548889078,1.0768605292392948,1.0768659071324602,1.0768644837799035,1.0769359582567126,1.0750817554092928,1.0750790777284938,1.0750777959802182,1.075073504468617,1.0750692629359588,1.0750685079868283,1.0750840185934705,1.075087332754897,1.0750887011651826,1.075073943174858,1.0750758474515796,1.0750760801889137,1.0750765707584808,1.0750773728084075,1.0750744903751055,1.0750045784115465,1.0749338874553755,1.074922877622998,1.074928082669892,1.0663801543009817,1.0663115127030578,1.0663066444077987,1.0663005316561358,1.0662299281069345,1.0662406940447728,1.066251968475233,1.0662663758201036,1.0662630641991704,1.0662693966320258,1.066267381979527,1.0662750366165663,1.0662843944349354,1.0662715164486047,1.0655120703944427,1.0652750740780825
306,1.0553488179868071,1.054638455733812,1.0509776741967713,1.050573899111039,1.093660222206314,1.093797872165615,1.0938710329421544,1.0937661867849204,1.0938021670916354,1.0930646149184287,1.0931775693275836,1.093160054153546,1.0959462287420854,1.0956505218090067,1.0955820958761548,1.095189171178773,1.0952200153669507,1.0929802931504877,1.0930079762138178,1.09267145597741,1.0927112775128272,1.090623653702839,1.0907333808629458,1.0909267636495295,1.0909316449475632,1.0909894285385586,1.0908174680808398,1.083592495768678,1.0835789969898393,1.0835873347774523,1.0836138320949114,1.0836087268808041,1.0836117377706593,1.0835772353847541,1.0835085916370637,1.0834558549272233,1.083458712960777,1.0834609171693752,1.0834570975270845,1.0834420632144983,1.0833940271290425,1.08338916123723,1.0833987226299904,1.0834274972137898,1.0834344174406987,1.0802883820956255,1.080261409690566,1.0802750777694503,1.080283773848207,1.0803048982098427,1.0803597774391398,1.0799723031866686,1.0799863761784294,1.0799855411949832,1.0799938335965447,1.0800135418936587,1.080009243487935,1.0799714330101515,1.0799470655450616,1.0799357261902962,1.0796459241087084,1.0796681979501543,1.0796634697972771,1.0796707428289918,1.0796829739361757,1.079647665450039,1.079488044369391,1.079473654487916,1.079418424392853,1.0794441655232565,1.0690225232878647,1.0690403222724287,1.069041754858162,1.0690438928143036,1.0690312077984003,1.069026823851664,1.0690229712375636,1.0690180402370235,1.069015808172057,1.0690136219630972,1.0690138921361316,1.0690143752926746,1.0690111458257014,1.0690149229479406,1.0689529669704012,1.0689613503874522
307,1.056392723544554,1.0553197691581948,1.0502385555449327,1.048167581148022,1.0862261161414877,1.087196247903387,1.0876136803852603,1.0874267608999046,1.0876151966650487,1.087674797397422,1.0874131035567138,1.0876447347849212,1.0950187188670601,1.09487958914007,1.0948477700648818,1.0944543601792336,1.0944731207601597,1.093520174529289,1.0935335570046443,1.0934156720075339,1.0934353160484838,1.0916759080054512,1.0916447218169925,1.0915628673109443,1.0915571757197235,1.0916060003335963,1.0914928463733486,1.0877317756152234,1.0877444300546508,1.0877301936330843,1.0877439876532873,1.0877493924418042,1.0877431781056377,1.0877697919797582,1.0877573306358213,1.0877493328600263,1.087748107544339,1.0877434496818097,1.0877440712071844,1.0877481008535894,1.0877000323849362,1.087700055692146,1.087726084661498,1.0878190586457812,1.087827620734521,1.0837738549159608,1.0837761749594899,1.08377259402444,1.0837622022545608,1.083757221636198,1.0837753403500465,1.083765490068833,1.0837667548525758,1.0837654993168377,1.0837622717531583,1.083764112008243,1.083762282087256,1.083756992052876,1.0837540076311454,1.0837529689832872,1.0837037760795722,1.083705625432364,1.0837050873756593,1.0837056282551112,1.083706679097785,1.0837036125732469,1.0835953025756735,1.0835815463762015,1.0835742849565833,1.0835779559169307,1.0777151426896092,1.0777524422311298,1.0777548749727297,1.0777587186656348,1.0777600994636598,1.0777513632049414,1.0777440916660879,1.0777347211285226,1.0777296814708006,1.0777255272489463,1.077725540479948,1.0777245810647498,1.0777182959593745,1.0777246559347433,1.0777571963228239,1.077810068507505
308,1.0556295485911764,1.0540340085825173,1.047314713817498,1.0441314411297276,1.070248916589061,1.0734354008388995,1.0750474629117532,1.0748890873294794,1.0737494536794738,1.0738161072636374,1.0736677732261621,1.0740618804634097,1.0906903972866195,1.0902493268922038,1.0901781315897954,1.0898478780380076,1.0898710938874245,1.0894700130215502,1.0894777293939957,1.0894571884036637,1.0894645216180063,1.0884273542465508,1.088375294433448,1.0882984575022716,1.0882914473265364,1.0882215246339697,1.088106265826442,1.087148849721469,1.08712096232105,1.0871431212058758,1.0871600008139668,1.0871503677588812,1.087158708621599,1.087099493454572,1.087004873396247,1.086925382804348,1.0869322065682263,1.0869400595632488,1.086933573810846,1.0869107473250146,1.0868939311285177,1.0868860031526528,1.086875422406967,1.0869664144518176,1.0869583534559062,1.0828526086532677,1.0828605589421316,1.082852718505681,1.0828417681027174,1.0828324957557018,1.0828305710420643,1.0828657863089248,1.0828625589010639,1.0828615602649623,1.0828517191619973,1.0828471904686905,1.0828467658712542,1.0828536939820983,1.0828585749080877,1.0828612765627903,1.08290123361479,1.082895775364256,1.0828964305060778,1.0828945711515512,1.0828917754562164,1.082900297677748,1.0827758334974549,1.082766085689267,1.082778299044183,1.0827734402514602,1.0815473113362852,1.081541523657353,1.0815397270770173,1.0815398278714805,1.081529776928801,1.081528807823362,1.0815288715422708,1.0815288417541027,1.0815221400369384,1.0815221426935417,1.0815213984767926,1.0815230549697947,1.0815230230549693,1.0815217434174313,1.0815127964194204,1.0814855069531695
309,1.0503429315576407,1.0488100032119445,1.0428842544800148,1.0400370498981373,1.0590971846421116,1.0639728507129504,1.065263365752675,1.065046079883,1.0647957196418696,1.0658971498233776,1.0660398846608765,1.066815525645912,1.0821321086536035,1.083246485229431,1.0834700308771292,1.0836860572140539,1.0836383469970372,1.0850763624483268,1.08501272593267,1.0858889724384448,1.0858163403331897,1.0856867840814715,1.0852667516420464,1.0844582418430273,1.0844156880104943,1.0835820680704944,1.0836996297513612,1.0838088147551943,1.0838619385070012,1.0838151251573207,1.083801227775019,1.083821583065625,1.0838030113245576,1.0839072488955226,1.0840327196172377,1.0841425967472411,1.0841331533388787,1.0841175136394516,1.0841270974707646,1.0841634736983268,1.0841431580763823,1.0841537900461224,1.0841974501662395,1.084625183572167,1.0846353792853227,1.0824845458094443,1.0825251395522042,1.0824953342970414,1.0824695124079604,1.0824331841068926,1.0824057215904987,1.0825399542690262,1.082523097947436,1.082522808728634,1.0824937196973614,1.0824697758417705,1.0824734117417618,1.0825186996371792,1.0825475258856694,1.0825609095944784,1.0828998337623936,1.0828747679905475,1.0828811123010462,1.082872876591309,1.082858888080536,1.0828983505312624,1.0830001016258741,1.0829778072538823,1.083032727650239,1.0830067087845179,1.0831483416804413,1.0832030545746578,1.0832086759624036,1.083213008131174,1.0832358418417842,1.083227046166985,1.0832183197757927,1.0832069645168603,1.0832041500515897,1.083199241722466,1.083200255557424,1.083196527465568,1.0831891232453914,1.083198555575811,1.0832509366002228,1.0834484128762614
310,1.0376950951082418,1.0370517528031,1.0352289774953667,1.0335910320915505,1.0431313493784005,1.0514000067218254,1.0505160127501274,1.0499609550101838,1.0536465382942166,1.0573541415864083,1.057862773258842,1.0592875000788737,1.069234051852553,1.072321051347823,1.072901330797485,1.0737662232501692,1.073642585641576,1.0770423242962157,1.0768931054193491,1.0786088354780101,1.0784404790670885,1.0789723954883983,1.0781015926533855,1.0764148824493294,1.0763260546495579,1.0739597922109123,1.0741961397790674,1.0744707256241979,1.0745424993681294,1.074480730120521,1.0744594071523565,1.0744859848082946,1.0744617962921932,1.0746090853320935,1.0748044589390815,1.0749763471938467,1.0749626362147253,1.074941858351215,1.0749555880894657,1.0750065395918593,1.074985343186928,1.075001185422181,1.0750569419887666,1.0756140703529011,1.0756307851093043,1.0748878032483546,1.0749246459689794,1.0748978727997864,1.0748783714486982,1.074847790470289,1.0748237526750914,1.0749536617309243,1.07493873559738,1.0749393707073458,1.0749128684275853,1.0748916861618143,1.0748959519027392,1.0749374024557325,1.0749638074235268,1.0749756823979066,1.0753337953016726,1.075310136651495,1.0753171196956621,1.0753094430104906,1.0752961045037421,1.0753332319602071,1.075739084160127,1.0757182698305412,1.0757724954575107,1.0757458416167505,1.075991445715402,1.0760642787901626,1.076072853672398,1.076078253602332,1.0761118086624666,1.0761020533598493,1.0760910926556355,1.0760770204881291,1.0760777563261712,1.0760717048152213,1.0760739552958287,1.0760683648077813,1.0760592024027331,1.0760726042567468,1.0761519251649678,1.0764715130098055
311,1.0385524471857104,1.0306371038962094,1.030656218068364,1.0380034378275038,1.0359174610323538,1.0351827053041656,1.034311110350884,1.034215699759728,1.0364462053702603,1.038737224401006,1.0386182447731707,1.0475067296442668,1.0476326962228018,1.047922984783329,1.047984383344459,1.048054795243186,1.0480393277612838,1.0478527646713793,1.0478529204792315,1.0478579280817752,1.047855840097378,1.047856555747004,1.0478518638449614,1.0478450212446742,1.047844398275937,1.0478475938979448,1.0478115005059818,1.047815217475228,1.0478213792572408,1.047818885232915,1.0478407516629893,1.047842781904978,1.047842326853867,1.0457205646072567,1.04563777966686,1.0455809235692148,1.0455980312349602,1.045606811703954,1.0456076253119695,1.0454991761400563,1.0455022028470635,1.0454985516983375,1.0455004201734246,1.0454721432112184,1.0451887726971072,1.0451735272130627,1.045176767537486,1.0451751707951333,1.035924417344653,1.0359244210211405,1.0359244257559432,1.0359244304367474,1.0359244333367732,1.035924437092872,1.0359244411103716,1.0359244451497087,1.035924449151341,1.0359244500365006,1.0359244535967498,1.0359244564149535,1.035924452390354,1.0359244561767071,1.0359244599434374,1.0359244636941491,1.035924463864928,1.0359244659967966,1.0359244674698898,1.0359244710277606,1.0359244672339414,1.0359244708135797,1.0359244703629567,1.0359244717606038,1.0359244392813487,1.0359244397189922,1.0359244418438407,1.0359244435151358,1.0359244462626331,1.0359244490002815,1.035924452122694,1.035924454934265,1.0359244571015398,1.0359244609912723,1.0359244636108462,1.0359244659339062,1.035924469930864,1.0359244662291618
312,1.039355719765491,1.0323434609045476,1.0322996969355371,1.038879347796332,1.0372128605931474,1.0366361737572463,1.0359135702306401,1.0358289069467104,1.0376024463161648,1.0389879721872102,1.038821757193212,1.0465431642097431,1.0461543506167712,1.0455531067828014,1.0454418608729739,1.045320300524086,1.0453441610438117,1.0436046891821815,1.0436439192855813,1.0430551439604763,1.0431094670670613,1.0429420144270207,1.0432339161918074,1.0437869733957035,1.043803064440142,1.0438187407136506,1.0437408080259751,1.0435194494150137,1.0433737179971068,1.0434887499613896,1.0435530345256927,1.0434985513508261,1.0435411218160755,1.040164303920688,1.0398130177024472,1.039506756729561,1.0395345538062848,1.0395829326395702,1.0395472195206978,1.039295955001833,1.0393134804791395,1.039278553769016,1.0391609599293776,1.0389843424502767,1.0382576096881322,1.0381543387580054,1.038104515933238,1.0381302427013694,1.0325493772837282,1.0325830712943667,1.0325811151728943,1.032516916069412,1.0325300928449472,1.032527467154858,1.0325397815769741,1.032562654654937,1.0325558482340278,1.0323924329884224,1.0323636484770626,1.0323448178805217,1.0320631151261854,1.0320850174092542,1.032076435683309,1.0320836438254737,1.0320900854884258,1.0320556684895246,1.0319830640026835,1.0319978382535269,1.0318971319692019,1.0319189411066882,1.0318621755978852,1.031805848786177,1.0314478768065265,1.0314399945422057,1.0314030438056063,1.0314060044282898,1.031411508558163,1.0314186432561887,1.0314147047849556,1.0314178823405697,1.0314155120885575,1.0314375620741258,1.0314428885589801,1.0314352202344124,1.0314083027387284,1.0313416575940426
313,1.0432196058664351,1.0400367687491237,1.0398017535450697,1.0500200579635506,1.0481151926781127,1.0473663713619057,1.0463119519555175,1.0461601100848423,1.0484810426388464,1.0496464082763308,1.0496841384796793,1.0584503192721009,1.0577308071277336,1.0565288841208433,1.0562881308798382,1.0560305403593941,1.0560833168078494,1.05094593865811,1.051023509430421,1.0498600414164818,1.0499699286346476,1.049639161570122,1.0502214016488234,1.0513083093740694,1.0513405331455916,1.051370565323798,1.0512330601139317,1.0507618868008044,1.0504629565488801,1.0506983003404278,1.0508324542438945,1.0507217189153233,1.0508087945241902,1.0422725724563116,1.0417527125301247,1.0412957279365274,1.0413317306775707,1.0414047987530364,1.0413483756544109,1.0410630806397052,1.0410905067974703,1.0410366821072778,1.0408464046626449,1.0405784296253087,1.039615121547967,1.0394497817123667,1.0393632381402944,1.0394092599188085,1.036879956260928,1.0369569237829717,1.03696841612205,1.0368842627060697,1.0369169633074187,1.0369140075029502,1.0369435541194558,1.0369955017479568,1.0369834293712756,1.0365696043421795,1.0365082776565073,1.0364725895463762,1.035855610002291,1.035904607987773,1.0358882755461305,1.0359044407974989,1.0359241373382266,1.035846883063281,1.035690253522276,1.0357223069729469,1.0355411950668683,1.0355910714810115,1.0354783918133912,1.0353497982499988,1.0345487150072925,1.034537268694756,1.0344714666496255,1.0344795557353588,1.0344907998261792,1.0345052431679758,1.0344994741770082,1.034505898731153,1.0345022937818482,1.0345368351994806,1.0345469624132981,1.0345324732710874,1.034431934021858,1.034270975967776
314,1.045270009856018,1.0440187712592204,1.0436003910580083,1.0545425272303592,1.0534940626181715,1.0528695626105136,1.0519089417442993,1.051750142133538,1.0537221478603036,1.054239503572424,1.0548545886348932,1.0612582293597008,1.0607059385868534,1.0597072628820046,1.0594901257817542,1.059265521286521,1.059313047657401,1.0526805087587339,1.052748232055053,1.0516967439412568,1.0517945519123018,1.0514827332548065,1.0520108159882469,1.0529868595738257,1.0530145793728152,1.053042355727034,1.0529062730541192,1.0523686952151674,1.0520839707824279,1.052307283070998,1.052448896948664,1.0523432935564954,1.0524255591095297,1.0408292617329704,1.0405124360994409,1.0402365483990592,1.0402576617165447,1.0403010364977188,1.0402669383551588,1.0400799103328429,1.0400959915274202,1.040063617032197,1.0399501071668888,1.0397891421203853,1.0391096479356743,1.039000298784344,1.0389450679784964,1.038974022201177,1.0379662252552557,1.03801279296534,1.0380371355677043,1.0379432363154433,1.0379645576205518,1.0379624210039955,1.0379812223394689,1.03801448514742,1.038006446148343,1.0378460658030444,1.0378065681894726,1.0377843734370245,1.0373840357941826,1.0374158137722806,1.0374049329590849,1.0374153978827134,1.0374287480981483,1.037378560776624,1.0372725949364274,1.037292615089984,1.0371820787544326,1.0372148255652989,1.0371354901013985,1.0370491093986656,1.0366946295172603,1.0366866071941272,1.0366683841877173,1.0366748360291849,1.036683782268091,1.0366952094993176,1.036690636062196,1.036695709062476,1.0366928451896589,1.0367275956587532,1.0367353154113934,1.036724002761184,1.0361675409252709,1.0359976557154575
315,1.0465332508347847,1.0461929113539574,1.0458222781255944,1.0591874680862903,1.0605277328727956,1.0604343685583904,1.060339425504708,1.0603208499189176,1.0606071299816413,1.0596481204784651,1.061574071341649,1.0661557425638708,1.0655689918752917,1.064527528489873,1.0642950683215189,1.0640776017981899,1.064130549630181,1.055772890462246,1.055829884558473,1.054913291613162,1.054997273158553,1.0547041855146497,1.0551691452339842,1.0560184699408577,1.0560415590263401,1.056066936845585,1.055934861411462,1.0552602908280342,1.0549917018696673,1.0552029279175552,1.0553517823264673,1.0552518304706955,1.0553297239425032,1.0416792559802384,1.041611488610351,1.041548152347015,1.041551260810175,1.0415597827443075,1.0415509800353326,1.0414587804792022,1.041461247340874,1.0414533463869307,1.0414285247365414,1.0413848610925052,1.0411224523146996,1.0410862112213979,1.0410678698941358,1.0410764516460198,1.0408125029040307,1.0408259348952453,1.0408698778792442,1.040421031551713,1.0404298849760707,1.0404284508182502,1.0404358200024948,1.0404492169563455,1.0404453056359204,1.0404875211742235,1.0404694921392352,1.0404597084644196,1.0402584614454073,1.0402754776910301,1.0402693504925655,1.0402749064428713,1.0402823581137532,1.040255518707505,1.040192436745725,1.04019975410779,1.0401430165186876,1.0401621009203943,1.0401215113638582,1.0400666298824397,1.0400053927628865,1.0399994010910676,1.04008266717765,1.0400899677851319,1.040099147600164,1.0401107778216325,1.0401068129020246,1.0401119616557732,1.0401094246915772,1.0401379993868742,1.0401452992815576,1.0401341969459486,1.0385132271595086,1.038330935935696
316,1.0479809981347779,1.0479271965547252,1.0476717958781006,1.067035036415537,1.0762253510316482,1.077665379214344,1.080171213349171,1.0806001276960657,1.0760945608063819,1.0712319113338549,1.0776237522354266,1.0794182415685685,1.0783136707247332,1.0765873274631699,1.076221657008776,1.075939101994461,1.0760311772907927,1.064086508256367,1.0641281538196423,1.0634261594332013,1.0634911841004289,1.0631759990546668,1.0635545471873726,1.0642144269738762,1.0642315560834197,1.0642548790005184,1.0641312471142086,1.0626981211522264,1.062440300926522,1.062648836827927,1.0628137459351124,1.062717418852635,1.062795709499603,1.0529519363119313,1.0526784869963794,1.0524194032666918,1.0524462351600226,1.0524879762178212,1.052458885145151,1.0522938784528642,1.052308409909571,1.0522760584701059,1.0521774849479608,1.051990240379136,1.0520258017299378,1.051951579142009,1.051881344256877,1.0519206250051407,1.0521061732125807,1.052165424449493,1.052358129705968,1.049103521125423,1.0491287287139532,1.0491282495615502,1.049149625625051,1.0491854439525479,1.0491788412273462,1.0491114671831874,1.0490702809865202,1.0490502728990696,1.048585277756466,1.0486250901047984,1.0486138326676808,1.0486269126827719,1.0486475726180395,1.0485847162150146,1.0484498242572409,1.048456619720963,1.0483543037612166,1.0483983232525202,1.0483363466453712,1.0482076969977077,1.048253327226468,1.0482403704144332,1.0485712345253162,1.0485971196126433,1.0486246831653607,1.048659805456309,1.0486523718165688,1.0486679714485658,1.0486628641457856,1.0486940920781616,1.0487153712874806,1.0486838308453323,1.042225958857726,1.0420329216536903
317,1.0490032453652578,1.0489609822527537,1.0484532278237506,1.067688213867372,1.0838970255712281,1.0859069828651198,1.0893511146880301,1.0899495684861356,1.0839117854502138,1.0778228723328158,1.0889919357592208,1.0892345314568541,1.088040130976434,1.0862909436381387,1.0859246741028772,1.0856631748452779,1.0857598352118556,1.0747181963699015,1.0747473374149583,1.0742273953773716,1.0742780861599233,1.0738751748778401,1.0741825821341864,1.0746792826598561,1.074691458583946,1.0747141005190135,1.0745986936899408,1.0718451267524622,1.0716219925811599,1.0718070909328294,1.0719475293660177,1.0718642296474241,1.0719344273630829,1.0668802489329432,1.0664383208215245,1.0660237794252656,1.0660682325165671,1.066135960389592,1.0660904256221273,1.0658442117679667,1.0658667629250211,1.0658163111066417,1.0656607819608177,1.065368414933169,1.0654081158853541,1.065301254648849,1.0651944795192423,1.0652548790717857,1.0654563762776654,1.0655474075275628,1.0657939740615565,1.0601940970435257,1.0602201636549786,1.0602195647285986,1.060241560543792,1.06027847146381,1.0602715030824639,1.0602209996733478,1.0601770042980223,1.0601559270936607,1.059660530131658,1.0597027479402032,1.059690665285505,1.0597045261106885,1.0597266575609752,1.0596599930540975,1.0595118117048141,1.0595036674004024,1.0593964656333108,1.0594434244868816,1.0591151320684518,1.0589572392445408,1.0589852871750058,1.0589699379388853,1.059458682516751,1.0594898655471212,1.0595230924092163,1.0595653669550298,1.0595562978071738,1.0595750443546896,1.059568793544683,1.0595992192193175,1.0596254724438097,1.0595871347686208,1.045588539227712,1.0455885041509683
318,1.0497512105308522,1.0496611182425473,1.0488003920125624,1.0649830371893143,1.08682881982566,1.088624776667016,1.091596345410769,1.0921124867932075,1.0871676519131592,1.0817233159740742,1.0960297295415944,1.0958274494314222,1.0949141284175,1.0936933642904976,1.093435462604687,1.0932593845289251,1.0933301690072754,1.0856126200817473,1.0856391146877358,1.0851932046205452,1.0852376121895055,1.084733280776901,1.0850004481376272,1.0854390932433078,1.0854507857583033,1.0854760276753797,1.085359049778124,1.08131369751202,1.0811506589738753,1.0812873150971012,1.0813822648917943,1.0813212505671572,1.0813733424500107,1.0791059857246945,1.0786970364074702,1.0783200503072297,1.0783601727820646,1.0784210627570345,1.0783802486706542,1.078168387148859,1.0781870422378321,1.0781418713917692,1.0780024502255523,1.0777382839265415,1.0777495170837925,1.0776313549580776,1.0775353330711608,1.0775895253027707,1.077722553725089,1.0778040241434186,1.0779957621159924,1.0728498328120826,1.072863623318159,1.0728626395838028,1.0728738908942337,1.0728931352102662,1.072888705120488,1.0728756302131512,1.072851297949749,1.0728397415185267,1.0725450679995348,1.072570880536339,1.0725631397678912,1.0725715484980447,1.072585071943642,1.0725443779551955,1.0724375218518927,1.0724097753392854,1.0723419713571862,1.0723722811190812,1.071359258475107,1.0712204170521287,1.0712292891728248,1.071216140182739,1.0714939769809795,1.0715184691033328,1.0715446426397228,1.0715778010070283,1.0715704410432496,1.0715850890931353,1.0715800657446908,1.0716023082063744,1.0716231508321874,1.0715929822536323,1.0648767743568375,1.0645790489922662
319,1.0505727263222293,1.0503753234381943,1.0489425934400534,1.059649284735292,1.089184743349217,1.0902390900298944,1.0918186453303653,1.0920923642024678,1.0899319071178852,1.0864605947905877,1.0980944458094481,1.0980698647668021,1.097853723728529,1.0978673895672675,1.097854166009851,1.09790796452992,1.097916704688497,1.0944605312600355,1.0944467572732537,1.094570899107621,1.0945601042494888,1.094114334565979,1.0940802397662142,1.0939680667703537,1.0939623290441243,1.093973896766156,1.0939376847162516,1.088640469315824,1.0887340827560772,1.0886485918462403,1.0886360296563493,1.0886723303956298,1.0886370589367091,1.0884777332711055,1.0886187314677322,1.0887360779521709,1.088722079269564,1.0887005816082929,1.0887121262710868,1.0887287807758734,1.0887126699712422,1.088725344297605,1.0887804233551888,1.0888353737286482,1.088882560537423,1.0888813070468848,1.0888923704316085,1.0888844215133284,1.088895419947001,1.088881546165789,1.0889416741699218,1.0864735902427165,1.0864506131065763,1.0864489166761477,1.0864283598508608,1.0863956926353493,1.0863992066840398,1.0864737891675762,1.086511044523958,1.0865284384274818,1.0868897600870977,1.0868611619775181,1.086867801804487,1.0868582285900936,1.0868421090912068,1.08688748351883,1.086942853301039,1.0868733659935967,1.0869325647166836,1.0869049083089517,1.0845539686945374,1.0845730154238007,1.084580954444905,1.0845822472336508,1.084560097005633,1.0845553401858443,1.0845518263543015,1.0845471431203053,1.0845460263661115,1.0845438777598062,1.0845434005597367,1.0845460357297747,1.0845424750627657,1.0845452870576218,1.082825194800532,1.0827833542191339
320,1.0516899048657478,1.0513154077614915,1.0490402648435164,1.0536532236304872,1.0945071153677974,1.0945991446512515,1.094495480629649,1.09446365187206,1.0952465879139293,1.0942505652077963,1.099726845170716,1.0998827142065506,1.0999825446347875,1.1004037313633677,1.1004657305670138,1.100562315297511,1.100552955871869,1.0992199837071515,1.0992016002727694,1.0994396808030078,1.099419640807527,1.0990191146520727,1.09891102132802,1.0986802515222063,1.0986721523549927,1.0986798897774468,1.0986828907759831,1.0940108042637784,1.0941876001265014,1.0940313772739552,1.0939831312696717,1.094051303940942,1.0939884521517342,1.094366519568428,1.0947125058572378,1.0950111836398064,1.094978329201278,1.0949280905662766,1.0949587213651228,1.0950630302799986,1.0950329244674728,1.095066746282168,1.0951899849886961,1.095372417879042,1.095427934504034,1.0953461554771,1.0953964218596643,1.095366468375642,1.09534364425973,1.0952966547743852,1.095299873032693,1.0945376506241586,1.0945101870516536,1.0945091708612666,1.0944848292939695,1.0944461012717013,1.0944514385986157,1.094531993332668,1.094577479363282,1.0945985528888058,1.0950648976896724,1.095026954304115,1.0950368829841992,1.0950242918590392,1.09500300590434,1.0950631104253303,1.095156663628435,1.095090913051009,1.0951728718067075,1.0951339211107247,1.0919492272248956,1.0920588206212845,1.0920733133054654,1.0920827384006635,1.0921038714095088,1.0920843629392358,1.0920654095804818,1.092041176350826,1.0920437995555903,1.0920330093575752,1.0920352372788789,1.0920271648554098,1.0920110552362088,1.092031368918437,1.09183647868857,1.092032979844494
321,1.0538660852942967,1.0531779460470627,1.0495765483882853,1.049712211969392,1.0999479711715612,1.099998156662826,1.0999487775759664,1.0998863054480597,1.100075774240843,1.0998294612568513,1.0999077941868542,1.09993363571355,1.1013273407654183,1.101273129020047,1.1012582809790674,1.1011292233131313,1.101137783454624,1.1002303254217394,1.1002381522798867,1.100136942547346,1.1001481451161343,1.0993664696230245,1.099390232022261,1.0994310627432806,1.0994314966695842,1.0994607946951307,1.0993821736827436,1.0963194280674333,1.0963340770314085,1.096318989406825,1.0963225365609923,1.0963279712666365,1.0963216285846702,1.0963343799016392,1.096344411219529,1.0963582249305632,1.0963546781105131,1.0963485420812276,1.0963508272724556,1.0963596601655359,1.0963370828974999,1.0963392602440645,1.0963584160212627,1.0963866522941275,1.0963987996727744,1.0951440193344875,1.0951417281932938,1.0951416330652668,1.095136755579095,1.0951363791153284,1.0951552087474516,1.094942811831327,1.094944486747665,1.094943508237288,1.094943190300951,1.0949455769739653,1.0949439985196214,1.0949387989736714,1.094935272054459,1.0949338931985255,1.0948860284348139,1.0948884198441262,1.0948875304342913,1.0948882629442303,1.0948896487298863,1.0948857576899158,1.0948227134371802,1.0948054793101383,1.0947991064679716,1.0948023843818104,1.090666760150551,1.0906988087759462,1.0907013380407438,1.0907046242527407,1.0906976106592938,1.0906902214655951,1.0906839754953328,1.0906760178106785,1.0906745042365946,1.0906709616556511,1.090671076472119,1.0906704852723588,1.0906652372246544,1.090670835254052,1.0906145698301366,1.0906570987630397
322,1.0552172631492496,1.0540428028287314,1.0486156406697658,1.04638998162854,1.0857534552677264,1.087238420793068,1.087634288504962,1.0874305206245516,1.0880178628979755,1.0885375822408998,1.0884428554770749,1.0888375522073017,1.0978133421368073,1.0980668404124194,1.0981067099141613,1.0980107713455494,1.098007138398767,1.0981502932889886,1.0981440625682182,1.0982986840122788,1.0982923926439798,1.0976773299459832,1.097557006243857,1.0973009759495949,1.0972911770181069,1.0973129445387753,1.0973565494619353,1.0961675264814306,1.096239798379738,1.0961765959595704,1.0961628095184355,1.096190799613624,1.096165953325767,1.0963411973729251,1.0964959475563736,1.0966318414429017,1.0966183828100051,1.0965964506819506,1.096610003010279,1.096661000027758,1.0966276571318156,1.0966430484919891,1.096706271584342,1.096878550365538,1.0969000347129254,1.095167024858421,1.0952121072175598,1.0951853179348445,1.0951571056796687,1.0951170235107484,1.0950949263241132,1.0953183903350543,1.0953014475547918,1.0953012412599716,1.0952845933918423,1.0952609371501816,1.0952646687557075,1.0953100599896584,1.0953387800481675,1.095352108589229,1.095669954515448,1.0956436892485915,1.0956509799281506,1.0956423341303885,1.0956276578944006,1.095669090423245,1.0957406846025501,1.0957138140503426,1.0957704020187653,1.0957432044502793,1.0937541706622689,1.0938813717884028,1.0938956811810483,1.0939066928760774,1.0939647839101025,1.0939434890106998,1.0939220196627308,1.0938945594671392,1.0938960899117072,1.0938838573132776,1.0938869940677753,1.0938775058426784,1.0938592808962058,1.0938832849545836,1.0940571999537099,1.0943319472420459
323,1.0537904997185727,1.0521670136245607,1.0455122955823357,1.0423546373123467,1.0685217149954318,1.0724346066060615,1.0738409308441668,1.0736451123163868,1.0731944045152892,1.0738462325709262,1.073905270788277,1.0745284732158826,1.0943575096834073,1.0943575164538901,1.0943575170066326,1.0943575134458772,1.0943575079063317,1.0943575323926784,1.0943575276124562,1.094357543444392,1.0943575388210283,1.0943575240690735,1.0943575129802892,1.0943574941789074,1.094357488887568,1.0943574686396265,1.0943574877174669,1.0943574818096362,1.0943574793671638,1.0943574736250852,1.0943574693258333,1.0943574656095525,1.094357460764888,1.0943574639666915,1.094357471341616,1.0943574738638648,1.0943574711621145,1.0943574668864586,1.0943574640134583,1.0943574622892223,1.0943574574765405,1.0943574542880803,1.0943574536660585,1.0943574747950762,1.0943574721752714,1.0943573558961357,1.0943573535639084,1.0943573467988572,1.0943573412147378,1.0943573343757544,1.0943573291645785,1.0943573392641635,1.094357334718443,1.094357329987903,1.0943573234509378,1.094357316824877,1.0943573119833006,1.0943573114074958,1.0943573086196097,1.094357306160752,1.094357333818497,1.094357327654753,1.0943573237182131,1.0943573186924542,1.0943573177839536,1.094357317937073,1.0943573299819,1.0943573240551052,1.0943573342774486,1.0943573283699226,1.0943573038106413,1.0943573079869628,1.094357304723173,1.0943573052421736,1.0943573049331943,1.0943573016206734,1.094357296644941,1.0943572913072361,1.0943572871317593,1.0943572825538501,1.094357279854364,1.0943572752583162,1.0943572704254494,1.0943572688381655,1.0943572799636663,1.0943573110792424
324,1.0357890679533017,1.0250708475154933,1.025070827800831,1.0250708632583567,1.02507085060465,1.0250708426878608,1.0250708403124793,1.0250708426166995,1.0250708624410656,1.0250708807506643,1.0250708853720123,1.0250709499400443,1.0250709612773896,1.0250709737474166,1.025070976938836,1.0250709859652547,1.025070994326757,1.025071011795493,1.0250710202081181,1.0250710279126058,1.025071036914669,1.025071046354056,1.0250710492865749,1.0250710481738874,1.02507105630668,1.025071064775936,1.0250710439118818,1.0250710504953002,1.0250710584903997,1.0250710655716708,1.0250710730128418,1.025071081032684,1.0250710883892815,1.025071077824868,1.0250710737683106,1.0250710775732055,1.0250710826415017,1.0250710896292976,1.0250710958016667,1.0250711002551185,1.0250711068220535,1.0250711135601347,1.0250711191205717,1.0250711176326979,1.0250710849522469,1.0250710880848224,1.0250710935120861,1.0250710990751168,1.025070991428466,1.0250709946557808,1.0250709992527558,1.025071004547905,1.025071007160692,1.02507101083514,1.0250710145053357,1.025071017947005,1.0250710219499195,1.0250710304153263,1.025071034187427,1.0250710371782847,1.0250710362721556,1.025071039726549,1.0250710436368462,1.025071047129216,1.025071047528295,1.0250710496808186,1.02507105237522,1.0250710557988714,1.0250710538803203,1.025071057274288,1.0250710592512802,1.025071060733982,1.025071067471901,1.0250710679313586,1.0250710707684836,1.0250710732314066,1.0250710765994837,1.0250710800401135,1.0250710838468788,1.0250710871793074,1.0250710897853497,1.025071071693297,1.0250710748960992,1.025071076805389,1.0250710761506259,1.0250710656503932
325,1.038292028086923,1.0303901754953875,1.0303865032500243,1.0332757407030035,1.0326342417325611,1.0324234311061218,1.0321384664332651,1.0321050593676402,1.0328384460973128,1.0331192683940127,1.032986523678867,1.036596966201666,1.0361326755321716,1.0353715386458153,1.035226175611093,1.035076350626229,1.0351106634647247,1.033789266010469,1.0338296689428692,1.033273349805674,1.0333284599623425,1.033181755541734,1.0334613734636757,1.0339907593208104,1.0340083514772036,1.0340227573652212,1.0339714732898748,1.033803647647966,1.0336642214310865,1.033775993433794,1.0338293578541813,1.0337783522521078,1.0338204982605803,1.031665049122518,1.0313672377599483,1.0311040369602003,1.031124671776345,1.0311682633737143,1.0311350166032294,1.0309280806894068,1.0309441201121352,1.030914231873238,1.0308056487668735,1.0306584853980074,1.029295489947794,1.0292093945576979,1.0291636291268937,1.0291874524622961,1.0274134534864658,1.027434677145184,1.0274325161093059,1.02738751688428,1.027395507385761,1.0273931404822891,1.027400698354756,1.0274153720775785,1.0274102311860296,1.0273351484436801,1.0273160716774146,1.0273028873764718,1.0271144466259394,1.0271292168143589,1.0271227563825147,1.027127598048288,1.0271310012166048,1.0271078595946557,1.0270562759894282,1.0270667960827697,1.0269928919854927,1.02700784499941,1.0269634964837333,1.0269238232329307,1.0267857683556008,1.0267785953404787,1.0267421759143687,1.0267443976555564,1.0267491194359073,1.0267552127855957,1.0267514620723586,1.0267541719519149,1.026751924642122,1.0266764596455082,1.0266821795104315,1.026673060886124,1.0265958376412063,1.0265122308801833
326,1.039726135599532,1.033480359943076,1.0334949133876503,1.0367205637694747,1.0361021443299314,1.0359039309559392,1.0356088305713254,1.0355710854526063,1.0363415839235262,1.0364297520812362,1.0362720054386594,1.0401844472849568,1.0395416630499281,1.0385173975721362,1.0383249144913655,1.0381353656074626,1.038181120366102,1.0364737722121122,1.0365235468773775,1.0358870715882806,1.0359517783173522,1.0357988856505282,1.0361153070850804,1.0367300879188193,1.0367525820402541,1.0367702276207722,1.036717633756389,1.0365579265621412,1.036394203043529,1.036526554794347,1.0365929990274143,1.0365341506640973,1.0365848323359579,1.03358383701212,1.033272971626352,1.0330072481361066,1.0330271534083613,1.0330727703753988,1.0330387189909016,1.0328140472952283,1.0328308571947666,1.0328025005470454,1.0326953073403986,1.0325609557743047,1.030100790213077,1.0300209499295359,1.0299801711538081,1.0300010723730972,1.0289803650972738,1.0290028422989408,1.0290061701315998,1.0289608292922567,1.0289699147996325,1.0289676770644736,1.0289758717020725,1.0289915149109785,1.0289863289777517,1.028916294737846,1.028896436844902,1.0288838077359075,1.028690074153003,1.0287049190804862,1.028698556951552,1.028703427484863,1.0287077873052777,1.0286844059376818,1.0286316493937637,1.0286419335693113,1.0285761453891171,1.0285909756920624,1.0285432306982485,1.028504006956992,1.0283733886779038,1.0283673795500723,1.0283256546614257,1.0283274337270591,1.028331603951823,1.028336990797909,1.028333493401893,1.0283358928379136,1.0283337950201663,1.028277125644125,1.0282823557673333,1.0282738588371252,1.0281510359111534,1.0280585226563794
327,1.0428995244679116,1.0399916886081277,1.0399982908109775,1.0436382108029985,1.043000996959765,1.042807122402148,1.0425000439875576,1.0424544989853628,1.043178836561278,1.0431522793831594,1.0430026244269344,1.0463712055031757,1.0457721166446465,1.0448350326164266,1.0446590882416922,1.0444870786944027,1.0445280953819593,1.042346656756858,1.0423903535897978,1.0418170940917255,1.0418730648258518,1.0417314049963986,1.0420123329144602,1.0425674090998702,1.0425870754625235,1.0426036133635153,1.0425461991503997,1.0423682995751453,1.0422154642256236,1.0423380550176211,1.0424054429665792,1.042349923162651,1.0423966650971677,1.038274370820411,1.0380629871719882,1.0378896183171207,1.0379013345804755,1.0379304584170566,1.0379079273510439,1.0377450920065312,1.0377554339198347,1.0377376953099584,1.0376709840711027,1.0375903295929048,1.035770892415332,1.0357083806840632,1.035678451155278,1.0356935015537294,1.0352761254509615,1.0352953803514449,1.0353095748519723,1.0352726018947997,1.0352822516774645,1.0352805302072619,1.035288880941692,1.035304344029667,1.0352997633709327,1.0352779129337393,1.035258316788247,1.0352471378832777,1.035050394483196,1.0350657795434077,1.0350597087048197,1.0350647549574814,1.0350707181309047,1.0350464006775264,1.0349904228129068,1.0350004934291575,1.0349449905798318,1.0349609599369594,1.0349129362802587,1.0348693055507878,1.0347919465755246,1.0347866736974793,1.0347425833035369,1.034745570746039,1.0347506811465328,1.0347571892792236,1.0347537951098114,1.0347566834617699,1.0347546005389232,1.0347915026372356,1.0347956487356662,1.0347890508486663,1.0343863603981307,1.034259911702767
328,1.0459297027114771,1.045766466946044,1.0455905374856476,1.050534977920456,1.0510695057156403,1.0510174070115452,1.0509507679515102,1.0509374559068823,1.0510933289460191,1.0507101189210422,1.051554997278438,1.0534308491278073,1.0531812040285984,1.0527598395747175,1.052670199853229,1.0525803831470053,1.052599158987683,1.049485077623728,1.0495046978052585,1.0491567300559632,1.0491857782364253,1.0490696455832225,1.0492411956422536,1.0495620909711227,1.049569793289396,1.049579687857955,1.0495204187291625,1.0492380422018488,1.0491304064609455,1.0492127173659407,1.0492705778408848,1.0492301773223336,1.0492599087920664,1.0441710113770684,1.0441376001622467,1.0441075435354845,1.0441067128842783,1.0441091044238802,1.0441039251616346,1.0440372123891395,1.0440371555171764,1.0440332567754183,1.0440230735904699,1.0440008466709665,1.0436392217045414,1.0436089217272646,1.0435967732788174,1.043601349313864,1.0434515479250908,1.0434571042790939,1.043489356211936,1.0430861261471003,1.0430911734972552,1.0430893449805707,1.043093233164229,1.0431011678817301,1.0430977167712496,1.0431386940045075,1.0431269957477234,1.0431205725843042,1.042991137227998,1.043001656417482,1.04299684393708,1.0430002459269945,1.043004461085997,1.0429878004137294,1.042940768859709,1.0429433771408547,1.0429058080977822,1.042917771866211,1.0428836455625157,1.0428460170596052,1.042830501483485,1.0428259483409301,1.043026779330864,1.0430316840894807,1.0430388985093648,1.0430480134629474,1.0430440088494046,1.0430480413899423,1.043045547066466,1.0430814383328657,1.0430869601202521,1.0430778653223518,1.0414049631954163,1.041219326921824
329,1.0467794891120705,1.0467567915369793,1.0465490092751646,1.0567868284144515,1.063152420980963,1.0641937131888732,1.0659458836309053,1.0662456828373605,1.0631713845199315,1.0599121886665641,1.0642842775924075,1.0652908421606997,1.0647161380984909,1.0638165807314097,1.063633613519991,1.0634907209270095,1.0635359909245932,1.0587717372737526,1.0587871812446836,1.0585041620780016,1.0585291892795772,1.0584257064951463,1.0585782847353917,1.0588431605620126,1.0588493718311007,1.058857959570278,1.0588099372762643,1.0584040075394572,1.0582912384345113,1.0583802177234405,1.0584539155846993,1.0584117202839494,1.0584448006367464,1.0531971799772128,1.0532489134052354,1.0532795340936074,1.0532748182253198,1.0532684419028333,1.0532699658887037,1.0532260460742984,1.0532223599810198,1.05322439105989,1.0532373030430113,1.053238068495533,1.053281018080481,1.0532981619822526,1.0532933855552131,1.0532945027740857,1.053344884634748,1.0533460973853301,1.053414715257513,1.0522418014073052,1.0522427264078436,1.052241453837983,1.0522418319770415,1.0522434165054508,1.0522416640892773,1.0523134647160497,1.0523092032526637,1.052306595492004,1.0522379492476324,1.0522448569358445,1.0522415007252583,1.0522436970211415,1.0522461742658433,1.0522353671799554,1.0522005837014263,1.0521934968364708,1.0521654030765344,1.0521747369845469,1.0521942116634186,1.052156835093355,1.0521877574365741,1.052182830577608,1.0530601938564375,1.053072834564036,1.0530879508688291,1.0531071033259918,1.0531012756144293,1.0531097599810908,1.0531059358829393,1.053137868445399,1.0531496927561723,1.0531313519191956,1.049550332052746,1.0493226778135414
330,1.0483920346299302,1.0483379833980615,1.047698184909518,1.063304644175559,1.0800923334513182,1.0821801759618146,1.0856969003585895,1.0863129123026902,1.0803114191346497,1.074437907801455,1.0864057108097973,1.0865314233844277,1.0858217238060526,1.0847957527807532,1.0845852843956334,1.0844426995738279,1.084497717829753,1.0785863638503494,1.0785937455979229,1.078410270377738,1.078428648115568,1.078264813929396,1.0783866709556977,1.078554701475232,1.0785574217639096,1.0785661281602887,1.0785184566680344,1.0772627461576765,1.077155709633611,1.0772429688705218,1.0773199178458817,1.0772803623680796,1.0773131260424877,1.074027240858363,1.0738988116281267,1.0737686377784892,1.073782362474008,1.0738033452210918,1.0737882034622308,1.0736783693435359,1.0736843270772818,1.073667802002222,1.0736207657182621,1.073516558058954,1.0735861997379712,1.073570510233032,1.0735307943862877,1.073552817097499,1.0736831556632527,1.0737160601991187,1.0738464131130376,1.0709363074021514,1.070941205784058,1.0709404725387626,1.0709444167279343,1.070951424435396,1.0709493793290001,1.0709811747757803,1.0709717432881793,1.0709668801044052,1.070838946624824,1.0708509696343878,1.0708469010155024,1.0708507853181213,1.070856417554687,1.0708375647078017,1.0707842491415487,1.0707667678854773,1.0707289838902982,1.0707441147861383,1.0705821558269781,1.070511525697376,1.0705420544545854,1.070534492010351,1.0716174199940427,1.0716372203603228,1.0716589694601635,1.071686514816061,1.0716798772476634,1.0716920609507568,1.0716875806478854,1.0717123834641251,1.0717295672891811,1.0717041603354682,1.0648520661649135,1.0647954713939913
331,1.0493507823399548,1.0492095577936489,1.0480351966132653,1.060775412301848,1.0854862758876658,1.0872835918548747,1.0901229911990749,1.0906193620438693,1.0861867969453893,1.0812185438356776,1.0976666416281753,1.0976310408747443,1.0974502914864455,1.097273845297018,1.0972331929153571,1.0972188679768269,1.0972308785019733,1.0954435584376014,1.0954444108248806,1.0953993958783579,1.095404092286053,1.095257017829315,1.0952926900954219,1.0953353780776227,1.0953356928137894,1.0953416207561892,1.0953148448882073,1.0937867347109795,1.0937785119853523,1.093783909865145,1.0937965755846912,1.0937937472088315,1.0937952050677389,1.0934125899510359,1.0933693232125246,1.0933266538532402,1.0933307864356692,1.0933370073962785,1.0933322061475568,1.0932996199489295,1.0933000014837382,1.0932945995493955,1.0932805805162902,1.0932433661005998,1.0932569083410804,1.0932447760489838,1.093230100768454,1.093238028659025,1.0932602896794936,1.093271692543098,1.0933147516535846,1.0920532014350446,1.0920509355048929,1.0920504181526567,1.0920482168575425,1.0920448452578284,1.0920448346872693,1.0920586493206081,1.0920619762290529,1.0920634483110183,1.0920796416894045,1.0920790518967736,1.0920789284443861,1.0920786725520188,1.0920781799151262,1.0920791711706344,1.092067470471107,1.092049690362044,1.0920478641816165,1.0920486309915065,1.0914741148946716,1.0914488825698592,1.0914514941549276,1.0914490824663488,1.0915017813906511,1.0915057790974454,1.091510144438651,1.091515596355538,1.0915142130705144,1.0915165956354211,1.0915157129360902,1.0915214426175868,1.0915247331747302,1.0915198321592867,1.0900121488603343,1.0899524418347482
332,1.050590389000061,1.0503604253169871,1.0487611090317197,1.058140341587182,1.08962564458027,1.0905544275482304,1.0918644595323357,1.092090125201284,1.09048536937251,1.0874521244049271,1.0983148762663795,1.0983376412996064,1.098280242120778,1.0985120092159872,1.0985412230639482,1.0986393889913406,1.0986374299867605,1.0962869889498812,1.0962656492031904,1.0965186236092166,1.0964963119482394,1.0961649522015644,1.0960609592139756,1.0958259098510563,1.0958169879155053,1.0958223607409079,1.0958224844061217,1.0911073500081065,1.0912535956997813,1.091123526606627,1.0910901779869102,1.091146708921689,1.0910942701508355,1.0912504052313208,1.0915201366869525,1.091753707181498,1.0917277912571424,1.0916882148214286,1.091712002035675,1.091780896809147,1.0917580001791598,1.0917845386604568,1.091884269534592,1.0920214171656721,1.0920773701813933,1.0921497820430697,1.0921884690301307,1.0921653086734087,1.092156510490829,1.092119749486394,1.0921475462634702,1.0904716579444462,1.0904409472002239,1.0904399150967092,1.0904130971644914,1.0903696411186976,1.0903758328655182,1.090469676057534,1.0905207144577909,1.090544273619187,1.0910614791325097,1.0910197955426368,1.0910307900696083,1.0910169440992792,1.0909936957540345,1.091059751020403,1.0911662298435671,1.091092508273458,1.091182694455712,1.0911403315361876,1.0888796720399825,1.0889577089679479,1.0889712905681617,1.0889779342927812,1.088968295037664,1.0889547866874592,1.088941238517615,1.088923814679024,1.088926225384974,1.0889184350670578,1.0889203790560342,1.088916384609193,1.08890459587844,1.0889199606128797,1.0879750453923693,1.0880876642391786
333,1.0516224237887943,1.0512157105128723,1.0487840574923981,1.052800175553714,1.095350141261472,1.0954495791883303,1.0952956489324357,1.0952530780044105,1.0961421492070564,1.0953233611252646,1.1003680404004992,1.10052579886996,1.100690683705621,1.1011447561621108,1.1012130092986863,1.1013280556634653,1.1013167348478334,1.1005456992608125,1.1005265005518285,1.1007950751593059,1.100773438264673,1.1005437604154784,1.1004219158747488,1.1001657557329125,1.1001574220610173,1.1001583065297433,1.1001935660436344,1.096673650322547,1.0968471130844013,1.0966951570960823,1.096646491767705,1.096713601997059,1.0966528218847378,1.0970747714738347,1.0974255389126941,1.0977273612639582,1.0976953063642776,1.097646315512188,1.0976769766176582,1.097782611568357,1.0977554813971593,1.0977896266526863,1.0979108026657913,1.0981027585373595,1.0981522490228046,1.098211430409149,1.0982651706797462,1.0982339321725596,1.0982124874517756,1.098164017667541,1.0981567949638547,1.0976849701529117,1.0976574334695908,1.0976570709212805,1.0976330501401454,1.097594283312353,1.0976004079261283,1.0976811532162236,1.0977272581824498,1.0977484065485519,1.0982280638801698,1.0981895249938427,1.0982001409597215,1.0981873936437658,1.0981656713845283,1.098226747519696,1.0983412249261908,1.0982833765811832,1.0983662161706067,1.0983262864086416,1.0960481327360387,1.096173288716476,1.0961901000349543,1.0962006852391846,1.096247578496175,1.0962265660812205,1.0962053348734013,1.0961781889221833,1.0961822085916633,1.09617012600835,1.0961732053852924,1.0961624784823787,1.0961444668451754,1.0961681573863995,1.0961619848874735,1.09640939085628
334,1.052917106247973,1.0522482260366675,1.0487019904186206,1.0492130536742956,1.1047486858215205,1.104748709814092,1.104748696736718,1.104748681641064,1.1047487057695549,1.1047486952457064,1.1047487269960503,1.1047487215877236,1.104748786340726,1.1047487902511262,1.1047487895357853,1.104748786242164,1.104748781340668,1.1047487737945987,1.104748768920535,1.1047487705973045,1.1047487656033734,1.1047487477054656,1.1047487431557221,1.1047487370061166,1.1047487317396438,1.1047487266413663,1.1047487429385052,1.1047486499300592,1.1047486472235517,1.104748636556971,1.1047486288893706,1.104748623320077,1.1047486147714496,1.1047486253091832,1.104748638525218,1.104748643623416,1.1047486389295096,1.10474863158237,1.104748627230731,1.1047486253714194,1.1047486182510606,1.1047486134494733,1.1047486131858166,1.1047486242364117,1.1047486201956411,1.1047485907489334,1.1047485872432552,1.10474858043945,1.1047485752340938,1.1047485684515272,1.1047485642017971,1.1047485604320424,1.1047485555892573,1.1047485501391885,1.1047485435349895,1.104748536517558,1.104748530865295,1.1047485292607555,1.1047485252729343,1.1047485220553224,1.104748542585161,1.1047485360650566,1.1047485311960148,1.1047485254868705,1.104748524867748,1.1047485237116208,1.1047485275344604,1.1047485199963198,1.1047485303244349,1.1047485240752857,1.1047483424505222,1.1047483475232105,1.104748341862649,1.1047483426456253,1.1047483413757975,1.104748335925071,1.1047483277040502,1.1047483189415093,1.104748312211609,1.1047483045698452,1.1047482999323806,1.104748292204413,1.104748284211399,1.1047482811867293,1.1047482979252032,1.1047483330882928
335,1.035760929104077,1.0257073819708014,1.0259348426393808,1.0250269622870403,1.0252939510150112,1.0253398649525267,1.0253658356163755,1.0253664652656678,1.025539429868197,1.0255601754430843,1.0256890180256621,1.025512232942723,1.025706607134785,1.0260188720763386,1.0260656626033358,1.0261691312929555,1.0261667580092957,1.0272097663978033,1.0272068380077095,1.0275971767989696,1.0275815210234243,1.0277617336196896,1.0275799247247606,1.0272325413665597,1.0272357987163094,1.0272341604799207,1.0273075638578228,1.0276519239081425,1.0277465345683334,1.02768669551023,1.0276783202934197,1.027722545306742,1.0277060386425807,1.0279758812964461,1.0281762299338673,1.0283822140237862,1.028374041738696,1.028355231764143,1.028384625719103,1.028432726379454,1.028428376735517,1.0284624413202124,1.0285599761483757,1.0287262050920172,1.0272536032779693,1.027376848406037,1.0274292067616344,1.0274111880034038,1.0277588955667503,1.027731682705854,1.027733212068041,1.0279647961102059,1.0279515316697578,1.0279607905849408,1.027952023511613,1.027929315987891,1.027944014581245,1.028056243021122,1.0280907089392886,1.0281100208711542,1.0284441385384453,1.028418768444842,1.0284351638431781,1.028427021057935,1.0284195302609116,1.0284600509132429,1.028570307475603,1.0285505655311438,1.0286422038204184,1.0286152293514963,1.0287483469825331,1.0288274734441685,1.0289066443902843,1.0289196590751317,1.0289947148671639,1.0289923499188083,1.0289806456507873,1.0289656580570266,1.0289781989956015,1.0289716011459462,1.0289791114488906,1.0281124699721398,1.0281124698861392,1.0281124711153087,1.02811248544254,1.0281124921955493
336,1.039768147874516,1.0337934027431206,1.033844460032491,1.0356084234839313,1.0354447935019757,1.0353893092555155,1.0352601283181133,1.0352424738344947,1.0356955064851145,1.035476390973363,1.03539094463974,1.0379433142833288,1.0374129124867373,1.0365971949294275,1.0364478212027546,1.036321782496951,1.036358981710103,1.0355564023212873,1.0355907872730674,1.0352807746082067,1.035319436020287,1.0352883974155696,1.0354401105452151,1.0357591532486505,1.035776608419371,1.0357875599053343,1.035787326575261,1.0358337214530193,1.0357474233188602,1.0358210238922678,1.0358642966760854,1.0358366850177465,1.035866956641896,1.0338863036791288,1.0337763981894308,1.0337008840783684,1.033705328011487,1.0337240326255779,1.0337129507601532,1.033581180964754,1.033588298621477,1.0335852561345593,1.0335605262782706,1.0335596947154941,1.029886712547843,1.0298867142344932,1.0298867159015073,1.029886717387163,1.029886702914639,1.0298867035924029,1.029886703889983,1.0298867133000795,1.0298867139399803,1.0298867153175186,1.029886716511406,1.0298867175122262,1.0298867190611234,1.0298867214039746,1.029886723293544,1.0298867243509566,1.0298867306595618,1.0298867314414881,1.0298867331627097,1.029886734378093,1.0298867338657889,1.0298867358197574,1.0298867393198654,1.0298867401922482,1.0298867384031953,1.029886738963804,1.029886742676259,1.0298867457811136,1.0298867452255267,1.0298867453650307,1.0298867474171345,1.0298867479003415,1.0298867487762866,1.0298867495240813,1.0298867511761076,1.0298867522466246,1.0298867533927372,1.0298867373014666,1.0298867382674288,1.029886739365017,1.0298867447394477,1.0298867438723134
337,1.0421814641827987,1.0387550442080549,1.0387891945868695,1.040729084334558,1.0405578349202007,1.0405108231218563,1.040389556298249,1.0403712827898672,1.0407728410254027,1.0405040524795437,1.040401513830364,1.0426870165098265,1.0421732773364532,1.0413878527662188,1.0412443610970383,1.0411218965507028,1.041157498171023,1.040219737923461,1.0402511631950104,1.039946663923315,1.0399822536306884,1.0399445334716662,1.040092922351045,1.040405812943727,1.0404215085071487,1.0404316966108351,1.040425535439365,1.0404529776805165,1.040368237681282,1.0404397271370307,1.0404817648242608,1.040453441707228,1.0404824982609366,1.0382771567742242,1.0382076052503089,1.0381647616281537,1.0381662836142334,1.0381778703824514,1.0381707766444372,1.0380726364582424,1.0380767907138713,1.0380762713624665,1.0380641888334554,1.0380756448400543,1.0360083698604436,1.0360243990199893,1.0360291203665497,1.0360271919576434,1.035969555339143,1.0359648458419002,1.035962032940948,1.0360741476590813,1.036071885539591,1.0360724291505572,1.0360712105381777,1.0360688607854787,1.0360699337628463,1.0360941707009832,1.0360975752466441,1.0360981021867846,1.0361432881625467,1.0361392730493149,1.0361408895531456,1.0361396008699555,1.0361364887090152,1.0361429840507137,1.036160065534829,1.0361564950324553,1.0361576770737844,1.036152812489827,1.0361827596975657,1.036197650021625,1.0361915353561895,1.0361922762218316,1.0361894393820483,1.036186920966135,1.0361838210364143,1.0361798654655763,1.0361810434422318,1.0361792950297664,1.0361800851631353,1.036167952581623,1.036165536692661,1.0361693413672866,1.0361923612881128,1.036207934928536
338,1.0456134749965562,1.045613435790597,1.0456134589857524,1.0456135432385136,1.0456135928756183,1.0456135924520482,1.04561360567011,1.0456136134627894,1.045613599520449,1.045613574555317,1.0456136189836867,1.0456136551369366,1.0456136576872346,1.0456136555879822,1.0456136564442677,1.0456136617858782,1.0456136691724922,1.0456136330769163,1.0456136380981453,1.0456136435729297,1.0456136489219592,1.045613656477328,1.0456136573283474,1.0456136560621072,1.0456136610236664,1.0456136660732949,1.0456136543854635,1.0456136624488817,1.0456136666014804,1.0456136714287871,1.045613676698353,1.0456136814579802,1.0456136861727825,1.045613578370269,1.045613586064922,1.0456135954359473,1.0456135959609505,1.0456135969410882,1.0456135996773366,1.045613602157362,1.0456136037454338,1.045613607120664,1.0456136126965532,1.0456136191572318,1.0456135876362997,1.0456135948420082,1.0456135990079658,1.0456135994386444,1.0456136037822958,1.0456136032410572,1.0456136041525497,1.0456136047502873,1.0456136049200209,1.0456136066686212,1.0456136075660258,1.0456136077982277,1.0456136099081512,1.045613618041593,1.0456136217683196,1.0456136238852622,1.0456136452399534,1.0456136454196965,1.045613648163366,1.0456136496280668,1.0456136483904899,1.0456136528914048,1.0456136612512847,1.0456136615595104,1.045613662306923,1.0456136621567436,1.0456136747506755,1.0456136821586077,1.0456136870495443,1.045613687501486,1.0456137464387847,1.0456137474784641,1.0456137495763909,1.0456137514542376,1.0456137547605315,1.045613757191454,1.045613759502001,1.0456137611800904,1.0456137632742983,1.045613766473867,1.0456137283871554,1.0456137328054158
339,1.046144073398923,1.0461279208208447,1.0458750111599313,1.0509542123662197,1.0563356271229272,1.057233289920195,1.058681161531057,1.0589293584495423,1.056483048221874,1.0540732043465637,1.0575374367811163,1.057557630313338,1.0573737495742346,1.0570832767547995,1.0570280315776446,1.0570147344668128,1.0570297486718114,1.0559708114657287,1.0559623895042016,1.056124454849942,1.0561122726381063,1.0562077158538756,1.0561328925705737,1.055990219221519,1.05598737687054,1.0559815360756026,1.056028328443564,1.0562296643213507,1.0562474866759732,1.0562328331324362,1.0562443091512892,1.056252514217125,1.0562476690672782,1.0549526419852076,1.0551730867490619,1.0553643525512686,1.0553455455796354,1.0553171677008983,1.0553365945705835,1.055382983963071,1.0553715373567638,1.055394486361815,1.055471989331309,1.0556015021105523,1.0556596456341096,1.055794516447426,1.0558365520947437,1.0558141134950805,1.0559022160975848,1.0558688579329285,1.0558723005081134,1.0556693796489225,1.0556518412042464,1.055653125247504,1.0556390077099984,1.0556147528258093,1.0556203905024575,1.055711553022014,1.0557412276234757,1.0557542948924785,1.0560793768678853,1.0560528392287687,1.0560612962594342,1.056052607441161,1.0560373098147804,1.0560794839127594,1.0561776984639537,1.0561522161163612,1.0562073344229892,1.056178551734122,1.056387222511961,1.0564659147271025,1.0565046092809545,1.0565104914690133,1.0578188957245926,1.0578146209989978,1.0578095409190376,1.057803054013333,1.057804904149262,1.0578020292472898,1.0578032765141079,1.0577956358432865,1.0577913248086899,1.0577977017618385,1.0573704217640274,1.0574555410190594
340,1.0470462482557845,1.0469955500882742,1.046391632438077,1.0565121651367146,1.0693037857781555,1.0711712874242476,1.0742431792099667,1.0747820979748433,1.0696498819210898,1.064836764537865,1.0734480781960478,1.073337916015095,1.073069396507695,1.0726454077953291,1.072563951624591,1.0725533046108577,1.0725759407030133,1.070902062597267,1.070885091010021,1.0711749127294188,1.0711529018891603,1.0713151194723574,1.0711850989953549,1.0709224978992264,1.0709160595770646,1.0709048018707656,1.0709857784705392,1.071312402161379,1.0713488143416783,1.0713185893720016,1.071333323641406,1.0713492722164975,1.0713386226107702,1.0697568004753062,1.070053176108753,1.0703109194104994,1.0702858681177374,1.0702481805486384,1.0702740145241416,1.0703328977513953,1.070317450620865,1.0703483193007994,1.0704531870419454,1.070632403499635,1.070711078412307,1.0709223952455864,1.0709794954627818,1.0709490013138847,1.071062488156833,1.0710174026151207,1.0710296224251963,1.070557275523131,1.0705307822725465,1.070532458696879,1.0705109840689175,1.07047441989047,1.0704825782408138,1.0706092716160154,1.0706541028124956,1.07067390262456,1.071166899942281,1.0711268026148189,1.0711392052975421,1.0711260678670145,1.0711028415608996,1.0711665485639041,1.071316693983664,1.0712772018582786,1.0713599560912541,1.071316592858683,1.071673220147381,1.0717908387600334,1.0718426291507244,1.0718512884959575,1.0749537829251625,1.0749537816072217,1.0749537796482,1.0749537775059026,1.0749537762084038,1.0749537744649362,1.0749537735541637,1.0749537713266049,1.07495376941849,1.0749537690940696,1.074953655928947,1.0749536788070089
341,1.0489297991988746,1.0487895330115613,1.0476105380906722,1.0598695413413282,1.0838053390633042,1.085760893332654,1.0888485621003503,1.0893906517403165,1.084558651573937,1.079402202544879,1.097357666458958,1.0973576545162647,1.0973576411222041,1.0973576247794594,1.0973576199037334,1.0973576141505972,1.0973576084748133,1.0973575331864935,1.0973575243493616,1.0973575209365531,1.0973575116614278,1.0973575022162243,1.0973574984832277,1.09735749595671,1.0973574874520566,1.0973574785171745,1.0973575025294984,1.0973574449680765,1.0973574368358847,1.0973574271150635,1.0973574192068956,1.0973574101833115,1.0973574009317184,1.097357368188258,1.0973573757087973,1.0973573726040657,1.0973573665100218,1.0973573570465631,1.0973573492431719,1.0973573408124662,1.0973573317192054,1.0973573229347307,1.0973573175210098,1.0973573224887998,1.0973573155729686,1.0973573207953236,1.0973573131832473,1.0973573048711274,1.0973573021844558,1.0973572948267198,1.0973572922122976,1.0973572053730252,1.0973571980253394,1.0973571890031089,1.0973571788070364,1.0973571681904695,1.097357158696069,1.0973571555510926,1.0973571477162356,1.097357141815805,1.0973571602235441,1.0973571504576938,1.0973571417768504,1.0973571325363511,1.0973571322417455,1.0973571281839933,1.097357127657758,1.0973571164959308,1.0973571312295538,1.097357121985701,1.0973570934296197,1.097357090785346,1.097357084084947,1.0973570842347633,1.0973571370349307,1.097357132524326,1.097357124970812,1.0973571173123151,1.097357109514614,1.0973571019533699,1.0973570965020416,1.09735708882178,1.0973570813857778,1.0973570760038152,1.09735693854733,1.0973569637929728
