Index,Iter_0,Iter_1,Iter_2,Iter_3,Iter_4,Iter_5,Iter_6,Iter_7,Iter_8,Iter_9,Iter_10,Iter_11,Iter_12,Iter_13,Iter_14,Iter_15,Iter_16,Iter_17,Iter_18,Iter_19,Iter_20,Iter_21,Iter_22,Iter_23,Iter_24,Iter_25,Iter_26,Iter_27,Iter_28,Iter_29,Iter_30,Iter_31,Iter_32,Iter_33,Iter_34,Iter_35,Iter_36,Iter_37,Iter_38,Iter_39,Iter_40,Iter_41,Iter_42,Iter_43,Iter_44,Iter_45,Iter_46,Iter_47,Iter_48,Iter_49,Iter_50,Iter_51,Iter_52,Iter_53,Iter_54,Iter_55,Iter_56,Iter_57,Iter_58,Iter_59,Iter_60,Iter_61,Iter_62,Iter_63,Iter_64,Iter_65,Iter_66,Iter_67,Iter_68,Iter_69,Iter_70,Iter_71,Iter_72,Iter_73,Iter_74,Iter_75,Iter_76,Iter_77,Iter_78,Iter_79,Iter_80,Iter_81,Iter_82,Iter_83,Iter_84,Iter_85,Iter_86,Iter_87,Iter_88,Iter_89,Iter_90,Iter_91,Iter_92,Iter_93,Iter_94,Iter_95,Iter_96,Iter_97,Iter_98,Iter_99,Iter_100
0,0.5739412202547498,0.4614830809690831,0.4614830873168682,0.4614830871634894,0.46148310487573685,0.46148310353892985,0.4614831096995572,0.46148311408439274,0.46148312008007,0.46148311910229534,0.4614831252223553,0.461483129113774,0.46148313409646974,0.46148313828118914,0.4614831428162253,0.46148314710037225,0.4614831514365646,0.46148315578437626,0.46148315901685444,0.4614831640016574,0.461483168480652,0.4614830984725432,0.4614830994283944,0.46148309995991177,0.4614830955999482,0.46148310021595745,0.4614831023860893,0.4614831056414223,0.461483113336639,0.46148311544099213,0.46148311769259187,0.46148311835871325,0.4614831199035378,0.4614831216510084,0.4614831239596853,0.4614831250156553,0.4614831289524347,0.4614831314042166,0.4614831326985124,0.4614831340239065,0.4614831350531467,0.4614831373293802,0.46148306707472525,0.46148306732413175,0.46148306849467235,0.46148307049366305,0.46148307131703914,0.4614830724269486,0.46148307235155,0.4614830732740651,0.4614830780673224,0.46148307812891126,0.4614830784450209,0.4614830795019694,0.46148307985135756,0.46148308067498534,0.4614830809436382,0.46148308128628296,0.4614830815129074,0.46148308214516887,0.46148308425083984,0.4614830842189498,0.4614830845256721,0.46148308541764,0.46148308664067084,0.4614830892055313,0.46148308863627674,0.46148308965868806,0.46148309121890857,0.4614830920919253,0.4614830933220208,0.4614830935105591,0.461483090650511,0.46148309063252113,0.46148309089800893,0.46148309181732644,0.4614830923669496,0.46148309283246214,0.461483093481983,0.4614830944784774,0.4614830945470692,0.4614830946276124,0.46148309503363505,0.4614830942677984,0.461483094566742,0.46148309519232106,0.46148310372396967,0.4614831045414009,0.46148310553968563,0.4614831062223593,0.46148310698025213,0.46148310682985166,0.4614831076637443,0.4614831069938102,0.4614831070838584,0.46148310709956514,0.46148310732969766,0.46148310765812617,0.46148310710626483,0.4614831124695823,0.46148311328621333
1,0.5732645730156898,0.48026956399469956,0.4802436456454906,0.48028415401512575,0.48234332831287524,0.4827658752494533,0.4830546067379498,0.4829615324858422,0.4831415341811182,0.48453418694130546,0.4847565137210333,0.484680875885593,0.4847483878086575,0.4846832979536335,0.48467404770458794,0.48461680087824116,0.4845861980925741,0.4848303875089509,0.48469626795995857,0.4847246329709754,0.4847216392322534,0.4851249304022268,0.4850453801532838,0.4849376212626024,0.4854157244488277,0.48568369522520616,0.48571021084338767,0.4858502879212199,0.4868207236231691,0.4868236580142991,0.4870993885124525,0.48698346070994875,0.48694627262883794,0.48694139984450335,0.4869620699863234,0.4868836584408534,0.4870580663495628,0.48708984688854484,0.48703907575299044,0.4869971168993874,0.4869347833649281,0.4869606608160092,0.4870324019645859,0.4870100586602521,0.48704833681675447,0.4871340002965829,0.4871541123800707,0.48718151921676645,0.487138703373823,0.4871545430052717,0.4874389970576514,0.4874009934663839,0.48738571266077446,0.4874056645088619,0.4873873123173425,0.48739339750713473,0.4873711371797607,0.48736220587680273,0.48733982202456766,0.4873443651916551,0.4874190230139419,0.4873901033146625,0.4873823384414207,0.4873933435211103,0.4874198843417909,0.4875159235329946,0.4874577003243683,0.4874724250777489,0.48751465205518507,0.48752184642152524,0.4875453737644029,0.4875233015796585,0.4874503466753638,0.48742203495131337,0.4874053536843564,0.4874245049235684,0.487423129961162,0.4874204940626662,0.48742070776861585,0.4874351113131004,0.4874124675722002,0.48739218439239557,0.4873837270231798,0.48733370020326905,0.4873221739963557,0.48732235698710047,0.4877738198081039,0.4877775015450921,0.48778825975811807,0.48778730625756633,0.487788089425376,0.48776696927488433,0.48777131501237897,0.4877232215809193,0.48770262891282634,0.4876817472251509,0.4876678603121794,0.48765752332800594,0.4876296386185204,0.48779372643330327,0.4877965706673626
2,0.5722477450008001,0.5110657215486101,0.5107939031604943,0.5098815252898484,0.509408063088363,0.5093243246063006,0.5094046497133048,0.5094009670232951,0.5093843060553268,0.5090594923271753,0.5091300071792549,0.5091188687747172,0.5091475848476728,0.5091423558347388,0.5091469919464698,0.5091420845725171,0.5091412698990271,0.5091946366387842,0.509184702776238,0.509199776755314,0.5092049335478981,0.5063944531319189,0.5063706948774692,0.5063414248188831,0.5059917782665825,0.5061335334025918,0.506148268569028,0.5062047890563912,0.5063720667136998,0.5063783179526798,0.5055484558070028,0.5054879235082178,0.5054729137208986,0.5054707132372742,0.5054875977430691,0.5054477253102413,0.5055405055485134,0.5055617700499494,0.505537553510321,0.5055183521722341,0.5054869151228429,0.5055056154818215,0.5050613764218407,0.5050561051514999,0.5050735681870009,0.5051057671785499,0.5051115174510924,0.5051231796519334,0.5051112009444957,0.5051188063985901,0.5051471158878128,0.505139227991445,0.5051291676378845,0.5051374422575096,0.5051341431311005,0.50513777262783,0.505133705811704,0.5051231742248237,0.5051163344886251,0.5051192319624682,0.5051425418301743,0.5051297851362779,0.5051244025586212,0.5051300487540746,0.505138466757493,0.5051674386486413,0.5051505057749862,0.5051569398716604,0.505168473608064,0.5051730648269807,0.5051799576270198,0.5051736046225909,0.5047863270276117,0.5047735282590092,0.5047671252897356,0.5047754382105122,0.5047758618014213,0.504776528116145,0.504776511902439,0.504783895294296,0.5047736175538825,0.5047644936002758,0.5047620486292619,0.5047403460797912,0.5047358783174006,0.5047359761335773,0.504887973827296,0.5048899936377378,0.5048945038753269,0.5048941755658238,0.5048957366399289,0.5048857500607254,0.5048878807376305,0.5048700580594003,0.5048612763520389,0.5048526202170274,0.5048479389611167,0.504843494361215,0.5048313395564997,0.5047250189723641,0.504727026600719
3,0.5745675421639375,0.5470194939609494,0.5468210933777993,0.5461590638637713,0.545946079028468,0.5459301459679732,0.546008110188558,0.5459965912796163,0.5460017790414903,0.5458737652751926,0.5459397493824304,0.5459253945189189,0.5459500575729475,0.5459406296628718,0.5459429166374481,0.5459345527195613,0.545931250976867,0.5459888259138898,0.5459703000533213,0.5459825131259557,0.5459854918968059,0.5445618922761126,0.5445412479169817,0.5445152627067655,0.5442800133230024,0.5443963887872247,0.5444076389505256,0.5444546797878986,0.5446240334359471,0.5446278701201095,0.5440443498888736,0.5439937855271086,0.5439802778549561,0.5439763907757631,0.5439893355433786,0.5439555425164863,0.544032439099673,0.5440492237143799,0.544028535831549,0.5440118273829886,0.5439851925816798,0.5439998183253562,0.5439358500111281,0.5439294838877516,0.5439459586324003,0.5439779921003426,0.5439842713934416,0.5439953354765589,0.5439820590865804,0.5439890195071774,0.5440101529199188,0.5439999247121167,0.5439914348370699,0.5439995524671534,0.5439949093439778,0.5439980978486989,0.5439923925012494,0.5439825950368119,0.5439751011728929,0.5439775458381704,0.5440028171186666,0.5439833754726516,0.5439787489193707,0.5439839693592544,0.5439932786288879,0.54402522597571,0.5440062615577,0.544012474355284,0.5440258976664081,0.5440298568128629,0.5440375283118175,0.5440304087630178,0.5438045525276565,0.5437929292565203,0.5437868672103169,0.5437943714123608,0.5437945192375531,0.5437966264038848,0.5437966299583167,0.5438031504960652,0.5437938203797252,0.5437855151753249,0.543782984230639,0.5437631246737957,0.543758888826757,0.543758974370792,0.5438979363602584,0.5438996747200037,0.5439038203447201,0.543903499581114,0.5439046232826544,0.5438957050863219,0.54389758213788,0.5438804429798065,0.5438723952509448,0.5438644020689524,0.5438597883316535,0.5438557196870576,0.5438446275322943,0.5435698792129323,0.5435716638912842
4,0.5737114338841376,0.5592061634345001,0.5590366161469874,0.5584560316940187,0.5577713729887691,0.5576369369003589,0.5576384784146057,0.5576479970059435,0.5576102102511349,0.557207606066332,0.5572296663819332,0.5572295891343103,0.5572402811887543,0.557242744380208,0.5572459511685159,0.5572482803404958,0.5572501576289446,0.5572566432158114,0.5572622472790484,0.5572685373253826,0.5572717836263857,0.555891778159715,0.5558915935505484,0.5558931994440307,0.5557545653015343,0.5558136471856637,0.5558198428913094,0.5558390692308962,0.5557095803883381,0.5557124252218812,0.5550405929210026,0.5550129667265601,0.5550065454778363,0.555001649796315,0.5550100097808137,0.5549917608290968,0.5550305831539628,0.5550409493490014,0.5550300447856784,0.5550212879351328,0.5550069136789929,0.5550160923573765,0.5549375264499158,0.5549353529485637,0.5549445375742313,0.554959770871897,0.554961208021888,0.5549668296327516,0.5549615866431501,0.5549653396886437,0.5548683550094988,0.5548641349436978,0.5548586189248594,0.5548635208925555,0.5548617214959576,0.5548638725032149,0.5548616013943295,0.554852169138382,0.5548483289191846,0.5548495801486909,0.5548627374076192,0.55484548545664,0.5548404646873117,0.5548438418402107,0.5548489565401266,0.5548650070915541,0.5548553114955123,0.5548591268061888,0.5548650131754725,0.5548677919812548,0.5548717629834679,0.5548681236762311,0.5546854415739925,0.5546788996742389,0.5546758540597723,0.5546797617784236,0.5546801857850765,0.5546807876418255,0.5546807045646645,0.5546847504516483,0.5546795315081334,0.5546749371342097,0.5546739621458355,0.5546638024087092,0.5546616951106502,0.5546617466718586,0.5546596655263585,0.5546607534785197,0.5546629770537848,0.5546628131271437,0.5546638198771465,0.5546580465947775,0.5546592047444211,0.554650393207282,0.5546460700329948,0.5546418036050618,0.5546397350918917,0.554637551694632,0.5546315900527008,0.55415201033184,0.5541533550215311
5,0.5776000076653175,0.5775999595844626,0.5775999475377903,0.5775999484810155,0.5775999461088861,0.5775999573509552,0.5775999522325695,0.5775999457378654,0.577599939420297,0.5775999808944952,0.5775999781115011,0.5775999747340554,0.5775999717044504,0.5775999681322017,0.5775999648548982,0.5775999612648794,0.5775999578199688,0.577599957117993,0.5775999536148871,0.5775999503339407,0.5775999470987468,0.5775999482622683,0.5775999452393239,0.5775999421404907,0.5776000483745919,0.5776000507077839,0.5776000512304545,0.5776000525108805,0.5776000547911431,0.5776000552545903,0.5776000479957207,0.5776000472621609,0.577600047171442,0.5776000472103056,0.5776000476222927,0.5776000471164254,0.5776000487875954,0.5776000493213419,0.5776000490597611,0.5776000488522142,0.577600048423232,0.5776000489007416,0.5776000506444438,0.5776000506637127,0.5776000512637647,0.5776000523651372,0.5776000527859687,0.5776000533347286,0.5776000531597951,0.5776000535934008,0.5776000506204064,0.577600050355309,0.5776000502092257,0.5776000507006438,0.57760005064966,0.5776000509451238,0.5776000508340896,0.5776000504520543,0.5776000502684251,0.5776000505003475,0.5776000518122918,0.5776000511712791,0.5776000511747961,0.5776000515590775,0.5776000521706692,0.5776000539228138,0.5776000531310549,0.5776000536058608,0.5776000545607184,0.5776000549308701,0.5776000555323557,0.5776000553328297,0.5776000520566181,0.5776000516766087,0.5776000515459373,0.5776000519769733,0.5776000521113857,0.5776000524801923,0.5776000526257388,0.577600053082765,0.5776000527759053,0.5776000525024457,0.5776000525168039,0.577600051621969,0.5776000515345223,0.5776000516624895,0.5776000595421839,0.5776000598469394,0.5776000602785127,0.5776000604695491,0.577600060754686,0.5776000604273023,0.5776000607426962,0.5776000599567955,0.5776000596918693,0.5776000594081198,0.5776000593262276,0.5776000592627737,0.5776000586907313,0.577600027539186,0.5776000275526757
6,0.5620130722291895,0.5727363386558061,0.5739183898689724,0.5775175920373911,0.5862602406286271,0.5889337467307607,0.5896082564681884,0.5894488650623365,0.5897361953228938,0.6026298015998052,0.6029654016794773,0.6028901570028208,0.6030027605170588,0.6029402541533554,0.6029629874485335,0.602909932217362,0.602883628012775,0.6031767740890764,0.6030368735862439,0.6030858279454896,0.6030939217436925,0.6031409746491855,0.6030793776112724,0.6029935919300218,0.6282075303046515,0.6283221641647386,0.628334779677221,0.6283887606462562,0.6278349846996654,0.6278373813136809,0.6272171825524716,0.627182600063587,0.6271731460151996,0.6271580095328078,0.6271669495702725,0.6271433951483095,0.6271779020741765,0.627189537813726,0.6271751665337972,0.6271619737817683,0.627143279786826,0.6271533722657834,0.6273057546008887,0.6273001068523145,0.6273146016669365,0.6273422507378935,0.6273480920708473,0.6273575445474806,0.6273458877746851,0.6273518002223564,0.626706303940025,0.6266836526953563,0.6266688380340913,0.6266861259028897,0.6266753091091734,0.6266816890691213,0.6266681688539726,0.6266312774377997,0.6266151842224861,0.6266192545585586,0.6266734944616905,0.6266413599871246,0.626631945213002,0.6266426766242391,0.6266623515527288,0.6267300734064182,0.6266892982946539,0.6267021844079456,0.6267338403327307,0.6267416904889673,0.6267580834493266,0.6267428971074381,0.6267275437736163,0.6267090016783263,0.6267001391308534,0.6267108360070337,0.6267117893115378,0.6267092099270255,0.6267090785466652,0.6267202937408544,0.6267057523417663,0.6266929324756441,0.6266899478956498,0.6266604403872605,0.6266543951339958,0.6266545331227238,0.6266840064577515,0.6266870736844444,0.6266935733406216,0.626693060132887,0.626695710369493,0.6266805551593988,0.6266839143633997,0.6266567541289119,0.6266441251935262,0.6266315404237042,0.6266252472846391,0.6266188634179305,0.6266014994060037,0.6252016385040665,0.6252062017335898
7,0.562010752544528,0.5743312697962317,0.5764567098029528,0.5819875461549,0.5957615558886539,0.6011411892889187,0.602252493381968,0.601967788584714,0.602467854192698,0.6272617462677684,0.627785313615555,0.627652229286167,0.6278232956189858,0.627708965592729,0.6277450711300512,0.6276479859829495,0.6276006673803406,0.6281199439531319,0.6278799032673199,0.627949826037959,0.6279558005106569,0.6289255536732807,0.6288071202054961,0.6286417347237448,0.6764317961013618,0.6765929227236174,0.6766038182280195,0.6766770719213384,0.6771635391769366,0.6771639854652127,0.6771001281392082,0.6770540873259739,0.6770385784840093,0.6770274084803117,0.6770355797621311,0.6770036868601966,0.6770762047340279,0.6770873777796133,0.6770674019043313,0.6770494929848601,0.6770244261898064,0.6770339548331711,0.6771813209496935,0.6771715510613706,0.6771833840046899,0.6772180771548737,0.6772360478755443,0.6772467804367878,0.6772293307808631,0.6772354131080325,0.6769866657595587,0.6769621076725022,0.6769500702235844,0.6769641317515912,0.6769523291313503,0.6769569447662733,0.6769424971313536,0.6769116594219643,0.6768961838605729,0.6769021751584227,0.676953561795759,0.6769272468364798,0.6769380945825815,0.6769463729262187,0.6769649626581118,0.6770333171848021,0.6769945544969429,0.6770050189101555,0.6770463148705486,0.6770515136261036,0.6770667585604623,0.6770524453537807,0.6770718378004745,0.6770545590057402,0.6770447719824433,0.6770556535208182,0.677055011655511,0.6770807732632081,0.6770811958200577,0.6770900120081168,0.6770760862558719,0.6770634929264114,0.677058865563318,0.6770243291490667,0.6770174311447432,0.6770175478902342,0.6778648817883287,0.6778675680348346,0.6778745526238266,0.6778739998888273,0.6778752866633884,0.6778658516277238,0.6778687859477175,0.6778389660679659,0.6778253545899959,0.6778118130995248,0.677803501044171,0.6777965840141886,0.6777777157089853,0.6771258395778298,0.6771288102287296
8,0.5654852540497802,0.5776777552358805,0.5797071020241392,0.5847594689035497,0.5995009461661767,0.6055091744754274,0.6067675100567766,0.6064580674005707,0.6070169540565384,0.6362128199528794,0.6368080228759012,0.6366707312549844,0.6368684617208079,0.6367508138065758,0.6367966069500449,0.63669635117867,0.63664679742888,0.6371848238194883,0.6369261715001584,0.6370095786542507,0.6370213026189243,0.637704431259149,0.6375841835295827,0.6374152771332611,0.6961683636971517,0.696259276520424,0.6962707848878292,0.6963230039027339,0.6957187219256925,0.6957209541206258,0.6953727020338807,0.6953428466870052,0.6953344680206588,0.6953230283872092,0.6953303903476997,0.6953101118904459,0.6953365773186476,0.6953463602801154,0.6953338212948987,0.695322244426132,0.6953060805469276,0.695314481862694,0.6954320586642482,0.6954268507563999,0.6954394352768388,0.6954641008911818,0.6954696895539705,0.6954780767474235,0.6954673840675205,0.695472575635298,0.6948957730806761,0.6948742692660632,0.694860675789408,0.6948767575019508,0.6948664559083424,0.6948723282534315,0.6948594629813197,0.6948255320572236,0.6948104174847755,0.6948142107399152,0.6948650527390672,0.6948446447155802,0.6948366674398093,0.6948465335229351,0.694864485846455,0.6949277992854548,0.6948896896408043,0.694901592260191,0.6949316757940973,0.6949388441816233,0.6949541354774991,0.6949399552905613,0.6949416619167645,0.6949243971835511,0.694916083083122,0.6949269615367758,0.6949277964757643,0.6949051862051352,0.6949050840734505,0.6949153695395691,0.6949019756134694,0.6948901637363724,0.694887334388987,0.6948599008849249,0.6948542853561749,0.6948544082536977,0.6948435892159942,0.6948464578812972,0.6948525970852857,0.694852102555872,0.6948545382640691,0.6948404702309047,0.6948436345380112,0.6948176500971783,0.6948057202963962,0.6947938089508071,0.6947878118336733,0.6947817803527183,0.6947653914834366,0.693990638339277,0.6939940814994745
9,0.5828918309267375,0.5886796618227838,0.5900429107560806,0.5927098908463203,0.60777707126599,0.6157312913090096,0.6171929666534877,0.6168261410014177,0.6174855635727601,0.6561938121379608,0.656856696487065,0.6567019409581433,0.6569216127497363,0.6567869394898702,0.6568434011591545,0.656728458524201,0.6566721313379118,0.6572849957005825,0.656992196741658,0.6570831840561191,0.6570948682659219,0.6580536303763594,0.6579147568535891,0.6577190835502762,0.7370673424458224,0.7370673337661919,0.737067326432073,0.7370673196987693,0.7370672907323975,0.7370672827949891,0.7370672717519205,0.7370672645475771,0.7370672569049431,0.7370672486580852,0.7370672404725653,0.7370672327127343,0.7370672240924793,0.7370672160834723,0.7370672086191942,0.7370672012989894,0.737067194070524,0.7370671863970865,0.737067194958185,0.7370671876328801,0.7370671807764867,0.7370671727962775,0.7370671662365105,0.7370671584360495,0.7370671510745104,0.7370671433250148,0.7370671203255991,0.7370671121465273,0.7370671055950548,0.7370670980750489,0.7370670903098541,0.7370670824512293,0.7370670745536599,0.7370670667555961,0.7370670589682882,0.7370670524872487,0.737067046159262,0.7370670386762863,0.7370670325209028,0.737067025181804,0.7370670179437355,0.7370670124507203,0.7370670046802625,0.7370669971841741,0.7370669902997704,0.7370669828189883,0.7370669755297368,0.7370669680019154,0.7370669604320091,0.7370669527628481,0.7370669449854509,0.7370669400207519,0.7370669333300287,0.7370669181126275,0.7370669105076814,0.7370669033481868,0.7370668956754393,0.7370668884389383,0.7370668809893374,0.7370668747021302,0.7370668672658217,0.7370668596627408,0.737067043419176,0.7370670377322559,0.7370670321630771,0.7370670265496666,0.7370670207628929,0.7370670166795916,0.7370670110712397,0.7370670054618015,0.7370669998343604,0.737066994597537,0.7370669892990707,0.7370669839831623,0.7370669815798979,0.7370669606679472,0.737066954763782
10,0.6191556112005178,0.6220099769145169,0.6217641456274239,0.6175054795600936,0.6292982642259027,0.6427506218735449,0.6444322897231233,0.6439842100479686,0.6447671439328994,0.7081630931947626,0.7087504642851733,0.7086001578729048,0.7087930308141188,0.7086578112562253,0.708727201518697,0.708612667431834,0.7085600255704385,0.7091955513758581,0.7089220196723255,0.7089950045145893,0.708998998073546,0.7102702933117857,0.710132698528077,0.709938033896263,0.7619873707935385,0.7620790600073594,0.7620979320181761,0.7622922176632967,0.7598333916768197,0.7598470208538514,0.7604243325044692,0.7602595494254348,0.7602093947274268,0.7602109883832765,0.7602474598483924,0.760134810619499,0.7603281516938927,0.7603764857042414,0.7603072656396278,0.7602498905972345,0.760161384520634,0.7602026843654703,0.7602349482829297,0.7602042778095865,0.7602567498022267,0.7603858984181063,0.7604482576499615,0.7604904322620419,0.7604313300878434,0.7604566877536757,0.7605672398737148,0.7605136960454464,0.7604849819335421,0.7605190507146472,0.7604933429898547,0.7605051086165945,0.7604734079228954,0.7603348925111854,0.760298637171081,0.7603151180683958,0.760434255543888,0.7604192584964541,0.7604872215858952,0.7605077604241733,0.7605503511537908,0.7607113991076971,0.7606227390060255,0.7606482830090394,0.7607439950688103,0.7607575621963245,0.760792307951429,0.7607598197278641,0.7607866340692139,0.7607470212144372,0.7607259313691581,0.7607734488989744,0.7607729971600931,0.760255105089476,0.7602564589480394,0.7602770895372597,0.7602463494367027,0.7602186405262173,0.7602096225376621,0.7601283410185954,0.7601139049849693,0.7601141707503029,0.7856519811088976,0.7856519774231345,0.7856519738823288,0.7856519702026329,0.7856519664277567,0.7856519639098322,0.7856519602837616,0.7856519561433646,0.7856519522479221,0.785651948606419,0.7856519449974355,0.7856519414015933,0.7856519395209047,0.7856519421306064,0.7856519383769918
11,0.570855015729935,0.46071306792093036,0.4606221486198343,0.46048390864215205,0.46054327406791307,0.4606823383905358,0.460638121387033,0.4606040190978727,0.4605869738018012,0.46068109512573435,0.460644544659896,0.4606284375296394,0.4606045470907498,0.46058576988228855,0.4605708527853686,0.4605586415506196,0.4605465079446211,0.4605389514461214,0.4605271021915155,0.46051276729037943,0.4605023427169769,0.457995113892405,0.45797441496271857,0.4579441738137889,0.45800331901420077,0.45805020939094593,0.4580524613677118,0.4580743635443304,0.45826694808664103,0.4582619582202448,0.45834019370629014,0.4583240185832257,0.45831487933280085,0.458298077498246,0.45829615420746533,0.4582832933093343,0.45830014081535175,0.458301051011118,0.4582920317520208,0.45828355531399323,0.4582733101487238,0.45827318300656894,0.4558438036927459,0.45583580456401185,0.4558480702543082,0.4558747409156105,0.45587947663209755,0.4558874286265725,0.45587300724037716,0.4558773633571219,0.45595479679115886,0.4559415390150846,0.4559394352090273,0.4559452002674394,0.45593854852235344,0.45593992572161246,0.45593185041216155,0.4559292748035819,0.45592210867527544,0.45592223169169693,0.45594585736584,0.45592947652524896,0.45592535181007243,0.4559280463847089,0.45593655903406666,0.4559652516452914,0.4559471142451465,0.4559510101710898,0.45596329613515807,0.4559646847409452,0.45597195404768365,0.4559651093161116,0.45596378218523187,0.4559555191327365,0.4559500602120544,0.45595570489625464,0.4559548049977771,0.4559523635028448,0.45595236895354424,0.45595642985269885,0.4559498263970836,0.4559438158501427,0.4559406276139358,0.4559265413188828,0.45592270285873965,0.45592275018150596,0.45601395917988563,0.45601473180414576,0.4560177726437459,0.4560174397918392,0.4560169496544138,0.4560104178169581,0.45601157287904226,0.45599643294585307,0.4559905646763931,0.45598430584798133,0.4559795698564595,0.45597659883950353,0.4559686846298051,0.45601390483706256,0.45601424298840626
12,0.5675827165310929,0.46103510210720794,0.4610079714805892,0.4611015315630328,0.4623607629897305,0.46227293306101847,0.46246429863791044,0.46240655996747626,0.46252049175378285,0.4625758152354109,0.46273919212873227,0.462692286983839,0.4627424636453908,0.4627018731382331,0.46269160061079584,0.46265782876467326,0.462636318265006,0.4627670739487321,0.4626781128082216,0.46270212386637355,0.462703405494988,0.4550421093903258,0.4550073389566432,0.4549597324912473,0.4547114985413347,0.45484383739327394,0.4548610157818152,0.4549251643899117,0.4551563856802498,0.45516000520123057,0.45479137328830826,0.4547327200710168,0.4547153884566088,0.454700093307105,0.45471233004884215,0.45467339442279364,0.45475260726069594,0.4547718422747709,0.45474634532481856,0.45472562897053126,0.45469439040961657,0.45470956555870934,0.449027220982632,0.4490251645984837,0.44903617020808784,0.4490542493342032,0.44905511852081387,0.44906222578471994,0.44905584805422427,0.4490605865558648,0.44908098880997793,0.44907631742621884,0.44907007342806227,0.44907609064426757,0.4490741452937409,0.44907681569115987,0.4490743750669928,0.4490713520323526,0.44906698972326786,0.4490681578377266,0.4490835148321694,0.44908837383555006,0.4490810091998894,0.4490849890943826,0.4490900957826985,0.44910830706299226,0.4490969183745996,0.44910152147271487,0.4491072875444223,0.44911080820008087,0.449115640774566,0.4491112353460471,0.448919357207378,0.44891255428157106,0.4489096551635903,0.4489137731922151,0.4489144601580592,0.4489106618517812,0.4489105097872858,0.4489149598532493,0.44890958691205834,0.44890494944815296,0.4489042507084354,0.4488948207527925,0.4488929398883806,0.44889299353765344,0.4489105322453369,0.4489118971605073,0.44891450305553665,0.448914350170574,0.4489157716923501,0.44890817338395805,0.44890962540716,0.4489029787506453,0.44889809879828446,0.44889331290207746,0.448891285896131,0.4488888905491758,0.44888243616971046,0.4489434730594433,0.4489451754695195
13,0.5696719045849509,0.5074465589909278,0.5071342146867922,0.5060569153448428,0.5049261009813503,0.5046771614564682,0.5047108684786393,0.5047283984360376,0.5046710193804771,0.5039468324781182,0.504005988312316,0.5040047424230542,0.5040328357125703,0.5040372267968457,0.5040444834310626,0.5040479051144126,0.5040517746956985,0.5040776584226473,0.5040838769916555,0.5041001955322291,0.5041081585330499,0.49979793682142337,0.4997908331403508,0.49978511849805285,0.49932304725128246,0.4994338846784128,0.4994465503811722,0.49948423722295077,0.49940817859483644,0.49941555571829216,0.4982262957706923,0.49817454675446915,0.49816360764940365,0.49816105733486127,0.49817780409889484,0.4981445605951693,0.4982223034090675,0.49824265364923553,0.49822272795767697,0.498207360001921,0.49818108820224505,0.4981991191923493,0.4972189800698067,0.49721882591558525,0.4972291543307059,0.4972440844000416,0.497245126141299,0.4972515896216134,0.49724887556561753,0.4972536224870054,0.4971921747557169,0.497192651669675,0.4971847154705656,0.4971893580863657,0.49719022128074614,0.4971929541902734,0.4971939555062071,0.49718281512208184,0.49718055396292754,0.49718267914239384,0.49719092563727585,0.4971856358457589,0.4971807163453706,0.4971845018889388,0.49718761231615693,0.4971968069657396,0.4971918244580305,0.4971956213646499,0.4971980258760836,0.4972016306787452,0.49720376074200706,0.4972018981359412,0.4967024247256854,0.4966941481832279,0.49669049474761756,0.49669567826076944,0.49669640202812276,0.49669668014664403,0.49669660360642637,0.4967017686896666,0.496695124103728,0.4966892793371826,0.4966882858025895,0.49667494340936413,0.4966723958378976,0.4966724647816739,0.49673184768103185,0.49673331436562757,0.49673611040455234,0.4967359352871986,0.4967374594269813,0.4967304976767059,0.4967319689194614,0.49672213431592427,0.49671665887653166,0.4967113624946742,0.49670900015414676,0.4967062253527463,0.4966985872666062,0.49653977087198764,0.49654133057067285
14,0.5718896099746631,0.5312181785425006,0.5308826701132083,0.5296859109276509,0.5278406353959941,0.5274951389303667,0.5274553587242016,0.5274910847236648,0.5273833743029895,0.52639612078839,0.5264234246509886,0.5264315338500707,0.5264495132041788,0.5264620327287145,0.52647012478356,0.5264812380458859,0.5264887768395472,0.5264789901194632,0.5265043199197,0.5265162444090296,0.5265242083451732,0.5224953832331225,0.5225068414763764,0.5225268042116754,0.522194547754268,0.5222768507201792,0.5222860432688746,0.5223054392765836,0.521956777190127,0.5219629595083171,0.5204440189707132,0.5204003919353548,0.5203918446077073,0.5203844485209347,0.5203995574745196,0.5203715319014132,0.5204334079142701,0.5204514438653222,0.5204349283767307,0.5204221175182535,0.5204000054707713,0.520416130722772,0.5197966956907405,0.519797208108291,0.5198066696743036,0.5198184647585442,0.5198177739229122,0.5198231105288508,0.5198218687476229,0.5198259409133801,0.5196448945363209,0.5196457122072643,0.5196383308262127,0.5196428399279709,0.5196438028403323,0.5196464610131327,0.5196475505097506,0.5196321859958347,0.5196301510625003,0.5196317871715442,0.5196392773255957,0.5196198471369208,0.5196134393427887,0.5196171404071496,0.5196204794210557,0.5196283685057869,0.5196238580313747,0.51962753052125,0.51962906686915,0.5196325953981991,0.5196345401992286,0.5196328605471556,0.5191523266936354,0.5191448853270171,0.5191417096931862,0.5191460519185989,0.5191468015702203,0.5191478077491718,0.5191476745550492,0.5191524922964784,0.5191465402949392,0.5191413271084943,0.5191405594776745,0.5191293263031305,0.519127108626984,0.5191271711912221,0.5191078774342567,0.5191091957890581,0.5191116209179694,0.5191114598572356,0.5191128961592835,0.5191061246498425,0.5191074681177358,0.5190985742762428,0.5190938130803993,0.5190891829014448,0.5190872244269636,0.5190848091786395,0.519078168521951,0.5184648029421117,0.5184662503266363
15,0.5684434186666933,0.5433811916518672,0.5430616254021075,0.5419033854101397,0.5397130325812037,0.5393354528821042,0.5392396966480855,0.5392868669243395,0.5391470379171287,0.5381109978044742,0.5381096205573956,0.5381246238598827,0.5381325706976822,0.538150462033438,0.5381585527493882,0.5381748574041553,0.5381846532316463,0.538146802143498,0.5381852497332988,0.5381923773949403,0.5381995577094016,0.534634155101763,0.5346570719290631,0.5346923896789304,0.5346234807111642,0.5346820442420596,0.5346888452590671,0.5346969412054797,0.5341870449947501,0.5341921694388417,0.5326309728897599,0.5325971211620939,0.5325911850440431,0.5325815009290793,0.5325941851549487,0.5325725506838271,0.5326171042904071,0.5326319894349008,0.5326194572411608,0.5326096869968183,0.5325926262915045,0.5326060338776636,0.5321629279244995,0.5321641573321991,0.5321719614841637,0.5321799124960039,0.532177867515783,0.5321818346984697,0.5321821419321499,0.532185349319195,0.5319228836300149,0.5319239586393568,0.5319173140265002,0.5319215389656388,0.531922551781399,0.5319250465318877,0.5319261708419856,0.5319093227890426,0.5319075668892691,0.5319088123062785,0.531915372504252,0.5318900455468815,0.5318828465559344,0.5318863475562118,0.531889587585584,0.5318962748015404,0.5318922661480056,0.531895730391361,0.5318965610939629,0.5318999321984753,0.5319016862003136,0.5319001891006394,0.5314877631791025,0.5314815661379152,0.5314791757021056,0.5314825056466833,0.5314833613037733,0.5314841747433247,0.5314840022083028,0.5314882911848497,0.5314833651359709,0.5314790898425747,0.5314787718371712,0.5314701970263519,0.5314685550416453,0.5314686092578514,0.5313862883026697,0.5313874726091237,0.5313894327498729,0.5313893074226733,0.5313907804502184,0.531384557750213,0.5313857699095637,0.531378845636095,0.5313750019661877,0.5313712795698743,0.5313700290900799,0.5313680837914327,0.5313627348527489,0.5304696678017243,0.5304711305209463
16,0.5795237770427071,0.5746140438752988,0.57458156311669,0.5741843184038222,0.5717568369059878,0.5719689408418605,0.5717446994825713,0.5718179595744438,0.5715449581024974,0.5743165240463446,0.5742842355331536,0.5743125564139804,0.5743106590143242,0.5743387021644241,0.574356549655585,0.5743852448018502,0.5743996241642267,0.5743071652674946,0.5743725312984637,0.5743742306817453,0.5743821781054045,0.571628610745029,0.5716924911446228,0.571782678322712,0.5810967626550775,0.581047631661872,0.5810455751648261,0.5810053281112579,0.5789270952468429,0.5789273790055913,0.5765840657805095,0.5766059661153369,0.5766158515896458,0.576585206537437,0.5765852607685803,0.5766004925724176,0.5765350901150982,0.5765326267903264,0.5765433320462133,0.5765504306687235,0.5765624254144869,0.5765612479190872,0.5764796835952557,0.5764885434133689,0.5764808523833197,0.5764538173201065,0.5764420724977133,0.5764341363715102,0.5764502132047844,0.5764461586762679,0.5752320329125182,0.5752332057060406,0.5752272011293661,0.5752320329005844,0.575232895140114,0.5752355577773072,0.5752363651903105,0.5751931402382526,0.575191283211479,0.5751912420407704,0.5751982964071136,0.5751412814206985,0.5751289284165004,0.5751327921980924,0.575137835126716,0.5751437810053195,0.5751391928073506,0.5751429865777068,0.5751432710764465,0.5751468957930942,0.5751489046439794,0.5751472189278196,0.5749306906411322,0.5749273970386728,0.5749271410887795,0.5749272772912034,0.5749286439903558,0.5749201305961263,0.5749197407435283,0.5749228257255674,0.5749205852370369,0.5749188118974178,0.5749198854018948,0.5749194856132717,0.5749194522234877,0.5749194865788153,0.5744720368377655,0.5744729147611676,0.5744736236034113,0.5744736042696538,0.5744752830781963,0.5744693680352364,0.5744702269088242,0.5744692750442587,0.5744678436450068,0.5744665282348602,0.5744671667505865,0.5744664475649977,0.5744644485267865,0.5713224139648428,0.5713247754061788
17,0.5631638587026345,0.5726887709961814,0.5731035262145409,0.5742804520858791,0.5757641171418871,0.5766614968154183,0.5766977244949224,0.5767144589035753,0.5765618389017548,0.5829966136288303,0.583075964197733,0.583082586640571,0.5831180706717229,0.5831282281603339,0.5831534185922019,0.583166989329141,0.5831731886693987,0.5831612128975162,0.5831831225979429,0.583201678722021,0.583213330007424,0.5805326512315135,0.5805824519708659,0.5806522161866877,0.5966597450073149,0.5965501289912298,0.596542912828227,0.5964787003001548,0.5933155522983306,0.5933124145484668,0.5904947968705041,0.5905509638706474,0.5905702520053745,0.5905262483835156,0.5905183191237493,0.5905559439036422,0.5904230558939131,0.5904091882057874,0.5904343019334943,0.5904515273592531,0.5904812992869761,0.5904708504770313,0.5904971200086062,0.5905112395079828,0.590491130045173,0.5904384309880629,0.5904216571961601,0.5904048268749735,0.5904324233790318,0.5904228989034291,0.5885612973433043,0.5885628473472656,0.588557276963842,0.5885618463173835,0.5885628405343888,0.5885653871420962,0.5885663446242806,0.588504985545212,0.5885033292438477,0.5885029931055695,0.5885092015913832,0.5884391338288616,0.5884264622222211,0.5884301690593803,0.5884357703992135,0.5884398301669904,0.5884362854945129,0.5884397847672901,0.5884397482019396,0.5884431347098706,0.5884446276532981,0.5884434202585845,0.5882627365989516,0.5882604427674527,0.5882607813496823,0.5882600828899778,0.5882614937232419,0.5882405389938533,0.5882401240212818,0.5882425231409217,0.5882413427351018,0.5882404860125501,0.5882419295003847,0.5882439384018207,0.5882443842939294,0.5882444108226571,0.5876691057177389,0.5876698086016319,0.5876700205904938,0.5876700468852291,0.5876716759684953,0.5876666169530803,0.5876672864019745,0.5876685947655654,0.5876680328245631,0.5876675712874415,0.5876687990055415,0.5876684878580258,0.587667556476606,0.583501013839336,0.583503695855826
18,0.5609246989854628,0.57123816806625,0.5729687534404356,0.5777908493895417,0.5887051685784753,0.5919403335432972,0.5927461312822947,0.5925779907663343,0.5928461512735824,0.6109991024140906,0.6113985466225622,0.6113325157344611,0.6114714997820431,0.6114179385729054,0.6114596455767729,0.6114167004921,0.6113934601160919,0.6116513413299544,0.6115226392900882,0.6115856398030577,0.6116032024984503,0.6104596442206994,0.6104290678715155,0.6103842962431631,0.6465731803753866,0.6463079201719281,0.6462902681899917,0.6461929789537019,0.6411446140303777,0.6411353367902728,0.6387616914742842,0.6388828249799171,0.6389190297104537,0.6388653096051535,0.6388407960115713,0.6389208861748591,0.6386602609493727,0.6386235709255302,0.6386755067027475,0.6387122935895313,0.6387756198729492,0.6387463200787339,0.6389513416834565,0.638973913504564,0.6389306534623272,0.6388328594558991,0.6388083881296834,0.6387756470469184,0.6388223340944716,0.6388027903240363,0.6360890551241132,0.636090763777054,0.6360869997596057,0.6360901110251477,0.6360909983987901,0.6360927456513151,0.6360935842391295,0.6360040955649339,0.63600302935091,0.6360018779140635,0.6360052912349243,0.6359506470606275,0.6359395096855607,0.6359419302549133,0.6359454560987187,0.6359440070152991,0.6359435870676421,0.6359455198294225,0.6359432732341681,0.635945223229491,0.63594518230643,0.6359453516512003,0.6358755131584074,0.6358755393398468,0.6358767551573,0.6358771945886053,0.6358782750776079,0.6357660010751849,0.6357656253901062,0.6357654842535098,0.6357671904709498,0.6357688308940814,0.6357705103730552,0.6357778907644039,0.6357792036323907,0.63577920155509,0.6350448170802175,0.6350448584635741,0.6350439237573279,0.6350440366244126,0.6350448631645007,0.635042643681474,0.6350426017196884,0.6350478980225983,0.6350493518196613,0.635050820313211,0.635052648583108,0.6350532802756041,0.6350548339456384,0.6319521268354117,0.6319526608132895
19,0.5854302141583987,0.605463384621257,0.6057916301602184,0.604269228440865,0.6169251335778295,0.6255860136075584,0.6271134891251919,0.626748661510468,0.6274213419620381,0.6740026944467458,0.6746386333511993,0.6745194379895684,0.6747339714444086,0.6746251218816869,0.674699207178435,0.6746059669474495,0.674556759477293,0.675013038574216,0.6747615936875261,0.674852498857923,0.6748717795003225,0.6753689602534901,0.6752630202173395,0.675109273502048,0.731706436111886,0.7312043669923839,0.7311962294714285,0.7311903258350154,0.721102244852061,0.7211047759330363,0.7204096326228592,0.7204286961413559,0.7204357968350374,0.7204086860931039,0.720407701293986,0.7204190369218407,0.7202373126360269,0.7202344765111289,0.7202427734088269,0.7202464845981736,0.7202538244706499,0.7202528404498365,0.7203900541263508,0.7203935286575524,0.7203970318624978,0.7203888727911856,0.7203800626348825,0.7203775831705816,0.7203843969963906,0.72038345696705,0.7185427259816238,0.7185244565092789,0.7185101972267366,0.7185274531584691,0.7185186561895239,0.7185253649607354,0.7185141468126072,0.7183411653357274,0.7183255825203739,0.7183266220485116,0.7183753136252978,0.7183612673937769,0.7183438666998192,0.7183543530963354,0.7183732025420955,0.7184263061856424,0.7183920939099407,0.7184040833022375,0.7183942324157676,0.7184019858067151,0.7184155734301144,0.7184030899809797,0.7184051086715076,0.7183897582685569,0.7183834365197003,0.7184250374307165,0.7184266265551802,0.7174727508255953,0.7174725155843616,0.7174779924152923,0.7174714801459721,0.7174657815512574,0.717464850002009,0.7174535598290739,0.7174510346287646,0.7174510981349213,0.7222735376749505,0.7222723472549066,0.7222692141597021,0.7222694774728423,0.7222688863041963,0.7222693380202307,0.7222679729786834,0.7222815792436238,0.722287453143629,0.7222932774933101,0.7222967121445923,0.7222996271075649,0.7223074790783715,0.7219776623598534,0.7219747283285409
20,0.601030419982129,0.6218505460787218,0.6215551314516163,0.6170840379971525,0.6283037564654187,0.6398204142610668,0.6414629022850309,0.6410528048376123,0.6418068308095254,0.7014333699683784,0.7020642319275383,0.7019365740426899,0.7021481742450797,0.7020309027971579,0.7021055955029327,0.7020041606860034,0.7019525018038442,0.7024499119438755,0.7021842309890377,0.7022718604218903,0.7022875504315171,0.7030908493747949,0.702969886611109,0.7027961607566799,0.7521162248494208,0.7519555005996236,0.7519860992883415,0.7521751557736291,0.7436965335140283,0.7437174146406295,0.743880502723336,0.7437065280379842,0.7436594048537344,0.7436587696398471,0.7437032578665088,0.7435857717933891,0.743686394997977,0.7437470590287564,0.7436742874593427,0.7436149443834412,0.7435198755937735,0.7435716422062125,0.74365310116028,0.7436237624839808,0.7437043043561998,0.7438520789395321,0.7438779630832074,0.743928633030535,0.743866230548495,0.7438980198205358,0.7431889096199109,0.7431247308307046,0.743083012597837,0.7431338702750837,0.7431030912567872,0.7431219482355953,0.743083338548475,0.7428811472182798,0.742833246586603,0.7428433656365507,0.7430002566576068,0.7429902528526782,0.7429633890186328,0.7429944863599371,0.7430501095599612,0.7432413534737208,0.7431248023508332,0.7431621668192174,0.7431970088060428,0.7432201917147567,0.7432673487000772,0.7432237531823269,0.7432391551547222,0.7431857740088562,0.7431610143578757,0.7432296853760554,0.7432330236620076,0.7422051755441138,0.7422048940531453,0.7422346302054614,0.7421966906487635,0.7421633765145763,0.7421557075517972,0.7420784901577208,0.7420629557530849,0.7420633114616395,0.7541250243229245,0.7541278046546629,0.7541328227318977,0.7541323963355858,0.7541354659250538,0.7541137096021875,0.7541168094368951,0.7540954407264893,0.754085792603405,0.754076057229735,0.7540721521930929,0.7540673353507266,0.7540543624716559,0.7540143340537656,0.7540175919950305
21,0.6118184046402938,0.6219096872864777,0.6216025984539171,0.6170776124608086,0.6281408222932333,0.6393303112893871,0.6409573738076189,0.6405551165826758,0.6412987068398082,0.7000816709031664,0.700698277242117,0.700578758987378,0.7007859939629828,0.7006749047336999,0.7007513541184408,0.7006552320732842,0.7006053947350411,0.7010647492352595,0.7008108384036614,0.7008969532152408,0.7009136687024832,0.7016436209040366,0.7015303273221694,0.7013666266305512,0.7496392853929341,0.7493844177911139,0.7494111939064486,0.7495797753987338,0.7397332886788054,0.7397529411583093,0.739797559346361,0.7396428824417491,0.7396015726912609,0.7395975690738761,0.7396380217562818,0.7395333481496286,0.7395987347195326,0.7396538526977163,0.7395891237332772,0.7395360843968994,0.7394507186344249,0.7394980030342888,0.7395907767360655,0.7395648458057944,0.7396399828953883,0.7397734295299461,0.7397929011200792,0.7398388061031747,0.7397832711796011,0.7398122387105067,0.7388984217586845,0.7388383321525639,0.7387985591556239,0.7388471867004482,0.7388183647001492,0.738836506372264,0.7388002867955971,0.7385855633205067,0.7385400193014605,0.738548708997855,0.7386970459575639,0.7386868710577574,0.7386517136655698,0.7386814629946094,0.7387343911974927,0.7389130073440952,0.7388032645546777,0.7388388468851923,0.7388564298212031,0.7388787410174001,0.738923213901895,0.7388821367114262,0.7388959521345166,0.7388456239500992,0.7388226408224586,0.7388925656869518,0.7388960570863278,0.737760172676376,0.7377598045194329,0.7377873233811746,0.7377526579567953,0.7377222662581482,0.7377155724626244,0.7376463077746465,0.7376322991583233,0.7376326270078634,0.7478758998494984,0.7478785193892982,0.7478830719963362,0.7478826864603347,0.7478857300576651,0.7478650894466019,0.7478680255137556,0.7478486461413385,0.7478398739790478,0.7478310115493642,0.747827749348355,0.7478233647811181,0.7478115501034419,0.7477576257589258,0.7477609032325977
22,0.6494919708874671,0.655642212787811,0.6541932357513052,0.6449828533186561,0.6518096638477662,0.6693269904019207,0.6709827282657221,0.670549597747343,0.6713419351399824,0.7581909740235976,0.7585640494639407,0.758487405479843,0.7586122419591903,0.7585397669358954,0.758592704869022,0.758529373420224,0.758497798384037,0.7587981690240025,0.7586358085529121,0.7586857571581412,0.7586938668487618,0.7592578960226719,0.7591810257203465,0.7590706914509115,0.7812626586446934,0.7812199517833742,0.7812496103530171,0.781446212292249,0.7756268249742383,0.7756471931268979,0.7760694120606675,0.7758834189529429,0.7758319196857664,0.7758412692552966,0.7758871947230627,0.7757617831055853,0.7759205329074883,0.7759836083776253,0.7759054361650416,0.7758428084035084,0.7757409580040069,0.7757944599456523,0.7758261168472178,0.7757942734140768,0.7758750327773846,0.7760301120438049,0.7760640242469085,0.7761168230585801,0.7760500336622643,0.7760828870654642,0.7760629522437159,0.7760048911877833,0.7759683301657276,0.7760128625792916,0.7759850221813634,0.7760013805156107,0.775966559310841,0.7758023474805134,0.7757590909128051,0.7757695139912516,0.775909688390599,0.7759034087023492,0.7758802382632354,0.7759074559872731,0.7759569614046934,0.7761305057782986,0.7760261989721622,0.7760591274325103,0.7760579912334538,0.7760783943248317,0.7761211282012113,0.7760815615299083,0.776095897323473,0.7760474659708073,0.7760245399152115,0.7760821671633701,0.776084736318617,0.7754660793015247,0.7754659837914728,0.7754937012514348,0.7754579058360584,0.7754263310127161,0.7754188293571971,0.7753442027007998,0.7753293675156958,0.7753297016657488,0.7837633575674056,0.7837692640506555,0.78378119895607,0.7837802042060307,0.7837857844435444,0.7837543767323621,0.7837609750554239,0.7837098169942842,0.7836868281812011,0.7836637659193498,0.7836530589792365,0.7836415165289996,0.7836103103542945,0.7836903751181737,0.7837002779891374
23,0.6879379091091077,0.6782826217625679,0.6766081890614657,0.6663646071249393,0.6691595220128798,0.6923479536124696,0.6939095449396961,0.693488524799024,0.6942533131701928,0.8037259705971217,0.8037259637723241,0.8037259564076658,0.8037259493787696,0.8037259414377917,0.8037259346183632,0.8037259266323323,0.8037259190031774,0.8037259162668313,0.8037259085231979,0.8037259008867811,0.8037258935433926,0.8037259175613723,0.8037259115415194,0.803725905327613,0.8037260237689954,0.8037260222393332,0.8037260201215201,0.8037260197165451,0.803725975090517,0.8037259716840542,0.803725973020961,0.8037259683896354,0.8037259646368468,0.803725961250342,0.8037259581167776,0.8037259536244692,0.8037259741736555,0.8037259717803936,0.803725968340518,0.8037259650700783,0.8037259613940665,0.8037259590378452,0.8037259615215014,0.8037259584864238,0.8037259565694216,0.8037259551340937,0.8037259538019759,0.8037259514945053,0.8037259481115834,0.8037259456252439,0.8037259457598671,0.8037259424217553,0.8037259398464666,0.8037259376117135,0.8037259346657782,0.8037259320804396,0.8037259290145747,0.8037259245410304,0.8037259213449435,0.8037259192722593,0.8037259183921862,0.8037259158214866,0.8037259131129643,0.8037259108058488,0.8037259088106892,0.8037259089570656,0.8037259051750126,0.8037259029187982,0.803725895731892,0.8037258933277502,0.8037258913056092,0.8037258881271658,0.8037258855819371,0.8037258822172908,0.8037258791335722,0.8037258784512966,0.8037258761032094,0.8037258664097131,0.8037258636951607,0.8037258615061662,0.8037258582209895,0.8037258551371551,0.8037258523257441,0.8037258486311729,0.8037258456977857,0.8037258429415558,0.8037259639246886,0.8037259625655784,0.8037259613928166,0.8037259599064258,0.8037259585081536,0.8037259582034156,0.8037259568988905,0.8037259541769929,0.8037259521332561,0.8037259501857393,0.8037259485052873,0.8037259468077083,0.8037259453686757,0.8037259473086065,0.8037259476816135
24,0.5652154437629191,0.460024148184912,0.45983268654110865,0.4595892672784898,0.46091659644998656,0.4608439567925352,0.46106175451745307,0.4609640725685133,0.46109804435391294,0.4611502994725741,0.4613539916602941,0.4612792032148962,0.46133372431507863,0.46126562960593476,0.461241265941207,0.46118743632463133,0.4611497443184861,0.4613222428838414,0.4611914814411067,0.4612159531136089,0.4612113576698196,0.44669779605312526,0.4466448530705088,0.4465710214327907,0.4462801620669054,0.4464706480211527,0.4464939487052,0.44658549556417326,0.44696488060568507,0.44696683926194847,0.4464732225568608,0.446391181793312,0.4463645360808211,0.4463319281442705,0.4463460716860423,0.4462905974791967,0.44639756111532336,0.4464223506144267,0.4463854842856911,0.4463548950640996,0.4463103246983985,0.4463291925856489,0.43541388357599864,0.435410919012523,0.4354245855877079,0.4354476576292963,0.4354491778185586,0.43545808852833406,0.4354496393678374,0.43545551518808945,0.4354899357385441,0.43548357066713167,0.4354757635501847,0.43548315865179293,0.4354804837783438,0.4354837139754909,0.43548042982616025,0.43547629498756313,0.435470696802742,0.4354721595962644,0.4354917605961511,0.43550270815346936,0.43549408889870417,0.43549888816483145,0.4355053915608772,0.43552843154890175,0.4355140587232704,0.43551964897742246,0.43552719086658903,0.4355313775507023,0.4355374465755395,0.43553189504525003,0.4353090455385063,0.4353007689161502,0.43529712328389947,0.43530215890732943,0.43530288305863063,0.4352984080764354,0.4352982431825232,0.4353034274432075,0.4352968883478917,0.43529123685729976,0.43529023790840027,0.4352785444566133,0.43527616968692556,0.4352762343837555,0.4353056280730739,0.4353072435588676,0.435310435583905,0.4353102853292383,0.4353118775838551,0.4353028119514803,0.4353044888931809,0.43529881583054797,0.43529282051273327,0.4352869682051416,0.4352843124517678,0.43528136808597373,0.43527341763567623,0.4353558885089751,0.4353578677684479
25,0.5638173917441843,0.4626646876476939,0.46277398528499314,0.46326651165868765,0.46552219018074686,0.4653142788549413,0.4656472559034928,0.4655697392027153,0.4657513341016856,0.46578513299163443,0.46606620390963566,0.4659971093242331,0.46608917499638125,0.4660319378090732,0.466022217758008,0.465973203820414,0.465943987183974,0.4661594027245567,0.46602423957676653,0.46606956280343514,0.46607629169090325,0.4537512998621712,0.45370705727412075,0.45364787624372765,0.45328285423005293,0.45347941127521074,0.4535058952969439,0.4535995479036911,0.4538707696913056,0.45387886164250635,0.45309935472253327,0.45301133676440525,0.4529873248244114,0.45297138416883587,0.4529921476416407,0.4529347461530307,0.45305678209662353,0.45308733786013045,0.45305010797589684,0.45302035689215064,0.45297431131559235,0.45299895053087474,0.44500465059241834,0.4450065123838584,0.44501377595082775,0.4450222718493804,0.445021036220666,0.4450258475465519,0.4450258125537475,0.4450295648675657,0.44501147812881386,0.4450131708007433,0.4450058303304433,0.44501014623335716,0.445011628293671,0.4450142986206454,0.44501610021457744,0.4450111429548229,0.44500967480406106,0.4450112830652264,0.44501737900423716,0.4450424646410356,0.4450359369517002,0.4450394031998867,0.4450410629195308,0.445047269306191,0.4450435959264127,0.44504712933844004,0.44504733072971153,0.4450510031549675,0.4450528130571889,0.4450512790246583,0.4447114614929321,0.44470688151527815,0.4447057308368429,0.4447082481660754,0.44470941621740573,0.4447062669645791,0.44470610939255745,0.44470942994647755,0.4447058446933167,0.44470289297204657,0.44470338510751894,0.4446979239164324,0.4446973158692398,0.4446973602343112,0.44468965173321107,0.44469094929573794,0.44469279138203,0.4446928088624068,0.44469468687739827,0.44468861670956816,0.44468976390032366,0.4446914579312648,0.4446880781010602,0.4446850728589149,0.4446846044380233,0.44468298957786623,0.4446785616369468,0.44476185153486847,0.44476371323755
26,0.5622725438692266,0.48587870819406714,0.4855486619181171,0.48447127874369333,0.48369533909605705,0.4831796214424963,0.48338086976982797,0.4833749464725261,0.4834154531830959,0.4826855717397962,0.48295491847771166,0.4829115674275529,0.48301368370655795,0.48298464290129234,0.4829899947862731,0.48296318703227253,0.48295067288886884,0.483128124271378,0.48304026681018747,0.4830944109988049,0.483111207057791,0.47007899339879966,0.4700761474606945,0.4700786405537353,0.4696467692631714,0.469800721709184,0.46982270799149334,0.4698814627004572,0.4697019980025653,0.46971469467688537,0.4677565597763984,0.4676713003489537,0.46765285063613526,0.4676494113549879,0.46767522001983386,0.46762208586257814,0.46774408730270856,0.46777785806069155,0.4677441183729074,0.46771830010473947,0.46767559098940403,0.4677040174980827,0.46248123719359346,0.46249083642027505,0.46248584338307713,0.4624673267003004,0.4624610498536467,0.46245761024319504,0.4624721835019735,0.46247137051089776,0.4623211701824852,0.4623368135979303,0.46233319581400495,0.46233070315115254,0.4623392927746234,0.46234021963616856,0.4623508128826383,0.4623387223877286,0.46234506694649474,0.4623462279955148,0.4623263586793098,0.4623799934326585,0.4623786923947531,0.462378496941014,0.46237126259957695,0.46234323057382437,0.4623610180179346,0.4623594832369579,0.4623454784436418,0.4623469472295225,0.46234009133986786,0.4623466621205257,0.4615879361532984,0.4615888523484422,0.4615903601322098,0.46158944739476837,0.46159033675740824,0.4615901428823762,0.46159007851412764,0.46158997221873893,0.4615907372952784,0.46159158629138297,0.4615930293686855,0.46159562092065615,0.46159679188126546,0.4615967962876087,0.46156392563669973,0.4615642631800068,0.4615640095325983,0.46156420499573264,0.46156530400027135,0.4615649823978023,0.4615650332659011,0.4615744494279119,0.46157502271243434,0.46157600311418506,0.4615775710326875,0.4615779136940047,0.461578734625912,0.461658364459217,0.46165910876905
27,0.5676858226615041,0.5053217963603442,0.5048368704426313,0.5030680432302049,0.49970987415960366,0.4990140765828173,0.49898057414965924,0.49903776957195595,0.4989018121031759,0.497537147785484,0.4977043618633982,0.4976915293426382,0.4977644129370278,0.4977629138819549,0.49777404477833254,0.4977720333156832,0.49777356491964464,0.49785289756851764,0.49783053379248715,0.4978722358322636,0.49788988671496326,0.48551949838706915,0.48556064549132605,0.4856255893956386,0.48545450442943966,0.48553306159385873,0.48554448330250116,0.48555219745581074,0.484858894367664,0.4848696164324966,0.48194607763000846,0.48188103255316683,0.48186928522116285,0.4818635681076284,0.48188605139446217,0.48184662244793425,0.48193737435693984,0.4819653530132965,0.48194066564375754,0.4819221692144055,0.4818903970237317,0.48191442893603526,0.47841316035495757,0.47842460178407714,0.47841594822956285,0.47838902028396296,0.47838069265259203,0.47837433127585205,0.4783930127862073,0.47839046174852956,0.47811472408114397,0.47813383506353263,0.47813253550712775,0.47812776514071187,0.4781380251816067,0.4781381756686675,0.47815083254713703,0.4781320195540866,0.4781406002331708,0.47814115227411214,0.47811367518308723,0.4781604227663668,0.4781604290824041,0.4781587889654912,0.47814947994438517,0.478110793232047,0.47813501977063333,0.4781316239790405,0.47811338322338215,0.4781137513789766,0.4781042471531239,0.47811327653974295,0.47699066195819984,0.4769906622242467,0.4769906624724907,0.4769906624757322,0.4769906626347519,0.476990662878672,0.4769906630250752,0.47699066310531796,0.4769906633569527,0.47699066359707804,0.4769906638168369,0.47699066419806535,0.4769906644250344,0.4769906645791108,0.4769906605610333,0.47699066066843043,0.4769906607262445,0.4769906608492449,0.4769906609935215,0.4769906611582215,0.476990661249825,0.47699066193687034,0.47699066216126895,0.4769906623969334,0.476990662620603,0.4769906627912936,0.4769906629904801,0.47699064494781335,0.47699064489164383
28,0.5698297031839827,0.5403859767157219,0.5396717599599377,0.5367800368619938,0.528219132426434,0.5273285743276501,0.5268074129319803,0.526974628083912,0.5265005465903748,0.5247514944180057,0.5247218443159899,0.5247590111254091,0.5247696108277777,0.5248106506214697,0.5248280547994459,0.5248667075677351,0.5248888058676632,0.5247846705368021,0.5248706083648488,0.5248836117604649,0.5248987292775691,0.5146068663226535,0.514723131469915,0.5148926056070918,0.5167036009911143,0.5166463756264039,0.5166391525265223,0.5165593659280572,0.5146191332558804,0.5146224139269198,0.5099881778554932,0.5099697904579046,0.5099705505767791,0.5099435875822365,0.5099551695012537,0.5099454604967812,0.509957082630663,0.5099694207679539,0.5099642364683309,0.5099602915869454,0.5099524034865694,0.5099637796302658,0.5084313619396443,0.5084440970907419,0.508430824939612,0.5083931496439152,0.5083815207818363,0.5083708042417245,0.5083936912247581,0.5083883211798919,0.5076623032400572,0.5076810033722312,0.507681444612249,0.5076757556254019,0.5076855485412918,0.5076850507832359,0.5076971025118672,0.5076649930569551,0.5076739290191188,0.5076733715414946,0.5076443431245391,0.5076207461511958,0.5076197792593361,0.507617492265337,0.5076099413498174,0.5075695118956941,0.5075943089610745,0.5075902069540593,0.5075717320541367,0.5075712711200085,0.5075614257312995,0.5075707504285721,0.5068787288516157,0.5068841631534676,0.5068876598202051,0.5068830525669239,0.5068835219277813,0.5068903929304359,0.5068902746747821,0.5068875181282619,0.5068918853433301,0.5068959103797768,0.5068978909006825,0.5069085012947765,0.5069109277647696,0.5069108969694257,0.5066785487156222,0.5066779344711705,0.5066758048738593,0.5066760913259405,0.506676233851871,0.5066796414339834,0.5066787773278145,0.5066921456811129,0.506696173814954,0.506700415820356,0.5067034343985634,0.5067054575276833,0.5067108379546802,0.5047751293792496,0.5047741387946854
29,0.57598531198259,0.5724496617142715,0.5714876156593114,0.5678050839740763,0.5583117391021494,0.5579422195693243,0.5573281441618422,0.5575018667144701,0.5569426896976344,0.5579604905438492,0.5578550209832353,0.557908930637168,0.5578900275665687,0.5579425899776059,0.5579651483706995,0.558017535645194,0.5580442924091329,0.5578635983011624,0.5579860353768231,0.5579826303689432,0.5579939693378083,0.5521016846777456,0.5522258835095704,0.5524028072475312,0.5602260153479899,0.5600788946930576,0.5600636847296331,0.5599534142793299,0.5566333114555398,0.5566294971149356,0.5521543933773286,0.5522051707891671,0.5522238984357627,0.5521724399491389,0.5521668579863357,0.5522014741018065,0.5520858766209447,0.552074556727328,0.552097884595771,0.5521141855619748,0.5521416248747402,0.5521334631174507,0.5517920705781355,0.5518091459346304,0.5517835648367355,0.5517198641349441,0.5517018587066909,0.5516815575505575,0.5517149904463142,0.5517035048241189,0.5499988541197903,0.5500124545347915,0.5500123827042125,0.5500089378625288,0.5500159223956109,0.5500158156654867,0.5500243091009669,0.54997212099881,0.5499783319805218,0.5499769762953445,0.5499568213538895,0.5498643313143298,0.5498589198102313,0.5498580169932307,0.549856450343175,0.5498282689960061,0.5498448136573059,0.5498425541083797,0.5498296814745116,0.5498298475207412,0.5498232564731177,0.549829547604773,0.5494654047227013,0.5494708100474999,0.5494746915619534,0.5494695719606789,0.5494703953354806,0.5494735724071989,0.5494732956060534,0.5494709227091673,0.5494755049710359,0.549479661632461,0.5494821452782247,0.5494949342977073,0.5494976880322481,0.5494976590327194,0.5490244850564386,0.5490239598304845,0.5490216762270536,0.5490219295671419,0.5490224159311902,0.5490243969324827,0.5490236572858239,0.5490368902176445,0.5490411702362762,0.5490456220735894,0.549049146026474,0.549051282219869,0.5490569684507467,0.5441997746987924,0.5441998993749987
30,0.5657902971357462,0.5711008704309869,0.5710825700229958,0.5705481525301823,0.5668520100498625,0.5672300622922437,0.5669120381518197,0.5670199796758846,0.5665936640769436,0.5717577664430921,0.5717587940411829,0.5717924511994011,0.5718078416403479,0.5718429850672992,0.5718742295081471,0.5719130462686204,0.571931351094344,0.5718183736442126,0.5719008204555753,0.5719121698469404,0.5719266499852139,0.5667957916234451,0.5669104647845353,0.567072051483516,0.5815138967493815,0.5811846506580021,0.581152004514615,0.580970853546703,0.57537773421354,0.575364100052954,0.5701185866840486,0.5702631833747197,0.5703067485602109,0.5702294376482588,0.5702003546659284,0.5702967282997571,0.5700133655340481,0.5699695218507962,0.5700317670171782,0.5700756728874389,0.5701519460309316,0.5701168136651232,0.5701218067989723,0.5701515737675925,0.5700917601142791,0.5699620573840921,0.5699337988782368,0.5698904102846681,0.5699520330633234,0.5699260720191585,0.5669052791363427,0.5669237815195824,0.5669301041551267,0.5669211667626236,0.5669303391310624,0.5669279050414545,0.5669392135336649,0.566871376705783,0.5668817658254364,0.566879089841838,0.5668444433320767,0.5667366671847556,0.5667371352604721,0.5667326797726545,0.5667295986728279,0.5666834914110387,0.5667109524892804,0.5667045438647539,0.5666865035020225,0.5666836213751052,0.5666724815348088,0.5666829298205484,0.5664625955139845,0.5664743646819632,0.5664810998094681,0.5664729098460047,0.5664731703574696,0.5664734610597073,0.5664732755683424,0.5664666130660232,0.5664764310676794,0.5664849497050006,0.5664882887412268,0.5665111215523544,0.5665158620613516,0.5665157822556852,0.565956586721294,0.5659549278762571,0.5659504044119656,0.5659508405294162,0.5659502143013413,0.5659582073318504,0.5659562265335707,0.565978950493212,0.5659874953205469,0.5659961891919822,0.5660016309757777,0.5660058886406916,0.5660172975785582,0.5580983339908601,0.5580983351768163
31,0.5694442514771448,0.5753671250091715,0.577010421300596,0.5812375623753266,0.5931485035786888,0.5969938734190076,0.5979266760034646,0.5977349640475987,0.5980276219581712,0.6210045680194605,0.6214189383226032,0.6213620118978215,0.6215064259758286,0.6214573164847464,0.6215140384541472,0.6214767979080729,0.6214541256218375,0.6216692964796445,0.6215532185250917,0.6216176085380374,0.6216381048075127,0.6203650405796127,0.620351287399888,0.6203266660162026,0.6597119813562798,0.6588920345081379,0.6588310818012623,0.6585666212054077,0.6480476572667528,0.6480227551454713,0.6448457309499521,0.6451311302958538,0.6452124483899347,0.6451245331810148,0.6450602173470579,0.6452498257793873,0.6446884924303425,0.6445965907918632,0.6447167521377385,0.6448039117521068,0.6449531684493711,0.6448779544484663,0.6451572629849889,0.6452064513757756,0.6450962382544705,0.6448678893266616,0.644822246439356,0.6447447088162591,0.6448484495049015,0.6448011027368392,0.6400686772579125,0.6400906506243667,0.6401003704969671,0.6400870775997501,0.6400976282854268,0.6400932255304147,0.6401062150709962,0.639984229464534,0.639997806560066,0.6399930302542022,0.6399461416042844,0.6398988584117197,0.6399027122687685,0.6398947906209809,0.6398812772821527,0.6398169735145587,0.6398547666334119,0.6398442746279397,0.6398149127276022,0.6398089176429577,0.6397932602191259,0.6398078379918752,0.6397614879556235,0.639779270666663,0.6397886305771637,0.6397857381993979,0.6397854474590866,0.6395012864640103,0.6395011936516801,0.6394882322065744,0.6395055593268968,0.6395208735521664,0.6395251735735258,0.63956260623464,0.6395699829806727,0.6395698288405095,0.6389976303778503,0.6389940842156085,0.638985985309447,0.638986687537135,0.6389840476041454,0.6390005038866065,0.6389964615348324,0.639032063341565,0.6390473038290514,0.6390625716831488,0.6390706734662501,0.6390782200539364,0.6390984736612189,0.6367127820556133,0.636707148923395
32,0.5719549223321218,0.583960086082103,0.5850158037091824,0.5871678780809966,0.5989335527992705,0.6034470228128449,0.6044992172660258,0.6042784498233325,0.604629516613807,0.6320866261725668,0.6324918279252231,0.6324437732739948,0.6325842332686454,0.6325377161185448,0.6326063670074848,0.6325717068722746,0.6325489227226181,0.6327258141790021,0.6326202823856671,0.6326808006361054,0.6327013047554995,0.6317703212542088,0.6317609286488196,0.6317393335644094,0.6716970734370942,0.6705327564782736,0.6704568739028778,0.6701492927421846,0.6554844492322357,0.6554553644747785,0.6523996138689478,0.6527311639318606,0.652824868439983,0.652726746911239,0.6526508089419744,0.6528712454361713,0.6522097853968262,0.652102288337931,0.652241130744239,0.6523408863284186,0.6525136746784936,0.6524253973601198,0.6527244016014198,0.652780469869242,0.652652191212411,0.6523891833022303,0.652338563681644,0.6522491145239946,0.6523676554675307,0.6523128538107955,0.6468685423001376,0.6468938813689091,0.6469068041114078,0.6468901350283237,0.6469022812126534,0.6468965287944326,0.6469115655147393,0.6467959145051736,0.6468123156264274,0.6468067581152462,0.6467492458978112,0.6467162773126488,0.6467258115824775,0.6467154794902107,0.6466985747671569,0.6466219587498709,0.6466672068267734,0.6466540446414172,0.6466171765185755,0.6466093301774211,0.6465906257938694,0.6466079924371738,0.6465875914403036,0.6466088779301954,0.6466197664326383,0.6466294136275129,0.6466287180570195,0.6461398748275164,0.6461399401239825,0.6461235227970702,0.6461448506601054,0.6461634756061299,0.6461682673552522,0.6462126783194072,0.6462215671838694,0.646221370929624,0.6458654350332276,0.6458606971649065,0.6458503379141426,0.645851221811343,0.6458473617033481,0.6458706346591442,0.6458652874973266,0.6459102124514478,0.6459299512685955,0.6459497495445368,0.6459598532702998,0.6459696996096644,0.6459962257725831,0.6447589397244325,0.6447512505217866
33,0.5866137180569995,0.6026439220970982,0.6029644178786941,0.6015643560855566,0.6130556044832485,0.6199331966413536,0.6212837224214716,0.6209786967913676,0.6215280818346826,0.6614947080994853,0.6619738777063375,0.6619089292727598,0.6620723532254623,0.6620056436976695,0.6620876440749482,0.6620328641316383,0.6619999739010186,0.6622366215124091,0.6620845190647262,0.6621525565228508,0.6621726581507702,0.6621555490611408,0.6621097265000783,0.6620358331560028,0.7078802386746145,0.7067415354237976,0.7066900837639158,0.7065068363008588,0.6896099057488227,0.6895953062352774,0.6878635426922777,0.6880608255867695,0.6881175258415593,0.6880518960539326,0.6880084879147103,0.6881387815381064,0.6876643459463718,0.6876026623378985,0.6876849594929261,0.6877436301358899,0.6878440676414603,0.6877942041929862,0.6880208893588093,0.688053995903039,0.6879855786624797,0.6878348997098911,0.6877997695901014,0.6877486582173041,0.6878183687643012,0.6877873929842102,0.6841274719131287,0.684140057309668,0.6841451428367195,0.6841390343238501,0.6841450454751743,0.6841432373115655,0.6841505532857645,0.6839747903864016,0.683981126791413,0.6839765499350879,0.6839501646885946,0.6839279249552026,0.6839230373810639,0.683918966981611,0.6839141920196555,0.6838735862917328,0.6838958814210981,0.6838902166815808,0.6838392230407725,0.683836077349329,0.6838266767165195,0.6838354598286103,0.683832488387387,0.6838432380556947,0.6838494405361949,0.6838898584153069,0.6838899770635314,0.6827476903092932,0.6827477378191326,0.6827348409028484,0.682751570117148,0.682766036478651,0.6827697680779491,0.682804750048103,0.6828117202751415,0.6828115649408181,0.6835490264128518,0.6835443265379384,0.6835341120733878,0.683534979364147,0.6835311062338801,0.6835533311236638,0.6835480410713545,0.6835921890448443,0.6836117602602865,0.6836313935285706,0.6836413563110574,0.6836511553534691,0.6836776057269958,0.683201193677401,0.6831932945790259
34,0.6107049898276762,0.6252215500728614,0.6247367916777123,0.619343249405395,0.6284950480396678,0.6374338676708126,0.6388657086515648,0.6385334078057088,0.6391562636503677,0.6908411222354234,0.6911573441213077,0.6911373427130458,0.6912448658940066,0.6912068677835492,0.6913047317413901,0.6912739864004139,0.6912517007546355,0.6912980514976705,0.6912210235048337,0.6912600269788153,0.6912755098034259,0.6915909828687415,0.6915743303290286,0.6915378976426525,0.7278306401224257,0.7266224497777669,0.7266036649773873,0.7265854151140219,0.7042457417088328,0.7042495681652697,0.7034788333446097,0.7035008697341357,0.7035094359672759,0.703474340826975,0.7034735999806739,0.7034863415068368,0.7033242379358268,0.7033230504404747,0.7033309382299636,0.7033337140477157,0.7033379204380198,0.7033388221227199,0.703497526527033,0.7035008295249028,0.7035107850089496,0.7035064917834538,0.7034908987076607,0.7034897983741759,0.7034960566995531,0.703496198896383,0.7012176010301775,0.701198197862073,0.7011831746679538,0.7012023921532535,0.7011930496569492,0.7012005892660138,0.7011886649159735,0.7009193555993452,0.7009009467412393,0.7009003427681003,0.7009521005395875,0.7009376560721488,0.7008804228092997,0.7008917169019852,0.7009147928945287,0.7009671242982145,0.7009315397301037,0.7009443919739387,0.7008363076657698,0.7008450062553019,0.700859706893846,0.7008462329721873,0.700853486969111,0.7008368995305813,0.7008304380492658,0.7009099281760361,0.7009119346472611,0.6987749517831742,0.6987749520624884,0.6987749524748199,0.6987749526145233,0.6987749527424976,0.6987749530125085,0.698774953053098,0.6987749532768915,0.698774953563823,0.6987750202613295,0.6987750212254331,0.698775022111949,0.6987750231040728,0.6987750241025551,0.6987750248884415,0.6987750258319867,0.6987750272314274,0.6987750284045824,0.698775029512379,0.6987750305626642,0.6987750315967092,0.6987750322758235,0.6987750311973701,0.6987750322948618
35,0.6480152978137327,0.6652022221212843,0.6635725816147696,0.653633713497651,0.6591778635631529,0.6751068606169046,0.676654545023627,0.6762716362745964,0.6770204755943274,0.7578874058932478,0.7578353627022334,0.7578860350581983,0.7578676410668067,0.7578908078760729,0.7579655099041961,0.7579886669863227,0.7579932526007399,0.7576952830274923,0.7577670797329188,0.7577491867488407,0.7577525491770376,0.7580303117443689,0.7580710336429392,0.758119417924393,0.7720863006903432,0.7714472952308054,0.7714618557933596,0.7715438813924135,0.7558911551232299,0.7559042459462512,0.7560074480097398,0.7559179847633865,0.7558963366886329,0.7559001305798123,0.7559253548488148,0.7558652280484582,0.7564650119172741,0.7565040673967318,0.7564618807879933,0.7564291216511649,0.7563648977394943,0.756398412019562,0.7564532710825328,0.7564373126559509,0.7564992933893235,0.7565903462613042,0.7565816862472707,0.7566135540026914,0.7565773429771551,0.7565978550815534,0.7562644177582628,0.7562334496738266,0.7562108749640039,0.7562393927591525,0.7562245362667454,0.7562355231131188,0.756216683034395,0.7559867083237041,0.7559559455407389,0.7559545851766661,0.756034622720498,0.7560337294357607,0.7557985116782321,0.7558151172527646,0.7558464539703716,0.755928604923007,0.7558720527049866,0.7558915330749512,0.7554362344341019,0.7554514315033833,0.7554794344481405,0.755453677397689,0.7554595648672169,0.755427952394474,0.7554144714404026,0.7554796443225104,0.7554828390874486,0.7547113211809995,0.7547103061489177,0.7547267481051875,0.7547075625432995,0.754690748486531,0.7546880173744562,0.754660352331951,0.754653214224768,0.7546534040742763,0.7566499659392573,0.7566533914312172,0.7566595783344138,0.7566590615395222,0.7566628710413156,0.7566450402873072,0.7566489216295753,0.7566223460879792,0.756610397720077,0.7565983449220602,0.7565936029730831,0.7565876502253515,0.7565716172175704,0.7566265170186165,0.7566717141597417
36,0.6573854109947599,0.660540648494099,0.6589909989171779,0.6493290340439943,0.655447843821018,0.6708399985933196,0.6724077826915911,0.672019403390981,0.6727721805807334,0.752460670625166,0.7525271308237008,0.7525496226835255,0.7525710291788239,0.7525719387556565,0.752645973220743,0.752648653810099,0.7526435038787598,0.7524723699288608,0.7524870750989756,0.7524880891437767,0.7524943718210694,0.7528266854639286,0.7528406934237731,0.7528519043799983,0.7700746530309716,0.769481871195564,0.7695001770322174,0.7696109170714345,0.7543555603960372,0.7543718559144259,0.754513177951425,0.7543953712157133,0.7543657242212964,0.7543703445802474,0.754402549961283,0.7543231332578857,0.7547608954525976,0.754808868600441,0.7547555720702985,0.7547139288211153,0.7546371248996335,0.7546782703072372,0.7547368413889459,0.7547163003170461,0.7547889019149095,0.7549018895382602,0.7548988070141049,0.7549381128727157,0.7548924468598673,0.7549175834187183,0.754533191860766,0.7544932584617651,0.7544650109477249,0.7545003630245438,0.7544812031533314,0.7544946934787855,0.7544704628547234,0.7542252395328438,0.7541890707242416,0.7541898580085624,0.7542920231322303,0.7542899770222732,0.7540971236408878,0.7541181606067854,0.7541566868433663,0.7542674320338776,0.754194090459427,0.7542189003946215,0.7538697907627534,0.7538877130670859,0.7539213081265158,0.7538903798052361,0.7538980521199101,0.7538600890604595,0.753843634452754,0.7539135914962275,0.753917167004843,0.7530382972424139,0.7530373126989988,0.7530574450484782,0.7530335650645217,0.7530126546938197,0.7530089912251535,0.7529707860948394,0.7529617245831436,0.7529619593902263,0.7558464353992053,0.755850431802098,0.7558577421184068,0.7558571308365634,0.7558615063201409,0.7558379838589322,0.755842506143871,0.7558111150428631,0.7557969943502998,0.7557827528557323,0.7557770619537023,0.7557700071470576,0.755750982266542,0.7558116683247148,0.7558470956100828
37,0.7044023249353436,0.6904612704221832,0.6891600082747743,0.6800183914999711,0.681599474361744,0.7022858599027951,0.70370080969527,0.7033487226726646,0.7040670414407939,0.781356980934762,0.7812625148180223,0.781325863445305,0.781293631993059,0.7813252504203924,0.7814134700316394,0.781443682082026,0.7814554892235659,0.7809872985370889,0.7810774448128482,0.7810491844202904,0.781051051400915,0.7811796396335586,0.7812237585056985,0.7812784123661054,0.7838164551501244,0.7834293968388006,0.7834563482286913,0.7834213871298126,0.7701617508164142,0.7701644279832888,0.7702103534663592,0.7702063815364961,0.7702085915959154,0.7702103700334154,0.7702146733390189,0.7702127540030538,0.7729114742885941,0.7729167852358095,0.7729154999240513,0.7729134261980279,0.7728881804062289,0.7728929341486561,0.7729317928019399,0.7729324713058553,0.7729532738880075,0.7729626273773001,0.7729391786974569,0.7729428554589051,0.772941960824179,0.7729448881201683,0.772879178221876,0.7728812319914282,0.7728802538625138,0.7728830864503324,0.7728840860572483,0.7728856525814003,0.772886686741008,0.7727997294891146,0.7727855071773535,0.7727773383983696,0.7727736556863372,0.772776760662165,0.7721646253355807,0.7721642064159869,0.7721687493264229,0.772145072287265,0.7721525177510902,0.7721516110785464,0.7709862042264156,0.7709932173017439,0.7710048331581357,0.7709941861395393,0.7709952068889331,0.7709821697206984,0.7709772540478063,0.7710322261058506,0.7710341925285245,0.7707584735573071,0.7707576000299401,0.7707645715413678,0.7707574732403165,0.7707510980864958,0.7707509064859644,0.7707477391224511,0.770745604192277,0.7707456790236116,0.770407455409964,0.770409580155605,0.7704131130972048,0.7704128271960636,0.7704154861713305,0.7704416828003625,0.7704441405909517,0.7704288661117724,0.7704219945453563,0.7704150925010942,0.770412926281961,0.7704095311218592,0.7704004211295775,0.770428677184418,0.7705739443179507
38,0.7292735314587065,0.7050824034465208,0.704160429317674,0.695792737230023,0.6927141313539303,0.7212704221602847,0.7226269479316939,0.7222717637948253,0.7229730388940924,0.800422028335004,0.8008637393206512,0.8007918015436865,0.8009431542947542,0.8008701626170883,0.8009623996483659,0.8008949807174424,0.8008698662112792,0.8009267489945007,0.8007435859809076,0.8007992839392123,0.8008123885063382,0.800954239458813,0.8008627536179022,0.8007319437915011,0.8003386769226893,0.8006097196962196,0.800665550404389,0.8006337616204894,0.7947556642658292,0.7947652686934106,0.7950296488476657,0.7949489806343624,0.7949284076773241,0.7949362755001297,0.7949591188575409,0.794905504552469,0.7998974682472584,0.7999156960427436,0.799895248760915,0.7998777963188453,0.799832342453357,0.7998478920785693,0.7998640618611398,0.7998563257755386,0.7998841979335056,0.799927704265056,0.7999543376965528,0.7999691528351628,0.7999521105998514,0.7999616062872263,0.8000986796504667,0.8000872642754239,0.8000791664424943,0.8000899279105859,0.800084464207219,0.8000886960034281,0.8000817677328219,0.8000215304323678,0.8000010402678482,0.8000008749391649,0.800027951627596,0.8000292301045242,0.7995110007140077,0.7995165849343909,0.7995301319953021,0.7995616244970589,0.7995423591513495,0.7995490858591808,0.7986702089494202,0.7986806794387501,0.7987013217721658,0.7986822281948535,0.7986850144906464,0.7986616577452389,0.7986510953718099,0.7987128162883652,0.7987144886054082,0.7986352297720478,0.7986350663487785,0.7986489866541331,0.7986319935058602,0.798616864802253,0.7986140681969399,0.7985803216194179,0.7985736899946732,0.7985738529998898,0.7982375115763535,0.7982413630604585,0.7982490511237519,0.798248428263029,0.7982522337110969,0.7983142166413348,0.7983185517761578,0.7982854644470914,0.7982705486376652,0.7982556648208744,0.7982491318591293,0.7982416337332344,0.7982213611955372,0.7982656397063526,0.7984753027893733
39,0.5586863240868841,0.45938931248574044,0.4589418428463616,0.45817070064427934,0.4590252938053214,0.4590158471207635,0.4591770939655679,0.45904601954178276,0.4591604199968742,0.4591624713324891,0.4593444894783354,0.45925080285524167,0.45928589146342724,0.4591958860070291,0.459154582254073,0.45908708713192564,0.4590351664519948,0.45920383299286865,0.4590520330422193,0.4590646954979158,0.45905028625044186,0.4376202388609728,0.43756221686725527,0.4374791316132919,0.43720546605704874,0.43739717634943415,0.43741893532397086,0.4375098192504397,0.43795983496349594,0.4379568768563353,0.43751032669032663,0.4374286417188416,0.4373983756598841,0.4373455450239043,0.43735506199712076,0.43729820377938977,0.4373979853967566,0.43741968334109843,0.43738101743798585,0.4373479781376004,0.4373021613300178,0.4373173956872062,0.4207950141571333,0.42079300586700946,0.420803068465656,0.4208200459713356,0.42082130880659496,0.4208279625245741,0.4208219941687,0.42082642122836517,0.42085626132873605,0.420851893888158,0.42084533924103634,0.420850795361347,0.42084906745324807,0.42085153500554273,0.4208494725330132,0.4208461142470459,0.4208420553353956,0.4208433261659219,0.42085758535518075,0.42087306179744305,0.42086690469020605,0.42087051275608045,0.42087516188928153,0.4208917770952976,0.4208815177721391,0.4208856641205635,0.4208910440515563,0.4208942335539622,0.4208985705294416,0.420894607574429,0.4207358333608741,0.42072995617855136,0.42072750362825073,0.42073103288278735,0.42073166633505205,0.42072850651083304,0.42072839198489126,0.42073199101278047,0.42072734973669945,0.4207233691102801,0.4207228236597225,0.42071453131529085,0.42071295744410486,0.4207130062615895,0.42073434784318,0.4207355614110366,0.4207378444189009,0.42073780474384953,0.420739095440858,0.42073261069000323,0.420733770339594,0.420733866881406,0.4207295636548887,0.42072547015521145,0.42072371686358145,0.4207216087751101,0.42071587240034947,0.4207781956553185,0.4207797181922269
40,0.5560494254769692,0.4593557843314804,0.4588922239107503,0.4581061629451782,0.4590790648629326,0.45905732153872136,0.4592375323426298,0.4591008848094047,0.4592253626514123,0.4592309120706199,0.459429399191279,0.4593310545368884,0.459371071268572,0.45927696216900643,0.45923450855685843,0.459163781206393,0.45910967041746376,0.45929080550698875,0.45913044246705753,0.4591454430479019,0.4591311501654251,0.4360484463216073,0.4359904128172328,0.4359072933139371,0.43563129709724,0.43582586017771574,0.43584815883878075,0.4359403026657149,0.4363916378716659,0.4363889193527439,0.435912666757423,0.4358299678658506,0.43579948490151915,0.43574568897447397,0.4357555222814985,0.43569805677845697,0.4357993164873681,0.43582147019840467,0.43578240125392553,0.4357490504619997,0.4357027356084539,0.43571831777974857,0.4183495948513473,0.41834944468775676,0.4183558704221068,0.41836562510229175,0.41836596177412866,0.41837031235370514,0.4183679882893685,0.4183710817717347,0.41838455181440437,0.4183834732833494,0.4183776936411962,0.4183813097681252,0.41838123607964045,0.41838316512474566,0.41838315568363144,0.41838011137366815,0.418377994716614,0.41837921134248196,0.4183869653538448,0.418408558491277,0.41840419661115924,0.4184068414083238,0.4184091839985457,0.4184178471605524,0.41841265805319083,0.4184155114387675,0.41841772709904423,0.4184202831136451,0.4184225546670448,0.41842051767527433,0.41826692518518094,0.4182633606777704,0.4182622705509602,0.41826428740280336,0.41826502246508723,0.41826286911715366,0.4182627801744579,0.41826504053607994,0.4182622384064461,0.4182599078831281,0.4182600590469428,0.4182553697133614,0.4182547423601268,0.41825477720763016,0.4182596970422995,0.4182606223770651,0.4182620457592601,0.4182621125108691,0.4182633605850594,0.41825904109703543,0.4182597921830825,0.4182649273967461,0.4182622571420783,0.4182599024005492,0.41825928500686105,0.41825799566986516,0.418254426896302,0.41830754856864977,0.41830883071520053
41,0.5561291680835405,0.4761470099104173,0.47598112325191766,0.47564376007251746,0.47679829382380107,0.47625078584198716,0.4766250345402626,0.4765698377342953,0.4767045469781849,0.4762454309535793,0.47665068022456347,0.47656603512661094,0.47670870488094924,0.4766437754930991,0.47664010451696476,0.47658298435465796,0.4765516721857954,0.4768433014467204,0.4766843424999973,0.4767573411172765,0.4767741051802207,0.45348434372712915,0.45348269294717364,0.45348792222988105,0.45321028821991893,0.453378327100678,0.45340122142228134,0.45346295508816736,0.4533161360373777,0.4533281333051089,0.4509606267130571,0.45086930268690056,0.45084802635265425,0.45085233879996284,0.45087757768899606,0.450820906722397,0.4509500512532151,0.4509841896296956,0.4509474720613108,0.4509189232603519,0.45087320740955855,0.4509015590013187,0.4430254613337603,0.4430381395299832,0.443024430544386,0.4429908803118495,0.44298362518014783,0.4429751326126943,0.44299624534012366,0.4429922742784344,0.4428768941150156,0.44289786074360243,0.4428997586117475,0.44289294976199406,0.44290427872301397,0.44290370164416487,0.442917881243518,0.44290354523241937,0.44291365250595177,0.44291454260687835,0.4428819706506502,0.44305302775044164,0.4430576628357379,0.44305438282361903,0.4430423155660419,0.4429958384661512,0.44302527500030536,0.4430199959673906,0.44299928096011704,0.44299841412080665,0.44298679676341285,0.4429977461755219,0.4424843110607164,0.4424925300542462,0.4424982343043173,0.44249228249539857,0.44249335963697817,0.4424966236156008,0.4424966385092409,0.44249183103603407,0.4424984206525104,0.4425045244284353,0.44250801608272416,0.4425222279338033,0.4425263539048907,0.4425263131474917,0.442434401389692,0.4424338021239034,0.4424309148852917,0.44243168713599645,0.44243251695901464,0.44243882816585595,0.44243741701520845,0.44247117326255564,0.4424767456042215,0.44248319430656896,0.4424880837020523,0.442490962351745,0.4424984733787726,0.4425095395144167,0.44250925024952276
42,0.5641761743455204,0.5185234076124657,0.5177481713788534,0.5147176216993449,0.50671403789167,0.5057329054014684,0.5053946816111917,0.5055275619302677,0.5051851613230772,0.5034063650422189,0.5035553416789667,0.5035494614592894,0.5036225393048137,0.5036288721227912,0.5036432748390709,0.5036480698299162,0.503654054587612,0.5037094106500791,0.5037078997704335,0.5037520953334229,0.5037723587373718,0.4858483836915447,0.48597291320882796,0.4861571983903493,0.4870244364639423,0.48693863160725975,0.4869258814492648,0.4868174675997237,0.48512268643251055,0.4851257750357107,0.47951840398431433,0.4794945390348213,0.4794933938840146,0.479505114642358,0.4795162550054851,0.4795048497252723,0.47953359123672407,0.47954603982447247,0.4795386016665335,0.47953351505001773,0.4795238969858329,0.4795349822416791,0.47688175387515014,0.4768962473236326,0.4768756454700737,0.476828588328894,0.4768186871355457,0.4768049851221221,0.476831235256973,0.47682386415849004,0.4765399577282754,0.4765646245967451,0.4765746629853307,0.476563628041152,0.47657651481316593,0.47657409040744053,0.47659017152893157,0.47656262704738533,0.47657605694985683,0.476575422265958,0.47653132209035864,0.4767500143036909,0.4767584468027626,0.4767517830834409,0.4767366316330904,0.47667246381209655,0.47671237091445445,0.476703161548687,0.476676099252994,0.47667236175632277,0.4766564093912719,0.4766713323296979,0.4761279661101908,0.47614034176163567,0.4761473492540409,0.4761382236717212,0.4761384371988901,0.4761464640570535,0.4761465289291182,0.4761389337084288,0.47614879767907536,0.47615773259049715,0.47616107358762205,0.4761815042056811,0.47618640077949714,0.47618632124771576,0.47603047592568953,0.4760288081223146,0.47602427192715807,0.4760251343955693,0.4760245269032468,0.47603526526728407,0.47603291036161344,0.47606404750731984,0.47607272890741,0.4760820017283542,0.47608761081779744,0.47609200832629434,0.4761037031257123,0.4754763754554651,0.47547426670901466
43,0.5672388460743853,0.5341032201841073,0.5332572400684834,0.5298353730194625,0.5199546767125908,0.5189643322983065,0.518422884283102,0.5185991685574696,0.5181153756687493,0.5162754704688632,0.5163078588611987,0.5163313570933038,0.5163658488476932,0.5163966201592324,0.5164143169817809,0.5164428805987497,0.5164605918725558,0.5164097870659119,0.5164683200002803,0.5164939095952465,0.5165119326614567,0.5027106082736095,0.5028462286761423,0.5030447293735515,0.5047762019519348,0.5046764777054115,0.5046622264234735,0.5045470727399691,0.5024163256375194,0.502417819833771,0.49659923763635694,0.49658128922460254,0.49658171096771475,0.496563728945865,0.49657419303322436,0.4965653357930735,0.49658021825567866,0.4965914417674937,0.49658631299231387,0.4965826319251079,0.49657529595622535,0.49658554996883797,0.494707639169909,0.49472117606220944,0.4947037083255656,0.49466034807923065,0.4946494274005194,0.49463669123986265,0.494661493351557,0.4946547506384025,0.4940945583166118,0.4941162275201418,0.494120835846792,0.49411208119766126,0.4941233466338512,0.4941216527215936,0.49413563994644605,0.4941059789538946,0.49411734969097915,0.4941165632814811,0.49407925297580685,0.4941252393722605,0.4941292416415402,0.49412459346972715,0.4941134633316418,0.4940609777830198,0.494093421120285,0.4940865847366092,0.49406394642986456,0.49406163231392164,0.4940486642980426,0.49406084399694117,0.49345935241959454,0.49346854054095224,0.49347383829657937,0.4934667988220659,0.49346704407908504,0.4934757520623014,0.4934757318068799,0.49347038152732403,0.49347770091815196,0.4934843916346493,0.49348699154112186,0.4935028309374818,0.4935064997405094,0.4935064418497163,0.4933115376098357,0.49331031685738275,0.4933068898727342,0.4933074234482874,0.4933070591172958,0.49331443388127155,0.4933127734854357,0.4933349574884997,0.4933414705491589,0.49334833901676406,0.49335262994192464,0.49335591068831053,0.49336464738672214,0.4919533809892493,0.49195165708761956
44,0.5798560761768383,0.5709749840525853,0.5703047663061733,0.5673626523388724,0.5584276631173687,0.5582905818490509,0.5577027734264502,0.5578743562435283,0.5572920650782771,0.5601456740608539,0.5600904613002616,0.5601370869395439,0.5601373323084144,0.5601848220705214,0.5602141001071892,0.5602639756397084,0.5602886497334999,0.5601313614281817,0.56024201797718,0.5602479219467171,0.5602625053892343,0.5533961462857209,0.5535420309255845,0.5537492597920268,0.5645834799786954,0.5642494355395752,0.5642120920491211,0.5640054901722509,0.55854931969344,0.5585347512660179,0.552131127305211,0.5522638245395078,0.5523037071570929,0.5522266209722462,0.5521997486523481,0.5522883291072335,0.5520331453289957,0.5519926303957479,0.5520497691668871,0.5520897727223971,0.5521598830138363,0.552127386369817,0.5520464182418545,0.552074488251592,0.5520168192165589,0.5518934857687977,0.5518678875091895,0.5518265404690353,0.5518848770395445,0.5518600742405655,0.5491939508176085,0.5492154384208794,0.5492250778262692,0.5492131483073317,0.5492237742432993,0.549220166522325,0.5492333824299722,0.549184367496664,0.549197081621795,0.5491941806138296,0.5491515522043767,0.5490345074817636,0.5490394456618587,0.5490331466576273,0.5490300079740367,0.5489747662563403,0.5490080953141852,0.5489995590115452,0.5489791338121462,0.5489747741354354,0.548961256789135,0.5489738777966452,0.5487403787379294,0.5487545838787553,0.5487621860295648,0.5487546464961461,0.5487544767291256,0.5487721904603168,0.5487721064142123,0.5487637896363294,0.5487752365368277,0.5487849506722446,0.5487882680227976,0.5488134783613731,0.5488186915690494,0.5488185932547551,0.5483683423831889,0.5483662339138656,0.5483610356605407,0.5483615370572853,0.5483602951028025,0.5483709701234092,0.5483684765662645,0.5483947044192878,0.5484045788179747,0.5484146203298536,0.5484203699021376,0.5484253050571853,0.5484385564237815,0.5429172607039899,0.5429166002444754
45,0.5596853049470054,0.5701915631353164,0.5689090036643539,0.5639807109912176,0.5516236832106476,0.5511639348974461,0.5504242531695722,0.5506319069226612,0.5499741876774862,0.5512790464306694,0.5511995894014794,0.5512510631358517,0.551245738633136,0.5512982656497686,0.5513254237918943,0.5513789520228718,0.5514064554122927,0.5512359865069578,0.5513563819693479,0.5513609055525023,0.5513757012942574,0.5431065563846059,0.5432683476693493,0.5434994841580869,0.5519429551901897,0.5516348877758142,0.5515973210567044,0.5513851586387731,0.5464214313535631,0.5464079781666258,0.5393001937159949,0.5394047668074076,0.5394366722819866,0.5393667432811395,0.5393462218369459,0.5394161792197946,0.5392148719458651,0.5391834344824199,0.5392287271724214,0.5392602939147729,0.5393157047661352,0.5392906448536129,0.5391043903325528,0.5391281323248321,0.5390801035186795,0.5389769655621709,0.5389556083520396,0.538921140166384,0.5389703398832154,0.5389497469317431,0.5368069440864048,0.5368277855720563,0.5368371880950128,0.5368255634479695,0.5368358965696695,0.5368323902934077,0.5368452675928556,0.5368075311559556,0.5368198524102437,0.5368172939286754,0.536775944981105,0.5366588183755296,0.5366644939953648,0.5366583835284362,0.536655633802035,0.5366023600752949,0.5366347061132759,0.5366264479467345,0.5366068637878576,0.5366026644586982,0.5365895482787705,0.5366017908795548,0.5363579012492291,0.5363714161083332,0.5363786478643737,0.5363722556409035,0.5363720929296849,0.5363927235682033,0.5363926760285986,0.536384856305978,0.5363956352556103,0.5364047448211221,0.5364079153643816,0.5364313113934553,0.536436253829557,0.536436161727128,0.5360639334444324,0.5360619683484498,0.5360570674917785,0.5360575505037621,0.5360564523652703,0.536066876305261,0.5360645549164812,0.5360898144704246,0.5360991250743073,0.5361086057815483,0.5361141417501251,0.53611879653816,0.5361312915487114,0.5319233584198761,0.5319225229621823
46,0.5692750443341207,0.5704038359321365,0.5718965306330809,0.5758556607647325,0.5841464559357995,0.5865010485929578,0.5870231639534096,0.5869369866456292,0.5869535471029579,0.6031798552371724,0.6033995956824179,0.6033930791410215,0.6034747229844831,0.6034686608902049,0.6035233697567038,0.6035275006890155,0.6035242940512057,0.6035454629636295,0.6035379737900839,0.6035745935538442,0.6035929201452276,0.6010171794322939,0.6010769897127443,0.6011543082077118,0.6275692546267162,0.6265824932373875,0.6265100371738163,0.6261967275349103,0.6136220725759374,0.6135899109275859,0.6089621970557003,0.6093115755183455,0.609409890659738,0.6092925914863709,0.6092122024927643,0.6094446516721627,0.6087832214686639,0.6086689250156742,0.6088156700897068,0.6089178596989939,0.6091007103294647,0.6090068075317908,0.6093373892926434,0.609396952243898,0.6092576278211114,0.6089762864445443,0.6089258450509404,0.6088300177772862,0.6089564029490698,0.6088975931020928,0.6021303352796076,0.6021442095197259,0.6021519610368115,0.6021428726779665,0.6021495802967293,0.6021464776925204,0.6021548280425307,0.6020884892009576,0.6020974128372075,0.6020949240106576,0.602064721388523,0.6020278861366574,0.6020327927696029,0.6020274804558421,0.6020218806373703,0.6019822781341998,0.6020060025735883,0.6019991688451671,0.6019836697131726,0.6019796868857706,0.6019699751439841,0.6019789972152297,0.6019394735142191,0.6019504570453634,0.6019560343177043,0.6019495738754748,0.6019491919955655,0.6018966413628379,0.6018966390701562,0.6018893452074568,0.6018989290639724,0.6019072731791202,0.6019095605052217,0.6019298453285948,0.6019339081740256,0.6019338220215825,0.601624047268047,0.6016220881338925,0.6016176979562001,0.6016180888841934,0.6016165712401115,0.6016262599561903,0.6016240190100852,0.6016438952546204,0.6016522287437819,0.6016606124084842,0.6016649757978582,0.6016691264105051,0.6016802872474021,0.59974737998793,0.5997448347969623
47,0.5668653105667122,0.5747054188345974,0.5758816240335022,0.5788371559521712,0.587412284400921,0.5899877588921555,0.5905874877699276,0.5904821324016698,0.5905376657734521,0.6084701652634008,0.608658479187616,0.608663249485519,0.608732983374053,0.608731818159471,0.608794674814401,0.6088036750823926,0.6088017489050991,0.6087793041701942,0.6087902998107055,0.6088193081013616,0.608836316096933,0.6067020601233236,0.6067680619967217,0.6068509646981971,0.6323603402703364,0.6310989534957429,0.6310184351735062,0.6306868073302232,0.6152322956234365,0.6151965750499042,0.6107985764698328,0.6111852256041529,0.6112931252771123,0.6111647378919397,0.6110745970224445,0.6113319085472242,0.6105982925768839,0.6104708632387946,0.6106327346318242,0.6107422416259934,0.6109441722488329,0.6108392267557845,0.6111950612910186,0.6112598918652482,0.6111051652480162,0.6107959793324993,0.6107430700590969,0.6106375953500475,0.6107755273759418,0.6107106098933845,0.602432209230228,0.60243221085988,0.6024322121674506,0.602432212429242,0.6024322136559576,0.6024322143108934,0.6024322156656539,0.6024322194305476,0.6024322208964626,0.6024322215217781,0.6024322202547505,0.602432220176493,0.6024322216555084,0.6024322220873396,0.6024322226804515,0.6024322206047699,0.6024322231058816,0.6024322234127775,0.6024322235446615,0.6024322240139933,0.6024322240760389,0.6024322255558812,0.602432225783522,0.6024322274538939,0.6024322287099401,0.6024322301081977,0.6024322307899884,0.6024322264661598,0.602432227243184,0.6024322273521551,0.6024322289013695,0.6024322302514654,0.6024322311756162,0.6024322334161697,0.6024322345242176,0.6024322353152156,0.6024322178666214,0.6024322183075779,0.6024322185313598,0.6024322191692405,0.6024322196360591,0.6024322210492771,0.6024322214518303,0.6024322238296886,0.6024322252258509,0.6024322265969969,0.6024322275936711,0.6024322285992907,0.6024322299430245,0.6024321770686548,0.6024321769683411
48,0.5844234544991205,0.6011058731154909,0.6013311868818458,0.5996577033823582,0.6089894956047085,0.6140994519517546,0.6151732765989255,0.6149448267043364,0.6153151561567805,0.6477953057499138,0.648013266875114,0.6480218621809488,0.6480983559107231,0.6480862307898927,0.6481785953132642,0.6481740103830677,0.648164199402651,0.6481251860658453,0.6481165059718595,0.6481425459172065,0.6481582041119107,0.6477258204897165,0.6477592567983097,0.6477903546767214,0.6810690636033201,0.6793237263608309,0.6792472727520731,0.6789746688250344,0.6556728692771792,0.6556451759692443,0.6531359610231751,0.6534558224881178,0.6535454721180319,0.6534431759805277,0.6533692278614519,0.65358160559408,0.652917372048382,0.6528135475718861,0.652946518196526,0.6530371657709152,0.6532020442874713,0.653116848632812,0.6533967856112413,0.6534497639776823,0.6533273213703868,0.6530767819457985,0.6530299404314671,0.6529445519803255,0.653057026326172,0.653004611040094,0.6478595867164267,0.647889267583633,0.647908509405683,0.6478873880996024,0.6479016274359242,0.6478941105637287,0.6479118556482656,0.6479465139757262,0.6479667361307061,0.6479600926758261,0.6478863559243306,0.6478633484556913,0.6478842325476537,0.6478703421400289,0.6478537202816568,0.6477591092188308,0.6478153324224833,0.6477982384061733,0.6477550025351558,0.6477442458470669,0.6477209956312171,0.647742520333642,0.6477458173264041,0.6477722661066773,0.6477853551888304,0.6478421795039221,0.6478407713854009,0.6470669630089706,0.6470672527528044,0.6470465269347913,0.6470726334753425,0.6470940647464203,0.6470993050744461,0.6471518856612841,0.6471625422054731,0.6471622935490845,0.6466162079696068,0.6466105036982257,0.6465985550566087,0.6465995785931895,0.6465945574829656,0.6466243235814549,0.646617908070924,0.6466697053822376,0.6466928236539843,0.6467160993164637,0.6467274753754759,0.6467391110107277,0.6467705827442671,0.6466711740289004,0.6466627565977943
49,0.6040483686740109,0.6216630425865809,0.6212577888086468,0.6162159114573064,0.6241214787374443,0.6308886605322361,0.6320810723450961,0.6318168141249648,0.63229356418881,0.6742381399498201,0.6743005152807042,0.6743525440364488,0.6743756924033386,0.6743886423529045,0.6745020458571024,0.6745174412055518,0.6745168695030515,0.6743034709638117,0.6743634926606811,0.6743604419227498,0.6743709395862206,0.6744867838365697,0.6745428114110174,0.6746015193719126,0.7044494608631553,0.7025079035302852,0.7024549971923597,0.7023108765135834,0.672404564289144,0.6723929229610308,0.6710487099486783,0.6712118017931076,0.6712584575925526,0.6711947894366074,0.6711587623590183,0.6712661983343237,0.6708911225775533,0.6708410657008174,0.6709077026970228,0.6709518817233319,0.6710318363726389,0.6709915794578539,0.6711812996026321,0.6712078026161297,0.671154086290521,0.6710332357333788,0.671003899877169,0.6709628298108766,0.6710188519658644,0.6709939754526771,0.6678909559994026,0.6679031584948906,0.6679106793447989,0.667903927424043,0.6679097669951585,0.6679076062506679,0.667914799160257,0.6678223829541292,0.6678285178437408,0.667823732542139,0.6677936345027595,0.6677745379506274,0.6677614980150991,0.6677563135998563,0.6677547391621781,0.667710582318898,0.667735044516417,0.6677283203879746,0.6676405200691513,0.6676364829565037,0.6676263796522608,0.6676357807785539,0.6676420249251234,0.6676535518263242,0.6676598839393469,0.6677463027096253,0.6677460737397131,0.6665718833673732,0.6665720028147151,0.6665593844553137,0.6665754145226188,0.6665882094566226,0.6665915284232441,0.6666247085199208,0.6666313259726729,0.6666311743691998,0.6660126199308077,0.6660094366744537,0.6660027059526226,0.666003289703947,0.6660005508783481,0.6660172942521683,0.6660137196154085,0.6660429818532216,0.6660560423167019,0.6660692055347055,0.6660757478675216,0.6660823338521451,0.6661001592965602,0.6661522102056251,0.6661495341953951
50,0.6358439144193946,0.6567650858650526,0.6553264171882454,0.6458585358841128,0.6517649869982254,0.6621785712887939,0.6634922746007608,0.663189240527107,0.6638002628432486,0.7212892786026229,0.7209732143158644,0.7211139882285725,0.7210085034736231,0.7210854369701762,0.7212177147067189,0.7212894308999849,0.721315700656916,0.7206952596588954,0.7209204375848666,0.7208531060096464,0.7208518512336158,0.7212159951915089,0.7213379453564907,0.7214887365601331,0.7388279947515071,0.7370498314372367,0.7370338248195507,0.7370531252639961,0.7044002527425607,0.7044075447001946,0.7043075387661332,0.7042757809847556,0.7042696338994507,0.704263464578043,0.7042745611642447,0.7042524086944444,0.7047204963210255,0.7047386756904384,0.7047216374840467,0.7047082798079974,0.7046741813946019,0.7046905833067976,0.7047576302446971,0.7047513225086306,0.7047862773383323,0.7048279892611423,0.7048142881532645,0.704828889043113,0.7048142362019895,0.7048239978614815,0.7041439594163791,0.7041292605102957,0.7041174471472024,0.7041328623896519,0.7041257876123734,0.7041318984497206,0.7041228748376706,0.7038386816664356,0.703818576022392,0.7038155071471437,0.7038547279920929,0.7038515733480851,0.7036198778639948,0.7036280048728528,0.7036481174731976,0.7036794721430837,0.7036551058196864,0.7036642606279485,0.7031114074914275,0.7031199552919343,0.7031347730611878,0.7031211830050326,0.7031258031051348,0.7031090797066023,0.7031024025469143,0.7031610199327203,0.7031631186555966,0.7023285709931688,0.7023279577050225,0.7023345716428576,0.7023273486809712,0.7023207385193192,0.7023200941613882,0.7023127947476666,0.7023103152548372,0.7023103917315734,0.7024162557454063,0.7024173913783942,0.7024191788214708,0.7024190394760077,0.7024205312410134,0.702417193419718,0.7024185046789669,0.7024108257792321,0.7024073524808832,0.7024038473750904,0.7024028823403409,0.7024011652137986,0.7023965553021422,0.7024608529942652,0.7024894075154018
51,0.6653365725954039,0.6856574643834638,0.6841887757679045,0.674757290891372,0.6782522105960811,0.6934217254868492,0.6947216858969171,0.6944147969731623,0.6950692060329516,0.757267896187541,0.7568920381455352,0.7570380169078016,0.7569113744277584,0.7569963611496273,0.7571211411779778,0.7572005646990403,0.7572326045338085,0.7564628116501322,0.7567009898570932,0.7566230149362801,0.7566186730138917,0.7568541691840669,0.7569730817335247,0.7571259789178232,0.7628087479411487,0.7617016474147215,0.7617116955630581,0.7616832249694497,0.7389598526055478,0.7389563869205009,0.7388926784403705,0.7389467890459527,0.7389648489998227,0.7389601106573191,0.7389499464403824,0.7389865833410899,0.7409451609978941,0.7409320222067145,0.7409533506994244,0.7409654602496893,0.7409613699679086,0.7409509192104652,0.7409991142310696,0.7410086740743886,0.7410082213705257,0.7409733809014196,0.7409302157915859,0.7409184247972223,0.7409370411984527,0.7409303863850728,0.7407671669905982,0.7407857584398538,0.7407958118362887,0.7407858048478584,0.7407947222646875,0.7407915789682233,0.740802541555171,0.7408349601434674,0.7408287344956944,0.74081675492437,0.7407692674383172,0.7407722807773401,0.7400485821357491,0.7400386579820485,0.7400321599514708,0.7399472885255474,0.739991322332061,0.739978765957321,0.7383646276389827,0.7383657474266486,0.7383658709951918,0.7383658325726797,0.7383657606509642,0.738365731075497,0.7383667381112938,0.7383841905723019,0.7383853092169511,0.7380567866820844,0.7380561147608248,0.7380548297286587,0.7380577051721724,0.7380596511341151,0.7380611043806528,0.7380767629705999,0.7380784791378394,0.7380784576305699,0.7377774536384427,0.737777054118984,0.7377755662391212,0.7377757028029968,0.7377759037426462,0.7377996148973505,0.7377992370533502,0.7378055167951687,0.7378083107159055,0.737811108388589,0.7378132908025357,0.7378147415119839,0.7378187230583196,0.7378346443342657,0.7379205932890065
52,0.714145146965667,0.713352746584061,0.7126848498155941,0.7058255027061849,0.7018328525597366,0.7281552644679877,0.7293604232510175,0.7290585793721143,0.7296985330039232,0.7886559714941999,0.7889986815689596,0.7889664434143936,0.789082189745982,0.7890356304949567,0.7891002999488832,0.7890573738362809,0.7890400377931118,0.7888041771727339,0.788683916190745,0.7887226995525752,0.7887362214526684,0.7888610382395281,0.7888008239496331,0.7887115557751907,0.7887013698160106,0.7888159727066223,0.7888738385359557,0.7885429947821276,0.7786374726674731,0.7786399468725532,0.7787508349581527,0.7787440520909047,0.7787456687847628,0.7787485602958003,0.7787542103404376,0.7787495988936372,0.7843143214020174,0.7843073547621922,0.7843205375140975,0.7843285786957153,0.7843021874492201,0.7842968741443596,0.7843327024906331,0.7843388929168376,0.7843490929387806,0.7843294852177305,0.7842577421390903,0.7842502946625738,0.7842630164496487,0.7842590504249275,0.7842609214578061,0.7842751734934605,0.7842824372757689,0.7842755589005029,0.7842823536894963,0.7842803103981391,0.7842885983277648,0.7842831677417628,0.7842690507293695,0.7842569213315616,0.7842230084463276,0.7842268491140486,0.7828353131320543,0.782828209999056,0.7828224841573954,0.7827565077323978,0.7827888654428306,0.7827797889883122,0.7809983909253055,0.7810039764093899,0.781013497179185,0.7810047464828352,0.7810052412147761,0.7809944763722863,0.7809901654680717,0.781064905470286,0.7810663456639426,0.7809790393202612,0.7809782688731204,0.7809845244828922,0.7809777909231306,0.7809717903024327,0.7809712706075622,0.7809671845099427,0.7809648626176647,0.7809649332718436,0.7805270080095924,0.7805287162331285,0.7805316869050595,0.7805314481171595,0.7805334642093031,0.7806048054895809,0.7806067920347489,0.7805936183409913,0.780587624069779,0.7805815744794169,0.7805793460379176,0.7805763307465183,0.7805681759782528,0.7805853867839219,0.7808012900176239
53,0.7264159989880704,0.7125687562003516,0.7117464310338798,0.7042246471328854,0.6997648117279585,0.7285510177752619,0.7298173371451117,0.7294927517947356,0.7301611818013368,0.7960116835914287,0.7964674658640434,0.7964021851953207,0.7965575032655777,0.7964867994947304,0.7965663719223576,0.7965009948208731,0.7964757233433336,0.7964050462409432,0.7962240673473248,0.7962809462780474,0.7962961342751704,0.7964305768235838,0.7963403536201604,0.7962104775731399,0.7958539920347394,0.7961175975209224,0.7961799888265592,0.7959699905352066,0.788264911677924,0.7882719019926117,0.7884813111151847,0.7884293701898304,0.788417811433015,0.7884241540613283,0.7884407071321996,0.788406112370946,0.7943769820688399,0.7943842817076697,0.7943789210100318,0.7943731073328092,0.7943345391466715,0.7943410641626766,0.7943675523560392,0.7943661761724166,0.7943883964951738,0.7944040812227703,0.7943802752177047,0.7943852821547225,0.7943816594179983,0.7943852821856906,0.794462368176027,0.7944626653558128,0.7944613553873623,0.794464435534857,0.7944645621198022,0.7944661012107689,0.7944660890891017,0.7944245131232952,0.7944061176391682,0.794399478978882,0.7943991870669604,0.7944020490203674,0.7934130728613594,0.7934131611810832,0.7934181910918835,0.7934042233240725,0.7934078813137935,0.7934077068363466,0.7920914223423169,0.7921001795226261,0.7921165150622942,0.7921014442506972,0.792103104125414,0.7920846281181027,0.7920766212879964,0.7921486898595351,0.7921504534444095,0.792069089135928,0.7920684884039922,0.7920795694605163,0.79206663265457,0.7920551468352077,0.7920533872005611,0.7920339265495547,0.7920290791618056,0.7920292073143969,0.7916185396806533,0.791621577631505,0.791627360217367,0.7916268904692265,0.7916300967784502,0.7917006986105197,0.7917041513321198,0.79167909417561,0.7916677757603525,0.7916564308864055,0.7916517093841073,0.7916460227659993,0.7916306500247757,0.7916615756851065,0.7919600417969658
54,0.7581087718639122,0.736131280001179,0.7351499668973962,0.7331002864730664,0.7242683973634589,0.7741492736577864,0.775070228894333,0.7748214177897894,0.7753413399489453,0.8147896662140844,0.8155305394635475,0.8153896171213133,0.8156526377910136,0.8155234747066802,0.8154538452699158,0.8153348148890881,0.8152978759511001,0.8154135475501237,0.815067630127377,0.8151810470153151,0.8152044618961377,0.8153377618074693,0.8151675828321775,0.8149298655469494,0.8139687873667834,0.8147470057288779,0.8148247732584958,0.8137817745474857,0.8116594205482621,0.8116716930238849,0.8120105170585631,0.8119021864250926,0.8118748773407838,0.8118856761142551,0.8119165461709299,0.8118435117230917,0.8233818249075434,0.823378066632181,0.823385560544452,0.8233922490457918,0.8233674137787726,0.8233639983737009,0.8233811780925289,0.8233848002050329,0.8233987958035522,0.8233876068207798,0.8232264444454162,0.8232217051506392,0.8232295963862597,0.8232270773078731,0.8232107269469671,0.8232187555492597,0.8232224916928154,0.8232188606364368,0.8232226497495562,0.8232215804946501,0.8232261703083409,0.8231850181417107,0.823177245720198,0.8231670503031838,0.8231503600553013,0.8231529033800313,0.8214257153667401,0.8214240217035489,0.8214216818860453,0.8213966882857491,0.821405725835481,0.8214034103783039,0.8209303563757822,0.8209317268090199,0.8209333351143122,0.8209318841764602,0.8209315481194781,0.8209297406468485,0.8209293423535651,0.8209629600026063,0.8209637327278415,0.8209593039951466,0.8209585109597219,0.8209599280205472,0.820958928592648,0.8209581008360575,0.8209583820416889,0.8209679238658647,0.8209677850003025,0.8209677983722635,0.8207861441405314,0.8207864528797238,0.8207867135871912,0.8207866890724655,0.8207872453056384,0.820826023091971,0.8208263267859849,0.8208256556337,0.8208253354129562,0.8208249565123173,0.8208250599845419,0.8208249105498678,0.8208245109996225,0.8208214526429718,0.8208684031406054
55,0.7705923207774552,0.7379642658381336,0.7367737161187224,0.7342902700960781,0.724621199347802,0.7809553657863226,0.781844940601203,0.7815962623205407,0.7820939847790391,0.8230809753362702,0.8238571586219027,0.8236969868377888,0.8239748824960343,0.8238299309118661,0.8238587518527918,0.8237259641900945,0.8236897692782202,0.8239928627031338,0.823625038974286,0.8237373396826432,0.8237572688140142,0.8239655924144522,0.8237821620462158,0.823525718137435,0.8228662273002121,0.8236746848871154,0.8237501827288622,0.8231009164553479,0.8223582608574087,0.8223728836342501,0.8227974668734007,0.8226595555084175,0.822621673066134,0.822631960010913,0.8226698547298481,0.822577154637489,0.8369961575196968,0.8369961562357635,0.8369961547332494,0.8369961532832152,0.8369961513647117,0.836996150108339,0.8369961512754944,0.8369961498754076,0.8369961487806346,0.8369961477408266,0.8369961465438995,0.8369961452737289,0.8369961437921581,0.8369961424851253,0.8369961430061591,0.8369961415477243,0.836996140395933,0.8369961391815353,0.8369961378304209,0.8369961365248321,0.8369961351400752,0.8369961330946997,0.8369961315092268,0.8369961304953365,0.8369961296042419,0.8369961283835421,0.8369961005585385,0.8369960990409172,0.8369960976522496,0.8369960975983665,0.8369960955066741,0.8369960940010288,0.8369960859312826,0.8369960843360085,0.8369960829319424,0.8369960809687631,0.8369960792262621,0.8369960771665208,0.836996075231172,0.8369960749465883,0.8369960734324081,0.8369960719980732,0.8369960703153291,0.8369960689053306,0.8369960669140142,0.8369960650418906,0.8369960633060202,0.8369960609537856,0.8369960591503793,0.8369960574289894,0.8369960626122463,0.8369960609885105,0.8369960594700003,0.836996057805082,0.8369960561460325,0.8369960591547788,0.8369960576059925,0.836996055443,0.8369960535717565,0.8369960518127758,0.836996050162498,0.8369960484951563,0.8369960474463628,0.8369960473415461,0.8369960475424243
56,0.5480579374203566,0.459907111127113,0.4589415706852638,0.45711772542984935,0.45631853966905833,0.4564759888779065,0.4564018588754042,0.4562352971272832,0.4562702863253847,0.4560922846306008,0.4561296402039735,0.4560264889279693,0.45599035459487497,0.4558799908281346,0.45580955402208606,0.4557344377727479,0.45566602136263273,0.45574470004152257,0.45559609183690486,0.45556955345219363,0.4555341632966497,0.4270850971356149,0.42705768020680346,0.427011553555472,0.42677194780976807,0.42681774789767096,0.4268179294434129,0.42683327213696676,0.42712872915665956,0.4271107397768311,0.42696101370826295,0.4269302539469698,0.4269066147713398,0.4268139611609015,0.42680254983261423,0.42677585484448644,0.4267884583558428,0.42678748867028465,0.4267661997270951,0.4267450579765552,0.42672293847731496,0.4267171737475565,0.40187094081413627,0.4018709432090822,0.40187094518448796,0.4018709473718146,0.40187094949858654,0.40187095184676086,0.401870954328206,0.4018709567041982,0.40187095867926664,0.4018709611773841,0.4018709635490821,0.40187096579892734,0.40187096817883594,0.4018709705648461,0.40187097297234453,0.40187097470886024,0.4018709771547797,0.40187097910793473,0.4018709809275406,0.40187098174373637,0.40187098394094195,0.40187098609659405,0.4018709883157242,0.40187098980526204,0.4018709923016706,0.4018709945007665,0.40187099668437215,0.40187099886916655,0.4018710010509995,0.40187100340632637,0.4018710043543054,0.40187100674882675,0.4018710090792737,0.40187101066230674,0.40187101263109704,0.401871014970903,0.40187101726765206,0.4018710193427953,0.401871021715471,0.40187102393325225,0.40187102610018766,0.40187102804964103,0.4018710302571779,0.4018710325448177,0.4018710310439015,0.4018710332854307,0.40187103549531294,0.4018710377457165,0.40187103997525053,0.40187104174906824,0.40187104397883266,0.40187104596219647,0.4018710482802907,0.40187105041145843,0.4018710524764232,0.40187105463928,0.4018710556936139,0.40187105856544136,0.4018710607834932
57,0.5499425708153022,0.45984883281546207,0.459658298443306,0.4596952352182182,0.46244559242789474,0.4622358634396757,0.46262148871485503,0.46247663249035154,0.46267160888449266,0.46268527156775463,0.4630380241357716,0.4629203311275723,0.46301979930743753,0.46291449634441884,0.4628796824367963,0.46279661979866843,0.4627391723734711,0.4630242102262228,0.46282360945122747,0.4628695784748081,0.4628660568132556,0.42866073005269634,0.4286139493208835,0.4285496649456667,0.42833268960676296,0.42853544852339187,0.4285610159300911,0.42865511939140294,0.4289949153348536,0.42899923873933377,0.42813382861926735,0.42805057783098527,0.4280249222821235,0.42799790115065806,0.42801381746893025,0.4279585618999089,0.42806982628732393,0.42809602767132865,0.4280594574340048,0.4280293527213874,0.4279849257716851,0.428005217373095,0.4154117437635578,0.41541476473316213,0.4154175597833618,0.4154191702606993,0.4154183534448336,0.4154206858669309,0.4154235248042069,0.415425689314486,0.41543054883294595,0.4154344566467919,0.4154315405872344,0.415433724263508,0.41543631848139734,0.4154381904210061,0.41544144313087267,0.4154359292833072,0.41543614414631563,0.41543789512922963,0.41543816466985195,0.41552282606737373,0.4155202724167389,0.41552222776605124,0.4155218050682493,0.415520002910657,0.415521662710661,0.4155233551980588,0.4155210223791936,0.41552342327949526,0.41552298789647973,0.4155235093538731,0.4153621306748642,0.41536116727053146,0.41536214104960084,0.41536221251811717,0.41536351680671774,0.4153624213965882,0.4153623370860233,0.41536334789328916,0.4153626298794336,0.41536224337449074,0.4153638125729217,0.41536358837797555,0.4153644461753155,0.41536447032818663,0.4153450865591788,0.4153459333247414,0.4153464385019341,0.4153467791555294,0.41534858252239704,0.4153462476619703,0.4153466709453663,0.41536326742581664,0.41536234754121,0.41536204866258275,0.4153632741638194,0.4153628882057826,0.4153616651885999,0.41539409846329894,0.41539548781693614
58,0.5577003218684814,0.48651957149979186,0.4861338159785965,0.48492195913039204,0.483654474822382,0.4829420310746217,0.4831561027762939,0.4831502522174965,0.4831647097387379,0.48228512100724974,0.4826542504991826,0.4825843744870463,0.48272078853628253,0.48267052483637085,0.4826722356464077,0.48262676362717954,0.4826036349024221,0.48285848151976124,0.48273233938790183,0.48280414448571485,0.4828235096761856,0.45761513489776867,0.4576674330195276,0.45774998485596824,0.4576709990239078,0.4577160042925544,0.45772187082408666,0.457705718037676,0.4570653272436004,0.457073947014673,0.4536669190672927,0.4536133784718858,0.4536036198921525,0.4536335072222674,0.4536506715314661,0.45362022170659116,0.45369486738976944,0.4537164812057385,0.45369640124823085,0.4536812137889274,0.45365627743668024,0.4536746753818118,0.44823215779746833,0.4482467386786397,0.44822707795453837,0.44818304718118895,0.44817471942197523,0.4481625729404921,0.44818797057614634,0.4481816630706588,0.4480677887999305,0.44809219999807487,0.44810193389189235,0.4480919577015209,0.4481049824246168,0.4481032034975769,0.4481195455197285,0.4480980101344149,0.4481107709574854,0.44811110680438415,0.4480695459111054,0.44840272040456736,0.44841156358117745,0.4484056294461949,0.4483904912132416,0.4483292568257221,0.448367747875516,0.4483593460760852,0.44833330676868527,0.4483303497102211,0.44831504237765746,0.44832937830421576,0.44787279400261404,0.4478851772779843,0.44789281043600593,0.4478840112563508,0.447884772646294,0.44789062278829583,0.44789070020747884,0.4478830463236335,0.44789294728004414,0.44790193708712905,0.44790602593336515,0.44792659717246425,0.4479320346574395,0.4479319622732269,0.4478101015471069,0.44780874153815464,0.44780430615307926,0.4478054122678837,0.44780553285009134,0.4478160258407005,0.4478136893117433,0.4478537964309858,0.44786232217388866,0.44787181270384635,0.4478780838050578,0.4478824475444372,0.4478939449603192,0.4478179160216407,0.44781658114964484
59,0.5578496171288435,0.5062771062816168,0.5056015606406516,0.5030757762417634,0.49724416980001573,0.49632895938190064,0.4961898588920354,0.4962760797017157,0.49606522371076217,0.49453559830618193,0.49477603771198875,0.4947453075019746,0.49484659208888127,0.4948315268575548,0.4948420731914863,0.49482688624476195,0.49482217816407936,0.49496065867201294,0.4949101858420438,0.49496735398859054,0.49498825903956706,0.47366992829619725,0.4737782269487591,0.473940139950168,0.47434146181699144,0.47427645302346305,0.4742667250226132,0.4741742666682746,0.4728403021589385,0.4728447523371343,0.46787116590261374,0.4678459362036749,0.46784445448235806,0.46787877632895064,0.4678898228079738,0.4678783104730572,0.46791078931768965,0.4679231816311374,0.4679153342899918,0.4679099298851045,0.4679001014732468,0.46791109823486865,0.4645748763917062,0.4645902457587403,0.46456739894989785,0.46451717677792137,0.4645076509563392,0.464493093197503,0.4645207878661193,0.4645128978377095,0.4643435878451009,0.46436984222235955,0.46438375901046114,0.46437169529571354,0.4643854823820581,0.46438278499650065,0.4644000328583808,0.4643725531642522,0.4643869637071984,0.4643865426936905,0.4643392502034285,0.46469943258354296,0.4647101681456574,0.46470255554400614,0.46468573941109464,0.4646157166501415,0.46465941683568845,0.464649068344098,0.4646198315265354,0.4646154494872334,0.46459798375017236,0.46461429940934906,0.46413341704526195,0.4641478391982244,0.4641560863502492,0.4641457650100566,0.464146083614173,0.4641539397064111,0.4641540450234236,0.46414506515469506,0.4641565718984399,0.4641669189557366,0.4641709122272267,0.4641944861524201,0.46420028580023226,0.4642001940372736,0.46405343025754425,0.46405154133556353,0.4640463006156907,0.4640474242632336,0.46404682685832804,0.4640595260771752,0.4640567535601715,0.4640943131365589,0.46410437336760607,0.464115229817644,0.4641218558268582,0.46412696737732834,0.4641405344413685,0.46384389975117873,0.46384172666348844
60,0.5643263979407587,0.5369104501342455,0.5357743418845903,0.5311903944150219,0.5184797771736755,0.517412051464091,0.5167338895047376,0.5169405849941863,0.5163987324355146,0.514499877964797,0.514530197095474,0.5145531034919967,0.5145899227266714,0.5146205851839218,0.5146391887808468,0.5146659053087447,0.5146839600127024,0.5146380678728055,0.5146942480113286,0.5147220434555749,0.5147406995183361,0.49861536669529755,0.49878515679368374,0.4990328143004266,0.5011020291918085,0.5009031877826288,0.5008736644282272,0.500685328957678,0.4980980240474306,0.4980937618840879,0.49040821132688994,0.4904096592342788,0.49041371798550537,0.4904222699045277,0.49042564563530977,0.49042956077752764,0.4904209964333957,0.49042334406558735,0.4904258430276188,0.4904281608208784,0.49043096675330455,0.49043357472478966,0.48918810597659507,0.4891990075026941,0.48918183290769984,0.4891436108639571,0.48913581333447453,0.48912420893621633,0.4891446677422259,0.48913820456337126,0.4888513784420906,0.4888697586088387,0.48887972393139195,0.48887065362746185,0.4888801503270738,0.4888778664925723,0.4888897189524082,0.48886434852183375,0.4888747740831508,0.48887391510566236,0.48883947801985284,0.48902871551574695,0.4890360773780069,0.4890303172124303,0.4890190359069112,0.48896852709012223,0.4889998248742628,0.48899209736735194,0.4889712305343799,0.48896766787547313,0.48895509580956165,0.4889668274752484,0.48865276979565275,0.4886637727735404,0.4886698026028113,0.48866154780042337,0.4886615576528313,0.48866982897871264,0.48866988912981013,0.4886631154937946,0.48867187350761626,0.48867980239271486,0.4886825335421203,0.4887005915386263,0.48870477579155885,0.48870470311865716,0.4885588355295541,0.48855726863501037,0.4885532362848838,0.48855396117306654,0.4885531982578447,0.4885628130785132,0.4885607143511492,0.48858537955506487,0.4885930938112797,0.4886012322720705,0.48860598438684627,0.4886098790965353,0.48862026291488725,0.48785255373958836,0.4878506847324691
61,0.5677299091359265,0.5555686473390087,0.5535947168041068,0.5463282215679724,0.5294432865242655,0.5284294935663082,0.5275028699820297,0.5277578302834132,0.5271049609330262,0.525571432135222,0.5254973150002876,0.5255431721064447,0.5255465088210377,0.5255955445562244,0.5256172517668525,0.5256595911218271,0.5256864592861682,0.5255571071901805,0.525653488482852,0.5256655463829122,0.5256815183340413,0.5121597412737878,0.512353491584044,0.5126341492951989,0.5160995921145773,0.5158003095935884,0.515755809506831,0.5154938458331487,0.5119328511421355,0.5119203365301846,0.5013174386953337,0.5013174405607,0.5013174417987726,0.5013174440100947,0.5013174447895293,0.5013174465548282,0.5013174454835063,0.5013174460476979,0.5013174474811511,0.501317448737743,0.501317450320221,0.501317450925925,0.5013174465120627,0.5013174476374493,0.5013174477563117,0.5013174473017465,0.5013174478123964,0.5013174481938503,0.5013174496555661,0.5013174502099856,0.5013174357449655,0.501317436766206,0.501317438014958,0.5013174382806604,0.5013174390799235,0.501317439563418,0.5013174404405825,0.5013174399331732,0.5013174407919121,0.5013174412223431,0.5013174406410071,0.5013174546142305,0.5013174555835018,0.5013174560819796,0.5013174568042303,0.5013174558194207,0.5013174574966077,0.5013174579301236,0.5013174580585853,0.5013174585869963,0.501317458855259,0.5013174599350894,0.5013174570725525,0.5013174581850248,0.5013174590948398,0.5013174594462388,0.5013174600158785,0.5013174612196203,0.5013174618936814,0.5013174622205668,0.501317463271735,0.5013174641775466,0.5013174649313534,0.5013174662530786,0.5013174670900562,0.5013174677698043,0.5013174617919831,0.5013174623353832,0.5013174627595662,0.5013174634082773,0.5013174639809366,0.5013174649144289,0.5013174654274644,0.5013174671401783,0.5013174681423769,0.5013174691201724,0.5013174699275641,0.5013174707222795,0.5013174715107641,0.501317441635948,0.5013174419234451
62,0.5656775837775254,0.568064398084064,0.5665770330116743,0.5609056062283597,0.5471376505608897,0.5466074899667477,0.5458088813769439,0.5460276399905688,0.5453821843767471,0.5463223929310138,0.546240149034071,0.5462890906997355,0.5462845138308948,0.5463351190070884,0.546361693476774,0.5464118690446044,0.5464387595204487,0.5462782257082163,0.546389062882748,0.5463945769232214,0.546409029672936,0.5373725282116866,0.5375479527409327,0.5377992783249853,0.5448699779019031,0.5444794083769984,0.5444277666088773,0.5441497563816683,0.5386234523299012,0.5386035291360303,0.5300345428404185,0.5301747604990046,0.5302143068164241,0.5301917479157525,0.5301590796034675,0.5302536276121367,0.5300032015930914,0.5299564457788721,0.5300161754674264,0.5300564645863544,0.5301310655542638,0.5300926784807785,0.5303210048957149,0.5303452579278254,0.5302873651217554,0.5301723026512972,0.5301532108570091,0.5301140141253905,0.5301655766304976,0.5301414899769401,0.5283420220381585,0.528362926449212,0.5283907391795395,0.5283754388242821,0.5283856297555303,0.5283801995480579,0.5283930567340642,0.528402249797322,0.5284157655861494,0.5284128354468307,0.528366582490712,0.5284326767430183,0.5284466856361686,0.528437956723436,0.5284471882183728,0.5283889302024157,0.5284246036250887,0.5284137362537792,0.5283970236307155,0.5283901314117252,0.5283755899806281,0.5283890423474622,0.5283492920606848,0.5283655553745787,0.5283734248842471,0.5283773826116758,0.5283763975399232,0.5284039792320724,0.5284041121516614,0.5283940734234698,0.5284068129927181,0.5284155479561307,0.5284183094209292,0.5284439116073503,0.5284491843315516,0.5284490661749076,0.5282358253442978,0.5282331872128966,0.5282274867529012,0.5282281348239576,0.5282259502642237,0.5282402746777939,0.5282372649338776,0.5282661939742137,0.5282771000528244,0.52828811697781,0.5282936820533483,0.5282991443675898,0.5283138658093003,0.5268967322928447,0.5268952115765838
63,0.55578940310198,0.5665078401477831,0.5661373600097973,0.5643156821225672,0.5579448510595052,0.558003226868121,0.5575706912304136,0.5577016811082643,0.5572373872143099,0.5609840836587189,0.5609551756981249,0.5609917318332998,0.5609982134643358,0.5610356966107685,0.5610666364374725,0.5611087483073872,0.5611282779732759,0.5609965991831585,0.5610851480051836,0.5610924221936299,0.5611055664155993,0.5550823058411775,0.5552238459295494,0.5554235866145849,0.5647155451053284,0.5641743257178661,0.5641168688843187,0.5638334640391413,0.5562614497470107,0.5562355066713169,0.5494861039817045,0.5497232775050969,0.5497892915708623,0.549760825578226,0.5497046094851653,0.5498640716539728,0.5494389406701256,0.5493590731047756,0.5494595283355552,0.5495238867245213,0.5496494548734555,0.5495837086173984,0.5499708165430678,0.5500101507151535,0.5499137698069685,0.5497244314367865,0.5496946179304476,0.549629935941285,0.5497139525463892,0.5496740431762203,0.5467230830914704,0.5467528198381573,0.5468007326686974,0.5467781809230748,0.546792615828023,0.5467844842706868,0.5468027650984125,0.5469272378460934,0.5469460746600796,0.5469420088523748,0.5468763626964641,0.5470691590647172,0.5470925543860451,0.5470800894025791,0.5471062652734386,0.5470255253710169,0.5470751553634263,0.5470597081588554,0.5470425755197184,0.5470323377834897,0.5470119993001192,0.5470307873923574,0.5470260214214074,0.5470490229166562,0.5470600114127182,0.5470841878027005,0.5470826376228018,0.5471207748517709,0.5471210037118592,0.5471067457551032,0.5471246528871512,0.5471351728432307,0.5471389090693873,0.5471743351207025,0.5471816249362383,0.5471814580832978,0.5469221312818109,0.546918347529661,0.5469102751325056,0.5469112665089586,0.5469080526847375,0.5469288622189087,0.5469245554402826,0.5469652627789684,0.5469806507044137,0.5469961786367886,0.5470039185181527,0.5470116044502893,0.5470323002808538,0.5459606740352448,0.5459577545590054
64,0.5756541406977301,0.5875782011302833,0.5878868949803764,0.5873087164304935,0.5925739825900199,0.5947243931650118,0.595187298009149,0.595105459138452,0.5951200751677358,0.6117919866988494,0.6117032527892009,0.6117805575294083,0.6117557941356287,0.6117967281349523,0.6118789276184913,0.6119226821090684,0.6119379134169991,0.6116743955514976,0.6118117723586078,0.6117903266618367,0.6117972365309371,0.6107712101918282,0.6108832823652404,0.6110203041068817,0.6279388806027434,0.6258976637168725,0.6258219645171698,0.625543177554339,0.6053792627265301,0.6053457324271347,0.602171373374801,0.6025286513196159,0.6026260932277009,0.6024816231674324,0.6023966139253323,0.6026346153021509,0.6019421995010225,0.6018229098360663,0.6019717640798787,0.6020491368647248,0.6022339073302424,0.6021352879328333,0.6024436386034357,0.6025021444068399,0.6023573393278036,0.6020738343206335,0.6020321991552459,0.6019353346113214,0.6020602505243619,0.6020003284726224,0.5974390510411784,0.5974774871367544,0.597518289245722,0.5974884447509611,0.5975068700858971,0.5974960094844417,0.5975189927515815,0.5986651080713954,0.5986899766063285,0.5986838738690398,0.5985904641501051,0.5985762311782676,0.5986258493552646,0.5986076502870539,0.5986065167686685,0.59849321029239,0.5985628047269593,0.5985407763225261,0.5985476251254036,0.5985322039316092,0.598503233500337,0.5985299758558307,0.598541781502463,0.598574577493007,0.5985899750485547,0.5987171321905522,0.5987146632972495,0.5986321591805035,0.59863255015423,0.5986114300914581,0.5986376188836806,0.5986521398486875,0.5986571600246663,0.5987084336418127,0.5987188386029453,0.5987185900178139,0.5983069119481239,0.598301297791806,0.5982896735191003,0.598290763036644,0.5982857105894258,0.5983162196550078,0.5983098894484066,0.5983617779912432,0.5983840176521075,0.5984063935431821,0.5984171504944875,0.5984282583528922,0.5984582046626296,0.5984936359042617,0.5984856630178116
65,0.5802661782126326,0.5946719877553329,0.5948379955672526,0.593302544706604,0.5986545057251688,0.6012286411994239,0.6017665226741901,0.6016658450590104,0.6017361190465746,0.6212203453830675,0.6210858483249756,0.6211798950526244,0.6211397031061866,0.6211883101577227,0.6212824912988449,0.6213312832935325,0.6213490725753068,0.6210307400701444,0.6211906996069614,0.6211598584184111,0.6211654401399248,0.620489418575245,0.6206081225930401,0.620751232362011,0.6389544491013208,0.6366367928335056,0.6365589182179228,0.6362837234073005,0.6130846388567461,0.6130515291673159,0.6102353320314843,0.6105893321731357,0.6106857685774331,0.6105446743090589,0.6104604460910362,0.6106962580187288,0.6099980825925151,0.6098800353776218,0.6100273858187862,0.610102785978226,0.6102854964476309,0.6101879166216078,0.6104744465731654,0.6105324302901185,0.6103891497516164,0.6101083273557025,0.610067251147017,0.6099713255483102,0.6100950902180443,0.6100357578840596,0.605601184849459,0.60564210586289,0.605682205632694,0.6056505214545551,0.6056701416404591,0.6056586265463973,0.605683034248882,0.6069266477905846,0.6069540205602929,0.6069472575679709,0.6068447504337787,0.6068183014235382,0.6068733932137917,0.6068534141035138,0.6068433060389828,0.6067189125630068,0.606795201081779,0.6067710916156124,0.6067786878208491,0.6067620077733957,0.6067302585121248,0.6067595701680984,0.6067709217560928,0.6068068819222306,0.6068238324375761,0.6069605968545325,0.6069579646744339,0.6068226726256193,0.6068231074869304,0.6067998171959333,0.606828793425266,0.6068460145614539,0.6068516265568076,0.6069084554040395,0.6069200455218512,0.6069197700080007,0.6064491352027624,0.6064430016697562,0.6064302623048488,0.6064314238556648,0.606425947938702,0.6064593509629038,0.6064524496714431,0.6065087273656243,0.6065331792552972,0.6065577877157778,0.6065697156362735,0.6065819520158582,0.6066149705341882,0.60672124349564,0.6067123974927079
66,0.6144237547921123,0.6493826989868398,0.6481889949857046,0.6393619412199033,0.643913024825695,0.6496259934918354,0.6504998079836335,0.6503130171118532,0.6506938756952191,0.6876225037872372,0.6869803161001037,0.6872217920306543,0.6870106868119148,0.6871437443008286,0.6873186928660548,0.687434003529118,0.6874847376441305,0.6866111541634893,0.6869980260776806,0.6868726495230242,0.6868627045590444,0.6873420115432332,0.6875481691187155,0.6878004809339404,0.7022851763001737,0.6989686572577853,0.6989204893779078,0.6988742171930203,0.6474608111782343,0.6474608153381477,0.647460813430568,0.6474608185713541,0.6474608229089812,0.6474608264417431,0.6474608303123265,0.647460835363419,0.6474608388772817,0.6474608424709353,0.6474608470009717,0.6474608507498756,0.6474608551833451,0.6474608586898898,0.6474608567342126,0.6474608608484062,0.647460863778597,0.647460866545366,0.647460869869732,0.6474608734168303,0.6474608778950992,0.6474608816004488,0.6474608669956218,0.6474608710256811,0.6474608743383271,0.6474608776044304,0.6474608813196601,0.6474608848746758,0.6474608886849579,0.6474609251958079,0.6474609294435167,0.6474609327772333,0.647460935052202,0.6474609383838337,0.6474609402192478,0.6474609438080635,0.6474609476503201,0.6474609489976838,0.6474609539623537,0.647460957554827,0.6474609528395842,0.6474609564281245,0.6474609597641408,0.6474609638789619,0.6474609679346737,0.6474609722116939,0.6474609763311572,0.6474609786557002,0.6474609819979689,0.6474609785235896,0.6474609822505828,0.647460985429253,0.6474609895556842,0.6474609933015602,0.6474609970067933,0.6474610008076309,0.647461004600809,0.6474610083259081,0.647460995723683,0.647460999256427,0.6474610026255289,0.6474610062079862,0.6474610098061069,0.6474610129880386,0.6474610164580064,0.6474610208113122,0.6474610247443351,0.6474610284385292,0.6474610319915505,0.6474610355651098,0.6474610375784723,0.647461042067016,0.6474610457974672
67,0.627169984984528,0.6517527857298709,0.6504984000851607,0.6414236453688342,0.645829408458247,0.6514335212799534,0.6522853511538348,0.6521040246620003,0.6524807694597439,0.6887503002653189,0.6880656639522879,0.6883190162202004,0.6880939204167061,0.6882337973065165,0.6884139024246402,0.6885344297603264,0.6885880970501042,0.6876768202515935,0.6880821230003396,0.687949150428235,0.6879378793213959,0.6884386477430193,0.6886532357082175,0.6889161264951232,0.7025069909585442,0.6990941891201462,0.6990472126721244,0.6990126906899452,0.6495259684331763,0.6495253051185859,0.649525640603877,0.6495328997717122,0.6495344168552,0.6495300644106295,0.6495284181551522,0.6495334434339969,0.6495657223937273,0.6495634769833505,0.6495664781335718,0.6495600456438265,0.649560962366451,0.6495591090450841,0.6495631710793203,0.6495644341652961,0.6495622566964565,0.6495568660518968,0.6495572420089959,0.6495554907469652,0.6495579805044621,0.6495569346182007,0.649552833419507,0.6495550861421784,0.649557669874582,0.6495562406900341,0.6495573377303409,0.6495569155479176,0.6495581938579037,0.6500082876953756,0.6500093768969807,0.6500086438536994,0.6500003361120068,0.6499993262915665,0.649977901607806,0.6499762919604974,0.6499776918685938,0.6499664201298224,0.6499731316908073,0.6499711657347039,0.6498847210517336,0.6498837987164352,0.6498819289989202,0.6498836660726851,0.6498837668555566,0.6498859017426031,0.6498870539098527,0.6498545727210234,0.6498545580518347,0.6498592969349386,0.6498593018299758,0.6498584912264421,0.649859784170932,0.6498600494554635,0.6498605342433059,0.6498633855681087,0.6498640491788781,0.6498640416218493,0.6498370236118145,0.649836856728237,0.6498363182981112,0.6498363716344716,0.6498364002132555,0.6498385745993281,0.6498384117357519,0.6498407846304035,0.6498418456251789,0.6498429195826168,0.6498437750308502,0.6498443138427893,0.6498457703159337,0.6498477783731694,0.6498483350566668
68,0.6598039118969601,0.6806767938912264,0.6790546801943222,0.6691426279986645,0.6736947317477523,0.6839524584580111,0.685064661754315,0.6848151393407608,0.6853684166754679,0.7330988740611613,0.7325064589590983,0.7327199563804453,0.7325217672345079,0.7326446516328521,0.7328114290931875,0.732922691750192,0.732969639232445,0.7320335733047961,0.7323809731737267,0.7322630255887536,0.7322529846382827,0.7326126847736243,0.7327885631169967,0.7330119927133877,0.7404913827607178,0.738463661610497,0.7384534125085017,0.7384782704569208,0.7073454455979471,0.7073358555391909,0.7072092690078976,0.7073124185891815,0.7073419843007951,0.7073299896738726,0.7073067169922277,0.7073757715350986,0.7084870365773445,0.7084549095727178,0.7084975396310469,0.7085160946552103,0.7085390312697637,0.7085128003726299,0.7085527376478775,0.7085702856434556,0.7085417579992388,0.7084627695842699,0.7084254087983853,0.7083981485939824,0.7084349828757623,0.7084185056252803,0.7082884711895134,0.708322075149675,0.7083438498429343,0.7083207005267693,0.7083368197599514,0.7083287514558272,0.7083487616518481,0.7088713413193225,0.7088785152312416,0.7088662804296489,0.7087757257097542,0.7087784404963653,0.7082094804267984,0.7081905799030661,0.7081756190427353,0.7080414258835839,0.7081181237449622,0.7080947310902747,0.7065541048776927,0.7065468491367898,0.7065315668176791,0.7065457161597047,0.7065437900304021,0.7065611468380616,0.7065698215377281,0.7064532843744336,0.706452943574615,0.7062568809366998,0.706256711233563,0.7062462139755225,0.7062599869464267,0.706270221087773,0.7062733538333575,0.7063057485419378,0.7063115603369848,0.7063114328407075,0.7060007185896098,0.7059977924674515,0.7059913711470278,0.7059919248663876,0.7059896042620423,0.706015396730989,0.7060121629958495,0.7060397138827447,0.7060520273714105,0.7060643927326229,0.7060708485119751,0.706077043727785,0.7060938155357062,0.7060864887218047,0.706115943989346
69,0.6991267213499215,0.7119032241338097,0.7118267964493377,0.7072846409990605,0.7066458296327649,0.7220663822098154,0.7229423604785142,0.7227385907145655,0.7232024274296172,0.7590316853229128,0.7589843001293772,0.7590519578073326,0.7590342371767635,0.7590589500986732,0.7591142777257951,0.7591371419377099,0.7591463394563103,0.7586190399505198,0.7586875810572506,0.7586625596258811,0.7586662927546962,0.7588207356962247,0.7588538248739216,0.7588902339727579,0.7600820030747352,0.7595450947088046,0.7595747101038441,0.759128315896918,0.7447558400988511,0.7447450411943525,0.7446057519987251,0.7447202430054518,0.7447547900210354,0.7447441712272836,0.7447190131049626,0.7447946855874766,0.7477525914597732,0.7477063244951014,0.7477668451615334,0.74780273566654,0.7478116109618868,0.7477736715151823,0.7478183660054177,0.747843045769273,0.7478060747313298,0.7476925250978977,0.7475564322837035,0.7475156201102562,0.7475698023340372,0.7475451102098666,0.7474053652853779,0.7474538805739945,0.7474846976678002,0.7474506354157727,0.7474738510199432,0.7474617904348474,0.7474906401034839,0.7479128330239326,0.7479100011177942,0.7478917279132946,0.7477725666838821,0.7477764252280292,0.7459223721498307,0.7458965522860616,0.7458673452543761,0.7456873618796903,0.7457908682954164,0.7457589758988343,0.7420004225049591,0.7420004227657905,0.7420004227943969,0.7420004236345835,0.7420004240511955,0.7420004250025808,0.7420004257173288,0.7420004255900615,0.7420004259749169,0.7420004256743391,0.7420004261204697,0.7420004262309051,0.7420004270883886,0.7420004278306803,0.7420004283638236,0.7420004297018742,0.7420004303291344,0.7420004307931194,0.7420004208654942,0.7420004211396338,0.7420004212963577,0.7420004216707128,0.742000421960693,0.7420004246593633,0.7420004249346212,0.7420004261959112,0.7420004269799473,0.7420004277440543,0.742000428325278,0.7420004289039185,0.7420004296208522,0.7420004291922581,0.7420004310001066
70,0.7345494391409451,0.7282868200738934,0.7274976497316168,0.7234331052540643,0.7172813404413925,0.7443380830381121,0.7452062088989909,0.7449888679669394,0.7454607514761475,0.7823321542539124,0.7826837062576021,0.7826491827906616,0.7827713728933428,0.782724519981831,0.7826355776770618,0.7825931889347925,0.7825790358387917,0.7823405642290738,0.7822032710431556,0.7822535684310364,0.7822698215696555,0.7823461021561933,0.7822782990328065,0.7821796322205044,0.7817377427385978,0.7820183869516708,0.7820746869551519,0.7809524156460653,0.7728153912387205,0.7728127305859368,0.7728189118826052,0.7728591705009452,0.7728747537002509,0.7728741683025685,0.7728682268892471,0.7728940260769539,0.778356473068936,0.7783242442609626,0.7783685630073136,0.778401035527702,0.77837871487732,0.7783519662539634,0.7783946727450848,0.7784131767138293,0.7784020037467604,0.7783212835423676,0.7780811819591658,0.7780509465530605,0.7780923727687629,0.7780743820869648,0.7779599015017219,0.7779978260544711,0.7780201978059446,0.7779952260574062,0.7780133052819305,0.778004608347781,0.7780269989220855,0.7780624036741224,0.7780529668383643,0.7780330681096836,0.7779439540651435,0.7779483302423237,0.7749347556951912,0.7749159011080563,0.7748905750970497,0.7747505859725491,0.7748274850915277,0.7748040803730016,0.7725142860050904,0.7725120163772218,0.7725059962752295,0.7725115834667241,0.7725103305945679,0.7725171432594995,0.7725207244007039,0.7726220468265481,0.7726212750429639,0.7726145324609159,0.7726140463851073,0.7726093888167236,0.7726158600821151,0.772621579710591,0.7726232499057956,0.7726432271365801,0.7726460413102358,0.7726459832049104,0.7723655238452151,0.7723642442717948,0.7723611994213755,0.7723614590613854,0.7723605521282159,0.7724732537651233,0.7724718712640241,0.7724844238894425,0.7724899960406788,0.7724955431482059,0.7724986308911534,0.7725014190054863,0.7725089525575147,0.7724964136103921,0.772562571371152
71,0.7470482109501531,0.7325977465889837,0.7319087924238089,0.7298044508120303,0.7223442654138973,0.7607408310565468,0.7616260471033213,0.7613947677351914,0.7618874691959406,0.7990615057778296,0.7996356109673682,0.7995434770976186,0.7997464450208961,0.7996559982037894,0.7995077523530528,0.7994246779319576,0.7993978367228022,0.7993318270129485,0.7990737176124014,0.7991651556495376,0.7991876082367207,0.7992606291466133,0.7991345411318058,0.7989570400386595,0.7979664501132683,0.798581929109053,0.798652170377805,0.7972666287378259,0.7925514012676926,0.79255655803036,0.7927223391052568,0.7926874960788819,0.7926823147317016,0.7926887883402137,0.7927016469306084,0.7926773685971991,0.8006566944138181,0.8006390529871632,0.8006654706533182,0.8006866586047671,0.8006494192117765,0.8006343609711543,0.8006690385322545,0.8006805207581944,0.8006894348634447,0.8006436210090181,0.800360556700016,0.8003425825434319,0.8003684650442273,0.8003580507617593,0.8002883061714633,0.8003127163408049,0.8003260985246947,0.8003115430689528,0.8003231350827038,0.8003182418768512,0.8003325055399869,0.8002759247265306,0.8002643294195104,0.8002460107232229,0.8001909230217622,0.8001951663512408,0.7969037338121756,0.7968936525853831,0.7968794061794768,0.7967936812909918,0.7968363778395576,0.7968237181883168,0.7955193299079159,0.7955186825121247,0.7955157039111913,0.7955184963082864,0.7955174493793135,0.7955208335384872,0.7955229752966073,0.7956031889962734,0.7956033838321899,0.795597484037122,0.7955966592243748,0.7955945062667068,0.795598141984006,0.7956013827376118,0.7956026832334501,0.7956214841195247,0.7956232714007481,0.7956232419497001,0.7953182889132429,0.7953176388022835,0.7953157872045692,0.7953159439457892,0.795315710626593,0.7954375114316243,0.7954368059773502,0.7954446440009921,0.7954481127545145,0.795451528388417,0.7954535817015975,0.7954553268568535,0.7954600463703196,0.7954496124699318,0.7955261595967882
72,0.7618571776036637,0.7366221434109581,0.7357316551972771,0.7345923027681814,0.7263863543461491,0.7737149858434007,0.7745618472263409,0.7743344181268521,0.7748138911309246,0.8094405048370882,0.8100904993556575,0.8099752012937168,0.8102079096109709,0.8100998612223284,0.8099213534147865,0.8098217705228196,0.8097917229694088,0.8098091519865378,0.8095033486965756,0.8096101371422718,0.8096342159433486,0.8097172005927393,0.8095682344065593,0.8093600062848574,0.8082865300936921,0.809022838380058,0.8090962996389923,0.8075991220457873,0.8048141781049242,0.804823528329434,0.80507884184375,0.805001791860126,0.8049845070570593,0.8049942259959797,0.8050174002801985,0.8049650071274318,0.8145704082819805,0.8145594490654522,0.8145771638502255,0.8145924648902444,0.8145538701684923,0.8145440040201329,0.8145712643279199,0.8145792531707865,0.8145955760967716,0.8145660280332018,0.81426002349259,0.8142480689475591,0.8142659622567029,0.8142591900955661,0.8142043368038979,0.8142213395365285,0.8142301137921182,0.8142208058615956,0.8142288544685795,0.814225829356167,0.8142356780813643,0.8141675584116372,0.8141572303584405,0.8141408207581136,0.8141038353928514,0.8141076093570637,0.8109594124017986,0.8109545800256848,0.8109472798634997,0.8108980816758186,0.8109199829570688,0.8109137721680975,0.8101975515735538,0.8101976189638338,0.8101961831546374,0.8101975548639028,0.8101967186535183,0.8101983659579101,0.810199714452928,0.8102499111482008,0.8102506228324636,0.8102476306113526,0.8102466716630385,0.8102459570360802,0.8102478532809044,0.8102495852724304,0.8102505699717218,0.8102687870703891,0.8102699007469445,0.8102698882372595,0.8100287840632971,0.8100285179330305,0.8100274569312891,0.8100275434398053,0.8100276714191067,0.81009212288148,0.8100917567230663,0.8100970076571041,0.8100993396535945,0.8101016059421835,0.8101030737142217,0.8101042591451394,0.8101074712032813,0.8100977556497703,0.8101468438851878
73,0.7947759730257854,0.7593247590704572,0.7571309493066367,0.7569605807870313,0.7459590501689787,0.8340567626532893,0.8342461533148909,0.8341771249615386,0.8342878826981397,0.8427996905719046,0.8430034736139499,0.8429717628798138,0.8430563018210303,0.8430219971809095,0.8426507733468497,0.8426177425628665,0.842617272683544,0.8428450689103839,0.8427093614360877,0.84276408508369,0.842776963149391,0.8427872315456969,0.8427239418128816,0.8426367074976191,0.8421062270686362,0.8424757098949942,0.8425060408153711,0.8409989768108277,0.8410524887769865,0.8410594741646035,0.8412178684344059,0.8411555124440756,0.8411411719241041,0.8411489089132556,0.8411650420961003,0.8411228837411442,0.8448722466844354,0.844884276587522,0.8448720777639256,0.8448646371353266,0.8447940657956584,0.8448011292716878,0.8448106722675538,0.8448064847693179,0.8448568115894091,0.8448841150597247,0.8442655809564026,0.8442749899364286,0.8442647326576967,0.8442710026852419,0.8443203261584253,0.8443129873183992,0.8443069149551532,0.8443150126718456,0.8443113899836768,0.8443146102438063,0.8443099201020186,0.8442573873017571,0.844239101977177,0.8442285657782467,0.8442491041436384,0.8442512651041559,0.8421559804086935,0.8421632306389412,0.8421744492215336,0.8422480659438057,0.8422227755078234,0.8422311639160208,0.8423004579732262,0.8423055131216143,0.8423148686997884,0.8423062312248154,0.8423071563435102,0.8422965430500062,0.8422919814212982,0.8423038400400806,0.8423037757473237,0.8422995089946235,0.8422981478407667,0.8423055398432239,0.842297062375942,0.8422896134910594,0.8422884339296933,0.8423147420718657,0.8423114888157917,0.8423115758667462,0.8423312943066753,0.842333404422244,0.8423372811991254,0.8423369516679702,0.8423391564448877,0.8414574974233786,0.8414593057391785,0.8414463988416508,0.8414406153927679,0.8414347604551973,0.8414328823782313,0.8414299952185865,0.841422188254211,0.841429937246332,0.8414280970345968
74,0.8123606569155082,0.7662739179201883,0.7636591962484508,0.762086764574158,0.7513061151650182,0.8585225137781405,0.8585225065574188,0.8585224989416996,0.8585224917596446,0.8585225469636233,0.8585225442618598,0.8585225407475555,0.8585225380659652,0.8585225341635491,0.8585225259287425,0.8585225216852886,0.8585225183631299,0.8585225655112368,0.8585225625830131,0.8585225610901719,0.8585225593849769,0.8585225649269533,0.8585225629370545,0.8585225606522194,0.8585225639853998,0.8585225656432652,0.8585225645518763,0.8585225533992672,0.8585225615064853,0.858522560253613,0.8585225610908965,0.8585225591611123,0.8585225576982124,0.8585225564394289,0.8585225553632515,0.8585225535333414,0.8585225867825911,0.8585225864795205,0.8585225856785902,0.8585225849397286,0.8585225833980851,0.8585225830043312,0.8585225833483505,0.8585225826931014,0.8585225824102782,0.858522582522582,0.8585225723781262,0.8585225719682584,0.8585225708872074,0.8585225703679044,0.8585225720494309,0.8585225710367275,0.8585225702854378,0.8585225698880953,0.8585225690698635,0.858522568497303,0.8585225676195233,0.858522566427241,0.8585225653544333,0.8585225651776487,0.8585225654877283,0.8585225648554842,0.8585225468151704,0.8585225461431665,0.8585225456447537,0.8585225497894231,0.858522548199512,0.8585225476218283,0.8585225492562247,0.8585225486047985,0.858522548152662,0.8585225470917978,0.8585225463359712,0.8585225451889231,0.8585225441938077,0.8585225440473782,0.8585225433068301,0.8585225425834486,0.8585225418931467,0.8585225413800535,0.8585225402833973,0.8585225392544966,0.8585225384127781,0.8585225374451475,0.8585225365298383,0.8585225357452272,0.8585225428891237,0.8585225422440248,0.8585225417036877,0.8585225409869396,0.8585225403201776,0.8585224964473026,0.8585224954032226,0.8585224934236426,0.8585224918943335,0.8585224904452069,0.8585224891909752,0.8585224878993779,0.8585224868692561,0.8585224872218551,0.8585224860294791
75,0.5442077959530244,0.46091340483705096,0.46092429157835774,0.46145229245704494,0.46453647909142215,0.46424450501797715,0.46465314996937634,0.4645217396462153,0.46469729925014386,0.464622123804759,0.4649997965364219,0.4648840753588078,0.4649964084895669,0.464895208885382,0.46486544085076503,0.4647842489716031,0.46473000647049284,0.4650280491371647,0.46483464263153695,0.4648880310424251,0.46488849419779393,0.424293663660669,0.4242763316420249,0.424255166168162,0.42412213611557215,0.42424013466379157,0.4242551805054572,0.4243047104604383,0.4244200161913668,0.4244249469377716,0.42347172198426647,0.4234192736594198,0.42340499131335535,0.42341013284382045,0.42342207909404317,0.42338868360117776,0.4234610526492581,0.4234786217324628,0.42345664389849735,0.42343885027870576,0.42341193591122267,0.42342613501870574,0.4169346307380598,0.41693646172593746,0.4169404788621044,0.4169453813361703,0.4169454063873432,0.41694864125282427,0.4169494438778326,0.4169520423920915,0.4169785105555469,0.416980377311939,0.4169798743262551,0.4169827000139466,0.41698426593767896,0.41698622599325114,0.4169882515528488,0.4169801413980104,0.4169793652719408,0.41698111304269564,0.41698463311047546,0.4171638464902533,0.4171614147276507,0.4171633843572398,0.4171642466485492,0.41716536681002386,0.41716515195809656,0.4171670085511535,0.4171661379868532,0.4171684031562013,0.41716870672196277,0.41716851680736644,0.41705144627870355,0.41704987936221116,0.417050349086099,0.41705083766147666,0.41705197868994637,0.41705085300225564,0.4170507795690863,0.41705195332782946,0.41705075115123336,0.417049906415827,0.4170511120058775,0.4170497349051803,0.4170502331310053,0.4170502595942525,0.4170408794803626,0.4170417324509237,0.4170424533131468,0.41704287401076484,0.41704451518349595,0.41704184675137024,0.4170422885106069,0.4170582257099322,0.4170568601076319,0.41705608251991416,0.4170568208090472,0.41705620853550185,0.41705438602358086,0.4170825092901609,0.41708382423823703
76,0.5403143510055376,0.45989662841755513,0.459705239052757,0.4597930122720616,0.4625584502453402,0.4623344631477742,0.4627057458302425,0.4625618970692969,0.46273364017481744,0.4626959783455641,0.46304137492250796,0.46292347249498506,0.4630193153041943,0.46291321486216586,0.46287677749100253,0.4627938535173378,0.4627357353620439,0.4630142890103364,0.4628194632706888,0.46286352165473227,0.46285903650698573,0.4206429728191994,0.4206170356940149,0.4205819222489984,0.42046701731145797,0.42058974746145333,0.4206052284507535,0.4206606819964561,0.4208522605921488,0.4208553505307718,0.42022717512504315,0.4201771182054048,0.4201620298847075,0.42015194988518,0.42016184383931476,0.42012893951482205,0.4201964317575588,0.4202123213241574,0.4201905643128692,0.42017265577514623,0.42014618897280304,0.42015860914760983,0.41340478866096725,0.4134043473752214,0.41341169458711025,0.41342353369399004,0.4134245254954609,0.41342967312215334,0.41342647419254447,0.4134300708460818,0.4134669371489746,0.41346504243952026,0.4134640832259333,0.4134684830504797,0.41346798908741195,0.41347021027038483,0.4134695873411203,0.41346420412725976,0.4134614914271792,0.41346300977590367,0.4134728302464995,0.41356874587452774,0.41356459704610304,0.4135674379653896,0.4135706432499763,0.413580776482155,0.4135747841205795,0.4135778978014672,0.41358079317521595,0.4135834692955036,0.41358608012195286,0.41358373363836426,0.41349852077839555,0.4134947263442372,0.41349375684792555,0.4134957921936999,0.41349673039209184,0.4134946235778041,0.4134945261760303,0.4134971824335315,0.4134941988722652,0.41349171048187305,0.41349210408576204,0.41348713954375704,0.41348660533606935,0.4134866437688602,0.4134954634428915,0.4134965332112929,0.4134980509088074,0.4134982280504964,0.4134997766844137,0.4134951457193323,0.41349606382176635,0.41350343562852154,0.413500554237124,0.41349800696561345,0.41349755615647193,0.4134961665358538,0.41349232914472767,0.4135190729679628,0.4135205405690088
77,0.5401063657807319,0.47309653459145523,0.47314882923707563,0.47337538487206965,0.4742918615828784,0.4737216166960119,0.4740054422218366,0.4739595825407776,0.4740228490314087,0.4734094314826507,0.4737779976469792,0.473691796399035,0.47381976251530544,0.4737515221920189,0.47374273147520896,0.47368164275645414,0.47364776579607987,0.4739230313593156,0.47378060138308,0.473846445317234,0.4738589948674452,0.4375415389194687,0.43762175095475675,0.4377417588665852,0.43762076462388844,0.4375010401680745,0.4374849674810686,0.43738681020190895,0.4367126328922365,0.4367135011473137,0.4343544184548053,0.4343753463560541,0.43438527989947107,0.43449904085308166,0.43449735120431987,0.4345159112195002,0.43448390665055203,0.4344782900384556,0.4344896915940233,0.43449844524098513,0.43451278038824276,0.4345092462943488,0.4326733199760544,0.43268336321048056,0.43266815486544175,0.4326365405623258,0.43263195494385825,0.43262312194516583,0.43264098396499073,0.432636272768714,0.4326317418696871,0.4326485466352312,0.4326732836503774,0.4326658985835895,0.43267498664844073,0.43267360889919193,0.43268499761881124,0.432657434499632,0.4326663088081828,0.43266693061747863,0.4326379761266298,0.4335188527385495,0.4335277336884995,0.43352264100765564,0.43351381387931126,0.4334684505529115,0.43349713109582344,0.4334902284421134,0.4334716764222645,0.4334686835113003,0.4334571878706842,0.4334678984416268,0.4333413500483934,0.43335259509664426,0.4333593743795384,0.43335182302110753,0.4333523692504196,0.4333576332377145,0.4333577428706097,0.43335041333081303,0.4333593921341209,0.433367394249199,0.4333709313076677,0.43338910658602325,0.43339392790916137,0.433393862558074,0.4333024634371302,0.4333011623059154,0.43329712698329087,0.43329875044704597,0.43329868972990493,0.43330868487396085,0.43330640218170874,0.43331202023176024,0.4333199599612494,0.43332893199938366,0.43333465382218384,0.43333870717860085,0.43334931046533237,0.4333786731557624,0.43337755796011024
78,0.54506371714129,0.5082329380668418,0.5073278607594681,0.5039595190355521,0.49535989910465394,0.49436426181226306,0.49395256119779285,0.49409577657248155,0.4938632788604542,0.4918026598267367,0.4919115354106773,0.4919071896806168,0.4919689955967232,0.4919731177167515,0.4919854448292161,0.4919753999365213,0.49197971776884153,0.4920428305083539,0.4920243139214513,0.49206467673626414,0.49208160887454366,0.46813613149733097,0.46829761123612496,0.46853528814924605,0.4688189519593854,0.46855840209598854,0.46852506768167673,0.46830545541081814,0.46684093289297757,0.46683689974697223,0.46195005880964257,0.46198945239003647,0.462005509651837,0.46234689930900436,0.46234073452369834,0.46237431678214375,0.46231247248165785,0.46229942834959176,0.4623204288642244,0.46233429429868783,0.4623605747490721,0.462351440180008,0.4622547673542449,0.46226552259240855,0.46224752915894696,0.46221119074543743,0.4622062942054571,0.46219577019359304,0.4622156326005748,0.4622098224207893,0.46225722394704133,0.46227630017667276,0.4623347278615768,0.46232552981853575,0.4623356328135074,0.46233361144576113,0.4623456431352624,0.4622744849979555,0.46228485665873414,0.46228518061930973,0.4622510954503917,0.46448477016509415,0.4644976535340185,0.4644898079139304,0.4644825538220767,0.46442399127139217,0.4644606036490028,0.464450582294026,0.46442764103464773,0.4644221261068523,0.46440733799513545,0.46442105198273786,0.4643373626350544,0.46435264336502813,0.4643609246705721,0.46435195608550883,0.46435185035901094,0.464360129139845,0.46436030254273597,0.4643503093410345,0.46436244690118733,0.46437182770279384,0.4643755053295797,0.46439958915142227,0.4644053525600841,0.4644052518843101,0.4642950755635025,0.4642928808733836,0.4642873321408706,0.4642896054302625,0.4642884577744916,0.4643026910207054,0.4642995610583406,0.46429861109035536,0.46430964453994866,0.46432157759275267,0.4643283574414592,0.4643339369288475,0.4643486994149078,0.464438207517846,0.4644359000350399
79,0.5479701154364399,0.5537736813279871,0.5515038137461278,0.5434558422521218,0.5258314761682192,0.5247560195799021,0.5237557841607858,0.5240242678305048,0.5234565353310453,0.5213063788400087,0.5211761874667328,0.52123212027672,0.5212185972637248,0.5212737935747678,0.5212944024439746,0.5213334763187476,0.5213629955491293,0.521213097903964,0.5213061878260197,0.5213113401755267,0.5213250274352358,0.5076184485009998,0.507814153226032,0.5080983627212414,0.5104854836299612,0.5101710959715741,0.510125399142924,0.5098379166329993,0.506840095345268,0.5068271639378189,0.49874846691257635,0.498788186613116,0.4988010851345667,0.49905974609767273,0.4990507808547151,0.4990816000683444,0.49901187271668523,0.49899715754536084,0.4990169812846834,0.49902827550859924,0.49905278029333916,0.49904155370205505,0.49932850168991205,0.4993359975616838,0.49931994922846157,0.49928807061825675,0.4992835636580775,0.4992731356630841,0.4992886925392345,0.4992824933047866,0.49907311153936207,0.4990847236600719,0.4991416154840472,0.4991344735854399,0.49914045023355397,0.4991383267677041,0.4991453740271569,0.4990808558625066,0.4990877062037977,0.49908719233041066,0.4990639632633178,0.5002998874286331,0.5003077840023479,0.5003033841281836,0.5003121911696821,0.500281839573025,0.5003007993839226,0.500295234677046,0.5002855112509254,0.5002816487089068,0.5002738559587517,0.500281060451656,0.5002837772776766,0.5002924758558772,0.5002969068467784,0.5002988843066127,0.5002985383848048,0.5003085426237837,0.5003086400297737,0.5003031255296249,0.5003098669390921,0.5003111453170869,0.5003128925032994,0.5003260083321861,0.5003289344133968,0.5003288769175877,0.5002649553191979,0.5002636018370089,0.5002604366162047,0.5002616204775787,0.5002606956266126,0.5002689408422685,0.5002671920806414,0.5002878947019199,0.5002938371682714,0.5003000401668931,0.5003033612488752,0.5003063156276746,0.500314160910672,0.5003820386192498,0.5003807252528483
80,0.5516606596767697,0.56418914070166,0.561908296299831,0.5540579857228561,0.537659545828982,0.536800001202085,0.5358061294186117,0.5360615576864918,0.5355658598981445,0.533981938569276,0.5337790002218183,0.5338478792743481,0.533806447944546,0.5338696018331468,0.5338895112236458,0.5339334288705093,0.5339658243012638,0.5337656835475125,0.5338704719875488,0.5338609390822711,0.5338701412929983,0.524639410548827,0.524810249576824,0.5250574865491312,0.527936320720755,0.5276380612989374,0.5275949640820664,0.527312885146841,0.5240869511278264,0.5240716693947315,0.5177954837965206,0.5178840430992249,0.5179103518418062,0.5182761104992755,0.5182545052521722,0.5183195893689446,0.5181605115811251,0.5181283339770856,0.5181694573491434,0.5181932941063003,0.5182447202777253,0.5182189014861904,0.5186992666537291,0.5187143532132588,0.5186785130622923,0.5186085681301043,0.5185982663730115,0.5185747299169577,0.5186066602276922,0.5185922801426744,0.5178914638829881,0.5179088265995948,0.5179991367256235,0.5179870305404451,0.5179957998540761,0.517991777594127,0.5180021887087056,0.5179221413614209,0.5179327823803045,0.5179312621407255,0.517894647766649,0.5192326598645354,0.5192441212796147,0.5192381528677048,0.5192589552382282,0.5192198966494138,0.5192441345571586,0.5192367216504999,0.5192272253554732,0.5192214317238312,0.5192114622680495,0.5192206636760818,0.519243346943508,0.5192547981874372,0.5192604270060277,0.5192730680966833,0.5192723879683988,0.5192899622980044,0.5192900823650911,0.519282910817978,0.5192916995135475,0.5192892252248918,0.5192912564605104,0.5193084303147997,0.5193120746712372,0.5193119963685394,0.5192128061134109,0.5192109868326353,0.519206937263579,0.5192083266168463,0.5192069165349732,0.5192174851964568,0.5192152487012853,0.5192460327575954,0.5192535802467767,0.519261337171988,0.5192653066309835,0.5192690563756901,0.5192790693591889,0.5192044684823274,0.5192029092627272
81,0.5465716563169447,0.5647465083821793,0.5629592352295347,0.5565617089417199,0.5426485127689169,0.541921334040728,0.5410200724396766,0.5412474323563771,0.5408655871275068,0.5394289998718859,0.5392057110439812,0.539275956253428,0.5392244962791631,0.5392861203766133,0.5393036802895335,0.5393427376496176,0.5393735681727879,0.5391701231331232,0.5392658158455613,0.5392504389670598,0.5392566876749574,0.5323221079550128,0.5324664008207386,0.532674850622788,0.5351195531466065,0.5348637034030097,0.5348282384300415,0.5345764140250222,0.5318024619082862,0.531788713668009,0.527008967456846,0.527099962254276,0.5271269504570187,0.5275627558432494,0.527540171759655,0.5276075562003169,0.5274423191730494,0.5274090612353665,0.5274513844262493,0.527475481062536,0.527528590034915,0.5275017204662072,0.5279583482239925,0.5279739904185675,0.5279365218821253,0.5278637048194283,0.52785298390362,0.5278284929684591,0.5278615025378193,0.5278465054873234,0.5271325785727047,0.5271498380744591,0.527252621531373,0.5272404473599138,0.52724918143108,0.5272451104350343,0.5272553114225368,0.5271631808030982,0.5271737469881576,0.5271721864158474,0.527135629419693,0.5284215935687523,0.5284325378168733,0.5284270926623156,0.5284422682893486,0.5284069585864569,0.5284288723274301,0.5284221838973341,0.5284147200106493,0.5284089238777852,0.5283999210448963,0.5284082281414476,0.5284300623440065,0.528440434423971,0.528445557220872,0.528462665697645,0.5284620541676045,0.5284787086269312,0.5284788139436524,0.5284723793155764,0.5284802908684001,0.5284735206041523,0.5284753876230807,0.5284908849419779,0.528494178922613,0.5284941085574014,0.528401457596544,0.5283998498894134,0.5283962348851201,0.528397634341166,0.5283964240202504,0.5284058604103389,0.5284038723290064,0.5284340730813141,0.5284407821814369,0.528447686278598,0.5284512737057538,0.5284546087592074,0.5284635173068251,0.5284035159654887,0.5284021447173614
82,0.5615035949296574,0.5642286673245149,0.5647826690145008,0.5661732390332911,0.5677877972620967,0.5682773843097948,0.5683140990406134,0.5683258910190251,0.5681520880997002,0.5733324319535129,0.5733117895567754,0.5733425893798113,0.5733409893761615,0.5733633567002187,0.5733968352655106,0.5734260887541908,0.5734362800970204,0.5733225880160251,0.5733941928765656,0.5733913589779055,0.5733979272321945,0.5712446140259084,0.5713280797965569,0.5714387662176573,0.5783327191013508,0.5775211334752389,0.5774787338141972,0.5772967926937801,0.5690138859876225,0.5689928706100439,0.5657641475731866,0.5659774481291824,0.5660356887506338,0.5659743285268725,0.5659233305376733,0.5660661064040929,0.5656725513979264,0.5656005589666483,0.5656901014319429,0.5657312929000451,0.5658425374793772,0.5657830732823793,0.5660750207864186,0.5661095566076926,0.5660232440538543,0.5658554902667858,0.565831768069521,0.5657744560861601,0.565848255877695,0.5658127828612511,0.5636036686765505,0.5636316741906845,0.5636845646896301,0.5636630105866604,0.5636765221908566,0.5636687271441011,0.5636858594625653,0.5643832758134744,0.5643988216772191,0.5643952384159849,0.564336670540068,0.5645194318097926,0.5645470058993242,0.5645362787264694,0.564580973473575,0.5645129593494421,0.5645549228870332,0.5645417352919829,0.5645432929096866,0.5645335481340462,0.5645161357653963,0.5645322050861689,0.564547080817777,0.5645668223308112,0.5645761790593733,0.5646608632854795,0.5646593866421361,0.5646744322250967,0.5646746471361069,0.564662370877117,0.5646776554366454,0.5646815216819325,0.5646846297517044,0.5647146320470477,0.5647207592647029,0.5647206162477383,0.564507851538809,0.5645045893880954,0.5644976872478465,0.5644985749027183,0.5644957663288299,0.5645138460898286,0.5645101251103443,0.564544882402251,0.564557981548952,0.5645712027399581,0.5645777362870305,0.5645842581196836,0.5646018010615826,0.564435354486288,0.5644315057424065
83,0.5774378873789284,0.5909711682254464,0.5909968251389431,0.5892263925295299,0.5906530187459855,0.591519067623249,0.5915516733214243,0.5915558334548966,0.5914785014265678,0.600933954288326,0.6005363870362299,0.600688636802775,0.6005635596065787,0.6006448484976976,0.6007303246504737,0.600791970637044,0.6008245548814685,0.6003804365997263,0.6006276501980591,0.600556053011453,0.6005508027765105,0.6005952904776504,0.600737364504972,0.6009047998620324,0.608687414669417,0.6059191008294131,0.605870068835111,0.605686688517357,0.5911816923412967,0.5911646439785785,0.589777002859496,0.5899556956619455,0.5900018126317897,0.5898830641992309,0.5898401415607327,0.5899603900401068,0.58958383503089,0.5895242559145916,0.5895982791897912,0.5895884999984994,0.5896773080158851,0.5896275671202453,0.589791445566268,0.5898206354209712,0.5897481457235714,0.5896076902668391,0.5895931794959476,0.589545693554992,0.589607097851465,0.5895776525052876,0.5877552230975458,0.5877764206608821,0.5878097155250906,0.5877934113833847,0.5878035790487901,0.5877978948882281,0.5878092525391776,0.5904307245302466,0.5904392752095693,0.5904363957669263,0.5903915490674976,0.5903246875814286,0.590358917588324,0.5903503863994161,0.5902785794961427,0.5902302975453637,0.590260061406274,0.5902507005816753,0.5902818531593603,0.5902719558219124,0.5902592878768395,0.5902709730504256,0.5902808132275339,0.5902952018036249,0.5903020527058709,0.5904938171055798,0.5904926992158475,0.5904864523106778,0.590486602687212,0.5904773631506974,0.5904889137727203,0.5904816563861158,0.5904840376546934,0.5905073077187044,0.5905119975649666,0.5905118862368917,0.5903097062391579,0.5903073811330437,0.5903024636782794,0.5903029724226473,0.5903010009180394,0.5903138191255191,0.5903111614398983,0.5903339132490094,0.5903433719847573,0.5903529539683197,0.5903577554202623,0.5903624895964792,0.5903752688994908,0.5904093072704548,0.590405404724468
84,0.594491459309969,0.6168815733540943,0.6165303900143297,0.6118106800129587,0.6149586233208519,0.6174809745092358,0.6178772532598588,0.6178029382355504,0.6178985470249139,0.6387982970226765,0.638248425856477,0.6384634949779602,0.6382870056413822,0.6384015433478593,0.6385413242195438,0.638634530757151,0.6386792051283408,0.6380005113330892,0.6383432246590257,0.638238866885696,0.6382315110133928,0.6385265787911235,0.6387189248816495,0.6389474318553585,0.6525431115141614,0.6488303171414436,0.6487636698310125,0.6485712164007882,0.619012687443266,0.6189935047713446,0.6177208412020301,0.617925088221598,0.6179780901150056,0.6178692080546484,0.61782028694071,0.6179574188163711,0.6174977148484072,0.617429697869108,0.6175143934033136,0.6175124106451664,0.617613638806007,0.6175571227256837,0.6177171126278548,0.6177505307129587,0.6176679416171861,0.6175069928229623,0.6174911328831355,0.6174365987906565,0.6175070997063339,0.617473319674623,0.6152925957526785,0.6153196092517529,0.6153522280883911,0.6153314472156906,0.6153444312869233,0.6153371175520715,0.6153525021282201,0.6184542326221927,0.618471560462211,0.6184666996283723,0.6183919165912402,0.6183405930529466,0.6183956906135126,0.6183811118028675,0.6183543024975103,0.6182662010521562,0.6183202882524932,0.618303170738675,0.6183334185265071,0.6183203913980568,0.6182975693077466,0.6183186331233312,0.618326377695353,0.6183522638196643,0.6183644850018746,0.6185733753539341,0.6185714415036897,0.6185047949771411,0.6185050994691516,0.6184884364444769,0.6185091821787541,0.6185158185967298,0.6185198798154145,0.6185609514896712,0.618569302098392,0.6185691031938856,0.6182150810258977,0.618210850306011,0.6182020461112706,0.6182028492460478,0.6181991115358315,0.6182223886122998,0.6182176176577987,0.6182564928565774,0.618273493630544,0.6182906507210622,0.6182990373277368,0.6183075721120725,0.6183306403055414,0.6184325299919211,0.6184252051661496
85,0.6253922055971414,0.6530403580035192,0.6518078010150344,0.6426421059073565,0.6455183489675514,0.6486791329930977,0.6491782211186237,0.649081497546687,0.649322589897479,0.6746615342465296,0.6737457534406376,0.6740742280148525,0.6737764120459838,0.6739509404831684,0.6741560445785459,0.6742935645317728,0.6743621938731429,0.6733167271643123,0.6738189401918835,0.6736453811479185,0.6736269343068643,0.674300110753857,0.674564067753427,0.6748795317670075,0.6844317344917669,0.6797214446569053,0.6796746272979641,0.6796534975862435,0.6435655736242557,0.6435669783417587,0.6435532300171198,0.6435484148058016,0.6435413943592936,0.6435010806294598,0.6435028969792403,0.6435007334866399,0.6435085911756279,0.6435107977924885,0.6435090912864895,0.6434210401069221,0.6434049413583521,0.643406821615147,0.6434437617924289,0.6434432230911781,0.6434485920226084,0.6434548290752132,0.6434726959071988,0.6434755142125271,0.6434730907509566,0.6434749575692154,0.6432019782221954,0.6431959201610536,0.6432042954596707,0.6432098867949518,0.6432070539749936,0.643209749058362,0.6432051780347018,0.6479551533159082,0.6479528671175728,0.647952107020023,0.6479487512149795,0.6479340252782155,0.6479107578099307,0.6479099947986903,0.6479337787032579,0.6479276738074017,0.6479308845188038,0.6479300227356849,0.6477593062599402,0.6477583051007807,0.6477587186367995,0.6477583333522836,0.6477605302250775,0.6477600826594508,0.6477599895581406,0.6475547255582752,0.6475545681341413,0.6475839838987448,0.6475838957802825,0.6475859632364966,0.6475835775564776,0.6475743628564888,0.6475741032754565,0.6475703651572476,0.6475694946000212,0.6475695182736488,0.6475205402432871,0.6475213107133984,0.6475227562258861,0.6475226573422435,0.6475235041298729,0.6475227479884541,0.6475236201365604,0.6475176408688255,0.6475148905679508,0.6475121760619325,0.6475111621129004,0.6475097940847537,0.6475061304873103,0.6475472768680662,0.6475466202350397
86,0.6570893531097738,0.6843373726261818,0.6827507121642453,0.6729182805211766,0.6773627361630726,0.6813158107899958,0.6819667031302281,0.6818368423889142,0.6821874732115599,0.7069533404613492,0.706123957931108,0.7064217070701498,0.7061475941129248,0.7063042931289341,0.7065221814113459,0.7066506691604855,0.706711561042403,0.7056925458068207,0.7061385828118009,0.7059742655992303,0.7059559663890768,0.7064696527305016,0.7066997642782755,0.7069794352071074,0.7119625008494062,0.7083662960955708,0.7083413004628194,0.7084784957369881,0.6824981668546526,0.6824915986978688,0.6824878399674875,0.6825513756361363,0.6825625427882756,0.6825328837683161,0.6825180669744902,0.6825618369350281,0.6829220118142558,0.6829000112418347,0.6829282004495347,0.6828705230644512,0.6828760098520962,0.6828574728247787,0.68288423416922,0.6828959417850108,0.6828733363863292,0.6828201635992566,0.6828279829698597,0.6828102536257736,0.6828338459254322,0.6828229868559549,0.6828270003801589,0.6828479027073221,0.6828707520600812,0.6828558899054792,0.6828660231097834,0.6828613811324744,0.6828734450015581,0.6863972504346129,0.6864109647270511,0.6864045522099809,0.6863466499505937,0.6863483906913934,0.6860972235621965,0.6860851376031999,0.6861111718927219,0.686028907768939,0.6860766725306262,0.6860618452874081,0.6851461519984482,0.685139103950193,0.685130883193037,0.6851384654067016,0.6851372938739262,0.685146633204891,0.6851511342773711,0.6840615019515588,0.6840594142462524,0.684082370023558,0.6840822619388863,0.6840825483371271,0.6840824613204449,0.684072840794431,0.6840730560973389,0.6840745949006843,0.684074647313662,0.6840746479399424,0.6840091396240736,0.6840094179358478,0.6840097923049032,0.6840097787304762,0.6840101914314674,0.6840208407194606,0.6840211803398079,0.6840195223372384,0.6840187601124612,0.6840180352066901,0.68401805712658,0.6840176838717763,0.6840167314634528,0.6840229911639863,0.6840226424525024
87,0.6831372545885309,0.7014992318150897,0.7010794236796066,0.6955347141709831,0.6997854133986453,0.706666431646264,0.707374221473903,0.7072239692138521,0.7076011135136039,0.7324364734876263,0.7320207415699302,0.732186476959384,0.7320452482002505,0.7321302215434656,0.7322818440265659,0.7323554322801844,0.7323870549699952,0.731676843347147,0.7319177875096888,0.7318263630911489,0.7318183090175715,0.7320888900827098,0.7322103022600359,0.7323600927767197,0.7347898480363074,0.7331253115401927,0.7331250282862198,0.7331430975658824,0.7159002074461542,0.715888838530082,0.7157623750096175,0.7158746646083103,0.7159046082463258,0.7158851502926842,0.715859054437739,0.7159340435726539,0.7170559421499986,0.7170149134406548,0.7170671330769504,0.7170711475511052,0.7170863535910608,0.7170525748135661,0.7170858365507573,0.7171069810600772,0.7170664345639232,0.7169668517902709,0.7169145961539491,0.7168796358088902,0.7169252254300094,0.7169038793408309,0.7168238943776264,0.7168640256545269,0.7168935026611181,0.7168642862779734,0.7168835821420569,0.7168733590859568,0.7168972343839431,0.7183752820975842,0.7183778335940613,0.71836573631317,0.718264879810433,0.7182677482720043,0.7174082090621939,0.7173866284054962,0.7173782937919779,0.7172327489664798,0.717318068154967,0.7172915335810628,0.7154299836533826,0.7154223196433551,0.7154095319181031,0.7154213343605168,0.7154195523837471,0.7154339949800164,0.7154407996534762,0.7149355328378817,0.7149348569265681,0.7149463182674249,0.7149463368608686,0.7149409581312094,0.7149478112888856,0.7149487867968823,0.71495021813033,0.7149647692364459,0.7149674902954213,0.7149674258199669,0.7148593645689396,0.7148579491416373,0.714854864428215,0.7148551368186177,0.7148539324724701,0.7148779568687146,0.7148763852674236,0.7148893713267952,0.7148951071838806,0.714900848635612,0.7149038318824844,0.7149066657718884,0.7149143117507559,0.7149052189414087,0.7149009616563791
88,0.7323145885462922,0.7303078520165583,0.730049736173728,0.7291423768219779,0.7248920097610091,0.7447011501842115,0.7451821528620052,0.7450582107791195,0.7453092160926729,0.7656999356066461,0.7658439157405955,0.7658453274719711,0.765902107341931,0.7658891488553996,0.7656668644326907,0.7656572079170452,0.765660919759441,0.765470970939559,0.7654143469604942,0.7654438216485517,0.7654553512431915,0.7654904926262278,0.765462964294869,0.7654209179569954,0.7650697999567962,0.765278820372523,0.765312830762432,0.763647051958984,0.7572618879564327,0.7572547837265048,0.757157179023962,0.7572347289328014,0.7572601519026301,0.7572555633521592,0.7572393743346364,0.757289790119146,0.7603783046756641,0.7603380929643972,0.7603908292659812,0.7604284824677183,0.7604028980876232,0.7603690686060702,0.7604071401717503,0.7604287182843937,0.7604047171272079,0.760305626450077,0.7600191103405648,0.7599817831641805,0.7600311619576586,0.7600086340880564,0.7598538659804324,0.759897512815681,0.7599242294855915,0.7598936455422826,0.7599144670224725,0.759903583677942,0.7599294772359959,0.7599999897111922,0.7599935906549368,0.7599750857501162,0.7598727992165092,0.759876070072242,0.7567463072309859,0.7567253256403316,0.7566964664145999,0.7565587774671011,0.7566418101942536,0.7566160538466286,0.7546754072668166,0.7546691020924745,0.7546554768069658,0.754668055507754,0.7546661793155013,0.7546815857436829,0.754688850079913,0.7548322374089107,0.7548269194017418,0.7548481570339831,0.7548481098110075,0.7548381727953789,0.7548507018694739,0.7548610876978589,0.7548635758537366,0.7548914258585653,0.7548964505209855,0.7548963300228309,0.7547378034263875,0.7547351953172452,0.7547294702339816,0.7547299574244091,0.7547276200568817,0.7548009682253755,0.754797867031735,0.7548228164850842,0.7548339432407146,0.7548450975011469,0.7548512284249489,0.7548567855797562,0.7548718135693692,0.7548487939467984,0.7548519946033152
89,0.7435525428114166,0.733177154583964,0.7328252243085706,0.7334122628877364,0.7284871599925401,0.7565307298965595,0.7570024421709325,0.7568718556190783,0.7571183192657346,0.7779676935248927,0.7781886933299736,0.7781706031121153,0.7782607848361351,0.7782340356321037,0.7778564925066124,0.7778343973513464,0.7778386208635776,0.7777401347316837,0.7776316855405542,0.7776855264461131,0.7777018547029476,0.777712351683234,0.7776609815551978,0.777586698547315,0.7767754323880294,0.7772143141718427,0.7772556680610323,0.774862799033625,0.7700699558506008,0.7700663622434332,0.7700312373812807,0.7700773432993868,0.770094884740403,0.7700945737792,0.7700865541121477,0.7701158330313878,0.7742107728473794,0.7741758601551983,0.7742228723634664,0.7742588155105667,0.7742112602728829,0.774181107688539,0.7742204336944222,0.7742399700519854,0.7742303730193094,0.7741433928913632,0.7737209909381425,0.773687139448292,0.7737326097322671,0.7737123444395562,0.77356227055537,0.7736027803607238,0.7736267121850241,0.7735992677737796,0.7736185413765911,0.7736088769610353,0.7736327951102205,0.773565520178809,0.7735582660780813,0.7735374215122006,0.773443553350022,0.7734473313898351,0.769107421253389,0.7690893047152957,0.7690626076101291,0.7689427242597462,0.7690146617315348,0.7689924243647509,0.7674272695638059,0.7674210467349009,0.7674073008686376,0.7674199984017716,0.7674180584629561,0.7674336175624173,0.7674410593371332,0.7675938807591972,0.7675878496628815,0.7676054378830183,0.7676052765387676,0.7675951464257422,0.7676080896526257,0.7676191295990487,0.7676218153243701,0.7676518435108325,0.7676571223455532,0.767656998686107,0.7674623001101876,0.7674596617527464,0.7674537687416206,0.7674542694996758,0.7674519752507445,0.7675577486662586,0.7675546289040648,0.7675802030799276,0.7675916218497827,0.7676030686334895,0.7676094977894826,0.7676152144308713,0.7676306855492658,0.7676064802543379,0.7676186137057678
90,0.7645172649523965,0.7472722795307156,0.7460223589142104,0.748597446792681,0.7398918123411354,0.7923653957797819,0.7924403004990092,0.7923756823150916,0.7923890240803377,0.805044729941663,0.8051588533187464,0.8051579475201505,0.8052361713059019,0.8052239470243749,0.8042826379335971,0.8042724925315119,0.8043017444142969,0.8047019276965437,0.8045769239822808,0.8046547996319157,0.8046761664292736,0.8046374694425362,0.8045836821894005,0.8045068816026025,0.8032186044066094,0.8038112155719167,0.8038478929746361,0.7994756243095705,0.7981849066942375,0.79818946075156,0.7982915830742102,0.7982604665530846,0.7982583333272206,0.7982665110160716,0.7982763218893836,0.7982540989317611,0.8030039965406744,0.8029936406001864,0.8030115832780814,0.8030289238942209,0.8029051706420077,0.8028914351904232,0.8029242650945104,0.8029327325700244,0.8029787654104704,0.8029499632131047,0.80185430448385,0.8018396562135041,0.8018613115396208,0.8018531215773192,0.8017731102681311,0.8017935299234934,0.8018036971903667,0.8017927235012975,0.8018022621249697,0.8017987362003407,0.8018103945899102,0.8016339517997699,0.8016151187317825,0.8015914605191112,0.8015469890285197,0.8015513353865475,0.7926792679604104,0.7926792688722594,0.792679269700425,0.7926792709099031,0.7926792724014742,0.7926792733114609,0.7926792651678825,0.7926792660400679,0.7926792668136791,0.7926792678447712,0.7926792687867664,0.7926792698650156,0.7926792708935719,0.792679273978614,0.7926792746019174,0.7926792757032091,0.7926792766256794,0.7926792774332879,0.7926792785183452,0.7926792795274832,0.7926792804954229,0.7926792825704299,0.7926792835706252,0.7926792845365781,0.7926792798301809,0.7926792807356583,0.7926792815787105,0.7926792824936855,0.7926792834238753,0.7926792606579198,0.7926792612761338,0.7926792624463695,0.7926792633492504,0.7926792642079996,0.7926792650574606,0.7926792658204592,0.7926792664234845,0.7926792662807649,0.7926792670963768
91,0.7904269269388489,0.7619180131539811,0.7598553575826952,0.7619789479583846,0.7504821712359016,0.8252038425704982,0.8245403615521527,0.8246208060923408,0.8241851097134263,0.8260053190152808,0.8257723356504795,0.8258499877407905,0.8258275706889612,0.825871076189601,0.8243577140216605,0.8243941896391387,0.8244591609514347,0.8266089983580579,0.826574770622436,0.8266272217443511,0.8266444564811782,0.8265690273509894,0.8265623691294922,0.8265529634721159,0.8254666010011424,0.8258175886446906,0.8258326601261645,0.8210019229517513,0.8207888596509754,0.8207936951865374,0.8208713896361349,0.8208365800467224,0.8208342230584306,0.8208429708568468,0.8208486955650889,0.8208245510008402,0.8235477595148999,0.8235564193044367,0.8235511683575804,0.8235532294946502,0.8233841935019215,0.823378955321201,0.8234045141228015,0.823404189106309,0.8235058455005295,0.8235222071767361,0.8212691966469107,0.8212742619834563,0.8212709345475476,0.8212749853043514,0.8212915103155483,0.8212909374474826,0.8212875931858872,0.8212930152156145,0.8212923998209816,0.8212948855401662,0.8212938187921415,0.8211650904476698,0.8211309995284815,0.8211076240522229,0.821114055015567,0.8211183626763169,0.8164546628323474,0.8164571788443565,0.8164595433408913,0.8165949628109856,0.8165892228986464,0.8165916036940535,0.8166922697612528,0.8166937592174235,0.8166951015649234,0.8166938680635647,0.8166935620932261,0.8166920233644889,0.8166919787265537,0.816720033935215,0.8167134335887121,0.8167109345122211,0.8167089319967308,0.8167110466950903,0.8167096885127237,0.8167083756336236,0.8167088656993481,0.8168028898219016,0.8168026111276527,0.8168026329880276,0.8167203536613368,0.816721248369809,0.8167220434400488,0.8167219710176794,0.8167233612404893,0.8136471414734343,0.8136461677206085,0.8136558686255503,0.8136602239215117,0.8136645355049402,0.8136711738463636,0.813673396246987,0.8136794408311114,0.8136658329976052,0.8136608777524601
92,0.803741514755599,0.7670583306344976,0.7646146568821024,0.7649419770574596,0.7537530658507662,0.8430806880623901,0.8424464091843142,0.8425339455876363,0.8421311108216034,0.8412150867853211,0.8409967252604421,0.841070688932742,0.8410406433907283,0.8410795509572397,0.8398866845339877,0.839917002540525,0.8399696932871268,0.8431294472669494,0.8431053381061077,0.8431378207052447,0.8431496932350151,0.8430840364123939,0.8430794828535846,0.8430753991111166,0.842378331027858,0.8425802518602534,0.8425906318970848,0.8396562437846812,0.839590206172868,0.8395937648263072,0.8396428626672029,0.8396167607262834,0.8396149680636799,0.8396217549435142,0.8396245961163108,0.839606827825508,0.8411610369615771,0.8411742088435958,0.8411624716356485,0.8411581840026852,0.8410309039030155,0.8410307510960557,0.8410489269406821,0.8410458311084331,0.8411437874125357,0.8411716290834681,0.839190149281383,0.8392034667929863,0.8391892818264958,0.8391982511416194,0.8392606375564352,0.8392503947534722,0.8392415048429853,0.8392534815878379,0.8392483550168329,0.839253153648509,0.8392464893478871,0.8391751066540448,0.8391454858154979,0.8391270477092874,0.8391560094901874,0.8391596458587659,0.8366105324217632,0.8366160664110467,0.8366234997099457,0.8367566265468913,0.8367403438122653,0.8367461602972452,0.8368282640382942,0.8368321451188916,0.8368381450449572,0.8368326107696727,0.8368327989717416,0.8368259960575682,0.8368235989752961,0.8368432554125014,0.8368397716087536,0.8368339757725285,0.8368318030755749,0.8368373626132618,0.8368318970106859,0.8368270820755207,0.8368268926804792,0.8369364158506196,0.8369345418428685,0.8369346047976425,0.8368717677603317,0.8368736089602523,0.8368763320806614,0.8368760944552684,0.8368783365209892,0.8332679145495085,0.8332685285976961,0.8332659958187608,0.8332649215885907,0.8332637874593617,0.8332655573656568,0.8332650849104144,0.8332638598220303,0.8332597027090068,0.8332573675735364
93,0.828533533301618,0.7772398168687815,0.774435958710354,0.7723910321725573,0.7635484033454888,0.850808708306343,0.8507519420267342,0.8506863238545228,0.8507651225158719,0.849032216998558,0.8490511331066671,0.8490851843667871,0.8491819872796321,0.8491628196521981,0.8476075746899224,0.8475683747882491,0.8476508579142604,0.860248409988435,0.860174038090222,0.8602064064604321,0.8602154405386437,0.8602000303004952,0.8601674596981771,0.8601234185784737,0.8599547372602796,0.8601429453044916,0.8601591828104675,0.8586203254918022,0.8590982143129412,0.8591052577336311,0.8592074761485294,0.859157892699304,0.8591467214585772,0.8591526195433715,0.8591622583032469,0.859128871093663,0.8591408112419686,0.8591610638767224,0.8591370559699711,0.8591205223182188,0.8590064794092405,0.8590106052007146,0.8590147120571218,0.8590055783088013,0.85908745243526,0.8591367809222606,0.8570541335285133,0.8570842355074099,0.8570468703909542,0.8570657840261705,0.8572445463562851,0.8572148791547506,0.8571951317200339,0.8572192930582313,0.8572048883926701,0.8572139319492613,0.8571958122438322,0.8571669652037983,0.8571342294542638,0.857140709923485,0.857212650600192,0.85721337539991,0.8565440557880765,0.8565565740941302,0.8565776094484479,0.8568079978986325,0.8567640921959757,0.8567781839491877,0.8568504063319768,0.8568589996109127,0.8568764067750221,0.8568602047481652,0.856862414933067,0.8568426586613198,0.8568334411601874,0.856856272227068,0.8568537316335185,0.8568453226003008,0.8568469713680403,0.8568597256804721,0.8568438810922024,0.8568297961736532,0.856827009806825,0.8569420777746205,0.8569355094815996,0.8569356609050179,0.8570591236681628,0.857063016194352,0.8570704958683075,0.8570698812188167,0.8570736283482311,0.852559796644798,0.8525648893916832,0.8525239320873362,0.8525055810039684,0.8524872923822838,0.8524792490053518,0.8524700106516819,0.8524451082062402,0.8524823362616881,0.852486605002055
94,0.5242139709860566,0.45974238540030304,0.4594340133209332,0.4592885894863181,0.4616477947169581,0.46146134314348636,0.4617693759729019,0.46162878261033397,0.4617660159596761,0.4616911305315563,0.46198695603068357,0.46187558686021946,0.46195157218369803,0.461848826809323,0.46180915959392793,0.4617308353715563,0.46167357375842377,0.46191523656399414,0.46173738236265793,0.46177104216087006,0.46176296700977815,0.41107811709649356,0.41107812143315564,0.4110781259615724,0.4110781122831478,0.4110781149266688,0.4110781184858134,0.4110781211695107,0.411078115861305,0.4110781192482241,0.41107811379472337,0.4110781170919826,0.41107812025455054,0.4110781236413175,0.41107812681351363,0.41107813022321577,0.41107813261789095,0.41107813566179335,0.41107813882876,0.4110781418690674,0.4110781450088484,0.4110781479234644,0.41107807660122264,0.4110780782698083,0.41107807976948946,0.4110780814937125,0.41107808300629267,0.4110780847398564,0.4110780864311616,0.4110780881616238,0.4110780903828838,0.4110780921279004,0.41107809435665416,0.4110780960444786,0.4110780977304245,0.4110780994736553,0.4110781011644473,0.4110781021763999,0.41107810385968196,0.4110781052849241,0.411078106771292,0.4110781177061169,0.41107811930486954,0.41107812105424146,0.4110781229154255,0.4110781243943422,0.411078126142192,0.4110781279422617,0.4110781297416433,0.4110781315156705,0.4110781332943923,0.41107813504839674,0.41107813615168176,0.4110781379110778,0.4110781397082158,0.4110781409983314,0.41107814256737796,0.4110781443228803,0.41107814610711274,0.411078147822289,0.41107814958014965,0.41107815123019525,0.411078152942839,0.41107815430354233,0.4110781560100526,0.4110781577893745,0.411078156994709,0.4110781587795637,0.41107816054828933,0.4110781623257773,0.411078164128565,0.4110781653598368,0.41107816713941275,0.4110781648186696,0.4110781665245139,0.41107816810485637,0.41107816970848576,0.41107817132636987,0.4110781720405753,0.4110781741273326,0.4110781758780366
95,0.5292574712443264,0.4618061986712688,0.4619040921825917,0.46258889153954746,0.46544145582100993,0.46512052675863014,0.46549407289494965,0.46537899434037355,0.46551564630896736,0.46535165458661504,0.4657094125413926,0.46560172136304045,0.46570979889395103,0.4656162235714649,0.4655894754674185,0.46551362187982936,0.4654637133189887,0.46574470986506955,0.4655709631257129,0.4656229145580899,0.4656243451537659,0.42081752159546887,0.42084619281393437,0.4208898346165319,0.42079898062005366,0.4207585008213366,0.4207530004103477,0.4207194013371151,0.4204944814734042,0.4204954838829251,0.41964805205308753,0.41965387178913915,0.41965735176393654,0.41970062491103344,0.4197007387336243,0.41970662514269413,0.4196976251844714,0.4196963455207335,0.4196998705387723,0.41970262560192634,0.41970710054455135,0.41970654263210544,0.41833829190845284,0.4183420446098342,0.41833790866276355,0.41832864845604906,0.41832731314876004,0.418325167969274,0.41833131969879245,0.4183303901344644,0.4183341977651961,0.4183402202066456,0.4183486165673994,0.4183468319976534,0.4183502586095653,0.41835028804540303,0.4183546439529699,0.4183443042927437,0.41834703164036346,0.4183477642678291,0.41833908976078044,0.41869203894910356,0.41869444690634694,0.4186933586359532,0.41869084041377835,0.41867682033849796,0.41868588878917384,0.4186841743424589,0.4186781394531858,0.41867778379124515,0.41867418607941553,0.41867755988800825,0.41862467649793744,0.4186280389625334,0.41863045884028455,0.41862807852018513,0.4186285872205941,0.4186300382030589,0.41863006335507097,0.41862783697744294,0.41863053225733055,0.4186330326403411,0.41863456493415985,0.41864019641981487,0.4186419604493724,0.41864194708844704,0.4186107618535437,0.41861055594859536,0.41860938092850414,0.41861011737787257,0.41861055190439395,0.41861329343894366,0.41861260197868155,0.4186126615066767,0.41861499753954023,0.41861789362595714,0.41862007254241446,0.41862128444748103,0.4186243655051348,0.4186401835894359,0.41864019479311176
96,0.5279627787344052,0.46767985031202464,0.4678899226543348,0.4685220737000453,0.46984873956474626,0.4694089505275489,0.46965530441461834,0.4696019468748415,0.4696558719962739,0.469159396123293,0.46946020146285805,0.4693815857572842,0.46948225904488516,0.4694171729372988,0.46940425665390717,0.4693456918017167,0.469312233329698,0.4695457741482014,0.46942371294248747,0.46947510002219406,0.4694820842215139,0.43327075143311594,0.4333159374309964,0.43338575459282275,0.43329054938416717,0.43324266008175627,0.43323847428028783,0.4331867758759113,0.4329211049718375,0.43292394147091223,0.4315250166040611,0.43151859277255467,0.4315201789417621,0.43171024480867215,0.4317143744502134,0.4317135939886118,0.43172420178589477,0.43172744899208015,0.4317265633829366,0.4317241836900398,0.4317232062560148,0.43172678814240384,0.43219192682681157,0.4321924522712878,0.43219689104069814,0.43220409823953654,0.4322050856470635,0.4322087875897908,0.432207795492277,0.4322104785706527,0.4322886407386066,0.4322885756284092,0.43233387549915253,0.43233718406920896,0.4323375213287305,0.4323394730887453,0.43233929740279636,0.43230516373340344,0.4323033728441872,0.43230497859463474,0.4323117644364398,0.4337475631048195,0.43374423475900764,0.43374668931814686,0.43375654286859494,0.43376759072498894,0.43376094127567927,0.43376378643734104,0.4337674745288716,0.43376964929204664,0.43377250716630594,0.43376989003657473,0.4337450535982456,0.4337413050162403,0.4337401570818994,0.43374236985960496,0.43374307140725715,0.43374128354214186,0.4337412020114449,0.43374354464890685,0.4337405925170082,0.4337380638233708,0.4337382179550641,0.43373318789592463,0.43373251582416045,0.4337325510292793,0.4337482068902285,0.4337491809979517,0.43375069461011295,0.4337524806426639,0.43375377834172774,0.4337494037403305,0.4337502463514522,0.4335699752458757,0.4335688944131798,0.43356862910142874,0.43356935770333244,0.4335688798322905,0.43356731571227897,0.4336075593881403,0.4336087142412583
97,0.5316109425136973,0.5019232288356177,0.5011208011382382,0.49826159347924076,0.49080823626066283,0.4898801811959887,0.4894126511687451,0.48956325380654425,0.4894779706724513,0.48722560245348234,0.4872274064130677,0.48724670159809713,0.48727404245210165,0.48729327274086903,0.48730734709936685,0.4872976177925787,0.487308238687231,0.4873119499435192,0.4872945780063639,0.48731928863506657,0.4873322136653894,0.4659690582816649,0.46609180328688793,0.46627585381329767,0.466217679886811,0.46602600860152316,0.46601080342670687,0.4658424146185748,0.4650675423886666,0.46506831038711616,0.46184443539643727,0.46185077688481235,0.4618586047921416,0.46249427793313147,0.4624962643847865,0.4625087806668124,0.4624961945949328,0.4624939190507125,0.4625015258720847,0.46250165205150023,0.4625111618355082,0.4625113359501401,0.46327283244227024,0.4632766909910281,0.46327598520683394,0.46327285283766834,0.4632728698842592,0.4632737366896701,0.46327919695200004,0.46328042721952295,0.4633779035844288,0.463384329151569,0.46343247070119464,0.46343354968014566,0.4634372227952825,0.4634389964217235,0.4634417896259905,0.46335050897975516,0.4633514145187928,0.4633537312449604,0.46335177010721845,0.46739612788329465,0.46739841983058045,0.46739738712364254,0.4674032759597657,0.46739212881151987,0.4673992858371631,0.46739780864368946,0.467393225779456,0.4673926993738646,0.4673898745794162,0.4673925024070981,0.4673725963885873,0.467375322781953,0.4673772467791773,0.4673759049027985,0.4673762254135213,0.46737800541343494,0.4673780236028961,0.46737600258769374,0.467378168936489,0.46737957419947757,0.467380757757647,0.46738537333576,0.46738676969197024,0.46738675724165085,0.46736359011090883,0.4673634140650313,0.46736249238640737,0.4673644062384529,0.4673647080595843,0.46736688965523987,0.46736626383468316,0.46728687167242794,0.4672897070188601,0.46729327019179223,0.4672956578850264,0.4672971183652904,0.4673008072519174,0.46735559570473356,0.4673554309528393
98,0.5441633538427283,0.550887421406805,0.5483896657495718,0.5398797962988925,0.5225145003456486,0.5213716685266878,0.5202905817849082,0.5205734795604389,0.5202013040375525,0.5172297251436588,0.5169932686452671,0.5170732211641046,0.5170270455143949,0.5170964284330414,0.5171174439556023,0.5171506996043405,0.5171857894405525,0.516986635937625,0.5170709044530786,0.5170622199996012,0.5170721567815328,0.5043019073200123,0.5044846452037326,0.5047506158143402,0.5058810510400723,0.5055742315599254,0.5055395634199621,0.5052585209202354,0.5033000219465038,0.5032903588978646,0.4976498684981249,0.4976908748971828,0.4977058849127803,0.49835678039298437,0.49834742759589984,0.4983835997625603,0.49830682811041327,0.49829035272100514,0.4983133848999437,0.49832452124402454,0.4983531183477271,0.49834094786331534,0.4988988039866758,0.49890725021811944,0.49889076335370436,0.4988578105333175,0.49885328638179044,0.4988429631327828,0.49885993050131666,0.49885395214120526,0.49870641596683546,0.49871979517860315,0.4988227151759753,0.4988155594195342,0.4988226118114157,0.4988208326608291,0.49882826253918444,0.49869486133540486,0.4987022634348434,0.4987022549176418,0.4986773336359643,0.5012880424085298,0.501295518919551,0.5012914335721854,0.5012918361812438,0.5012631933091783,0.5012811375574184,0.5012759528106554,0.501266666765738,0.5012623765674361,0.50125500288113,0.5012618170802694,0.5012690316659886,0.5012773218633559,0.501281620199645,0.5012849361167712,0.5012846519742118,0.501294750702918,0.5012948384329532,0.5012895174258648,0.5012959089088841,0.5012913600592277,0.5012931045676522,0.5013055923047067,0.50130840525792,0.5013083515804306,0.5012472877094322,0.5012460359494899,0.5012430351746482,0.5012447486737204,0.5012439516999768,0.5012517470012975,0.5012500327759951,0.5012775346420952,0.5012830844363229,0.5012889476767143,0.5012921102981874,0.5012948669937234,0.5013021582253756,0.501388711279942,0.5013874794119353
99,0.5410711023760393,0.5601677572250316,0.5574077599575984,0.5485118379026456,0.5318314768592333,0.5307709941742257,0.5296518514729646,0.5299334559703524,0.5296893027498324,0.5266497070292432,0.5263231486281115,0.5264232218020634,0.5263458245462024,0.5264263242573536,0.5264474096764765,0.5264792049965094,0.5265180964554826,0.5262664973554992,0.5263532361609355,0.5263294397391557,0.526335083406947,0.5173828106086539,0.5175438367748855,0.5177765066670416,0.5187287476709072,0.5184328913546314,0.5184084154102885,0.5181460934226162,0.5165852375662767,0.5165761701002268,0.5121935305395952,0.5122390563017919,0.5122549626419236,0.5130951361008846,0.5130835875780041,0.513123832172134,0.513034907006462,0.513016124378699,0.5130413962420274,0.5130539446614866,0.5130855828552597,0.5130711478618224,0.5136214644680994,0.5136305970087824,0.5136112681778975,0.5135732568660117,0.5135678382205384,0.5135556387106579,0.5135742656050098,0.5135670269002638,0.5133380193769708,0.5133506113885371,0.513480277077334,0.5134729402950823,0.5134795982834705,0.5134776076313174,0.5134840056251561,0.513318656217276,0.5133259060721698,0.513325608416374,0.5133007570870963,0.5155995065271468,0.5156049205574728,0.5156022445786939,0.5155744134739851,0.5155560084348251,0.5155675706603196,0.5155642618047561,0.5155593053134329,0.5155550262158166,0.5155502804462386,0.5155546592600516,0.5155712052175462,0.5155767223412617,0.5155796376836563,0.5155878832598191,0.515587715489833,0.5155977891776738,0.5155978380092228,0.5155943316041188,0.5155984910282693,0.5155841362586521,0.5155853537846737,0.5155935788306254,0.5155954289639822,0.5155953947865147,0.5155498378655874,0.515549068719631,0.5155471451058878,0.5155487460563702,0.5155483262073971,0.5155533033192544,0.5155521644372322,0.5155806427552948,0.5155840545984662,0.5155877064559325,0.5155897352947353,0.5155914252764572,0.5155958765388626,0.5156413415228435,0.5156407254335429
100,0.5482718500257644,0.5633712851642325,0.5618667954386338,0.5566658006589028,0.5462142792497913,0.5454547905162421,0.5446178287719805,0.5448205588823682,0.5448033322425785,0.5423378253582646,0.5420268405118978,0.5421203512815562,0.5420404914736352,0.5421073467268623,0.5421247587657645,0.5421355341962802,0.5421655731851,0.541951313239295,0.5420108501544072,0.5419829002661617,0.5419838066794525,0.537918948340741,0.538021920734898,0.5381662418798713,0.5384989061896867,0.5382131663428003,0.5382082258641664,0.5380318754005444,0.5374435142211675,0.53743779428346,0.5352121434519926,0.5352466725163961,0.5352580923786875,0.5360685467877728,0.5360592633132302,0.5360891222366286,0.5360225962014228,0.5360084765701798,0.5360268663331283,0.5360397600739046,0.5360628757868792,0.536051604361209,0.5363627165707371,0.536369463072308,0.5363541960937698,0.5363247019972325,0.5363203134603709,0.5363107097137034,0.5363246836923046,0.5363188743732821,0.5361647799566255,0.5361734474135228,0.5362906768231335,0.5362850339780761,0.536289571369724,0.536287912018272,0.5362907683183447,0.5361346304564606,0.53613962435225,0.5361391099635516,0.5361205932094654,0.5372637846249139,0.5372669321121202,0.5372653963479449,0.5371081144516759,0.5371000445739762,0.5371051255446281,0.5371037229766119,0.5371018159936134,0.5370966883828263,0.5370946596593736,0.5370965263063625,0.5371088144512192,0.5371112637868298,0.5371126256113236,0.5371221816496426,0.5371221997491251,0.5371291969720072,0.5371292103354444,0.5371276674359355,0.5371294517085275,0.5371032364473758,0.5371038503498283,0.537107521318712,0.5371083484719587,0.5371083342415794,0.5370858068895573,0.5370855274425923,0.5370847396393383,0.5370861658011405,0.5370860920462597,0.5370881171019561,0.5370876260110494,0.5371050957394796,0.5371064356885349,0.5371079364989998,0.5371088370923383,0.5371095032063138,0.5371112431151777,0.5371297710176189,0.5371296495908794
101,0.5603377618272167,0.560337814651368,0.5603378215309177,0.5603378124954744,0.560337796438234,0.5603377924731969,0.5603377913917732,0.5603377945252737,0.5603377968696739,0.5603377993692517,0.5603377990384154,0.5603378020317152,0.560337803335518,0.5603378060969815,0.5603378086695704,0.560337810994396,0.5603378134579727,0.5603378117561288,0.5603378151356843,0.5603378168251423,0.560337818854854,0.5603377980865085,0.560337800453245,0.5603378031544933,0.5603378210496371,0.5603378071558919,0.5603378084400052,0.560337807932454,0.5603377633495248,0.5603377633340254,0.5603377454652018,0.560337746189258,0.5603377461395106,0.560337751155341,0.5603377506587046,0.560337751255358,0.5603377487376086,0.5603377480657095,0.5603377483497632,0.5603377481977898,0.5603377486368749,0.5603377480334911,0.5603377512344128,0.5603377512858291,0.5603377505869024,0.5603377493222401,0.5603377490157012,0.5603377484340113,0.5603377487393126,0.5603377482954981,0.5603377373829633,0.5603377372337546,0.5603377382396246,0.5603377377008957,0.5603377374677233,0.5603377370389058,0.5603377367475001,0.5603377530114491,0.5603377529944467,0.5603377528784894,0.560337752270654,0.5603377595866852,0.5603377598407824,0.5603377597648256,0.5603377516280164,0.5603377512453181,0.5603377513128713,0.5603377511426385,0.5603377513041726,0.5603377509725995,0.5603377507795293,0.5603377507407935,0.5603377508855764,0.5603377508715047,0.5603377508097594,0.5603377525235764,0.5603377524411507,0.5603377525644669,0.5603377524790757,0.560337752328088,0.5603377523297064,0.5603377513058405,0.560337751236883,0.5603377513584307,0.5603377513078741,0.5603377512138189,0.5603377495498445,0.5603377494210436,0.5603377492701963,0.5603377491899703,0.5603377490653189,0.5603377490928007,0.5603377489594128,0.5603377492569216,0.560337749233181,0.5603377492223213,0.5603377491734541,0.5603377491175908,0.5603377491867929,0.5603377493940009,0.5603377492669553
102,0.5739464725777164,0.582692196676522,0.5826747403675216,0.5815021060738996,0.5817155121441775,0.5815065024427836,0.5811977152550217,0.5812706726200092,0.5813673766307491,0.5837188667285685,0.5832328343414098,0.5834108422187457,0.5832657681024271,0.5833501415033057,0.5834214636359489,0.5834344630366041,0.5834658778083153,0.5830814817888663,0.5832930307012262,0.5832180997085803,0.5832089633663562,0.5838642919470849,0.5839830332486954,0.5841073574971144,0.5858379776506506,0.5829391452251687,0.5829323224946701,0.5828354482609238,0.5779095291126126,0.5779060574624563,0.577903748503354,0.5779417976794303,0.577948560434743,0.5780897190073971,0.5780811785081251,0.5781059829259858,0.5780096487538401,0.5779981115094404,0.5780124084571825,0.5779829688149103,0.5779970531435973,0.5779869854171222,0.5780177012310876,0.5780238116570918,0.5780094055754683,0.5779815892818289,0.5779821323237656,0.5779731680530562,0.5779859418774738,0.577980372923792,0.5776964215550565,0.5776995530915165,0.5777049868769687,0.5777027889571194,0.577704111156603,0.5777037714050473,0.5776991795086565,0.5796161776581037,0.5796126797044925,0.5796124239125718,0.5796084548675953,0.5794994375341156,0.5795093284012832,0.5795087426023082,0.5789591225415738,0.5789682786844152,0.5789626906243805,0.5789645548232165,0.5789902759520561,0.5789823937400662,0.578984498784622,0.5789825468789531,0.5789851831266153,0.5789828563250358,0.5789818835553185,0.5790525438017986,0.5790527029776614,0.5790542092191139,0.5790541763694409,0.5790547515367631,0.5790541391747257,0.5790277685228598,0.5790278748324938,0.5790279899058173,0.5790279600534827,0.5790279607298798,0.5790051819833946,0.5790053655234422,0.5790056527460024,0.5790058811943349,0.5790061635729625,0.5790052672059032,0.579005385267561,0.5790047970458585,0.579004284965602,0.579003836001992,0.5790038080040959,0.5790035564121763,0.579002892401381,0.5790364427572189,0.5790362773933377
103,0.5958477666537147,0.6158885544546091,0.6155656588937998,0.6112161513329968,0.6112994862104215,0.6113525951819438,0.6110541801680927,0.6111315698842361,0.6111748199336104,0.6193116414247739,0.6183957538882394,0.6187320428853599,0.6184491244558163,0.6186112155507766,0.6187671241917392,0.6188409923801649,0.6189037964929842,0.6180863480351051,0.6185362176570955,0.6183797427175827,0.6183611497111872,0.6193061773721383,0.619549592159726,0.6198141025004614,0.6244480956086246,0.6184455558709439,0.6184196480821799,0.6182904269731937,0.6045320516776678,0.6045285343834954,0.6044258867412898,0.6044656676489345,0.6044686132437733,0.6044733669665578,0.604464400606993,0.6044919278645151,0.6043346175749462,0.6043225813004898,0.6043381012801667,0.6042177855368808,0.604227171357198,0.6042166649061798,0.604276227002294,0.6042828678702127,0.604268834075404,0.6042405000542646,0.6042512927683299,0.6042426612453708,0.604255364997824,0.6042500440063402,0.6036960121609386,0.6036941147542303,0.6037085037492338,0.60371059622103,0.6037096634660152,0.6037112754183974,0.6037046868976785,0.6094527677632606,0.6094448239716228,0.6094452195567499,0.6094518510925307,0.6093467298246277,0.6093628940354283,0.6093643186125349,0.6090028259286536,0.6090210266341858,0.6090099345135841,0.6090135773357543,0.6090639694761634,0.6090565813218513,0.6090606300361632,0.6090568814306746,0.6090610846257765,0.6090565666860492,0.609054603479123,0.6091089670186517,0.6091091823279415,0.6091104898155532,0.6091104369465811,0.6091114930067171,0.609110320947647,0.6090832363904406,0.6090832893293222,0.6090826832468843,0.6090824753121169,0.6090824797268064,0.6090437486107019,0.6090441107131868,0.60904474626423,0.6090447794678714,0.6090452584815744,0.6090432546157706,0.6090435818157698,0.6090413031381955,0.6090401393447976,0.6090390490875559,0.6090387724914015,0.6090381943946835,0.6090366573746312,0.6090853630372124,0.6090850450145415
104,0.6224786852085629,0.649890912046277,0.6488572589613186,0.6403124235545959,0.640794815288347,0.6412174687628339,0.6411820489781497,0.6412069947643685,0.6413163272436601,0.6544635403988696,0.6533536015566007,0.6537668703844144,0.6534165852705103,0.6536145446053281,0.6538340535548761,0.6539532163865027,0.6540306732529231,0.6529604280877201,0.6535204108703196,0.653316893254285,0.6532930343560518,0.6542164390723483,0.6545187688638144,0.6548545861612062,0.6601641131782077,0.6530664436989835,0.6530399850807369,0.653005171558641,0.6328657578747874,0.6328682517682122,0.632960657076644,0.6329443105013643,0.6329270304578989,0.6328861716663707,0.632891082142145,0.632881501718246,0.6328065969040488,0.6328129889311387,0.6328062717909805,0.6326238183679394,0.6325987522114372,0.6326037622294401,0.6326462147109222,0.6326439041170736,0.6326540273952531,0.6326701502624363,0.632704515253752,0.632711253218789,0.6327043131976359,0.6327085848546629,0.6324598828738106,0.6324484606837243,0.6324624277621526,0.6324724866585054,0.6324671237585866,0.6324720876510271,0.6324624370848372,0.6441862558157807,0.6441862545515341,0.6441862534059783,0.6441862526582568,0.6441862505322071,0.6441862498828346,0.6441862486627221,0.6441862457773694,0.6441862452811759,0.6441862435544614,0.6441862423180784,0.6441862401790369,0.6441862386554031,0.6441862374940308,0.6441862359737635,0.6441862346013866,0.6441862330143221,0.6441862315152627,0.6441861936784031,0.6441861920831933,0.6441861906654219,0.6441861888558906,0.644186187301298,0.6441861853273388,0.6441861824169173,0.64418618062374,0.6441861788913671,0.6441861770580938,0.6441861752418835,0.644186176297867,0.6441861745238274,0.6441861728270286,0.6441861710286967,0.6441861692288406,0.6441861677452698,0.6441861660037866,0.6441861638466706,0.6441861618808932,0.6441861600376693,0.6441861582729247,0.6441861564839507,0.6441861554877679,0.6441861555576311,0.6441861537526655
105,0.6598668882827377,0.6963865458431721,0.6954549967549956,0.6881673580660345,0.6928684713765003,0.693422685349369,0.6937792334539238,0.693718438327802,0.6939426116908017,0.7052342226312855,0.7045324267452748,0.7048042746292306,0.7045756567722751,0.7047027109960793,0.7048846249814132,0.7049806193640952,0.7050305949213441,0.7042456494082936,0.7046089406263154,0.7044664915263869,0.7044501764449812,0.704879963570427,0.7050735266570527,0.7052967452274834,0.7075079484371569,0.7039232458831743,0.7039048306722341,0.7039948678568857,0.6909007495179602,0.690897736985436,0.6909364830888506,0.6909652956438653,0.690957713223249,0.6909244430704164,0.6909181573507396,0.6909390514715243,0.6909545017137402,0.6909440913285329,0.6909574705132328,0.6908583455636357,0.690869592785657,0.690859814584533,0.690880442910884,0.690886337856175,0.6908744849139502,0.6908489670416862,0.6909029404805813,0.6908954695799415,0.6909060057325976,0.6909012587758244,0.6909127742638083,0.6909223708893318,0.6909409676962975,0.6909347195794127,0.6909393472360229,0.6909384719988138,0.6909434610296981,0.6945942945830199,0.6946596347161547,0.6946578495654704,0.6946465621608581,0.6946492910658528,0.6946618798476566,0.6946597125293138,0.6947162101875288,0.6946981997993363,0.6947073273439176,0.6947045904063643,0.6943122668776326,0.6943054249071727,0.6943082933310603,0.6943056264590781,0.6943056526205212,0.6943024330953699,0.694301017877417,0.6912493282406901,0.691233337503512,0.6912465288285211,0.6912462701373838,0.6912559575557263,0.6912440745003923,0.6912182723122342,0.6912161718759733,0.691194205734881,0.6911895164578569,0.691189626298195,0.6912594076866135,0.6912622986271906,0.6912680858076033,0.6912676140005329,0.6912702883062959,0.6912710572754484,0.6912742889543833,0.6912493812194105,0.6912382300669966,0.6912271054034379,0.6912222527149697,0.691216687163448,0.6912017476795657,0.6912228182117849,0.6912236810150117
106,0.6755794822636582,0.6943492413938203,0.6932186442620106,0.6851353148077145,0.6892801743760999,0.6894457609260886,0.6897553375404959,0.6897060986765574,0.6899153142992309,0.7006328562688074,0.6998714063864376,0.7001701694604484,0.6999239962876039,0.7000607608953873,0.7002476700792033,0.7003477200932209,0.7004018005125185,0.6995772051936596,0.6999682368724786,0.6998146756549185,0.6997971636508792,0.7002773104695897,0.7004876848871763,0.7007266492290564,0.7030309144903578,0.6989172154045811,0.6988980580327531,0.6989497199606225,0.6857174183659878,0.6857150517188455,0.685769499843694,0.6857927608776887,0.6857808662983563,0.6857436490488704,0.6857388264618597,0.6857561036093757,0.6857143919948585,0.6857060786279494,0.6857168907089598,0.6856010617862606,0.6856133378109327,0.6856050953515467,0.685626544406741,0.685631472492799,0.6856217909938656,0.6856011839574295,0.6856636924165176,0.6856580980728119,0.6856663978024915,0.6856627842315093,0.6856736828110535,0.6856814649088484,0.6857007691327315,0.6856961026124618,0.6856998450591777,0.685699784023698,0.685703512187136,0.6898660551560211,0.6899442258690957,0.6899431782982587,0.6899390815929908,0.6899419650352407,0.6899940003535,0.6899933763859822,0.6900590555037972,0.6900505770813509,0.6900541078937552,0.690053196884679,0.6897456883737436,0.6897378182420154,0.6897419248863864,0.689738115440331,0.6897383604680499,0.6897337366907511,0.6897317319319279,0.6860453486008333,0.6860278886085617,0.6860397688274056,0.6860394897121499,0.6860504091674701,0.6860371180806951,0.6860078086383349,0.6860055448316089,0.6859808280185092,0.6859756409067513,0.6859757649977122,0.686059517247525,0.6860627664649106,0.6860692036485729,0.6860686778486146,0.6860717552463443,0.6860696855723124,0.6860733249322655,0.6860456488399317,0.6860332570707373,0.6860208900541352,0.6860156370597675,0.6860094507219477,0.6859928380352446,0.6860160368877933,0.6860176409705672
107,0.729545767963745,0.7295458437660585,0.7295458388963659,0.7295458543163543,0.7295458701389803,0.729545919769616,0.7295459198887749,0.7295459186412826,0.7295459182053178,0.7295459659438308,0.7295459656048665,0.7295459681532613,0.7295459692434598,0.7295459715197719,0.7295459710059571,0.7295459732222339,0.7295459753167399,0.7295459726932928,0.7295459757529846,0.7295459770712921,0.7295459786495045,0.7295459757813392,0.7295459779313098,0.7295459802440273,0.7295459778589027,0.72954596886798,0.7295459698823615,0.7295459512260809,0.7295458939207928,0.7295458927484266,0.7295458905715667,0.7295458904067491,0.7295458894225597,0.7295458881000456,0.7295458867781119,0.7295458863348798,0.7295458918812617,0.7295458905493523,0.7295458901707441,0.7295458887086033,0.7295458887280661,0.7295458874543979,0.7295458885357141,0.7295458878990766,0.7295458866639212,0.7295458846453116,0.7295458837203526,0.7295458823992347,0.7295458820222154,0.7295458808403072,0.7295458783871075,0.729545877926833,0.7295458775533112,0.7295458762879238,0.7295458756173504,0.7295458745631972,0.7295458739457489,0.7295458926185938,0.7295458946043716,0.7295458939729172,0.729545892375646,0.7295458918738476,0.7295458744455107,0.7295458734436039,0.7295458728921003,0.7295458710447219,0.7295458710350451,0.7295458699535103,0.7295458562191247,0.729545855061663,0.7295458539142863,0.7295458530943769,0.729545852025185,0.7295458512321034,0.7295458503172962,0.7295458166626612,0.7295458142533778,0.7295458132937416,0.7295458119031365,0.7295458105023379,0.729545809238483,0.7295458078395227,0.7295458065186391,0.7295458057516904,0.729545804461637,0.7295458030789814,0.7295458020195221,0.7295458005947493,0.729545799156354,0.7295457977789949,0.7295457963363337,0.7295457958806151,0.729545794468097,0.7295457934090366,0.7295457921741836,0.7295457910396711,0.7295457898852773,0.7295457886611769,0.7295457882796661,0.7295457870661175,0.7295457855184792
108,0.7484483996569956,0.7471968471512227,0.7462325119050778,0.7522824871760422,0.7431824777887728,0.7764848844303889,0.7756957132160689,0.7757954496415201,0.7752744768706104,0.7752332433425497,0.7747987057953708,0.7748749293022911,0.7748160615841478,0.7748907746699066,0.7731946360098816,0.7732696663012772,0.773371337575776,0.7738945099926999,0.7739987645922587,0.7740588744949731,0.7740743511867094,0.7740052739487415,0.7740707031094368,0.7741480229246882,0.7728618380682488,0.7731903030983255,0.7731802008024051,0.7649809548747661,0.7649434529701596,0.7649424593702178,0.7649208422103806,0.7649347305062811,0.7649362651424517,0.7649371914165107,0.764935844495031,0.7649448658864041,0.766195011068386,0.7661816988286354,0.7662001885996192,0.766195160955691,0.766132889860945,0.7661172218296921,0.7661375687126917,0.7661458523973999,0.7661574159428879,0.7661231365594502,0.7655195677639316,0.7655040454038757,0.7655255758324345,0.7655160580320752,0.7654313105683589,0.7654506287909338,0.7654614520122927,0.7654492276202011,0.7654579949254731,0.7654540189156561,0.7654648407562193,0.7652556382030596,0.7653305333550398,0.7653182640933353,0.7652749831023691,0.7652766222994376,0.7624731975824255,0.7624705447134996,0.7624664839277258,0.7625133312027927,0.7625230576313536,0.762520153324095,0.7623607133435468,0.7623595140589499,0.7623568391273712,0.762359289297876,0.7623588657108054,0.7623618980243057,0.7623634598308091,0.7624321872802657,0.7623896625783301,0.7623956421481428,0.7623952100130925,0.7623934092640475,0.7623959284796356,0.7623965990869863,0.7623973081050999,0.7624198919539835,0.7624208990744936,0.762420870143653,0.7623760176722341,0.7623761534365094,0.7623750965279167,0.7623751948137115,0.7623755147926196,0.7619545130691172,0.7619534724383467,0.7619623617688335,0.7619662934887498,0.761970304153535,0.7619784665745417,0.7619804352386456,0.7619858784005766,0.7619768295350378,0.7619733161831965
109,0.7681448371463372,0.7593472842700086,0.7576935193155294,0.7628468052248749,0.7504904968756738,0.8044100436978411,0.8032515315982223,0.8034080955461329,0.8026669528998782,0.8014451155672956,0.8009233740948418,0.8010415803663786,0.8009641961648469,0.8010533893863042,0.7987205271595629,0.7988015527732107,0.7989204762433343,0.8008192556252471,0.8009032060879645,0.8009614904275636,0.8009796545573247,0.8008901968590856,0.8009468874557725,0.8010164726341863,0.799650152944708,0.7999756062919011,0.799969310588577,0.7910315012981514,0.7909466360427908,0.7909497094812047,0.7909914501523609,0.7909732357858084,0.7909752592069149,0.7909817350565284,0.790983898467617,0.7909707053287127,0.792733804447034,0.7927347391433367,0.7927375539443184,0.7927434599255809,0.7925445698973113,0.7925324117431509,0.7925559334734621,0.792558518661007,0.792633864649129,0.7926326332579587,0.7904662498730486,0.7904607219001248,0.7904696886297051,0.790467027740175,0.7904333329686595,0.7904430656050887,0.7904466144319414,0.7904431687218714,0.7904472576867799,0.7904464299114391,0.7904513242094747,0.7902710293413843,0.7902480281753043,0.7902299689363946,0.7902100128238023,0.7902129218048203,0.7860791694255149,0.7860794261629548,0.7860786537862119,0.7862390163762318,0.7862388899343984,0.7862392339719363,0.7862447876618981,0.7862450386156011,0.7862445545202242,0.7862449818357928,0.7862447025297598,0.7862452463218871,0.7862458402137608,0.7863286569371176,0.7863064451516857,0.786307932090547,0.7863068498444505,0.7863073645154158,0.7863073700706004,0.7863068389769557,0.7863072702361151,0.7863664650667977,0.7863665347506762,0.7863665354562207,0.7863220977213636,0.7863227524057257,0.7863229448048522,0.786322932718739,0.7863240801434136,0.78444359849623,0.7844428615656042,0.7844497170278504,0.784452763946533,0.7844558570057371,0.7844691126789068,0.7844706549055739,0.7844749332634297,0.7844665380270184,0.784462228977603
110,0.7821169702158505,0.7727786393549088,0.7704580658313,0.773723367185487,0.760643684121843,0.8253220741460713,0.8237059455723234,0.8239242360714782,0.8229388822147709,0.8170288471397267,0.816333194212476,0.8165108224784879,0.8163950505906276,0.8165061923354537,0.8130779437485088,0.8131646417123684,0.8133075348448777,0.8188152198968368,0.8189314560212049,0.8189702974128825,0.8189864384495384,0.8188852145484108,0.8189578869438424,0.8190537473912497,0.8179072648967135,0.8180609044648902,0.8180460014667318,0.809810124865917,0.8096726510498431,0.8096737073348446,0.8096312990787397,0.8096458438798031,0.8096572982985905,0.8096612687374058,0.8096426372646457,0.8096512241940111,0.8104670952217812,0.8104664106805073,0.8104710997183776,0.8104837575760713,0.8102834252333917,0.8102510693159426,0.810277272469523,0.8102814420589188,0.8104143028092173,0.8104070501339514,0.8054996780599333,0.8055018027886572,0.805500901413418,0.8055028658553752,0.8055067689405818,0.805509264375983,0.8055076539401251,0.8055103820030264,0.8055104017433113,0.8055117449933304,0.8055115768699806,0.8054094138647157,0.8053705254099893,0.8053534126324468,0.8053540897715415,0.805356680465804,0.8029668111918618,0.8029668646135301,0.802965465601578,0.8032366886767401,0.803240099146818,0.8032394088891273,0.8032976109332542,0.803297240640134,0.8032951925821427,0.8032970528272707,0.8032964729909744,0.8032987786961305,0.8033003562762401,0.8033529689574997,0.8033389502742039,0.8033391037775228,0.8033376075234274,0.8033371697333515,0.8033386515987019,0.8033396717050011,0.8033405333673438,0.8034562184546202,0.8034569550941301,0.8034569444762455,0.8033801351252894,0.803380034145834,0.8033796054508673,0.8033796415031513,0.8033811436027317,0.7989893254840653,0.7989887304446446,0.7989944701712628,0.7989970514389448,0.7989996817719643,0.7990198982584744,0.7990212493662225,0.7990250186435183,0.7990172925123685,0.7990142777542129
111,0.8004875219978863,0.7760454465799336,0.773496574844256,0.7750209620429306,0.7633466419392103,0.8340416382640922,0.8326887847387991,0.8328543944837777,0.8320494144826281,0.8261138281330455,0.8255210731275201,0.8256945810772177,0.8256034674713791,0.8256957963099566,0.8223956080833102,0.8224597215437464,0.8225853018709582,0.8305106422287883,0.8305872317601533,0.8306170108393035,0.8306319319647232,0.8305314780416172,0.8305820991119347,0.8306524993939035,0.8296821686002056,0.8298191378523585,0.8298107886445688,0.82345922430812,0.8233170966183664,0.8233182351029826,0.8232665867413124,0.8232834830645988,0.8232955071722126,0.8232995742096361,0.8232749566267371,0.8232849635567878,0.8239087895686282,0.8239102814594359,0.8239126392002445,0.8239234284929028,0.8237220820634479,0.8236888494765604,0.8237161545764747,0.8237194909162341,0.823879997259606,0.8238781835303912,0.8182929839919759,0.8183037226115283,0.8182922167217296,0.8182995653736771,0.8183509274255966,0.8183439608562416,0.8183367307540923,0.8183464565017722,0.8183423499949782,0.8183462818868442,0.8183409263458981,0.8182604660836854,0.8182216191782968,0.818203504563182,0.8182256540523476,0.8182285956598291,0.8161622227881268,0.8161652880909601,0.8161687663715361,0.8163946160961185,0.8163893080747296,0.8163915174658277,0.8164595666908636,0.8164611439833787,0.8164627265052423,0.816461232342489,0.8164610408801837,0.816459206560421,0.816458982268861,0.8164977379977094,0.8164876993697043,0.8164851042406822,0.8164833902025201,0.8164857446723931,0.8164840306450359,0.816482338711997,0.8164827448030575,0.8166244167731466,0.8166239899363192,0.8166240120550479,0.816556026328891,0.8165568822523082,0.816557792194807,0.8165577128293279,0.8165595316641042,0.8096017366692243,0.8096010867806958,0.8096071371993799,0.8096098579829248,0.8096125943049542,0.8096236261353537,0.8096250338071,0.8096289023749713,0.8096213421240753,0.8096190021007607
112,0.8205355796548655,0.7802002439634907,0.7774948272141836,0.7771220770975673,0.7676238848408383,0.8408569779263529,0.8399870353800071,0.8400470274561227,0.8395844940959026,0.83418268709721,0.8337708166058816,0.8339217145097929,0.8338903488862872,0.8339470570755095,0.8307305562011205,0.8307542619155153,0.8308622594173106,0.8432710494527362,0.8432990630214121,0.8433239817903319,0.8433376773351363,0.8432480892088249,0.8432718656616967,0.8433094442134536,0.8425985210463831,0.842725288638226,0.8427248032702033,0.8382828494843658,0.8382132778528661,0.8382150463291718,0.8381670794096018,0.8381810712084093,0.8381913705750681,0.8381953498784414,0.838165206009446,0.838173019312161,0.8384074207171494,0.8384115435665428,0.8384103268292112,0.8384173045909545,0.8382294636822054,0.8381975373747227,0.838222580613787,0.8382242983550748,0.8384070552226872,0.8384126702355251,0.8326736190164683,0.832695062094283,0.8326700227994002,0.8326839859241447,0.8327968714856068,0.8327787822590837,0.8327646920685992,0.8327827873579285,0.8327734536176642,0.832780440162658,0.8327685372641577,0.8327177699362214,0.8326806486641316,0.8326647082019177,0.8327134054511293,0.8327162779866752,0.8313717336077621,0.8313793804977688,0.8313905853417386,0.8314086198573769,0.8313883442829381,0.8313953845357342,0.8314599525623034,0.8314646678109813,0.831472492882774,0.831465217661159,0.8314658054858873,0.8314568535625526,0.8314533498740571,0.8314804988911321,0.8314743934548313,0.831468080275176,0.8314669865389679,0.8314739186775172,0.831466624942848,0.8314601111168507,0.8314595181574663,0.8316199339770185,0.8316174062280585,0.8316174810497078,0.8315890319102194,0.8315912051535557,0.831594387925755,0.8315941158445194,0.8315966935988186,0.8204713675612263,0.8204713691905219,0.8204713706880123,0.8204713722484561,0.8204713736940626,0.8204713753430863,0.8204713768404187,0.8204713774492698,0.8204713785279213,0.8204713801471964
113,0.8454030770260952,0.7839891420446075,0.7814733708206124,0.7788956001035944,0.7728750238176518,0.8460043770966423,0.8459525090009243,0.8458403640093148,0.8459830978832903,0.8438896138906512,0.8439077041810603,0.8439684926822594,0.8441054244206702,0.8440759597934789,0.8415467327819931,0.841484972510677,0.8415920730878885,0.8635274475750911,0.8634535036241394,0.8634860162084671,0.86349682836833,0.8634670901226528,0.8634355015241328,0.8633961956768853,0.8631878156342632,0.863374453206771,0.8633910971309655,0.8616442846032377,0.862020170081776,0.8620264535132167,0.8620974259291617,0.8620605687633947,0.8620536327414046,0.8620592531816755,0.8620535387980937,0.862028054981139,0.8619663812091753,0.8619832974418897,0.8619638968835286,0.8619522537419929,0.8618192105194311,0.861812241262697,0.8618208467686244,0.861813976934723,0.8619480170069884,0.861988575566109,0.858793828165548,0.8588260607700203,0.8587863259463475,0.8588066648442461,0.8589939860214074,0.8589635594492111,0.8589425056003852,0.8589684851230461,0.8589532584616933,0.8589630021562872,0.8589438195648632,0.8589218722175277,0.8588884056830269,0.8588884218588603,0.8589650585340074,0.8589662673804881,0.8585000560659628,0.8585135159854429,0.8585357135209084,0.8584685877288237,0.8584212774269858,0.8584365862318443,0.8585000501175263,0.8585096290297619,0.8585285242482488,0.8585109489388922,0.8585132569222121,0.8584917700199229,0.8584819470691595,0.8585041537032714,0.8585018832356405,0.8584918515968842,0.8584933655951339,0.8585075416293874,0.8584903343643925,0.8584751035692205,0.8584722243351318,0.8586422304346981,0.8586354141488385,0.8586355773104309,0.8587499202423892,0.8587541123511468,0.8587618957330672,0.8587612484678048,0.8587653738593322,0.8535171187787148,0.8535209951860142,0.8534901307366302,0.8534762913338646,0.8534624648097869,0.8534574026283622,0.8534504342553324,0.8534316124257435,0.8534592779657444,0.8534629485347491
114,0.8766048671954249,0.7962209692000844,0.794056089855708,0.7889716367176346,0.7875767300746787,0.8416892936014642,0.8419200390759758,0.841741435291404,0.8421508055383168,0.8428879831166057,0.8431395459237837,0.843155327879968,0.8434312315523861,0.8433441288247023,0.8409475507049857,0.8408283565626677,0.8409762887258205,0.8825294838840994,0.8825294793839878,0.8825294752047407,0.8825294712076328,0.8825294822122388,0.8825294787316983,0.8825294752446823,0.8825294857140964,0.8825294837106549,0.8825294807472092,0.8825294748709498,0.8825294807850061,0.8825294779873921,0.8825294760026869,0.8825294730676185,0.8825294701985201,0.8825294673012687,0.8825294641533085,0.8825294610822494,0.8825294580229582,0.8825294552178201,0.8825294523378168,0.8825294495424827,0.8825294457153746,0.882529442679769,0.8825294449450333,0.8825294421540545,0.8825294400188283,0.8825294374083011,0.8825294142584224,0.8825294111988919,0.8825294078233268,0.8825294047024147,0.8825294031502223,0.8825293998198612,0.8825293970973478,0.8825293941642256,0.8825293909732128,0.8825293878477372,0.8825293845839056,0.8825293820958997,0.8825293788083175,0.88252937776234,0.8825293755746506,0.8825293727533559,0.8825293713739825,0.8825293685243538,0.882529365763073,0.8825293342989244,0.8825293301148792,0.882529326982801,0.882529324558347,0.8825293213523296,0.8825293184015771,0.8825293147528346,0.8825293112707386,0.8825293074880778,0.882529303827811,0.8825293017875756,0.882529298762693,0.8825292953218773,0.8825292925486722,0.882529289632173,0.8825292859175785,0.8825292824275542,0.8825292790739846,0.882529230028713,0.8825292261808283,0.8825292223185814,0.8825292276439031,0.8825292238523532,0.8825292201842421,0.8825292163996875,0.8825292125459687,0.8825291761410614,0.8825291720455949,0.8825291677429141,0.8825291635341148,0.882529159617812,0.8825291558576045,0.8825291519149476,0.8825291500426238,0.8825291477141215,0.8825291435373814
115,0.5100696104226484,0.4615471588527511,0.4615806692394114,0.46205106508013255,0.4640472015765371,0.4638100838895906,0.46405783482561025,0.4639687649775401,0.4640364661259939,0.4638418267631633,0.4640891826000979,0.4640073385661351,0.4640783683866388,0.4640050657566109,0.46398070588625184,0.4639214449177764,0.4638815335478797,0.4640800742588942,0.4639584104909082,0.46399210947509095,0.46399019152265103,0.43022385879509156,0.43021531571401583,0.4302045066201391,0.43015155970762536,0.43023394661104397,0.4302479154994347,0.4302739080978327,0.4304482954889774,0.43045131890758354,0.42988671425818187,0.42984484329788986,0.42983307000972093,0.42997014168011305,0.42997961071023955,0.4299518601935417,0.43001311906317125,0.4300273107948866,0.43000912230541294,0.42999217452375554,0.42996987526151664,0.4299811864586677,0.4301555808301151,0.4301484331532984,0.43016661157717373,0.43020081079466416,0.43020481567619145,0.43021662750757844,0.4302010192364261,0.4302082095293966,0.43033024362150546,0.43031667208015895,0.43038667837235034,0.43039708790994124,0.430389965345292,0.4303935657353195,0.430383284661307,0.43035548842934707,0.4303461936736478,0.4303471944615699,0.43037880169627474,0.4315882870440453,0.43157543907817,0.43158281067397136,0.4316056727861043,0.43165761230753086,0.4316248170354976,0.43163435509191517,0.4316543201366725,0.43165953155076686,0.43167302913649774,0.43166052768099444,0.4316693379496045,0.43165409678848515,0.4316463225425607,0.4316560934189698,0.43165639740204675,0.43164924526813636,0.43164899025124553,0.4316594083204274,0.43164731090914915,0.43163643376603866,0.43163334106095147,0.4316107791106591,0.43160544136157575,0.4316055437990575,0.43169862457136254,0.4317011013682124,0.4317068584853999,0.43170832663129355,0.43171004625034426,0.43169458267306476,0.4316981876868568,0.4312846451494927,0.4312774650497956,0.4312705607507204,0.4312674700973125,0.43126391519652096,0.4312542414156392,0.43128832586043114,0.43129068651702157
116,0.5103347298833089,0.46888888677158785,0.46907969236053887,0.4695261980329267,0.46989121840243947,0.469480645504492,0.46961071740864285,0.46958920183579617,0.46961335683518135,0.4690021346803343,0.4692133012266685,0.4691597037302117,0.46923396532707334,0.4691896329096714,0.4691822587912236,0.4691370520492826,0.4691142920653038,0.46928329912757333,0.46919923301589966,0.4692387020077162,0.46924491784990935,0.4416886275981823,0.441706982885617,0.44173940609445317,0.4416409227755878,0.4416780382702646,0.4416879206717322,0.44167958066558954,0.44170284147118505,0.4417085110098837,0.44054878853005086,0.44050746168188715,0.4404990479471634,0.4408001921237354,0.4408122459093903,0.4407876081855631,0.44085050930015834,0.4408653052706516,0.4408492464481239,0.4408330529666984,0.44081314194260013,0.4408262005637979,0.44144512343212855,0.4414400250400123,0.4414577281627926,0.441490281784202,0.4414946302727183,0.4415068295969287,0.4414942674448714,0.44150210457080735,0.4416372659737632,0.4416271425008553,0.44168261060144265,0.44169337680561976,0.44168845634066406,0.4416929636649897,0.4416854145495328,0.4416407972276379,0.4416320109405493,0.44163454969274724,0.4416649675594838,0.4437440154133361,0.4437315482917923,0.4437396023988566,0.44376521543836667,0.44381525620391543,0.44378422983679294,0.4437941700063564,0.4438128981302748,0.4438190845696828,0.443831887855072,0.4438200543079761,0.44382026061510205,0.4438056365316546,0.4437989520208129,0.44380803553584663,0.4438090304521108,0.4438020221898567,0.4438017866867097,0.4438111861342011,0.4437995899748999,0.44378932151789624,0.4437872839510162,0.44376566778090343,0.44376118742432186,0.4437612975039637,0.44384882256889285,0.44385154843504343,0.443857105935377,0.443859182587504,0.4438617183738611,0.443846678582297,0.4438498071895059,0.44345830290397004,0.44345158401338525,0.443445815513312,0.44344385183194057,0.4434405497979937,0.4434312998845246,0.4434703527445466,0.44347319920594674
117,0.5019013803641237,0.4673581823901204,0.46754154708275525,0.4679524387387864,0.4681874687407013,0.46786303275398694,0.46794768729350017,0.4679339350965247,0.46795632693455474,0.4674275741989928,0.4675789875973455,0.46753970205866763,0.467593680324322,0.46756047511073573,0.46755482354282,0.46751836613794434,0.4675010634163614,0.4676267065884755,0.4675632470679953,0.4675925014369669,0.4675968304444907,0.4466742701937337,0.44667538940911605,0.4466822965895056,0.44658416325400185,0.44665705934720656,0.4466726896170922,0.4466876037732166,0.44685658619723334,0.4468624287345097,0.44605382703158497,0.4460038091443082,0.44599212026081175,0.4463080596737864,0.4463215587156789,0.44628982779964677,0.44636600710129054,0.44638352541636045,0.4463630168401344,0.44634268745778616,0.4463172251128591,0.4463323338629933,0.4467840708103691,0.44677710833203305,0.4467981023373713,0.44683708854453397,0.4468422026035173,0.44685629585943315,0.4468403680762139,0.4468492613325631,0.44698680901308463,0.44697353994719596,0.447017902652969,0.44703047688747044,0.4470237408599004,0.447028697922798,0.44701844392064044,0.4469773967235979,0.4469666590282725,0.44696912739622763,0.447006000625084,0.44894950139324913,0.4489346955995363,0.4489440409891109,0.4489756163754097,0.4490358455723927,0.4489983687392582,0.44901000886645587,0.4490327605013979,0.4490397559840566,0.44905516318406297,0.44904090870457974,0.44904954704691746,0.44903213979797324,0.4490238796339387,0.4490347603438591,0.44903569337828503,0.4490273333410694,0.44902705965673934,0.4490382693903185,0.44902445650828626,0.44901183395601757,0.4490090465045297,0.44898311720294337,0.4489775269852372,0.4489776542644976,0.4490843163910258,0.449087413136023,0.4490939828499349,0.44909590584771775,0.44909857499911904,0.4490809055153123,0.4490846000037757,0.44854680513357686,0.4485397504928901,0.448533807604788,0.4485317636300748,0.44852827931863465,0.44851845302785437,0.44854427741131286,0.44854729680618216
118,0.5141094576056119,0.515134755938722,0.5138590302787375,0.5094173967354941,0.49931429510954,0.49825682105385777,0.4974628923730725,0.4976857372698885,0.4977564297021802,0.4946793460229518,0.4944666854531598,0.49454288522049,0.4945062272627334,0.4945663195340286,0.4945884166535147,0.4945924682616867,0.4946216135519714,0.4944789991190616,0.4944698723656435,0.49446697705182724,0.49447643480533376,0.4793161231543915,0.47943622979772804,0.4796161484263537,0.47945167963898294,0.4792530359681721,0.4792506015130781,0.4790814015222612,0.47854039406142806,0.47854245616830543,0.4756280481835779,0.4756201593520711,0.47562445064170555,0.47667094612855476,0.47667577550666795,0.4766800960885234,0.4766856806205707,0.47668713913971444,0.47668971886717604,0.47668239822971215,0.476685485040135,0.4766890038225413,0.47754592961629877,0.47754775878686695,0.4775517962004159,0.4775576718718531,0.4775590281938508,0.47756286419645727,0.47756457085744686,0.477567632924417,0.4776656846420875,0.4776687133227744,0.4776710203170221,0.47767523260191186,0.47767694154344836,0.4776798601117316,0.4776785390023501,0.4775645957795712,0.47756252300132185,0.47756546645532666,0.4775735259126202,0.4836374927271527,0.4836374920421041,0.4836374913895073,0.483637491186585,0.4836374907665899,0.483637489986956,0.48363748932828987,0.48363748867947637,0.4836374880072158,0.48363748735506146,0.4836374866294704,0.48363748585955524,0.48363748510887156,0.4836374843883045,0.4836374839593208,0.4836374833569047,0.48363748267168344,0.4836374819685303,0.48363748132494716,0.4836374805829789,0.48363747967930143,0.4836374790126268,0.4836374783933765,0.4836374777106192,0.4836374770080057,0.4836374774987891,0.4836374768155292,0.4836374761464961,0.48363747545736846,0.4836374747791458,0.48363747420675196,0.4836374735134583,0.4836374705786905,0.48363746985713535,0.48363746921302325,0.4836374685739901,0.4836374678961308,0.4836374675765757,0.48363746889552633,0.4836374682140701
119,0.5202279269005159,0.5362564239735896,0.5339934061260325,0.5266873628852321,0.5139058521614088,0.512700306052158,0.5116036269227499,0.511887310372945,0.5122675802444815,0.508333017009962,0.5079082833271451,0.5080436191958345,0.5079439520488876,0.5080405599486991,0.5080709035246707,0.5080712160190738,0.5081148855151065,0.507842508373834,0.5078039569293243,0.5077741163043034,0.5077792944440238,0.4980430803479519,0.49816789497993275,0.4983501393622734,0.4980185685441919,0.4977426070848483,0.49775649209830997,0.4975729968840757,0.49727808248549216,0.4972796270559135,0.4947011015372885,0.49469440514673274,0.49469852601592695,0.49635840585179397,0.4963610755483433,0.49636754168767816,0.49636512943575595,0.4963645293955797,0.4963685348404105,0.49636077276984425,0.4963656318520584,0.4963670876354765,0.49706226736179027,0.49706423810318207,0.49706592430883945,0.4970676584941694,0.49706831467177715,0.4970703098438734,0.4970731075056391,0.49707488847269937,0.4971424756713287,0.49714584199204725,0.49714660138461486,0.4971494950082571,0.49715121727859657,0.49715339291058785,0.4971507243567425,0.49702029556636435,0.49701895720349476,0.49702125749233006,0.4970263423355682,0.5008919814745194,0.5008908327056089,0.5008920142222312,0.5008833402976368,0.5008872239828199,0.5008850943212347,0.5008861588494936,0.500887464119618,0.5008868516125069,0.5008876950768679,0.500886911555814,0.5008940413790247,0.5008931659975507,0.5008930998783269,0.5008960662592337,0.5008964366415674,0.5008976083088864,0.5008975897060466,0.5008978014415226,0.5008970390011144,0.5008813589593202,0.5008816488458259,0.5008803743686242,0.5008803243383352,0.5008803364295301,0.5008838221910134,0.5008841327346769,0.5008844501729705,0.5008829576065913,0.5008835230195893,0.5008825913820817,0.500882405604746,0.500893262629317,0.5008925387960009,0.5008921704133126,0.5008922309895965,0.5008918611595536,0.5008907117924832,0.5009159753102206,0.5009164633580773
120,0.5431438389448996,0.5618720480039793,0.5597881833325279,0.5534558388599097,0.5444689400102842,0.5433808349328384,0.5423874210096025,0.542627782727703,0.5432824535233711,0.5395730521631781,0.5390950501072367,0.5392586034296837,0.539141013763463,0.5392347834771863,0.5392735008660908,0.5392230163188056,0.5392589320224609,0.5390027395953556,0.5389740689770389,0.5389353097924265,0.5389354764090302,0.5354741032354449,0.5355775443424534,0.5357093141886317,0.5350132059328124,0.5343268553621441,0.5343676552028683,0.5342204537949551,0.5344881645701784,0.5344871519364264,0.5330597181654226,0.5330759844208373,0.5330823139723204,0.534887394300158,0.5348832622929961,0.5348986754132159,0.5348676488999594,0.5348604603171194,0.5348700958012007,0.5348878197379255,0.534898856289562,0.534893501456726,0.5351342505708385,0.5351376494991469,0.5351308794128186,0.53511741792,0.5351155368672874,0.5351113300216161,0.5351190170486189,0.5351165617697399,0.5351728058416317,0.5351797601435669,0.535311979333433,0.5353078336235801,0.5353113152452857,0.535310352205336,0.5353071088362682,0.5352642317297042,0.5352663898514414,0.5352662466615119,0.535253589042373,0.536287707086566,0.5362888039566224,0.5362884215913423,0.5357447575920652,0.5357456398637324,0.535745219050959,0.5357455728443739,0.5357460095120055,0.5357363297813169,0.5357365990349128,0.5357363422144984,0.5357433740258211,0.5357431730813417,0.5357432884987482,0.5357537520408392,0.5357541118455873,0.5357569786007221,0.5357569621949957,0.5357570005501101,0.535756763157182,0.5357060774237918,0.5357063185869109,0.5357062877543958,0.5357063358338217,0.5357063392847465,0.5357060363101438,0.5357061626521034,0.5357062244627745,0.5357084806881699,0.5357087649600607,0.5357085701019658,0.535708592319646,0.5357217705547914,0.5357214925093484,0.5357213835390616,0.5357214921441094,0.5357213461142677,0.5357208915153189,0.5357515472297769,0.5357517839413921
121,0.5642119726265484,0.5677056006442103,0.5678038332154105,0.5683147919994088,0.5711720353529302,0.5704142750678106,0.569981384389833,0.5700883259998016,0.5707644094399864,0.5695711492581613,0.5691231876501416,0.5693145915944028,0.5692006208332968,0.5692773209392894,0.5693468349255718,0.5692630531999121,0.5692850906057374,0.5690558358168006,0.5691244180783249,0.5690774756264916,0.5690737529688301,0.5691220030553718,0.5692156214559363,0.5692961137417669,0.5688673172243719,0.5663892934873942,0.5664324078604352,0.5663760497283752,0.5656283454335267,0.5656277430599986,0.5655336543784248,0.5655597635851939,0.5655635325570002,0.5664312513832708,0.5664275451341649,0.5664393027955824,0.566400814633653,0.5663946109031535,0.5664019477018917,0.5664428912719168,0.566448150926362,0.5664432356851218,0.5664910421709528,0.5664939777053153,0.5664874748799106,0.5664742456428276,0.5664738602267315,0.5664695019557678,0.5664779755332546,0.5664753253990199,0.5665430021826618,0.5665497514040355,0.5665216748046371,0.5665168237179058,0.5665195576337719,0.566518510767512,0.5665066904230065,0.5673017747167848,0.5673000790692846,0.5672994455218745,0.5672864586609137,0.5673374177692398,0.5673431062057268,0.5673414531697774,0.5659026516952207,0.5659126389279227,0.5659065548688487,0.5659085937671532,0.5659196067496418,0.5659050912204707,0.5659076236617286,0.5659052769888364,0.5659072867080785,0.5659044541516238,0.5659032309975387,0.5659356731392263,0.5659362222482848,0.5659375350868164,0.5659374939050463,0.5659387554415182,0.5659371810174693,0.5658769014885776,0.5658768068346451,0.5658748345677913,0.5658743790174752,0.5658743900888523,0.5658801559497554,0.5658804671374892,0.5658810238161707,0.5658822212397868,0.565882595397878,0.5658810760201083,0.5658813431403887,0.5658826418889382,0.5658815102473784,0.5658804492267029,0.5658800520408287,0.5658794734213389,0.565877893124737,0.5659048670103581,0.5659051574568355
122,0.5787414550256982,0.5887632866564071,0.5887404728038901,0.587730862534475,0.5898706179356505,0.5888921871253286,0.5882849078873261,0.5884293957870169,0.5890377935845124,0.5891491644666299,0.5884045519160035,0.5887134807480954,0.5885105580978018,0.588634287827911,0.5887538347357806,0.5886787235077209,0.5887176669677033,0.5882591038842667,0.5884932904097101,0.5883969957397589,0.5883864765469724,0.5891278772314429,0.5892968964790006,0.5894463284227975,0.5897670508599172,0.584752009330544,0.5847767585171493,0.5846953257323184,0.5821474044740843,0.5821463425057894,0.5822458252378728,0.5822744522123289,0.5822759504532367,0.5828674178316385,0.5828633384145635,0.5828763582511073,0.5828199192064346,0.5828133966321035,0.5828210143848909,0.5828756781800941,0.5828791539823753,0.5828735784700793,0.5829018204346593,0.5829053230998419,0.5828978111689738,0.582882457169937,0.5828837077877965,0.5828787999658203,0.5828886953539696,0.5828856994073396,0.5828835082487857,0.5828888166764955,0.5828324152905411,0.5828283151566556,0.5828302496660349,0.5828297833545721,0.5828134260440117,0.5844738763220223,0.5844704493771248,0.5844695532686666,0.5844532573530206,0.5843562113534185,0.5843668276007623,0.5843639621492229,0.5825908804993587,0.5825984507316939,0.5825938743788076,0.5825954276819162,0.5826130147281473,0.5826025666134113,0.5826042525107836,0.5826026859656092,0.5826038407089623,0.5826019644265066,0.58260118292533,0.5826247505139809,0.5826243362199227,0.5826271554257553,0.582627145564151,0.5826268380698629,0.5826272908851761,0.5826602465160206,0.5826606813199509,0.5826643025752585,0.5826649954390769,0.5826649783265845,0.5826429525821799,0.5826426307184955,0.5826418945299207,0.5826424175416665,0.5826422249105018,0.582644107388132,0.5826435547381651,0.5826479901929373,0.5826493722189783,0.5826508160864196,0.5826516626675919,0.5826523425525374,0.5826541757500866,0.5826745063089451,0.5826739726770347
123,0.596441689049016,0.6123580865793242,0.6121626031664918,0.6090602756667137,0.6098144503550489,0.6085931117345358,0.607882212912567,0.6080514394652582,0.608485643207938,0.6102030532926093,0.6091891445596316,0.609606278483575,0.6093192266944689,0.6094868687445092,0.6096598728250859,0.6096210663180233,0.6096779458317667,0.6089759264909252,0.6093735867738376,0.6092250187905996,0.6092079023574892,0.6102325311912704,0.610482323399291,0.6107098518732965,0.6118152831039813,0.6036924724922815,0.603696922997186,0.603611816893031,0.5993762439436999,0.5993756814744162,0.5995180169608875,0.5995354396639441,0.5995318683119406,0.5998439036753348,0.5998418707643342,0.5998494420682906,0.5997916148319171,0.5997882577482084,0.599792240097037,0.5997962198847594,0.5997937068490123,0.5997904340433221,0.5998139155097563,0.5998161794114348,0.5998122111389601,0.599803459991554,0.5998088718140411,0.5998063761156583,0.5998127398512612,0.5998112462042754,0.5997640087374488,0.5997653085209816,0.5997339056074658,0.5997329398114825,0.5997330684599772,0.5997338488629976,0.5997184468651673,0.6023081348701399,0.6023049584382075,0.6023041493611975,0.6022898260288599,0.6021819745783917,0.6021964287365754,0.6021936587819036,0.6008829516622961,0.6008818437268104,0.6008826299116097,0.6008824821418934,0.6009024982198831,0.6008976731201545,0.6008969452597573,0.60089760471867,0.6008982749223675,0.6008991330766005,0.6008996302095652,0.6007542604749488,0.6007523499560182,0.6007580203685702,0.6007580829587537,0.6007543456030988,0.6007590710528469,0.6009118126501265,0.6009132094604387,0.6009267877695198,0.6009295504054103,0.6009294834006551,0.6008644438139884,0.6008629586243958,0.6008598351210281,0.600860217071113,0.6008589726571397,0.6008671740542633,0.6008653497233184,0.6008791776926511,0.6008851594249598,0.6008912198583131,0.60089430296463,0.6008972883056048,0.6009053541778504,0.6009136125589107,0.600911688234235
124,0.6173627536275357,0.6397023487795847,0.6390097743590499,0.6321471962160419,0.6314751491725246,0.6307087400558927,0.6302874705395316,0.6303964493907148,0.6305233746887149,0.6373718133399898,0.6362227647493892,0.6366724194899628,0.6363236502710159,0.6365204763985207,0.6367341701517668,0.6368016853639713,0.6368759230986006,0.6359021741204924,0.6364394540251245,0.6362409062723041,0.6362174551045299,0.6372748577158244,0.6375798386614561,0.6378911761129799,0.6409843916222854,0.6319712154514966,0.6319671391261202,0.631911490635293,0.6207938970523362,0.6207955640313376,0.6209433915924487,0.6209328387818884,0.6209171282541102,0.6209414926628142,0.6209451871185089,0.6209381956455501,0.6208621787168441,0.6208671073205804,0.6208618809639701,0.6206695687766448,0.6206494936822079,0.6206532306311009,0.6206845739033187,0.6206828988253497,0.6206903453531808,0.6207025147346685,0.6207286574888973,0.620733862519964,0.6207289366937427,0.6207322331257593,0.6205866403092303,0.6205776139359641,0.6205874716634299,0.6205954013680538,0.6205911426663682,0.6205953131304573,0.6205844324506689,0.627280568582592,0.6272872984743854,0.6272874653303615,0.6272896315587757,0.6272316853524763,0.6272576165569814,0.6272581270122857,0.626929467996174,0.626935260459163,0.6269317465255316,0.6269329649695431,0.6269620428257623,0.626947314867672,0.62694856443786,0.6269473988335978,0.6269483315611274,0.6269469314635973,0.6269463652929147,0.62577023051053,0.6257686113260614,0.6257750792504309,0.6257751579321597,0.6257707618901988,0.6257763141691068,0.6257415341455697,0.6257427878561284,0.6257550329036302,0.6257574813371799,0.6257574205515297,0.6256970770397791,0.6256957159656217,0.6256928565259037,0.6256931419251516,0.6256919955955611,0.6256995437094327,0.6256979576410086,0.625710363214351,0.6257158099055798,0.625721305289244,0.6257240818361521,0.6257267838315336,0.6257340773063097,0.6257396991938499,0.6257378980884883
125,0.6587130458667981,0.6904662840221975,0.6889373162007605,0.6790409376785485,0.6783555131527382,0.6764310969196358,0.6763005582741898,0.6763501455452677,0.6764364457627043,0.6804795553072494,0.6796217040824247,0.680019481825295,0.6797589202552462,0.6799043133436387,0.680080135526379,0.6801490430657856,0.6802059018389793,0.6794275368589654,0.6798400616374881,0.6796675687174675,0.679650023820994,0.6802784684782507,0.6805273693773287,0.6807673571696393,0.6821089846555117,0.6751642923265518,0.6751486317486902,0.674926659242633,0.6679860486286388,0.6679837410735967,0.6680189766819137,0.6680438375187977,0.6680167474708444,0.6679630054756489,0.667958239853901,0.6679760918166043,0.6677679391241291,0.667759480420353,0.6677698833307263,0.667699865750924,0.6677355151327224,0.6677250086736687,0.6677465246259935,0.6677520205629066,0.667738619819293,0.6677134895041261,0.6677940630245077,0.6677870889374745,0.6677970989478144,0.6677924075526295,0.6677549247434528,0.667764737699248,0.6677929028585423,0.6677869643594331,0.6677914304876882,0.6677922671414813,0.6677964542231851,0.6716242467230962,0.6717993660644421,0.6717986230893063,0.6717866241649865,0.6717868421199549,0.6719171168189304,0.671914908765862,0.6720086320684837,0.6719902933577717,0.6720008951101097,0.6719976657592626,0.6719878084525488,0.6719602730802606,0.6719568870238015,0.6719599866639441,0.6719593180657473,0.6719630980872576,0.6719649351031506,0.661062008921955,0.6610620081133147,0.6610620096765922,0.6610620110999197,0.6610620124228977,0.6610620138642396,0.6610620143467892,0.6610620157267179,0.6610620168837219,0.6610620182582143,0.6610620196682546,0.6610620187521447,0.6610620201622176,0.6610620215389209,0.6610620229302421,0.6610620243608363,0.6610620256355535,0.6610620270256582,0.661062028433143,0.6610620298333095,0.6610620311367068,0.6610620324712675,0.661062033789683,0.6610620343850963,0.6610620352905335,0.661062036686439
126,0.6802569130686453,0.7024149291458223,0.702039598021103,0.6971129889763135,0.6986749650560279,0.6970553518488697,0.6970272535757179,0.6970479582786833,0.6970788100584698,0.6988492478427134,0.6983091263602538,0.6985735891354787,0.698415729891731,0.6985085865923215,0.6985101265970168,0.6985663690351472,0.6986102518672932,0.6980884864286078,0.6983578559088179,0.6982549401561815,0.6982462892277366,0.6986184930757261,0.6987802732313806,0.6989356577305823,0.6996569839775271,0.6956717477024716,0.6956609582656131,0.6949381901685795,0.6899614047420083,0.6899557351117334,0.6898986723326006,0.6899569673713954,0.6899294733253244,0.6898838639880677,0.6898717223066981,0.6899120750517272,0.6896005269833192,0.6895806883377105,0.6896047387096407,0.6894975864022178,0.6896326219604973,0.6896124616523699,0.689633922353665,0.6896439836946316,0.6896170908819244,0.6895683955888848,0.689687740567512,0.6896735341580809,0.6896936699290791,0.6896839096856184,0.6896140475021835,0.6896339295792729,0.6896622785369697,0.6896493678394925,0.6896581892030047,0.6896567134724821,0.6896664366808871,0.6923056009118008,0.6926198158699864,0.6926187928827553,0.6926010393495607,0.6926030234481554,0.6927684881529567,0.6927652373901431,0.6928459655406438,0.6928223876078448,0.6928364929727562,0.692832142896666,0.6928395774242679,0.6928179167256832,0.6928127549883378,0.6928174928596041,0.6928166614681334,0.6928224239325594,0.6928251887103263,0.6859253746452064,0.6858296461953379,0.6858377658129583,0.6858378390453931,0.6858329551750247,0.6858390748034455,0.6858364870305923,0.685837720582449,0.6858499639493263,0.6858523840754482,0.6858523192572943,0.6857967471789135,0.6857955568711063,0.6857927284404811,0.6857929818365553,0.6857917299255574,0.6858138346330623,0.6858123460747143,0.6858245033427435,0.6858298654927611,0.6858353013911719,0.6858392893035918,0.6858419421003422,0.6858492147328892,0.6858387295477402,0.6858364412140066
127,0.7221315479188323,0.7257694103632083,0.7255780221080298,0.7275859776538697,0.7238164205216795,0.7270805412756707,0.7266512611222977,0.7267249931714962,0.7264383292265417,0.7235163535587744,0.7232221840324775,0.7233049107718468,0.7232586575082246,0.7233071712994522,0.7227172565497707,0.7227624950739604,0.7228166177951533,0.7226429881909664,0.7227707602823416,0.7227943294115752,0.7228010380231257,0.7228908359663445,0.7229708842152056,0.7230446191846915,0.7227755330134491,0.7216767635560101,0.7216707272670683,0.7188130150824087,0.7177992643346901,0.7177914276803974,0.7176373575696562,0.717721838549444,0.7176950292365244,0.717667691472643,0.7176512325718567,0.7177092441364805,0.7173742808375608,0.7173446645688509,0.7173803373711807,0.717251080407503,0.7175968173602784,0.7175668906208357,0.7175858115358511,0.7175995829662764,0.7175613865756097,0.7174931538863419,0.71766711933977,0.7176476443825657,0.7176766720644482,0.7176624648227263,0.7175418870759104,0.7175716040353824,0.717595851433205,0.7175771430443689,0.7175892424519943,0.7175848411689627,0.7175991957988673,0.7185248405712635,0.7190647629492808,0.719062720238874,0.7190327820589384,0.7190337267861735,0.7190647535565104,0.7190599052042872,0.7190917921575398,0.7190658620539329,0.7190852283991438,0.7190791501228336,0.7191453394888473,0.7191327097489679,0.7191239817498883,0.7191320160688522,0.7191308828527916,0.7191406505277229,0.7191452554766677,0.716404402030768,0.7162600740879167,0.7162710801232435,0.7162712432611024,0.7162605765427177,0.7162738711212235,0.7162764530728667,0.7162790430591415,0.7163055471900028,0.7163107794577127,0.7163106422272714,0.7161962265703559,0.7161933296404246,0.716187099147595,0.7161876412597912,0.716185230764458,0.7162290212646567,0.7162256682575276,0.7162525029854772,0.7162643073242226,0.7162762889315349,0.71628583763063,0.7162917220945769,0.7163077435040106,0.7162852456732649,0.7162808636847533
128,0.7431465133020548,0.7380458337368555,0.737532670103318,0.744114535475646,0.7358957269344478,0.7495804935272227,0.7486722140220253,0.7488097311995144,0.7482155333718516,0.7437720464191231,0.7433204036942249,0.7433600389885194,0.7433049695505608,0.7433769796668224,0.7420294871892895,0.7421053399504723,0.7422029946082087,0.7421872797995581,0.7423430517121196,0.7424258535778427,0.7424400750098039,0.7424272622316737,0.7425224367167774,0.7426241218412333,0.7417854119761647,0.7416058032652206,0.7415893207719587,0.7354982017791163,0.7357461502471314,0.7357399310994138,0.7355952838456528,0.7356672814905064,0.735642618027963,0.7356270379148038,0.7356151557716013,0.7356649266691327,0.7355313616222937,0.7355038226433668,0.7355371665283695,0.7354328035361545,0.7358557532132479,0.7358260495392364,0.735843201001967,0.7358563175324787,0.7358217443783912,0.7357575435891688,0.7359372583304944,0.7359192673474946,0.735947301103259,0.7359337038880893,0.7358121279465719,0.7358415614597601,0.7358605367555067,0.7358428698645358,0.7358541552177956,0.735849203499569,0.735863002847369,0.7360939839304572,0.7366302902148544,0.7366267661612506,0.7365907167423084,0.7365910858516342,0.7362725348480904,0.7362681023634142,0.736275501075196,0.7362659218170706,0.7362829910254399,0.7362776471161084,0.7363235696850273,0.7363168948732138,0.7363093856239287,0.7363162955107828,0.736315380211617,0.7363238058516297,0.7363278020368493,0.7353766104622309,0.7352599371414,0.7352687935421373,0.735268879053883,0.735260029014261,0.7352711275051765,0.7352747706080889,0.7352769889586559,0.7353004601498297,0.735304794873009,0.7353046809217121,0.7352063696957328,0.7352035472447203,0.7351983754675931,0.7351988258423422,0.73519817885643,0.7352332693812349,0.7352304559989585,0.7352531248366551,0.7352630925017277,0.7352731924419503,0.7352849871499907,0.735289938444793,0.7353034258663076,0.7352843267102603,0.7352803368616819
129,0.7656524930045661,0.7646932143770026,0.7631750505773955,0.772412304213707,0.75504076621949,0.7932780466001842,0.7911668350507806,0.7914708524577649,0.7901723960816867,0.7827848913035105,0.7818767476968527,0.7819684306421858,0.7818460914440467,0.7819870799566283,0.7782572929056768,0.7783870807560694,0.7785834481089733,0.7799779259325433,0.7802347940924956,0.7803573600160397,0.7803800618823287,0.7803066446959843,0.7804589540134238,0.7806384448319917,0.7793785836284737,0.7794694231322453,0.7794317675939626,0.7629525497073781,0.7629525496278861,0.7629525510705755,0.7629525513150103,0.762952553141988,0.7629525543516278,0.7629525557376601,0.7629525571372726,0.7629525589414025,0.7629525620170642,0.762952563262717,0.7629525649351517,0.7629525658150378,0.7629525735284145,0.762952574500953,0.7629525734955989,0.762952575115669,0.7629525766410137,0.7629525775338712,0.7629525588781916,0.7629525598836921,0.7629525612944147,0.7629525623256324,0.762952562087865,0.7629525636463291,0.7629525647424417,0.7629525656625056,0.7629525668878719,0.7629525679669736,0.7629525692440179,0.7629525688986131,0.7629525737254732,0.7629525745993245,0.7629525750569236,0.7629525760976398,0.7629525623919388,0.762952563220375,0.7629525640129116,0.7629525668078935,0.7629525680124426,0.7629525688703561,0.7629525700627919,0.7629525709373065,0.7629525717382215,0.7629525727802792,0.762952573754732,0.762952574845548,0.7629525758819775,0.7629525775722847,0.7629525781493562,0.7629525792025603,0.7629525801630241,0.7629525809483452,0.7629525820481668,0.7629525830168749,0.7629525839788704,0.7629525857984298,0.7629525867946817,0.7629525877592518,0.7629525856922721,0.7629525864837832,0.7629525873619885,0.7629525883015557,0.7629525893673402,0.7629525789249437,0.7629525797283091,0.7629525807231872,0.7629525816268554,0.7629525824754132,0.7629525844971924,0.7629525853277329,0.7629525857878718,0.7629525861791001,0.7629525869741263
130,0.777235373738862,0.7620983648682967,0.760645006132128,0.7694818670898292,0.753189129144193,0.7916701785090063,0.7897392897572437,0.7900178299121808,0.7888214350074794,0.7822307514873116,0.781380204460167,0.7814791543992278,0.7813606124111163,0.7814945752706448,0.7781157813305123,0.7782406866824723,0.7784241766217638,0.7797502399993775,0.7799875370297717,0.7800958661417037,0.7801171521383901,0.7800414728487094,0.7801825480509895,0.780349620964376,0.7790565839616561,0.7791820426108318,0.7791478102191947,0.7640947040790171,0.7641718108017305,0.7641716064107109,0.764164678033948,0.7641679443812988,0.7641676621597494,0.7641676918729299,0.7641671638972348,0.7641693383482145,0.7643462723855117,0.7643440301001682,0.7643472669823127,0.7643422298575914,0.7643168043595555,0.7643126385961021,0.7643172439915769,0.7643188161063278,0.764325175322982,0.7643191562704809,0.7640402253645429,0.7640371253160586,0.7640415709296011,0.7640396309844039,0.7640210531526558,0.7640253768404813,0.764027675322846,0.7640252271241049,0.7640270301257632,0.7640263016364004,0.7640285092994088,0.7639903576139148,0.7640219321679038,0.7640192409076983,0.7640108365420347,0.7640111983348982,0.7635073735075281,0.7635069925334771,0.7635065280872401,0.7635370322497913,0.7635384506456874,0.7635380794542848,0.7635369664625578,0.7635367014028477,0.7635360839667921,0.7635366493854179,0.763536599717112,0.7635372988520417,0.763537715990884,0.7635366204652853,0.7635201714252513,0.7635212196440413,0.7635210599821577,0.7635206039719102,0.7635213359166053,0.7635214676239577,0.7635217434408812,0.7635311269371893,0.7635314506228141,0.7635314432279642,0.7635186656742597,0.763518820199038,0.7635185050701265,0.7635185355118893,0.7635189020091999,0.7633165607153464,0.7633163959063359,0.7633181692940358,0.7633189488131484,0.7633197580898797,0.7633243770741115,0.7633247677013995,0.763325872333406,0.7633239593124685,0.7633231680110727
131,0.8026737327096226,0.785442505976192,0.782944271851033,0.7857020955976143,0.7731409454412749,0.8221069933229289,0.8201288806962549,0.8203567608333728,0.8192075415878638,0.8105175460278127,0.8095965895541277,0.8098125793002946,0.8096519054337183,0.8097812683002394,0.8034992547332148,0.8035782356169396,0.8037361301112093,0.8100278803296544,0.8102357707580196,0.8102646159160727,0.8102775007862567,0.8102024110867909,0.8103203140120341,0.810476136985573,0.8095936115755232,0.8095302742408538,0.8094946315357009,0.8018810045873277,0.8012437102473491,0.8012387143251262,0.8009836903948696,0.8010983544565068,0.8011250942241458,0.8011178493892076,0.8010515699642232,0.8011269029128893,0.8009794822634068,0.8009446500706372,0.8009879916062526,0.8010207023805079,0.8011148014169511,0.8010181921459192,0.801047754689846,0.8010682160967834,0.8011828966540253,0.8010890678437003,0.7944861283703943,0.7944765061690945,0.7944903476120411,0.7944837727125595,0.7944177208799524,0.7944461655728459,0.7944533220264184,0.7944448144734173,0.7944502656326891,0.7944472586763985,0.7944540839404823,0.7944318649767307,0.7944413539892662,0.7944411258940015,0.7944141614040146,0.7944144256737941,0.7942297428125431,0.7942246753238781,0.79421571105546,0.7940002847018385,0.794026364019585,0.7940181687727519,0.7940166486769337,0.7940113813934326,0.7940005567544913,0.7940104981464219,0.7940091458350831,0.794021404684287,0.7940273707941936,0.7940674719966784,0.7940670738472693,0.7940726700575454,0.7940750536791664,0.7940675329342202,0.7940770865888771,0.7940848535531583,0.7940868169665246,0.794184890973094,0.7941884948155807,0.7941884090312089,0.7941017680980258,0.794095820061118,0.7940920919014657,0.7940924069523753,0.7940978375418439,0.7937307704885835,0.7937296124556154,0.7937391417197994,0.7937433006032946,0.7937475586835554,0.793840996949736,0.7938429894008993,0.7938485124605011,0.7938401781176552,0.7938386456219438
132,0.8151726559649345,0.7876649015265949,0.7851704467529973,0.7850986713596606,0.7770985855513153,0.8317440985831074,0.830452999819573,0.8305465346151581,0.8298398400421808,0.8225440222165901,0.8218653171344069,0.822093474221858,0.8219751209830367,0.8220632073031859,0.81646994455881,0.8165050334336812,0.8165870940913131,0.8285104617764688,0.8286706791113315,0.8286573050471857,0.8286667393911408,0.8285831063102388,0.8286715770022186,0.8288046766762642,0.828044746808437,0.8279611412877346,0.8279322275894341,0.822711532641695,0.8219703778003948,0.8219658801041023,0.8216764369833236,0.82180491326222,0.8218438408378905,0.8218368580921962,0.8217273630093338,0.8218096051237023,0.8216332219232615,0.821596670247549,0.8216431619656342,0.8216872149466128,0.8215487806370299,0.8214480368470671,0.8214837613163548,0.8215049712797514,0.8217110587583283,0.8216169808185407,0.8099742100423482,0.8099742110581614,0.809974212587709,0.809974213688159,0.8099742131750942,0.8099742149374691,0.8099742161081983,0.8099742170783047,0.8099742184029318,0.8099742195453025,0.8099742209278507,0.809974221404705,0.8099742225103777,0.8099742234456442,0.8099742237192495,0.8099742248005876,0.8099742185127828,0.809974219370005,0.8099742200931505,0.8099741893082353,0.8099741906748427,0.8099741910629261,0.8099741916283785,0.809974192095025,0.8099741923727992,0.8099741932847383,0.8099741938896827,0.8099741948939281,0.8099741957219083,0.8099741965060997,0.8099741968971668,0.809974197682967,0.8099741984539774,0.8099741988004812,0.8099741997535288,0.8099742006287716,0.8099742013177864,0.8099742048648939,0.8099742056588435,0.8099742063234248,0.8099742019756159,0.8099742024942119,0.8099742029381621,0.8099742035669051,0.8099742042819724,0.8099741317107914,0.8099741315115612,0.8099741320778766,0.8099741322743552,0.809974132484866,0.8099741343903024,0.8099741344667737,0.8099741348602709,0.8099741341554084,0.8099741339685668
133,0.8348397187903445,0.790998177666442,0.7891072265856012,0.7870784177444341,0.7837622106070576,0.8369891724595487,0.836441025194022,0.8363815262748289,0.8361798642393811,0.8312064838125917,0.8308482201466536,0.831038713478711,0.8310088802715878,0.8310368491591146,0.8262751765346308,0.826254607324512,0.826259877819817,0.8463230499822835,0.8464764749763674,0.8464328170453197,0.8464382348862388,0.8463657001589571,0.846445875789112,0.8465830256950042,0.8460200160103206,0.8458524626762238,0.8458224791456208,0.8429978262803,0.8421350279164705,0.8421303877297227,0.8418070948815766,0.841950851980824,0.8419947086837344,0.8419863492806464,0.8418408110204468,0.8419314624382953,0.8416243700405981,0.8415832014302251,0.8416353333750454,0.8416847492604566,0.8415294770900866,0.8414300989186646,0.841466518157979,0.8414893684493483,0.8417536978644784,0.8416512909598577,0.8343752066926612,0.8343548310324443,0.8343814313908694,0.8343691160204428,0.8342366120970878,0.8342698284271327,0.8342836207305264,0.8342674610356614,0.8342782545291682,0.8342724459218126,0.8342858762617523,0.8342833557267736,0.8342918512404117,0.8342884572082334,0.8342360375945478,0.8342373528111019,0.8341707667861896,0.8341600317034827,0.8341409172520612,0.8310859417666592,0.8311181878186796,0.831108211848757,0.8310943447599716,0.8310883835551758,0.8310752331037288,0.8310873028189781,0.8310854894461795,0.8311002893548306,0.8311076145146712,0.8310992175060242,0.8310958347769696,0.8311014937053093,0.8311105309690583,0.831101719260613,0.8311134673167182,0.8311237106894938,0.8311263319052168,0.8309426319563977,0.8309491824496364,0.8309490350031653,0.8307710644837173,0.8307678226568738,0.8307602040790175,0.830760837582693,0.8307596096832747,0.828633559964511,0.8286278880194023,0.8286736459823812,0.8286940674969765,0.8287144349341238,0.8287415367849568,0.8287517570343902,0.8287792786637121,0.8287384447407571,0.8287326749003487
134,0.864412135379827,0.8045333631444374,0.8017797463241889,0.7955327352157612,0.7953976079115285,0.8378016427546366,0.8378513572750905,0.8376846571628704,0.8379112598458945,0.8365503013652268,0.8365678166517787,0.8366700087635985,0.836787722121487,0.8367440244378447,0.8334857756620493,0.833409176685612,0.8334003315204174,0.8619338088388004,0.862033501685388,0.8619906866480168,0.8619930696945063,0.8619681554050367,0.8620177888236146,0.862122976466796,0.8618985111806562,0.8617435378480092,0.861722494042165,0.861096547428926,0.8605085594530442,0.8605107895923167,0.8602984867847353,0.8603943701526936,0.8604221076550442,0.8604155831672833,0.8602855722872473,0.8603440292413795,0.8601210520890964,0.8600924653883408,0.8601276868307658,0.8601596593816491,0.8600760952654908,0.8600062853478391,0.860027469893803,0.8600422522420174,0.8602784234180619,0.8602096116254861,0.8578059471113545,0.857780017920376,0.8578132587553825,0.8577973463957486,0.8576357068046689,0.857678625594698,0.8576960471866213,0.8576751464869006,0.8576884575368261,0.8576808773937383,0.8576975032419086,0.8576989712482004,0.8577142073571835,0.8577526492729814,0.8576868047515726,0.8576875313961534,0.8577481949215265,0.857735238152873,0.8577128889358978,0.8527287763075307,0.8527317345156872,0.8527310166539458,0.8527293163864789,0.8527289107377919,0.8527276644880054,0.8527286835183303,0.8527284625452456,0.8527298500379452,0.8527306279394986,0.8527296412840467,0.8527285488911093,0.8527286082755471,0.852748827261451,0.852748212109758,0.8527492384760919,0.8527500890533597,0.8527505589442437,0.8500544409736891,0.8500603227344407,0.8500601898517394,0.8499041134032334,0.8499009784443938,0.8498939791829275,0.8498945604038018,0.8498924631689221,0.8493850625630318,0.8493801998243177,0.8494195658864193,0.8494370624039207,0.849454453386097,0.8494744047040542,0.8494831354916873,0.8495065525445865,0.8494711472602807,0.8494662202922367
135,0.8779076359531905,0.8120745773089204,0.8085414935958584,0.800425640127954,0.8000712504570097,0.8376647715823813,0.8378680546473087,0.8377064586037619,0.8380773593755974,0.8387847103255708,0.8389989900731465,0.8390288853855323,0.8392744076452946,0.8391959148734262,0.836919541751819,0.8368147949402844,0.836919028424211,0.8653389709582523,0.8652416332219809,0.8652586153297109,0.8652665842180883,0.8652987540194683,0.8652507344499931,0.8652128767537154,0.8653460506110314,0.8655000277640112,0.8655183251019785,0.865633599195724,0.8660101735017919,0.866030410687751,0.866130240651131,0.8660862631000841,0.8660735090838387,0.8660763195270458,0.8660319237586911,0.8659995338103622,0.8660444956078439,0.8660588539887949,0.8660397473339969,0.8660238240415568,0.8659267471903934,0.8659076136907202,0.8659032793496434,0.8658949045579462,0.8659659069695225,0.8660038465029033,0.865232410214956,0.8652432477818374,0.8652286957734555,0.8652351170838872,0.8653120466358699,0.8653113733287887,0.8653039718294975,0.8653120230363475,0.8653060971684176,0.8653090598958415,0.8653017234887423,0.8652993938091793,0.8652889467157995,0.8654211107887853,0.8654480032071519,0.8654466126689526,0.8655499144988507,0.8655547905002563,0.8655646549114745,0.862147808771711,0.8620768236051389,0.8620993149126394,0.8621482690945375,0.8621614843258579,0.8621902787617283,0.8621634943973092,0.8621674271486685,0.8621350833963055,0.8621191423861825,0.8621406826355801,0.8621411450128253,0.862128328803902,0.8621666874586391,0.8621862594473686,0.8621602881970064,0.8621374016723725,0.8621322612759788,0.8569604462499171,0.8569551160460117,0.8569552257194064,0.8570895265170355,0.8570923210019533,0.8570983113577949,0.8570978304267726,0.8571005274501025,0.857144026060001,0.857146749775304,0.8571237812459006,0.8571134327678483,0.8571032041953005,0.8571038634871707,0.8570986019861426,0.8570845369130657,0.8571071823316018,0.8571099488905185
136,0.49065994442844707,0.46086887361287837,0.4604471613116916,0.46003088910198914,0.4606438058903628,0.4606094001935215,0.4606284598057443,0.46055428317453145,0.4606179934906085,0.46045161242941074,0.46050216591933607,0.46045659128257477,0.4604516875693383,0.4604020719186033,0.4603714552666551,0.46034047762616864,0.4603102000418683,0.4603539003654906,0.46026980291433306,0.4602634325984646,0.46025057791171986,0.44286552707610566,0.44285642359813027,0.44283449812548414,0.44277658361545996,0.44282768329754446,0.44284026278977434,0.44285453982135914,0.4430431598394085,0.4430377310734433,0.44297734064958966,0.4429545305248344,0.442942205893364,0.44296670606354327,0.44296625317354654,0.4429467379867345,0.4429736475847308,0.442979986662037,0.442966247061598,0.442952026365966,0.44293618459054596,0.4429383542338628,0.44227603886071326,0.44226764850489,0.44228036349991423,0.4423055290983446,0.44230707552181864,0.4423141279972139,0.44229814536246875,0.4423016150533806,0.4423932306202508,0.44237775666113194,0.44249789378727106,0.4425050571363309,0.4424954784291501,0.4424964130680404,0.44248118068035713,0.4424625033672849,0.44245488766501,0.44245239585370993,0.4424774587229234,0.4431731144542039,0.4431620991526069,0.44316604063009485,0.44318836781346543,0.443233017054642,0.443203298028788,0.44320971411318505,0.44322809187130285,0.4432296740010718,0.4432418985081603,0.44323051989571877,0.44324914475106775,0.44323562271190764,0.4432268471019924,0.4432361936585046,0.44323469496671825,0.4432286378438698,0.44322837357387374,0.44323952698413416,0.44322878097196294,0.4432183020724137,0.4432133034443323,0.4431935373037371,0.44318724543114885,0.44318730345498214,0.44327208792802286,0.44327345057821227,0.44327852254518757,0.4432789118903694,0.44327829076540026,0.4432648348732928,0.443269160390343,0.44224372854965194,0.4422437285609939,0.4422437285206878,0.4422437285435184,0.4422437286091304,0.4422437284914048,0.44224372911894866,0.44224372927725714
137,0.4953822500507135,0.4755046199060133,0.4756082912912286,0.4756542412031828,0.473991281370861,0.4735214251775511,0.47335400062838856,0.4734157871809009,0.47350139332595337,0.472328189777356,0.4723371720152095,0.4723440949064333,0.4723622220253226,0.47236766752629106,0.4723749147626005,0.47235776741826,0.4723603774587333,0.47238258756789814,0.4723379015414316,0.47235365640728977,0.4723601278451951,0.4579662254757662,0.45798078572049983,0.4580097878882285,0.4578573882520081,0.45789816633622926,0.4579146263353085,0.45790984823160363,0.4580418767178903,0.458049486904406,0.4570865054156455,0.457038705151241,0.4570297695152322,0.4575557104044102,0.4575704256888115,0.45754179995604405,0.4576163191473554,0.4576331840943245,0.4576149899021869,0.45759426490603233,0.45757133552671875,0.4575870389983127,0.4582220143307944,0.4582166892831061,0.4582363491464731,0.4582723068422528,0.4582775377276325,0.45829111422930435,0.4582783971083222,0.45828725324138203,0.4584144030121481,0.458404370927491,0.4583375736646783,0.45835003409078195,0.45834505099079026,0.4583505059036227,0.45834138567002786,0.45829265498186644,0.45828239373737173,0.45828596414158135,0.4583215385953726,0.4606393412477373,0.4606269421916818,0.46063551721559465,0.4606724948244825,0.4607230128717173,0.46069207364198156,0.4607023574463373,0.46072106671550533,0.46072771931361434,0.460740405844916,0.46072867849065796,0.46073474538372977,0.4607203784019482,0.460714120056161,0.4607228675590473,0.4607241620682175,0.4607171165057469,0.4607169043224404,0.46072540826132585,0.46071400577524696,0.46070264813821743,0.46070101994223983,0.4606794818556905,0.46067531516603494,0.4606754304298839,0.4607632088554057,0.4607660042873067,0.4607714124615682,0.4607711531541883,0.46077400459940665,0.46075940164847656,0.460761950488795,0.46038683707685446,0.4603805760897145,0.4603757034013678,0.46037427914564966,0.4603711818728948,0.46036227506701055,0.46038043336107765,0.4603833944097365
138,0.49786147115918894,0.5002988152454397,0.49955595966215094,0.4972615398234134,0.4924718888238117,0.4916086805713254,0.4909295545080327,0.49111734262219914,0.49178416587391666,0.48894461947676754,0.4886306414642474,0.4887335979548886,0.4886630313381394,0.4887361959413288,0.4887615178340933,0.4887551552017044,0.4887882607726655,0.4885958909491466,0.4884336420505277,0.48841392018663393,0.488419153415505,0.48005086650532103,0.4800990349956731,0.48017664327979265,0.47982723880708683,0.47977372522456097,0.47980338927988797,0.4797483671177804,0.47989121959992803,0.47990003982709856,0.4786155505113949,0.47857187949523633,0.4785663554031218,0.4798315504098755,0.479846377014621,0.4798225917265108,0.47989040453403875,0.47990511396902247,0.4798903654342534,0.4798630842498188,0.47984410985181364,0.47985928183065774,0.4805948677935333,0.48059121081128514,0.48060889137889784,0.480640490673362,0.4806455652788105,0.4806580322932077,0.48064959306791055,0.48065800289607735,0.4807714641432413,0.48076510187580657,0.48027167722674396,0.48028446592409013,0.48028073570493857,0.48028669976023414,0.48027305119497593,0.48020429330256403,0.4801940443150754,0.4801985467749673,0.48023444280336264,0.4829617612376203,0.48295535195413297,0.4829605609715983,0.48302126277299096,0.48304703084894973,0.4830317857464055,0.4830376059330145,0.4830467185430413,0.483050494624467,0.483056682130095,0.4830509636965847,0.48305509774042793,0.48304808690016404,0.4830456622912582,0.483049871336862,0.4830510652741849,0.4830475960912881,0.48304750140486136,0.4830508000238084,0.4830452183266748,0.4830340746693165,0.483034047832646,0.48302348158314334,0.48302192180405257,0.48302198931851187,0.48306337871584026,0.4830650100069026,0.4830676148663475,0.4830557356831005,0.4830579180540199,0.48305074311293744,0.4830512309516752,0.48296368532058737,0.4829596337039442,0.48295683181502114,0.48295620313236065,0.4829541908030812,0.4829482540658773,0.48295694363071295,0.4829590752142809
139,0.5062758445073109,0.5181291672045168,0.5165767623101746,0.5122086621376322,0.5080937169815621,0.507040063673694,0.5061946010954524,0.5064114561799784,0.5081124080879961,0.5045176758791023,0.5040387329975818,0.504198637414467,0.5040864231140848,0.504184681567792,0.5042218462977648,0.5041717727938915,0.5042114011834691,0.5039593239166059,0.5035058083036088,0.5034698927354336,0.5034731673357222,0.4992699256298957,0.49932255515891566,0.4994021207679962,0.4988573104983258,0.4987284682471837,0.4987827243214226,0.4987223240661258,0.4990658249799026,0.4990750552416637,0.49808263206484116,0.4980414050786367,0.49803626077897345,0.5000574157528976,0.5000708757007806,0.500047542696052,0.500111277560129,0.5001242968328073,0.5001098050158369,0.5000710885790239,0.5000525291278894,0.5000664788865613,0.5005592383876719,0.5005555979530543,0.5005715314551851,0.5006000645053303,0.5006046476410931,0.5006157309467449,0.5006094789675302,0.5006169037541665,0.5007020883971707,0.5006959424288538,0.49935167965674293,0.4993639897050496,0.49935966337055504,0.49936504467391685,0.499342773965283,0.49929110424244083,0.49928092460815887,0.49928470857708096,0.49932026357657183,0.5007363839901641,0.5007311414772109,0.5007354346925479,0.5008191378772783,0.5008397755673227,0.5008276124814913,0.5008323317910074,0.5008395880353219,0.5008410486967496,0.500845960330209,0.5008414151396842,0.5008442793150618,0.5008387207320273,0.5008368590690067,0.5008404440847046,0.5008413951302016,0.5008386941563873,0.5008386169560675,0.5008411822892405,0.5008367435369507,0.5008244514906937,0.500824504826878,0.5008161320818949,0.5008148992112896,0.5008149537226598,0.5008473113060221,0.5008486333459947,0.5008506999626453,0.5008238639732028,0.5008257450169881,0.5008200254985193,0.5008201269990783,0.5008117893099435,0.5008077894993739,0.5008048068899329,0.5008039006277709,0.5008019115036083,0.5007961333601286,0.5008042012447076,0.5008060961143862
140,0.5281136004769167,0.5518364367526716,0.5487128344858672,0.5405074562415734,0.5340652712319559,0.5327425875059991,0.5316328226687524,0.5319039759438352,0.5337697702772641,0.5293013541688476,0.5286698800625013,0.5288922161347089,0.5287432407652207,0.5288641560476691,0.5289187329144499,0.528807568753063,0.5288504497452614,0.5285589130156554,0.5282369181339488,0.5281911127464679,0.5281922701168859,0.5250455497488818,0.5251347129100714,0.525248885493973,0.5244085158261609,0.5238593552763351,0.5239381100431941,0.5238249481864422,0.5242619095161211,0.5242667450804487,0.5232100648389478,0.5232025525842935,0.523204437829963,0.5268192090607432,0.5268192087467233,0.5268192084066815,0.5268192081738262,0.5268192078362887,0.5268192075130549,0.5268192070627844,0.5268192067258691,0.5268192064361344,0.526819210965982,0.5268192107384174,0.5268192105568101,0.5268192103546476,0.5268192101490604,0.5268192099319067,0.5268192097612016,0.5268192095414467,0.5268192103758679,0.5268192101891198,0.5268191899484571,0.5268191894480483,0.5268191889120024,0.5268191883817831,0.5268191875348603,0.5268191865016683,0.5268191858961981,0.5268191854463575,0.5268191850677694,0.5268192016594968,0.5268192013792768,0.5268192010955307,0.526819192394705,0.5268191920715466,0.5268191916552749,0.5268191912479637,0.5268191908284972,0.526819190073592,0.5268191896615112,0.5268191892433647,0.5268191888708301,0.5268191884470981,0.5268191880265191,0.5268191879087936,0.5268191875398713,0.5268191871418892,0.5268191867228366,0.5268191863158492,0.5268191858936752,0.5268191851343756,0.526819184736301,0.5268191843963308,0.5268191839907834,0.5268191835693692,0.5268191837500457,0.5268191833341477,0.5268191829220191,0.5268191823658532,0.5268191819516587,0.5268191816364884,0.5268191812325766,0.5268191811505585,0.5268191807301833,0.5268191803547435,0.5268191799783852,0.5268191795836168,0.526819179393632,0.5268191794266529,0.5268191790215921
141,0.5435939260126933,0.5599078807529326,0.5576412412562911,0.5521370729618594,0.5512408903672735,0.5498651893886055,0.5488406643230744,0.5490880593896922,0.5512790144871623,0.5469841988782225,0.5463012469710331,0.5465676305569892,0.5464106516398898,0.5465333041214967,0.5466071375093615,0.5464164346694949,0.546451573113893,0.5461981655018235,0.545934765001162,0.5458901558788453,0.5458901365354824,0.5443616243303051,0.5444537240691055,0.5445500306692059,0.5436048050464832,0.5425030110037125,0.5426078098955434,0.5425108640610498,0.5430152823401707,0.5430182036670768,0.5423490843583451,0.5423617448127803,0.5423661936354608,0.5450243804265007,0.5450224647786627,0.5450305197254419,0.5450131146443513,0.5450081929071394,0.5450133196070296,0.54505670343141,0.545060161733062,0.5450578460009337,0.5451025413553588,0.545104525096155,0.5451007576538963,0.5450928390539872,0.5450917445942955,0.5450892607320734,0.5450974448033823,0.5450960213574675,0.545133011005052,0.5451381464365787,0.5443337460461191,0.5443291854855591,0.5443318410792024,0.5443307358458186,0.5443187258306242,0.5443840054122534,0.5443854932998655,0.5443848300542468,0.5443703316752656,0.5442751132263483,0.5442795064821984,0.544276925733925,0.5433028306296858,0.5432914662818429,0.5432985782608694,0.543296500161382,0.5432919788726805,0.5432694338918056,0.5432666719938727,0.5432692091216882,0.5432695192761987,0.5432726456037282,0.5432742617705221,0.5432857332926366,0.5432848032689074,0.5432866931599003,0.5432867306120628,0.5432845521183589,0.5432869342417637,0.5433117421707669,0.5433123131420461,0.54331608593193,0.5433169009498187,0.5433168844882211,0.5433009108576529,0.5433005605330828,0.5432996805937255,0.543303439422863,0.5433032502670075,0.5433056262622478,0.5433069943132437,0.5433154627517284,0.5433171512332036,0.5433190508990954,0.5433200837001351,0.5433209246871414,0.5433231294651952,0.543325081961761,0.543324701216761
142,0.5731801051246308,0.5765573328176908,0.5767772492355678,0.578047300204902,0.5852128037129238,0.5837842323690317,0.5829707484779664,0.5831671673566144,0.5846774668947523,0.5822583785783535,0.5814484966820391,0.5818114708761001,0.5816143956339885,0.5817470080924894,0.5818742019663906,0.5816582630371074,0.5816903000765961,0.5813514463989904,0.5814600576158018,0.5813870107823598,0.5813810020173613,0.5817040408617467,0.5818560849098174,0.5819701430705039,0.5813977738065412,0.577180175612054,0.5772349045029058,0.5771722593547307,0.5769811778032202,0.5769808324187098,0.5768936690313492,0.5769277288939265,0.5769308311547867,0.5780567997735578,0.5780526541287904,0.5780664742496263,0.5780275758717547,0.5780194562327436,0.5780281171258334,0.5783159666132585,0.5783189738523091,0.5783135817220155,0.5783496978180992,0.5783532407746099,0.5783456824654651,0.5783297991567827,0.5783275078504453,0.5783221816478118,0.5783361052155089,0.5783329047718822,0.5783903735180141,0.5783989872759856,0.5780646556631935,0.5780563421691435,0.5780598164553112,0.578058309243658,0.5780280474437574,0.5785468323804208,0.578546526988349,0.578544827684774,0.5785134748793901,0.5783882311173766,0.5783988355003857,0.5783925256652991,0.5747233650750675,0.5747233651283432,0.5747233657358986,0.5747233661084019,0.574723366509365,0.5747233674692049,0.5747233678024011,0.5747233683135566,0.5747233687699896,0.5747233693116808,0.5747233698090474,0.5747233724535254,0.5747233727008194,0.5747233732468197,0.5747233737101671,0.57472337405806,0.5747233746191028,0.5747233884466283,0.5747233890621846,0.5747233897366968,0.5747233903702514,0.574723390980603,0.5747233898369174,0.5747233904185736,0.5747233909629551,0.5747233916282254,0.5747233922242347,0.5747233927916839,0.574723393402014,0.5747233942740252,0.5747233949653351,0.5747233956211472,0.5747233962374577,0.5747233968526794,0.5747233972330562,0.5747233977537739,0.5747233983391393
143,0.5970346893182911,0.6052431120259729,0.6052205324909596,0.6039154726700587,0.6080651007332774,0.606348456387491,0.6054248361671842,0.6056434412104866,0.6066781157202527,0.6055398021133166,0.6045083854040334,0.6049732175881366,0.6047069040827909,0.6048713835292227,0.6050499767075822,0.6048815708020385,0.6049276375112963,0.6043808710419133,0.6046949084827018,0.6045740099449544,0.6045616362088543,0.6053895562520379,0.6056240011533045,0.6058039535707868,0.605791312817276,0.5980958721136896,0.5980716864457537,0.5980266535076022,0.5973159390776941,0.5973155296161947,0.5973732194446467,0.5973981676333762,0.5973974668118033,0.5979503477283789,0.5979476851521404,0.5979569586015145,0.5979251605017695,0.5979192789809211,0.5979248571085689,0.5984088155300793,0.5984068306282704,0.5984023645627251,0.598424648267511,0.598427579510253,0.59842147080607,0.5984083405090449,0.5984061908755108,0.5984017524409042,0.598413973601035,0.5984113169763826,0.5984398652555573,0.5984462104533632,0.5983108694635461,0.5983045575009772,0.5983058855627905,0.5983054468419395,0.5982772481659664,0.5989744454702853,0.5989712578023566,0.5989695049484554,0.5989384061376215,0.5988223197252729,0.59883325181531,0.598826479833557,0.596667232347806,0.5966484207923027,0.5966601297036915,0.596656514400288,0.5966554067290358,0.5967233309448202,0.5967174537487278,0.596722865447859,0.5967222632859791,0.5967289216295834,0.5967320855744013,0.5968768726859472,0.5968658330618054,0.5968705525145984,0.5968706476748736,0.5968655727686087,0.5968717013937777,0.5978363529550154,0.5978379282414685,0.5978536375131609,0.5978569137082621,0.5978568354065593,0.5977891106227435,0.5977873122746918,0.5977835743543111,0.5977840560333362,0.5977824809658767,0.5977924413808053,0.5977906098363552,0.5978067890294284,0.5978139706544688,0.5978212201784463,0.5978247970815678,0.5978283879315526,0.5978380902449555,0.5978298536005454,0.5978276934072316
144,0.6225225825889431,0.6508068727758296,0.6501178201345603,0.6432054185579752,0.6415861795258232,0.6394328159656915,0.6386358086163652,0.6388291459300554,0.6391800698016091,0.6402249603256779,0.6390642802293041,0.6395923549312896,0.6392711229694998,0.6394560561965281,0.6396971743170602,0.639657173046686,0.6397189250393097,0.6389259389419604,0.6393999524031612,0.6392200216878096,0.6392011598827612,0.6401489427410927,0.6404702385273172,0.6407287967009564,0.6414502382017774,0.6267051574107857,0.626705157930515,0.6267051591860994,0.6267051351415948,0.6267051356598241,0.6267051372294955,0.6267051377439026,0.6267051381704948,0.6267051397593821,0.6267051403485119,0.6267051408803858,0.6267051408810774,0.6267051414230029,0.6267051419199454,0.6267051515681766,0.6267051519310555,0.6267051525878512,0.6267051522236073,0.6267051529344626,0.6267051535038975,0.6267051541063646,0.6267051549355884,0.6267051556160635,0.6267051564050857,0.6267051570988165,0.6267051576892386,0.626705158454408,0.6267051591589107,0.6267051598069381,0.6267051604866299,0.6267051612188106,0.6267051617129893,0.6267051909701457,0.6267051924426618,0.6267051933783041,0.6267051939241884,0.6267051940651005,0.6267051956920725,0.6267051966639945,0.6267051869248054,0.626705187115931,0.626705188407737,0.6267051892437014,0.6267051902459615,0.6267051918448308,0.6267051926118723,0.6267051937073999,0.6267051946905017,0.6267051958447111,0.6267051969155425,0.6267051612035828,0.6267051606716039,0.6267051613221617,0.626705161841851,0.6267051621699256,0.6267051628749349,0.6267051824194315,0.6267051831674932,0.6267051841506044,0.626705184938049,0.6267051856676105,0.6267051835607564,0.6267051842276854,0.6267051848283582,0.626705185538867,0.6267051862209689,0.6267051870168318,0.6267051876644187,0.6267051888132493,0.6267051897258988,0.6267051905914524,0.6267051913614079,0.6267051921378355,0.6267051927184284,0.6267051929215913,0.626705193584122
145,0.6482873585295232,0.6753992513958935,0.6740517013384725,0.6641965712603127,0.6601417506546885,0.6576739786648991,0.6570256040165329,0.657187035743054,0.6573570975572122,0.6582237094526812,0.6572050528686928,0.6576957339071547,0.6574130728097813,0.6575735926371945,0.6578165561547363,0.6578056692704141,0.6578602029396128,0.657134089938062,0.6575640546295296,0.6573914784515854,0.6573748117499341,0.6581452969538488,0.6584524753676304,0.6586877875368486,0.6592640721297915,0.6483964458799313,0.6483341315787631,0.6483436357961696,0.6471779008531513,0.6471770951355222,0.6471900119345555,0.6472007011793338,0.6471991875495998,0.6471615326421719,0.6471596360152716,0.6471665065518324,0.6471011318580886,0.6470967698916417,0.6471004832966701,0.6478385704838889,0.6478193675084875,0.6478109526280227,0.6478208812597571,0.6478257333274675,0.6478135197751115,0.647790069805786,0.6478097741356388,0.6478020665559789,0.647812568127987,0.6478077042827518,0.6477717693440228,0.6477805110695062,0.6478074637893045,0.6478010068981452,0.6478033361063834,0.6478023488567535,0.6478041374332156,0.6485836481524406,0.648635579833069,0.6486338044347502,0.6486046733893626,0.6486046190462988,0.648650623583119,0.6486444479780712,0.6487008000976874,0.6486623452297902,0.648685718789069,0.6486783633598141,0.6486746047264103,0.6486632755991958,0.6486536853540247,0.6486625201822473,0.6486613172301191,0.6486721964796482,0.6486772827908539,0.6461765830417762,0.6461050049469703,0.6461064114648614,0.6461064409263112,0.6461043818755057,0.6461066672520113,0.6463859397692449,0.6463862972052222,0.646389125442932,0.6463889757633289,0.646388958872357,0.646377553756245,0.6463773764310393,0.6463768240494696,0.6463768550950361,0.6463767657834312,0.6463790129924324,0.6463787578399987,0.646381310472932,0.6463826975466354,0.646383872903526,0.6463844191864652,0.6463849321556877,0.6463864860187821,0.6463838151514791,0.6463835528064218
146,0.6753027842939646,0.6974143163735043,0.6962869460690336,0.6881545189901419,0.6836572110147974,0.6814751759007103,0.6811632041213777,0.6812469203998882,0.6812618631066474,0.6816230854659513,0.6810186558047355,0.6813589238445875,0.6811884289989212,0.6812846656428702,0.6814209158771972,0.6814386518435697,0.6814740210457816,0.680996655876243,0.6812674658138395,0.6811412777101277,0.6811312793087986,0.6815695041216485,0.6817677577754696,0.6819186059503699,0.6822574934943044,0.6765969737952736,0.6765554137703166,0.6763150374748707,0.6745594988186507,0.6745562114186973,0.674524169624054,0.6745588155697804,0.6745410670505928,0.6744966001605117,0.6744893628608344,0.6745129106330747,0.6743526623096112,0.6743402829318521,0.6743541311314579,0.6748623232013404,0.6748880452897679,0.6748723132357105,0.6748875184528004,0.6748959395341954,0.674873979040959,0.6748328487524636,0.6748875418285706,0.6748744146241343,0.6748919385334426,0.6748834238596048,0.674817162641899,0.6748331968324573,0.6748628679293109,0.6748515656366298,0.674857804359303,0.6748566059486588,0.6748631434332284,0.675988132870389,0.676171656627213,0.6761695857234079,0.6761352169738502,0.6761369108889795,0.6762201554725477,0.6762132168294553,0.6762931515799732,0.67624751639991,0.6762748672486217,0.6762662705313888,0.6762716350591608,0.6762387967959372,0.6762276665469664,0.6762379181087121,0.6762365030185311,0.6762490621851889,0.6762549507095239,0.6720678039285263,0.671890557744315,0.6718917431179365,0.6718917567323734,0.6718900567198688,0.6718919984283424,0.6720139380360042,0.6720143171384619,0.6720171673719014,0.672016946153112,0.6720169265431628,0.6720048384462628,0.6720047975960509,0.6720042706670164,0.6720043198518754,0.6720041910450548,0.6720091115071997,0.672008862980342,0.6720113431307022,0.6720127175318714,0.6720138469217406,0.672014815692297,0.672015275588485,0.6720167570604229,0.6720142840551928,0.6720139892552282
147,0.715806621446671,0.7160414631969673,0.7153869810714351,0.7160314717120834,0.7111097562289227,0.7126891705928359,0.712264416905211,0.7123375196109336,0.7120581304903577,0.7098055055279469,0.7095227287080406,0.7095835645066269,0.7095450535160568,0.7095900906995013,0.709097708661313,0.7091378996761758,0.7091883821722492,0.7089564002005536,0.7090826470623239,0.7091297548600175,0.70913791226285,0.7092430931094187,0.7093269162164669,0.7093969205928531,0.709240676300129,0.7079189439006346,0.7079162444574504,0.70596940371744,0.7050967484901025,0.705091273797912,0.7049680099584847,0.7050356950804012,0.7049820254657803,0.7049541112907095,0.7049419056354822,0.7049898899907733,0.7047102024660407,0.7046865573289635,0.7047148743481062,0.7045517319400537,0.7050616600626702,0.7050356086875925,0.7050516751765902,0.705061889016223,0.7050334224514171,0.7049832513929029,0.7051233532169063,0.7051118607254415,0.7051333161371993,0.7051228548466362,0.7050356372638645,0.705061088537544,0.7050823530586512,0.7050685437663463,0.7050777845103451,0.7050760336831655,0.7050864656083069,0.7058041499366954,0.7064952303770191,0.706494246849301,0.7064776720974492,0.7064787930663173,0.7065496922548757,0.7065465383352615,0.7065854655277647,0.7065638174196534,0.7065765697985807,0.7065725927828204,0.7065941000550315,0.7065802088643414,0.7065746825549128,0.7065797655997351,0.7065790626448797,0.7065853584261372,0.7065882839107573,0.7041938885933021,0.7041501725953253,0.7041549259573534,0.704155004683163,0.7041495139791711,0.7041563759429103,0.7041613882778693,0.7041627555037547,0.7041762844073408,0.7041791973042897,0.7041791263881328,0.704121239764247,0.7041200584498716,0.7041169164363225,0.7041171948298798,0.7041168865448978,0.7041340487511837,0.704132369650357,0.7041460402757882,0.7041525552891048,0.7041587105369785,0.7041659466949025,0.7041689246096596,0.7041771938398411,0.7041656244603496,0.7041636509157255
148,0.7401589323816135,0.7407967242326984,0.7401717342514662,0.7505425612163251,0.7331248057633412,0.7429860591518715,0.741409101883623,0.7416553431675971,0.7406427477116728,0.7346815850968497,0.7341218352327884,0.733966493270276,0.7339369701985323,0.7340192649509398,0.7323740687002545,0.7324652359337868,0.7325930071314455,0.7323071733169872,0.7325061193370931,0.7327572405035366,0.7327844972838727,0.732782053252673,0.7329061914163499,0.7330275723929829,0.7323777826952369,0.7321922111664633,0.7321808133488044,0.7271844858995652,0.7271929558477888,0.7271898969446542,0.7270452946615565,0.727116553918872,0.7270392355520295,0.7270205318656906,0.7270129249491063,0.7270662827553457,0.7267474931657641,0.7267218048566585,0.7267520239655482,0.7265315644677781,0.72785815791242,0.727821514589726,0.7278375758416432,0.7278477446917851,0.7278180292993051,0.7277686970678683,0.72798295797995,0.727978069353821,0.7279997763374941,0.7279893499785179,0.7278981680507778,0.727931935992737,0.7279487150539996,0.7279353116121536,0.7279430874106787,0.7279386301032543,0.7279491865003042,0.728245362973858,0.7297386716541717,0.7297386714906204,0.7297386710816128,0.7297386709277079,0.7297386722037471,0.7297386719898444,0.7297386720857978,0.7297386721455449,0.7297386721781695,0.7297386719746071,0.7297386724263955,0.7297386721130267,0.7297386718855,0.7297386718251748,0.7297386716648687,0.7297386716380776,0.7297386715451508,0.7297386540098473,0.7297386628346203,0.7297386627449581,0.7297386625113024,0.7297386621086304,0.7297386620962872,0.7297386617090539,0.7297386615220304,0.7297386618318585,0.7297386617037764,0.7297386614700666,0.7297386594988396,0.7297386591422941,0.7297386587810469,0.7297386585377779,0.7297386585521086,0.7297386598702824,0.7297386595731443,0.7297386598470527,0.729738659894137,0.7297386599139118,0.7297386603867487,0.7297386602949516,0.7297386605231857,0.7297386599319553,0.7297386596309677
149,0.7601156964020751,0.7658859925909888,0.7646656567421147,0.7783184663688583,0.7553730709620993,0.781149900840009,0.7785097034554255,0.7788951224518934,0.7772862669519235,0.7683406938698777,0.767347967902417,0.7672127798242124,0.7671389343748635,0.7672836502162694,0.7633073935265005,0.7634468321094178,0.7636694377664217,0.7637991906893865,0.7641106280528954,0.7644187774041513,0.7644566606316541,0.7644102891136313,0.7645989794481743,0.7648022358288651,0.7637920487448184,0.7638154969195035,0.7637754420725517,0.7538453823749381,0.7541161491531859,0.7541196578194344,0.7540457261398383,0.7540794980295192,0.7539942866202546,0.7539869262401573,0.7539952582222341,0.7540238605359256,0.7537688092649619,0.7537565252005789,0.7537705472547344,0.7536410718615834,0.7556023584695587,0.755564159991592,0.7555743768321322,0.7555801770825142,0.7555675467424419,0.7555397222151534,0.7554870716557508,0.7554908968106289,0.75550100886731,0.7554962708783095,0.7554529410435237,0.7554796674195225,0.7554869540754632,0.7554808010871172,0.7554841473029463,0.7554818949780915,0.7554868033176152,0.7555212077906772,0.7560974087071188,0.7560981456651586,0.756098264937078,0.7560981758009553,0.7562631450700571,0.7562625366011444,0.7562615919555817,0.756341664950296,0.7563426805072329,0.7563424670486831,0.756360252637705,0.7563587018129421,0.756358078513445,0.7563585969804244,0.7563585457340931,0.7563596602555567,0.7563600965826329,0.7565282693930245,0.7567481577541066,0.7567497681792755,0.7567504451933889,0.7567486110045105,0.7567510183921395,0.7567478084311137,0.7567482763017805,0.7567616492995234,0.7567625503433041,0.7567625523337285,0.7567380912130202,0.7567272180009103,0.756727239798663,0.7567272440137802,0.7567423866003731,0.7568239908995745,0.7568239264951897,0.7568246345423995,0.7568259815598063,0.7568262759507062,0.7568354506928344,0.7568357152061457,0.7568364478722533,0.7568354060413756,0.7568351840339358
150,0.7792065212207079,0.7800051491460738,0.7781761374284186,0.7885182226931406,0.7670734507557047,0.7994901028451086,0.7966735139601338,0.797058122377183,0.7953941767088392,0.7857032588636037,0.7845999839506622,0.7845656013690534,0.7844607523847323,0.7846165181756876,0.7786930734283805,0.7788223135720937,0.779059532104823,0.7798475978160913,0.7801559583626829,0.780402102942799,0.7804372399451687,0.7803918308272442,0.7805752708387051,0.7807800865882718,0.7798763059769552,0.7798246483960634,0.7797785929200436,0.7707579528088649,0.770677115785783,0.7706795409618146,0.7705611000821083,0.7706142122894295,0.7705508849181486,0.7705445772117835,0.770550378835217,0.7705915373145017,0.7703434500223649,0.7703256242724346,0.7703467073668987,0.7702798072918913,0.7722594847356304,0.772203415631713,0.7722170067501305,0.7722280955092332,0.7722248232137572,0.7721716251871876,0.7712117211015788,0.7712111397485008,0.7712235218647816,0.7712175756710625,0.7711611681029916,0.7711877832616826,0.7711950248282294,0.7711874160278819,0.7711918935653631,0.771189248651597,0.7711952089348426,0.771190627283306,0.77144014342151,0.7714408200799692,0.7714267958429738,0.7714266942303635,0.771610526375431,0.771607235551186,0.7716013939586315,0.7716865632200279,0.7717005297605959,0.7716961848936318,0.7717017525858476,0.7716981340557988,0.7716923137223265,0.7716976193064939,0.7716969338169605,0.7717038269632055,0.7717067350396397,0.7718542892213892,0.7719808185864115,0.7719842210337905,0.7719859186222484,0.7719814356222662,0.771987158614676,0.7719886265277379,0.7719897546563781,0.772026729976343,0.7720289211775402,0.7720288873145191,0.771976759270456,0.7719529936423606,0.771952993610745,0.7719529936168006,0.7719529939103121,0.7719529959366119,0.7719529959463667,0.7719529961102117,0.7719529962190217,0.7719529963081819,0.7719529943944912,0.7719529944432002,0.7719529945502126,0.7719529944105562,0.7719529943982727
151,0.7930228237419389,0.7914292164013011,0.7890292447495325,0.7910732968296346,0.7802564470973883,0.819705874847785,0.8177152093823785,0.8179308213311993,0.8167926855707622,0.8080159847521993,0.8070600364331472,0.807276413531407,0.807076802927734,0.8071984525916149,0.7990070865173916,0.7990625326486893,0.799181775334158,0.8033802441211841,0.8035583913917781,0.8035839133508881,0.8035936184765128,0.8035481633821949,0.8036476884097737,0.8037793864797615,0.8032002083170154,0.8030961064909846,0.803064518355309,0.7982079677745516,0.7976255955219175,0.7976229790316898,0.7973899049153805,0.7974959215553639,0.7975123347013889,0.7975044186469433,0.7974374033331892,0.7975076427668376,0.797281067969794,0.7972475251998822,0.7972881113726429,0.7973098242841257,0.7976111267530555,0.7975097647602701,0.7975329843515773,0.7975520671237124,0.7976358967225933,0.7975455683015615,0.7935265051353673,0.7935151662011086,0.7935321326158956,0.7935239302072382,0.7934423621735169,0.7934862588208207,0.7934953188854766,0.7934845674506865,0.7934912536221629,0.7934874274087145,0.7934958306167837,0.7934867686852181,0.7935218371675289,0.7935287852853078,0.7934967286434526,0.793496786091861,0.7935826644718809,0.7935764292796366,0.7935656708561135,0.792756315590982,0.7927850644443895,0.7927760005993204,0.7927654745692555,0.7927595870787932,0.7927477862623554,0.7927586063199973,0.7927571367544065,0.7927704974042804,0.7927770514013279,0.792817103605287,0.7928238540483711,0.792829986128604,0.7928351316918995,0.792826817775876,0.7928372702864518,0.7928455327625085,0.7928475924155903,0.7929646251601183,0.7929685192351782,0.7929684271738516,0.7928799600080347,0.7928718853916713,0.7928679033740392,0.792868237579593,0.7928789397923863,0.793037322449581,0.7930353917713199,0.7930508180828628,0.7930576165908091,0.7930645208803058,0.7932077143896198,0.7932109165687828,0.7932197216179655,0.7932069648263501,0.7932049549215802
152,0.8065693750843074,0.7948583135336827,0.7931084975046067,0.7926721492431591,0.7883552019726248,0.8256460866558754,0.8243091712197559,0.8244092600953477,0.8236582760213994,0.8161741205590916,0.8153911467089756,0.8156728753565587,0.8154115507573627,0.8154941870893689,0.8072383424704552,0.8072533507968649,0.8071351169263397,0.8139553138649271,0.8141093028675304,0.8140594040670095,0.8140653782941093,0.8140220664298682,0.8141019787732149,0.8142425635457029,0.8138166197252452,0.8136401712863923,0.8136096489829928,0.8110842351953393,0.8102662147139148,0.8102684654958144,0.809969286276099,0.8101051976167218,0.8101427444744348,0.810133027285668,0.8099333840991679,0.8100185613395818,0.8097541213990523,0.8097127621607086,0.8097630656225441,0.809807148822806,0.8096757519852493,0.809565793778902,0.8095927905069383,0.8096147539772126,0.8097924225178629,0.8096880966987066,0.8050600410221633,0.8050370308781796,0.8050670540071753,0.8050524828961227,0.8049077333041361,0.8049551727236576,0.8049708999680777,0.804952020830782,0.8049638130455363,0.8049569415107092,0.8049717137454957,0.8049704252364772,0.804986320658526,0.8050097447724704,0.8049515515957222,0.8049517742506701,0.8050775500828865,0.805066251447981,0.8050469661125218,0.8022990010833715,0.8023328339831916,0.8023221663375525,0.8023027321909836,0.8022960032079902,0.8022822526875644,0.802294855603361,0.8022931379241618,0.8023086691548348,0.8023162342276847,0.8023218057686968,0.8023173979311967,0.8023244813195327,0.8023347627354989,0.8023249881981052,0.802337314007402,0.8023477828586566,0.8023502347838104,0.8025500696521635,0.8025547774670819,0.8025546629279049,0.8024494511311713,0.80244498237706,0.8024397080780096,0.8024401525088689,0.8024514523863595,0.8027230548750354,0.8027203343809656,0.8027422088074365,0.8027519480618083,0.802761777081821,0.8028629367640373,0.802867466566098,0.802879935463309,0.8028617657225584,0.8028590725024385
153,0.8230927572326011,0.7986936115047883,0.7971942449580229,0.794670844723932,0.7937368942726234,0.83018572400523,0.8294038967455429,0.8294051595137112,0.828986655410672,0.8229652649717748,0.8223814268728563,0.8226668621195827,0.8224100045149346,0.822456341979022,0.8156443680354019,0.8156430055491265,0.8153259746653863,0.8264765465928824,0.8266917830103878,0.8266004752970723,0.8266075401424918,0.8265577700811833,0.8266662928156618,0.8268778297709066,0.8264100304600871,0.8261006054155012,0.826056577911189,0.8242226590222297,0.8230825398905267,0.8230886366538126,0.8226881930251453,0.8228695906112734,0.8229208338664077,0.8229078787216182,0.8225837991219953,0.8226946098651674,0.8223475981814944,0.8222937750982467,0.8223594147581718,0.8224197825202985,0.8222150046432687,0.822083003618427,0.8221174110962212,0.822145610434557,0.8224205087233268,0.8222854494451086,0.8171760613742647,0.8171345071746681,0.817187647789784,0.8171618522853201,0.8169057562526636,0.8169719138675615,0.8169996657290833,0.8169663096051043,0.8169871953007135,0.8169750055694688,0.8170011518512856,0.8170040136264304,0.817027100337492,0.8170541386535359,0.816950407539685,0.81695090772054,0.8171042521622693,0.8170841038946407,0.8170496813059821,0.8110354445105401,0.8110813381317794,0.8110668324259922,0.8110377776997122,0.8110287524463574,0.8110101602938943,0.8110272262699718,0.8110248865989064,0.8110459106648266,0.8110559460558276,0.8110463690012892,0.8110401303690115,0.8110496655301032,0.8110604494228414,0.8110471204853962,0.8110639647919694,0.8110785713324531,0.8110819148047689,0.811314936533675,0.8113216861609631,0.8113215227278746,0.8111710056152912,0.8111668531174377,0.8111591796081947,0.8111598257472,0.8111654845908705,0.8113173517089186,0.8113133646811181,0.8113454371671812,0.8113598079568857,0.8113742516616481,0.8114156445913907,0.8114224689435305,0.8114411054933539,0.8114139619738269,0.8114099959347599
154,0.8540914250926848,0.816978909467145,0.8133763263785457,0.8051205467763294,0.8054099482478962,0.8330063673834767,0.8328425050921447,0.8327548947221075,0.832693514298958,0.8293242411953136,0.8290376925582296,0.8292620353274063,0.8290383358109942,0.8290326743007186,0.8246392835188985,0.8246192151216926,0.8240771966225529,0.838061783218674,0.8382713196659971,0.838175882633426,0.8381849431564935,0.8381460528834351,0.8382503909266906,0.8384874732055811,0.8381237240503336,0.8377836963335955,0.8377398926281057,0.8370510237314751,0.8359552781375658,0.8359710521322875,0.835592924068392,0.8357639701649328,0.8358099849528887,0.8357976908730316,0.835392785376272,0.8354918867992477,0.8351703283539101,0.8351214175604255,0.8351803052880187,0.8352347185209723,0.8350837719570364,0.8349465814861012,0.8349771973253065,0.8350023510742375,0.8353197948380106,0.8351951515755209,0.8323051336500034,0.8322563630863162,0.8323184340587506,0.8322884890978416,0.831986943035635,0.8320718140175809,0.8321045811687161,0.8320652612991897,0.8320900394714175,0.8320756856911696,0.8321066697658623,0.8321104273390282,0.832139606861757,0.8321453795935627,0.8320214185174456,0.8320222807741228,0.8321446437184065,0.8321205321487184,0.832079098951125,0.8180186947993637,0.8180186972036688,0.8180186985856387,0.8180186996652559,0.818018701118407,0.8180187023631365,0.8180187042763912,0.8180187059353259,0.8180187079625806,0.8180187098187407,0.8180187107038214,0.8180187120570412,0.8180187138488111,0.8180187143041311,0.8180187155467883,0.8180187175073959,0.8180187193343279,0.8180187209778735,0.8180186795095364,0.8180186807933376,0.8180186819412611,0.8180186773137167,0.8180186783354816,0.8180186792281642,0.818018680336025,0.8180186814815227,0.8180186816447427,0.8180186826195921,0.8180186846053522,0.8180186861072984,0.8180186875390989,0.8180186892933684,0.8180186905451776,0.8180186915669527,0.8180186914552753,0.8180186924631782
155,0.8692542885517474,0.813283153917613,0.8098224819022796,0.8019822787443381,0.8022519599537733,0.8350955215497112,0.8350540260918797,0.8349128485285388,0.8350096545041659,0.8327983597379727,0.832674141420202,0.8328296059040233,0.8328013929855664,0.8327788019817017,0.829165290936206,0.8291181730619227,0.8288972305908114,0.8490739432095779,0.849220642994028,0.8491537590398653,0.8491588433384722,0.849129527733411,0.8492022900884199,0.849367136451916,0.8490860179299251,0.8488490452381096,0.848817796317896,0.8481903067713122,0.8473532610564316,0.8473610912475309,0.8470614013491093,0.8471974810683643,0.8472355002374936,0.8472258355746798,0.8469801905307964,0.8470608540252976,0.8467790958941883,0.8467390341784654,0.8467876177830738,0.8468319159477637,0.846713443304418,0.8466074956517332,0.84663426489887,0.8466546674875399,0.8469973121742984,0.84689965607489,0.8441966829507349,0.8441575098874425,0.8442074203711797,0.8441833698075155,0.8439408490625031,0.8440084236257555,0.8440348376549417,0.8440030809007851,0.8440231072191509,0.8440115411405562,0.8440365736173163,0.8440394812811188,0.8440632005148783,0.8441012582520641,0.8440014108367339,0.8440021601064203,0.8441103380811504,0.8440908471690023,0.8440573851753079,0.8349237639900431,0.83492142981875,0.8349223310704512,0.8349233776970029,0.8349239254673501,0.8349247744791946,0.8349238648545863,0.8349239537229737,0.8349229505595805,0.8349225534217429,0.8349229882841024,0.8349224020284184,0.8349216253561551,0.8349354143396808,0.8349362407576028,0.8349353605983915,0.8349345296516003,0.8349345583143156,0.8319467819165711,0.8319511097134914,0.8319510157274409,0.8318350890817148,0.8318327923128682,0.8318276428044967,0.8318280678956393,0.8318266766050137,0.8316247079289735,0.8316214463654862,0.8316481807557845,0.831660063399171,0.8316718380004267,0.8316906498705302,0.8316965955503692,0.8317124939497803,0.8316878914705094,0.8316846084113784
156,0.8675579079003388,0.8242573177717757,0.8209945178616357,0.8129382885944783,0.8123812982965741,0.8344947177941984,0.8346273779268221,0.8345114222303635,0.834761885130931,0.8351814269971645,0.8353126100495509,0.8353500002894487,0.8355063427963265,0.8354517815264858,0.8337526265838887,0.833683354516794,0.8337036356482309,0.8500926741340646,0.8500033476249026,0.850015518183633,0.8500247968447293,0.8500570239453074,0.8500130423197482,0.8499953689733746,0.8501187090206218,0.8502572446223333,0.8502737927632893,0.8504247308054148,0.8507618790791269,0.8507868983012631,0.8508742059421692,0.8508358164427877,0.8508242323491801,0.8508266523947755,0.8507473233255058,0.8507169737141453,0.8507570422648661,0.8507702275864163,0.8507525212863586,0.8507378539506539,0.8506315770439334,0.8506017435246541,0.8505985200975797,0.8505907154980852,0.8507108578867076,0.8507459443923613,0.8500481866839183,0.8500565223810178,0.8500451571213754,0.8500500535377651,0.8501113023757715,0.8501181720080884,0.8501124923437292,0.8501184312150067,0.8501138414948878,0.850116047369751,0.8501103758602961,0.8501079304346421,0.8500989959359858,0.8502660408717834,0.8502862117475168,0.8502848944893491,0.8503860051661869,0.8503896216625035,0.8503973370526461,0.8458920149762654,0.8458259942850018,0.8458469161936151,0.8458927779259747,0.8459049713005067,0.8459317763424712,0.8459067985955068,0.8459105098552341,0.845880487848928,0.8458656076312661,0.8458859005525049,0.8458862892294251,0.8458746213955848,0.8459109149665514,0.8459290146731654,0.84590480389754,0.8458834636922434,0.8458786985762156,0.8351823417394562,0.8351823430547297,0.8351823445552026,0.8351823475038211,0.8351823491198979,0.8351823507996341,0.8351823523061357,0.8351823539497406,0.8351823572853733,0.8351823589142462,0.835182359711609,0.8351823609115709,0.8351823620035034,0.8351823635275838,0.8351823647995769,0.835182364977327,0.8351823667440113,0.8351823683946308
157,0.4627169229505171,0.4627168816579094,0.46271688528841237,0.4627168917918932,0.4627169136786224,0.46271691005796717,0.46271691277503474,0.46271691610219895,0.4627169259999018,0.46271691604265774,0.4627169185957747,0.4627169214761677,0.4627169241344641,0.46271692704431755,0.46271692989586255,0.4627169327000129,0.4627169355540935,0.4627169366840179,0.4627169355789596,0.46271693823449894,0.4627169408454064,0.4627168584134986,0.46271685807030905,0.46271685752495295,0.4627168570309281,0.4627168579697868,0.4627168581982019,0.46271685849664884,0.46271686221951086,0.46271686218528124,0.46271686139774887,0.46271686082995117,0.46271686057456013,0.4627168638596372,0.4627168639680777,0.462716863548876,0.46271686440349385,0.46271686463121436,0.46271686435797255,0.4627168639756529,0.46271686360489234,0.4627168637622281,0.4627168605059957,0.46271686031137904,0.46271686055381245,0.4627168610640166,0.4627168610802796,0.4627168612225094,0.46271686089594993,0.46271686096111336,0.46271686264296025,0.46271686234124243,0.4627168553518582,0.46271685539964225,0.46271685509853594,0.4627168550070169,0.46271685438855814,0.46271685390044587,0.4627168535826098,0.4627168534382294,0.46271685391401385,0.46271686565790804,0.46271686550041474,0.46271686560237224,0.4627168664829188,0.46271686727881595,0.4627168668223091,0.462716866987769,0.46271686735564105,0.4627168674336625,0.46271686770385095,0.46271686755196345,0.46271686783183175,0.4627168676346905,0.46271686752791025,0.46271686774296633,0.46271686776427723,0.4627168676947369,0.46271686773969417,0.4627168680430976,0.46271686787954613,0.4627168676341243,0.462716867586287,0.4627168672142844,0.4627168671256215,0.4627168671675251,0.4627168688777556,0.462716868968598,0.46271686913487653,0.4627168684573181,0.4627168685090994,0.4627168682484602,0.4627168684128034,0.4627168577195949,0.46271685753336245,0.46271685731200835,0.46271685716834726,0.46271685704438875,0.46271685684736236,0.4627168571006837,0.46271685706373555
158,0.48695207787283995,0.4902234036180687,0.4899668322253773,0.4894073106051239,0.48947163907249863,0.48881252789780766,0.4883663743060835,0.4884866399198468,0.4898754690440351,0.4876919005543473,0.48741400366125975,0.4875090639558115,0.4874464282712004,0.4875054061312911,0.48752802649230415,0.48749955444955967,0.4875239749959909,0.4873774744599313,0.48691115750983177,0.48689103380466053,0.4868945489587133,0.4839271351503922,0.48394038396639966,0.4839656170949697,0.48366027248218946,0.48368429209917396,0.48372603370960693,0.4837243306730441,0.48404869788752003,0.48405811430004003,0.48349524086579654,0.4834461200194191,0.4834375576220131,0.48452491940961595,0.4845407184735029,0.48451048369555205,0.4845889978636758,0.48460553176432764,0.48458682804198133,0.4845491565594563,0.48452521818239436,0.4845418969463482,0.48503072338198877,0.48502570080465207,0.48504510406825013,0.48508006613278515,0.48508545149785065,0.4850986672447309,0.48508958560519877,0.4850983157652839,0.4851905209523557,0.48518189867075423,0.48392907918595823,0.4839411329432642,0.4839367677617173,0.48394199117011943,0.483918578975701,0.48388237433690573,0.4838724110672755,0.4838760288398165,0.4839106460177737,0.4850322805418962,0.4850264079687433,0.4850311042381512,0.4851000262505895,0.48512338175116787,0.48510954705183507,0.4851148334219796,0.4851231215853957,0.4851259494360945,0.48513153893115474,0.4851263694658124,0.4851285428557961,0.48512220285321783,0.4851200038507182,0.48512389647258836,0.48512491303109806,0.4851217215398659,0.48512162971135914,0.48512495060649025,0.4851198982467784,0.4851086383197868,0.4851086159618181,0.48509912709623076,0.4850976659027527,0.48509772613484126,0.4851343090523138,0.48513577914573547,0.4851381294076339,0.4850985694051391,0.4851006621877596,0.4850941088256464,0.485094468933558,0.4850770395566294,0.48507247241640966,0.4850689471105535,0.4850678863209313,0.48506561686888444,0.48505906253165826,0.4850667802457368,0.48506892904997406
159,0.5006015952034607,0.5096536136949321,0.5085337942623543,0.5058667016315533,0.5069899467672028,0.5060748892183436,0.5054967757705995,0.5056412135740973,0.5082525077348405,0.5052805067886945,0.50488457962887,0.5050269728478864,0.5049411282085342,0.505016858969361,0.5050515438369041,0.5049671002386007,0.5049939509312362,0.5048309154685268,0.5039882134123131,0.5039609441394675,0.5039646532961508,0.5021453959138942,0.5021724724471941,0.5022158406358285,0.5017338502432239,0.5016893644830271,0.5017487756023525,0.5017291215168957,0.5021638610921844,0.5021740153501889,0.5016194887268982,0.5015708769438827,0.5015628542417359,0.5032506691072304,0.5032656218206353,0.5032374227323329,0.5033109532488398,0.5033252041094303,0.5033075421624801,0.503253318503622,0.5032308662619183,0.5032465683111761,0.5036370582606949,0.503632500876037,0.5036503804522418,0.503682530982411,0.503687589371627,0.5036998667249103,0.5036943512504427,0.5037024849564897,0.5037838961480379,0.5037760721961844,0.501148328855379,0.5011595462897945,0.5011553230119576,0.5011599969134912,0.5011272396461933,0.5010958149912442,0.5010864408139075,0.5010894771862049,0.5011219552282956,0.5018132105486485,0.5018081073428775,0.501812073340432,0.5018838859502525,0.5019034362241022,0.5018917938165571,0.5018961774378999,0.501903152690955,0.5019031904935051,0.5019078813321672,0.5019035337420936,0.5019052749426991,0.501899963070246,0.501898073090951,0.5019017899022234,0.5019025159190381,0.5018998427969422,0.5018997609784995,0.501902599551978,0.5018983556671736,0.5018873232815513,0.5018872470211386,0.5018793298341856,0.5018780260306065,0.5018780755051199,0.5019084483356576,0.5019096709187975,0.5019116663422404,0.5018534468410254,0.5018552604776378,0.501849708927004,0.5018497066525597,0.5018572172658295,0.5018531304204089,0.5018499691176067,0.5018489449805692,0.5018469167274425,0.5018410715317166,0.5018476570391274,0.5018495192173976
160,0.5127672801722872,0.5264093258163834,0.5243750725038475,0.519634862459208,0.5222165546601577,0.5211154987520635,0.5204445230031604,0.5206051592855685,0.5241649701918712,0.5206522009252108,0.5201538855406476,0.5203402322280489,0.520235022390552,0.5203245277987705,0.5203718937420586,0.5202256726090422,0.5202529298559151,0.5200876581347966,0.5190611838202003,0.5190296178685175,0.5190330319278518,0.5179101406689884,0.5179490063467731,0.518006461794627,0.5174064339862736,0.5172666145236521,0.5173326171051678,0.5172959947196192,0.5177580193959911,0.5177676526061681,0.5172725430717597,0.5172359042023877,0.5172310768082455,0.5192260022532832,0.5192363516849676,0.5192204314176503,0.5192659051410866,0.5192724912430599,0.5192623528504752,0.5191997452300996,0.5191866439328423,0.519197084725849,0.5194874682942033,0.5194854660227138,0.5194962195121574,0.5195151322786852,0.5195185130949382,0.5195262563783345,0.5195285688629931,0.5195338893291093,0.5195847646400237,0.5195815636867547,0.51550521845402,0.5155122909548443,0.5155099363199765,0.5155129159277205,0.5154827916441269,0.5154646746407848,0.5154586564483644,0.5154605795837134,0.5154808943171221,0.5157512996142234,0.5157479285329029,0.5157506229128477,0.5157510552964191,0.5157627755843764,0.5157558609543488,0.5157585598406682,0.515762663720808,0.5157563144425701,0.5157590795505033,0.5157565108198024,0.5157573528247803,0.5157542058462639,0.5157531650409242,0.5157569772950246,0.5157573067123721,0.5157556688249846,0.5157556200686478,0.5157570872032593,0.5157545453668168,0.5157523401312091,0.5157523669860198,0.515747399703012,0.51574660490865,0.5157466373346938,0.5157654675338159,0.5157662642864416,0.5157675190998868,0.5157242161069717,0.5157254475161053,0.515722039516079,0.5157221802901214,0.5157305576316922,0.5157280041663471,0.5157261808157501,0.5157256428391396,0.5157243749803294,0.5157206663225702,0.515724265265423,0.5157254978857909
161,0.5450044280332125,0.5588963674256172,0.5566328110413454,0.5521615752255848,0.5579437296663674,0.5564591317411325,0.5554675552864266,0.555703583654771,0.5591457697212944,0.5547694782677018,0.5539996439636082,0.554314595189123,0.5541463633191759,0.554277668540108,0.5543669222901276,0.554069091749835,0.5540984070936495,0.55389274599156,0.5534348013050999,0.5533948274141683,0.553395135804255,0.5527850960601302,0.5528633978814546,0.5529400097579016,0.5521362230353234,0.5511815045839666,0.5512987945234928,0.5512258662475271,0.5516763855040996,0.5516804067428092,0.5512726929585037,0.5512830806274707,0.5512869629992392,0.5533687458756127,0.5533666554904996,0.5533791185571934,0.5533549735161511,0.55334656891205,0.5533543306324129,0.553385492342758,0.5533913692211863,0.5533887176322102,0.5534838154842082,0.5534869472306768,0.5534817775593367,0.5534708969567163,0.5534696572235048,0.5534665765632978,0.5534810758866102,0.5534794608207398,0.5534957955580828,0.5535028029395223,0.5510833376881957,0.5510743465353023,0.5510793349808913,0.5510768473278888,0.5510772546621043,0.5511121878666672,0.5511179633406219,0.5511165706324366,0.5510871714557106,0.5509050842691083,0.5509136958486882,0.5509084675201353,0.5500018098715824,0.5499725224735056,0.5499907979419975,0.5499853314919193,0.5499738541518162,0.5499286870649768,0.5499213786454459,0.5499281005390066,0.5499271356708562,0.5499353623130906,0.5499394798347397,0.5499568609350026,0.549954101427859,0.5499580150196403,0.5499581243739774,0.5499523362564089,0.5499586874355341,0.5500958686593592,0.5500971517346315,0.5501066092108339,0.550108685624482,0.5501086434364303,0.5500682228887507,0.5500672654972513,0.5500650182217239,0.5500709886449453,0.5500703403971463,0.5500763716841965,0.5500807335604723,0.5500957425790797,0.5501000989756438,0.55010497045325,0.5501074379490226,0.550109616111329,0.550115330665398,0.5501076666037406,0.5501065930537649
162,0.5619560332212953,0.5626158147220576,0.562096930063484,0.5625154299726824,0.5730499314587882,0.5714665122335472,0.5704702438592044,0.5707082089359281,0.5737952374094039,0.569694943714529,0.5688474701384143,0.5692174752846921,0.5690301300553083,0.5691699397846313,0.5692819565136644,0.5689249926504902,0.5689506675736958,0.5687405392255053,0.5685417816181262,0.5684983576770752,0.5684969248278501,0.5683171859467699,0.5684141839963913,0.5684884094082142,0.567746874395665,0.5659602924499924,0.5660817677931215,0.5660183546854863,0.5664178198306593,0.5664195261495422,0.566157645880221,0.5661813603070998,0.5661854780236669,0.5677648903154431,0.5677613538773488,0.5677758609477201,0.5677444730803188,0.5677353514012944,0.5677444913551813,0.5679281482609945,0.5679327179494231,0.5679289471390384,0.5679917691560148,0.5679950020628689,0.5679889775273279,0.5679762413571222,0.5679742429102501,0.5679702721933999,0.5679857940586832,0.5679835422413164,0.56801346305006,0.5680212003176979,0.5665411992011439,0.5665306316834302,0.5665359481971499,0.5665333241440035,0.566514318112549,0.5665911332471643,0.5665963055587944,0.566594490450462,0.5665587923816525,0.5663734483170051,0.5663841102863029,0.5663772175691929,0.5648220218310228,0.5647948187960563,0.5648118016848998,0.5648067089116682,0.564795945511572,0.5647829473770202,0.5647759375298349,0.564782383558145,0.5647815317031164,0.5647894194039371,0.5647933291333703,0.5648317349429788,0.5648259168304172,0.5648296672607087,0.5648297677404746,0.5648242987393909,0.5648302946607253,0.5651909064218406,0.5651918865696627,0.5651987313325221,0.5652001797619256,0.5652001490287188,0.5651707155489024,0.5651700404717717,0.5651684107996221,0.5651745537571693,0.5651741390367591,0.5651785141532154,0.5651834768211574,0.565194227521578,0.5651973829036578,0.5652009378499978,0.5652027995107429,0.565204366929035,0.5652084717801894,0.5652032194183494,0.5652024816022061
163,0.591183109932214,0.5926741874884363,0.5929837107160231,0.5948627873458344,0.6072947558632148,0.6053278487060014,0.6041925502036285,0.6044595293284101,0.6067032105282257,0.6034794645316518,0.6024091464934247,0.6029246250926185,0.6026791302818473,0.6028440599876836,0.6030168636332791,0.6026399490525585,0.6026705256020324,0.6023307361490772,0.6025387828398932,0.602461845853111,0.6024553274007803,0.6029555911225194,0.60313224935729,0.603245217256489,0.6028515330427476,0.5981603034381265,0.5980133692080616,0.5980344862158191,0.5985807173293258,0.5985819111001374,0.5985945230751155,0.5986065323158467,0.5986003906676274,0.5991752448261907,0.5991757118503865,0.5991771527426828,0.5991737855236139,0.5991702084441525,0.5991709322074714,0.6002850150064551,0.6002714865298224,0.600272294540447,0.6002945328446233,0.6002944805173076,0.600296313970488,0.6002980073025522,0.6002965288905281,0.6002971080458435,0.600309198995162,0.6003097032823276,0.6003644086092697,0.6003661755126453,0.6000729536414828,0.6000682569751095,0.6000649123760934,0.6000660862885244,0.6000176358390935,0.6000285513477812,0.6000238410075415,0.6000228089172426,0.6000022411363873,0.5998834118327393,0.5998893876039401,0.5998830464212336,0.5982840220905316,0.5982813355992439,0.5982832411161431,0.5982829024849595,0.5982826633736423,0.5986205252391785,0.5986168468290236,0.5986202151902721,0.5986197243525226,0.5986238548152606,0.5986258976033381,0.5987664411044438,0.5987402378789516,0.5987424425242689,0.5987424869373595,0.5987392277444854,0.5987424865557566,0.6007600903590938,0.6007601738604488,0.6007597418241911,0.6007592569771605,0.6007592578287834,0.6007603308924024,0.600760429888322,0.6007605430507355,0.600762463109305,0.6007626440975425,0.6007623639889754,0.6007659118217143,0.6007662694384907,0.6007660291138415,0.6007659373901844,0.6007660118297026,0.6007658718721923,0.6007654731308573,0.6007656253206759,0.6007657747591969
164,0.6159844933088116,0.6228940720123511,0.6229005457051136,0.6215854603886902,0.6279262297265154,0.6256910635798433,0.6245504193819923,0.6248180081783693,0.6261676309873462,0.6238656934446254,0.6227234512205571,0.6232881033277834,0.6230160994091747,0.6231879337638586,0.6233984809406479,0.6231424217327565,0.6231844538294268,0.6226866274488416,0.6230375771366162,0.6229251796252574,0.6229152243687652,0.6236402107914708,0.6239028979264277,0.6240687501381865,0.6238717190179106,0.616319015904139,0.6159995141842621,0.6161029796200387,0.6170153468839683,0.6170180675828865,0.6171078689762172,0.6171004433768754,0.6170956849760442,0.6173614250020663,0.6173665416315745,0.6173553283781799,0.6173818796830647,0.6173833053175497,0.6173757756464288,0.6194513920841903,0.6194223718115494,0.6194264349970856,0.6194389154770693,0.6194369226055148,0.6194436501900374,0.6194545100932309,0.6194537080980755,0.6194573077396471,0.619464676749897,0.6194670859072813,0.6195298672496384,0.6195278349376991,0.6194944969506467,0.6194945197785648,0.6194861254797278,0.619490018746492,0.6194555207449455,0.6193273458334053,0.6193149786919278,0.6193148749987722,0.6193104256114945,0.6192344610346286,0.6192361007859334,0.6192321211709475,0.6181489968308056,0.6181546386519648,0.618151404738144,0.6181527032947759,0.6181568604484577,0.6186031594865375,0.6186006434746604,0.6186029374928333,0.6186026533630259,0.6186054973532087,0.6186069197720077,0.6187619325135447,0.6187193023054367,0.6187209983915073,0.618721022432004,0.6187185591670216,0.6187208418824431,0.6228720872870637,0.6228720867258701,0.6228720862974565,0.6228720857095972,0.622872085127451,0.6228720852395818,0.6228720846534958,0.6228720840736112,0.6228720835134729,0.6228720829218439,0.6228720825187908,0.6228720820131529,0.622872081483104,0.6228720809263123,0.6228720804102922,0.6228720798831185,0.6228720793467871,0.6228720791250073,0.6228720787113198,0.6228720781254767
165,0.6439657484375727,0.663872236719168,0.6631551461514694,0.6561543541389253,0.6538311313560092,0.6513254909282181,0.6504182554105312,0.6506346742301002,0.6511215393316448,0.6500116126963554,0.6489702467153763,0.6494790583185202,0.6492227229100043,0.6493764974572402,0.6496152483081433,0.6495053994447206,0.6495516733900462,0.6489698073774116,0.6493556842908765,0.6492300113286474,0.6492194952436734,0.6499346721807697,0.6502567775774359,0.6504473272666379,0.6504793465887668,0.6412771717678116,0.6410083851253271,0.6412000148878115,0.6421836932380137,0.6421867217116137,0.6422741296802834,0.642257272043718,0.6422836232191292,0.642317855903741,0.6423244521343416,0.6423091328890742,0.6423373688858103,0.6423408020854915,0.6423302173437804,0.6452543773122046,0.6452082129649475,0.6452078412667674,0.6452151012295925,0.6452156085335246,0.645215308555109,0.6452135493270955,0.6452155888392666,0.6452152149743614,0.6452208828298654,0.6452205702475886,0.6452399713237458,0.6452413918511252,0.6452725030043788,0.6452711628500885,0.6452651068885605,0.6452661780081685,0.6452521066984103,0.6450713334546259,0.6450649110179335,0.6450645658632663,0.6450579000806889,0.645035955997339,0.6450470033084128,0.6450437929546264,0.6447638180293811,0.6447530550760497,0.6447596955656393,0.6447577620681127,0.6447582875995692,0.6449225399754746,0.6449183087545707,0.644922188535556,0.644921707241898,0.6449265846158098,0.6449288716595429,0.6445175313956711,0.6444835494481378,0.6444838534543095,0.6444838448312858,0.6444827216533872,0.6444830696061855,0.6460480432298739,0.6460474012849617,0.6460396680420956,0.6460367221614275,0.6460367567992145,0.6460692566956427,0.6460703074088783,0.6460723114336736,0.6460720788505033,0.6460733229644224,0.6460683964827956,0.6460699283106787,0.6460615115270352,0.6460582055985872,0.6460544942487074,0.6460525989951591,0.6460506265293847,0.6460455227839714,0.6460520151224443,0.6460532285048272
166,0.679431035768155,0.6972074634119285,0.6960780854463305,0.6886353004100008,0.6813234823370052,0.67928600833527,0.6787696732254832,0.678890368922669,0.6789207651667839,0.678153082717828,0.6775824186139349,0.6777559170017475,0.6776292954573905,0.6777088480116986,0.6778778873952328,0.6778439637047214,0.677873005988286,0.6775228392902801,0.6777402675616884,0.6777155615785665,0.6777155913546931,0.678079544542218,0.678302768611518,0.6784058907944037,0.678393683264878,0.6738505296673959,0.6736945690517685,0.673936364984219,0.674371329161871,0.674372846596797,0.6744184306488304,0.6744159103827131,0.6745398242868542,0.6745178330133776,0.6745204666341841,0.6745163535781692,0.674514966112343,0.674513010605707,0.6745086182940809,0.6774802364676032,0.6774135818232848,0.6774101491557589,0.6774167892276587,0.6774191348396257,0.6774143554677393,0.6774043458994543,0.6774078972008135,0.6774073885022105,0.6774129741744581,0.6774108865459508,0.677400543733706,0.6774048927894232,0.6774238093280078,0.6774221459541038,0.6774105585316795,0.6773958300297771,0.6773907351023278,0.6773904274128303,0.6773789837410398,0.6773781200853268,0.6773640396253799,0.6773621230988405,0.6773802200416914,0.6773738871055577,0.6773758037045017,0.67735573917707,0.6773679542399824,0.6773641755059119,0.6773622361953915,0.6773045637372181,0.6772995965595121,0.6773041509178476,0.67730358837398,0.6773097433109416,0.6773124111466192,0.6766385339866223,0.67691841863653,0.6769163801511051,0.6769163083485322,0.676918409072456,0.6769149932202152,0.6772752203749267,0.6772742572697079,0.6772630966165729,0.6772543568271372,0.6772544227838108,0.6773018891005325,0.6773034387976398,0.6773063564741186,0.677306103682523,0.6773087010720537,0.6773014091439942,0.6773029949598529,0.6772906965368992,0.6772868624802942,0.6772814641772229,0.6772780252124941,0.6772751746075485,0.6772677776710893,0.6772776531097207,0.6772793906794483
167,0.6983923029514227,0.698392258751482,0.6983922640889189,0.6983922590942997,0.6983921928401393,0.6983921917031205,0.6983921896344519,0.6983921928537881,0.6983921921894545,0.6983921756180205,0.6983921741685173,0.6983921738602082,0.6983921743993499,0.698392175697769,0.6983921742199241,0.6983921752543872,0.6983921765318568,0.6983921740494609,0.6983921761561815,0.6983921785419939,0.6983921794858249,0.6983921787772196,0.6983921806319693,0.6983921820506019,0.6983921786785813,0.6983921622836822,0.698392162227837,0.6983921550002729,0.6983921540964783,0.6983921540115327,0.6983921534535867,0.6983921537320654,0.698392154468574,0.6983921541433197,0.6983921540225402,0.6983921542594439,0.6983921526644794,0.6983921524072311,0.6983921524787537,0.6983921645152431,0.6983921697941593,0.698392169865001,0.6983921697931079,0.6983921701089527,0.6983921701798054,0.6983921701509475,0.6983921712268955,0.6983921715418923,0.6983921719567128,0.6983921721659829,0.6983921718951837,0.6983921723864708,0.6983921728327033,0.6983921730268913,0.6983921731663426,0.6983921731493545,0.6983921734367184,0.6983921769597414,0.6983921821052668,0.6983921824130296,0.6983921825083264,0.6983921828644921,0.698392183908838,0.6983921841400172,0.6983921851396703,0.6983921851549507,0.6983921857385154,0.6983921860591155,0.6983921865173173,0.6983921858772957,0.6983921861497837,0.6983921865981207,0.6983921869771393,0.6983921874809211,0.6983921879120718,0.6983921672680953,0.6983921945238899,0.6983921949669004,0.6983921954094887,0.69839219581949,0.6983921962658515,0.6983921981508556,0.6983921985968886,0.6983921989408397,0.6983921992743473,0.698392199731618,0.6983921996117205,0.6983922000777999,0.6983922005372685,0.6983922009890341,0.6983922015920919,0.6983922019807969,0.6983922024410029,0.6983922028499415,0.6983922033555676,0.6983922037597996,0.6983922043705101,0.6983922047869042,0.6983922049500675,0.6983922052922077,0.6983922057627084
168,0.7450998355111365,0.7424088619940901,0.7418272326585181,0.7570712304057314,0.7329930260315585,0.7396442846577364,0.7376294429899714,0.7379410813930055,0.7366437727313452,0.7309240538076315,0.7303613155165449,0.7296584642678835,0.729673208236112,0.7297499144216438,0.7282874825887811,0.7283778431277554,0.7285164892075385,0.7280352740482738,0.7282261414513747,0.72879875505247,0.7288405112010738,0.7288174790563138,0.7289247367262175,0.7290219338676412,0.7285802244191746,0.7288020601178353,0.7288083125502323,0.7261985860233271,0.72638552647796,0.7263875701851317,0.7263050678572325,0.7263446348234626,0.726318177487537,0.7263082207076066,0.7263059323201789,0.7263419248237987,0.7261575130562281,0.7261415269345658,0.7261582844564861,0.726148529476872,0.7279144039885634,0.7278876634247384,0.7278965947186787,0.7278995661107623,0.7278911333284547,0.7278794406640581,0.7279850896838589,0.7280026146523914,0.728009166927265,0.7280065527318514,0.7279844519067251,0.7280083979218553,0.728013214097542,0.7280114546670035,0.7280056147514822,0.7279914111448027,0.7279936454741579,0.7280092910177584,0.7285800639483141,0.7285799118279747,0.7285803434861811,0.7285806273151093,0.7286185820834662,0.7286129816706534,0.7286167188542247,0.7286326165882602,0.7286327564261795,0.7286328493335753,0.7286343805728098,0.728616802020376,0.728616571176158,0.728616691424707,0.7286167293294887,0.7286195615922845,0.7286196935513246,0.7288769437548474,0.7315080742523165,0.7315114099338147,0.7315114534279535,0.731507096723913,0.7315126193923456,0.7314952203271818,0.7314962666050414,0.7315083430109729,0.7315104586250937,0.7315104701831375,0.7314619815483475,0.7314597520911045,0.7314571063899431,0.7314573396693498,0.7314728601071506,0.7314905742486085,0.7314891720987498,0.7315005445660083,0.7315116827905407,0.7315168059855955,0.7315577170315912,0.731560030915618,0.7315668180276846,0.7315575517812554,0.7315560896118385
169,0.761405241045792,0.7654342685911898,0.7646095204898361,0.7841767359466904,0.7547592909637171,0.770150880300597,0.7671291544502657,0.7675745077798851,0.7657262830675305,0.7570398983313777,0.7560954904565756,0.7553672510955568,0.7553818785175878,0.7555109860263852,0.7522581320643765,0.7523907376236888,0.7526123623704671,0.7519543589482708,0.7522525913953578,0.7529618437855865,0.7530197260348175,0.7529897001641379,0.7531720000979268,0.7533407571101489,0.7526641717191964,0.7527840378547916,0.7527612434718779,0.7477712219416024,0.7480045742801227,0.7480129219024941,0.7479181663937514,0.747960783202835,0.747813649967371,0.7478046073212233,0.7478080453763012,0.7478484173131716,0.74760170069314,0.7475850074350334,0.7476035491798453,0.7474675757936698,0.7513567645062854,0.7513152750096812,0.7513242054614364,0.7513270185012628,0.7513185169588297,0.7513066789732005,0.7513959314391029,0.7514148519853682,0.751420001551865,0.7514179398318447,0.7513997129804435,0.7514313289952177,0.7514356258438738,0.7514335168524442,0.7514318778946225,0.7514261222333254,0.7514282250995757,0.7514359866477632,0.7520317648243513,0.7520322276151027,0.7520391155283187,0.7520391970597743,0.752126816229101,0.7521250410463627,0.7521261805538517,0.7521922274452433,0.7521886168884091,0.7521899337879787,0.752196972496774,0.7521897712753377,0.7521910343968576,0.7521897664168485,0.7521899744617534,0.752190713982954,0.7521902782084702,0.7525180275848616,0.7540168957681629,0.754017775813004,0.754017991391701,0.754016955537132,0.7540184258963233,0.7540075537663843,0.7540077719826316,0.754014556180419,0.7540155302312191,0.7540156001719801,0.7539985134223737,0.7539936156364829,0.753993241705721,0.7539932798293968,0.7540313944518146,0.754066634066192,0.7540664380562544,0.7540683608667407,0.7540752965828079,0.7540761430074544,0.754107482702223,0.7541080187114111,0.7541098750416625,0.7541073634453833,0.7541070001338228
170,0.7769746115562925,0.7787976667354197,0.7775415098285506,0.7947096572478827,0.7662679726816372,0.7861990144869434,0.7829537304891875,0.7834096549619285,0.7814885586645096,0.7720847448123058,0.771015717825939,0.7704085276179368,0.7704202476162184,0.7705640073450727,0.7659118492526916,0.7660442301291092,0.7662752600016247,0.7655980131946635,0.765907674687259,0.7665611780923977,0.7666237962350605,0.7665965040143309,0.7667883518961769,0.7669702993946554,0.7663060307277475,0.7663408394581545,0.7663071639655836,0.7610727057123333,0.7612211179493551,0.761233520856743,0.7611438208328883,0.7611835072043757,0.7610161102864524,0.7610090802462827,0.7610131096124126,0.7610518442012707,0.7608164129338834,0.7608011450369796,0.7608191485717959,0.760687784351772,0.7658726985509292,0.7658374598492449,0.7658456787861172,0.7658501425101563,0.7658407378909767,0.7658197925013295,0.7658024746327874,0.7658154398712483,0.7658220248133701,0.765819066385779,0.7657911571911198,0.7658105327598042,0.7658151321445525,0.7658113414061155,0.7658124818439024,0.7658094220663884,0.7658125757243045,0.7658075705193005,0.7661643153256856,0.7661654720479845,0.7661642044878997,0.7661642006450595,0.7662702973802566,0.766268460659378,0.7662666517673353,0.7663679578296128,0.7663707936823033,0.7663700362183137,0.7663746903050619,0.7663704507156429,0.766369128705765,0.7663702706417872,0.7663701574108479,0.7663727555058218,0.7663734443031694,0.7665961692809884,0.767290538034982,0.7672916619799666,0.767292663526939,0.7672913116448137,0.7672931621102363,0.7672878367637329,0.767288020174451,0.7672979666830682,0.767298916760981,0.7672989712859601,0.7672788010497331,0.767271303433541,0.7672711802629274,0.7672712005408219,0.767306106777567,0.767343673594569,0.7673435637404827,0.7673447846882276,0.7673489637572386,0.7673494847632725,0.7671973781257687,0.7671986516728726,0.7672016674489138,0.7671975105450752,0.7671968896968421
171,0.7891612798347125,0.789852465126439,0.7878314302596803,0.7966543791915169,0.776162969415422,0.803364448069201,0.800527206603723,0.8008937752625531,0.7992646319251374,0.789850981211494,0.7887635529751565,0.7886374228624992,0.7885510485369276,0.788692801291098,0.7815562873196856,0.781658429453755,0.7818453681528805,0.7816946984143351,0.7819505510065597,0.7822681635929936,0.782315865178467,0.7822922831553843,0.7824475438148611,0.7826119364588467,0.782033681676404,0.7819698106500371,0.7819331080669406,0.7769527340518839,0.7768753759452696,0.7768824452273881,0.776779849497752,0.7768254483782575,0.776727010384357,0.7767213417797396,0.7767258939950199,0.7767652915282147,0.7765587473108951,0.7765425153032447,0.77656255510245,0.7764878611407996,0.7798042383927117,0.7797882870942583,0.7797988359834495,0.7798079187481689,0.7798022618529843,0.7797590587420594,0.7793465821052658,0.779349561389087,0.7793594147497815,0.7793546581136813,0.7793097679402218,0.7792935743367702,0.7792994189573159,0.7792931674603144,0.7792969067114685,0.7792948860705965,0.7792997872207333,0.7792912617882274,0.7794579875281795,0.77946166886631,0.7794492729739113,0.7794492061506512,0.7795753070850999,0.7795722912087473,0.7795672050815738,0.7797375312506117,0.7797494773255844,0.7797457530038951,0.7797462868680242,0.7797431466395989,0.7797382021050413,0.7797427217595064,0.7797421425762792,0.7797481665236846,0.7797487567115257,0.7798680269651694,0.7799685636071105,0.779971124060705,0.7799742556068077,0.7799709316089869,0.7799751767316558,0.779975834086124,0.7799766848345412,0.7800005349840263,0.7800021677998366,0.7800021400296625,0.7799620313056621,0.7799497500143765,0.7799494092652525,0.7799494700834616,0.7799228939219027,0.7799638658184692,0.779963518864119,0.7799664787909357,0.7799686137331067,0.7799699437705305,0.7793858044165245,0.7793877680791558,0.7793924205705631,0.779385942678205,0.7793849418851604
172,0.8048773827003203,0.7976088842690395,0.7957836234167498,0.7965912183156724,0.7901164878640723,0.8180503987341341,0.8163361607941784,0.8165232081828534,0.8155431871024929,0.8077327114557156,0.8068448341776527,0.8070720935472188,0.806762487984626,0.8068520523315643,0.7958382939967332,0.7958382952993465,0.79583829386057,0.7958383112676947,0.7958383144593645,0.795838316538326,0.7958383185154824,0.7958383142106685,0.7958383164387522,0.7958383193519161,0.7958383123289613,0.7958383118380535,0.7958383126629344,0.7958382936858319,0.7958382882343961,0.7958382887227364,0.7958382871150255,0.7958382883583636,0.7958382884506277,0.7958382887462389,0.7958382869436427,0.7958382879364773,0.795838285963277,0.7958382859225199,0.7958382866161025,0.7958382868596058,0.7958383021660321,0.7958383036108889,0.7958383033205184,0.7958383040741103,0.7958383060535517,0.795838305831359,0.795838287453664,0.7958382876268997,0.7958382881139289,0.7958382882644592,0.7958382873709506,0.7958382859266677,0.7958382862297072,0.795838286285181,0.79583828659123,0.7958382867548761,0.7958382870920995,0.7958382871595283,0.7958382878539929,0.7958382887514687,0.795838288461305,0.7958382886622632,0.7958382905086213,0.7958382906391126,0.7958382906998822,0.795838275297047,0.7958382755401003,0.795838275500342,0.7958382754468504,0.795838275428344,0.7958382753607938,0.7958382754722829,0.7958382754882836,0.7958382756318175,0.7958382756325837,0.7958382762981384,0.7958382756724687,0.7958382757488743,0.7958382761685691,0.7958382761306536,0.7958382762496182,0.7958382763405459,0.7958382763954726,0.795838279095837,0.7958382791902053,0.7958382792515045,0.7958382783079146,0.7958382782460854,0.7958382782816606,0.7958382783354879,0.7958382771918852,0.7958382806147956,0.7958382806721628,0.7958382808782067,0.7958382810191458,0.7958382811501514,0.7958382469656207,0.7958382467448831,0.7958382466861018,0.7958382464385826,0.795838246173631
173,0.8224181307260164,0.8007607137914305,0.799586391728935,0.7982351082050232,0.7967090276954335,0.8230544123411273,0.8219286620832452,0.8220465733706113,0.8213643227726358,0.8145805901669817,0.8138270479801244,0.8141466029413474,0.8136953723521809,0.8137500269280734,0.8046071377876292,0.8046149577915412,0.8040953787589967,0.8067413824125627,0.8068696815996683,0.8068033627565137,0.8068223996569053,0.8068082366309178,0.8068735422283538,0.8070249539604929,0.8068394308720374,0.8066317516658879,0.8066054553034319,0.8063626246812067,0.8058159573552576,0.8058271292080961,0.8056529511739412,0.8057307525743672,0.805743526037703,0.8057376264701354,0.8054400984970572,0.805484699311075,0.8053578715123965,0.8053366028204971,0.8053639289413395,0.8053870388212868,0.8053400482874562,0.805374227720454,0.8053864334480033,0.8053977799267351,0.8055349020175907,0.805480171802817,0.80433028055195,0.8043170207377447,0.8043362774925746,0.8043268322896346,0.8042355034915027,0.8041765550092913,0.804186046751962,0.8041746386079283,0.8041817954374856,0.8041776937712013,0.8041866411533899,0.8041868144635463,0.8041870512648525,0.8042355488009362,0.8042004027050399,0.8042005671240333,0.8042523000300489,0.8042454060787265,0.804233841004618,0.8025806173986971,0.8025860445051375,0.8025843748192136,0.8025805171693272,0.802579517591608,0.8025773329060207,0.8025792907575774,0.8025790181438047,0.8025815573164926,0.8025813140355139,0.8025780968956009,0.8025629271939567,0.802563934092362,0.80258013766226,0.8025786317888522,0.8025805866789818,0.8025823432765207,0.802582852613135,0.8027224008615415,0.8027232003076782,0.8027231699657568,0.8027015708997923,0.8027013343169865,0.8027007261275002,0.8027008055566994,0.8026949247102805,0.8028069682739458,0.8028065416636644,0.8028102917572141,0.8028120168605006,0.8028137146029747,0.8023228507044387,0.802322522346996,0.8023218562695044,0.8023222278553694,0.8023224576876032
174,0.8442193739640548,0.8244470212782085,0.8206579389260376,0.8114420468527112,0.8109038598255274,0.830009183470382,0.8297910808239318,0.8298568511904458,0.8295992543009397,0.8251787600695777,0.8247305153905583,0.8250575858800077,0.824417491546304,0.8244028106218405,0.8188665740851158,0.8188719909004272,0.8175018410927622,0.8235265230393031,0.823738288552835,0.8236307250896115,0.8236595479812534,0.8236246360792628,0.823732350328537,0.8240301701496756,0.8237013291774407,0.823351505624691,0.8233087385139002,0.8230614724750859,0.8221143601627692,0.8221578293236852,0.8218577340367546,0.8219902929793281,0.8220151870766416,0.822005800026813,0.8212355032815447,0.821299445445901,0.8211036910319898,0.8210728123057983,0.8211097598744547,0.8211448848777558,0.8210172039456953,0.8209265328026253,0.8209456441309168,0.8209621737772629,0.8211013405094523,0.8210141039754657,0.8194543154383204,0.8194231664809657,0.819463526665642,0.8194440171015475,0.8192493938088703,0.8192855238190482,0.8193063073910983,0.8192814034028436,0.8192970927539767,0.8192880154875285,0.8193076469248071,0.8193096821651363,0.8193247044501286,0.8193397082845314,0.8192608247149148,0.8192613547023897,0.8193391732011289,0.8193238455502763,0.8192976330974261,0.8139729024803501,0.8139819266524225,0.8139790086887829,0.8139719778196298,0.8139702459057994,0.8139663513274471,0.8139698093173169,0.8139692670969191,0.8139735971068826,0.8139754784152748,0.8139714516097414,0.8139648205173067,0.8139664409298998,0.8138930817418455,0.8138900178036157,0.8138941534826941,0.8138976704142373,0.8138986089998475,0.814066897246806,0.8140679732411046,0.8140679434923126,0.814036190801076,0.814035791018212,0.8140344900749411,0.8140345986856974,0.8140369958731252,0.8141481589936495,0.8141476435121597,0.8141522194384107,0.8141542633847743,0.8141562587735607,0.8140182593163975,0.8140185247476373,0.8140193793427787,0.8140170919225245,0.8140170019173264
175,0.8492741921831801,0.8329114243233237,0.8300554885895449,0.8220192750822314,0.8205666352705211,0.8320995927034256,0.8321720100568563,0.8322752953619038,0.8321665117927047,0.8293827984891359,0.8291333754231868,0.829368705168398,0.8287707078459392,0.8287285724995924,0.8253872657449356,0.8253873656051444,0.8238732627041226,0.8290318704924012,0.8291621535351374,0.8290922181480852,0.8291163936926047,0.8290777131871819,0.8291452163959588,0.8293906795870037,0.8291399079588897,0.8289198253380712,0.8288944777652736,0.8288014177782007,0.8281591301089993,0.8282149514929854,0.8280156383763672,0.8281010237975581,0.8281165687366026,0.8281114777841825,0.8274361771739228,0.8274704547779044,0.8273460400436734,0.8273301805429456,0.8273470448808388,0.8273672568295972,0.8272477443431048,0.827110111937888,0.8271239059011176,0.8271328727860415,0.8266669888488264,0.8266044279615636,0.8256148425579866,0.8255885387295984,0.8256219746538841,0.8256061721740303,0.8254412833770834,0.8255114816909884,0.8255290993595418,0.8255082449005735,0.8255216877861872,0.8255141085146344,0.8255308952194308,0.8255333880663747,0.8255488240928781,0.825319140061202,0.8252489622033461,0.8252499077450332,0.8253005035050284,0.8252870437873419,0.8252635347156305,0.8198372592883043,0.8198620424091246,0.8198530443534716,0.819833912852755,0.8198286084938734,0.8198170399554413,0.8198275077427138,0.8198259330294608,0.8198387684747243,0.8198448813991206,0.8198361937207435,0.8198347643948323,0.8198400617866332,0.8194780217241472,0.8194694935561971,0.8194805539718454,0.8194900999160165,0.8194923189080223,0.8191378642023115,0.8191405648000393,0.8191405055361292,0.8190706481708951,0.8190693224890837,0.8190661372014386,0.8190663867081694,0.8190677893010622,0.8191288822632642,0.8191274366900314,0.8191396798545553,0.8191451775580609,0.8191506145841255,0.8191796684872547,0.8191822662416843,0.8191892452870161,0.8191776812356076,0.8191762843004369
176,0.8468430176295378,0.8331769180931952,0.8316115069721668,0.8268745736593545,0.8258028261095244,0.8322910064371081,0.8323864557463124,0.8324651382636052,0.8324351263504605,0.8309640888691701,0.8308526657957548,0.8309805430720361,0.8306300046569141,0.8305958717691667,0.8288503659369949,0.8288471858961853,0.827872641367944,0.831532040294414,0.8315864046048057,0.831554338217165,0.831568500493853,0.8315387981904405,0.8315678728113837,0.8317092255164489,0.8315638602405863,0.8314690375863695,0.8314591597589408,0.8314272771466934,0.8311041519397379,0.8311419186129394,0.8310429634883284,0.8310837392197543,0.8310916183020116,0.8310898779245453,0.8307282795598787,0.8307434405134766,0.8306729281758337,0.830666625119657,0.8306721691925234,0.8306818343641654,0.8306013546914135,0.8305022032605172,0.8305112606002351,0.830515295676298,0.8297285080068867,0.8296872697346377,0.8290855859018244,0.8290673431517424,0.8290907395145712,0.8290798861286457,0.8289625290848386,0.8290118546345565,0.8290242598858816,0.8290097460970365,0.8290193036505283,0.829014052198525,0.8290259631146035,0.8290281674863345,0.8290396242671032,0.8287840025766908,0.828734937137045,0.8287359284433583,0.8287652055254677,0.8287559088430174,0.8287393559737777,0.8248902156519988,0.8249171378375294,0.8249074182221993,0.8248867662156785,0.824881069285197,0.8248685384555727,0.8248798631089764,0.8248781537023597,0.8248920026200898,0.8248985257289825,0.8248893933544105,0.824888832352726,0.8248944921698335,0.8245342156802663,0.824525734844948,0.8245368419716348,0.824546427562803,0.8245486462281992,0.8236052988165886,0.8236082772515184,0.8236082179672957,0.8235272883351995,0.8235258256187753,0.8235223475886728,0.823522613981178,0.8235224309713284,0.8235502491224777,0.8235486612547004,0.8235623709565513,0.8235685363308289,0.8235746011418377,0.82360261711854,0.8236057038592149,0.8236138613801772,0.8235999293739109,0.8235983336835428
177,0.8311248951080927,0.8311248528225115,0.8311248569523144,0.8311248349512689,0.8311248207640914,0.8311248545282284,0.8311248558279345,0.8311248607911869,0.8311248630596902,0.8311248619166012,0.8311248639139059,0.8311248657637065,0.8311248668950798,0.8311248681703747,0.8311248639338465,0.8311248650911038,0.8311248618433497,0.8311249037059997,0.8311249056656609,0.8311249086565211,0.8311249114873156,0.8311249046178225,0.8311249064300938,0.8311249090788354,0.8311249036650605,0.8311249069117741,0.8311249092311012,0.8311249131220226,0.8311249146979637,0.8311249174441522,0.8311249204309867,0.8311249221038899,0.8311249241356603,0.8311249264274843,0.8311249272881787,0.8311249291155496,0.8311249319675048,0.8311249343497855,0.831124936218926,0.8311249380692686,0.831124939120057,0.8311249403790001,0.8311249386160846,0.8311249405301039,0.8311248996614232,0.8311249013074384,0.8311249000615297,0.8311249014027221,0.8311249024945342,0.8311249037983629,0.8311249055972902,0.8311249069932625,0.831124907950324,0.8311249092313558,0.8311249103925936,0.8311249116714816,0.8311249128337479,0.8311249137284257,0.8311249148297692,0.8311249169770407,0.8311249183353178,0.831124919442731,0.8311249212723473,0.8311249225228581,0.8311249238341633,0.831124887829877,0.8311248881873534,0.8311248890196207,0.8311248900039795,0.8311248907864236,0.8311248916421743,0.8311248922262047,0.8311248930151515,0.831124893584219,0.8311248942364767,0.8311248948773294,0.8311248955137908,0.8311248961835079,0.8311248935526615,0.8311248943050661,0.8311248948389529,0.8311248953455715,0.8311248959811194,0.831124833086923,0.8311248330803177,0.8311248330773355,0.8311248335342408,0.8311248335350472,0.8311248335378245,0.8311248335402748,0.8311248335499981,0.8311248349000346,0.8311248349143701,0.8311248349158666,0.8311248349243111,0.8311248349357957,0.8311248352779802,0.8311248352895066,0.8311248352870425,0.831124835369659,0.8311248353857005
178,0.4877937632367963,0.47175615955772293,0.4721356943365238,0.4737841076903532,0.48154848191768146,0.481349094684785,0.48160011052290036,0.4815174576747762,0.48384708927376396,0.48366302180508497,0.4837221595927971,0.48372447561391163,0.48374910359854095,0.48372161503036515,0.4837198155899849,0.483637425358467,0.4836173704521646,0.4837288616019104,0.48269693242243167,0.48270361250981353,0.48270446257625915,0.4829860497572185,0.48297424145791323,0.4829483187799574,0.48280739607298406,0.4829011433339671,0.48295106842837116,0.48298761163762366,0.4833569287595212,0.4833594142817222,0.48337915815242793,0.48333213831679644,0.48331699234920356,0.48381046668855754,0.48382074028266875,0.4837856672087487,0.4838581212598558,0.4838748997662636,0.48385224064169885,0.48381005421395507,0.48378224064034125,0.4837948914254991,0.48374509481441774,0.4837368534962852,0.48375595217057255,0.4837915294865169,0.4837952778290342,0.48380700787875336,0.48379334076286223,0.48380026060414133,0.48388576221211077,0.48387044819646186,0.48238702379863446,0.48239374959219167,0.4823870279000893,0.4823881981682895,0.48235024374974694,0.48233638724123196,0.4823307594300542,0.4823295335696443,0.4823483198918538,0.4824643928826961,0.48246051796475087,0.4824609656565028,0.4825147223105106,0.48252875817055424,0.48251887512749053,0.4825205144389379,0.4825265861238265,0.48252512613416904,0.48252919641914377,0.48252542276509514,0.48252810568508486,0.48252368078938135,0.48252033980885506,0.48252380789558436,0.4825226991339628,0.4825207160090181,0.4825205838743819,0.48252779150464625,0.4825242592261276,0.4825136558973085,0.4825115222060738,0.48250566909992637,0.48250307289203426,0.48250307432609263,0.48252656478115613,0.482526790668036,0.4825284149487411,0.48244136210161304,0.48244098605918984,0.4824365011613614,0.4824394856647642,0.48243787663203047,0.4824346746096544,0.4824295854405278,0.48242687930631906,0.4824252424642849,0.48242148349959374,0.4824287288546055,0.48242883587880103
179,0.5092831716799583,0.5117196269829994,0.5105403234722793,0.5084276092125655,0.5162293192287909,0.5153493162440235,0.5150617672153662,0.5151217252950718,0.5194570038362146,0.5169226552790641,0.5166009364941151,0.5167363469745304,0.5166797966997853,0.5167301487181946,0.5167656650614115,0.516611254314406,0.5166208380685945,0.5165762081291735,0.5150864986481609,0.5150690863954792,0.5150735720665686,0.5148651425281028,0.5148822184056311,0.5149121667892207,0.5144582710093646,0.5144455384251538,0.5144981770971803,0.5144927196760758,0.5149396478359718,0.514949319700216,0.5146719795784446,0.5146265664544363,0.5146185124825629,0.5160441518540466,0.5160568595546426,0.5160338294430542,0.5160946221943694,0.516104136765744,0.5160893326439857,0.5160161601493793,0.5159976551375713,0.5160107899918944,0.5162770135260464,0.5162735097117002,0.5162878798327317,0.5163135891471705,0.5163177953268001,0.516327857109788,0.5163285285278529,0.5163352477645486,0.5163983658986422,0.5163922383014515,0.5115721390400039,0.5115773002696694,0.5115755510659205,0.5115775561307337,0.5115450523411866,0.511530126130964,0.5115258972796979,0.5115269878586438,0.5115416110741742,0.5117275658872672,0.511725581010957,0.5117269513888474,0.5117734745027682,0.5117801505672066,0.5117760831550414,0.5117775629728722,0.5117800008212707,0.5117780398236507,0.5117796564545071,0.5117781410344073,0.5117790267143658,0.5117772089470662,0.5117765321254739,0.5117781168939006,0.5117782261160122,0.5117772990342774,0.5117772580527978,0.5117784467874761,0.5117769861280472,0.5117687660477607,0.5117687185700875,0.5117662612938679,0.5117657396269734,0.511765754873819,0.5117742358899071,0.5117746432778912,0.5117753416924945,0.5116806767251414,0.5116815686161449,0.5116795834809378,0.5116788316811418,0.5116898904983425,0.5116883796129229,0.5116875414741594,0.5116873977743552,0.5116866592974789,0.5116844120887767,0.511686320409372,0.5116871658617483
180,0.5252264169714971,0.5303162149519947,0.528074948494184,0.5240201037409002,0.5357833209846505,0.5346924777107066,0.5343218941648102,0.534396530489949,0.5401512762756315,0.5370334362672451,0.5365693878932621,0.536763949217766,0.536680658831545,0.5367516746197103,0.5368046471156683,0.536567816628815,0.5365790726037701,0.5365287181045769,0.5349031963902877,0.5348799336737285,0.5348838838159207,0.5350046946266924,0.5350342212765843,0.5350859460949929,0.5345774299193472,0.5345002034846691,0.5345126422550359,0.5344816125966321,0.5348184448247878,0.5348270551162214,0.5345806510377884,0.534558826336636,0.5345576362049322,0.5359230509745577,0.5359290623871279,0.5359278333909177,0.5359424498114487,0.5359383973424899,0.5359370687666505,0.5358464774786542,0.5358447722913778,0.5358497864105578,0.5360993858272356,0.5361008633156659,0.5361031429482578,0.5361061850825737,0.5361078445552554,0.5361104899502543,0.5361248435247783,0.5361271527633713,0.5361430167214202,0.5361460385271174,0.5280726222450898,0.5280726231114328,0.5280726240065216,0.5280726249408687,0.5280726272733329,0.528072627826433,0.5280726287646986,0.5280726295645306,0.5280726302921758,0.5280726310852191,0.5280726319449999,0.5280726328238123,0.5280726324522047,0.5280726329988465,0.5280726339938031,0.5280726348610545,0.528072635669846,0.5280726356415317,0.5280726364503407,0.5280726373577763,0.5280726382784313,0.5280726392120138,0.5280726401467862,0.5280726408106765,0.528072641588193,0.5280726424830616,0.5280726433614713,0.5280726441057405,0.5280726450285229,0.5280726457703655,0.5280726466471101,0.5280726474178404,0.5280726482967998,0.5280726491716343,0.528072648392405,0.528072649262491,0.5280726501007095,0.5280726492348611,0.5280726501194312,0.5280726507914576,0.5280726518181541,0.528072653038842,0.5280726539225797,0.5280726547988747,0.5280726556435233,0.5280726564661241,0.5280726568593361,0.5280726573266169,0.5280726581981268
181,0.543384151718435,0.5504449219371426,0.5475774369648347,0.5430757401811358,0.5589011864132704,0.5575289305570115,0.556881193961898,0.5570230531534766,0.5632217083948894,0.5593444513609602,0.5586453861693927,0.5589374631019088,0.5588025642000488,0.5589123593010521,0.5589938063768348,0.5586351724370205,0.5586516334551718,0.5585665307055419,0.5574276765413514,0.5574004522105223,0.5574027216856882,0.5575939458385409,0.5576317794950598,0.5576947643348753,0.5571855720386117,0.5570206656587711,0.5569733422389258,0.5569236028629317,0.5571367377097124,0.5571426689198884,0.5569260768489501,0.556928699820474,0.5569326898754562,0.5580783789014108,0.5580777407286048,0.5580942790596658,0.5580684859235405,0.5580535933915874,0.5580633947784278,0.5579597066718671,0.557971358099398,0.5579689182010316,0.5581748939350529,0.5581800242022329,0.5581722826537217,0.5581565805421989,0.5581557764679145,0.5581519282551933,0.5581734145262376,0.5581717428796715,0.5581516939155783,0.558161556434265,0.5533321371839438,0.5533246097719889,0.5533226610270007,0.5533210735045792,0.5535142124387323,0.5535140511023595,0.553519645725699,0.5535191646999117,0.5534982264796653,0.5534161608642085,0.553421922102489,0.5534191671529444,0.5532179592637751,0.5531974983484191,0.5532105102515127,0.5532069603104443,0.5531989412285657,0.5531209300303935,0.553115775923296,0.5531204865977727,0.553119808264953,0.5531255580043862,0.5531287597744352,0.5531325443893698,0.5531321075842529,0.5531348163274754,0.5531349061483338,0.5531303008377002,0.55313482441349,0.553153046194361,0.5531544286082518,0.553162126238247,0.5531642078557466,0.5531641813468846,0.5531311995349335,0.5531305505294265,0.5531287383827036,0.5531352144951658,0.5531350062326573,0.5531398886730946,0.5531548135787868,0.553166958841897,0.5531705946421744,0.5531755989525393,0.5531779956132848,0.5531798336362044,0.5531843722822377,0.5531770290027607,0.5531763697980769
182,0.5643195645160081,0.5615439382419143,0.5605382199220796,0.5612524448492175,0.5824252027760481,0.5807768662032508,0.5798222499555479,0.5800399113390193,0.5854840964590587,0.5812423956790457,0.5803279899883034,0.5807320320117397,0.5805471829400021,0.5806897837984245,0.5808052087254656,0.5802642461246066,0.5802763025098724,0.5802043001770282,0.5797694916701184,0.5797509832439178,0.5797515088227781,0.5798800719643605,0.5799120123586646,0.5799519342355941,0.5796183135260463,0.5793314445825326,0.5793165368324807,0.5792822589315129,0.5794144149367656,0.5794168705990762,0.5793007791274349,0.5793100831917234,0.5793132626996956,0.5799642348837737,0.5799620817183895,0.5799756207563143,0.5799507369068467,0.5799398408210034,0.5799480540664687,0.5798930106409866,0.579901667936408,0.5798986002441049,0.5799976025492206,0.5800011682355786,0.5799948172031919,0.5799821114607147,0.5799809761457835,0.5799774005853006,0.5799907545788758,0.5799889334270998,0.579976005741725,0.5799830163477133,0.5780192819674621,0.5780122905848826,0.5780103798319363,0.5780088160208515,0.5781641547532652,0.5781653973758893,0.578170367070197,0.578169604808785,0.5781488650198418,0.5780724139776618,0.5780782523362195,0.5780751831688504,0.5777581901324002,0.5777396510785483,0.5777513503032323,0.5777480221509412,0.5777407865112698,0.5776524666366226,0.5776478551636121,0.577652077566595,0.5776514786780612,0.5776566365834251,0.5776593756023582,0.5776705777446534,0.5776689972927341,0.5776714315947484,0.5776715057473144,0.577668050640057,0.5776720743641622,0.577765118764328,0.5777661036562287,0.5777719235631031,0.5777734212992217,0.5777733989040589,0.5777482787029314,0.5777477610341595,0.577746379985715,0.5777520086132415,0.5777517940670276,0.5777555008497341,0.5777698831841058,0.5777788591906077,0.5777816203810803,0.5777852269258551,0.5777869888876893,0.5777883720966528,0.5777918404290829,0.577786360601523,0.5777858155803909
183,0.5836143664280292,0.5695121388809593,0.570119582795291,0.5751103795803126,0.601082009250393,0.5992635053047644,0.5981420264031946,0.5983979320409221,0.6033635261355408,0.5991762850982257,0.5981469524953574,0.5986281959493758,0.5984183907831269,0.5985749444622204,0.5987128094714816,0.5979907717970878,0.5979907720458139,0.5979907707281078,0.5979907693471871,0.5979907689459902,0.5979907688965028,0.5979907720607587,0.5979907724320443,0.5979907731480535,0.5979907699859707,0.5979907595209889,0.5979907522885983,0.5979907518112063,0.5979907547398489,0.5979907543406391,0.5979907534760475,0.5979907531866187,0.5979907526506583,0.5979907563983019,0.597990756045523,0.5979907558558879,0.5979907553039058,0.5979907547827591,0.5979907545507984,0.5979907610767486,0.5979907609093172,0.5979907607194224,0.5979907619643257,0.5979907618357224,0.5979907616662491,0.5979907614285384,0.5979907612774261,0.5979907610971411,0.5979907611512345,0.5979907609892032,0.5979907609073963,0.5979907608184593,0.5979907444745343,0.5979907439817205,0.5979907431568485,0.5979907427324712,0.5979907475252604,0.5979907466790609,0.5979907463282951,0.597990746025213,0.597990745530644,0.5979907440731937,0.597990743793093,0.5979907433468296,0.5979907358220656,0.5979907354036261,0.5979907349801479,0.597990734514554,0.5979907340357514,0.5979907462201332,0.5979907458918254,0.5979907456232622,0.5979907453028298,0.5979907450368677,0.5979907447530021,0.5979907453432793,0.5979907448723708,0.5979907446009763,0.5979907443075245,0.597990744085768,0.5979907438258187,0.5979907536436192,0.5979907534798496,0.5979907533652202,0.5979907531764925,0.597990752996095,0.5979907529298929,0.5979907527477935,0.5979907525616628,0.5979907524810678,0.5979907523036714,0.5979907521931229,0.5979907522949142,0.5979907522046483,0.5979907520427259,0.5979907519199988,0.5979907517746775,0.5979907516159579,0.5979907515528808,0.5979907514036811,0.5979907512302106
184,0.610446162427047,0.6049429324993406,0.6054447881513247,0.6089626027696278,0.6292469628435946,0.6271418548732238,0.6258316583210386,0.6261335160015062,0.6290017868870134,0.6253615222041039,0.6242361851570779,0.6248253717765195,0.6245876077947101,0.6247521003143445,0.6249282727978092,0.6244819686301794,0.6245078000418931,0.6242414491737173,0.6245053623638056,0.6244424061437703,0.6244387053310678,0.6248616101054622,0.624959793452497,0.6250531523148275,0.6248264926397917,0.6218764875593162,0.620707297234946,0.6208256908119661,0.6215572705607268,0.6215609594519782,0.621657804530402,0.6216382689469276,0.6216084532939733,0.6216474422430036,0.6216543607820145,0.6216389334315711,0.6216765707445205,0.6216752710001503,0.6216649766165253,0.6238287904114436,0.6238015945940972,0.6238104386255172,0.6238228055029756,0.6238179637054737,0.6238318089919386,0.6238564104713187,0.6238587171887685,0.6238672113080158,0.6238807269110246,0.6238862346975078,0.6239511544821816,0.6239437070646823,0.6240916903337174,0.6240980327021025,0.6240723025087201,0.6240779615952329,0.6241408310938327,0.6240448895781162,0.6240329657281779,0.6240343294180116,0.6240535617583689,0.6240237005851559,0.6240175753824795,0.6240117066566289,0.6236606048325917,0.6236949279868411,0.623674049247329,0.6236810037721229,0.6236943144553898,0.6254642014921604,0.6254664862179512,0.6254643534978582,0.6254646812637674,0.6254620831044791,0.6254609522395983,0.6255290600932671,0.6254973268639197,0.6254963697871831,0.625496329384271,0.6254986854625598,0.6254969335855584,0.6265756955555487,0.6265756977347273,0.6265746764634719,0.6265711170295404,0.6265711169150253,0.6265747245803476,0.6265748688166406,0.6265751005748038,0.6265755154516525,0.626575713113904,0.6265751523860166,0.6265778700560641,0.6265770010871824,0.6265765097797831,0.6265763048580738,0.626576227433444,0.6265759055783356,0.6265750884708591,0.6265759990539425,0.6265762217097509
185,0.6342061366358149,0.6419252044868458,0.641998860455663,0.6411871324991139,0.6499004180690127,0.6476865487298857,0.6465404278447029,0.6468073690182582,0.6482133071415133,0.6455332104207717,0.6444876408287736,0.6450555269875079,0.6448358730949351,0.6449811692700024,0.6451745405583035,0.6449142421645242,0.6449481493103766,0.6445749322878144,0.6448955642273293,0.64482168298044,0.6448179235805684,0.6453535574768053,0.6455869799230706,0.645711661855675,0.6454776936949567,0.6407898901287676,0.6396759722305169,0.6398934552710813,0.6410147878039614,0.6410199800747942,0.6411524847076963,0.6411237228484908,0.6411314839812443,0.6411499468691719,0.641160719377306,0.6411358380004526,0.6411958972655294,0.6411978153748364,0.6411809641894108,0.6458942678917485,0.6458582983372573,0.6458686873763217,0.6458763945970303,0.6458705792061069,0.6458867605717439,0.645915764446078,0.6459184794211037,0.6459283572712202,0.6459382679598127,0.6459446361496198,0.6460174100307866,0.6460081452397209,0.6461151698031682,0.6461232084868652,0.6461060510344123,0.6461130594727109,0.646129981590978,0.6460043796767235,0.6459899059139756,0.6459914623480754,0.6460145275657907,0.645991277688068,0.6459844320691633,0.6459779931821669,0.6457030061619626,0.6457378995896479,0.6457166327608299,0.6457236795975948,0.6457375388882283,0.6472109137739788,0.6472142084971974,0.6472111469741789,0.6472115944670159,0.6472078916855575,0.6472062170443195,0.6472649417980182,0.6472048368728055,0.6472032922000894,0.6472032333784139,0.6472079106313511,0.6472051956263601,0.6484255110490044,0.6484253391904119,0.6484226475811976,0.6484126893831987,0.6484127008847458,0.648423885574559,0.6484242448513317,0.6484249269774952,0.6484249987071481,0.6484253683213892,0.6484236586285731,0.6484314990855875,0.648428788708933,0.6484277775954999,0.6484262838518682,0.6484258516624855,0.6484251176292264,0.6484232651991059,0.6484256331803653,0.6484260822557607
186,0.6663057516979708,0.6799304366411448,0.679254341392519,0.6730920948948953,0.6707452516239175,0.6687581587608771,0.6680158619041603,0.6681901429013238,0.6687045486478793,0.6670410934704049,0.6662642319282256,0.6665655994468581,0.6664220190867134,0.6665214133987142,0.6666833337067593,0.6665543650884993,0.6665862264412767,0.6662536448778926,0.6665060221639119,0.6665034705233188,0.6665072156384714,0.6669372164803973,0.66724094543247,0.667337884091017,0.6671682219200231,0.662928428722063,0.662239059877439,0.662524050404898,0.663594841448359,0.663599786670697,0.6637147871480763,0.6636929676441568,0.6638692485424292,0.6638523032049769,0.6638625197940728,0.6638400897813318,0.6638953825863058,0.6638961996700807,0.6638799668971312,0.6722235962862045,0.6722235948277004,0.6722235940918008,0.6722235948513877,0.6722235939966216,0.6722235934205304,0.6722235928494044,0.6722235921448255,0.672223591457833,0.6722235907622982,0.6722235899994522,0.6722235899729768,0.6722235890708417,0.672223589323119,0.6722235886864598,0.672223587353768,0.6722235862033098,0.672223585400964,0.6722235828150359,0.6722235816643879,0.6722235809835062,0.6722235805305585,0.6722235796469681,0.6722235788743056,0.672223577834859,0.6722235755634961,0.672223575258058,0.6722235742219165,0.6722235734718219,0.6722235728200976,0.6722235859568512,0.6722235854078276,0.6722235846970469,0.6722235840324405,0.6722235833075744,0.6722235826058524,0.6722235819029913,0.67222358395288,0.6722235832600029,0.6722235826391716,0.6722235823229057,0.6722235815667423,0.6722235941289285,0.6722235936449593,0.6722235929691006,0.6722235917165188,0.6722235912371747,0.67222359278524,0.6722235923580576,0.6722235919803958,0.6722235915135073,0.6722235910995813,0.6722235905423273,0.6722235903131509,0.6722235894990088,0.6722235889575282,0.6722235883464713,0.6722235878287027,0.6722235873010026,0.6722235868780707,0.6722235868734454,0.6722235864532838
187,0.7041869350969376,0.701360340977845,0.7013347444049239,0.7042703163496792,0.6993185295068021,0.6985302120214744,0.6980139622475126,0.6981036390700186,0.6978762730767383,0.6965123346194868,0.696179875823719,0.6955514373880279,0.6955405433673963,0.6955816402890853,0.695517407962127,0.6955032424428234,0.6955491188487198,0.695293118802309,0.6954172974796257,0.6957118011961283,0.6957374218987648,0.6959020452131117,0.696020731000458,0.6960460475323946,0.6959355880450123,0.6942508817674061,0.6941632868492401,0.6943640528769695,0.6949916629954116,0.6949945136677768,0.695034202941212,0.6950422332503396,0.6956037110856949,0.695583388963194,0.6955860891833803,0.695586900893692,0.6955907089345597,0.6955833163552334,0.6955801548148527,0.6990997089665072,0.6991356765209238,0.6991407354009728,0.6991439650619008,0.6991408286165769,0.6991527556038094,0.6991738431563463,0.6991806857766205,0.6992009421998658,0.6991965153469444,0.6992010856194883,0.6992451048881835,0.6992422633812955,0.6992434260144617,0.6992556504324999,0.6992042375626402,0.699128683990496,0.6991195616377535,0.6990337282795361,0.6990196590951968,0.6990206428346881,0.6990373530011947,0.699038525238762,0.6990365181690338,0.6990259604050704,0.6990564738482212,0.6990780233400375,0.6990653980768863,0.6990695515606071,0.6990778349857277,0.6989994060638283,0.6990045854269354,0.6989997479496088,0.6990004462950432,0.6989964041843004,0.698993760672251,0.6990796816320132,0.7006208931739931,0.7006140718151819,0.700613862909868,0.7006235656776763,0.7006122068318685,0.7006170911686489,0.7006149688247244,0.7005924603520005,0.7005645520459577,0.7005647162208647,0.7006608405278433,0.7006637139287542,0.7006694063210454,0.7006689421776943,0.7006760636819852,0.7006608454166429,0.7006645522212467,0.7006402047433465,0.7006322611447571,0.7006214854992817,0.7006149708755964,0.7006096210282419,0.7005949773458431,0.7006151704721105,0.700618508833691
188,0.7285421435647993,0.710081307363416,0.7099455812537162,0.718531961589973,0.7111200152428424,0.7117357368487762,0.7109629611253356,0.7110793512290229,0.710562838952597,0.7085058951846852,0.7082551860487621,0.7073531134077629,0.7073813971298456,0.707413395855429,0.707086559191355,0.7071070321745022,0.7071719704607812,0.7069021599606792,0.7069990676160544,0.7074598092545795,0.7074924623379688,0.7075486115102685,0.7075898291190884,0.7076022657473475,0.7074688915919644,0.7069736814643401,0.7069777229360097,0.7068511057548461,0.7072826983182741,0.7072846812088205,0.7072878012881668,0.7073036345740323,0.7077525389012923,0.707739144816966,0.7077388404206871,0.7077507771781664,0.7077208654885817,0.7077113532989933,0.7077146097022659,0.709515510592108,0.7098160529037425,0.709815986587351,0.7098199048279143,0.7098178667013929,0.7098265251067177,0.7098423476282005,0.7098593174199079,0.7098827345841732,0.7098794061224433,0.709882793724437,0.7099152308176814,0.7099174705649687,0.7099173145055092,0.7099274847862711,0.709888878418201,0.7098269830286924,0.709820574984303,0.7097172730877653,0.7097554356798629,0.7097561248486058,0.7097689533777661,0.709769795535574,0.7097716803001609,0.709759536825542,0.7097800207203608,0.7097991899087565,0.7097891647396388,0.7097925099536188,0.7097985028890268,0.7097310335413602,0.7097349195702282,0.7097312504617863,0.7097318099050364,0.7097298592263134,0.7097278719479442,0.7099670709327798,0.7131604061055222,0.7131549003433156,0.7131547250135234,0.7131620518126897,0.713152886266172,0.7131480062750493,0.7131463119615808,0.7131283872257566,0.7131104895901742,0.7131106082621503,0.7131872344318985,0.7131895222248912,0.7131940720702985,0.7131937021836929,0.7132025459186135,0.7131906372563397,0.7131932642853233,0.7131737599201852,0.7131656720574207,0.7131570726243895,0.7131532789461938,0.713149108819898,0.7131373483974262,0.713153594404735,0.7131562865487104
189,0.7551815875415968,0.7440500246920467,0.7436699613203815,0.7660868135860249,0.7387917610264806,0.7429446677643117,0.7406776075307915,0.7410155174368165,0.7395329718994873,0.7341998634485173,0.7336791968455093,0.731798791171971,0.7318561236755156,0.7319272716669889,0.7307847495651822,0.7308700972476972,0.7310289337715301,0.7304340521115987,0.7306234969354324,0.7317200084000185,0.7317747771759455,0.7317728958854381,0.7317972116440091,0.7318434807915314,0.7316041760949107,0.7317297669034827,0.731769320684958,0.7308888493662572,0.7311657739276869,0.731168820080556,0.7311364178029343,0.7311627312326268,0.7315477202434876,0.7315382620577359,0.731536107026089,0.7315626071577754,0.7314766616714246,0.73146327322337,0.731472853935642,0.7321859336939603,0.7333060790941924,0.7332937249347882,0.7332996448133504,0.7332996132475732,0.7333024350493458,0.7333093173314655,0.7333492783067774,0.7333826741029436,0.7333830615415498,0.733384381345561,0.7333971036982467,0.7334105636262968,0.7334109008758779,0.733418587635126,0.7333888041801329,0.7333358876959934,0.7333332334256956,0.7332585553684589,0.7334041679501907,0.733404263204429,0.7334097961486256,0.7334103272714392,0.7334237356984965,0.7334056249386002,0.7334150589910091,0.7334295036518648,0.7334249388122402,0.733426575386295,0.7334293098221073,0.7333867593478584,0.7333883202428845,0.7333867298834377,0.7333870247719505,0.733389544755618,0.7333884923981842,0.7336820597059956,0.7418684338807474,0.7418684327549314,0.7418684316270162,0.7418684305851388,0.7418684294406254,0.741868427976265,0.7418684268752687,0.7418684259737294,0.7418684246251157,0.7418684234969104,0.7418684241018211,0.7418684229724604,0.7418684218719714,0.7418684207569466,0.7418684199551714,0.7418684192009017,0.7418684180951973,0.7418684169666204,0.7418684156629017,0.7418684146158221,0.7418684144731535,0.7418684134582068,0.7418684129685166,0.7418684122650192,0.7418684111522049
190,0.7725465744490192,0.7790100360895205,0.7782484149231761,0.8024612377839507,0.7687176963334019,0.7807589974035077,0.7773059385712786,0.7777942143493968,0.7757294829628201,0.7672801368505234,0.7663309790268612,0.7646955849417286,0.764792332828,0.7649149699880374,0.7617414089683334,0.7618649013324144,0.7621019388164998,0.761135747104331,0.7614121683590447,0.7626507498899444,0.7627071074954942,0.7626906683511381,0.7628480271313947,0.7629656826354664,0.7625806195713966,0.7626712696809955,0.7626546071347826,0.7602253699324087,0.7603392161828026,0.7603566951533014,0.7602899729823885,0.7603209347552663,0.7601234136236709,0.7601179954630571,0.7601138748074705,0.7601455133162911,0.7599940980433291,0.7599816031489812,0.7599966756022138,0.7599265671937184,0.7653818656508016,0.7653375248061046,0.7653406820075656,0.7653408591504096,0.7653418414584899,0.7653458686626928,0.7653898917887602,0.7653955539226199,0.7653944045516902,0.7653953054530178,0.7654037812643953,0.7654197873849311,0.7654195276774811,0.7654211640094247,0.7654173713462208,0.7654130917219188,0.7654121277659383,0.765390738898976,0.7655396835057208,0.7655398376003489,0.7655450373167579,0.7655451786343397,0.7655665727768367,0.7655639887357516,0.765566410922772,0.7655860896414856,0.7655828965579184,0.7655839880424841,0.7655867206329419,0.7655793275902283,0.7655804287619218,0.7655793019117545,0.765579476708953,0.7655836150644699,0.76557914417433,0.7657323989932238,0.7673852066672259,0.7673828322879235,0.7673826959976219,0.7673859850764896,0.7673820434772786,0.7673729247224491,0.7673736355540733,0.7673671750674049,0.7673659135386853,0.7673658849990881,0.7673949686409096,0.7673951588757999,0.767397220222616,0.767397072377175,0.767313453335211,0.7673171825975189,0.767318064817698,0.7673114372373698,0.7673182304712107,0.7673153412766425,0.7674517831891783,0.7674477133190847,0.767443660183825,0.7674493895805632,0.767450343540779
191,0.7866565994994292,0.79098870945474,0.7896395406838795,0.8065046635175954,0.7779754446453251,0.7934222950715037,0.790140629146623,0.7905801635589402,0.7886961950519195,0.7801736325339833,0.779178001501869,0.7781458404010514,0.7782368640012964,0.7783622568446025,0.7738602377649181,0.7739691952429407,0.7741469835576427,0.7731364955464318,0.7733884267131276,0.7742627584891937,0.7743302569186788,0.7743160903490015,0.7744728075618994,0.7746025231514445,0.7742135848067458,0.7742494350560627,0.7742264191464837,0.7715745259504897,0.7716408434508633,0.7716632911515735,0.7715940797145726,0.77162686429874,0.7714262993009342,0.771421494369198,0.7714050403919841,0.7714387919696238,0.7712777959349929,0.7712650984190952,0.7712829714398648,0.7711686638660765,0.7801203884697792,0.7801203877744579,0.780120388557133,0.7801203877204412,0.7801203871205509,0.7801203862041315,0.7801203868334693,0.7801203858697323,0.7801203850167521,0.780120384150609,0.7801203834113922,0.7801203813519281,0.7801203806378405,0.7801203797874288,0.780120378922029,0.7801203780437339,0.7801203771754149,0.7801203762754848,0.7801203773881065,0.7801203768000669,0.7801203761181488,0.7801203753674788,0.7801203753807122,0.7801203745561336,0.7801203737789579,0.7801203750270566,0.7801203742466507,0.7801203734672808,0.7801203727387663,0.7801203719069019,0.7801203711431421,0.7801203703740052,0.7801203695553599,0.7801203688834976,0.780120367820855,0.7801203696334508,0.780120381727697,0.780120381100539,0.7801203805667788,0.780120380042921,0.7801203793892894,0.7801203786840892,0.7801203781450979,0.7801203776799462,0.7801203770635724,0.7801203764548502,0.7801203770167943,0.7801203763703517,0.7801203758413698,0.7801203752465063,0.7801203656546556,0.7801203654824043,0.7801203648185049,0.7801203640319847,0.7801203634583666,0.7801203627771996,0.780120346667475,0.78012034583769,0.7801203455140197,0.7801203449261453,0.7801203440809767
192,0.7998344379618183,0.8038684786510102,0.8030641846408586,0.8030693163269772,0.8005942178037871,0.8155802532304891,0.8144155547959423,0.8145973506491873,0.8138742683967358,0.8081719230730374,0.8074780098423545,0.807694365233245,0.807169854694087,0.8072062621788848,0.8004774089372343,0.8004999687033219,0.799650858234592,0.7991294160669877,0.7992265093814344,0.7993529409357595,0.799460946623416,0.79945672283496,0.7995179589414724,0.7996553764023064,0.7995419918868188,0.799471377208993,0.7994572711340505,0.7992821942560645,0.7990794049813181,0.7990687213754347,0.7989856774680751,0.7990198878116171,0.7989203774223456,0.7989168614104035,0.7986735684601717,0.798703149559398,0.7986223352230865,0.7986117339351532,0.798639169019527,0.7986023205150482,0.8009141043954237,0.8016366286656438,0.8016376758125128,0.8016361221764551,0.8017587712870714,0.8017733135301293,0.8021024513023084,0.8021188137324636,0.8021134590164166,0.802115613472325,0.8021417874995594,0.8014899278338276,0.8014875778730287,0.8014905789740333,0.8014891530040448,0.8014912659448513,0.801489093916805,0.8014855486575705,0.8014712353110031,0.8015184658266302,0.8015277723855759,0.8015279520811833,0.8015374201580107,0.8015386818172594,0.8015420191061392,0.801655184027743,0.8016442636045302,0.801647515977785,0.8016541782905686,0.8016565865972922,0.8016608897232347,0.8016570876235168,0.8016575991717456,0.8016544355413354,0.8016354280768215,0.8016402349281218,0.8015334332127413,0.8015311521555771,0.801550370002134,0.801553458927606,0.8015493741488754,0.8015458043151931,0.8015460182546336,0.8015654625419893,0.8015636121365003,0.801563497331604,0.8015881958732962,0.8015885830133449,0.8015934783926353,0.8015933413667176,0.8012540755233115,0.8012631935605624,0.8012643396709772,0.8012555275288349,0.8012524770937042,0.8012485267729864,0.7948971766649087,0.7948971775546824,0.7948971778851155,0.7948971786221862,0.7948971796094585
193,0.8161289337368975,0.8168857876263453,0.8143855475545501,0.8086503991164713,0.8077541771389088,0.8209696214589282,0.8204241515701456,0.8206192888472283,0.8200826282246175,0.8149999189588334,0.814377579771733,0.8147500452055719,0.8138107570974068,0.8138059938109198,0.8074368422231627,0.807453841476738,0.8059211688517941,0.805951514797393,0.806074593925554,0.8060825192030064,0.8061836047332025,0.806176978640185,0.8062476333338557,0.8064593443829984,0.8063236695686188,0.8061617016112719,0.8061398616508157,0.8063072249505803,0.8059453148527775,0.8059251051369135,0.8058095644507467,0.8058573819501292,0.8057850340433921,0.8057807795042243,0.8053615495689551,0.8053909391304226,0.8053187033225803,0.8053073216065306,0.8053396768050972,0.8053232260024383,0.8066449618958472,0.8075849712550585,0.8075883422743633,0.8075897462138034,0.807747518981648,0.8077459852939899,0.8080162030890312,0.808030880651656,0.8080313368221902,0.808030464377831,0.8080295957966959,0.8072250336652432,0.8072249480564591,0.8072251692229949,0.8072252895809479,0.8072259261207335,0.807225881878758,0.8072238044286617,0.8072124190792284,0.8072765212126836,0.8072769431930049,0.8072770900588356,0.8072850918192722,0.807284851460547,0.8072852202712585,0.8072775795243179,0.8072681896682579,0.8072707385180209,0.8072755278099802,0.8072773195447067,0.8072806270811598,0.8072776829071214,0.8072780828641315,0.8072751878251966,0.8072607999062601,0.8072614687469067,0.8071970339321968,0.807195272590278,0.8072177839656022,0.8072201310496223,0.8072167954801093,0.8072141573026403,0.8072138458532787,0.8072530819850269,0.8072518170927058,0.8072517645902283,0.8072685502818993,0.8072692349210876,0.8072729194685665,0.8072728251471684,0.8071010487319601,0.8071168609013024,0.8071176155112292,0.8071119252157911,0.8071099078605773,0.8071073535611631,0.8034319808168409,0.8034329230316305,0.803435284707135,0.8034318685438504,0.8034313634306961
194,0.8395467953675165,0.8317910418260355,0.8279804285092879,0.8178325615486342,0.8153230083091917,0.8268568301103847,0.826797940233208,0.8270588975548451,0.826635213222235,0.8220020607763698,0.8214509181042955,0.821875290553859,0.8205835142446413,0.820537083658409,0.8148189766989595,0.8148345138748099,0.812480981488377,0.8134506051681667,0.8136057109911875,0.8135377923790652,0.8136168592847627,0.8136018040675803,0.8136857138077125,0.8139824740057322,0.8137903999601236,0.8135471037906656,0.8135175571366531,0.8137673038959051,0.8132428697148084,0.8132521348625223,0.8130997034843338,0.8131634475714747,0.8131246781956386,0.813119779889579,0.812390023505381,0.812414552074289,0.8123549595847603,0.8123446727373871,0.8123720124580348,0.8123710360559421,0.812897826658975,0.8136558193729151,0.8136610793649408,0.8136653817770749,0.8138210196209932,0.8138024392112643,0.8139065991132736,0.8139123815487934,0.8139189775989649,0.8139151922059669,0.8138853178226433,0.8132926174475325,0.8132951864122214,0.8132921557684102,0.8132941383727131,0.81329321999786,0.8132956591687907,0.8132948155341531,0.8132896860255449,0.8133599228536201,0.813349046763608,0.8133491485420192,0.8133595748328651,0.8133572892321321,0.8133538294274927,0.8131973430407581,0.8131912681132825,0.8131921630525717,0.8131935235637557,0.8131941496221142,0.8131952989324378,0.8131942546068756,0.8131943882339365,0.8131932789988997,0.813182976701038,0.8131813885660828,0.8131539526988356,0.8131533061334014,0.8131708963411379,0.8131716890025854,0.8131699621831967,0.8131690566474539,0.8131686717176089,0.8132359112548306,0.81323557084254,0.8132355517655044,0.8132364705013188,0.8132369188737529,0.8132394321958833,0.813239415385027,0.8132018351693774,0.8132268526225552,0.8132270153046632,0.8132259701564295,0.8132256882856368,0.8132252083872201,0.8116814024539369,0.8116826998885422,0.8116861564459656,0.8116810689120948,0.8116803280032632
195,0.8502205082575975,0.8375577969251708,0.8346571243963294,0.8256715611950008,0.8224633110178201,0.8316195657217108,0.8318318687519445,0.8321588243247188,0.8318905579125411,0.8281364614684433,0.8277411123036441,0.8280980599179836,0.8268602443226608,0.8267844770547744,0.8223722933883361,0.8223819433441538,0.8196094020597336,0.8218356754200385,0.8219709346268371,0.8218922975869982,0.821943044429226,0.821911598221773,0.8219838325729626,0.8222984840617956,0.8220711636743742,0.821846452061692,0.8218209408851217,0.8219594549514,0.8214197887395192,0.8214952921487254,0.8213430330559656,0.821405378301482,0.821395887348006,0.821392188387756,0.8200864353526488,0.8200864356877443,0.820086435096867,0.8200864351243679,0.8200864353810878,0.8200864355785841,0.8200864361495342,0.8200864388965836,0.8200864388594161,0.8200864390967801,0.8200864333458756,0.8200864329660748,0.8200864284510432,0.820086428318123,0.8200864284999662,0.8200864283683028,0.8200864272874983,0.8200864245484014,0.8200864245776851,0.8200864243654894,0.8200864243587384,0.8200864242215353,0.8200864242384983,0.8200864241833705,0.8200864241331322,0.8200864187464618,0.8200864180045313,0.8200864178563297,0.8200864181069175,0.8200864178256917,0.8200864174542003,0.8200863849525077,0.8200863843004672,0.820086383662602,0.8200863829732367,0.8200863823555777,0.8200863817185807,0.8200863811628124,0.8200863805193621,0.8200863799619696,0.8200863792463501,0.8200863787511533,0.8200863780396547,0.8200863774495052,0.8200863698073743,0.8200863691233579,0.820086368461988,0.820086367856624,0.8200863671961154,0.8200863689357978,0.8200863683072614,0.8200863676454854,0.8200863674406427,0.820086366771145,0.820086366150096,0.8200863654934606,0.8200863649092716,0.8200863655859472,0.8200863649324714,0.8200863643709128,0.8200863637646092,0.8200863632021167,0.8200863531833731,0.8200863525155384,0.820086352279995,0.8200863516609503,0.8200863509007217
196,0.8312431974756054,0.8406989542899126,0.8424644005896871,0.8419105259080202,0.8378860111505003,0.8377691745309347,0.838080516346798,0.8390877786310907,0.8389668729504831,0.8372010112643298,0.8370608208334411,0.8372413510512292,0.8361495428137308,0.836033590344164,0.8343512900892389,0.8343508430114556,0.8313056534116149,0.8315313164594896,0.8314966037715759,0.8314934851558913,0.8315219175597027,0.8314868288203547,0.831473753936025,0.8316071666488293,0.8315314534592493,0.8315803144604575,0.8315901025684822,0.8317407516377403,0.8318118692727535,0.8319125189917687,0.8319575730484915,0.8319282858825291,0.8319119213468407,0.8319162713494891,0.8313845996374969,0.8313531985635307,0.8314100322101493,0.8314281277226376,0.8314001162345035,0.8313848419006926,0.8312985497763457,0.8311523887425603,0.8311517024871599,0.8311436677614072,0.8273522807291024,0.827377045844825,0.8272899737089698,0.8272977444183761,0.8272890075163394,0.8272939625434155,0.8273308737427905,0.8273340111140848,0.8273287706589404,0.8273357886976813,0.8273321944643334,0.8273348954818385,0.8273303471948796,0.8273319020036847,0.8273258101320629,0.8257313256382339,0.8257375346952168,0.825738815624982,0.8257234277466653,0.8257252058256545,0.8257273232609896,0.8248418649145002,0.8248258701893343,0.8248252582676154,0.8248219096644024,0.8248223523190255,0.8248218607419385,0.8248221932719235,0.824821814193715,0.8248218218399795,0.824819804370206,0.8248191656246342,0.8248205541880445,0.8248191641114905,0.8232795151766699,0.8232795153832082,0.8232795155630488,0.8232795157631014,0.8232795159680347,0.8232795192701076,0.823279519504082,0.8232795197491669,0.8232795193403729,0.8232795195906917,0.8232795198841639,0.823279520122137,0.8232795204832027,0.8232795205920505,0.8232795208423384,0.8232795210203674,0.8232795212343955,0.823279521429618,0.8232795229228954,0.8232795231474247,0.8232795232138329,0.8232795233678715,0.8232795236340814
197,0.8349276302248495,0.8478305349978251,0.8530584461468067,0.8506162873979263,0.8450787530490691,0.8437234704351992,0.8435439269592508,0.8456888386874447,0.8455333619637294,0.8445761200331666,0.8444645028632016,0.8445711839300044,0.8437543646937851,0.8436471440104136,0.842994924874803,0.8429959842381345,0.8405469654455167,0.8400539608358156,0.8400083395813092,0.840015664093431,0.8400311749847598,0.8400244377660188,0.8400032863728045,0.8400591414439824,0.8400639276639142,0.8401331566035471,0.8401433338868611,0.8402788730777421,0.8404563591644391,0.8405277701939995,0.8405988274226285,0.8405606314054205,0.840546928089867,0.8405506947835303,0.8403076985680376,0.8402800568540113,0.8403376974066822,0.8403527145508249,0.840326584037314,0.8403122115111438,0.8402466890309904,0.8400638682497938,0.840062231148738,0.8400541597705098,0.8318697677207562,0.831911312414803,0.8318932418480629,0.8319074972219557,0.831890247052081,0.8318992815484684,0.831977055514818,0.8319738640968263,0.8319641804504585,0.8319764901445242,0.8319695284699855,0.8319741751844304,0.8319654074833672,0.8319667140351595,0.8319561262733551,0.8299833961444811,0.8300173729192298,0.8300186025706192,0.8299921486427763,0.8299994032183461,0.8300108135920389,0.8298032866371343,0.8297662139546326,0.829772206089607,0.8297819165396075,0.8297865501261413,0.8297945653359398,0.829786859320254,0.8297875166329957,0.8297778299662869,0.8297724835092982,0.829777804272936,0.829779390243136,0.8297734521953744,0.8291238230272509,0.8291297178006393,0.8291216041388478,0.8291156441918227,0.8291143597069458,0.8292762551483062,0.8292735940407749,0.8292736720421573,0.8293133709936304,0.829315096424229,0.8293192510432218,0.8293189515977039,0.8293212298898062,0.8293017355988141,0.8293036982643857,0.8292891095344448,0.8292826735756506,0.8292761475997381,0.8292807279218586,0.8292775529216944,0.829268574884181,0.8292784452284505,0.8292805102402746
198,0.8372939142299838,0.84836435454898,0.8546046876017698,0.8506465880988175,0.8445264170619478,0.8447155841952279,0.844145860296434,0.8466899226449277,0.8465778888641075,0.8466238092675729,0.8465521935433433,0.8466053793564479,0.8463019639451899,0.846237205360546,0.8461419947294918,0.8461366823712141,0.8449253026085721,0.8450206864486617,0.8449836343288166,0.8449863260436019,0.8449922877033601,0.8450409681936231,0.8450204146298437,0.845155488623566,0.8452764896910723,0.8453340989304761,0.8453386077432481,0.8454999564516051,0.8457248876194788,0.8458026982550124,0.8458564678973485,0.8458341739097819,0.8458249624790396,0.8458252057939128,0.8457285284632456,0.8457134914685899,0.845760922897065,0.8457657200454359,0.8457557433847561,0.8457466086728629,0.8457083324217755,0.8455755396256656,0.8455734915756772,0.8455687093579946,0.8317653090961035,0.8317653108315122,0.8317653134807887,0.8317653150768225,0.831765316411013,0.8317653179648428,0.8317653200000109,0.8317653215185273,0.8317653226732808,0.8317653241964525,0.8317653255952967,0.8317653271226279,0.8317653285249879,0.8317653296014916,0.8317653309558124,0.8317653202838051,0.8317653218466734,0.8317653230029529,0.8317653242538674,0.8317653255779981,0.8317653269848343,0.8317653312611917,0.8317653320255082,0.8317653334452418,0.8317653349903493,0.831765336352253,0.8317653377787725,0.8317653389316995,0.8317653403290347,0.8317653414746679,0.8317653427096273,0.8317653437594202,0.8317653449129793,0.8317653461443951,0.8317653424235911,0.8317653436913579,0.8317653447748682,0.8317653458187452,0.831765347002786,0.8317653464894643,0.8317653476160761,0.8317653488418528,0.8317653501770057,0.8317653514565436,0.8317653527648261,0.8317653539903884,0.8317653552977704,0.8317653566944385,0.8317653579670745,0.8317653588611249,0.8317653599393999,0.8317653609358748,0.8317653621812583,0.8317653632603633,0.8317653635627857,0.8317653647724633,0.8317653660656578
199,0.5130927345046717,0.4914254558255145,0.49145430942916607,0.4932094263985453,0.5105367533785898,0.5100466968838208,0.5105001943155296,0.5103511799580204,0.5161221651709266,0.5154087507895537,0.5154270774488153,0.515466828595527,0.515496394774724,0.5154644822808222,0.5154729319921761,0.5152918396932469,0.5152613478955126,0.5154457080233659,0.5130400613864851,0.5130446693953452,0.5130481471166343,0.5135519116780678,0.5135452224511172,0.5135345037238563,0.5132914110505526,0.5133818077570304,0.5134303000814987,0.5134604810576077,0.5138790670151724,0.5138848643604945,0.5138836935244118,0.5138328084247921,0.5138190666561919,0.5145517048146474,0.5145635754263246,0.5145318511172865,0.5146029861837258,0.5146163667245801,0.5145956875940274,0.5145274497111281,0.5145022977150068,0.5145157136120557,0.5145596385055613,0.5145530250375654,0.514570898109682,0.514603758823283,0.5146078855329955,0.5146194498427119,0.5146140361913477,0.5146211919848966,0.51469890106474,0.5146866281257014,0.5109906275755608,0.5109924403980927,0.5109894741719225,0.5109892921466366,0.5109650695721059,0.5109549330218498,0.5109535309678805,0.5109521501254718,0.5109568056700985,0.5109598320534886,0.5109596983058763,0.5109583225550292,0.5110169711589726,0.5110160217811873,0.5110157346059098,0.5110148082668217,0.5110150395787298,0.5110086200501596,0.5110087186258873,0.5110085932599084,0.511010051889508,0.5110100468406549,0.51100918602016,0.5110094499399703,0.5110084671297656,0.5110085759619193,0.5110085205584144,0.5110113746533378,0.5110113596857185,0.5109992726671634,0.5109983090995152,0.510999208533683,0.5109984012022035,0.5109983790526147,0.5109933548262855,0.5109929542776197,0.5109929186613943,0.5107475034364265,0.5107475034583502,0.5107475034837158,0.5107475035995664,0.5107475037091462,0.5107475037471713,0.5107475037608611,0.510747503780665,0.510747503815251,0.5107475038395725,0.5107475038796362,0.5107475039045716
200,0.528177502609352,0.5130567822365175,0.5119544712152023,0.5115365815384454,0.5330722831018505,0.5323016840025301,0.5326127313074889,0.532500700761774,0.5402546839180846,0.5386113847354961,0.5384293148256404,0.5385395414038828,0.5385294812107194,0.5385358637657724,0.5385655979021642,0.5383296075256667,0.5383120801484318,0.5384364558302229,0.5357793075651002,0.5357697108697389,0.5357740784084639,0.5363236833397794,0.5363353363439253,0.5363698979270723,0.536063460692677,0.5360872326875911,0.5360489842072143,0.5360321353055977,0.5362205439713947,0.5362273755911542,0.536123990557229,0.5361075374662659,0.5361070378634989,0.5368311761048306,0.536836272197191,0.5368361873567611,0.5368472746790586,0.5368413928421827,0.5368406548047172,0.5367632410700067,0.5367628767579815,0.5367669098645284,0.5369643738284617,0.536965993255955,0.5369669907885898,0.5369678912491725,0.5369692372108756,0.5369710236787041,0.536986494605196,0.5369882232593366,0.5369942547696744,0.5369974028527796,0.532380833208421,0.5323802732156384,0.5323775435528374,0.5323782621137308,0.5324932574969603,0.5324896863710497,0.5324890901681271,0.5324899078481299,0.5324923948296953,0.5324744511326828,0.5324739084311292,0.5324750027799869,0.5325088503146094,0.5325117695032553,0.5325102783270267,0.532511245384297,0.5325121741753929,0.5324875422571202,0.5324880722767286,0.5324875112022098,0.5324881025569279,0.5324874174103791,0.5324875635656563,0.5324877215216208,0.5324882153635628,0.5324878826381899,0.5324878778992582,0.5324860424246384,0.5324855068432316,0.5324678931414273,0.5324683677788087,0.5324677141260516,0.5324679761678859,0.532467992770446,0.532469725347712,0.5324700408971947,0.5324702928265485,0.5323882620692215,0.5323892222625616,0.532388563256204,0.5323950259024848,0.5323984445669211,0.5323980135879438,0.532399702697638,0.5324004155077722,0.5324002413818875,0.5323991112449572,0.5323991268191497,0.5323998823296601
201,0.546311333532484,0.5413605764268409,0.5387075308723869,0.5355693175722109,0.5597243972036542,0.5585574258976715,0.5583690128796213,0.558387711559697,0.5668167058333633,0.5637572054627586,0.5632080493091187,0.5634443820716001,0.5633523846701063,0.5634290709191864,0.5634950921605252,0.5631668271792356,0.5631722938220322,0.5631679767812402,0.5614369194940041,0.5614133615996443,0.5614162568664404,0.5619242262744835,0.5619445286133616,0.5620119634429073,0.561643665096352,0.5616542052072361,0.5614131532935335,0.5613568215999931,0.5613593674528726,0.5613645759725011,0.5611963151649729,0.5612121843638768,0.5612197453809987,0.5618955125830579,0.56189247669768,0.5619196040928582,0.5618734876424182,0.5618483757613804,0.5618646663876903,0.5617572968961124,0.5617778134195205,0.5617720780010126,0.5620142699090642,0.5620221814480234,0.5620081263769119,0.5619805150154757,0.561978692236435,0.5619711257314287,0.5619983741746873,0.5619946842802134,0.5619410484398466,0.561956005083951,0.557885607490901,0.5578817001959153,0.5578687356042318,0.5578695302208135,0.5583269585219583,0.5583248165685144,0.5583254533497618,0.5583267717712557,0.5583248713839116,0.5582845306931467,0.5582846233732937,0.5582862278079513,0.5582636067515429,0.5582657213530612,0.5582651491397668,0.5582663567890416,0.5582666802603478,0.5581959381153012,0.5581963079140589,0.5581958772425677,0.5581960613702477,0.5581954841428265,0.5581961348287805,0.5581975254915609,0.5581986135044745,0.5581982851027405,0.5581983006700898,0.5581966570404459,0.5581962072351518,0.5581620367134531,0.5581630499349077,0.5581622041653623,0.5581629795738038,0.5581630063071567,0.5581654855688809,0.5581660107799544,0.5581662684965979,0.5581578140451422,0.558159017047084,0.5581584229806602,0.5581825485857985,0.5581874014893925,0.5581870889502911,0.5581895863458567,0.5581906276914186,0.558190509656773,0.5581893324802121,0.5581889638575113,0.55818986386193
202,0.5577699909161796,0.5499214475770466,0.5473805020948076,0.5456987163210717,0.5769250778414243,0.5756494906582953,0.5753691053100483,0.5754078867408456,0.5846900166170909,0.5814184245540199,0.5807432830674161,0.5810277599742185,0.5809104539452168,0.5810073943412966,0.5810868856988757,0.5807129951575137,0.5807228889336861,0.5806943594605459,0.5794029458727379,0.579377757048076,0.579379816598359,0.5798946960743958,0.5798914951840944,0.5799637700557015,0.579675962009741,0.5797423573266007,0.5791558955813199,0.5790874851360849,0.5789301030297015,0.5789331029775953,0.5787775376118823,0.5788108180831192,0.5788196014694159,0.5792049076351014,0.579197784089157,0.579235977934297,0.5791648466246493,0.5791282321484199,0.5791514165993542,0.5790626701592775,0.5790910541922204,0.5790810867748604,0.5793024290234206,0.5793123981210296,0.5792923741136788,0.5792535400771974,0.5792503295664668,0.5792388538140436,0.5792575067237223,0.5792516285764904,0.5791726853612362,0.5791914340971689,0.5766903179658451,0.5766830042075359,0.5766553790065403,0.5766558061019226,0.5775341211145227,0.5775316468518864,0.577533040980492,0.5775340758840674,0.5775298679082067,0.5775036867041835,0.5775045228768405,0.5775054231288801,0.5775057114055464,0.5775046261045923,0.577505956597349,0.5775064572572599,0.5775056305907444,0.5774569112506028,0.5774568752036313,0.5774568221228319,0.5774569415059705,0.5774568343159985,0.5774576096394983,0.577457499444963,0.5774586850453808,0.5774585910218194,0.5774586106175646,0.5774587285795365,0.5774586659602083,0.5774094282560855,0.5774104188338175,0.5774104770788153,0.5774114034676509,0.5774114229128257,0.577410224715568,0.5774106000131377,0.5774106323443392,0.5774099993914141,0.5774109716654999,0.5774109391731671,0.5774445175605359,0.5774495707115964,0.5774496796859357,0.5774524624787027,0.5774535657886007,0.5774536520676053,0.5774530998768963,0.5774520755989349,0.5774527498326852
203,0.5915310581576182,0.5697227099384368,0.5703406449590948,0.5765782090054474,0.6123766970009993,0.6106442434599557,0.6095908546424619,0.6098228074960667,0.616176108792515,0.6121825139809911,0.6111745324505157,0.6116415958253548,0.6114458871809066,0.6115965468201586,0.611724960286924,0.6111821046437942,0.6111967421865191,0.6111099839731194,0.6109839228941306,0.6109567667133318,0.6109572555884519,0.6112669351562012,0.6111838297070664,0.6112344221368958,0.6111229287812949,0.6109535373333574,0.6093994652592964,0.6093764911916697,0.6092961286337418,0.6092965439016825,0.6092414383618007,0.6092652543407667,0.6092533891121064,0.6092511737270977,0.6092465771784475,0.6092681553757071,0.6092265760625496,0.6091976621669919,0.6092107619013237,0.6095289534308244,0.6095397817112641,0.6095354942487581,0.6096262436410763,0.6096302789424143,0.6096222641122906,0.6096061722169095,0.6096049169467723,0.6096002023699694,0.6095959254387675,0.6095939626904913,0.6095611695473734,0.6095690814395743,0.6091131082178777,0.6091074852205136,0.6090550416829211,0.6090556672778085,0.6097871714517089,0.609768007599722,0.6097670912952119,0.6097675262368469,0.6097686778379118,0.6097682926127037,0.6097678221493016,0.6097640465810358,0.6098069393427873,0.6098087106707751,0.6098078593861338,0.6098084474414113,0.6098090573370653,0.6106372209134845,0.6106390086600705,0.6106373206332808,0.610637645159787,0.6106355659356603,0.6106348170390763,0.6106374100091191,0.6106367453864017,0.6106357676727866,0.6106357424446367,0.6106477898771828,0.6106462406387521,0.6106233371522045,0.6106233663037166,0.6106207286341587,0.6106181614707586,0.6106181757819722,0.6106287551498102,0.610629172103363,0.6106298189510347,0.6106306428035569,0.6106312162686935,0.6106295136401905,0.6106014400412572,0.610598620532649,0.6105969374409834,0.6105965117638492,0.6105960025337456,0.6105951506766096,0.610592693882278,0.6105956900040719,0.6105963660935296
204,0.6080819776621892,0.5884997108157627,0.5894960625155106,0.5968418753294382,0.6326535136455672,0.6307953468554558,0.6295195210426251,0.6298057601225757,0.6345446100836339,0.6306914800087903,0.6296376213371291,0.63017117461121,0.6299593013400622,0.6301163953553002,0.630260433492297,0.6298049967146834,0.629828957843746,0.6296450100990216,0.6297916890376302,0.6297405447099204,0.6297402047281205,0.6301176089321685,0.6299716509867852,0.6300499630947383,0.6298963031978726,0.6289637114824015,0.62623885449814,0.6262777418456077,0.6264772452374547,0.6264789779546391,0.626491292924019,0.6264967886122923,0.6264573927919572,0.6263930828482599,0.6263933641836524,0.6263994326965615,0.6263910223641266,0.6263682332161711,0.626371598482467,0.6274130163499186,0.6274086951194184,0.627410013803495,0.627466013966191,0.6274660809276528,0.6274676227958293,0.6274691326202775,0.6274696732861356,0.6274707051597882,0.6274808898415174,0.6274822839489929,0.6274869187854576,0.6274882134634139,0.627464488263004,0.6274640268255265,0.627404261044555,0.6274067597405342,0.6278985392429989,0.6278568312803261,0.6278512516350301,0.6278523364929962,0.6278643764471434,0.6278648912386862,0.6278610619824999,0.6278520414122801,0.6278521989342871,0.6278693515152397,0.6278590948722687,0.6278627333470038,0.6278691832897257,0.6301003180808021,0.6301041774532906,0.6301005779207257,0.6301011699509637,0.6300967388926177,0.6300948357679433,0.6301035444663213,0.6301009815325959,0.630098909009985,0.6300988493815749,0.6301212030936244,0.6301178872315172,0.630162095729629,0.6301617998491232,0.630156432444236,0.6301514680011812,0.6301514932457983,0.6301733994118103,0.630174101732924,0.6301753854529906,0.6301756777243394,0.630176474259755,0.6301730745869041,0.6301157661807842,0.6301095791372298,0.6301066014997888,0.6301049108182283,0.630103703562535,0.6301021885550102,0.6300980223263672,0.6301035153636121,0.6301045196955982
205,0.6299577213071447,0.6184096830107182,0.6190299969338529,0.62384536999075,0.6502843210023659,0.6483616722144319,0.6470628365081992,0.6473596418289471,0.6501240513691796,0.6467612889177704,0.645749057039403,0.6463297595865918,0.6461198907599056,0.6462680330416862,0.6464237538693625,0.6460914643727096,0.6461214997065293,0.6458507970276377,0.6461268011562405,0.646056645158682,0.6460553435469654,0.6464790502624621,0.6463800486104812,0.6464809413423714,0.6462697704791648,0.6443059138474949,0.6414654957579472,0.6415835248888101,0.6421514284254307,0.642154881989945,0.6422312988423973,0.6422185953567235,0.6421558375144953,0.6420993960836546,0.6421051667544312,0.6420944248014073,0.6421227616661759,0.6421118351968282,0.6421044111567576,0.6444601186445206,0.6444425848661162,0.6444478436321424,0.6444741950846934,0.6444713213054151,0.6444796029607933,0.6444936514277936,0.6444952487883671,0.6445005066336149,0.644538478154565,0.6445419960259576,0.6445740910380524,0.6445704867184465,0.6446987655911782,0.6447049525744077,0.6447010382582867,0.6447038169224246,0.6449022047162543,0.6448393455910029,0.6448311375941173,0.6448323134762073,0.6448477124469235,0.6448427495302029,0.6448377216064507,0.6448187661184457,0.6447617508370802,0.6447854366974375,0.6447711417238225,0.6447760461531717,0.644785040262779,0.649360631446433,0.6493606309413484,0.6493606303219334,0.6493606297279417,0.6493606290869723,0.6493606284701927,0.6493606287657899,0.649360627555431,0.6493606269578835,0.6493606263815765,0.6493606269006902,0.6493606262952546,0.6493606314075512,0.6493606309237492,0.6493606305178734,0.6493606294684428,0.6493606289628475,0.649360629234249,0.6493606287313655,0.6493606282383938,0.6493606277440745,0.6493606272361946,0.649360626860329,0.6493606263069385,0.6493606258015396,0.649360625312964,0.6493606247995092,0.6493606243338791,0.6493606238552379,0.6493606236304382,0.6493606233102756,0.6493606228080603
206,0.6564349463732174,0.6553308258406324,0.6555409202825776,0.6563138719704572,0.6685992830702537,0.6669134160134933,0.6659607904509643,0.6661824722864835,0.6674164540738133,0.6651361442279493,0.6643338699614102,0.6648323640170838,0.6646766806850087,0.66478475170367,0.664922677486597,0.664734236010097,0.6647614393372054,0.664498319380985,0.6647495302978507,0.6647019059359266,0.6647023454627743,0.6650746958297543,0.6651437686315013,0.6652318527528164,0.6650359071090881,0.6626872532912005,0.6607286908847072,0.6608983879551786,0.6616099154302129,0.6616136806759608,0.6617015850747074,0.661688845421007,0.6616777870673203,0.661638060172503,0.6616456385297844,0.6616296707266383,0.661670222419961,0.661664773222138,0.6616534413895179,0.6655201448589716,0.6655054034815826,0.6655070162793063,0.6655206089004654,0.6655193566611858,0.6655223188012744,0.6655267702963952,0.6655270349295649,0.665529855080364,0.6655680171380762,0.6655692851166758,0.6655815017526584,0.665580635825566,0.6656823234696753,0.6656890382811154,0.6657270189441528,0.6657197992746952,0.6657796968059391,0.6657319885957049,0.6657271615655389,0.6657274660781319,0.6657307325334999,0.6657273395687265,0.6657258461498479,0.6656934684528646,0.6656609906998796,0.6656680230143793,0.6656638674673861,0.6656654263739787,0.6656681123195463,0.6679253546158506,0.6679267559605255,0.6679254578281606,0.6679256726552067,0.6679245216735585,0.6679238260195896,0.667957085388194,0.6679107503630899,0.6679102764262096,0.667910256945073,0.6679479016290059,0.6679473405253786,0.6680115343506564,0.6680116965828349,0.6680125028002373,0.6679643837250886,0.6679644190222581,0.6679626707106797,0.6679626932481666,0.6679626895463093,0.6679627211678335,0.6679628504864397,0.6679629540969354,0.6679862291295695,0.6679866757305224,0.6679888321061048,0.667985470619301,0.6679858407334337,0.667985861779481,0.6679860659252205,0.6679857834031685,0.6679858089922188
207,0.6879220897248751,0.6979586817346338,0.6972966521355686,0.693433802478099,0.6892992407218009,0.6882325177453112,0.6878113729272727,0.6879016095665403,0.6880572797987322,0.6869306323882824,0.6864929518783431,0.6863077091554666,0.6862639845031168,0.6863121745044974,0.6863593872806208,0.6862948279488991,0.686322526931375,0.6861312878821546,0.6862637116956389,0.6863885179342749,0.686403971552185,0.6866187392408921,0.686843510691292,0.686876877153249,0.686757532359603,0.6849472808577198,0.6844680706935599,0.6846853827578868,0.6853533892346829,0.6853572388634737,0.6854274287298752,0.6854255912138164,0.6859346809008651,0.6859094619261675,0.6859167569157597,0.6859028395703912,0.6859409398051065,0.6859361965398261,0.6859247379001849,0.6902954313960403,0.6902654956255336,0.6902680173385305,0.6902729198070992,0.6902716233733874,0.6902768107306753,0.6902853359989486,0.6902870946820245,0.6902969440307605,0.6903107964866209,0.6903127593006934,0.6903296993284457,0.6903285521839279,0.6903547183249946,0.690363904972008,0.6902990722198548,0.690236012460662,0.6902401496434936,0.6902188043121904,0.6902103321031463,0.6902107642123785,0.6902174100400844,0.6902185476665055,0.6902162921156169,0.6901902735729541,0.6902128764838684,0.6902208901463298,0.6902160777923693,0.6902177319382582,0.6902206765629053,0.6906865234628723,0.6906907682930805,0.6906867957900343,0.6906873675567556,0.6906845033361807,0.6906822969639561,0.6907241199208748,0.6907620884917755,0.6907595992957668,0.6907595229543404,0.6907790620803043,0.6907749828779121,0.6906883815446104,0.6906877247743977,0.6906803366808119,0.6906211025824703,0.6906212225189098,0.690653816568568,0.6906548120589754,0.6906567796599228,0.6906566422379027,0.6906582061028811,0.6906530645442072,0.690663639345402,0.6906553865795283,0.6906569337082662,0.6906512942899826,0.6906496611948579,0.6906478225672334,0.6906428791688205,0.690649806644978,0.6906509866826672
208,0.7318318114751203,0.7086328876014286,0.7099132267245706,0.7290119282322468,0.7221300432897947,0.7222087191096106,0.7211123485555202,0.7212714238027401,0.7204558811687372,0.7179930861354515,0.7178061825803272,0.7155828352794401,0.7156144474950898,0.7156590115097693,0.7154065076974613,0.7154443138240819,0.7155313425001519,0.7151678776115481,0.7153097774945961,0.7159275600848606,0.7159728968309795,0.7160490156501674,0.7157760380814763,0.715792824086271,0.7156789979723226,0.7151096698918542,0.7152128222880958,0.7153632083305842,0.7157036342268883,0.7157066891084495,0.7157033583419249,0.7157519618327118,0.7176066575929648,0.7175902925987184,0.7175893704223523,0.7176011616822973,0.7175823023292767,0.7175653216722272,0.7175686963827517,0.7197925947574768,0.7197664851999512,0.719763655848134,0.7197705787138504,0.7197728109750564,0.7197755867872743,0.7197789201969095,0.7197838675668241,0.7197960752947716,0.7198046014936081,0.7198052396774338,0.7198091234945969,0.7198140322242518,0.7198197447493548,0.7198362173523484,0.719750337120003,0.7195315916212814,0.7195315915999208,0.7195315910583574,0.719531591047305,0.719531591060939,0.7195315910845125,0.7195315911166699,0.7195315911462727,0.7195315905302327,0.7195315908324807,0.7195315908519859,0.719531590863966,0.7195315908781866,0.7195315908897743,0.7195315906331194,0.7195315906499159,0.719531590645524,0.7195315906569886,0.7195315907360019,0.7195315907320329,0.7195315923452199,0.71953161460931,0.7195316149091714,0.7195316151975172,0.7195316155768855,0.7195316158902975,0.7195316152039535,0.7195316154959239,0.7195316157718153,0.719531616140448,0.7195316164133809,0.7195316159672777,0.7195316162378376,0.7195316164923251,0.7195316167675713,0.7195316172763456,0.7195316175241699,0.7195316178232699,0.7195316181749107,0.7195316174598675,0.7195316176730476,0.7195316178617699,0.7195316181826066,0.719531618327709,0.7195316184674517,0.7195316187334978
209,0.7486493527249972,0.7327481310546907,0.7327183774039219,0.759192983905926,0.7394494503713562,0.7408294580187457,0.7389503053380642,0.7392191471310141,0.7378946549067574,0.7339141922858056,0.7336574033884048,0.730438451504018,0.730488537254173,0.7305463105145146,0.7299848511760173,0.730056675892075,0.7301954898211647,0.729676433419113,0.7298522287967688,0.7309062308280782,0.7309488343989062,0.7309863219845901,0.7306674810213568,0.73068691904982,0.7305670016299904,0.7303863239908023,0.730512776500486,0.7305551389048343,0.7307764947028313,0.7307796616131913,0.730756667621648,0.7308192061395469,0.7328274288015403,0.7328150075632918,0.7328114760991112,0.7328311723999722,0.7327891616853941,0.7327720840723707,0.7327821306930582,0.7341396329627927,0.7341688842502542,0.734157312457173,0.7341651616934981,0.7341697287882111,0.7341677887064005,0.7341623999604927,0.7341696553350667,0.7341668797639245,0.7341760633406964,0.7341747906135707,0.734161010992302,0.7341712876938693,0.734176047950564,0.7341912481549099,0.7341271873720346,0.7339895582638127,0.7339902024542109,0.7339624632653,0.7339770431458441,0.7339765057436786,0.7339691200006903,0.7339693647024,0.7339737331774295,0.7339262216502878,0.7339281166357347,0.7339204170942822,0.7339256671416419,0.7339241122475147,0.7339208991849215,0.7338789933503849,0.7338767094434178,0.7338788217064813,0.7338785908883213,0.733878603982918,0.733879220529515,0.7339572228384346,0.7357011753118613,0.7357059934340283,0.7357061048373591,0.735700202246289,0.7357081477602777,0.7357093663137181,0.7357120310989611,0.7357275867089138,0.7357151678337612,0.7357143483146931,0.7356493628625878,0.7356476196985651,0.7356438818917016,0.7356442086114917,0.735657757765916,0.7356674160779523,0.7356651311730452,0.7356810841828868,0.7356051165992611,0.7356108539814135,0.735609584123215,0.7356157904375865,0.7356237901697046,0.7356127380542099,0.7356109722858963
210,0.7737021580122264,0.7732391804091097,0.7731694032714236,0.8086608228223556,0.7715523765681563,0.7768882693636666,0.7735747728144764,0.7740444831743275,0.7719700751902945,0.7651427407022257,0.7645157677883522,0.7605823692826864,0.7606283844033355,0.7607165244697743,0.7592202412325523,0.7593300493539885,0.7595788604435632,0.7587397623953236,0.7589750470596133,0.761311933409462,0.7613119325604278,0.761311933252357,0.7613119325689397,0.7613119327927084,0.7613119321837979,0.7613119324594477,0.7613119326367366,0.7613119282394223,0.7613119288014333,0.761311928649367,0.761311927980525,0.7613119284131753,0.7613119375716323,0.7613119374674471,0.7613119373996783,0.7613119373769457,0.7613119367249842,0.7613119365496586,0.7613119366936063,0.761311938793995,0.7613119549378202,0.7613119540984618,0.7613119539593045,0.7613119543549687,0.7613119545254536,0.7613119545919832,0.7613119551104038,0.7613119534272793,0.761311953776038,0.7613119539824179,0.7613119537883694,0.7613119541942137,0.7613119544524284,0.7613119547574311,0.7613119547238173,0.7613119545203537,0.7613119547935436,0.7613119545900203,0.7613119553175428,0.761311955504886,0.7613119554715793,0.7613119556775615,0.7613119560136082,0.7613119554449878,0.761311955612185,0.7613119555658835,0.7613119559559836,0.7613119561084226,0.7613119562028536,0.7613119560340658,0.7613119561552834,0.7613119564312074,0.7613119566358791,0.761311956802962,0.7613119568634581,0.7613119585999703,0.7613119956659731,0.7613119963672723,0.7613119970252079,0.7613119975642636,0.761311998309975,0.7613119989371867,0.761311999771013,0.7613120004870109,0.7613120006316135,0.7613120012224716,0.7613120001235748,0.7613120007468396,0.7613120013427117,0.7613120019793351,0.7613119994249848,0.76131200002501,0.7613120005957618,0.7613120014240029,0.7613119993333328,0.7613119999327856,0.761312002457209,0.7613120026586838,0.7613120029964355,0.7613120032852019,0.7613120038703386
211,0.7890691450656514,0.8020734716916647,0.8009745967121504,0.8189759493251783,0.7910208747330582,0.7993932005960381,0.796399032300134,0.7967908720768788,0.7950851023935842,0.7885864839935157,0.7878373061795099,0.7857615241598334,0.7858932469371886,0.7859811268605358,0.7833477785620719,0.7834331527962378,0.783619467808723,0.7827167612038949,0.7829043272987207,0.7839639079238127,0.7839024589393699,0.7838986020833184,0.7839982529594699,0.7840637866694549,0.783911602498297,0.7839457571867791,0.7839394904096981,0.783131425329689,0.7831543332429112,0.783192899282268,0.7831646953522462,0.7832038457455899,0.7831822308377772,0.783180697825883,0.7831643218413229,0.7831672315104123,0.7831025855154005,0.7830970650862249,0.7831154079534827,0.7830046322728811,0.7867885928847627,0.7866980071172545,0.7867030905383976,0.7867120866201791,0.7867182556883443,0.78669920674597,0.7867682478404251,0.7866107659267774,0.7866173247563613,0.7866140046656985,0.7865829327598383,0.786498734909439,0.786502563326138,0.78649825632738,0.7865016975063167,0.7865041231039485,0.7865076784484398,0.7865021791210911,0.7864865815165338,0.7864915241539827,0.7864768312229786,0.78647685773025,0.7864792469737886,0.7864689137288201,0.7864643342655319,0.7864727160411922,0.7864843408208441,0.7864802449464268,0.7864730731642863,0.7864708120894787,0.7864662321493278,0.786470763173304,0.7864701933980547,0.7864891023180569,0.7864601176214264,0.7864602654221955,0.7864716759479317,0.7864730027666467,0.7864755784924103,0.7864739052076135,0.786476020048833,0.7864770019861035,0.7864911178173764,0.7864976329454947,0.7864941347075987,0.7864924751479672,0.786471981053994,0.7864719115625266,0.7864736754902161,0.7864737754698979,0.7854925131375646,0.7854966555093235,0.7854958071064518,0.7855026683827189,0.785501674532582,0.7855047092967548,0.7855942144567772,0.7855786963878155,0.7855829959894598,0.785577564644062,0.785576697346989
212,0.8082568463444258,0.8098494134101735,0.8082390910446672,0.8147508548543868,0.7985267129341321,0.8061297053754263,0.8041108587312632,0.804352862646595,0.8032836089266561,0.7985736825044425,0.7980057777811266,0.7971154496012104,0.7972365797726644,0.7972967819452249,0.794470639431826,0.7945213279451009,0.7944699043416475,0.7937331626302333,0.7938527557346554,0.7944030255356208,0.794438348419108,0.7944357107132044,0.7945100859398829,0.7945775089450022,0.79446408752908,0.7944782028756522,0.7944716750650773,0.793927246709826,0.7939070501793126,0.7939324629455392,0.7938968702230289,0.7939253791144092,0.7938584668000764,0.7938566281803525,0.7938060575644202,0.7938225454875596,0.7937587349812011,0.7937520414457472,0.7937713467461499,0.7936916788105836,0.796912371469356,0.7970957390991641,0.7970977741000832,0.7971007065928845,0.7971399961239122,0.7971442560677252,0.7972745650919428,0.797192782021557,0.7971905902993753,0.7971914374048178,0.7972018650180819,0.7969395250527859,0.7969389216639683,0.7969397947916927,0.7969400420538997,0.7969433577620173,0.7969428326580544,0.7969390790718609,0.7969120736547194,0.7969261784475553,0.7969279025537631,0.7969280499161654,0.7969269514023005,0.7969228369814295,0.7969237009323813,0.7969790770276828,0.7969786259457282,0.7969782255804544,0.7969784770637676,0.7969791055914729,0.796979480516948,0.7969795967420902,0.7969796444707741,0.7969900028249003,0.7969467664307903,0.7969400936503156,0.7968151508849969,0.7968146017239268,0.796820072297675,0.7968209118940496,0.7968198423191128,0.796818642833071,0.7968282372181206,0.796830402208784,0.7968275095353118,0.7968264332571643,0.7968301888559707,0.7968306783812014,0.7968362772362387,0.7968362546519461,0.7949300703470633,0.7949300705628644,0.7949300708398238,0.7949300710833476,0.7949300713184526,0.7949300715584587,0.794930053806054,0.79493005359762,0.7949300535729545,0.7949300537380034,0.7949300538547152
213,0.8185219319558129,0.8302253817646212,0.8269026202866637,0.818103664663385,0.8150231928838654,0.8206246334260819,0.8207370731108349,0.8209670493371274,0.8205513675837397,0.8172706945864913,0.8168055998495469,0.8171661586792403,0.8157185320855446,0.815677432550869,0.8122640569636531,0.8122788109647041,0.8105901070922126,0.8102033857120421,0.8102824549360003,0.8103030470838026,0.8104179207667693,0.8104140069864838,0.8104639327130994,0.8106266600913926,0.810537907639029,0.8104549581659892,0.8104418936846931,0.8105194627019862,0.8103174439392199,0.8101598552731717,0.810084373550844,0.8101144531286754,0.8100117485663849,0.810008716513285,0.8097770464315364,0.8097987835211213,0.8097430616248934,0.8097343412146363,0.8097890190579543,0.8097670800517787,0.8111320051055992,0.8133161297644168,0.81331726499766,0.8133161202318824,0.8134371317389969,0.8134522869156469,0.8136922131542074,0.8137225277963431,0.8137172069810525,0.8137185099881973,0.8137444305664101,0.8126331521525648,0.8126303989218746,0.8126337965623783,0.8126319541419631,0.8126338540148423,0.8126313125816055,0.8126297995216726,0.8126178214910124,0.8126532104868972,0.8126637287742227,0.812663869019777,0.8126618242112773,0.812663462325488,0.8126671714943172,0.8127251506480003,0.8127168050891262,0.8127190663815267,0.812723828232398,0.8127255426309637,0.8127290944150692,0.8127262437658505,0.8127266295714578,0.8127249676962751,0.8127102963430369,0.8127099223271209,0.8126566893344397,0.8126551740177936,0.8126633252609992,0.8126653658470347,0.8126625624757885,0.8126602610990562,0.8126639074413362,0.8126628704673627,0.812661596071014,0.81266140049694,0.8126790675258989,0.8126796708962993,0.8126917745707812,0.8126916833253905,0.8123340522521058,0.8123338972865448,0.8123342933572661,0.8123312305777544,0.8123308473084347,0.8123294784427298,0.8113151291967777,0.8113123969060465,0.8113081092426648,0.8113140634490936,0.8113150437967496
214,0.8372554266623314,0.8406503023714029,0.8369650749963219,0.8258806061431546,0.8208159873932988,0.8264318580087798,0.8268959933277314,0.8272516495884177,0.8267722163837045,0.823004197512797,0.8224705323528284,0.8228963230852642,0.8208483008968859,0.8207730105136591,0.8169298744026983,0.8169445535684455,0.8143067112323868,0.8141070529307605,0.8142042430623355,0.8141697318067864,0.8142691885716382,0.8142623540528077,0.8143201569557228,0.8145500660006973,0.8144367992975144,0.8143059914531862,0.8142886512259488,0.8144859406872836,0.8141991096357525,0.8140192683076243,0.8139264634353061,0.8139643494002206,0.8138794465295289,0.8138760771325322,0.8135146895777721,0.813532571172822,0.8134832640566249,0.8134751340565742,0.8135329840284679,0.813519610811404,0.8144843086150272,0.8169160609705481,0.816919234021366,0.8169203437367087,0.8170523083301131,0.8170531873685467,0.8173127031824684,0.8173375200007924,0.8173378799185531,0.8173362143510712,0.8173353248549724,0.8156527912986253,0.8156527914613244,0.815652791641225,0.8156527918339144,0.8156527920305053,0.8156527922257233,0.8156527923442376,0.8156527924001107,0.8156527944677231,0.8156527946308225,0.8156527948255755,0.8156527950363919,0.8156527952308564,0.8156527954321712,0.8156527979378297,0.8156527980944429,0.8156527983206282,0.8156527985467663,0.8156527987824828,0.81565279901802,0.8156527992515122,0.8156527995012068,0.815652799766833,0.8156527993794361,0.8156527994939776,0.8156527987988995,0.8156527990240419,0.815652799293113,0.8156527994906074,0.8156527997083258,0.8156527999237174,0.8156528001961526,0.8156528008945533,0.8156528011167871,0.8156528013396208,0.8156528010199294,0.8156528012434616,0.8156528017770065,0.8156528020023185,0.8156527977462004,0.8156527980422785,0.8156527982150308,0.8156527984611539,0.8156527986913736,0.815652798890944,0.8156527616431942,0.8156527614957428,0.8156527615406914,0.8156527612559388,0.8156527610516708
215,0.8415727785860814,0.8473044012790897,0.8464118901577253,0.8399613636171848,0.8333107323068205,0.8361423127614559,0.8371150702866712,0.8378405524245183,0.8373751431021588,0.833690472467492,0.833194144046146,0.8335826129639863,0.8309466232747824,0.8308059194464328,0.8274906213124718,0.8275034334106245,0.8227182673217691,0.8229322787010077,0.8230147580607388,0.8229555943467277,0.8230183222453928,0.823001970260869,0.8230491125382271,0.8233515892004005,0.8232242640340672,0.8230957993855443,0.8230811043138317,0.8232987076200108,0.8230222355924269,0.8229751971492604,0.822901225949243,0.8229299444461506,0.8228897657117863,0.8228879824859369,0.8223087080701812,0.822309139167651,0.8223037159878144,0.8223037703486622,0.8223311918008056,0.8223249488300061,0.8225926786038776,0.8240281770122622,0.8240314906643733,0.824033134311945,0.8238674257650805,0.8238619780444739,0.824061556544641,0.8240714979509967,0.8240738464953707,0.8240717946706685,0.8240610395002897,0.8234341937133186,0.8234356441774303,0.823433981041553,0.8234350695652003,0.8234344588907229,0.8234358603449549,0.8234356626928349,0.8234360156171135,0.8233040375936045,0.8232908764156721,0.8232909918687253,0.8232910444373797,0.8232884072250649,0.8232841142646007,0.8235005721906248,0.8234984837580102,0.8234942514312844,0.8234862666290315,0.8234837840405504,0.8234788113032476,0.8234831513807337,0.8234824786155991,0.8234879937232615,0.8234677491368824,0.8234638849495631,0.8234615706765108,0.8234641174787094,0.8233517779957602,0.8233484650174364,0.8233502643912808,0.8233536433229033,0.823354059847112,0.8233974877845968,0.8233991229774502,0.8233990745148341,0.8233615874871276,0.8233607508364826,0.8233637509068646,0.8233639166876441,0.8233900078938929,0.8233954831820818,0.8233944224068553,0.8234028800090262,0.8234067132677766,0.8234105245284997,0.8232261984646877,0.8232292155715086,0.8232374347659772,0.8232256774473953,0.8232238502079223
216,0.8325064497178778,0.8475057436250493,0.8500682651871259,0.8494466201483765,0.842844207212076,0.8424231496445013,0.8434492707694087,0.844720983193235,0.8443155230624634,0.8412724260545388,0.8408800141682561,0.8411718479480148,0.8385318794108869,0.8383542795272414,0.8360733634390519,0.8360828820270435,0.8299316897642409,0.8299864168288515,0.8299919478967734,0.8299722297109379,0.8300062192088131,0.8299846320958052,0.8299912351767939,0.8301665237688943,0.8300950652977631,0.8300797206039625,0.830079942206653,0.8302286474340255,0.8301839059298761,0.8302842080276556,0.8302841702321079,0.8302782337001962,0.8302578611713962,0.8302593288131968,0.8298041636879304,0.8297892909703406,0.8298201214493712,0.8298289723484046,0.8298216170720402,0.8298122774336155,0.8298407068109087,0.8301529272923166,0.8301529935954468,0.8301497976885228,0.8290624210323276,0.8290839876049299,0.8291925206132981,0.8292041177541586,0.8291945402683806,0.8291990742246135,0.8292436287916459,0.8290530629238048,0.8290479009203915,0.8290543893105999,0.8290506325515248,0.829053071442049,0.8290483769999555,0.8290485990393646,0.8290427397783887,0.8275500000075527,0.827542092495711,0.8275424694048503,0.8275369646655312,0.8275355040435455,0.8275329168846662,0.8276483442818396,0.8276328616828232,0.8276301745675724,0.8276245974447882,0.8276232402205641,0.8276200453727844,0.8276235784471816,0.8276230679067815,0.8276263663855777,0.8276157181651135,0.8276135089635295,0.8276138030558717,0.8276149152655805,0.82726543332703,0.8272640841024056,0.8272619040743415,0.8272631141845362,0.8272627610883531,0.827314007186042,0.8273146542215887,0.8273146314016078,0.8272958022839614,0.827295488406079,0.8273015135620928,0.8273015772190041,0.8273165916026436,0.8273144596976987,0.8273140584649652,0.827317397421056,0.8273189163824642,0.8273204191867765,0.8273178460827574,0.8273189722401784,0.8273220752974807,0.8273169995843057,0.8273163061625035
217,0.8326541033553961,0.8516190008463269,0.8575769663324443,0.8563405393750616,0.8498865620038965,0.8478326159725436,0.8481676057701663,0.8504710270993903,0.8501789573889389,0.8481924227705495,0.8479573472432325,0.8481320828064923,0.8463081770292648,0.8461339561651007,0.8449477777960147,0.8449541826147668,0.8401888813910907,0.8397290010689757,0.8396856702184384,0.8396932659263721,0.8397163690499585,0.8396896033513258,0.8396705369290027,0.8394100255088178,0.8393669304844078,0.8394185474563834,0.8394275670157568,0.8395341328828128,0.839642697093518,0.839666833275648,0.8397301355313651,0.8396927639145599,0.8396786796032265,0.8396827882299488,0.8393989475863911,0.839372374774197,0.8394251738913551,0.8394409726733622,0.8394115401564493,0.839397681299015,0.839336308550965,0.8390988123971937,0.8390962326064768,0.8390878588713456,0.8353306648299489,0.835392218235992,0.835419877027661,0.8354418922702554,0.8354150834330522,0.8354281524679585,0.8355508650925786,0.8355280688760398,0.8355133852664915,0.8355315623812141,0.835520795494713,0.835527630146278,0.8355141091695797,0.8355151588349233,0.8354991348800894,0.8305061685161371,0.8305348236871126,0.8305357842308935,0.8305137087994938,0.8305197843676511,0.8305294844146542,0.830497448753539,0.8304478896337475,0.8304536842810857,0.8304636779040053,0.8304680744951078,0.8304758565071865,0.8304688727240294,0.8304695425037293,0.8304601238776479,0.8304525712083184,0.8304579681519585,0.8304594893798294,0.8304539437795195,0.8298590472784487,0.8298652005563505,0.8298548489545907,0.8298483017786508,0.8298465055768697,0.8299336019809738,0.8299307939115034,0.8299308665624294,0.8299774690732905,0.8299792434521688,0.8299870754339113,0.8299867677101088,0.8299924560161812,0.829974428758844,0.8299764189044753,0.8299613122994417,0.8299546541102707,0.8299479499303536,0.8299626251898518,0.8299593234560954,0.8299501692372554,0.8299607639829454,0.8299628006068045
218,0.8394617477576771,0.8564145870549801,0.8660901995995994,0.8625822411709904,0.855243856242181,0.8541296337522714,0.8536116885139188,0.8574726968508796,0.8572701565668269,0.8562652379443715,0.8561240813725499,0.8562124961351919,0.8552153015098661,0.8550855408344046,0.8546482352359642,0.8546524172654707,0.852013240045375,0.8515288575531831,0.8515038788680708,0.8515081006531423,0.8515215691411647,0.8515129754114076,0.8515009904143651,0.8510946981436154,0.8510850108986151,0.8511198020288274,0.8511251502927004,0.8512009860289835,0.8513045869372963,0.8512735093942725,0.8513315590771776,0.8512987338382009,0.8512892395400736,0.8512920362197401,0.851168185475798,0.8511481860701097,0.8511886563483615,0.8511999213687947,0.8511752428369543,0.8511646112376379,0.8511149525880812,0.8509068864942521,0.8509042000309263,0.8508970427988409,0.8454137815871863,0.8454677664817432,0.8454780044784044,0.8454969341844681,0.8454731746246033,0.8454847008122761,0.845593331965309,0.8455894458516459,0.8455764406118274,0.8455923137043296,0.8455826942649268,0.8455886712817686,0.8455765920040709,0.8455774716708894,0.8455633063438577,0.8408209416460173,0.8408814706302,0.840882335858826,0.8408537277994929,0.8408660925645517,0.8408865044196904,0.8409606182512814,0.8408878695175072,0.8409013321251855,0.8409268637116201,0.8409361347473936,0.8409538463779185,0.8409368623263992,0.8409387192845204,0.8409178798258135,0.8409075573311124,0.8409200245203787,0.8409218898955829,0.8409110626764973,0.8406333257202796,0.8406460206776362,0.8406274523370346,0.8406138196489159,0.840610739234081,0.8406824934579792,0.8406763056068349,0.8406764699333097,0.8407892691021457,0.8407929624733456,0.8408018306118173,0.8408011829234087,0.840805568688244,0.8407776987664883,0.8407818521714111,0.8407496424463222,0.8407353496935364,0.8407209934002088,0.8407222822875761,0.8407151660963222,0.8406952205033125,0.8407199066164188,0.8407242382380514
219,0.8436008330798617,0.8555671024372162,0.8653934582689828,0.8608527814181265,0.8532242913649604,0.8531528083432633,0.8523462404948763,0.8564062462209748,0.8562637953186201,0.8559394535873734,0.8558453872389099,0.8559054441420846,0.8553945255550554,0.8553071545277892,0.855127594790051,0.8551261899256655,0.8535061784469313,0.8533624322118241,0.85333402417004,0.8533367382595656,0.8533438950982373,0.8533697176757472,0.8533543007099577,0.8533618306356338,0.8534298234598623,0.8534780277136234,0.8534827939761885,0.8535984865553863,0.8537724506653662,0.8538133814850453,0.8538682876060916,0.8538420764828699,0.8538331767024299,0.8538344556627401,0.8537452857755375,0.8537290880879173,0.8537713449302712,0.8537783389539532,0.853762973324373,0.8537536502020944,0.8537131716491979,0.8535532644975441,0.853551435742848,0.8535459123016041,0.8457083857347459,0.8457295766307463,0.8457627752013409,0.8457703398367045,0.8457607449921773,0.8457652383971762,0.845810768812365,0.8458118335511037,0.8458065434991522,0.8458126714410484,0.8458087615488923,0.8458111058301844,0.8458061993658867,0.8458058636313072,0.8458000658362069,0.8436723435527649,0.8437082452218594,0.8437084472568819,0.8436983949035571,0.8437055997625851,0.8437178651798736,0.8438264707464549,0.8437808789648238,0.8437893292096157,0.8438057994557343,0.8438111609677452,0.8438218887085611,0.843811585102078,0.8438128893300233,0.8438005212330559,0.8437941557994811,0.8438020709884527,0.8438027786446027,0.8437968879935012,0.8436370892986561,0.8436441594652287,0.8436330228443932,0.8436249478752165,0.8436232718326904,0.8436362489059691,0.843632508889913,0.8436325928172108,0.8437117199376725,0.8437138415234261,0.8437189833279568,0.843718619547725,0.8437211643732218,0.8437145125916106,0.8437168514057668,0.8436981316456912,0.8436897706480331,0.843681504516628,0.8436832051387725,0.8436789407110737,0.8436673191740165,0.8436833759916698,0.8436858349194581
220,0.5330886441791141,0.4899341426646517,0.4904989465271097,0.49570306115363416,0.5329010218418748,0.5326376818239673,0.534036808295436,0.5335934024070759,0.5441679020711425,0.5449667316919559,0.5452736115492659,0.5452455740824753,0.5453402880162803,0.5452258712430019,0.5452046947538006,0.5449665403432444,0.5448905575525944,0.545283672153461,0.540553791509425,0.5405537920804644,0.5405537924996747,0.5405537922420597,0.5405537925695323,0.5405537925107247,0.5405537909851945,0.5405537927469162,0.5405537935117847,0.540553794313327,0.5405537969095047,0.5405537973567935,0.5405537989953286,0.5405537991106582,0.5405537994021017,0.5405538013628227,0.5405538019293751,0.5405538021546359,0.5405538031265733,0.5405538037802463,0.5405538040806271,0.5405538039066888,0.5405538041184991,0.5405538046706099,0.5405538020902741,0.540553802424983,0.5405538029769982,0.5405538037420415,0.5405538041566235,0.5405538047028849,0.54055380514315,0.5405538056463612,0.5405538069167178,0.5405538071877614,0.5405537883353922,0.5405537886170529,0.5405537884318041,0.5405537885812848,0.5405537904140134,0.5405537904329945,0.5405537904575461,0.5405537905446304,0.5405537911222432,0.5405537900108196,0.5405537899955027,0.5405537901589484,0.5405537909602318,0.5405537916221098,0.5405537913982832,0.5405537916216546,0.5405537920093001,0.5405537915922908,0.5405537919009766,0.5405537918960982,0.540553792075694,0.5405537920387126,0.5405537920526555,0.5405537922927257,0.540553792383538,0.5405537924385947,0.5405537925774283,0.5405537932324965,0.5405537932229217,0.540553792933783,0.5405537929836567,0.5405537928083379,0.5405537928275305,0.5405537929650159,0.540553794139613,0.5405537943052784,0.5405537945322706,0.5405537934386693,0.5405537935596761,0.5405537934374542,0.5405537941507359,0.5405537936345659,0.5405537936091606,0.5405537934136447,0.5405537933953991,0.5405537934316331,0.540553793305268,0.5405537937593053,0.5405537938943078
221,0.5540748232354592,0.5304655437216247,0.528513333454794,0.5283003011613502,0.5652804801140168,0.5644146420718483,0.5649408011106688,0.5647634261442857,0.5765540584870087,0.574722096951166,0.5743954494768866,0.5745485421813873,0.5745099663404345,0.5745396062525963,0.5745815014916473,0.5743193200296729,0.5743097540529207,0.5743901280607,0.5721405593101735,0.57212097513799,0.5721232397898914,0.572660590124312,0.5726681256804201,0.5727338221713085,0.5725181506083761,0.5725479733290212,0.5721503915639228,0.5720837529345613,0.5718755029913474,0.5718778923174644,0.5717379694306519,0.5717732974840867,0.5717847488521716,0.5720322202930981,0.5720250446452527,0.5720626495422465,0.5719923231721643,0.5719573805746933,0.5719802864606279,0.5719180720423124,0.5719465795249989,0.5719363977372546,0.5721505865374505,0.5721605965254947,0.5721401635919287,0.5721006604116715,0.5720972728357294,0.5720854761827813,0.5721152529613523,0.5721090208992353,0.5720261273352691,0.572044999009001,0.5701890031902294,0.570183031756282,0.5701619013345622,0.5701627347182765,0.57087870315231,0.5708777531260226,0.5708773930064898,0.5708791473039342,0.5708809339849462,0.5708703852805846,0.5708695051341178,0.570871899709866,0.5708874666162957,0.5708925831153309,0.5708902705810045,0.5708921658297447,0.5708935634736224,0.5708181361774795,0.5708189823104273,0.5708180823274132,0.5708183487728506,0.5708171816319202,0.570817669399501,0.570818118784519,0.5708192456686434,0.5708186232658825,0.5708186329223699,0.5708176373132221,0.5708167052703165,0.5707888217869899,0.5707898880488028,0.5707881612374442,0.5707887137090456,0.5707887483518328,0.5707946781150828,0.5707953421284853,0.570795790462316,0.5707928328503913,0.5707942294537769,0.5707930242925308,0.5707984519291074,0.5708026737226314,0.5708018397505792,0.5708044887083635,0.5708053783311374,0.5708050011108796,0.570802981975608,0.5708034908961183,0.570804617539672
222,0.5722436615014324,0.5490939270517385,0.5467886022733325,0.547051498968859,0.5892205293666545,0.5880732059653155,0.58809658751842,0.5880516186302338,0.5995878965247379,0.5968336855908379,0.5962084919444525,0.5964615743903252,0.5963587505241179,0.5964458204675709,0.5965169964210602,0.5962118679123612,0.5962237822741685,0.5961856977575952,0.5950578300994892,0.595030502665451,0.5950323741995341,0.5955700988501822,0.5955300347426342,0.595609364787766,0.5953972937497644,0.5954428349272091,0.5943892543622427,0.5943041134167042,0.5939811395656065,0.593982258334922,0.5938208286132688,0.5938719404092729,0.593882661390582,0.5940398040559416,0.59402909410678,0.5940781232369112,0.5939834506040859,0.5939317435154476,0.5939615285895328,0.5939231031384179,0.5939589509623853,0.5939452134276513,0.5941587525850869,0.5941708005341443,0.5941449182734286,0.5940950291216188,0.5940905399854304,0.594075323539662,0.5940604342608513,0.5940526477697332,0.5939504239397795,0.5939729632379573,0.5926138218204383,0.592602341975623,0.5925600266985573,0.5925600352435242,0.593981341837479,0.5939810165110513,0.5939817215522556,0.5939826101646909,0.5939806587603257,0.5939755269786445,0.5939759239061271,0.5939768386192082,0.5939869491932385,0.5939863538618245,0.5939872286728969,0.5939876415716799,0.5939871072796082,0.593924282986313,0.5939239645800108,0.5939241705955246,0.5939242982383822,0.593924512523864,0.5939252340838236,0.5939247546196904,0.5939254386222814,0.5939255101098263,0.5939255299849446,0.5939236726755966,0.593923839523579,0.5939028744585875,0.5939036459942215,0.5939039716498701,0.593904427595681,0.593904442903524,0.5939023679909716,0.5939026055697099,0.5939025457349555,0.5939036586036712,0.5939043344390647,0.5939045105655213,0.5938871368905946,0.5938903646020327,0.5938904122504357,0.5938930580019841,0.5938938266699207,0.5938938780627497,0.5938933583181718,0.5938926874047842,0.5938931753123291
223,0.5886025547138379,0.5571066856346285,0.5555676526272085,0.5581211188169849,0.603369972460622,0.6020609794373196,0.6017374643503149,0.6017807999875234,0.6122349361162488,0.6091142885734699,0.6083508864283136,0.6086639133067039,0.6085320745643094,0.6086430854475579,0.6087307243587965,0.6083911499588821,0.6084098081413059,0.6083301406888014,0.6076886000316768,0.6076581825109448,0.6076601886030734,0.6081699152012735,0.6080736771327079,0.6081524247225247,0.6079642765978543,0.6079859549550255,0.6063079201687247,0.6062265227254111,0.6058952592971468,0.6058957673073844,0.6057444900096626,0.6057970832052769,0.605802620369339,0.6058902235297512,0.6058793650954227,0.6059276657923248,0.6058336554876839,0.6057769705907645,0.6058062640242894,0.60582587768859,0.6058597984301463,0.6058465886969189,0.6060382435064492,0.6060495119037511,0.606025054973407,0.605977766657236,0.6059735309069384,0.6059590655546812,0.6058991834346878,0.6058921305705699,0.605797042204702,0.6058180523718397,0.6048368929926294,0.6048241020879519,0.6047653002968097,0.6047651472376844,0.6067275618983872,0.6067275616324441,0.6067275614530939,0.6067275612784728,0.6067275609200465,0.606727560716147,0.6067275605598524,0.6067275602993588,0.6067275606862469,0.6067275603307132,0.6067275602436785,0.6067275600062885,0.606727559710613,0.6067275637790095,0.6067275635824855,0.6067275634509444,0.6067275632845426,0.6067275631568044,0.6067275630280271,0.6067275628676109,0.6067275627459825,0.6067275626019584,0.6067275624403521,0.6067275622069312,0.6067275620737573,0.606727560795146,0.606727560657529,0.60672756057877,0.6067275603299593,0.6067275601552097,0.6067275599493459,0.6067275597738303,0.6067275595832107,0.6067275594653161,0.6067275593057827,0.606727559220707,0.6067275525603226,0.6067275524214204,0.6067275521882786,0.6067275520984577,0.6067275519050217,0.6067275516843788,0.6067275515677363,0.6067275513824384,0.6067275511589595
224,0.6115436173751567,0.576995907755712,0.5781075547043196,0.5872884741727696,0.6374613081669058,0.6358807081886219,0.6348479959575936,0.6350683027211882,0.6418572494603144,0.638384092913594,0.637461426874577,0.6378846162026501,0.6377076339239183,0.6378482632863219,0.6379645147828096,0.6376244728194332,0.6376537204119227,0.6374760400828902,0.6375245090931835,0.6374736712084815,0.6374760557712075,0.6379339273845168,0.6375953210099864,0.6376862640281576,0.6375178700273735,0.6371535702131987,0.633081839098702,0.633049601133009,0.6329113005828393,0.6329115506322283,0.6328411138886321,0.6328716142666989,0.6328524764074402,0.6328245224078239,0.6328186970565512,0.6328456846814556,0.6327935619157479,0.6327470460928287,0.6327631029705538,0.6330996247874997,0.6331149638201651,0.6331086806386529,0.633210771250846,0.6332161309696558,0.6332046912210124,0.6331819761422078,0.6331800988666764,0.633173265198578,0.6330764297802669,0.6330738084242084,0.633031299064768,0.6330414501960923,0.6328067498067721,0.6327982723710587,0.6327039579032446,0.632704588204167,0.6335441195201813,0.6335290000562054,0.6335284414361442,0.6335291866757786,0.6335289024018745,0.6335346695314013,0.6335347123442916,0.6335281890464349,0.6335528095287397,0.6335527428758602,0.6335532421318092,0.6335536522090174,0.6335534467370058,0.6345026401693696,0.6345025213624791,0.6345025181234942,0.6345028569186051,0.6345028034742098,0.6345032135698151,0.634502906752673,0.6345030051918563,0.6345029836865985,0.6345029967210817,0.6345146176925229,0.6345145410236803,0.6344733383817351,0.6344738802652296,0.6344737265681785,0.6344635443188904,0.6344635549242873,0.6344632888412925,0.6344634852777068,0.6344634768289994,0.6344641680566386,0.6344647120558099,0.6344647776048805,0.634108623543641,0.6341061456322605,0.6341047863147011,0.6341057400929194,0.6341053831718866,0.6341046597400845,0.6341024568653786,0.6341049703419839,0.6341055823562095
225,0.6347550566915499,0.611404280250483,0.6124749384301632,0.621754609551368,0.6684874214598737,0.6669834754134764,0.6658134061600401,0.666077162156897,0.6695750288748665,0.6666372532895598,0.6659476691686427,0.6663363745396964,0.6661634151350027,0.6662954766207718,0.6664125851961835,0.6661963818290454,0.6662318152988319,0.6659786119171219,0.6662459747285983,0.6661703532408766,0.6661759760107955,0.6665910612689451,0.665755960770299,0.6658661330649197,0.6656700886352053,0.6649281810252916,0.6586963407316778,0.6587173683401932,0.6588074486239903,0.6588080167217112,0.6588127685602583,0.6588205731089926,0.6587739624509598,0.6587498588589477,0.6587499396771129,0.6587522395944287,0.6587490110700742,0.6587400910498074,0.6587413957993741,0.6592655646032409,0.6592669981146458,0.6592653618006156,0.6592832919451557,0.6592844030531891,0.6592818500114537,0.6592764702921252,0.6592758835720071,0.6592744886512613,0.6593111783453923,0.6593103527861452,0.6592995186314174,0.6593020461353784,0.6593286916972155,0.6593330234360306,0.6594899946370997,0.6594902209648654,0.6596058651128851,0.6595920549339128,0.6595923183699983,0.6595921772565935,0.6595883754479384,0.6595889593057188,0.6595900065592845,0.6595777811021819,0.6595815765956674,0.6595775870858345,0.6595801502783611,0.6595794685838594,0.6595779788946935,0.6605791626883589,0.6605757326307068,0.6605788943789934,0.660578505110391,0.6605824549543867,0.6605842795689647,0.6605832325417941,0.6605776486915715,0.6605795473515875,0.6605796012181361,0.6606526597393473,0.660656037527819,0.6606170262886992,0.6606177395044329,0.6606241796477756,0.6606196049106806,0.6606195801548504,0.6605927877306007,0.6605920665935947,0.6605905322250185,0.6605907623096576,0.6605901625722072,0.660594282461973,0.6605923832174317,0.6605992885693698,0.6606026822985138,0.6606003499683633,0.6606018841914931,0.6606033253581256,0.6606072444600476,0.6606017529148651,0.6606009156592957
226,0.6591705954798533,0.6395894609866399,0.6402708611969922,0.646468953078369,0.6777231731772103,0.6763438851240506,0.6753542980660877,0.6755830102962297,0.6774574071154188,0.6750944671425873,0.6745467941071457,0.6749376774544231,0.6747848559724876,0.6748964171267133,0.6750078091021409,0.6748458091724979,0.6748762745542577,0.6746293872037575,0.6748912989823408,0.6748145826806371,0.6748196295881236,0.6751623769688483,0.6744039370560526,0.6745001866178013,0.6743180934050312,0.6733174930385047,0.6692641943982366,0.6693060013666665,0.6694757054524381,0.6694759556587465,0.6694788894425086,0.6695027472497712,0.6694035618444332,0.6693704377452327,0.6693698010773319,0.6693748989360075,0.6693662283277093,0.6693572459203002,0.6693601933875182,0.6705540332464769,0.6705613681298355,0.6705549532864976,0.6705745917607319,0.6705783543740153,0.670568522089923,0.6705492844338964,0.6705467967421699,0.6705413327482392,0.6705860388694596,0.6705822423307217,0.670543607979213,0.6705510706937197,0.6706260807474124,0.6706376064981283,0.6710998282607288,0.67109784606313,0.6711571898845485,0.6711348497527919,0.6711392476595585,0.671138036585036,0.6711173221671147,0.6711169734606794,0.6711230036056072,0.6710941721545753,0.6710891093774456,0.6710651137780006,0.6710799995290619,0.6710754151693761,0.6710664629484351,0.6726083956947964,0.6725985636649686,0.6726076411093811,0.6726064764509073,0.6726178766022375,0.6726230499149412,0.6726234872318355,0.6726034981054357,0.6726089600876859,0.6726091137935035,0.6727168484080716,0.672726330264295,0.6726737055255676,0.6726755918564079,0.6726939750391681,0.6726987780170008,0.6726987146633401,0.6726218876501222,0.6726197735258038,0.6726153817802282,0.6726157967806946,0.6726139269937959,0.6726257039489275,0.6726714387892685,0.6726907637939936,0.6727006270434605,0.6726944998204407,0.6726987996412769,0.6727029709814358,0.6727143332969885,0.6726986048046115,0.6726961550561947
227,0.7006505107687109,0.7006504730716562,0.7006504681179049,0.7006505039190187,0.7006505514194353,0.7006505465175012,0.7006505463948464,0.7006505489508501,0.7006505514195132,0.7006505432675028,0.7006505462754207,0.7006505415869934,0.7006505426923024,0.7006505443012458,0.7006505457389945,0.7006505469170147,0.7006505484575162,0.7006505476956858,0.7006505500712923,0.7006505521729688,0.7006505538102265,0.7006505516337536,0.7006505401668484,0.7006505411299128,0.7006505383472277,0.7006505347417292,0.7006505267165019,0.7006505277281562,0.7006505287413908,0.700650529086589,0.7006505293061623,0.7006505300097631,0.7006505391108642,0.7006505395250705,0.7006505401183201,0.70065054064898,0.7006505412872159,0.7006505416240507,0.7006505421043596,0.7006505559190526,0.7006505564610558,0.7006505572312616,0.7006505567534025,0.7006505576153933,0.7006505582673431,0.700650558975324,0.7006505596768502,0.700650560595407,0.700650561520364,0.7006505623078263,0.7006505628001347,0.7006505636664614,0.7006505647794639,0.7006505659666262,0.7006505742239865,0.7006505746909693,0.7006505755607031,0.7006505761208167,0.700650576988231,0.7006505777493891,0.7006505784029377,0.7006505792230412,0.7006505800401256,0.7006505827531602,0.7006505837718232,0.7006505843968104,0.700650585363119,0.7006505862527125,0.7006505871114195,0.7006505952221213,0.7006505961677758,0.7006505971731266,0.7006505982193446,0.7006505993732199,0.7006506004068059,0.7006506013038746,0.7006506002757091,0.7006506012610026,0.7006506022404363,0.7006506052852257,0.7006506063201542,0.7006506063250877,0.7006506073042745,0.7006506081486255,0.7006506200019343,0.7006506211039759,0.7006506198848497,0.7006506209673945,0.7006506220077966,0.7006506230980012,0.7006506242208663,0.7006506251346586,0.7006506267939897,0.7006506280616365,0.7006506292662245,0.7006506298790044,0.7006506309501097,0.7006506320221678,0.7006506326062553,0.7006506331869217,0.7006506342735462
228,0.7305849330822493,0.7077936334642628,0.7095168308223477,0.7327018597218503,0.7295633097478104,0.7294869026064676,0.7285086319502156,0.7286404969671402,0.7277909662237699,0.7258441036039813,0.7260583196977372,0.7231001377915589,0.7231279044366395,0.7231692658528353,0.7230186518536383,0.7230739529331482,0.7231474880326973,0.7228288543264578,0.7229658830620718,0.7234068579301861,0.7234624661861192,0.7235093297660733,0.7224454689502425,0.7224721289693982,0.7223867686923675,0.7221590511185766,0.7223680246971406,0.7224900739954717,0.7225352960563646,0.7225373395816292,0.722491684747841,0.7225526637511939,0.7253354568229825,0.7253274496105008,0.7253264889445074,0.7253355169318012,0.7253241224305365,0.7252992095263151,0.7253005226993419,0.7262881585958799,0.7262347644077513,0.7262322884677925,0.726239457018306,0.7262478752656834,0.7262444934259413,0.7262368308278125,0.7262371495832031,0.7262488128805313,0.7262606198596311,0.7262588633142588,0.7262399600728556,0.7262459037502222,0.7262511598550452,0.7262632017783122,0.7262431341124576,0.7261513487119242,0.726149820281003,0.7261502971405798,0.7261486088168442,0.7261482012203306,0.7261385562987822,0.7261389478340293,0.7261408873306873,0.7262310349500471,0.7262323731303245,0.7262196574594908,0.7262275247318705,0.7262251387966148,0.726220379363864,0.7261817560145803,0.7261782996605654,0.7261809252420232,0.7261806252784102,0.7261946922786222,0.7261959587253586,0.7261961025379383,0.7260816483788648,0.7260833731623298,0.7260834164059614,0.7260991484264829,0.7261020579614231,0.7260869948636313,0.7260881344824028,0.7260939083520539,0.7263804609032467,0.7263799885453399,0.7263378924063539,0.7263367454284999,0.7263343517219072,0.7263345782599282,0.7263369139701952,0.7263434225360592,0.7263429662071944,0.726353369563321,0.7263349835560404,0.7263289614618437,0.7263304283041521,0.7263340668101046,0.7263407099973085,0.7263325573026188,0.7263312835376066
229,0.7565753532280399,0.7435728507037532,0.7439711651338847,0.7837662706246645,0.7602995348932965,0.7613748343460939,0.7591345635591487,0.7594393813488879,0.7578390102682251,0.7536682369186483,0.7537778915958119,0.7480245088406308,0.748054090673634,0.7481140372585734,0.7476584296324384,0.7477479311216869,0.7479036805909298,0.7473578951206075,0.7475516206763656,0.7486110335541083,0.7486142373312428,0.7486462728769573,0.7476810897348429,0.7477199711243276,0.7476247424609216,0.7475490727278938,0.7477397046098192,0.747897007078592,0.7478049659402687,0.7478106975344726,0.7477268548293383,0.7478609602965627,0.7524196794772321,0.752412901619768,0.7524087260016343,0.7524213087989055,0.752384336147394,0.7523684150849078,0.7523841109594153,0.7529408249886712,0.7528244564311679,0.7527956761783321,0.7528029608449825,0.7528125968974736,0.7528044261322182,0.7527856580431366,0.7527850477331826,0.7527141367905206,0.7527271104510678,0.7527230064791243,0.752681952515492,0.7526934946203178,0.7526995579581646,0.7527177325558786,0.7526758788122098,0.7526002620838154,0.7526037997452264,0.7525990520347188,0.7526003393952101,0.7525991693675963,0.7525801875725241,0.752580248541578,0.752585986845051,0.7524917372830633,0.7524866764887657,0.7524629573402215,0.752477641054355,0.7524730878357142,0.7524641822285321,0.7524285679663134,0.7524229732034676,0.7524286521691778,0.7524279394349648,0.7524135288054493,0.7524145196023923,0.7524232514181826,0.7526933912447659,0.7526990955299572,0.7526992460622886,0.7526956565408888,0.7527050746052716,0.7527092732779359,0.7527150785012773,0.7527334881471701,0.7527441422469369,0.7527414973085065,0.752662108159779,0.7526599316094434,0.7526553870057653,0.7526557907484788,0.7526626542521558,0.7526748281560623,0.7526721635752525,0.752691847449543,0.7525145946705051,0.7525190793091251,0.7525190727566752,0.7525213512618983,0.7525301421205435,0.7525182886684864,0.7525163847139569
230,0.7735482016390235,0.765426646352121,0.7658002190857021,0.8102798675435289,0.7756326033109707,0.7779541562596535,0.7750251487156211,0.775429839941457,0.773494820702971,0.7680521884869229,0.7678871549681183,0.7615190360746766,0.7614902411203595,0.7615545270220389,0.7608203812657601,0.7609185532506242,0.7611324078983153,0.7604670523027034,0.7606746925352511,0.7621884970895982,0.7620598485291553,0.7620781972508417,0.7615769386080383,0.7616113652790008,0.7615491015104344,0.7615131498323336,0.761627728238181,0.7617996667711374,0.7616501088622168,0.7616602822864402,0.7615789333626745,0.7617380755795962,0.7649855279150499,0.764982131189063,0.7649823676970902,0.7649701899584522,0.7649517822349736,0.7649438298305888,0.7649679218277191,0.7652130182602457,0.7650558279933466,0.7649843547933554,0.7649902374096859,0.7650045447984165,0.7650008244877596,0.7649863254187611,0.7649862922259103,0.7647596791728943,0.7647674843365986,0.7647649785495654,0.7647392662404136,0.7647485498571575,0.7647522390445969,0.7647700033837276,0.7647361139463649,0.7646964288763209,0.7646991563804281,0.7646935879682387,0.7646883321594655,0.7646875647046519,0.7646728519149638,0.7646729550496794,0.7646763885642678,0.7645830055388526,0.7645796741176978,0.7645637868218995,0.7645737756954663,0.7645707197133726,0.7645646742513309,0.7645444569553613,0.7645423427046589,0.7645462773562992,0.7645458079338129,0.7644828061344929,0.7644792507930008,0.7644865327813254,0.764726007436031,0.7647302366903798,0.7647303714597246,0.7647251981814954,0.764732164403333,0.764735940717028,0.7647467225284635,0.7647604579109589,0.7647059396682699,0.7646999175940432,0.764643764595716,0.7646422800145571,0.764639173160364,0.7646394630124733,0.7646317557174245,0.7646402897571007,0.7646383677656224,0.7646522916580365,0.7642232467269224,0.7642232468920686,0.7642232471943403,0.7642232463494181,0.7642232465461515,0.7642232464001475,0.7642232464313665
231,0.7978925084242939,0.8017313045875764,0.8016989817211556,0.8340629180062751,0.8015355541479213,0.8047885864630254,0.8019570620604831,0.8023529367766745,0.8005521261642622,0.7951473157412052,0.794738666993624,0.7890380513787246,0.7886712464807144,0.7887160170939989,0.7877977344627657,0.7878859311061269,0.7881698102945651,0.7874638669891929,0.7876530469495645,0.7889109983622253,0.7882831561078227,0.7882900328727436,0.7882839227819209,0.7883272765125904,0.7882714233561826,0.7882488068003601,0.7882757772106262,0.7882792024027694,0.7881287980294241,0.7881639209961854,0.7881030427421485,0.7882799605712216,0.7895119863921789,0.7895125549784079,0.7895220086666678,0.7894360924649984,0.7894373197671919,0.7894363625247877,0.7894869262262559,0.7894032862452489,0.7899714878099624,0.7897314201669857,0.7897383570102102,0.7897550314408788,0.789750642452623,0.789723689237973,0.7897332156675083,0.7890118584986808,0.789017240923769,0.7890147714089236,0.7889909459852379,0.7889959512102452,0.7889986708814694,0.7890014153374635,0.7889971281984888,0.7889964715539564,0.7889990719539317,0.7889982575404235,0.7889866411907298,0.7889867920847441,0.7889754113416796,0.788975471744005,0.7889771818446462,0.788946820847458,0.7889433773284341,0.7889340745938785,0.788942394960184,0.7889395009159839,0.7889344205780041,0.7889315017628049,0.7889289552808301,0.7889321182538628,0.7889317296628218,0.7889185621659223,0.788907356018413,0.7888977939803058,0.7886967594032736,0.7886984847948502,0.7886989343845354,0.7886966864168238,0.7886995122798954,0.7887012526226006,0.7887302935708528,0.7887365325873855,0.7887143870964871,0.7887082106765868,0.7886846603125937,0.7886842075939978,0.7886844845072053,0.7886846051523692,0.7884638824768542,0.7884666788513549,0.7884661001390041,0.7884707836571111,0.7883896484238574,0.7883908823516985,0.7884807531473881,0.7884091796320052,0.7884120088903322,0.7884097145999471,0.7884093894758848
232,0.802471704829734,0.8132516363772788,0.8124739321420645,0.8295828062079986,0.8059023655598941,0.8092454205217063,0.8070957498212146,0.8073939877634988,0.8060454570101492,0.8017400972995442,0.8013088937089949,0.7978323752416913,0.797514554564619,0.7975516197409369,0.7965693382323755,0.7966367504154627,0.7968879246180779,0.7962806110685744,0.7964262075336803,0.7972522455705633,0.7967113379005114,0.7967146751585165,0.7967791144739832,0.7968193873184515,0.7967584242650808,0.7967548242659873,0.7967632620110093,0.7966308700698996,0.7965612374423896,0.7966044525614279,0.7965705116717899,0.7966828517295002,0.7971879460471724,0.797188197820522,0.7971947223284741,0.7971186328672674,0.7971098602025682,0.7971089963890071,0.7971504330330001,0.7970652073097245,0.7981546512484228,0.7978938690853309,0.7979001580382146,0.7979145649633518,0.7979110466663206,0.797884982945959,0.7979070853546897,0.7973926217772543,0.7973986842452725,0.7973956398830572,0.797367146344399,0.7973614954229893,0.7973646916471141,0.7973617078261591,0.7973633933773093,0.797365073397113,0.7973680787012543,0.797366469084402,0.7973546242682005,0.7973559328801829,0.7973440839286368,0.7973441231356483,0.7973462067228493,0.7973294503064504,0.7973254838181363,0.7973197794536274,0.7973293495334465,0.7973258778308054,0.7973199563723194,0.7973182632248387,0.7973165601006482,0.7973201406900746,0.797319673492639,0.7973489307785524,0.7973420463209314,0.7973338781594121,0.7971808987337965,0.7971827574360982,0.7971837571011315,0.7971813435021848,0.7971843641678605,0.797186468186544,0.7972318794520339,0.7972391713556005,0.7972318880742412,0.7972282748630974,0.7972015274233927,0.7972010534771031,0.7972031093289111,0.7972032420656375,0.7967241738657861,0.7967265718950866,0.7967260723515214,0.7967302423037683,0.7967097556940872,0.7967114817277463,0.7968665304755893,0.7968204627539905,0.7968242154293972,0.7968202591608353,0.7968196582210997
233,0.8119935380114682,0.8119935979719417,0.811993595826,0.8119935711972848,0.8119935251532546,0.8119935332121334,0.8119935356913681,0.8119935399068504,0.8119935388393004,0.8119935204083348,0.8119935197607451,0.8119935131941507,0.8119935027692703,0.811993503004627,0.8119934952227911,0.81199349557527,0.8119934919497628,0.8119934883705057,0.8119934889184237,0.8119934906787456,0.8119934864602337,0.8119934870989876,0.8119934874369091,0.8119934878773181,0.8119934879230921,0.8119934875268019,0.8119934873314332,0.8119934870180401,0.8119934863439764,0.8119934850569236,0.8119934844552822,0.8119934849070564,0.8119934856624628,0.8119934854606587,0.8119934848575989,0.8119934838927115,0.811993483444365,0.8119934831843165,0.8119934838010443,0.8119934831783239,0.8119934929628799,0.8119935090588887,0.8119935088330602,0.8119935092522121,0.8119935099345348,0.8119935102811014,0.8119935114115552,0.8119935096437401,0.8119935099111497,0.811993510207572,0.8119935106002006,0.8119935080203352,0.811993508204769,0.8119935084648496,0.8119935086982287,0.8119935089821445,0.8119935092090559,0.8119935093684643,0.8119935094099705,0.8119935100036308,0.8119935103021043,0.8119935105281575,0.8119935107091818,0.8119935108845314,0.811993511153548,0.8119935118210311,0.8119935119695499,0.8119935122733175,0.8119935125535981,0.8119935128154511,0.8119935131930303,0.811993513383356,0.8119935136475122,0.811993514254893,0.8119935175026948,0.811993517661713,0.8119935163362995,0.8119935165817289,0.8119935169121605,0.8119935171954964,0.811993517417229,0.8119935176321119,0.8119935193023551,0.8119935194902596,0.8119935197130094,0.8119935199426863,0.8119935200792449,0.8119935203769977,0.8119935210116607,0.811993521295659,0.8119935095685926,0.8119935096456234,0.8119935098186162,0.811993509907946,0.8119935100379712,0.8119935101562993,0.811993510199153,0.8119935094622607,0.8119935094738687,0.8119935096748145,0.8119935098475282
234,0.8356927656126213,0.8373740340179766,0.8341378963086192,0.8250753538541801,0.820342975513304,0.8213618388684213,0.8220525934769001,0.8222480887069186,0.8219203506018423,0.8202596652455179,0.8199591450731658,0.8200792621579828,0.8182789143675756,0.8182271820011063,0.8171529048614984,0.8171617172413154,0.8161483978029561,0.8159476786935348,0.8159783461623302,0.8159456892199475,0.8158921145222714,0.8158907221885296,0.8159131761952938,0.8159823244895039,0.8159501089218485,0.8159198116883816,0.81591506821262,0.8159864420865415,0.8159188823035664,0.8156987005261404,0.8156692958789103,0.8156865619656047,0.8156293465361545,0.8156281709125087,0.8155546968207049,0.8155421025651258,0.8155230574569649,0.8155199189707035,0.8155798589905366,0.8155744086361116,0.8159699379876801,0.8182222463745482,0.818222287015256,0.8182240636295512,0.8182710277054205,0.8182811603150273,0.8183566536824732,0.818386243262001,0.8183825937287323,0.8183832667216734,0.8184009988312965,0.8180594955890684,0.8180569018660326,0.8180599168590673,0.8180581286101162,0.818059578134007,0.8180571909963646,0.8180564378505841,0.8180498119908486,0.8180843226328499,0.8180940319656471,0.8180941688824336,0.8180911306324138,0.8180931597731039,0.8180965769514448,0.818127423414755,0.8181183645391815,0.8181220299156763,0.8181262915617811,0.8181277366677856,0.8181324818073834,0.8181288287819077,0.8181291868001765,0.8181295073965102,0.8182231128228842,0.8182237303001558,0.8182027690766185,0.8182014594043943,0.8182045403988546,0.8182063060043585,0.8182035517262829,0.8182015545773081,0.8182222090713452,0.8182189724021997,0.8182181464499211,0.8182176025884057,0.8182335163728388,0.8182340525923645,0.8182503532591917,0.8182502751136587,0.8180679048017581,0.8180665573625316,0.8180668630184385,0.8180645361309545,0.8180649018317195,0.818063862756199,0.8179213475654143,0.8179099739055095,0.8179073180674653,0.8179112198344722,0.8179118839252116
235,0.8467799214405474,0.8554478361775526,0.8539827814249369,0.8451283183660017,0.8364836460797219,0.8369846469366651,0.8389979357445347,0.8396174413972606,0.8389307232835579,0.8354730961293787,0.8348516332996684,0.8350533711287039,0.8306907852882228,0.8305537059539848,0.8285776530855877,0.8285925497467579,0.8251522758044219,0.824899905218862,0.8249510680702251,0.8248819479329965,0.8248562393070473,0.8248508384607471,0.824885412834828,0.8250231460931995,0.8249565405513231,0.8248836007432596,0.8248743269940131,0.8250515439235521,0.8249042151007898,0.8242388576645069,0.8241820439624342,0.8242129961729533,0.8241486931825206,0.8241466352999798,0.8239671303406761,0.8239525871836245,0.8239258813946746,0.8239210219860263,0.824037643575742,0.8240349947139854,0.8243739421705538,0.829918213345816,0.8299209945461384,0.8299234615019562,0.8300119602733899,0.8300061386190626,0.8301217232556859,0.8301413174301963,0.830144503567976,0.8301407846894234,0.8301257942986104,0.829484348779658,0.8294858384216014,0.8294840059635922,0.8294851238589931,0.8294844958772961,0.8294858974791571,0.829485631660809,0.8294863154341051,0.8296054584972564,0.829600274851561,0.8296003077343985,0.8296010218726905,0.8296000098078681,0.8295983994973644,0.8296339292727647,0.8296352651116458,0.8296331228543385,0.8296300198322424,0.8296289642692435,0.8296278861788964,0.8296281807444202,0.8296279146691878,0.82963105217515,0.8296151787315499,0.8296131886796241,0.8296088509482725,0.8296102594142002,0.8296117907789772,0.8296099201196996,0.8296130841458272,0.8296150885231633,0.8296231529995916,0.8296305674847687,0.8296315474814466,0.8296313143975081,0.8296097849619417,0.8296092496485578,0.8296297724543532,0.8296298733232056,0.8296019769606857,0.829605214821477,0.8296044345068547,0.8296105806141758,0.8296138777173887,0.8296166277853483,0.8297086928801285,0.829706137042816,0.8297097459712652,0.8297048190170868,0.829704054202147
236,0.8342056636121956,0.8555713708167296,0.8595699908292151,0.8598653798086385,0.8518484096150633,0.850014189360994,0.8526706459449703,0.8539757435902737,0.8532098499308307,0.8494479404795752,0.8487791233329576,0.8489598210640564,0.8437099608977591,0.8435301799023708,0.8418601285385853,0.841879151745051,0.8352229567251902,0.8350742356487387,0.8350933785193142,0.8350566974168268,0.8350869605128863,0.8350806970144795,0.8350945503287031,0.8350329061431824,0.8349897824111474,0.8349442469232172,0.8349384721390857,0.8350262326260458,0.8349356684293692,0.8339310492468148,0.8339026947296441,0.8339176791839341,0.8338911407176822,0.8338901545038976,0.8337934465047075,0.833786658939751,0.8337748496078499,0.8337726333272134,0.8338528731911975,0.8338532310064339,0.8339321160888833,0.8371528163533358,0.8371542360305433,0.8371547000284203,0.8372929228916621,0.8372887829855779,0.8373421108293799,0.8373476822016954,0.8373493899706891,0.8373466312225935,0.8373381544631463,0.8371061772724333,0.8371077789800159,0.8371057605213517,0.8371069169877603,0.8371061622518704,0.8371076552602464,0.8371075393513906,0.8371092800841237,0.8372059867468558,0.8371987134382971,0.837198694511197,0.8371996668764554,0.8371981456279999,0.8371958735423228,0.8372444566727066,0.8372599210145826,0.8372590216300386,0.8372553638523397,0.8372541165351916,0.8372531928234813,0.8372433563948677,0.8372429791258785,0.8372454058903996,0.8372183908706026,0.837216714998085,0.8372178295265813,0.8372191860509474,0.8372298817198173,0.8372279924506699,0.8372463281411586,0.8372494813092113,0.8372586766131166,0.8372710160274105,0.8372724808382318,0.8372724440595212,0.8372397102431316,0.8372388473041028,0.8371812519117086,0.83718138971379,0.8371976377991271,0.8372016470664945,0.8372007638508228,0.8372077122193718,0.83721084195377,0.8372139542354363,0.8372981742063055,0.8373000467607936,0.8373040145533999,0.8372984354661415,0.8372975701650686
237,0.8320432123125456,0.8546788236951094,0.8601320052626997,0.8608170182185931,0.8534579102729078,0.8512398622465965,0.8529949489273853,0.8547644769546997,0.8541544256136765,0.8508602423887492,0.8503334778980298,0.8505515791514308,0.846582855516599,0.8463803925525661,0.8447973862486045,0.8448148572696285,0.8358295166270917,0.8358295144840086,0.8358295153139281,0.8358295158306264,0.8358295169593786,0.8358295149649914,0.8358295156201674,0.8358295120474136,0.8358295101361606,0.8358295100500229,0.8358295103882075,0.8358295113094488,0.8358295098747113,0.8358295035368277,0.8358295036154554,0.8358295037911354,0.8358295038027392,0.8358295039827153,0.83582950237757,0.8358295024469238,0.8358295026050218,0.8358295027643368,0.8358295032207117,0.8358295033206167,0.8358295036859821,0.8358295178818562,0.8358295175473032,0.8358295179287037,0.8358295114811243,0.8358295119644492,0.8358295129992811,0.8358295134287917,0.8358295136365862,0.8358295139475341,0.8358295146360888,0.8358295128820357,0.8358295130633142,0.8358295133813306,0.8358295136146215,0.8358295139104895,0.8358295141374908,0.8358295143441439,0.8358295145549739,0.8358294713295871,0.8358294709962619,0.8358294706609048,0.8358294702590597,0.8358294698986599,0.8358294695387328,0.8358294708333842,0.8358294710152491,0.8358294706693679,0.8358294703166119,0.8358294699772713,0.8358294696467243,0.8358294691198843,0.8358294687569967,0.8358294684159269,0.8358294676293725,0.8358294673808894,0.8358294670924146,0.8358294667470328,0.8358294643741386,0.8358294640308888,0.8358294642122219,0.8358294639094856,0.8358294636143615,0.8358294639670335,0.8358294636428891,0.8358294632882498,0.8358294629231036,0.8358294625513425,0.835829461909051,0.8358294615527695,0.8358294615177873,0.8358294612720824,0.8358294609045013,0.8358294606594265,0.8358294603550988,0.8358294600760098,0.8358294609199898,0.8358294606261455,0.8358294605527938,0.835829460212192,0.8358294598493623
238,0.83828322323125,0.8602815022977537,0.8711169422713646,0.8692379251879978,0.8621495742227823,0.860087453473373,0.86021334283531,0.8638336949535923,0.8634588837788879,0.8614677604636325,0.8611720875191167,0.8612947140871797,0.8591400555642713,0.8589448137463884,0.8582670663483171,0.8582842423888097,0.8538978258396246,0.8532756118873175,0.8533024831917232,0.8532918805889323,0.8533224613921995,0.8532989181654232,0.8533117486127774,0.8512679593138494,0.8511623858768547,0.8510694537427951,0.8510585041664042,0.8510171783489581,0.85080945992721,0.8503460579628078,0.8503355204274251,0.8503327516613434,0.850333777558223,0.8503338195006922,0.8502641404897717,0.8502658720689695,0.8502533976380335,0.8502542740862655,0.8502444468593994,0.8502451319581329,0.8502116278999639,0.8499745534238402,0.8499732504952457,0.8499706104690621,0.8482383226757247,0.8482657173549822,0.8482591670186533,0.8482684182130701,0.8482560082088212,0.8482595727482982,0.8483112465541166,0.8483346966443754,0.8483280664770526,0.848335763587764,0.8483306993734164,0.8483336714139565,0.8483273075925928,0.8483285811665635,0.8483213449089531,0.8355265078029667,0.8355265093718045,0.8355265107274328,0.8355265118163164,0.8355265133034472,0.835526514835348,0.835526516477548,0.8355265186485685,0.835526520164581,0.8355265217350815,0.8355265232500024,0.8355265247685523,0.8355265260086525,0.8355265275624478,0.8355265289350555,0.835526530293153,0.8355265313977729,0.8355265327144772,0.8355265341066359,0.8355265331549243,0.8355265345854201,0.8355265363142129,0.8355265376344422,0.8355265390039225,0.8355265413231036,0.8355265427180676,0.8355265441771829,0.8355265436757455,0.8355265451517093,0.8355265468215175,0.8355265482633752,0.8355265497775786,0.8355265505798454,0.8355265520387071,0.8355265533271661,0.8355265547021479,0.8355265559749548,0.8355265574558247,0.8355265587834185,0.8355265592722031,0.8355265603187256,0.8355265618005294
239,0.8423911829324865,0.8610690116613119,0.8737625126614931,0.8697167756453026,0.8620439261658429,0.8613720939879136,0.8605858454540278,0.8655580402229145,0.8653783901401906,0.8644165713626164,0.8642818479883384,0.8643464981044849,0.863409133729731,0.8632886545929532,0.8629872160599089,0.8629954540149776,0.8608850985485211,0.8604214026188463,0.860429520232053,0.8604258292168249,0.8604407059529848,0.8604240060019318,0.8604278734594405,0.8590943679386305,0.8590391225909729,0.8590128336231073,0.8590103852766044,0.8590110812472734,0.8589552201017104,0.858806361372575,0.8588210782943906,0.8588080158761532,0.8588054933637941,0.8588064964461154,0.8587493647444953,0.858743291829614,0.8587494844299327,0.8587538665671139,0.8587379049171466,0.8587346686542017,0.8587067088508207,0.8585447738187251,0.8585427912062601,0.8585389347094168,0.8560929953112724,0.85612319850079,0.8561172785888175,0.856127729989529,0.8561141628144671,0.8561201184127752,0.8561790187119581,0.8561856068447806,0.8561782441073186,0.8561870402578455,0.8561814787007458,0.8561848264086527,0.8561778403626487,0.856178979719087,0.8561709679942109,0.8505301959097656,0.8505568870914977,0.850557283357314,0.8505410466119036,0.8505465360672122,0.8505555159468419,0.850593855771249,0.850553557782611,0.850558666355023,0.8505692008789859,0.8505732618265917,0.850580479119742,0.8505718498789147,0.8505723902941028,0.8505631913889844,0.8505584276678914,0.850563682766618,0.8505645477047004,0.8505594499094513,0.8504709142322229,0.8504764898548869,0.8504684776161578,0.8504626191684869,0.850461000983395,0.8505102360853385,0.8505075264048396,0.8505076129986157,0.8505479360763243,0.8505495467916081,0.8505541398331965,0.8505538431828755,0.8505555689427317,0.8505389880955616,0.8505408220106712,0.8505265709768584,0.8505202891565092,0.8505139411810054,0.850514261707511,0.8505111781623227,0.8505017815649729,0.8505115289605902,0.8505134014366743
240,0.8476252470139748,0.8638618898016883,0.8794856154809085,0.8734355994861318,0.8650850949688229,0.8662947101106002,0.864896671049538,0.8717735095276992,0.8717735086414358,0.8717735101574405,0.8717735094135382,0.8717735093589476,0.8717735081477511,0.87177350756643,0.8717735073788634,0.8717735069623532,0.8717735013371036,0.8717735018224528,0.8717735014034764,0.8717735007178764,0.8717735003065195,0.8717735022864979,0.8717735019042903,0.8717734796226748,0.8717734835369032,0.8717734829449048,0.8717734819826172,0.8717734817701688,0.8717734839993186,0.8717734835792904,0.8717734832111654,0.8717734822394279,0.8717734813353292,0.8717734804689972,0.87177347954452,0.8717734785658097,0.8717734781324058,0.8717734773107272,0.8717734765388228,0.8717734756637696,0.8717734746123533,0.8717734727564879,0.871773473510095,0.8717734726637142,0.8717734439867012,0.8717734426162526,0.8717734421183486,0.871773440746877,0.8717734393702335,0.8717734379730567,0.8717734369184669,0.871773435625424,0.8717734344795763,0.871773433166658,0.8717734318226055,0.871773430454858,0.8717734290894913,0.8717734280383641,0.8717734266882912,0.8717733977589323,0.8717733961852224,0.8717733945997341,0.8717733933622192,0.871773391676835,0.8717733899878086,0.8717733903499716,0.8717733881709726,0.8717733865285859,0.8717733848924911,0.8717733832035998,0.8717733815662083,0.8717733798868276,0.8717733781282058,0.8717733764458384,0.8717733746961832,0.8717733735181358,0.8717733720007149,0.8717733703612721,0.8717733687583737,0.8717733671448172,0.8717733654326607,0.8717733638454073,0.8717733622305458,0.8717733594460133,0.8717733577976903,0.8717733560931401,0.8717733574893899,0.8717733557879814,0.871773354148294,0.8717733524751204,0.8717733507653899,0.8717733500883021,0.8717733484118898,0.8717733468208853,0.8717733451818961,0.871773343669749,0.8717733422260546,0.8717733406552818,0.8717733400321105,0.8717733389723394,0.8717733372760414
241,0.5779270676121153,0.5329236276228576,0.5311469246279287,0.5334520332880135,0.5864136559121135,0.5857109026675303,0.5867190879441708,0.5864068642350373,0.6022251997737532,0.6009886087777081,0.6007137612828669,0.6008253612738533,0.600791553038342,0.6008178386023595,0.6008486043767595,0.6006832352830265,0.6006806594458437,0.6007117537882574,0.5993837148264648,0.5993677172263736,0.59936874052912,0.5997319391983612,0.5997149007280975,0.5997671912539468,0.5996487201204248,0.5996645850710157,0.5990710866924678,0.5990097251762501,0.5987585370608733,0.5987586110395399,0.5986578166027774,0.598693425938551,0.5987019840622343,0.5987493717704647,0.5987416114613635,0.5987751278568458,0.5987094232616536,0.5986711319948541,0.5986912212126659,0.5986590801909693,0.5986840256529378,0.5986740192772976,0.5988047038495379,0.5988130272522392,0.5987943957361017,0.598758611034945,0.5987551717184333,0.5987441224167819,0.5987370358112245,0.5987312003688111,0.5986584295109828,0.5986738419359273,0.5980924850211743,0.5980841231919196,0.5980572553642665,0.5980570562707066,0.598822782096853,0.5988226240093921,0.5988234526828334,0.5988241276668389,0.5988214576198477,0.5988188154991736,0.5988194318009398,0.5988196650517117,0.5988287673913202,0.5988268592823013,0.5988284492668425,0.5988285342425158,0.598827576327091,0.5987634027833628,0.5987625020917019,0.598763191752243,0.5987633203733832,0.5987641485985976,0.5987650785693507,0.5987646400430867,0.5987649646775914,0.5987653429814872,0.5987653628974148,0.5987619772004876,0.5987625870784199,0.5987518875513402,0.5987526608357101,0.598753905050559,0.5987529050190551,0.5987529148384788,0.5987468159051934,0.5987469231387682,0.5987466684534993,0.5987506233609732,0.5987511157257198,0.5987517867538866,0.5986030570294802,0.5986065753589263,0.5986071713213483,0.598611184235267,0.5986120389379052,0.5986123609429885,0.5986126205684613,0.5986110945188782,0.5986112807548584
242,0.5786124744898141,0.5357943589954031,0.5340798942688768,0.5377184533019957,0.5991962700494812,0.5985715142257346,0.5997737680460665,0.599408805077782,0.6171289481068162,0.6161635075486712,0.6159122828454167,0.6160001147036965,0.6159660919275823,0.615996958907739,0.6160230935705543,0.6159252323889166,0.6159309309373954,0.6159161734747675,0.6153022086783727,0.6152893571911247,0.6152904450200556,0.6155569039774175,0.615523658995264,0.6155660617177042,0.6154841774253678,0.6154774034668652,0.6148425125234882,0.6147919033012557,0.6145682866284264,0.6145683684480052,0.6144830517119,0.6145140552496755,0.614521489296406,0.6145385321064912,0.6145321989613219,0.6145602846977342,0.6145056746210537,0.6144685511211178,0.6144853531246439,0.614464614802496,0.6144855642288269,0.6144773305135356,0.6145793374501568,0.6145861432124305,0.6145707069012981,0.6145410793084426,0.6145383374125165,0.6145292203546684,0.6144565328783482,0.6144519085460695,0.6143920819219918,0.6144049560868768,0.6141211193664885,0.6141120673293731,0.6140949383028383,0.6140944812380602,0.6146254318591743,0.6146258005065507,0.6146284451625077,0.6146290755500622,0.6146202171700307,0.6146230171573166,0.6146256467009573,0.6146244958272299,0.6146278711102373,0.6146179751986794,0.6146246785734707,0.6146233140529992,0.6146192514925837,0.6145827256105494,0.6145797163739415,0.614582305661254,0.6145824075245963,0.6145855120974573,0.6145876601357042,0.6145857383052078,0.6145861045241178,0.614587570929773,0.6145876354260895,0.6145743947887604,0.6145768343538481,0.6145723771943921,0.6145736505853656,0.6145782036781366,0.6145766643130937,0.6145766668949009,0.6145564906514782,0.6145562382929093,0.6145551016083531,0.6145578894523492,0.614558165586128,0.6145612274068978,0.6142817217087965,0.6142885248569241,0.6142907787360541,0.6142979150323374,0.614299622902424,0.6143007766660907,0.6143030084875497,0.6142984131990816,0.614298164843293
243,0.605933508157099,0.5614547939363278,0.5609232862986807,0.5679996528316625,0.6320872401081535,0.6309653333536039,0.6308055163207769,0.6308023101699277,0.6420600468575098,0.6397169876823375,0.6390520844422941,0.6393062189622595,0.639201299645341,0.6392969743347814,0.6393719566057869,0.6391737716672468,0.6391986743053816,0.639087539312142,0.6390093098136611,0.638979458401572,0.6389837320906175,0.6394349860832902,0.6391612439655098,0.6392342143091765,0.6390947442311586,0.6390220745467694,0.6360772993574553,0.6360088048477265,0.6356915278432255,0.6356918243180067,0.6355687870568327,0.635617898774423,0.6356184783517249,0.6356225577132933,0.6356139740681107,0.6356536913033377,0.6355771705380794,0.6355041203166816,0.6355276861909636,0.6355083542567809,0.6355364163185765,0.6355256763678434,0.6356726033601796,0.6356815616366148,0.6356615767911199,0.6356227232472881,0.6356194119888059,0.6356076725928035,0.6351404559591957,0.6351355805590445,0.6350628055651321,0.6350795557924073,0.6347864399128509,0.6347736647452595,0.6347537742840097,0.6347537864209862,0.6356028956383818,0.6356020523352294,0.6356064268853713,0.6356075696783875,0.6355926416581944,0.6356041747739191,0.6356087572126866,0.635603274947232,0.6356102833645396,0.6355927249087474,0.635604667894347,0.6356022241207315,0.6355950066311988,0.6356770820876694,0.6356717515793472,0.6356763567818662,0.6356766390446256,0.6356821173153735,0.6356858839875469,0.6356821678958426,0.6356831372356201,0.6356857238953452,0.6356858461362662,0.6356085144599435,0.63561255738672,0.6356010259777436,0.6356031768323162,0.6356104554499936,0.6355962716169705,0.6355962754023184,0.635563798093601,0.6355634000394124,0.6355614870740188,0.635563134563234,0.6355636859054464,0.635568874538893,0.6343352835188736,0.6343388931431458,0.6343399368240118,0.6343453377981354,0.634346343679439,0.6343468647357957,0.6343476160365998,0.6343454255781159,0.6343454755534705
244,0.6412763585081396,0.6027029620079856,0.6039941990076751,0.6149841479668476,0.6714296985264518,0.6700411329352033,0.6689399596309289,0.6691846092608562,0.6733498436106249,0.670550779107051,0.6699434712456741,0.6702509777493975,0.6700914375975979,0.6702184397613307,0.6703249884385984,0.6701356474835461,0.6701724360911592,0.6699316671552422,0.6701929290749553,0.6701227603372584,0.670130572170803,0.6705550877113523,0.6695431008747585,0.6696558074320977,0.6694639370637938,0.6689457417620959,0.6611261147389472,0.6611261151555092,0.66112611349609,0.6611261141420111,0.6611261141272726,0.6611261151999837,0.6611261152936445,0.6611261156458513,0.6611261162284633,0.6611261170854086,0.6611261171904663,0.661126117443213,0.6611261181761808,0.6611261222246939,0.6611261230715697,0.6611261236201955,0.6611261238981702,0.6611261246224297,0.6611261250322987,0.6611261253541899,0.6611261259106618,0.66112612647667,0.661126123246612,0.661126123777012,0.661126123463087,0.6611261242319862,0.6611261245352605,0.661126125215677,0.6611261359652346,0.6611261367074719,0.6611261415893697,0.6611261420280089,0.6611261428780417,0.6611261435498264,0.6611261439655162,0.6611261447687363,0.6611261455501586,0.6611261458847891,0.6611261467602523,0.6611261470365064,0.6611261480177034,0.6611261487260641,0.6611261493471903,0.6611261637055978,0.6611261644730717,0.6611261655294032,0.6611261665047358,0.6611261676125474,0.6611261686614744,0.6611261692359919,0.6611261699837501,0.6611261709963094,0.6611261719367034,0.661126169028209,0.661126170030941,0.6611261700110657,0.6611261709072053,0.6611261718063569,0.6611261716828495,0.6611261725577428,0.6611261713103417,0.6611261721597463,0.6611261729612576,0.6611261738310997,0.6611261747060482,0.6611261754743465,0.6611261663220176,0.6611261673090754,0.6611261681746131,0.6611261681245753,0.6611261688899585,0.6611261696490546,0.6611261700822564,0.6611261704047754,0.661126171147941
245,0.6631747611221709,0.6331335029441219,0.6340952388758507,0.6436272040415453,0.6899060929139296,0.6887767757975717,0.6879605431241397,0.6881510839263592,0.6902436120006872,0.6883225562205327,0.6882240935339885,0.6883314443166294,0.6882074371941149,0.6883095190504751,0.6884040178970037,0.6882870056930105,0.6883194401474586,0.6881001068413555,0.6883623343139956,0.6882911876516212,0.6883071105957934,0.68864744352132,0.6869295028233208,0.6870277519850386,0.6868585970465335,0.6863457047608351,0.6812315351982788,0.6812197260374584,0.6811508188680468,0.681150047948557,0.6811118301363271,0.6811670533311321,0.6811255758199163,0.6811138712066528,0.6811111570628072,0.6811228865535285,0.6811002326199096,0.6811138926729604,0.6811218830135748,0.681339194006221,0.6813537715527815,0.6813458236957268,0.6813707817583687,0.6813762552058636,0.6813631893445249,0.681338238465009,0.6813354340141969,0.6813291411546262,0.6812528701546549,0.6812474777401655,0.6811909094238119,0.6812016601354544,0.6812468979714225,0.6812753069311787,0.6826221158436645,0.682621303018335,0.682609334076579,0.6826036319497562,0.6826100161559188,0.6826087184349883,0.6825852876766875,0.6825856706119912,0.6825926432715546,0.6825788056339962,0.6825744146696691,0.6825466707543653,0.682563843654381,0.6825585042342832,0.6825481035452884,0.6829434658689263,0.6829338588218045,0.6829426821290339,0.6829416075436675,0.6829527526034294,0.6829578503134193,0.6829534356126414,0.6829449359821262,0.6829501740472196,0.6829503261447638,0.682968321984291,0.6829765347471721,0.6829578196707925,0.6829594940028769,0.6829751666594388,0.683013264941533,0.6830131990231866,0.6829496463107066,0.6829479140479368,0.6829442718286384,0.6829446087410252,0.6829431215520078,0.6829528808465988,0.6829771508350235,0.6829934181596573,0.6830013070822413,0.6829720073333049,0.6829755888390817,0.6829790471351865,0.6829883589417811,0.6829752756993669,0.6829732826552221
246,0.6956340003453614,0.6792693232154497,0.6797309581065012,0.6870105748265954,0.713786063678086,0.7134368464118915,0.713483419876691,0.7134763908526088,0.7140264952712249,0.7140616709835835,0.7151475740587927,0.7142807246109892,0.7142800980593225,0.7143130738441421,0.7143571590085606,0.7143285460357801,0.7143439529879809,0.7142867422401241,0.7144002717073805,0.7143913909694459,0.714436478339483,0.7145981891486319,0.7112998627842964,0.7113227123353829,0.7112699919996189,0.7112361709996595,0.7093669280720601,0.7093671924517904,0.7093152005911071,0.7093162203179746,0.7092952742933307,0.7093635475252159,0.7096658768457594,0.7096640318230559,0.7096671786395505,0.7096646695382798,0.709676892289928,0.7097008190017052,0.709699465520044,0.7095664910107132,0.7095647011326283,0.7095656383935837,0.7095918833840994,0.7095986224438844,0.7095975730864599,0.7095950763759379,0.7095954942180306,0.7096022837073954,0.7095319164773903,0.7095313981148914,0.7095197288217492,0.7095229188601438,0.7095451674440643,0.709613720060233,0.7114533620240957,0.711457543491304,0.7114415026936963,0.7114396165985322,0.7114365134773399,0.7114370987001575,0.7114423455905718,0.7114426158684669,0.7114397937728377,0.7116095062322948,0.7116164422424885,0.7116320641475704,0.7116224870454204,0.7116256600455222,0.7116315272246868,0.7117326733808876,0.7117353304244215,0.7117325843041609,0.7117330008079215,0.7117328168180441,0.7117313142109812,0.7117340516829914,0.7117144971696621,0.7117128876984413,0.7117128368136777,0.7118354654036155,0.7118329469704235,0.711818374400069,0.7118183115555332,0.7118135378930889,0.7127955397913615,0.7127954560471984,0.7127985972396452,0.712798729119345,0.7127989514073054,0.7127989500815166,0.7127993232865099,0.7127987832049764,0.7128278828503882,0.7128270932405848,0.7128279672978661,0.7128170775585659,0.7128171746218317,0.7128169552611219,0.7128167985727875,0.7128171483196484,0.7128172818092885
247,0.718555405276518,0.702436645764778,0.7028993579529954,0.7142235728218106,0.7289141453645681,0.7288924357871498,0.7290534634700946,0.7289918038461223,0.7289620629753417,0.7293584271722017,0.7309543238878908,0.7286893752391178,0.7287510084719848,0.7287624811081413,0.7287611714248481,0.7287741820111532,0.7287947300469959,0.7287488369652025,0.7288117050805607,0.7289013982724921,0.7289783772574266,0.7290597652400354,0.7249764376371405,0.7249703643272809,0.7249603657905872,0.7251241544292409,0.7245805273407248,0.7246050505288644,0.7245545356788002,0.7245564809558609,0.7245383195045202,0.7245656900572055,0.7257575352400228,0.7257602624377819,0.7257660613110513,0.725756438682234,0.7257870050135143,0.7257635483447404,0.7257548610131074,0.7255127455765458,0.7254925860865575,0.7255008286537219,0.7255169917757314,0.7255312388235136,0.7255394370852591,0.7255542100069585,0.7255567991187468,0.7255769157988688,0.7255399388960305,0.7255431836961646,0.7255690866541961,0.7255656005230191,0.7255702358704061,0.7256171777871708,0.7266701876273592,0.7266712006075542,0.7266529151567933,0.7266532064158016,0.7266439917612342,0.7266458294503719,0.7266630456191514,0.7266637634450664,0.7266550311156638,0.7271772565255817,0.7271907580094273,0.7272315347752687,0.7272065258189574,0.7272147185418916,0.7272299765926923,0.7271802099300838,0.7271895725718562,0.727180190376118,0.7271815401389458,0.7271773423417565,0.7271721614001307,0.727178497033277,0.7271345812067633,0.7271289839164619,0.7271288171990481,0.7271859274243532,0.727176762476234,0.7271629784011161,0.7271621303229175,0.727144669325099,0.7291247283600422,0.7291240631956366,0.729149283457371,0.7291500475698125,0.7291515637055851,0.7291514566193045,0.7291529265458259,0.7291489649245746,0.7291636664116613,0.7291572335344817,0.7291561628259401,0.7291337980518122,0.7291326282881552,0.7291299776223498,0.7291273590126631,0.7291324112542166,0.7291333102215816
248,0.7472441098793405,0.720262514357555,0.7221519479502512,0.7613824680755568,0.7578486802069554,0.7578984975434259,0.7566594776855731,0.7567978299773986,0.755699316565678,0.7537037936559522,0.7549023978579305,0.7489145658212534,0.7489791389207177,0.749024569349887,0.7488817996843207,0.7489583262881827,0.7490444209670766,0.7487023106046747,0.7488612467189997,0.7493134817177791,0.749415177014531,0.749463037487714,0.7464893362345574,0.7465356280641917,0.7464502258649882,0.7464541626988856,0.746656133683369,0.7467361098282362,0.7465067820221909,0.7465090163322224,0.7464076257783071,0.7464294067341432,0.7512693562000646,0.7512688629429797,0.7512690370419363,0.7512749050473142,0.7512738295232204,0.7512264947521463,0.7512238639070367,0.7512753456481814,0.751247767088519,0.7512518545449269,0.7512596440241641,0.7512877535274046,0.751286804470189,0.7512847565747138,0.7512849169080583,0.75130955684816,0.7513133917323185,0.751312945035214,0.7513071160286334,0.7513090583207414,0.7513101949980441,0.7512800512390443,0.7514478244980676,0.7514268073879717,0.7514204690182498,0.751421318044557,0.7514178290071297,0.7514182459732424,0.7514088058637384,0.7514092992056032,0.75140724404847,0.7521176560680832,0.7521205619514797,0.7521238800016957,0.7521218766545555,0.7521226826078357,0.7521239396622322,0.7520562332076955,0.7520559231164395,0.7520550940295875,0.7520552697539118,0.7520654177702283,0.7520651543503929,0.7520651285447315,0.7519958949891379,0.7519953891737624,0.751995367781504,0.7520365317660068,0.7520358095017664,0.7520302805487915,0.7520314148378369,0.7520302401588042,0.7529938868634909,0.7529911002238444,0.7529735890036195,0.7529731460298118,0.7529722067712251,0.7529723090725156,0.7529744366713284,0.7529770866794809,0.7529779093119077,0.7529821336787665,0.7529823973342507,0.7529528639906412,0.7529534403480943,0.7529483034291725,0.7529546608475666,0.7529511182138726,0.7529506103694357
249,0.7651066843906162,0.7461436178585874,0.7470056630637419,0.7971497148274997,0.7765281654840385,0.776986724337812,0.7748779905701237,0.7751416505443491,0.7735854534064898,0.770131726831529,0.7709648777898714,0.7626105628441838,0.7626422486635404,0.7626944726862082,0.7624301682389617,0.7625164450181904,0.7626472740758509,0.7621933256473021,0.7623736988773594,0.7631142642058293,0.7631331671481838,0.763171447134645,0.761206835394528,0.7612664736915475,0.7611680994837352,0.7611249880042725,0.7613292947089481,0.7614492054204903,0.7611570553985748,0.7611629318153296,0.7610358871076375,0.7611548504712136,0.7691940526405782,0.769194051852748,0.7691940510556923,0.7691940503099317,0.7691940493610296,0.7691940481598794,0.7691940476199284,0.769194048194629,0.7691940465023178,0.7691940453404988,0.7691940460531792,0.7691940459631683,0.7691940452493524,0.7691940442961682,0.7691940436256253,0.7691940414926376,0.7691940409019995,0.7691940400949736,0.7691940389630225,0.7691940382995923,0.7691940377292057,0.7691940365675477,0.7691940362820511,0.7691940350989002,0.7691940343363085,0.7691940337546591,0.7691940329794045,0.7691940323314106,0.7691940312047383,0.7691940305251923,0.7691940298929847,0.7691940397733142,0.7691940391355513,0.7691940383722093,0.7691940379534454,0.7691940373004256,0.7691940365949522,0.7691940351916099,0.7691940345696103,0.769194034039349,0.7691940333894303,0.7691940308569691,0.7691940302219081,0.7691940297266173,0.7691940285461784,0.7691940279755994,0.7691940273366271,0.7691940271456039,0.7691940266209019,0.7691940260467692,0.7691940256439538,0.7691940253751703,0.7691940331946282,0.7691940324102562,0.7691940316309592,0.7691940310516399,0.7691940304509924,0.7691940299114908,0.7691940294395432,0.7691940292047178,0.7691940286346698,0.7691940283694283,0.7691940257433112,0.7691940248297401,0.7691940243312865,0.7691940225736821,0.7691940226695508,0.7691940221027049,0.7691940214917659
250,0.7854550778139875,0.7833778143099936,0.7842378139462257,0.8382325807872518,0.8033133997833904,0.8044593939408045,0.801683838318469,0.8020544824761167,0.8002003403234615,0.7955254928998876,0.7957893944392379,0.7854845527490422,0.7851742508027434,0.7852038150639307,0.7848143272626635,0.7848934428362662,0.7850968727433006,0.7845761478239706,0.7847419594968148,0.7857402871898228,0.7851937586206837,0.7852124481365329,0.7846500031460495,0.7847056843649192,0.7846361668363095,0.7845795939661957,0.7846797687787098,0.7848251169659128,0.7845145004097133,0.784533113801483,0.7844088931280812,0.784706817676966,0.7886204572854738,0.7886214503223599,0.7886299955051123,0.7885563099977345,0.7885728435981916,0.7885693578435565,0.7886195541512341,0.7885801694540754,0.788507208053711,0.788369335633741,0.7883740108923663,0.7883982560436072,0.7884033381246067,0.7883936758512181,0.7883953360991297,0.7878656922831703,0.7878650322600618,0.7878662923164986,0.7878772626105495,0.787878392633851,0.7878773087737485,0.7879014472401716,0.7878777560550922,0.7878739277362206,0.7878729703833941,0.7878716091167668,0.787863528176337,0.787863618409957,0.7878518223973497,0.7878521054446874,0.7878503877227591,0.7879157471076068,0.7879174021018488,0.7879224041649098,0.7879195826962754,0.7879207424259044,0.7879225364516836,0.7879188172802744,0.7879350925980251,0.7879340515942551,0.7879342439805109,0.7875694116502657,0.7875615241144687,0.7875603338704744,0.7875046720959409,0.7875046391232503,0.7875046550831044,0.7875058776842718,0.7875058015655683,0.7875049980124583,0.7875232311074729,0.7875232381461483,0.7874710320943031,0.787454661788764,0.7874573957386349,0.787457549329681,0.7874577681960784,0.7874577641634979,0.7874517395987357,0.7874511582599532,0.7874512288451544,0.7874502908008321,0.7873155732704705,0.7873116875723902,0.7873162619008887,0.7872071725753946,0.7872101085222448,0.7872147691956113,0.7872155572106347
251,0.8031933025006828,0.8154973257610028,0.8157822491539084,0.8455254128910653,0.8200317149809349,0.8209415640607338,0.8192115918130471,0.8194986575855545,0.8181050967731117,0.8143148423763381,0.8141957207211945,0.8065950688071558,0.8053250462956504,0.8053124592757377,0.8050210445060473,0.8050974518777083,0.8053581999093615,0.8048021667361192,0.8049773674635555,0.8057459441036384,0.8042351393724417,0.8042456411006794,0.8042988538801137,0.8043605902273098,0.8042972439448257,0.804223503408019,0.8042482123480996,0.8043189654143632,0.8040415367332984,0.8040682694697902,0.803962691033467,0.8042462057738454,0.8057270107161307,0.8057274363405307,0.8057405540592165,0.8055554447296713,0.805560778399456,0.8055582731329449,0.8056545518473988,0.8055820601470788,0.8057194065215733,0.8054725667922746,0.8054792262909458,0.8054749413780058,0.8054748909381128,0.8054463804848762,0.8054484079994675,0.8040336717032698,0.8040336718652056,0.8040336720160277,0.8040336721335977,0.8040336724850887,0.8040336726153998,0.8040336730591296,0.8040336731008549,0.8040336732728337,0.8040336734345942,0.8040336735400233,0.8040336735798264,0.8040336737160255,0.8040336736545579,0.8040336737937559,0.8040336739200579,0.8040336733686764,0.8040336735051089,0.8040336736298866,0.804033673770031,0.8040336739006214,0.8040336740346423,0.8040336741528609,0.8040336748184176,0.8040336749618979,0.8040336751133872,0.8040336704369321,0.8040336703987923,0.8040336703873433,0.8040336684177656,0.8040336684782378,0.80403366853984,0.8040336685930424,0.8040336686542531,0.8040336687022771,0.8040336701188704,0.8040336701987006,0.8040336698040068,0.8040336698350694,0.8040336697468065,0.8040336698164111,0.8040336699457,0.8040336700141631,0.8040336685173877,0.8040336685470316,0.8040336686014986,0.8040336686391126,0.8040336676227249,0.8040336676474082,0.8040336689256515,0.8040336729205938,0.8040336730565425,0.8040336730951503,0.8040336731854408
252,0.8184221257905379,0.8296013196737028,0.8293979232315725,0.8392838318605285,0.8294180425137687,0.8287971969915088,0.8291295002699871,0.8292603337076815,0.8286011160789147,0.8267518701164371,0.82665590919374,0.8215830885406534,0.8190356997390222,0.8189699983697852,0.8190166827049269,0.8190776511913527,0.8192327220036817,0.8188053182037421,0.8189586613935238,0.819322220203553,0.8173952714982247,0.8174037671071487,0.8175186959692428,0.8175804653702731,0.8175271028895541,0.8174467775706539,0.8174504831671846,0.8174996662605322,0.8172514236241782,0.8172336094550787,0.8171377755670345,0.817364967745844,0.8180653867188961,0.8180646998379798,0.818076524074044,0.8177983772463344,0.8177949538370141,0.8177922892733307,0.8178947402012383,0.8178528025287706,0.8179134408949332,0.81792019700843,0.8179244151192678,0.8179271379754547,0.8179268787572639,0.8179078131103331,0.8179056296476208,0.8172487740724093,0.8172498213882767,0.8172489600720125,0.8172441370651067,0.8172688640180101,0.8172693966096524,0.8172719218337763,0.8172725076494557,0.8172732793621386,0.8172738265746144,0.8172734790130776,0.8172720881910721,0.8172752561445586,0.8172709887022473,0.8172710746711547,0.8172714167360651,0.8172553637955167,0.8172548325291076,0.8172524984244326,0.817252883495365,0.8172529752972311,0.8172520906993882,0.8172519624437449,0.8172734209690926,0.8172728914972179,0.8172728090612073,0.8172595998588462,0.8173737922866555,0.8173734937028833,0.8173447234492278,0.8173443376403247,0.8173443212205593,0.817344809023044,0.8173440292214516,0.8173433206956174,0.8174686962841414,0.8174681220430488,0.8174669133031479,0.8174683773582082,0.8174720624402916,0.8174722403446566,0.8174800531746289,0.8174800338293577,0.8174571054928548,0.8174560176714258,0.8174562653874712,0.8174545076620295,0.8174589800186453,0.8174583875226505,0.8175104948639506,0.8176287915792763,0.817631729165583,0.8176300278287764,0.8176297936791179
253,0.8375668686693516,0.8546688378655632,0.8514482949579912,0.8409967610068996,0.834340938279947,0.832982910676373,0.8352970334928961,0.8355638381972167,0.835108626343273,0.8334948058818425,0.8331458296791137,0.8321637997753479,0.8278044490288499,0.8276914290821447,0.8274779537655661,0.8275011486974012,0.8265821212672918,0.8263824972522554,0.826437696117065,0.8263988655932356,0.8256634227313132,0.825664739624689,0.8257071880888793,0.8257605303016121,0.8257330405006574,0.82568901479823,0.8256851695836144,0.8257881666249369,0.8256911689222346,0.8253180746122071,0.8252739901686378,0.8253475786872486,0.8254124036252942,0.8254113348296807,0.825387576062555,0.8252574589682589,0.825249349277788,0.8252472466667442,0.825367528444853,0.825367930318238,0.8252590177734382,0.8280867098352196,0.8280882378917453,0.8281055052628312,0.8281167479560306,0.828111521754803,0.8281183346622973,0.8280798213799109,0.828081867362531,0.8280794066377392,0.8280698263450175,0.8280278837547523,0.8280282787551381,0.8280269363448045,0.8280274505219875,0.8280273940452704,0.8280277981838351,0.8280275370836669,0.8280279526127294,0.8280570724541606,0.8280552767284916,0.8280553577287826,0.828055698474086,0.8280550148425466,0.8280545415060355,0.8280536732382698,0.8280488223884224,0.8280586681308981,0.828057547572224,0.8280571073916938,0.8280634362570343,0.8280573627649237,0.8280572615666965,0.8280737512261847,0.8286926426698122,0.82869353034804,0.8286891068416008,0.8286885333179177,0.8286891688574469,0.8286899147021294,0.8286881252264636,0.8286871595324871,0.8287644671479357,0.8287622651146607,0.8287618412685956,0.8287593253796813,0.8287695754076009,0.828769890136382,0.8287723768809963,0.8287723420699132,0.8288176610989766,0.8288164820357448,0.8288167306676044,0.8288147916784878,0.8288160411906235,0.8288151710838122,0.8288489665843318,0.8287988912878308,0.8287984047997,0.8288000857614471,0.8288003817645101
254,0.8474254416245592,0.8658400163707551,0.8666920910225852,0.8614058852902114,0.8529037042422988,0.8505857143670454,0.8555245273519635,0.8561706461415878,0.8553087337412242,0.852086010056008,0.8513764681005107,0.850611088320864,0.8420442309932795,0.8418769160639484,0.8412989043685262,0.8413217750455552,0.8390700169804121,0.838833241604697,0.8388711245741228,0.8388088449409459,0.8383031879354178,0.8383004436580759,0.838331922144649,0.8383291409525112,0.8382939125098554,0.8382545614496997,0.8382502594076681,0.8383720858442394,0.8382989374844482,0.8371708351220366,0.8371257532039083,0.83718647981012,0.8371903706244823,0.8371889935686035,0.837149016893506,0.8370464957551605,0.8370314369219989,0.8370281218388869,0.837244832762588,0.8372488146683537,0.8371883374691332,0.8433968674548895,0.8434002968281713,0.843421440847663,0.8434238071576914,0.8433994730036971,0.8433939521537172,0.8433936912584048,0.8434029765338642,0.8434015930295872,0.8433578131434561,0.8433784392678615,0.8433830102048041,0.8433766302828035,0.8433801319060852,0.8433780800730734,0.8433823662512961,0.8433822820807233,0.8433873723600446,0.8434264013914686,0.8434086383005982,0.8434085983098348,0.8434136438057964,0.843410589695267,0.843404858006068,0.8433824980328711,0.8433793049712711,0.8433965341537198,0.8433880491367575,0.8433851354495483,0.8433866567703915,0.8433753099192558,0.8433745842850648,0.8433924373272568,0.8444260963168545,0.844423829249092,0.8444229617670295,0.8444248561444867,0.8444262243850352,0.844423614713619,0.8444265643904094,0.8444292531445097,0.8445407133078222,0.8445472644655847,0.8445485011001838,0.8445474386024325,0.8445212309739092,0.8445204894046157,0.8443322121782937,0.8443323828192406,0.8443514264489209,0.8443567364674127,0.8443556503606087,0.8443640994257046,0.8443685993499407,0.8443723527473339,0.844389769356571,0.8443692234526233,0.8443745731040074,0.8443676560769457,0.8443665382025165
255,0.8477313845195923,0.8614759693943554,0.8628867026157899,0.8588368358762277,0.8499792045165979,0.8482017066124827,0.8521217566975741,0.8529244792988969,0.8520474669778063,0.8484199299032368,0.847675491113106,0.8474725922708936,0.8403167559890431,0.8401590308069317,0.8390478371254663,0.8390663790522133,0.8355793231426037,0.8353379306253947,0.8353646646640194,0.8352983836026644,0.8351358226354635,0.8351303565814217,0.8351537152744459,0.8351403139965178,0.8350969058035309,0.8350542841517712,0.8350490852110741,0.8351892627596045,0.8351121627467354,0.8337925051740532,0.8337490931629629,0.8337871136466034,0.8337539043184605,0.8337523810435696,0.8336740543592516,0.8336259453604017,0.8336068817888928,0.833602983714228,0.8337882320495937,0.8337910618294996,0.8338394600219462,0.8434312074411917,0.8434312082533623,0.8434312074383338,0.8434312076542141,0.8434312065801495,0.8434312062509531,0.8434312055003889,0.8434312046310662,0.8434312037010168,0.843431202629716,0.8434311987322849,0.8434311979469138,0.8434311969657964,0.843431196026095,0.8434311950326373,0.8434311940844103,0.8434311933525848,0.8434311924250304,0.8434311933440707,0.8434311924143335,0.8434311915695898,0.8434311907636486,0.8434311898477619,0.8434311889120437,0.8434311884225594,0.8434311873264113,0.8434311866108055,0.8434311856350197,0.8434311847018927,0.843431183908553,0.8434311827112313,0.8434311817414945,0.8434311809880161,0.8434311890886637,0.8434311884867958,0.8434311877538601,0.843431186982001,0.8434311863443873,0.8434311855490911,0.843431184901508,0.843431184194666,0.8434311852509263,0.8434311848166042,0.8434311840865474,0.8434311832955077,0.8434311830337404,0.8434311822317532,0.8434311762333501,0.8434311754073902,0.8434311748243677,0.8434311743160511,0.8434311734692748,0.8434311728263463,0.8434311720993719,0.8434311714159608,0.843431172546492,0.8434311715422901,0.8434311713188805,0.8434311706246703,0.8434311697815566
256,0.8316434170998908,0.8610775289551563,0.8686016153873068,0.8708426667145949,0.8640316409129138,0.8610563383792028,0.8646978323635028,0.8663845431237673,0.8655109174746733,0.8617400170475027,0.8610052539326141,0.8610403621862128,0.8545929340606014,0.8544667458904034,0.853433523734192,0.8534631227071312,0.8474351066241202,0.8471428416621162,0.8471680927071573,0.8471349773706718,0.8472081234984562,0.8471981141228739,0.8472124632335157,0.8463426435493214,0.8462790221026317,0.8461953942117265,0.8461839714407668,0.8461875361406153,0.846024798959007,0.8434638438009086,0.8434458213774222,0.8434559221802629,0.8434428150183124,0.8434420230585299,0.8434370804938425,0.8434311623169148,0.8434173584467773,0.8434148577570959,0.8435071550807813,0.8435097208046265,0.8435085040606111,0.8460243595237324,0.8460223227722483,0.8460193355135667,0.8461317766413302,0.8461457598198422,0.8461516039080649,0.846159737640668,0.8461531398371474,0.8461532138683509,0.8461830823204713,0.8461518358433744,0.8461486798660487,0.8461521953178521,0.846149784417185,0.8461511331574144,0.8461481430838329,0.8461480292718695,0.8461446105276302,0.8453886157746061,0.8454063211486031,0.8454063554966708,0.8453995856860347,0.8454030732650236,0.8454093119538661,0.8454484899450968,0.8455166430850732,0.8455254848061057,0.8455348618567715,0.845537906631051,0.8455473787148517,0.8455095489325164,0.845510088783499,0.8455029444150166,0.845531103493357,0.8455355298926658,0.8455365576409394,0.8455330774442402,0.8455634814711238,0.8455677399462957,0.8456119318516178,0.8456110673341216,0.8456335533532794,0.8456331328450493,0.8456327692971475,0.8456327770881553,0.8456375968665137,0.8456377737634619,0.8454786375293999,0.8454785787600672,0.8454866989509383,0.8454847534479837,0.8454851421340507,0.845482064084243,0.8454806864074613,0.8454793387591816,0.845515951076885,0.8455156752370945,0.8455136070307935,0.8455163498923486,0.8455168143151438
257,0.8382668592740447,0.863315868371817,0.873982992231443,0.8749026728660746,0.8686842292763782,0.8658602755965937,0.8680074020268392,0.8704485968369606,0.8697461428366298,0.8666251108240851,0.8660457955564399,0.8661315964449681,0.8615055827712358,0.8613374759814703,0.8605531909700279,0.8605865723671303,0.8550537557923553,0.8545532623788983,0.8546208213054021,0.8545875793766166,0.8546644023021032,0.8546506207342213,0.8546822658573202,0.8523551421721979,0.8522353456732361,0.852066629023663,0.8520443343412327,0.8519584131801718,0.851613979304053,0.8492899026656006,0.8492618714868194,0.8492711331762625,0.849271719756513,0.8492703706018567,0.8492838269920402,0.8492908742985832,0.8492661144296965,0.8492620931372201,0.8493005990248439,0.8493051998067019,0.8492878331554012,0.8498014397360765,0.8497992872344853,0.8497967428061464,0.8496826441644972,0.8496939589870072,0.8496826036945486,0.8496867220224239,0.8496815335951388,0.8496761742376178,0.8496963082511368,0.8497204165729025,0.849717871411255,0.8497202578436737,0.8497181853302052,0.8497191755668462,0.8497165854120126,0.8497169950016621,0.8497142090709704,0.8464965766555177,0.8465332809334579,0.8465332756514999,0.8465191511985282,0.846526482009206,0.8465391660418576,0.8465890793348272,0.8468657143770653,0.8468742672171008,0.846892960184024,0.8468990862939053,0.8469115170475306,0.8468692808686076,0.8468703141433206,0.8468556114647948,0.8468389118267591,0.8468477016714737,0.8468486768844176,0.8468414834879029,0.8468768271444026,0.8468857714980956,0.8469984384477628,0.846998438305376,0.8469984383266943,0.8469984381613596,0.8469984380815164,0.8469984380624873,0.8469984391707525,0.8469984391953533,0.8469984387215465,0.8469984387018938,0.8469984387621331,0.846998438508486,0.846998438534051,0.8469984381859367,0.8469984380186716,0.84699843785083,0.846998438049582,0.8469984379555744,0.8469984377128258,0.84699843797635,0.8469984380020246
258,0.8428308207776054,0.8660639545427806,0.8808819250045068,0.8788168409097488,0.8725184410215792,0.8710016239905386,0.8709247164631276,0.8747646484309407,0.8743867859468293,0.872573791924703,0.8722553490522853,0.8723474531906066,0.8701802663857788,0.8699891609629758,0.8695999881127525,0.8696277143657096,0.8664485507515829,0.8658287743891604,0.8659202583423242,0.8658881111569938,0.8659438177204392,0.865934109503433,0.8659766665508252,0.8603709132810539,0.8602188218566366,0.8600129311212997,0.8599863254931,0.8598662393557831,0.8594224239875836,0.8583480004120438,0.8582714294709782,0.8582998623014445,0.8583096182733357,0.8583061653188109,0.8582938814624604,0.8583170200832416,0.8582567962105591,0.8582460229516305,0.8582580267290534,0.8582693546152339,0.8582651199185738,0.858152264791303,0.8581518919207357,0.8581533960480419,0.8577784802123142,0.8577651204551086,0.8577432733999116,0.8577382433508242,0.8577432481703031,0.8577356380644036,0.8577049551758745,0.8577383790639589,0.8577411409977893,0.857736813927409,0.857738535074776,0.8577370698828103,0.8577392292311181,0.8577404329227429,0.8577434585194244,0.8520946748495093,0.8520876136037184,0.8520872165522551,0.8520838986302175,0.8520825148208503,0.8520804789816636,0.8520683224563138,0.8524048831799853,0.8523998433126323,0.8523956331472121,0.852394249811337,0.8523901603328197,0.8523748401777965,0.8523737876652564,0.852376085765223,0.8523677896011034,0.8523659223347723,0.8523655823731546,0.8523662933720715,0.852397646304729,0.8523957204838721,0.8524329678904803,0.8524375851648733,0.852436076607717,0.8524640677013359,0.852466051452439,0.8524660303649034,0.8524136411173179,0.8524123709264749,0.8524240822606247,0.852424264486929,0.8524223413745193,0.8524239674052957,0.8524225547227778,0.8524326954903026,0.8524373314637906,0.8524420323871614,0.85244276525793,0.8524451267305385,0.852449672454572,0.8524396524205677,0.8524380125695526
259,0.8459086467329987,0.8671941423873276,0.884281147089774,0.8798771833959366,0.8730058425270372,0.8729477662083504,0.8718497562137523,0.8769401879858337,0.876783674599626,0.8760122886056155,0.8758604233899003,0.8759407963219737,0.8751612265415724,0.8750734784248286,0.874941803215299,0.8749614937117878,0.8735079456311763,0.8730904069600388,0.8731723014599605,0.8731472128985088,0.8731871068210456,0.8732012802372642,0.8732403472947927,0.8664023225060528,0.8663297069034649,0.866238829884776,0.8662274142080917,0.8661730648208695,0.8659767955479637,0.8657402065393355,0.8657047910338889,0.8657180686448639,0.8657228047882483,0.865721606824426,0.8657136781107245,0.8657246115375804,0.8656959778501017,0.865691229780308,0.8656951645778793,0.8657004148575466,0.8656976376915454,0.8656121822000982,0.8656145962455253,0.8656160375970122,0.8654496105751339,0.8654399407528526,0.865430657582951,0.865427444375309,0.8654313312317474,0.8654278357805781,0.8654073734056899,0.8654245427846657,0.86542636067911,0.865423839732263,0.8654252574532839,0.8654244488600027,0.8654261927288356,0.8654267981318652,0.8654288580371612,0.8620144525100792,0.8619761340698614,0.8619760864544579,0.8619855002527491,0.8619779676905643,0.8619652208811697,0.8619219956039588,0.8619692431177041,0.8619594555671485,0.8619408780974982,0.8619348786042504,0.8619222139147072,0.8619276926910189,0.8619261480386807,0.8619399729163706,0.861943620988649,0.8619350929074704,0.8619340133636605,0.861940485562123,0.8619581250392295,0.8619492392841098,0.8619668551130533,0.8619769462596424,0.8619787329870281,0.862017839969597,0.8620224496218908,0.862022336873461,0.8619239906457035,0.8619213665323118,0.8619205231926453,0.8619209822500677,0.8619184997249009,0.8619312498955041,0.8619282979563996,0.8619515956635366,0.8619619970843604,0.8619724870341484,0.8619778096675421,0.8619829137507994,0.8619964539227177,0.8619766747119462,0.8619736058541655
260,0.5883995296429481,0.5283662494511198,0.5272417267844567,0.5331626071395353,0.6037844424046536,0.6034301206986387,0.6052925467697983,0.6047420681425125,0.6260648285204103,0.6260648346287524,0.6260648346649952,0.6260648338824546,0.6260648333750128,0.6260648319308715,0.6260648308859491,0.626064828841829,0.6260648274509357,0.626064828942853,0.6260648198835832,0.626064818802976,0.6260648175883405,0.6260648208757902,0.6260648197809895,0.6260648180929606,0.6260648215102076,0.6260648226372055,0.6260648174164872,0.6260648171659938,0.6260648210676005,0.6260648201711355,0.626064820708261,0.626064819548083,0.6260648184268242,0.6260648171802142,0.6260648163675349,0.6260648150930448,0.6260648150416701,0.6260648143039762,0.6260648132178745,0.6260648116227417,0.6260648104356866,0.6260648097218081,0.6260648092189173,0.6260648082616446,0.6260648077558422,0.6260648073573434,0.6260648066249834,0.6260648059052414,0.6260647989086081,0.6260647980135258,0.6260647982664787,0.6260647970494865,0.626064795992608,0.6260647953808093,0.6260647934707954,0.6260647925420453,0.6260647953424804,0.6260647946041197,0.6260647935385177,0.6260647927496991,0.6260647925821397,0.6260647913891572,0.6260647904008405,0.6260647896002403,0.6260647891039275,0.6260647891670104,0.6260647878031149,0.6260647870592774,0.6260647865210125,0.6260647850301586,0.6260647844092911,0.6260647833505417,0.6260647824360535,0.6260647813142646,0.6260647802625425,0.6260647798294566,0.6260647790268731,0.626064778039542,0.6260647771617776,0.6260647784241676,0.6260647773608977,0.6260647762416192,0.6260647753195331,0.6260647742498568,0.6260647731944775,0.6260647723352291,0.6260647744192361,0.6260647736068761,0.6260647728858496,0.6260647720872148,0.6260647712256585,0.6260647703204938,0.6260647624488753,0.6260647609743336,0.6260647598660046,0.6260647582982222,0.626064757271135,0.626064756295403,0.6260647557183313,0.6260647555310046,0.6260647546132504
261,0.6230574412106369,0.5648411879899067,0.5648997123804799,0.5742461478135534,0.6469952385179562,0.6459669984262602,0.6458079346796957,0.6458046012930344,0.6563145234893532,0.654283161751948,0.6536779401218316,0.6539009741829073,0.6538089078065482,0.6538944491400196,0.6539627291796695,0.6538116628068686,0.65383627923281,0.6537234423791379,0.6538099058998056,0.6537807518772167,0.6537860851395288,0.654189531547426,0.6538050062033558,0.6538733278333257,0.6537468520217933,0.6536553775774483,0.6502938423843972,0.6502382978855507,0.649975996623872,0.6499762322300555,0.6498801638367083,0.6499247890670609,0.6499197674376043,0.6499148220442125,0.6499084149372061,0.649938954449407,0.649880462997673,0.6498029155587968,0.6498206797371533,0.6497481552705973,0.649769773013802,0.6497615418705005,0.6498760288338944,0.6498827789543015,0.6498674758179821,0.6498374328312486,0.649834939578526,0.649826075730453,0.6489670922417692,0.6489634271745482,0.6489059187942594,0.6489194687011081,0.648770006620402,0.6487606462435879,0.6488283994660442,0.6488286750851953,0.649331360405742,0.6493317562971271,0.6493358945324897,0.6493372709236437,0.6493233408322154,0.6493351370829472,0.6493394220889029,0.6493316519217146,0.6493362154636589,0.6493201879554692,0.649331266268528,0.6493292017133859,0.6493225166763866,0.649328717697782,0.6493234910061295,0.6493279376877142,0.6493283748193818,0.6493336495267056,0.6493374450740895,0.6493339116162509,0.6493351220014173,0.6493376146505633,0.6493377393860744,0.6491586476768515,0.6491622742926549,0.6491543540625985,0.6491565314795887,0.6491629933913557,0.6491393224316417,0.6491393333728274,0.6491102109324223,0.6491099584846415,0.6491082617970578,0.6491095718390015,0.6491103315303565,0.6491149594355595,0.6470695401444023,0.6470695405927909,0.6470695409396522,0.6470695409940035,0.6470695413224892,0.647069541629767,0.647069541787469,0.6470695418844731,0.6470695421908881
262,0.6371298292566655,0.5780843344718037,0.5794337106647967,0.5926585962514335,0.6740011139531898,0.6730033534312825,0.6724350008739034,0.6725389525046758,0.6795304638140219,0.6774993172146292,0.6769744862158971,0.6771498340605149,0.6770477206915252,0.6771377207872299,0.6772074764754444,0.6770966751441377,0.6771266261731613,0.6769648976399437,0.6771875105902517,0.6771457414312335,0.6771531613082153,0.677525972152678,0.6767337752876166,0.6768236274070711,0.6766760297811933,0.6764908362469203,0.6721932963019136,0.6721445471153789,0.6719153507437882,0.6719152309646652,0.6718387703140951,0.6718895593708932,0.6718750079133818,0.671867920373141,0.6718629859111799,0.6718865741905502,0.671841434929145,0.6717770830114365,0.6717908541594372,0.6716528979166974,0.6716705543470631,0.6716635798483307,0.6717430440367497,0.6717479796875314,0.6717353253013405,0.6717103663782278,0.6717082939319795,0.6717013214463708,0.670473419835164,0.6704687015345223,0.670404553814085,0.6704188000631778,0.6703721387785707,0.6703697370390922,0.6708156088707096,0.6708155045869191,0.6710100689221271,0.6710119861895518,0.6710166199169924,0.6710179206986697,0.6710027257483694,0.6710128891443643,0.671017617475769,0.6709984325750972,0.6709984504980991,0.6709809007194841,0.6709928930441459,0.6709904877703696,0.6709832612087765,0.6709001812364426,0.6708947578827875,0.6708992754153994,0.6708998245842067,0.6709051757536312,0.670909025243114,0.670905518479667,0.670906950366496,0.670909505082532,0.6709096362144678,0.6702359537853373,0.6702381103360388,0.6702348303218251,0.6702365780337547,0.6702403335287528,0.6701900661660916,0.6701900907613382,0.6701727750325436,0.6701728148871844,0.6701718393638123,0.6701725698772271,0.6701735011949256,0.6701762215265461,0.6692116601417836,0.6692140024512843,0.6692146385727823,0.6691695223371739,0.6691705290655471,0.6691708568873719,0.6691704336820914,0.6691689051759799,0.6691692075473759
263,0.6615155887871148,0.6063789790709374,0.6079553041336625,0.6224381660893332,0.6999459117262945,0.6990340935426986,0.6983343535105146,0.6984933216314582,0.7016364807296441,0.6999925008102706,0.7000704204288853,0.70003053540997,0.699931151866697,0.700023437136676,0.7000988476718355,0.7000224743138619,0.7000571148612578,0.6998655577685798,0.7001336066786241,0.7000816605074683,0.700099692436286,0.7004494066082138,0.6985105593079105,0.6986177466470067,0.6984528750399468,0.698186471608551,0.6934789579533246,0.6934462308516459,0.6932696483519962,0.6932704432746175,0.6932080400144123,0.693281789645621,0.6932584394994942,0.6932578194248041,0.693255430171497,0.6932728987097526,0.6932424293259494,0.6932954152192463,0.6933080967815044,0.6931443658484854,0.6931620985494552,0.6931553240385897,0.6932228974525977,0.6932272816949755,0.6932145250016297,0.6931895182405827,0.6931877270943665,0.6931818998903911,0.6924141984208001,0.6924077128645953,0.6923265632161509,0.6923438604808994,0.692348268836887,0.692372342058296,0.6939893961961662,0.6939890825064171,0.6940179977007498,0.6940202525857008,0.6940247090490363,0.6940256952056951,0.6940112189582892,0.6940185880862203,0.6940231828511059,0.6939790063569303,0.6939760074699637,0.6939584030569776,0.6939702870866977,0.6939676868760122,0.6939605196665011,0.6938540317534982,0.693848899319754,0.6938530944802191,0.693853616494493,0.6938585652784952,0.6938620220215217,0.6938590319251496,0.6938602589870506,0.6938626331049508,0.6938627522237805,0.692200813968704,0.6921986790741939,0.6921947372540683,0.692195168499523,0.6921907971659644,0.6920987173090584,0.6920987668710376,0.6921164744211917,0.6921173020795802,0.6921183426456958,0.6921185192836228,0.6921198403321834,0.6921171464732491,0.6918304221394737,0.6918271436176244,0.6918253234329217,0.6917243863250748,0.6917241520086924,0.6917231397981648,0.6917191321794061,0.6917225505702842,0.6917236488947568
264,0.6857287906143102,0.648547511754576,0.6495486521378481,0.6616780738403308,0.7161929635082886,0.7155831009897443,0.7154846422914242,0.7155189849278178,0.7167356060270359,0.7164188558925564,0.7177169321489055,0.7170714742263824,0.7170372944213791,0.7170970734678759,0.7171646621816129,0.7171159271285666,0.7171407615738729,0.7170341821670498,0.717229722922959,0.7171977565514595,0.7172413128782604,0.7175113908508994,0.7136091635416864,0.713674802941394,0.7135635756629566,0.7134079097037422,0.7100878574665477,0.7100714275296774,0.7099575800538693,0.7099588287518794,0.7099158753041662,0.7100242430215717,0.710089499316278,0.7100897981087799,0.7100907480105055,0.7100981611354048,0.7100903663101908,0.710235967786251,0.7102441826637453,0.710088695980973,0.7101013633803533,0.7100964105455551,0.710149890150505,0.7101554915686006,0.7101452216339218,0.7101252141276384,0.7101240122188872,0.7101226653360948,0.7098617473384372,0.7098569760383195,0.7097967425250956,0.7098097061106007,0.7098334646909048,0.7099105635677285,0.7139071608573079,0.713907160408419,0.713907159660161,0.7139071593092399,0.7139071588995954,0.7139071585114088,0.7139071578991187,0.7139071575436904,0.7139071571895094,0.7139071569540747,0.7139071564995193,0.7139071559540332,0.7139071556261323,0.7139071551452727,0.7139071546184935,0.7139071541166068,0.7139071535916609,0.7139071532041434,0.7139071527304979,0.7139071523823877,0.71390715196853,0.7139071516117917,0.7139071510427765,0.7139071506298156,0.7139071501758283,0.7139071184937733,0.7139071176690438,0.7139071167132014,0.7139071159339986,0.7139071152695047,0.7139071275398977,0.7139071268721267,0.7139071273513723,0.7139071266918012,0.7139071260478572,0.7139071253894385,0.7139071247259257,0.7139071242090755,0.7139071230826173,0.7139071224015427,0.7139071217378187,0.7139071222576144,0.7139071216582704,0.7139071210502487,0.713907120769176,0.7139071203107232,0.7139071196511588
265,0.7178134101011964,0.6991903038068638,0.6994077717989718,0.7134948819171787,0.7436306800650212,0.7435777985182811,0.7440833864669212,0.743947885401136,0.7441309718857662,0.7452124923972928,0.7482338555942107,0.7453497070588727,0.7454332444803614,0.7454473814941449,0.7454699181449157,0.7454761878643578,0.7454970424793484,0.7454729127020234,0.7455595016025898,0.7456277878679585,0.7457332817786654,0.7458747435635696,0.7384702001567411,0.7384638993169942,0.7384539770132992,0.738592826596494,0.7377772926305111,0.737799459578904,0.7377826178150377,0.7377853033771682,0.7377792545790295,0.7378227547670297,0.7386466526836389,0.7386504895654064,0.7386570194452848,0.7386467697618628,0.738679237889619,0.7387009491434671,0.7386937177070664,0.7384626198163207,0.738448303741686,0.7384556704545698,0.7384812046690508,0.7384959974431781,0.7385033083769474,0.7385162138732391,0.7385188077575157,0.7385359750934334,0.7384687513888402,0.7384715512821448,0.7384900913187729,0.7384883362186534,0.738493682690007,0.7385756317708968,0.7400559892305771,0.7400605671848228,0.7400442478533769,0.7400443375829584,0.7400352048219424,0.7400372674684177,0.7400535518912714,0.7400548978893691,0.740046009852019,0.7406496250142882,0.7406642256158663,0.7407119515335734,0.7406827665665896,0.7406924025746219,0.7407102019611281,0.7406649183226726,0.740676015994556,0.7406649859367336,0.7406666709161588,0.7406581601248462,0.7406521565422423,0.7406602011195791,0.7406337094049782,0.7406271600706575,0.740626971734416,0.7403816969919049,0.7403717286533049,0.740359813454094,0.7403588325154098,0.7403398211548603,0.7435052895789533,0.7435053989529659,0.7435409165222434,0.7435419482155498,0.7435440138589857,0.743543852248117,0.7435449519438666,0.7435394683620697,0.7435513035041035,0.7435425177525616,0.7435390131240107,0.7436047124778683,0.7436031640663963,0.7436017565364594,0.7435966994407096,0.7436030995423294,0.7436041749756626
266,0.7341189257287373,0.7049430520951612,0.706051521165022,0.7291690809560122,0.7548876534656764,0.7548660475678918,0.7552228222405472,0.7550935551641091,0.7550207882743664,0.7559711436837335,0.7593871586977881,0.7553311908130117,0.7554343720831245,0.7554494157798968,0.7554569267800261,0.755480976106498,0.7555091752001137,0.7554491374045041,0.755540918212443,0.7556481844655144,0.7557788490517932,0.7559012640529579,0.7477129169462872,0.7477104813877749,0.7476991334192727,0.7478362587958108,0.7474701859374799,0.7474929983128393,0.747435269830241,0.7474373746986378,0.7474176791716176,0.7473593922280574,0.7485981955756489,0.7486013580827865,0.7486058338199406,0.7486006697537072,0.7486225448482788,0.7485690557756475,0.7485625585294526,0.7483538708889331,0.7483386762928717,0.7483458234375973,0.7483640737566355,0.74839198129967,0.7483982084098602,0.7484090581587816,0.7484111695468731,0.7484304117312891,0.7483961236877275,0.7483985436051557,0.7484157401167832,0.7484138670227872,0.7484165092623067,0.7484131460545153,0.7493611094042534,0.7493649428951251,0.7493501787761614,0.7493502961049062,0.7493414372784472,0.7493433245798128,0.7493476558158944,0.749348767500005,0.74934022298635,0.7504325447887908,0.7504474378216355,0.7504964136493975,0.7504664124530774,0.7504762790766426,0.7504945710772286,0.7504437288083968,0.7504550412380165,0.7504436357833449,0.7504453230843675,0.7504364407793247,0.750430228647634,0.7504384481530271,0.7504066708780703,0.750399893210769,0.7503996950157622,0.7503027775061328,0.7502926207895598,0.750281010764004,0.7502802642861454,0.7502609007939403,0.7548882145301464,0.7548882138188706,0.7548882154314455,0.7548882148167624,0.7548882142541609,0.7548882136046843,0.7548882129944832,0.7548882123083079,0.7548882119493047,0.7548882109650686,0.7548882102439809,0.7548882090533281,0.7548882083734664,0.7548882075845263,0.7548882071922399,0.7548882070389705,0.7548882064258658
267,0.7643895294976146,0.7260699801366741,0.7283254008343996,0.780021873264802,0.782894575736054,0.7828167098232155,0.7818648830071538,0.7819215931606034,0.7809864180873005,0.7799777393197497,0.7828124995235258,0.7743759546799405,0.7744907809058731,0.7745287828148418,0.7744708015543168,0.7745374509725885,0.7746009067387577,0.7743512856079484,0.7744988780107585,0.7747629671033609,0.7749386205667789,0.7750155627537464,0.7695264890430626,0.7695929031831718,0.7695022071412426,0.7694854546595009,0.7696241920766168,0.7696239355599557,0.7692376632494984,0.7692368535263338,0.7691028216752477,0.7687029763731748,0.7720180174314772,0.7720161924101338,0.7720069641458659,0.77203944028538,0.7719792651384519,0.7718650154071295,0.7718795145040033,0.7717372987780745,0.7717429278885968,0.7717348221386617,0.7717513310566627,0.7718417368706852,0.7718252678487972,0.7717930854895548,0.771789259570205,0.7717933766752213,0.7718144368137111,0.7718078148635906,0.7717417314661701,0.7717539151770663,0.7717615479585106,0.7714297344253372,0.7716608305463054,0.7716609502854193,0.771658509688574,0.7716587852186451,0.7716604052949468,0.7716599181608262,0.7715895060103498,0.7715902438475859,0.7715924339511638,0.7745293145902543,0.7745294823333795,0.7745256757195823,0.7745281035796142,0.7745275581866965,0.7745261076445876,0.7744809271632694,0.7744787829128488,0.7744796398300717,0.7744796173189976,0.7744623953952023,0.7744634222171436,0.7744619477731502,0.7744179708205221,0.7744185158196104,0.77441852576702,0.7744800138369186,0.7744811576647765,0.774480193463428,0.7744838423894375,0.7744861327501554,0.7760770732506177,0.7760680726848073,0.7760535421156337,0.7760531648689846,0.7760523578803801,0.7760524449870654,0.7760534406300822,0.7760557186997944,0.7760554580400466,0.7760590750320231,0.7760683589357736,0.77600160040101,0.7760025800860305,0.7759777879219664,0.7759914110772784,0.7759878692382371,0.7759873789224884
268,0.7862792943531446,0.7648574723376763,0.7662738152737438,0.8358359699106978,0.8115275109840894,0.8115205348022286,0.809394087695644,0.8096293341428098,0.8081293032013314,0.8052749071622634,0.8070064951635537,0.7930819488688144,0.7931168039638038,0.7931513484480074,0.7930424977581997,0.7931020923663511,0.7931872188155211,0.7929006598747185,0.7930288756637982,0.7934080233966986,0.7934479810665064,0.793485658967812,0.7913500281347959,0.7914183524313958,0.7913304301304034,0.791258150733742,0.7913859835542758,0.7914157049711597,0.7910396041624896,0.7910429655489186,0.7909074842302958,0.7907918435134298,0.7944300168310433,0.794428078846864,0.7944213041203522,0.7944323135170376,0.7943816786938064,0.7943273855149937,0.7943560767592946,0.794266364947046,0.79425682218155,0.7942183887060776,0.7942288331874695,0.7943439508632352,0.7943299623179513,0.7942977811099248,0.7942942220590752,0.7941891781516434,0.7942072621025273,0.7942014046752705,0.794143750321803,0.7941547290358837,0.7941608007752974,0.7939694606703457,0.7939960435144356,0.7939988895587047,0.7940018944246309,0.7940016885850405,0.7940052079206372,0.7940041299748852,0.7939321415813833,0.7939325678594863,0.7939371491440629,0.7958529487365812,0.795849371801083,0.7958347343151,0.7958438593875061,0.7958412165124545,0.7958356886109617,0.7958235718192129,0.7958262791237117,0.7958297010160615,0.7958293021705796,0.79562668486616,0.7956294089106581,0.7956253780374868,0.7955937515324878,0.7955963605970664,0.7955964334430479,0.7956114563459471,0.7956157040346536,0.7956189324044874,0.7956314869119412,0.7956395322399603,0.7958872744693763,0.795864864653155,0.7958430607503236,0.7958424670474084,0.795841224512216,0.7958413440707937,0.7958427437758588,0.7958461822116303,0.7958455356928127,0.795851006894746,0.7958486187111189,0.7958290995823338,0.7958304679227513,0.7957436597192983,0.7957694771850898,0.7957648311486119,0.7957641317125048
269,0.8149021390900902,0.807105492497202,0.808491873301404,0.8609011503092613,0.8333669390793064,0.833282037928382,0.831402600126701,0.8316774540578006,0.8302105520071625,0.8268011140024543,0.8272953871226439,0.8137260452408814,0.8126313818582861,0.812604706762119,0.8125268113246756,0.8125846668831535,0.8127577434779244,0.812380456012301,0.8125142782015277,0.8130013442554135,0.8113520946364282,0.811364301189981,0.8113397063364993,0.8114046023285382,0.8113358890727327,0.8112385040432197,0.8112734436163394,0.8113359669536268,0.810999600084853,0.8110171923966066,0.8108931489830055,0.8112229421639385,0.8131713715296753,0.8131714900994772,0.8131778225202007,0.8130552760878227,0.8130533163890721,0.8130439815157791,0.8131494700130826,0.8130895109760649,0.8130484425378739,0.8128739035418944,0.8128800317047148,0.8127673075147177,0.8127707497460307,0.8127357466384401,0.8127365056327128,0.8121811002178139,0.8121785658162418,0.8121803839979519,0.8121974410160382,0.8121971342540737,0.8121952398129356,0.8122505525044507,0.8122378463942975,0.8122406128129918,0.8122390382557672,0.8122382741707007,0.812234268296406,0.8122341771955354,0.8122043786577039,0.8122047675517414,0.8122024936425317,0.8122205545884869,0.8122242503076444,0.8122371431180463,0.812229397094897,0.8122329483718499,0.812237839906896,0.812238186405314,0.8123028379807015,0.8122998267025764,0.8123002931803234,0.8111287126852181,0.8111287123353197,0.8111287124518324,0.8111287121524979,0.8111287122788607,0.8111287124202586,0.8111287126033923,0.8111287127206673,0.8111287128269977,0.8111287123476921,0.8111287124377913,0.8111287122386552,0.8111287134197199,0.8111287134673326,0.8111287136151856,0.811128713765691,0.8111287139071534,0.8111287143110126,0.8111287143996293,0.8111287145481801,0.8111287146607151,0.8111287143462481,0.8111287144091732,0.8111287144998678,0.8111287316847954,0.8111287323304017,0.8111287326559043,0.8111287329877804
270,0.8287656926717007,0.8280361578598284,0.8292258187907554,0.862002021128695,0.8439804847742366,0.8432460528725082,0.8427988399021413,0.8429940228479881,0.8419236616307308,0.8393213654982183,0.8395266348878587,0.8286837911254958,0.8262464460497112,0.8261706392531097,0.826225676620573,0.8262960760278482,0.8264990789849721,0.8260466445545045,0.8262244601870325,0.826601796823967,0.8235019364795981,0.8235142497029966,0.8236912862572361,0.8237729411353344,0.8236945385285434,0.8235613577466918,0.823568965911901,0.82360811573036,0.8232270381566313,0.823243567738535,0.8231073070175531,0.8233858344099261,0.824547525574908,0.824546547454108,0.8245528424077513,0.8243287563186228,0.824315066330154,0.8243063525995262,0.8244444207817314,0.8244003154168849,0.8243790972124571,0.8241517296253851,0.8241585838295915,0.8239805750274487,0.823981758406041,0.8239283574087825,0.8239283793315851,0.8233035087086872,0.8233010823589196,0.823302359023486,0.8233162067146558,0.8233178714988716,0.8233163165741316,0.823368173085401,0.8233602240816595,0.8233622355536572,0.823361066616671,0.8233604985739891,0.8233583199587071,0.8233578860553387,0.8233281945837492,0.8233285335453836,0.8233267790223158,0.8232307230897028,0.8232331465574744,0.8232415926473536,0.8232366104597616,0.8232406983448801,0.8232440139517233,0.8232447726984127,0.823331476034441,0.8233295046631401,0.8233298111233057,0.8227314704292135,0.8226898265458162,0.822689777471203,0.8226914347048145,0.8226917716713308,0.8226917574091895,0.8226908984214844,0.8226914601490759,0.8226918670174824,0.8225542921683477,0.8225587043613165,0.8225505931484921,0.8226187209929944,0.8225988537650172,0.8225983109209007,0.8225976138259495,0.8225977133152506,0.8226107163124933,0.8226138598015672,0.8226132371984832,0.822618260153925,0.8226274034577427,0.8226302352911188,0.8226309039341798,0.8241203067514293,0.8241323363861819,0.8241277889038519,0.8241270759721753
271,0.84232951550163,0.8616545942058493,0.860091396160412,0.8577646417999258,0.8550352085515427,0.8526809075184852,0.8566592900132279,0.8567900200140255,0.8563514151919089,0.855029105126886,0.8548754008123693,0.8495273140089663,0.8431528262774999,0.8429844873282766,0.843229136191139,0.8432953338138072,0.8432814497592136,0.8428725088955487,0.8430498468925074,0.8431554608784569,0.839412428793111,0.8394211176036123,0.8395569538914575,0.8396401129005624,0.8395828627862936,0.8394727295114108,0.8394652090841317,0.8395069362738845,0.8392113753974384,0.8391450695518257,0.8390342230274751,0.8392730088255463,0.8396734459567609,0.8396714586365398,0.839675268721688,0.8390974225395654,0.839097422403515,0.8390974223955933,0.839097421968547,0.839097421884176,0.8390974211781719,0.8390974258565499,0.8390974258175617,0.8390974264560513,0.8390974265088746,0.8390974261509648,0.8390974261883336,0.8390974233071784,0.8390974234454965,0.8390974234084138,0.8390974230828274,0.839097423469711,0.8390974235605513,0.8390974237141108,0.8390974237947879,0.8390974238437477,0.8390974239483983,0.8390974239902889,0.839097424100608,0.8390974242718948,0.8390974239336779,0.8390974239871636,0.8390974240916033,0.8390974235613874,0.8390974235464997,0.8390974233387766,0.8390974234776951,0.8390974240063314,0.8390974239642235,0.8390974239825456,0.8390974233967595,0.8390974233495074,0.8390974233864912,0.8390974221523342,0.8390974314188717,0.8390974314950427,0.8390974315480685,0.8390974317024441,0.8390974318364822,0.8390974319325051,0.8390974320984789,0.839097432254189,0.8390974054583142,0.8390974053852995,0.839097405196683,0.8390974054133268,0.8390974052833364,0.8390974051213528,0.8390974054188277,0.839097405269488,0.8390974055357737,0.8390974054588046,0.8390974053071468,0.8390974052122967,0.8390974052238817,0.8390974051181268,0.8390974054031539,0.8390974231977699,0.8390974233526773,0.839097423307561,0.8390974233289283
272,0.8496175873466538,0.8754806839129907,0.8764724411558054,0.8716216037656686,0.8658289423466945,0.8627050259630593,0.870550514059657,0.8709722858769626,0.8702405952796735,0.8677999791295404,0.8672241971048341,0.8647329162051384,0.8530702845952626,0.852865160818536,0.8529019694474855,0.8529463019802483,0.8522817943598501,0.8520003365645165,0.8521074856045677,0.8520799783101287,0.8501931485998123,0.8501973868681422,0.8502656525146939,0.8503262792203103,0.8502784644701384,0.8501892196879259,0.8501791261546912,0.8502235303889857,0.8500202409221307,0.8495983961944119,0.8495184947807477,0.8496558506570924,0.8497600003632859,0.8497577234409364,0.8497506312699851,0.8495194133417129,0.8494942391167587,0.8494883858383244,0.8494893638491609,0.8494949725702134,0.8494108055622316,0.851321889690086,0.8513267844373138,0.8513898014573849,0.8513818575724945,0.8513500984998683,0.8513406968493484,0.8513537203916801,0.8513668984821006,0.851355542395846,0.8512941485189895,0.8513328368480138,0.8513394825039149,0.851329725870736,0.8513348851632376,0.8513318975891838,0.8513381662315612,0.8513381189563957,0.8513455844182607,0.8513753394573387,0.8513466745036093,0.8513466196724812,0.851353969826976,0.8513493379114208,0.8513410331792651,0.8513095573306436,0.8513149233069314,0.8513624966139518,0.8513505147196456,0.8513464323736766,0.8512785097455083,0.8512628342706491,0.8512619502913453,0.8512920400376368,0.8533416354033805,0.8533399138052208,0.8533391110048606,0.8533405257661937,0.853340443718928,0.8533385026500259,0.8533406326261809,0.8533426288982658,0.8526236345514606,0.8526224254429746,0.852622228861004,0.8526193273584182,0.8526250159675666,0.85262518051036,0.8526538759729483,0.8526538488525737,0.8526613282080708,0.8526604735791063,0.8526606415934612,0.8526592555145054,0.852658908831136,0.852658292544484,0.8526633923607745,0.8526036668751772,0.8526037653447712,0.8526047362875236,0.8526048901546451
273,0.8555449608831758,0.8728461047445296,0.8749370552127183,0.8719330007122046,0.8656600830137683,0.8625164950026207,0.8704259805803193,0.8709624185652207,0.8701192090237095,0.8672391578890922,0.8665600890213624,0.8647045003331765,0.852483674884178,0.852290683710943,0.8521932490102334,0.8522268495662949,0.8511604667061775,0.8509220897839976,0.8509944829634665,0.8509563224873525,0.8497550714242302,0.8497564817590293,0.8498053886070627,0.8498258788368851,0.8497873556293504,0.8497245596938585,0.8497175139879026,0.8497795848680428,0.8496447206630728,0.8489236993461813,0.8488641280311349,0.8489642713256788,0.8490252478495146,0.849023556393574,0.8490130159095903,0.8488423462509319,0.8488235384137854,0.848819225347276,0.8489682054350066,0.8489729980089112,0.8488833627944316,0.8516772573817541,0.8516820713953185,0.8517307618608695,0.8517270172192531,0.8516926225368895,0.8516819343125787,0.8516901816358783,0.851703219945221,0.8516983929339942,0.851637933602471,0.8516835508406208,0.8516900936086903,0.851680651393342,0.8516856981272951,0.8516827580324169,0.8516889193140246,0.851688856889926,0.8516962054522537,0.8517387175753427,0.8517118036530346,0.8517117514602464,0.851718970000528,0.8517146777941715,0.851706490678737,0.8516751174895071,0.8516738553273596,0.8517183578249908,0.851706428065228,0.8517023615703742,0.8516729639455665,0.8516523450372671,0.8516514059550433,0.8516795011718684,0.8546037909528934,0.8546037906327346,0.854603790269709,0.8546037899269774,0.8546037895577558,0.8546037891369763,0.8546037888156146,0.8546037885125052,0.8546037786089119,0.8546037782547189,0.8546037777836875,0.8546037772182717,0.8546037773663552,0.8546037768743768,0.8546037710369414,0.8546037704989011,0.8546037703669702,0.8546037700057864,0.854603769464836,0.8546037689895378,0.8546037684964746,0.8546037680268802,0.854603767848947,0.8546037655006666,0.8546037653361009,0.8546037649123035,0.8546037643476248
274,0.834417057107142,0.8672788341042235,0.8747513492068523,0.8790753812456747,0.8743430704327079,0.8709216051481807,0.879405576841686,0.8804283748198248,0.879352526704738,0.8754287173651235,0.8745348169539278,0.8739058668322434,0.8617076361687511,0.8618314958318987,0.8613905798369303,0.8614179702878841,0.8587741533053246,0.8585221964596906,0.8585551102196048,0.8585098917549032,0.8585553527737502,0.8585473332423076,0.8585683639668126,0.8582108724424439,0.8581585680818403,0.8580869723120258,0.858076813859951,0.8581035402349637,0.8579711905044602,0.8551818502438141,0.8551543064503505,0.8551788999194967,0.8551697490560158,0.8551685345994064,0.8551573391556225,0.8551253146403679,0.8551094825182747,0.8551057670582419,0.8552673621018161,0.855270862742386,0.8552314200740442,0.8584898756073566,0.8584901123065886,0.8585011422862912,0.8585396621102394,0.8585200187403904,0.8585116568953621,0.8585174004762367,0.8585200012159211,0.8585698027869466,0.8585598446896603,0.8586005826204924,0.8586016359684664,0.8585997448301298,0.8586005483419631,0.8586000179971595,0.8586010179741926,0.8586008442152876,0.8586020673627575,0.8586789038034026,0.858673915176602,0.8586738633368615,0.8586747646704092,0.8586739728779387,0.8586725176800405,0.8586676617454,0.8586194892297747,0.8586651998514562,0.8586622769402228,0.8586611868493543,0.8586827276883365,0.8586534035176276,0.8586530325861244,0.8586607423126993,0.8594211328064175,0.8594228125046982,0.8594231681275155,0.8594219377695623,0.8594266476059041,0.8594279966261394,0.8594296318597686,0.859428245639718,0.8595991108663191,0.8595985276844177,0.8595978740798503,0.8595979032208716,0.859606469773845,0.8596067328304063,0.8581423902857587,0.858142390494039,0.8581423908258758,0.8581423909488504,0.8581423911640215,0.8581423913246686,0.8581423915126111,0.8581423916865614,0.8581423920510624,0.8581423922292917,0.8581423922840085,0.8581423924641193,0.8581423926841544
275,0.8381355588454359,0.8686702562391186,0.8811022784995676,0.8844890098870376,0.8810065842124057,0.878044137989396,0.8836380040630514,0.8851842084051744,0.8842890949073378,0.8808641576432414,0.8801172506416033,0.8799751438857496,0.872532712674211,0.872825830029713,0.8723865938153306,0.8724416971367737,0.8691883709577046,0.8686961103016779,0.8688104798177119,0.8687505339213651,0.8689057333540874,0.8688938095067944,0.8689454337512811,0.8673094962487117,0.8671842580570537,0.866982644833207,0.8669547953025342,0.8668701467282182,0.8664935817004468,0.86006028500847,0.8600602851520742,0.8600602858212741,0.8600602863462484,0.8600602868951717,0.8600602874990563,0.8600602881667095,0.8600602883623152,0.8600602888463265,0.8600602893967488,0.8600602899742581,0.8600602903749319,0.8600603017655696,0.860060301114025,0.8600603018362867,0.8600603031451203,0.86006030383296,0.8600603044129107,0.8600603052150342,0.8600603059412466,0.860060307308706,0.8600603081199405,0.8600603091280139,0.8600603097497053,0.8600603105034675,0.8600603112450347,0.8600603120259822,0.8600603127737351,0.8600603133484247,0.8600603140804145,0.8600603072524391,0.8600603080263163,0.8600603086095665,0.8600603090791756,0.8600603097452304,0.860060310452756,0.8600603112734815,0.8600603173682275,0.8600603186407911,0.8600603194831041,0.8600603202393698,0.8600603211620059,0.8600603228659438,0.860060323639684,0.8600603242946773,0.860060326882345,0.8600603274906898,0.8600603281673107,0.860060328857076,0.860060329834268,0.8600603306156237,0.860060331751129,0.86006033242539,0.8600603342720976,0.8600603348842599,0.8600603356112084,0.8600603363870714,0.860060336426861,0.8600603372181661,0.8600603313131199,0.8600603320117298,0.8600603327691374,0.8600603331891931,0.8600603338983752,0.860060334488043,0.8600603351396172,0.860060335745903,0.8600603365007373,0.860060337147313,0.8600603373323368,0.8600603378791782,0.8600603385975444
276,0.8428820921824103,0.8686037386397535,0.8828380528064712,0.884169794568751,0.8799255441904409,0.8775271482367847,0.8802568193488611,0.8823566317920052,0.8816645502250309,0.8788767560080358,0.8783024356198103,0.8782988110766716,0.8734975573330517,0.8734827063010993,0.8730598086085714,0.8731064892196005,0.8697309421807948,0.8691821842404124,0.8692965727161784,0.8692450829862585,0.8693586981241037,0.8693476625711585,0.869399248784457,0.8660820935473592,0.865944254061228,0.8657365750022666,0.8657086092773032,0.8656043757299577,0.8652092669282526,0.8612304447895497,0.8611968075154107,0.8612076506693226,0.8612109317403378,0.8612091442692277,0.8612163527586508,0.8612275925934252,0.861200584141151,0.8611955509364643,0.8612175607357351,0.8612223405595679,0.8612182961573898,0.8612514535155478,0.8612495987933289,0.861247831610216,0.8612581019759569,0.8612576923203711,0.8612476066867398,0.8612474196120243,0.861246985496209,0.8612416212980336,0.8612405333243331,0.8612553044443797,0.8612550912492136,0.8612544134288089,0.8612540921396467,0.8612539849179679,0.8612535731318074,0.8612538986207815,0.8612537012973107,0.8598900337172746,0.8599088137619055,0.8599086257998281,0.8598995144852447,0.8599033415113364,0.8599101298300508,0.8599336043148357,0.8606861295648882,0.860690959997392,0.86070246190998,0.8607061041672747,0.8607121736060268,0.8606898832644627,0.8606901321177101,0.8606811362517822,0.8606544189245123,0.8606595426302428,0.8606599599680832,0.8606555319935083,0.8606713222526761,0.860676361753072,0.86071003367214,0.860707393311913,0.8607038027165897,0.8607044752874132,0.8607031391395242,0.8607031870310007,0.8607235577376974,0.8607241752398717,0.8607481969756499,0.8607480588081275,0.860748674440679,0.8607425578086838,0.8607432334276678,0.86073680978015,0.8607340218462624,0.8607313429049713,0.8607306454684656,0.8607292520642834,0.860723768248598,0.8607282684463968,0.8607288552285528
277,0.8458218023560501,0.8691327148602129,0.8851359463718048,0.8847158808430778,0.880040290309856,0.8783104870548208,0.8792320100921269,0.8818690957653245,0.8813794606043855,0.8793031233235484,0.8788906903565958,0.8789395810494056,0.8758376503733949,0.8756843408864418,0.8753523936098216,0.8753895355307874,0.872500485382583,0.8719448258631073,0.8720558486675274,0.8720121981146473,0.8720991357947567,0.8720944416951755,0.8721448562200678,0.866742998421439,0.8666086225978383,0.8664164957520918,0.8663910848618517,0.866285484137464,0.8659075397728915,0.863439683034236,0.8633850247381447,0.8634044031517994,0.8634109696784136,0.8634083310956407,0.8634130629671118,0.8634307475167723,0.8633880178818174,0.8633800319063335,0.8634049120749687,0.8634127665461633,0.8634108950312297,0.86333623100447,0.863335398822586,0.8633350863642069,0.8633127018664791,0.8633041136342805,0.8632886561341614,0.8632854966608754,0.8632885451298558,0.8632799129647333,0.8632611404642176,0.8632835308034176,0.863285131946879,0.8632821172786149,0.8632831220026461,0.8632821849830691,0.8632834270355406,0.8632840555590343,0.8632858536056633,0.8611314923102097,0.86114614069386,0.8611459550896158,0.861136678979415,0.8611397428775476,0.8611452378680733,0.8611620659819773,0.8623187036933424,0.8623204968888389,0.8623296165920482,0.8623324868871655,0.8623366725963139,0.8623074853776559,0.8623074014905023,0.8622998493101031,0.8622777640441514,0.8622819163518987,0.8622822102917215,0.8622783383113443,0.8622973015646072,0.8623014041940047,0.8623370395732952,0.8623354089910765,0.8623313022472929,0.8623386312508149,0.8623377234883528,0.8623377721587284,0.8623460950263424,0.862346424591698,0.8623719020427777,0.8623718022778246,0.8623716302613083,0.8623655738352767,0.8623659400913581,0.8623617135905866,0.8623599272097218,0.8623582429680852,0.8623562351549201,0.8623553672846976,0.8623508393221857,0.8623530868128412,0.862353305939969
278,0.848015997614079,0.8710722360456572,0.8907923718110936,0.8866952186464337,0.8813564261990083,0.8817057712514933,0.8805391343976935,0.8845413121357472,0.8844458279248529,0.8841027896065665,0.8839810110524473,0.8840962451226271,0.8836396237692413,0.8836209712451798,0.8836043880955363,0.8836275760660466,0.8825882514961388,0.8822950995559542,0.8824004992724322,0.8823701828582865,0.8824363213915013,0.8824918172111672,0.8825436099751395,0.8689531034009947,0.8689530996175403,0.8689530998265772,0.8689531007938807,0.8689531013682384,0.8689530987118802,0.8689530967323705,0.868953096899071,0.8689530980683496,0.8689530990198103,0.8689530998958838,0.8689531008325335,0.8689531019735331,0.8689531022721226,0.8689531030195283,0.8689531044552713,0.8689531054135363,0.8689531063671014,0.8689531061273085,0.8689531056343653,0.8689531065589426,0.8689531079908133,0.868953108531716,0.868953109394947,0.8689531101518352,0.8689531111573677,0.8689531118724058,0.8689531119182787,0.8689531130527848,0.868953113824956,0.868953114557113,0.8689531154544547,0.8689531162706244,0.86895311720089,0.8689531178240419,0.8689531187409951,0.8689531008522043,0.8689531007722038,0.8689531012887076,0.8689531020306801,0.8689531024495063,0.8689531027819308,0.8689531028896329,0.8689531139055503,0.868953114543089,0.8689531149285292,0.8689531155034649,0.8689531160042837,0.8689531166280289,0.8689531173232241,0.8689531182235423,0.8689531189302083,0.8689531192640608,0.8689531198308164,0.8689531206148021,0.8689531216881795,0.8689531221663556,0.8689531231553936,0.8689531239702161,0.8689531246910285,0.8689531254066217,0.8689531261558575,0.868953126824925,0.8689531249669475,0.8689531255817375,0.8689531262920548,0.8689531269508927,0.8689531275990213,0.8689531285102375,0.8689531291109754,0.8689531302363378,0.8689531311049756,0.8689531319350319,0.8689531327161173,0.8689531334397114,0.8689531340896441,0.8689531341636908,0.868953134788557
279,0.6321657637364578,0.5650519153297683,0.5654095868843642,0.5785888255355515,0.6789208962066222,0.6784596655930198,0.6791114567148437,0.6789108718960036,0.6883016875957143,0.6879913310558882,0.6877991723447429,0.687906021952617,0.6879093011744728,0.687911229859724,0.6879321836024348,0.6878631346435821,0.6878571061175998,0.6879034441160009,0.6879720239658547,0.6879711225094745,0.6879768541872986,0.6881063516371572,0.6878552111078109,0.6878477627301762,0.6878243841641244,0.6878880275533464,0.6859892006831303,0.6860144343570826,0.6861230697535764,0.6861221726303274,0.6861687840458488,0.6861842849244288,0.6861520047529027,0.6861293448934926,0.6861318284850777,0.6861178164720986,0.6861420949032312,0.686075907646072,0.6860670377170389,0.6859463318823225,0.6859335705236547,0.6859373285469778,0.6859140672604578,0.6859110004692593,0.6859192261659561,0.6859327158778827,0.68593339355253,0.6859377856998783,0.6830064511351586,0.6830064514615652,0.6830064518712176,0.6830064521626792,0.68300645281708,0.6830064534217111,0.6830064563448441,0.6830064567294569,0.6830064575826427,0.683006457849043,0.6830064581803528,0.6830064584838068,0.6830064589141182,0.6830064591921572,0.6830064594807425,0.6830064596296666,0.6830064600792891,0.6830064605046569,0.6830064607717883,0.6830064611551805,0.683006461572621,0.6830064610450604,0.6830064614351954,0.6830064617421093,0.6830064621062744,0.6830064624110112,0.6830064627354236,0.6830064630266803,0.6830064633275299,0.6830064636507337,0.6830064639999269,0.6830064535967048,0.6830064538078725,0.6830064539572871,0.6830064541609543,0.683006454314972,0.6830064538411833,0.6830064540595792,0.6830064540548969,0.6830064542736308,0.6830064544993817,0.6830064547203171,0.6830064549324412,0.6830064550659746,0.6830064460845245,0.6830064460618015,0.6830064461347021,0.6830064438117432,0.6830064438585316,0.683006443925486,0.6830064439569621,0.6830064441261147,0.6830064442247029
280,0.6576409947366271,0.5884466043115182,0.5903533245706366,0.608690152903226,0.723329162238008,0.7229679953548421,0.7227112897138759,0.7227609771105993,0.7251467164995178,0.7244617163236888,0.7244640471518419,0.7244256550993824,0.7243868552897997,0.7244230459268289,0.7244502187465843,0.7244353482970556,0.7244510187976778,0.7243679654863541,0.7245068429352521,0.7244872850317708,0.7244942272732892,0.7246443564038731,0.723796945104205,0.7238516837093721,0.723773002709621,0.7236742831336261,0.7221219090829747,0.7220867738875077,0.7219153166905137,0.7219144064179015,0.7218556432782816,0.7219096478808259,0.7218888144376859,0.72188402239798,0.7218795902361643,0.7218977674568887,0.7218614005196236,0.7219048132207484,0.7219168722890199,0.7218331268263803,0.721849410338615,0.7218421438944654,0.7218825464108544,0.7218862050597641,0.7218736743147889,0.7218490513799417,0.7218466229315725,0.7218394843390276,0.7207825909273601,0.7207758709182848,0.7206982200862464,0.7207139561138728,0.7207199987247516,0.7207171671367881,0.721250577032672,0.7212482716972609,0.7212515725152591,0.72125313419377,0.7212613487192379,0.7212612901909653,0.7212333958144809,0.7212389979216415,0.7212475347283059,0.7212082528595937,0.7211989252321178,0.7211647489778759,0.7211867472402387,0.721180748092919,0.7211674154101216,0.7211236063640348,0.721114051707748,0.721122206662015,0.7211221373395952,0.7211320147408508,0.7211375628274103,0.7211315113925779,0.7211319367512177,0.7211366336423144,0.7211368141652486,0.7190316416437785,0.7190394317763573,0.7190461840939212,0.7190481326141808,0.7190629413759215,0.7190315946485303,0.7190315437802243,0.7189689002970586,0.7189673165468524,0.7189636697679992,0.7189640797751744,0.7189629554534994,0.7189727335249365,0.7189457531115674,0.7189613437486436,0.7189680289657079,0.7189552839568829,0.7189589161646426,0.7189621682768711,0.7189694475641907,0.7189571306109521,0.7189555500251741
281,0.6779742090149439,0.6226734025037822,0.624335382732618,0.642210774613709,0.7339880837947932,0.7336177172435973,0.733833757258485,0.7338029676402609,0.7349239238246353,0.7352385651761775,0.7371345702003043,0.7365932563803693,0.736590759775908,0.7366286085892672,0.7366781791405034,0.7366507645575573,0.7366694509741053,0.736632676571737,0.7367824222295682,0.736772806391266,0.736809296009907,0.7370429089988065,0.7336264597039405,0.7336791744074715,0.7335956534530583,0.7335146473609502,0.7313284501091025,0.7313208643715075,0.7312264629824538,0.7312293127226168,0.7311838402220645,0.731276212391953,0.7312287980660279,0.7312343760630736,0.7312350078548735,0.7312475673419506,0.731230587013507,0.7318457906156014,0.7318635604408517,0.7317364134113599,0.7317613159806355,0.7317523628562002,0.7318381357844466,0.7318431300776393,0.7318254809896196,0.7317910575358224,0.731788781533969,0.731780411090143,0.7312844472456658,0.7312766463458038,0.731175262653597,0.7311973705850593,0.7312005416675958,0.7312049546743755,0.7327930934613396,0.7327903792943683,0.732801244098021,0.7328039439324042,0.7328152368020296,0.7328157900127547,0.7327774748230903,0.7327873298111938,0.7327991915313147,0.7326935154162033,0.732680434776547,0.7326331556420127,0.732664011493239,0.7326559751724651,0.7326372927041316,0.7325627089770235,0.732548963888125,0.7325603989316974,0.7325607010402395,0.7325747091264406,0.7325827888078038,0.7325743067288336,0.7325750508941277,0.7325815745854461,0.7325818457027178,0.7257796930813091,0.7257796941645036,0.7257796951863172,0.7257796961547133,0.7257796971630643,0.7257796990164035,0.7257796999705635,0.7257796984524286,0.7257796993742378,0.7257797002337811,0.7257797011739671,0.7257797021290547,0.7257797029996312,0.7257797029180656,0.7257797041538872,0.7257797052053203,0.7257797257905092,0.7257797269306628,0.7257797280602181,0.7257797286544521,0.725779729131696,0.7257797302393427
282,0.7137191395860891,0.6697105913226908,0.6705809255203445,0.6875624509489098,0.7508596883398179,0.7507268707700697,0.7516429797236004,0.7514429381753698,0.75202673314689,0.7537943787798681,0.7581736418310947,0.7563020964078627,0.7563748595762606,0.7563871006186257,0.7564329840631175,0.7564171737265758,0.7564306902665275,0.7564670901620862,0.7565576060761873,0.7565832911545748,0.7566674299495493,0.756868217925931,0.7490068342967456,0.7490292652753696,0.7489866720437506,0.7489936543168528,0.7477116752599325,0.7477138511128697,0.74768027480646,0.7476828366670594,0.7476645484873462,0.7477805798755254,0.7477922619519837,0.747797360570221,0.7478000921160116,0.7478028347589801,0.7478051659092222,0.748511691712611,0.7485233002620945,0.7483994040350965,0.7484153800643628,0.7484098229683596,0.7484704271565471,0.7484752828475812,0.7484635385209488,0.7484405730375063,0.7484393194199586,0.7484358661083303,0.7482961347669808,0.7482916228607374,0.7482297253094294,0.7482436578156381,0.7482486413001448,0.7482574754328998,0.7498285664248932,0.7498272226180452,0.7498313528457855,0.7498329088079495,0.7498400421712594,0.7498402820724457,0.7498151638722294,0.7498209395509334,0.7498285207755071,0.749724138541542,0.7497162627592097,0.7496873791579605,0.7497062543342172,0.7497013674513652,0.749689958145776,0.7496398259461591,0.7496310539203999,0.7496380587390914,0.7496383301343971,0.7496479898656037,0.7496529639805128,0.7496478111558617,0.7496445318395939,0.7496485205295407,0.7496486854226326,0.747311762502319,0.7473184797514648,0.7473244018979024,0.74732634302306,0.7473391155773087,0.7479499526389985,0.7479499801112642,0.7478895685715012,0.7478880672949365,0.7478845396339625,0.747884903480056,0.7478838909220196,0.7478933768899712,0.7479058126992114,0.7479216469265955,0.7479284020692628,0.7490821544065384,0.7490868912444826,0.7490920499009768,0.7491032422569519,0.7490857964868628,0.7490831719458755
283,0.7378017033224955,0.7030633984248686,0.7039699029003857,0.7316948667055816,0.7762807104352799,0.7762854902466897,0.7772187956654046,0.7769659901874678,0.7771530637426138,0.7792419788637276,0.7853857709604918,0.7812347945602408,0.7813511134321085,0.7813578563445939,0.7813876788322079,0.7814036145127595,0.7814240638698801,0.7814216995914681,0.7815042774875525,0.7815684667493631,0.7817018301314196,0.7818557818568682,0.7679895320524325,0.7679895333572991,0.7679895297520929,0.7679895311871396,0.7679895296263363,0.7679895305576789,0.7679895290086614,0.7679895300059495,0.7679895306034944,0.7679895267031815,0.7679895319112531,0.7679895329031154,0.7679895338637324,0.7679895349675101,0.7679895356334985,0.7679895420861789,0.7679895431885836,0.7679895430293034,0.7679895441083623,0.7679895450855099,0.7679895447513534,0.7679895463282262,0.7679895471281025,0.7679895479579865,0.7679895488624844,0.767989549968351,0.7679895508346499,0.7679895518344757,0.7679895522295075,0.7679895533893232,0.7679895542302002,0.7679895429929777,0.7679895526576725,0.7679895536341198,0.7679895545868526,0.7679895553097921,0.7679895562702836,0.7679895570790355,0.767989557124472,0.7679895580274454,0.7679895588898209,0.7679895778288605,0.76798957900841,0.7679895800904055,0.7679895811612002,0.7679895823626157,0.7679895835654899,0.7679895842024927,0.7679895853423891,0.7679895864455938,0.7679895876781621,0.7679895888810752,0.7679895900526804,0.7679895908993729,0.7679895917579869,0.7679895928753576,0.7679895940273774,0.7679895818036193,0.7679895827916792,0.7679895837108796,0.7679895847042656,0.7679895854570881,0.7679896146624683,0.7679896159411392,0.7679896145490284,0.7679896158248102,0.7679896170468522,0.7679896183277992,0.7679896196355017,0.7679896207066658,0.7679896220942249,0.7679896235861307,0.7679896249699057,0.767989646854359,0.7679896482910812,0.7679896497150548,0.7679896505969102,0.7679896514563963,0.7679896529469551
284,0.7596593216064008,0.7225236129970896,0.7253902823090462,0.7819967655895956,0.8008757842148365,0.8007626548201924,0.8005652474417901,0.8004741790513742,0.7999836676416113,0.8005090652723486,0.8056963575186235,0.7975793558989398,0.7977175810899626,0.797737059769746,0.797742793228795,0.7977882103788367,0.7978240445138068,0.7977053899265768,0.7978200518349481,0.7979294565469042,0.7981084864462445,0.7982202611352452,0.7900098226600465,0.7900786707041573,0.7899980548434923,0.7899192235454879,0.7900559821119103,0.7900009336287585,0.7896017044897278,0.7895978064821473,0.7894628984601875,0.7880921161303375,0.7893329987039627,0.789329871786698,0.789314621336675,0.7893651760877707,0.7892667718390425,0.789195773361031,0.7892181777599853,0.7891493654760086,0.7891735689816626,0.7891614340538096,0.7891849972678832,0.7892878198825681,0.7892614146048967,0.7892097217831743,0.7892036709596316,0.7892042313077905,0.7892450620315946,0.7892348398548034,0.7891316833941234,0.789150637815376,0.7891596872263796,0.7879180048244907,0.7879631973075332,0.7879626666617074,0.7879664870362241,0.7879665850748361,0.7879728176681551,0.787971522842262,0.7878433417474452,0.7878442738278165,0.7878508094265372,0.7919176241005137,0.7919183483181454,0.7919198304772331,0.7919190133761382,0.7919194426962494,0.7919199509108042,0.7919087307585886,0.7919083845280899,0.7919080113137547,0.7919081739795705,0.7919131761956488,0.7919130836254035,0.7919133902983028,0.7919046989891562,0.7919044334464627,0.7919044255798147,0.7919866201705584,0.7919862901144046,0.7919854679313063,0.7919862548952051,0.7919856326848415,0.7926780382232881,0.7926758474375294,0.7926561227861326,0.7926556105053992,0.7926544809802768,0.7926545940254858,0.792654401197085,0.7926574733635546,0.7926560931277993,0.7926611124011428,0.7926649260185912,0.792636924889481,0.7926380462578839,0.7926353757113797,0.7926554165180587,0.7926517108630649,0.79265120880844
285,0.7799729011827583,0.7427276527141133,0.7449238844933552,0.8165965122558152,0.8163456482248858,0.8161340215915196,0.8150844551928462,0.8151250091158179,0.8142155677706439,0.8134966442369587,0.8175444694419202,0.8062005542222779,0.806339403765815,0.8063640952711101,0.8063559475255951,0.8064067146906745,0.806446947833188,0.8062838942851197,0.8064038967262787,0.8065269603584578,0.8067082048239906,0.8067923526184595,0.8014153017550089,0.8014976588341522,0.8014012542731391,0.8012941218987588,0.8014360491522107,0.8013775285490037,0.8009146802493623,0.8009103527640767,0.8007531652478042,0.7989542986135802,0.8005590744452438,0.8005552069963883,0.8005382465041239,0.8005947049701925,0.8004860987063979,0.8003996771817455,0.8004261186240053,0.8003565922339889,0.8003824964421983,0.8003680324140001,0.8003915722376774,0.80049764265832,0.8004673854431141,0.8004067947948189,0.800399700254418,0.8003978585022535,0.8004399698563872,0.8004281182703521,0.8003098394579704,0.8003313830340909,0.8003422282015211,0.799198363270522,0.7992244758875843,0.7992236895098714,0.7992300051783159,0.7992300922729942,0.7992389164674377,0.7992370143709119,0.7990706230534579,0.7990715020213071,0.7990805653839013,0.8062115118326673,0.8062115109017645,0.8062115098096079,0.8062115092261963,0.8062115082992842,0.8062115072961825,0.8062115061811144,0.8062115052540396,0.8062115045160037,0.8062115036090872,0.8062115028505941,0.8062115020494363,0.8062115013649347,0.8062115003104173,0.8062114995281994,0.8062114986758159,0.8062114992340855,0.8062114985050423,0.8062114977999283,0.8062114971392992,0.806211496702564,0.806211506784037,0.8062115059586978,0.8062115052516342,0.8062115044968596,0.8062115037228611,0.8062115030110193,0.8062115022628901,0.806211501904336,0.806211501142293,0.806211500714117,0.8062115002089177,0.8062114985778193,0.8062114979686179,0.8062114962151425,0.806211496872269,0.8062114961378145,0.806211495365481
286,0.8110084017533797,0.791869365323319,0.7939124374815797,0.8716240293607852,0.8466007708132964,0.8461458004404657,0.8442122486644644,0.8444200424582519,0.8431085361979282,0.8406998125365818,0.8423474582972921,0.8214198366090868,0.8214198353046039,0.8214198365762029,0.8214198380458578,0.8214198397413504,0.8214198417095281,0.8214198411094086,0.8214198431070046,0.8214198458792444,0.821419838967805,0.82141983626521,0.8214198286566016,0.8214198298559936,0.8214198273509992,0.8214198271343471,0.8214198281603418,0.8214198285775001,0.8214198252596082,0.8214198257997046,0.82141982519393,0.8214198136368236,0.8214198247337863,0.8214198251631342,0.8214198255529552,0.8214198259765207,0.8214198258359796,0.8214198258056901,0.8214198270105546,0.8214198269952944,0.8214198273298923,0.8214198270475794,0.8214198268574534,0.8214198215593691,0.8214198216657924,0.8214198211907244,0.8214198213962698,0.8214198202562842,0.8214198206904629,0.8214198208824244,0.821419820484793,0.8214198208534904,0.8214198211125409,0.8214198184889997,0.8214198185954051,0.8214198187945122,0.8214198190526046,0.8214198191924885,0.8214198194532889,0.8214198195938289,0.821419818487957,0.8214198186522457,0.8214198189029024,0.821419841998862,0.8214198424593038,0.8214198427905098,0.8214198433080339,0.8214198437905527,0.8214198442481254,0.8214198447039494,0.8214198461702441,0.8214198466708601,0.8214198471917219,0.8214198427713222,0.8214198430906302,0.8214198433847582,0.8214198436291356,0.8214198440700171,0.8214198445031721,0.8214198450136895,0.8214198454672568,0.8214198458901235,0.8214198465593422,0.821419846952076,0.8214198469174329,0.8214198501413622,0.8214198499065667,0.8214198503684128,0.8214198508224042,0.821419851277889,0.8214198517867876,0.821419852124712,0.8214198525794191,0.821419853035498,0.821419853539702,0.8214198537453365,0.8214198541734835,0.8214198587656273,0.8214198583921716,0.8214198587986348,0.8214198593098595
287,0.8277885934334207,0.8260704201174752,0.8282182948469494,0.8770781796808668,0.860245514529917,0.8593014060417755,0.8586268195258002,0.8587961309704037,0.8577636181597519,0.8555714107043325,0.8561916300707593,0.8417386090473861,0.8397756896031968,0.8396926495733841,0.839788461474926,0.839838719306095,0.8399776686665651,0.8396771246993376,0.8398103858801755,0.8399646909099237,0.8366630566147806,0.8366757070716103,0.8369105307615472,0.8369841670382473,0.8369110711971379,0.8367687864265992,0.8367606537273454,0.8367422997321663,0.8363841600494355,0.8363936374015805,0.836271250133085,0.8360744944044848,0.8365850090456985,0.8365824931525744,0.836578991352036,0.8364951331580562,0.8364505255957718,0.8364323636986779,0.8365855309291145,0.8365715225927713,0.8365586274297637,0.8364211122559504,0.8364294077084696,0.8356356703620855,0.8356334307069577,0.835558167128639,0.835557595554568,0.8353126046602452,0.8353129696696672,0.8353129105461261,0.8353127244342715,0.83531451328639,0.8353144308534025,0.8353975658554097,0.8353901465016959,0.835391188627911,0.8353917199425547,0.8353912616723029,0.8353911019948442,0.8353904239763572,0.8353365930723433,0.8353369701221975,0.835337418146283,0.8351441503106347,0.8351438224864376,0.8351424413170342,0.8351434916194129,0.835145533624724,0.8351451291993756,0.835144976534711,0.8352701240188939,0.8352703797737734,0.8352703931728771,0.834808526078749,0.8347800339455206,0.8347795182918321,0.8347816391082277,0.8347823644395964,0.8347823738837896,0.8347809886691878,0.8347821883360074,0.8347831398205339,0.8346798949082596,0.8346855372359546,0.8346681929750356,0.834949729535677,0.8349284106287336,0.8349278249080165,0.8349266837862549,0.8349267920702393,0.834931005734765,0.8349343322935964,0.8349336570724586,0.8349390135467593,0.8349479418330231,0.8349505919809445,0.8349509708887697,0.8366247540306584,0.8366573059028393,0.8366600110274472,0.8366604714745398
288,0.8437518937433865,0.8520078901599442,0.8538474385331357,0.8753030255990655,0.8681729176052013,0.8664827247934477,0.8683842033410841,0.8684888294958871,0.8678365235751796,0.8662991914261841,0.866495284290888,0.8563520800221229,0.852215698595355,0.8520618385605261,0.852260555425126,0.852324841679761,0.8524992846741176,0.8521130909262186,0.8522874432893592,0.8524252085999949,0.8466623142304794,0.8466735178443693,0.8468747544848356,0.8469503848569052,0.8468812618368088,0.8467465015719148,0.8467365283972906,0.8467297177888082,0.8463915957876161,0.8464035038009362,0.846287121921073,0.8463166782664835,0.8467349499703736,0.8467326695151539,0.8467318826559603,0.8465453233725736,0.8465127537603416,0.8465004270662075,0.8466243798150818,0.8466136275038635,0.8466014337274702,0.846433031558949,0.8464397181883047,0.8459872671711214,0.8459858748714035,0.8459032150660616,0.8459028002683523,0.845677310355536,0.8456773636304731,0.8456766230595703,0.8456774861108116,0.8456794688003634,0.8456793084221925,0.8457305957666661,0.8457259295477724,0.8457267733393352,0.8457269654494379,0.8457265632144069,0.8457263767642945,0.8457256213536286,0.8456741224452844,0.8456744369943462,0.8456742738317534,0.8455448871469117,0.8455449588324562,0.8455450070711034,0.8455452499817204,0.8455556081822253,0.8455558214595758,0.8455558570110149,0.8456792343942263,0.8456782610791327,0.8456782908056588,0.8453730539259433,0.8453353454925746,0.8453347082494825,0.8453370546202468,0.8453379076151877,0.8453379081634961,0.8453363683957876,0.8453377858984299,0.8453389090140422,0.8447179582857901,0.8447289173059506,0.8447197842558736,0.8449189957068097,0.8448736459755481,0.844872370483122,0.8448699270036472,0.8448701541858302,0.8448763807184272,0.8448834931096025,0.8448820481332765,0.8448934534859979,0.8449050859452726,0.8449106005042445,0.8449118083390829,0.84975397551087,0.8497539767630903,0.8497539761176977,0.8497539753569573
289,0.8628897754387487,0.8878426228878601,0.8887673418495762,0.8850693555154722,0.883306028180174,0.8802178271921642,0.8904683709039591,0.8906754771537402,0.8901800929352586,0.8886178159189965,0.8882732535852604,0.8837324302939111,0.8730259456750357,0.8728464286571794,0.8730674950757612,0.8731160336348954,0.8731824976593862,0.8728978320746552,0.8730302510434385,0.8730389539062152,0.8680047334281981,0.8680113519849467,0.8680873582354207,0.8681840563122724,0.8681372298766905,0.8680348366077818,0.868021386629431,0.8680118858797399,0.8677623508678729,0.8677983280555838,0.8677096395647974,0.8679006931307546,0.8680121698695547,0.8680093723116374,0.8680062583267186,0.8677968649859704,0.8677641913373583,0.8677552977822005,0.8665138422451606,0.8665219144321302,0.8665065207705052,0.8666320221681028,0.8666366078171748,0.8667632209294494,0.8667506086480957,0.8667698013588262,0.8667648120699906,0.8667823525094703,0.8667954941841957,0.8667788709149118,0.8667179318936561,0.866734057113584,0.8667405754725848,0.8667337019219971,0.8667385684639106,0.8667355795621411,0.8667418935448719,0.8667419257195125,0.8667493259255605,0.8667505369168147,0.8667011887649889,0.8667011516982214,0.8667083728084117,0.8666911208287053,0.8666828247917595,0.8666524910090216,0.866669111540917,0.8667660092265467,0.8667544739801446,0.8667505348034831,0.8661719262487445,0.8661606807388257,0.8661602971341138,0.8661556748356559,0.8665051722425268,0.8665020526943352,0.8665019832758167,0.8665045767952732,0.8665045110034436,0.8665008489369994,0.8665050569907943,0.866508745946718,0.8601927547405498,0.8601927555964591,0.8601927564820043,0.8601927572872291,0.8601927562639845,0.8601927571315157,0.8601927585141693,0.8601927593953465,0.860192760332476,0.8601927610772199,0.8601927619352919,0.8601927629671213,0.8601927639310548,0.8601927648243151,0.8601927656760194,0.8601927746400929,0.8601927754815772,0.8601927760991528,0.8601927770728871
290,0.8585525212523805,0.8803815471147216,0.8835055680805455,0.8828900871986606,0.8802094621119866,0.8768250921661314,0.888314411066564,0.8886977060304446,0.8879760563881648,0.8856172884139432,0.8850370639369464,0.8820628933449228,0.8678887872412365,0.8677283530092746,0.8678501616185107,0.8678916058149307,0.8677395105823106,0.8675013313399439,0.8676086309565804,0.8675909758353925,0.8650613385436476,0.8650670921113732,0.8651291199875683,0.8652175595982217,0.8651687457599532,0.8650652677336628,0.8650517480806328,0.8650454719040093,0.8648056713670772,0.8647386188637557,0.8646542798688006,0.8647938821870734,0.8648691182093419,0.8648662656144893,0.864861169239573,0.8646952621640611,0.8646581150283578,0.8646488917277189,0.8638787934518367,0.8638857613181777,0.8638514887295412,0.8644502655360202,0.8644549332839425,0.8645410765445353,0.8645291885711567,0.8645153871159565,0.8645090945525058,0.8645320880571186,0.8645450103122576,0.864526895295969,0.8644667748144742,0.8644898476514522,0.8644963588815449,0.8644873486219546,0.86449235406253,0.8644893684413193,0.8644955813212986,0.8644956128336577,0.8645029479466416,0.8645132297126082,0.8644771287101175,0.8644770676949791,0.8644842901398455,0.8644765427357495,0.864468355867735,0.8644382143434178,0.8644509177532917,0.8645298318130085,0.864518159379103,0.8645141960158713,0.8642428194428818,0.8642289268238487,0.8642283022981178,0.8642449978370252,0.8651152747975875,0.8651112036540525,0.8651106918508685,0.8651139719367625,0.8651139077610894,0.8651093784482545,0.865114672692728,0.8651193625982856,0.8625221021391484,0.8625270622298774,0.8625281488310508,0.8625236342345366,0.8625039285841773,0.8625033891884334,0.862524274315622,0.8625243675006051,0.8625254698455339,0.8625283724837199,0.8625277587233793,0.8625325067918787,0.862534553387986,0.8625367426957569,0.8625384004706786,0.8624599114047995,0.8624662430834511,0.8624619274670751,0.8624612357835167
291,0.843746065722376,0.8752380532948948,0.8826824403728837,0.8886902388981859,0.8883605436600923,0.8847661211903421,0.899710073020259,0.900286322429752,0.8993393722965816,0.8962000586684975,0.8954197646076208,0.8937069891307512,0.8733991385775163,0.8733991432330783,0.873399144850513,0.8733991468577955,0.873399144386638,0.8733991434780021,0.8733991455589069,0.8733991467850931,0.8733991395541624,0.8733991365651866,0.8733991378348491,0.8733991391910502,0.8733991359638638,0.873399135803688,0.8733991365074926,0.8733991369683703,0.8733991340447135,0.8733991284943228,0.873399128394665,0.873399129590705,0.8733991302730192,0.8733991308292349,0.8733991313579176,0.8733991314694444,0.8733991315552306,0.8733991319892339,0.8733991163493677,0.8733991165709569,0.8733991164169828,0.8733991257216389,0.8733991254293825,0.8733991263919003,0.8733991267679173,0.8733991266519877,0.8733991269098761,0.8733991274531129,0.8733991279051078,0.8733991292741483,0.8733991293330232,0.8733991299927389,0.8733991303499327,0.8733991306738408,0.8733991310854702,0.8733991314645632,0.8733991318886452,0.8733991321802393,0.87339913260417,0.873399133405033,0.8733991335024888,0.8733991338541878,0.8733991342415502,0.8733991345749877,0.8733991348984238,0.8733991350053875,0.8733991352011308,0.8733991359547514,0.8733991362591963,0.8733991366102158,0.8733991350597222,0.8733991343831855,0.8733991347377051,0.8733991352707268,0.8733991490015126,0.8733991493563621,0.8733991497994836,0.873399150302725,0.8733991508104908,0.8733991512733077,0.8733991517783307,0.873399152258211,0.8733991347285158,0.8733991350566301,0.8733991353683329,0.8733991356092843,0.8733991351827405,0.8733991354788742,0.8733991322766,0.8733991325414998,0.8733991328047708,0.8733991330233283,0.8733991332800984,0.873399133588411,0.873399133871401,0.8733991341427961,0.8733991343875838,0.8733991334625343,0.873399133684689,0.8733991338004076,0.8733991340488065
292,0.838788882462992,0.8715073618465727,0.8826837718482773,0.8890120535853466,0.8882928236066883,0.8849227871439794,0.8966681635486089,0.8975699993210661,0.8965643822271658,0.8930244453639609,0.892190546654746,0.891582514436236,0.879044135264874,0.880047842000101,0.8798250603993323,0.8798814242024963,0.8782550798863744,0.8778798016188918,0.8779999798852225,0.8779375490372272,0.8781303520296668,0.8781239422753417,0.8781759911062358,0.8778506205006291,0.8777457021987648,0.8775480800874881,0.8775197718982413,0.8774376051475853,0.8770534080430404,0.8742227324316995,0.8741850131959403,0.8741962548695293,0.8741881198051058,0.8741856476814039,0.8741803971575635,0.8741910547041708,0.8741625913628582,0.8741550985101,0.873824509659761,0.8738257075017428,0.873808165414684,0.874687336761839,0.8746839113334515,0.8746903599661876,0.874715822752652,0.8746813116282601,0.8746753412040547,0.8746783437577095,0.8746777234917323,0.8748627382953511,0.8748756712655188,0.874889023250913,0.8748874792005962,0.8748887332406572,0.8748875590548288,0.8748881394508767,0.8748866637048623,0.8748864964611689,0.8748848421743193,0.8749774624702643,0.8749812846354351,0.8749811361378678,0.8749792693920966,0.8749801012486368,0.8749815543134034,0.8749858837290716,0.8749547312231818,0.875019679809208,0.8750209590261074,0.8750212452262943,0.8750482426094199,0.8751067101935381,0.8751066104558901,0.8751072671414581,0.8753842513060348,0.8753869434601269,0.8753871034467846,0.8753849747139291,0.8753854016159006,0.8753878351457299,0.8753832472485973,0.8753801983159635,0.8755278529221272,0.8755232720501849,0.8755217118590324,0.8755218444976118,0.8755490627795929,0.8755498372195302,0.875045009505009,0.8750448909448116,0.8750450454122397,0.8750408992061097,0.8750415677629824,0.8750357342000756,0.8750331545852301,0.8750306969378675,0.8750286779485771,0.875028692614049,0.8750244175464856,0.8750289687994228,0.8750296297508097
293,0.8432398491851806,0.8727539748644556,0.8880068726587148,0.8921730519737756,0.8917898389310976,0.8892865294513804,0.8970296361479995,0.8979884633379315,0.8972477398335743,0.8945270405809839,0.8939022781814577,0.8936942609311868,0.8865369035546811,0.8877077605600274,0.8874971834711765,0.8875647305937064,0.8858868978970862,0.8854054976033914,0.8855645575029977,0.8854941892633941,0.8856408760872918,0.8856315694431068,0.885699246284657,0.8848268770165248,0.8846977734353405,0.8844596192981125,0.8844257164272019,0.8843095670929009,0.8838488147573065,0.8802759400665061,0.8802326802291972,0.8802427987282103,0.8802416194334685,0.8802386154960085,0.8802342149763028,0.8802525104690099,0.880219548581977,0.880211240927444,0.8799542071734381,0.879957568454107,0.8799568068175636,0.8799945300236743,0.879990007621908,0.879991462244351,0.8800107139380166,0.879982108737914,0.8799752984890127,0.8799739422822362,0.8799752404034811,0.8801064192944453,0.8801059329904407,0.8801107423298475,0.8801105611471066,0.880109274011907,0.8801090195656571,0.8801087804050745,0.8801084137425654,0.8801084053383379,0.8801082974198197,0.8801335363514111,0.8801332901494021,0.8801327509282787,0.8801306101035311,0.8801307319164894,0.8801313084406129,0.8801298673110625,0.8802828608158256,0.8803319368699088,0.8803311056632621,0.8803305321480933,0.8803365931636274,0.8808261098808,0.8808252476678543,0.880827093489376,0.8808701484598243,0.8808696342977357,0.8808692709321521,0.8808694097310137,0.880867992441838,0.880866845310716,0.880865329724388,0.8808656495334598,0.8809096853949864,0.8809146085413073,0.8809144041514514,0.8809144756091224,0.8809105270724571,0.8809103430167698,0.880774866175498,0.8807748922127326,0.8807739326724404,0.8807734949223771,0.8807729998829469,0.8807749658911237,0.8807759104679821,0.8807771218172831,0.8807760650778402,0.8807771708051576,0.8807754705173483,0.8807732102946347,0.8807725462031594
294,0.8470264798927416,0.8730839652863662,0.8910351999248193,0.8924021999756321,0.8906929803064154,0.8892030960622077,0.891919144712889,0.8931052196239458,0.8926271227689476,0.8908087264845488,0.8904046023891753,0.8903624242996504,0.8868854223886217,0.8871494926067687,0.8869767058427773,0.8870223633317903,0.8855069029588999,0.8850946818269271,0.8852138791383528,0.8851643526920324,0.8852512544591947,0.885245373360412,0.8852969985992002,0.8829846010655436,0.882887734467331,0.8827285067845432,0.8827062067264491,0.8826241171034364,0.882324325264322,0.8796008589275162,0.8795472550235285,0.8795652249993767,0.8795704229814221,0.8795673613955475,0.8795651808071685,0.8795844835776137,0.879544451226574,0.8795354430583631,0.8794848998871742,0.8794916708711812,0.8794985423286453,0.8793242762835586,0.8793228989420298,0.8793238176184512,0.8793466347448056,0.8793230284420406,0.8793141599563923,0.8793079510064213,0.8793146847984012,0.8793420644306338,0.8793086551699363,0.8793191444875308,0.8793226210465727,0.8793169022096241,0.8793193566738915,0.879317479167325,0.8793205008609601,0.8793207465252654,0.8793246250982782,0.8790323422464426,0.8790255663993406,0.879025047147268,0.879024186761346,0.8790230044360804,0.879021360322483,0.8790117864393038,0.8799182596808837,0.8799303471852524,0.8799266892127221,0.879925114437155,0.8799216384027039,0.8800827723671497,0.8800815085331195,0.8800855559075984,0.8800765166118625,0.8800737822697751,0.8800731883761646,0.8800749496486004,0.8800752226973166,0.8800717952731791,0.8800783687824536,0.8800815505942685,0.880088341394771,0.880101066505252,0.8801022144313645,0.8801022332267204,0.8800695520921507,0.8800685447078404,0.8800687688676299,0.8800688978566046,0.8800673762418308,0.8800698026589651,0.8800686026916966,0.8800759013428137,0.8800792274324141,0.8800828060805366,0.8800829345236234,0.880084765274114,0.8800859590963792,0.8800791853737292,0.8800777568190638
295,0.8496011222184823,0.8730263808760869,0.8930360574452715,0.8915018456641896,0.8883506220645425,0.8878070627578445,0.8875381994836379,0.8895478161483092,0.8893488891882204,0.8884945942457969,0.8883011638141044,0.8883581231076623,0.8870011047074585,0.8868750525631651,0.8867756992295326,0.8868007151730448,0.8855004418291593,0.8851630177650058,0.8852532837564722,0.8852226117941979,0.8852923680367224,0.88531102090398,0.8853528328369734,0.879226567279403,0.8791724425802857,0.8791055335799771,0.8790970487011833,0.8790610928212393,0.8789301813749375,0.8775069378980994,0.8774643017462671,0.8774839539986939,0.8774899043647757,0.8774890023307853,0.877493304449622,0.8775088922340071,0.87747733949001,0.8774708943613642,0.8775163282883466,0.87752295192771,0.8775270034655758,0.8773788556787223,0.8773865886343464,0.8773904600838195,0.8774387516829673,0.8774241278144125,0.877420404144663,0.8774157893025759,0.8774226575721243,0.8774141864999508,0.8773825487466885,0.8773973193850044,0.8774004965405068,0.8773968294396568,0.8773997296845609,0.8773985688125758,0.877402111054356,0.8774023776251321,0.8774060045706887,0.8768598463096852,0.8768548135248488,0.8768557345502781,0.8768563305231013,0.8768557982987926,0.8768545575023534,0.876854904924526,0.8795822117849532,0.8795822115847658,0.8795822112818532,0.8795822109695041,0.8795822106712845,0.8795822097287075,0.8795822093850907,0.8795822090353166,0.879582208433498,0.8795822082051029,0.8795822079071417,0.8795822075666372,0.8795822073563365,0.8795822070535181,0.8795822068955389,0.8795822065867793,0.8795822062538043,0.879582206057173,0.8795822057405265,0.8795822054081895,0.879582205467438,0.8795822051353962,0.8795822052436031,0.879582204920106,0.8795822045939417,0.8795822043675742,0.8795822040447383,0.8795822037399256,0.8795822034242219,0.8795822031327514,0.8795822028442325,0.8795822025363135,0.8795822024226826,0.8795822021888366,0.8795822018638817
296,0.6680593492106801,0.5883492733776923,0.5903926845922052,0.6109552712934142,0.7448372213122971,0.7448372240199355,0.744837224339621,0.7448372185878072,0.7448372340764419,0.7448372448367182,0.7448372535328823,0.7448372515734815,0.7448372503650316,0.7448372482064186,0.7448372464003621,0.7448372441095371,0.7448372420578353,0.7448372426653715,0.7448372401245238,0.7448372384981615,0.7448372369490253,0.7448372413840691,0.7448372322366192,0.7448372300286691,0.7448372352226287,0.7448372352319255,0.7448372280564737,0.7448372273541276,0.7448372323187066,0.7448372308269408,0.7448372309032126,0.7448372297958291,0.7448372276661449,0.7448372260360261,0.7448372246522981,0.7448372226936858,0.7448372223084659,0.7448372335996287,0.7448372322569171,0.7448372302993904,0.7448372288536167,0.7448372278378431,0.7448372280625023,0.7448372268520911,0.7448372260806705,0.7448372253551813,0.7448372243650024,0.7448372233479197,0.7448372127484809,0.7448372114997241,0.744837211330105,0.7448372097895015,0.744837209090352,0.7448372089160131,0.7448372108208867,0.7448372096255275,0.7448372078507052,0.7448372068968575,0.7448372055594668,0.744837204510487,0.7448372038867785,0.7448372026475317,0.74483720142577,0.7448371996623591,0.7448371986799563,0.7448371982775357,0.7448371967315123,0.7448371956366856,0.744837194690056,0.7448371931584378,0.7448371921759922,0.7448371908525867,0.7448371895947963,0.7448371882196768,0.7448371868848696,0.7448371861785165,0.7448371851033407,0.7448371838305381,0.744837182635337,0.7448371545000684,0.744837152799914,0.7448371511903585,0.7448371496536278,0.7448371481029676,0.744837145982829,0.7448371444723185,0.7448371467408923,0.7448371452776172,0.7448371439117236,0.7448371424269888,0.7448371409093857,0.7448371395464,0.7448371391590509,0.7448371372155317,0.7448371355545979,0.7448371411781234,0.744837139686761,0.7448371382259791,0.7448371374808299,0.7448371370270859,0.7448371356395856
297,0.6922200940219305,0.6167123083569948,0.6187336460303502,0.640584251350327,0.7548267835188719,0.7547887707799947,0.7556040990234922,0.7554311173493373,0.7558074027235185,0.7573227639326449,0.7607254650030546,0.7603119725602914,0.7603838571885764,0.7603635701702802,0.7603816958382223,0.7603518585717541,0.7603437039333893,0.7604708341307707,0.7604462748315977,0.7604697721815962,0.760504315579659,0.7605868178681047,0.758102363505047,0.7580700744651705,0.7580916142587591,0.7581989255981022,0.7576515631205266,0.7577175532647656,0.7579697003485284,0.7579747234772511,0.7580511694444054,0.7580755309471471,0.7579915319312306,0.7579962626663128,0.7580058938162616,0.7579831812005368,0.7580364160242948,0.7599918303175105,0.7599956699050173,0.759956899619397,0.7599633325612025,0.7599627121266828,0.7600096568333465,0.7600098482645964,0.7600066156607908,0.759999666557588,0.7600001313645488,0.7599992982308238,0.7599332206275083,0.759932694945075,0.7599122766160205,0.7599184033673029,0.7599129373828176,0.759884533489231,0.7603434449564119,0.7603429510664571,0.7603473581013301,0.7603486862877965,0.7603527626128995,0.7603536887005234,0.7603383270245153,0.7603445000974985,0.7603488845743687,0.7602727196683127,0.7602676319811964,0.7602503980481069,0.7602621283059977,0.7602595489003529,0.7602524666173466,0.7602283715184802,0.7602225792843179,0.760226957062943,0.7602275726510525,0.7602329604138143,0.7602364690432697,0.7602333092499127,0.7602340770542445,0.7602365135914411,0.7602366328207273,0.7580943428217848,0.758090621671557,0.7580874499689922,0.7580874484774633,0.75807994036806,0.7580659536591845,0.7580659803330506,0.7580958795931219,0.7580969601632178,0.7580986175603355,0.7580985722456336,0.7581000313106054,0.7580956646706674,0.7581077816143712,0.7581014431454685,0.7580982236921252,0.7595684532331884,0.7595653444439617,0.7595617155206303,0.7595515286557348,0.759564804658566,0.7595671804108833
298,0.7120204976670269,0.6558601720623429,0.6572107466900907,0.6799428011988266,0.7704915073070734,0.7705110527047915,0.7719913931361431,0.7716634532617109,0.772231540599924,0.7750561731210819,0.7821380343312899,0.7808588226717216,0.7809669511647284,0.7809424186995637,0.7809715704350314,0.7809439869637734,0.7809382887664711,0.7810922114743785,0.7810755341362069,0.7811125537822313,0.7811802118191448,0.7813048137050348,0.7755269828980546,0.7754895064424563,0.7755165855923151,0.7756469422732661,0.7751444329602262,0.7752173281391929,0.7755043836213396,0.7755105751328127,0.7756004765997837,0.7755284181900054,0.7753860839311774,0.775392409825249,0.7754028433846873,0.7753805732142109,0.775435200708246,0.7783454367181395,0.7783529600434408,0.7783173832023456,0.7783317576245439,0.7783288776809196,0.7783969932926249,0.7784047733647825,0.7783962997243578,0.7783794858108147,0.7783795869865114,0.7783766390527677,0.7783502160650295,0.7783484435344631,0.7783079025415095,0.7783189387326327,0.7783102110017123,0.777923460767944,0.7784410924066508,0.7784393555450171,0.7784507042707145,0.7784528248323572,0.7784615878623838,0.7784625472236673,0.7784270608062316,0.7784360328310259,0.7784453728837984,0.7783161475334927,0.7783057102361474,0.7782708805197801,0.7782940508784336,0.7782883444190063,0.7782743748397368,0.7782494517753564,0.7782378006493081,0.7782465854108608,0.7782473904869582,0.7782584332085183,0.7782650324708432,0.7782585399481098,0.7782598991942803,0.7782648658052381,0.7782650954022888,0.776379274692029,0.7763826325691389,0.7763859008904234,0.776387954212534,0.7763937282267926,0.7763715285499889,0.7763714265152564,0.7763436617690845,0.776343404601401,0.7763416836060815,0.7763419899377314,0.7763427327991812,0.7763475046274224,0.7763571698443256,0.7763660814451302,0.7763693842036397,0.7815348021703048,0.7815348014745541,0.7815348007550708,0.7815348003512771,0.7815347997624278,0.7815347989762729
299,0.7523429814675576,0.7085533507475852,0.7104396162492908,0.7529472412115665,0.8040384961342277,0.8040662078108762,0.80524301485046,0.8049161585113793,0.8051928532347592,0.8078893193545749,0.817070989543997,0.8125808038866099,0.812692430088691,0.8126905932432192,0.812722371583777,0.8127397478747319,0.8127556493945304,0.8127718245789214,0.8128355219211035,0.8128806034916085,0.8129941669860055,0.8131299870590003,0.8037467689357455,0.8037374496979204,0.8037486090496693,0.8038027036476333,0.8038835791800307,0.8039068637501829,0.8039771101043345,0.8039803858081818,0.8040038973178754,0.8025946877878883,0.8026622467929607,0.802666447822195,0.8026653271312573,0.8026783151920793,0.8026604945552489,0.8034415914993359,0.8034388469341063,0.803429815077627,0.8034331178452531,0.8034360496545162,0.8034769375029295,0.8035548087051723,0.8035533193090904,0.803548923730836,0.8035502090321861,0.803557408293693,0.8035843526566832,0.8035852373042986,0.8035763084049007,0.8035808151511153,0.8035714172266385,0.8009169133231046,0.8008971277036202,0.8008976397760024,0.8009017795972646,0.8009024753947981,0.8009042499916588,0.8009050067813479,0.8008446421511506,0.8008485993499596,0.8008507990004365,0.8015670293107144,0.8015668163832277,0.8015679968648426,0.8015680488429093,0.8015687812208958,0.8015688229649471,0.801568110086026,0.8015665459483731,0.8015666452843442,0.8015675881236817,0.801571646351893,0.8015724060533039,0.8015725248249679,0.8015742949415805,0.8015742448209974,0.8015742816621617,0.8013753722420999,0.8013756446960194,0.801376020226574,0.801377199340754,0.8013773075419905,0.8012559291762148,0.8012553043064322,0.8012524738242591,0.8012527159867764,0.8012524966291925,0.8012526065656502,0.8012534560989627,0.8012541761446953,0.8012547075944254,0.8012564766247167,0.801257104522401,0.8020926054478928,0.8020920877972867,0.8020896475771384,0.8020963873489836,0.8021013557923483,0.8021026863218772
300,0.7801754618614376,0.7337100511830887,0.7366276777820708,0.8093161947607335,0.8275159030470106,0.8273510215660012,0.8271328510553356,0.8270259568874848,0.8265995472671394,0.8273257261787996,0.83368254514257,0.8249259185950051,0.8250594655474189,0.8250587748186319,0.8250839966479597,0.8251135672681011,0.8251349163171651,0.8250970718568577,0.8251712050080835,0.8252258548004311,0.8253374016789647,0.8254448729793321,0.8188827929844928,0.8189337477614396,0.81887901263385,0.8188197781381384,0.8189667387380926,0.8189240643550362,0.8186423688145272,0.8186400391321637,0.8185436935866737,0.8152402423393252,0.8158214488824489,0.8158201193056575,0.8158055795477963,0.8158572392054625,0.8157598312686284,0.815826570668885,0.8158454193442515,0.8158207677676753,0.8158459463332502,0.8158368257686753,0.8158703687136449,0.8159928156927118,0.8159677460357052,0.8159170224119371,0.8159118385301991,0.8159153683005217,0.8159609321790998,0.8159518095732746,0.8158539016747384,0.8158727889179925,0.8158773925456863,0.8129992555385486,0.8129552208959602,0.8129541285611971,0.8129599857108234,0.8129601408988162,0.8129668337576891,0.8129655894103364,0.8127732598153485,0.8127745958802016,0.8127814244569174,0.8159686292604534,0.8159625512107348,0.8159404151976746,0.8159542505626076,0.815950112463657,0.8159417071179742,0.815939668640816,0.8159356071992944,0.8159407940924873,0.8159403759190242,0.815961070414806,0.8159640180972512,0.8159603584915229,0.8159607588777736,0.8159637471408446,0.8159638389517327,0.8160012469900912,0.8160062120544601,0.8160104729010347,0.8160137064394932,0.8160231186637541,0.8160154190094423,0.8160189773322557,0.8159714759259199,0.8159702308332312,0.8159674763338882,0.8159677402955043,0.8159668296317361,0.8159742662405535,0.8159722969666798,0.8159844393752604,0.815990195006355,0.8160552504726825,0.8160577015422745,0.8160493316389048,0.8161075415758623,0.8160994709109839,0.8160983736293248
301,0.8129291594454636,0.7854169622807651,0.7880531866279021,0.887009803503514,0.8698511247463293,0.8693432200179482,0.8677888242627055,0.867899960922813,0.8669638044580612,0.865762068163549,0.8685151343123267,0.8545682936317759,0.8544745205575996,0.8544131037594352,0.8544641742513858,0.854454730575667,0.8544582680550517,0.8545632233994417,0.8545314303569087,0.8545278016592651,0.8539638334780711,0.854012062253579,0.8522222863066082,0.8522343656378912,0.8522277438840613,0.8522337497909878,0.8522925471655638,0.852286046602235,0.8522196472792745,0.8522198798940533,0.8521907958828654,0.8464900133709808,0.846534197611418,0.8465345378172047,0.846531282222183,0.8465477462939563,0.846524900169433,0.8464976369476819,0.8465208835782825,0.846511808955366,0.8465160488423649,0.8465107079005555,0.846522281795644,0.8457654781883587,0.8457544078630728,0.8456957456159452,0.8456932456782889,0.8457048474632068,0.8457207212454038,0.8457165018064263,0.8456714028846086,0.8456799749749907,0.8456832440906064,0.8450961188393642,0.845084302535268,0.8450821575331701,0.8450885157833831,0.8450886368424231,0.8450958239994777,0.8450941374032717,0.8451201256185941,0.8451207415250946,0.8451303438916099,0.8464698361061913,0.8464633840730654,0.8464397533140553,0.8464544006797802,0.8464499081869923,0.8464410093539444,0.8464396260377023,0.8464717896211558,0.8464772020114848,0.8464766387318818,0.8465030334905783,0.8465033481846193,0.8464995620427664,0.8465002698233236,0.8465034008295451,0.8465034846750897,0.8465087918275866,0.8465138646704505,0.8465182266843916,0.8465344703779537,0.8465441597031816,0.8464674736387637,0.8465711053867259,0.8465349849049578,0.846534009201352,0.8465319490448141,0.8465321446069448,0.846531479250192,0.8465371507856695,0.8465358188405556,0.8465450326131071,0.8465499781873861,0.8465433405859376,0.8465455576746389,0.8465019107367787,0.8461748097335116,0.8461681971657764,0.8461672439879103
302,0.8225863763265391,0.7956752434729165,0.7982960849942778,0.8880566912608037,0.8694463993161927,0.8688513278877976,0.8672220143059934,0.8673589460037513,0.8663504036398664,0.864821473826477,0.8669028381897336,0.851031885192062,0.8507774373067839,0.850709425430223,0.8507659126995928,0.8507536682957777,0.8507615500101731,0.8508591052236322,0.8508220059616086,0.8508112705311254,0.8499476985854496,0.8499792382368726,0.848976459165096,0.8489827991449368,0.8489820026225758,0.8489903061276891,0.8490246071252842,0.8490217061086943,0.8489822437526339,0.8489831899355745,0.8489631964707827,0.8449826945151897,0.8449168252167426,0.8449168804936625,0.8449137546351376,0.8449269121970019,0.8449049646401499,0.8448764254859705,0.8449127800693708,0.8449085902988889,0.8449121812735337,0.8449000969960401,0.8449099336770517,0.8437958331416602,0.8437859066588427,0.8437172581299899,0.8437149738852058,0.8437220017995489,0.8437345122506621,0.8437307744727736,0.8436910486290037,0.8436985687500345,0.843701798951912,0.8434168660886797,0.8434082106704965,0.8434062185385511,0.8434119865046655,0.843412073425086,0.8434185267045672,0.8434169532251851,0.8434983148536894,0.8434988611363178,0.8435083790055243,0.8444605333500058,0.8444551755927617,0.8444357670386403,0.8444477768815823,0.8444441421158625,0.8444368707928929,0.8444358636523907,0.8444853804529888,0.8444897917762231,0.8444893583020442,0.8445029034747201,0.8445004222106152,0.8444974259000682,0.844498368764195,0.8445009046431093,0.8445009700469586,0.8445029160304918,0.8445070248725353,0.8445105499071413,0.8445312861289987,0.8445392987539305,0.8444710503611518,0.8446457113376632,0.8446192084847136,0.8446185193838059,0.844617064762222,0.8446172080371069,0.8446168872562483,0.8446209717138294,0.8446200030171506,0.8446267002661768,0.8446308926545699,0.8446265541871694,0.8446282562909688,0.8446069350797668,0.844251815537232,0.8442485725525234,0.8442481658867417
303,0.8585134893355448,0.8460781225576034,0.849327899020415,0.8950423616590487,0.8886430699163743,0.8874250374558152,0.8877963871788607,0.8878702069889245,0.8872546593573755,0.8861445734492526,0.8867397240955889,0.874612448919103,0.872241113652555,0.8720792222552597,0.8722276448598337,0.8722495280830941,0.8723596946417664,0.872233492491286,0.8722940960745281,0.8723217996659235,0.867521020315675,0.8675376687928994,0.8676148060882191,0.8676508700605378,0.8676217668289288,0.8675600471175258,0.8675525877256826,0.8675359115693742,0.8673905053452798,0.8673960967613302,0.8673482952158734,0.8657582772411969,0.865679954948244,0.8656780772749505,0.8656715597909703,0.8656657640745576,0.8656181249878185,0.8655895435518404,0.8656972931843432,0.8657041421448527,0.8657089102247922,0.8656379237258315,0.8656491022317322,0.8626543867740238,0.862650485484002,0.8625815655484497,0.8625808154996826,0.8625243385326224,0.8625266679953368,0.8625259279797953,0.8625170521855675,0.8625192332862607,0.8625198370429313,0.8625799602811408,0.8625759138355327,0.8625756864785066,0.8625773489915126,0.8625771857410109,0.8625786754870367,0.8625777912619873,0.8625312193960885,0.8625316259570386,0.8625344061573113,0.8624520698017658,0.8624498787249761,0.8624420516966466,0.8624469377738772,0.862446873796422,0.8624440386172989,0.8624435093445094,0.8625253766052491,0.8625278998063237,0.8625276717510997,0.8624170249106874,0.862396953815512,0.8623955680299481,0.8623965352701376,0.8623978582607772,0.8623978847199809,0.8623958683080218,0.862398040890053,0.8623998527497352,0.8624448091361329,0.8624499584827624,0.8624272410438272,0.8633085413596123,0.8633085411269035,0.8633085409892787,0.8633085408447042,0.863308540717545,0.863308540614155,0.8633085405654469,0.8633085404266915,0.8633085403776334,0.8633085403416637,0.8633085402505064,0.8633085401471893,0.8633085581342769,0.8633085602124817,0.8633085601638615,0.8633085602152217
304,0.87118845844006,0.8979414198208269,0.8971236468016011,0.8974425796094501,0.8955766037057983,0.893361274958842,0.8996948754409997,0.8997478828741972,0.8994233872955472,0.8986621037762647,0.8987083500873992,0.8913572789266001,0.8854722402128219,0.8852420492571821,0.8854644734284011,0.8854996493666627,0.885668626111911,0.8854537087105773,0.8855526575824545,0.8855870126594134,0.8752491092830261,0.8752491066820722,0.8752491082090734,0.8752491094917279,0.8752491068246021,0.8752491072261278,0.8752491079635282,0.8752491086783675,0.8752491071033027,0.8752491081699688,0.8752491084863284,0.8752491067755593,0.8752491077086385,0.8752491083857635,0.8752491090635975,0.8752491089722574,0.8752491093453685,0.8752491098548636,0.8752491020456344,0.8752491025437017,0.8752491029762604,0.875249102465559,0.8752491021851914,0.8752490880000966,0.8752490880409103,0.8752490907757174,0.8752490909176828,0.8752490906915913,0.8752490910045474,0.8752490910857649,0.8752490906810608,0.8752490909842671,0.8752490911960599,0.8752490915391873,0.8752490917577186,0.8752490919197675,0.8752490921763948,0.8752490923175275,0.8752490925810963,0.8752490926910137,0.8752490903376542,0.8752490904763908,0.8752490906838145,0.8752490897961283,0.87524908983815,0.8752490896105825,0.8752490899418103,0.8752490909234755,0.8752490909331141,0.8752490910278476,0.8752490727604784,0.8752490726671086,0.8752490725637729,0.8752490713231726,0.8752490714277367,0.8752490713044755,0.8752490712156807,0.8752490711579867,0.8752490710560529,0.8752490708863487,0.875249070858629,0.8752490708276152,0.8752490470888356,0.8752490469427333,0.8752490465071988,0.8752490499258119,0.8752490496531115,0.8752490493177796,0.8752490489972734,0.8752490486798002,0.8752490483775202,0.8752490482082259,0.8752490478745246,0.8752490476698871,0.8752490474371541,0.8752490472076593,0.8752490469242438,0.8752490715359778,0.8752490744655103,0.8752490743634833,0.8752490742989889
305,0.8763989814496074,0.8941469229284913,0.8961625503397511,0.8950494237621478,0.8958381815592327,0.892891888175027,0.905241735241769,0.9053855159214595,0.9049981491314123,0.9038129414736982,0.903551441690944,0.8988113193074784,0.8891492950382854,0.8889939651522072,0.8892102921444446,0.889239676771097,0.8894028890196081,0.8892173185275519,0.8893012860057641,0.8893153585029177,0.8830384373247746,0.8830434707906513,0.8830848283550478,0.8831700066106869,0.8831417584017145,0.8830712277324962,0.8830594825110079,0.8830402207825814,0.8828615087304469,0.8829296746491859,0.8828633215718446,0.8830069586673067,0.8830413710335213,0.883038833157021,0.8830345188796981,0.8829429917658129,0.88290897047148,0.8828982103542049,0.8807952946856934,0.8808051205174858,0.8808059748669615,0.8807818486524343,0.8807864304825054,0.8808226252545991,0.8808090150980387,0.8809839277755762,0.880978694641795,0.8809895019429657,0.8810051114681318,0.8809884321900159,0.8809157878932449,0.8809304571213669,0.8809380677572389,0.8809254515468108,0.8809316839847571,0.8809280359376035,0.8809355958353998,0.8809357405032716,0.8809445436250403,0.8809412371841043,0.8808621282410913,0.8808620492509271,0.8808705356105306,0.8808573941098318,0.880847689171562,0.8808121413353843,0.8808331253261164,0.880947127764583,0.8809335148271302,0.8809288750281168,0.8795318502456945,0.8795214722321612,0.8795212928413381,0.879521794417743,0.8796458622578863,0.8796441954409666,0.8796439825186843,0.8796453912884715,0.8796453363605584,0.8796432605717319,0.879645550141147,0.8796475560389905,0.8764863268818374,0.8764820648807138,0.8764813203954082,0.8764672318705208,0.8764855075917926,0.8764860480251416,0.8764940415810268,0.8764939509002848,0.8764946181815801,0.8764916532534313,0.8764922381016748,0.8764875734233021,0.8764856212938588,0.87648362672364,0.8764825118960844,0.8765588796042199,0.8765776721015702,0.8765834311155107,0.8765843826667901
306,0.8564225578807335,0.8832826551140452,0.8902294096323998,0.8969982086688935,0.900921892863107,0.8975268367330257,0.9170124977060086,0.9173253016904217,0.9166695596998087,0.9145710647517875,0.9140112253890567,0.9114302796633855,0.897573455335246,0.8978984648068766,0.8980255794897699,0.898030020713668,0.8981976996740928,0.8981460021203794,0.8981649732291679,0.8981683361065911,0.8955159843902935,0.8955189205506763,0.8955357545901926,0.895650654710711,0.8956328340586575,0.8955740953227002,0.8955619130360098,0.8955336281165068,0.8953691276420609,0.8954404152966688,0.8953775689156854,0.8954691179345649,0.8954702492408613,0.89546723424471,0.8954617149432429,0.8954263738177054,0.8953857926572882,0.8953720970875075,0.8908563472477925,0.8908617335576186,0.8908605106658601,0.8907879927092942,0.8907900681546186,0.8908207411992678,0.8908140057774483,0.8908905124943634,0.8908874325310792,0.890899125617651,0.8909072496581133,0.8909085203644003,0.8908723794676799,0.89087964829582,0.8908833144811505,0.8908758732668971,0.8908790366919285,0.8908771845178357,0.8908809150812913,0.8908809481101894,0.8908852986305641,0.8908810825822749,0.8908396674554032,0.8908395834020741,0.8908436700188592,0.8908388988899216,0.8908341399081067,0.8908166677420993,0.8908261102147059,0.8909386396217481,0.8909317124224478,0.8909293016754588,0.8901161014719883,0.8901013526373159,0.8901013199054617,0.8901056244043265,0.8901870725712119,0.8901867239449283,0.8901864633451482,0.8901867904621611,0.8901866322562204,0.8901858862382833,0.8901863826928388,0.8901868579539134,0.8883450931738193,0.8883497436563126,0.8883507565734489,0.8883423349728902,0.8883244329610747,0.888323940649221,0.8883520773431199,0.8883521607624428,0.888351730343266,0.8883542301570712,0.8883536364289759,0.8883579324917904,0.8883597892676985,0.8883619243483148,0.8883629796598318,0.888292387456372,0.8883113809307059,0.8883072216364678,0.8883065291273363
307,0.841551157930011,0.8757893739530873,0.887413237057261,0.896192202324816,0.8999837200124169,0.8966005599265878,0.9155896674652932,0.9161192409947696,0.9152545768603271,0.9123785454978357,0.9116694707174946,0.9106885796291024,0.896495353151085,0.8984255162279159,0.8983892240058791,0.8984357952955829,0.8980521537359678,0.8977858855672343,0.8978997833877265,0.8978506921813386,0.8977425040732613,0.8977414466857218,0.8977878510981747,0.8978907220621132,0.8977998387422855,0.8975964223590703,0.897565547750942,0.8974570406813541,0.897032127297058,0.8961556374981414,0.89607388074183,0.896105002714711,0.8960978369523768,0.8960929774789719,0.8960830689807827,0.8961208445342198,0.8960591694778528,0.8960421523079231,0.8938156451542248,0.8938198305658818,0.8938232552754592,0.893838574495274,0.8938356066983911,0.8938569153217522,0.8938612379261601,0.8937767078343688,0.8937712729476491,0.8937682290888115,0.893772082702598,0.8940020023790367,0.8939970274075084,0.8939980922153701,0.8939985222965748,0.8939968217946039,0.8939972225237884,0.8939968363944115,0.8939972666173129,0.8939972316475918,0.8939978268505913,0.8939996787511413,0.8939954491882043,0.8939952005133428,0.8939956482171301,0.8939950614661305,0.8939942040702956,0.8939902795667484,0.8939826681973184,0.8937006560034171,0.8937021714757711,0.8937025063027371,0.8937449530533021,0.8937672158446084,0.8937671195337457,0.8937658639458061,0.8937228744811366,0.8937236877373754,0.8937235631098897,0.8937228875203053,0.893722700885656,0.8937229928634118,0.8937218078509473,0.8937208736114884,0.8936952842253189,0.8936961436163872,0.8936960268943621,0.8936954166042339,0.8936950175333247,0.8936949408114766,0.8936715579649555,0.8936715401877167,0.8936714121435027,0.8936706235893535,0.8936705801625795,0.8936698137348061,0.8936694776620538,0.8936694701139237,0.8936690971250238,0.8936610387515395,0.8936594579568407,0.8936598363668287,0.8936597512372139
308,0.8435466176579622,0.8751215523640312,0.8887980242003123,0.8963689230107746,0.8996852811183929,0.8966162057341471,0.9127197450289495,0.9132749138854781,0.9125084314797546,0.9098522406434709,0.9092171589124454,0.9086373518339982,0.8974129778868952,0.8999832528199966,0.8998932414633399,0.8999577300989143,0.8992086780411278,0.8988258783842521,0.898981537059217,0.8989143299364781,0.8989898814438987,0.8989858175544645,0.8990483730757067,0.8990778269021377,0.8989582330304906,0.8987022513298164,0.8986642568975258,0.898531764500607,0.8980034175267231,0.8963807844927014,0.8962943293833122,0.8963208827899806,0.8963160996359114,0.8963107839128868,0.8963001594066659,0.8963391796486502,0.8962740165766722,0.8962565220146729,0.89489530843699,0.8949017032093017,0.8949054429741535,0.895014418097726,0.8950103348900587,0.8950245170119406,0.8950334400358083,0.8949502792600834,0.894942323511866,0.8949374631462291,0.8949429673561488,0.8953664572840503,0.8953664570442557,0.8953664570724074,0.8953664570504757,0.8953664569460711,0.895366456913081,0.8953664568483366,0.8953664568172274,0.8953664567798605,0.895366456757462,0.8953664573407843,0.8953664571502543,0.8953664571039082,0.8953664570829364,0.8953664570193546,0.8953664569417191,0.895366456728129,0.8953664563861131,0.8953664524822851,0.8953664523772958,0.8953664522716369,0.8953664531540942,0.8953664674435712,0.8953664675321873,0.8953664675950415,0.8953664680002057,0.8953664680954442,0.8953664681764412,0.8953664682459961,0.8953664683265173,0.8953664684266082,0.8953664684619107,0.8953664685146923,0.8953664702786065,0.8953664703506844,0.8953664704383463,0.8953664705483637,0.8953664707860625,0.8953664709065383,0.8953664683811436,0.8953664684656959,0.8953664685502183,0.8953664685381206,0.8953664686280696,0.8953664686260865,0.8953664686723422,0.8953664687239471,0.895366468763843,0.8953664687746862,0.8953664686538049,0.8953664687747315,0.8953664688610862
309,0.8484079182714698,0.8756598403902373,0.8930431953625446,0.8978143853506929,0.9004264569213594,0.8983296915572769,0.9087008219832031,0.90912015864584,0.9086798755381477,0.9070187396449536,0.9066423745884776,0.906443809937047,0.9002520366440974,0.9029633207963426,0.902869309710213,0.9029293745140021,0.9021580050131915,0.9017794884870325,0.9019268633220857,0.9018654975000797,0.9019615594484325,0.901955140387205,0.9020145028873515,0.9019334799822167,0.9018228535780517,0.9015988911442651,0.901566191606277,0.901449855271943,0.9009937535154734,0.8991652801511345,0.8990944778707245,0.8991145795434751,0.8991147081959061,0.899110468411158,0.8991022372874506,0.8991320875462712,0.8990792109638627,0.8990655772944517,0.8985130455598703,0.8985206039338776,0.8985282047824024,0.8985009097484883,0.8984982279684878,0.8985044975827151,0.8985147614342068,0.8984577547429802,0.8984496842985489,0.8984440424998685,0.8984504114875738,0.8986538970718752,0.898636978799051,0.8986412453582516,0.8986428279128061,0.8986391596104408,0.8986404533026704,0.898639476919754,0.8986409774108881,0.8986410623802097,0.8986429841081854,0.8986811711515988,0.8986720412518038,0.8986717261929706,0.8986722275175036,0.8986709126453228,0.8986689008392168,0.8986590009100033,0.8986752756615679,0.8986970162427127,0.8986936807379434,0.8986924447312387,0.8987016373179306,0.9003566998091767,0.9003558310472339,0.900358445452321,0.9003676643045575,0.9003661676916377,0.9003657599273137,0.9003667080831841,0.9003656124014392,0.9003634881148005,0.9003641448476289,0.9003656325893137,0.9003884023997399,0.9003947907951222,0.9003951844711886,0.900395234815863,0.9003808098169642,0.9003803212122092,0.9003350133605977,0.9003350761653918,0.9003341564439341,0.900335177209127,0.900334484500602,0.9003382077363086,0.9003399215363452,0.9003419093938012,0.9003418132047857,0.9003431300865193,0.9003424573621142,0.9003389142137519,0.9003380736072721
310,0.8485996746669654,0.8766449777128054,0.898871833638945,0.8988718389744593,0.8988718445034212,0.8988718416190181,0.8988718588074447,0.8988718641233585,0.8988718651833375,0.8988718610533956,0.8988718617888984,0.8988718633155713,0.8988718560145033,0.8988718661714158,0.8988718673933049,0.8988718689018235,0.8988718674038338,0.898871866353644,0.898871868132914,0.8988718689973618,0.8988718706934704,0.8988718680755785,0.8988718693164162,0.8988718534711719,0.8988718519544162,0.8988718517572852,0.8988718520439332,0.8988718521050093,0.8988718506178314,0.8988718438487535,0.8988718435145538,0.8988718438649792,0.898871844015131,0.8988718441211428,0.8988718442401663,0.8988718445489846,0.8988718442991881,0.8988718443197712,0.8988718446523342,0.8988718448389974,0.8988718450397906,0.8988718437590566,0.898871843905167,0.8988718441215848,0.8988718445320617,0.898871844298564,0.8988718444247796,0.8988718444454105,0.8988718446526187,0.8988718451339663,0.8988718447387427,0.8988718449721459,0.8988718450924791,0.8988718451468305,0.8988718452862341,0.8988718453618567,0.8988718455186131,0.8988718455858092,0.8988718457343676,0.8988718472923872,0.8988718471804062,0.8988718473133058,0.8988718475070483,0.8988718475779939,0.8988718476100599,0.898871847613901,0.8988718581100025,0.8988718592422649,0.8988718593727224,0.898871859600179,0.8988718599423011,0.898871872738751,0.898871873184754,0.8988718736994947,0.8988718740478056,0.8988718742783713,0.8988718746351446,0.898871875093622,0.8988718755307264,0.8988718758693216,0.8988718763168105,0.8988718767727099,0.8988718773432225,0.8988718777330571,0.8988718781761018,0.8988718785809872,0.8988718777618303,0.8988718781552765,0.8988718785841739,0.8988718789863,0.8988718794123783,0.898871879887207,0.8988718802749602,0.8988718808665808,0.8988718813529017,0.8988718818072071,0.8988718822804453,0.8988718826928052,0.89887188313135,0.8988718832525912,0.8988718836611136
311,0.7132710634800224,0.6417481980183926,0.6436047245335218,0.6705208813303425,0.7821113101228975,0.7821980504865329,0.7839686404775864,0.7835528285134002,0.7843802807998379,0.7877011062826755,0.7969539094318316,0.796541102223168,0.7966938434870214,0.7966183884279453,0.7966153519228967,0.7965557700763136,0.7965176185065623,0.7967919234646325,0.7966157008711846,0.7966593565886019,0.7967156808931826,0.7966824562629309,0.7938265602115687,0.7937104034046059,0.7938165385885745,0.7941148499211015,0.7941600480548793,0.7943061002748033,0.7949594358452737,0.7949633028863999,0.7951893077489806,0.7952022712719473,0.7950555732251807,0.7950463776354529,0.7950635678306684,0.7949961865941966,0.7951288616620223,0.801725393680713,0.8017253928897248,0.8017253919979119,0.8017253911162948,0.8017253905862974,0.8017253907232511,0.8017253901311892,0.8017253897712951,0.801725389491539,0.801725388958233,0.8017253884423938,0.801725387885801,0.8017253873205461,0.8017253876254493,0.8017253868148173,0.801725386401959,0.8017253835023918,0.8017253835669328,0.8017253829380327,0.8017253820961323,0.8017253815873842,0.8017253808808488,0.8017253803196731,0.8017253798541005,0.8017253791871591,0.8017253785385313,0.801725376908034,0.801725376391206,0.8017253761844311,0.8017253753471313,0.8017253747641115,0.8017253742653841,0.8017253735384426,0.8017253730364485,0.8017253723250988,0.8017253716453177,0.8017253709141379,0.8017253701919066,0.8017253698232741,0.8017253692438112,0.8017253685626583,0.8017253679251896,0.8017253594254629,0.8017253585513106,0.8017253577210468,0.8017253569623856,0.8017253561180061,0.8017253543921161,0.8017253536458161,0.8017253551600657,0.8017253544559008,0.801725353816672,0.8017253530916332,0.8017253523555657,0.8017253516175658,0.8017253512897059,0.8017253502246238,0.8017253493608203,0.8017253832626987,0.8017253827890088,0.8017253823451079,0.8017253822823694,0.8017253822908731,0.8017253819072767
312,0.7407622695591779,0.6798115387266982,0.6807819821695639,0.7124553439815028,0.8029245892927249,0.8030388265866873,0.8051608604153985,0.8046639889329663,0.8055705682526818,0.8096024486662614,0.823045300216993,0.8219934088785897,0.8220958007785302,0.82205756759211,0.8220690959270224,0.8220434578999473,0.8220292471506876,0.822185086562414,0.8221177230165038,0.8221505563828031,0.8222041747653676,0.8222435704076475,0.818353065694974,0.818280335579104,0.8183503185739162,0.8185460831102127,0.8185673977806274,0.8186648116967775,0.8190795140339665,0.819084762532565,0.8192238991839178,0.8188915812124379,0.8187795107995353,0.818780259950742,0.8187911862659769,0.8187587638046618,0.8188291335005068,0.8221168948620523,0.8221065663967504,0.8220984803178903,0.8220902088450707,0.8220974207930589,0.822124564018538,0.8221430342510316,0.822151747112892,0.8221666443281501,0.8221698804531955,0.8221775146257939,0.8221890820602017,0.8221935182767842,0.8222230920139446,0.8222200828696828,0.8222098311680002,0.8211902715073506,0.8212136790600685,0.8212141057842154,0.8212171695871178,0.8212178199982981,0.8212186245230741,0.8212193862705844,0.8211995779227368,0.8212031736216475,0.8212043008807066,0.8211687007610915,0.821167689096825,0.8211653623628962,0.8211675353569537,0.8211675116702762,0.8211662337041508,0.8211646013299448,0.8211619156910209,0.8211628804171921,0.8211636137179443,0.8211650801530158,0.8211662766753676,0.8211657044364229,0.8211667411999423,0.821167194039853,0.821167235179906,0.8209802964557953,0.8209801400391625,0.8209800631285283,0.8209808378874961,0.8209800717970835,0.820912859390204,0.8209125393430016,0.8209173556872145,0.8209177626792755,0.8209179302488218,0.8209180055981633,0.8209189348675325,0.8209185588495447,0.8209195002287852,0.8209194785689377,0.8209191113673715,0.8218776947680481,0.821878786219252,0.8218793637975714,0.8218777503767957,0.8218757434739571,0.8218758427259707
313,0.7830676232630895,0.7260831621538713,0.7294303957374665,0.8014706275410004,0.8424983686038225,0.8424660754332964,0.8433101887098244,0.8430199804192762,0.843237226026337,0.8455857986396318,0.8556650882961295,0.8505232630173066,0.8506378687567168,0.8506113370697398,0.8506431709128393,0.8506442716799322,0.8506481510841305,0.8507403619298456,0.8507430824093115,0.8507777677440193,0.8508249968957784,0.8509247948807326,0.84589651580562,0.845872110232044,0.8459034955022525,0.846001325819777,0.846116574110998,0.8461582545342957,0.8462754082858692,0.8462798242919333,0.8463116190729589,0.842635433414885,0.8427266824049866,0.842732082844309,0.8427293937728184,0.8427500410694557,0.8427187868442965,0.843028480314431,0.8430232855276422,0.8430168188657466,0.843021474504971,0.8430251998008569,0.8430702217799695,0.843236462438783,0.8432334668880563,0.8432255722483807,0.843226693843539,0.8432352679760625,0.8432642895275178,0.8432647374638665,0.8432484096793423,0.8432546848863915,0.8432451127593599,0.8360818102918931,0.8360818106417351,0.8360818114776609,0.8360818123317917,0.836081812949755,0.8360818137478503,0.8360818144412678,0.8360818128447821,0.8360818136003139,0.8360818142711242,0.8360818255221348,0.8360818263930627,0.8360818271084127,0.8360818280169702,0.8360818289214558,0.8360818298026107,0.8360818307178738,0.8360818315266726,0.8360818324216007,0.8360818333809704,0.8360818343950718,0.836081835332234,0.8360818359639859,0.8360818367857514,0.8360818376799946,0.8360818385797603,0.8360818388944181,0.8360818397958013,0.8360818406461596,0.8360818415445416,0.8360818422475054,0.8360818415428135,0.8360818423482448,0.8360818419457239,0.8360818428264845,0.83608184368167,0.8360818445464262,0.8360818454554819,0.8360818461018329,0.8360818469365945,0.836081847818859,0.8360818486863821,0.8360818549606344,0.836081855831631,0.8360818566055744,0.8360818596104507,0.8360818602940848,0.8360818612736357
314,0.7987890763575105,0.7516979998873236,0.7547550758117557,0.8530938664168349,0.8663203267131473,0.8661226264223709,0.8658392774711654,0.8657426271433625,0.8654505457447417,0.866176219491846,0.8725872490323502,0.8652094309700851,0.8652939291350167,0.8652506895398098,0.8652887866389087,0.8652852294421555,0.8652862610630463,0.8653950990630613,0.865379880956774,0.8654014223682063,0.8653080691532306,0.8653913223508904,0.8618435621396879,0.8618365560225005,0.8618516471338985,0.8619135255626506,0.8620175982588099,0.8620398542202377,0.8620784009825534,0.8620808316223486,0.8620871453696122,0.8554011197537328,0.8555082439719255,0.8555101602037086,0.8555041491684685,0.8555299819379992,0.8554840444400187,0.855520808298587,0.8555238800815534,0.8555217672770655,0.8555337101217311,0.8555320564202306,0.8555612549769793,0.8557360838950866,0.8557255441125825,0.8557037031118612,0.8557022237975134,0.8557056676537098,0.8557303924357825,0.8557271940009107,0.8556845859474198,0.8556939909521679,0.8556920295859224,0.8522589208215543,0.8522478144629412,0.8522463402963834,0.8522508730945254,0.8522511268688866,0.852255805347702,0.8522547556983472,0.8521315724609532,0.8521324632949654,0.8521357209443428,0.8526925997033246,0.8526866915194714,0.8526654015419101,0.8526786625375722,0.8526744925491544,0.8526664420447284,0.8526646994626355,0.8526576109402716,0.8526626748882961,0.8526622534144256,0.8526746588459975,0.8526776850020905,0.8526739750745623,0.8526740614460365,0.8526770005186839,0.8526770866461917,0.8526921428037385,0.8526970050185702,0.8527012435567698,0.8527033392902411,0.8527125481719168,0.8526851520197963,0.8526832654709475,0.8526454419922594,0.8526444462050239,0.8526422199394764,0.8526424297761469,0.8526416953534173,0.8526476718303457,0.8526459912194913,0.8526557385379793,0.8526601334314836,0.8526230910577884,0.8526253925164178,0.8526216100598538,0.852783264480938,0.8527753426980554,0.8527742462343455
315,0.8218300746415057,0.7801996582406723,0.7832559763030249,0.8987848449996172,0.8887331305810074,0.8883621725686368,0.8872343403289661,0.8872813655321543,0.8866644939404157,0.8861894944626586,0.8894826381411136,0.8805609787511685,0.8805129502538263,0.8804409861942281,0.8804913370606455,0.8804768959795194,0.8804766703140819,0.8806197760199921,0.8805746281566418,0.880578796954083,0.8800925061195923,0.8801537366951135,0.8781761497154726,0.8781695057131385,0.8781871495690748,0.8782430926805586,0.8783087780015387,0.8783300044115233,0.8783851368139809,0.8783873166169511,0.878399781893557,0.8674939328473514,0.8674939336730968,0.867493934698125,0.8674939356879771,0.8674939368751863,0.8674939375219476,0.8674939380954064,0.8674939391918348,0.8674939401088655,0.8674939411112645,0.8674939420055049,0.8674939414845997,0.8674939343058021,0.8674939348785504,0.8674939348504266,0.8674939355244521,0.8674939363848391,0.867493937376335,0.8674939381269285,0.8674939383011685,0.8674939392039398,0.8674939398391777,0.867493921686183,0.8674939220549251,0.8674939224879445,0.8674939230541661,0.8674939234070437,0.8674939239654714,0.8674939243257799,0.8674939439528035,0.8674939446450521,0.867493945456795,0.8674939545010775,0.867493955133322,0.8674939551151009,0.8674939563711753,0.8674939570603759,0.8674939576132529,0.8674939583678327,0.8674939593667345,0.8674939603616857,0.8674939612197962,0.8674939624790792,0.8674939634223835,0.8674939638786848,0.8674939646167579,0.8674939655525936,0.8674939663915608,0.8674939672049042,0.8674939682252577,0.8674939691776915,0.8674939701887343,0.8674939712040868,0.8674939712348358,0.8674939728890263,0.8674939710471173,0.8674939718371429,0.8674939725619465,0.8674939733870493,0.8674939741989017,0.8674939750455036,0.8674939757961381,0.8674939770119048,0.8674939780182354,0.8674939783139687,0.8674939791835913,0.8674939792848397,0.8674939617902918,0.8674939617025492,0.8674939622758991
316,0.8579445472296192,0.8260106623817445,0.829716690293906,0.9082766306718814,0.903826189547081,0.903153833493383,0.9022363511367351,0.9022740519123565,0.9017853674706925,0.9012187421116961,0.902277987884024,0.8917625332129019,0.890991706974386,0.8908423758178964,0.8909334179063761,0.8909032660947012,0.890927199971357,0.891104855894365,0.8910184611287569,0.8910250376283955,0.8888780138063124,0.8889068244287726,0.8884163336965076,0.8883796125816621,0.8884319953659416,0.8885502775891035,0.8885786521453582,0.8886367274128367,0.8888583341208917,0.8888648233873587,0.8889331109419535,0.8838802970203624,0.8836933494051985,0.883694803305458,0.8836939300052158,0.8837031649206147,0.8836935926795669,0.8836573976950306,0.8836791344400845,0.8836834655487705,0.8836845364930469,0.883662911850932,0.8836753341217637,0.8800996545743165,0.880091745789396,0.8799652568406977,0.8799636184362261,0.8799624172122344,0.8799694166006425,0.8799668804979153,0.8799373709596001,0.8799431283183998,0.8799452536539731,0.8800826980515732,0.8800822092286557,0.8800806908125544,0.8800852716570036,0.8800854947720548,0.8800899711336023,0.8800884836031783,0.8816195628451505,0.8816202903065115,0.8816353412584691,0.8817223469720913,0.8817071912623654,0.8816521281239901,0.8816860972341715,0.8816751305870429,0.8816545457721977,0.8816484189422361,0.8817167863518636,0.8817297814694846,0.8817283405326183,0.8817417934379815,0.8817451667340793,0.881735691188,0.881735138320008,0.8817426251795115,0.8817428248267862,0.8817308151239341,0.8817431376600073,0.8817538788052706,0.8817764642746664,0.8818002022864337,0.8817799265607595,0.8819498860326648,0.8818520838366025,0.881849378251059,0.8818436996322683,0.8818442017276299,0.8818418929520999,0.8818571872465526,0.8818536776146224,0.8818784359738543,0.881889809586672,0.8819011047064274,0.8819066821515278,0.8818390802405778,0.8789891855070318,0.8789716989412544,0.8789690225999698
317,0.8817712361672854,0.8690487556454327,0.8733465708196486,0.9147399919130212,0.9160062692819009,0.915024109627246,0.9157998214838582,0.9157949153722623,0.9155565721311761,0.9153675602180659,0.9157827239726217,0.9076799034695033,0.9057485514550025,0.9055413825596669,0.9056650676838834,0.9056495353830495,0.9057196126308172,0.9057988143639893,0.9057543793830174,0.9057711052217483,0.9016053997169444,0.9016205833120439,0.9015208636543987,0.9014830412724419,0.9015414781160395,0.9016679524050056,0.9016834875820445,0.9017512670665786,0.9020381235332259,0.9020495252577536,0.9021483546993616,0.8997011785172432,0.8995287707217042,0.8995318014676613,0.8995349785219013,0.899537246832251,0.8995532189903263,0.8995287347017722,0.8993888410430156,0.8993889949678512,0.8993820843900008,0.8993546778240522,0.8993653987194096,0.8919610493234693,0.8919610499786872,0.8919610529784143,0.8919610537001561,0.8919610545194253,0.8919610553178744,0.8919610561367215,0.8919610568927054,0.8919610577151964,0.8919610583569481,0.8919610603606944,0.8919610611566203,0.8919610619885558,0.8919610628182351,0.8919610634332245,0.891961064235136,0.8919610648873358,0.8919610792756439,0.8919610801995831,0.8919610811621038,0.8919610816401752,0.8919610825341742,0.8919610830704178,0.8919610841960464,0.8919610852542509,0.891961086129451,0.8919610870758663,0.8919610836571187,0.8919610846586692,0.891961085621935,0.8919610864611427,0.8919610872675082,0.8919610878596388,0.8919610886706766,0.8919610896322038,0.8919610905543112,0.8919610912834015,0.891961092286216,0.8919610932265732,0.891961096355952,0.891961097262084,0.8919610979801781,0.8919611039978625,0.8919611029422665,0.8919611039165344,0.8919611048497544,0.8919611058310456,0.891961106821063,0.891961107644697,0.8919611085912584,0.8919611097316371,0.8919611107822949,0.8919611118298976,0.8919611127933502,0.8919611108450604,0.8919610192885756,0.8919610193254328,0.8919610194116899
318,0.9042076281086232,0.9117768274423449,0.9133758213112473,0.9135508989877729,0.9159448046154173,0.9137967077111575,0.9245363373017436,0.9245499701128452,0.9244206650487492,0.9241835404881019,0.9241967872569726,0.9191270144181,0.9136327052752393,0.9133801388619459,0.9135555578467893,0.9135530097140346,0.9137049780181561,0.9136897451361278,0.9136853968825357,0.9137118490333025,0.9068076934473293,0.9068092091331559,0.9067749741297332,0.90676622578252,0.9068190698969235,0.906926709926863,0.906936044086805,0.906990172198397,0.9072380819570398,0.9072767346906384,0.907360074369067,0.9070202602557252,0.9069366467497921,0.9069395260466948,0.9069452624414697,0.9069381011180353,0.9069731353027126,0.906970635923579,0.9054207280967685,0.905416309699038,0.9054042417439468,0.9053808348674405,0.9053831690024683,0.9038474367471138,0.9038427144999142,0.9048043618828012,0.9048004093554993,0.9048083303977122,0.9048201629852672,0.9048095980330998,0.9047540634002214,0.9047635534211729,0.9047684957431099,0.9047503564354482,0.9047561894546017,0.9047532675983232,0.9047592826103177,0.904759523471448,0.9047662304174173,0.9047597215112115,0.9045530536746007,0.9045531342749578,0.9045592038612449,0.904545940566149,0.9045388683809341,0.9045125749339715,0.9045281080853026,0.9045597392537852,0.9045489408771308,0.9045452457984051,0.9020026402500697,0.9020069685707788,0.9020063088291848,0.9020206032898178,0.9020181069716325,0.9020146062103197,0.9020139611918508,0.9020166811412235,0.9020167126069578,0.9020114906145378,0.9020159804848294,0.9020199110905576,0.9020243586716106,0.9020306564728247,0.9020321933324513,0.9020550401450985,0.9020322709920967,0.9020315900449837,0.90203031518981,0.902030434795288,0.9020296443714074,0.9020332539639517,0.902032287813834,0.9020382014078587,0.9020406192488251,0.902044678666277,0.902045979469688,0.9019177778752708,0.9017997887467418,0.9017942822816832,0.9017933550474854
319,0.8822148418871704,0.8991489968301916,0.9042431199767527,0.910064095414673,0.917673820333978,0.9150330811303675,0.9337002675918411,0.9337502721120964,0.9336010922784178,0.9331660224955798,0.9330311562421073,0.9295545982269376,0.92244692424012,0.922323468380922,0.9224798906596029,0.922464374794099,0.9226272025145144,0.9226704859708377,0.9226337970103191,0.9226616194643061,0.9175659711564561,0.9175668345097212,0.9175398281794983,0.9175762455115479,0.9176189497494598,0.9176935959680557,0.9176970473154694,0.9177321296313556,0.9178701457572626,0.9179303375889274,0.9179678148913737,0.9178957087449489,0.9178393170186604,0.9178403096829907,0.9178424999265802,0.9178274828382876,0.9178407862803666,0.9178346137949902,0.9143724095046413,0.9143699698589269,0.9143601373868285,0.9143237677087055,0.9143250821192779,0.913649570295958,0.9136456393747985,0.9147726148585585,0.9147674488715273,0.9147750311639171,0.9147899244204036,0.9147734880186664,0.9147030566335396,0.9147152035765987,0.9147216867463427,0.9146991097538862,0.91470629944428,0.9147025305074296,0.9147100809538865,0.9147103430168472,0.9147189060164882,0.9147100198253402,0.9145317147346016,0.9145316220662059,0.9145396906232842,0.9145312742721131,0.9145219416304936,0.9144870841323369,0.9145076007171927,0.9145158386983627,0.9145002898666024,0.9144949156458447,0.9092433323004173,0.9092433328608681,0.9092433335335306,0.9092433344851372,0.9092433353586361,0.9092433357544981,0.9092433363234689,0.9092433370332296,0.9092433376924468,0.9092433381911126,0.9092433389460189,0.9092433396527018,0.9092433302738478,0.9092433307745738,0.9092433313340387,0.9092433316878533,0.9092433312011841,0.9092433317388016,0.9092433323186847,0.9092433328594111,0.9092433334027532,0.9092433338397247,0.9092433343626194,0.9092433349672492,0.9092433355334383,0.9092433361081121,0.9092433366291048,0.9092433346285456,0.9092433340368332,0.9092433342959502,0.909243334796146
320,0.8488764506839724,0.8832403650934655,0.8934225413899617,0.9047496542335466,0.9142878451393268,0.9110473894177148,0.9393732766907611,0.9396173099910474,0.9390455117299962,0.9372569020871957,0.9367633520111525,0.9351204582587432,0.9246281350161834,0.9258572988836532,0.9259398815582487,0.9259415275110475,0.9260687478640243,0.9260262068089995,0.926039108789206,0.9260350971448341,0.9242334780633801,0.9242352374023803,0.9242426153570072,0.9244006511374535,0.9243756215804043,0.9242883578371007,0.9242697713947726,0.9242157006529765,0.9239882876715272,0.9239612747866767,0.9238850599205428,0.9239418598132542,0.92392426491528,0.9239199550897147,0.9239105732053133,0.923925349564329,0.9238677193152863,0.9238474624969475,0.9143109208596725,0.914310921848709,0.9143109228742705,0.9143109225660192,0.9143109218456996,0.9143109222018906,0.9143109228468418,0.9143109260039795,0.9143109267611363,0.9143109276784133,0.914310928748388,0.9143109300116246,0.9143109300993917,0.9143109311566462,0.9143109319920986,0.9143109326849197,0.914310933657756,0.9143109345363479,0.9143109355341641,0.9143109362206184,0.914310937218898,0.9143109377857542,0.914310937494513,0.9143109382884892,0.9143109391760649,0.9143109399421071,0.9143109406655785,0.9143109408664598,0.9143109419477091,0.9143109205287392,0.9143109208792726,0.9143109213657816,0.9143109033292344,0.9143109039443129,0.9143109042756227,0.9143109048035698,0.9143109048384515,0.9143109049810755,0.914310905260089,0.9143109056663864,0.9143109059984972,0.9143109061787661,0.914310906641235,0.9143109070710022,0.9143108978239037,0.9143108983133265,0.9143108986006023,0.9143108987305253,0.9143108973963653,0.9143108975797588,0.9143108981166244,0.9143108983438083,0.9143108985318575,0.914310898884252,0.9143108990584419,0.9143108996049313,0.9143108999769664,0.9143109003629273,0.914310900642611,0.9143109001905623,0.9143109007742616,0.9143109006330108,0.9143109008067167
321,0.8468407821189938,0.8802006990905896,0.8942406874300737,0.9054185276650615,0.9157859996530755,0.9127386427597773,0.9415128769613698,0.9417048517211506,0.9412856091402222,0.93986395363187,0.9395125010888498,0.938818800841695,0.9298437327828907,0.9337212006146627,0.9337390925334362,0.9337608042215072,0.9337199418014033,0.933580651137652,0.9336378714056683,0.9336122289476589,0.9331543403948582,0.9331529193620302,0.9331749836204851,0.9333867529796256,0.9333291077917402,0.933183006191496,0.9331579236475985,0.9330734877360434,0.9327485506288067,0.9324722026529189,0.9323925632035839,0.9324278615873838,0.932418298660653,0.9324134356929801,0.9324031455938604,0.932434100753238,0.9323740289239014,0.9323549816400253,0.9276270354470538,0.9276396469884106,0.9276600832719073,0.9275730147394138,0.9275728012405283,0.927607958175574,0.9275965961947233,0.9274510357079022,0.9274438670459431,0.927433391749463,0.9274448200311075,0.9275415345519122,0.92748891062413,0.9274963067735694,0.9275017569719197,0.9274914946580081,0.9274959365118082,0.9274929643615559,0.927498246159099,0.9274984113814283,0.9275048270621197,0.9274876123839148,0.927457466099949,0.9274568289191863,0.9274625524573581,0.9274580920934904,0.9274506861719212,0.9274210537737005,0.9274269146032499,0.9248664999063009,0.924866857990708,0.924866566661187,0.9249880460778892,0.925187025629274,0.9251864236819191,0.9251856145577384,0.9251436017903142,0.9251439140645286,0.9251436408672277,0.9251432482455392,0.9251427580176358,0.9251417128386601,0.9251412380028262,0.9251408011744937,0.925152266051996,0.9251538308853703,0.9251536233588046,0.9251534858039987,0.9251530310869986,0.9251528259794132,0.9251722673972254,0.9251722551719547,0.9251717518240437,0.9251709259800901,0.9251705771353502,0.9251704224358861,0.9251703897133603,0.9251712264526819,0.9251706191931489,0.9251662513000505,0.9251587298041621,0.9251584945289056,0.9251580534391602
322,0.8497890814550731,0.8785795829623054,0.8950637977208958,0.9035241518441824,0.9115601023763418,0.9089267731823497,0.9303756293067078,0.93052526901635,0.9302810503694362,0.9292724296216561,0.9290545461814377,0.9286988551102021,0.9209053580097587,0.9263679668097676,0.9263441246824445,0.9263836635882091,0.9261406746397024,0.9259020803082335,0.9260031439243537,0.9259599663016201,0.9258937505153004,0.9258895091561867,0.92592590751408,0.9261505307449389,0.9260712895148614,0.9258829976065364,0.9258529913366181,0.9257483286831865,0.9253394692179367,0.9246721222388512,0.9245853617178715,0.9246117462563422,0.9246089256474495,0.9246034233742993,0.9245920858950031,0.9246281678328252,0.9245631296948698,0.9245444717367927,0.9224744156803757,0.9224862684748816,0.9225038404554723,0.9224313532986613,0.9224282885498772,0.9224482134133462,0.9224424911314837,0.9223245286926541,0.922315559777981,0.9223049416920598,0.9223162605918485,0.922510338316243,0.9224647703645696,0.9224707088088817,0.9224753833248074,0.9224657214763563,0.9224695325980868,0.9224668274728393,0.9224712909035508,0.9224714008144052,0.9224769488179003,0.9224704757649513,0.9224448561597905,0.9224440531884576,0.9224487536620969,0.9224448951261481,0.9224384925532969,0.9224122006452415,0.9224027707357908,0.9214457871335086,0.9214436161359337,0.9214424521973469,0.9215123709371252,0.9225560665235883,0.9225551822295102,0.9225551517048242,0.9225151715380825,0.9225147871772189,0.9225143986246198,0.9225144942794631,0.9225138401309012,0.9225119221091863,0.9225123239022455,0.9225126217311977,0.9225225183705871,0.9225256581820467,0.922525601569765,0.9225255644047317,0.9225201546901326,0.9225197521623365,0.9225468719644171,0.9225468802926522,0.9225460975191154,0.9225457710512547,0.9225452045324829,0.9225462125963277,0.9225466901177002,0.9225480791665833,0.9225475108080263,0.9225452542009,0.9225371310430788,0.9225359933169319,0.9225353068632931
323,0.8503238360784925,0.8780261327496559,0.8975599917925892,0.9024410006634248,0.9078772559276441,0.9061685081696607,0.9189972651804696,0.919036180926445,0.9190302082951121,0.9187440965611625,0.9187172590098635,0.9186200981570487,0.9140049285774934,0.9188529426724167,0.9188263261196042,0.9188644676039408,0.9185973023692271,0.9183745732223013,0.9184696521568483,0.9184321357732332,0.9184890271394864,0.9184882743977553,0.9185246268241544,0.918709843501181,0.9186354687882767,0.918483104466188,0.9184608622545951,0.9183799031129769,0.9180504977063242,0.9172291658306851,0.9171610908720594,0.9171848220746496,0.9171864658655953,0.9171835993673867,0.9171768180697182,0.9172057453327883,0.9171558578733687,0.9171430397131629,0.9165783082773926,0.9165883282683368,0.9166012331011062,0.9165363798978644,0.9165412111221735,0.9165522522065152,0.916555941226174,0.9164914224631825,0.9164864739458755,0.9164788958615556,0.9164889999181324,0.9166489328100556,0.9166160063320529,0.9166223340123211,0.9166256352539155,0.916620763636232,0.9166238832311582,0.9166225255019493,0.9166262459370756,0.9166264612171252,0.9166303760912742,0.9166931555074298,0.9166761810798288,0.9166768587177541,0.9166806979063032,0.9166782586288789,0.9166738237835818,0.9166589029774889,0.9166220548718599,0.9165756560452468,0.9165706151521905,0.9165693433483497,0.9165900971360357,0.92034915851871,0.920349158024484,0.9203491575721645,0.9203491568306482,0.9203491564814793,0.9203491560586508,0.9203491555986753,0.9203491551213621,0.9203491546578872,0.9203491541871079,0.9203491537549825,0.9203491535599807,0.9203491532435523,0.9203491527953612,0.9203491523240999,0.9203491523643825,0.9203491518892086,0.9203491515574038,0.9203491510933751,0.9203491506182773,0.9203491503028665,0.9203491498340921,0.9203491494191216,0.9203491489765455,0.9203491485723071,0.9203491481581711,0.9203491477202721,0.9203491475343916,0.9203491471804418,0.9203491467068085
324,0.7652133577617097,0.7001758540104878,0.7015643796795641,0.748997061173585,0.8338230836735928,0.8339206136438796,0.8363257350539733,0.8357584215710855,0.8369894718889658,0.841423443089788,0.8615317440393087,0.8615317390940013,0.8615317384539322,0.861531736548749,0.8615317349645967,0.8615317330447989,0.8615317312532562,0.8615317319440826,0.8615317293985846,0.8615317280431402,0.861531727149165,0.8615317308113937,0.8615317163769528,0.8615317139031016,0.8615317193894547,0.8615317199331967,0.8615317195373101,0.861531719231373,0.8615317247267593,0.861531723517365,0.861531724010201,0.861531717780296,0.8615317157924673,0.8615317143934792,0.8615317131547134,0.8615317112884635,0.8615317111114664,0.8615317237721832,0.8615317226202117,0.8615317214129506,0.8615317200733121,0.8615317192464207,0.8615317195998516,0.861531719497264,0.861531718941654,0.8615317185121115,0.861531717698162,0.8615317169175399,0.8615317157997929,0.8615317149292735,0.8615317153028341,0.8615317140843546,0.8615317133254202,0.8615316961069239,0.8615316941560038,0.8615316929794383,0.861531691497927,0.8615316905436595,0.8615316891545248,0.8615316881214616,0.8615316861234973,0.8615316848978354,0.8615316835948159,0.8615316807788236,0.8615316798332756,0.8615316796885714,0.8615316779340646,0.8615316768848227,0.8615316760224214,0.8615316748771279,0.8615316740347286,0.8615316726145313,0.861531671333963,0.861531669853893,0.8615316684490643,0.8615316677804377,0.8615316666856458,0.8615316653470468,0.8615316641287402,0.8615316649714769,0.8615316635486396,0.8615316622048123,0.8615316609740569,0.861531659618787,0.8615316577661203,0.8615316565156174,0.861531658904966,0.8615316577594889,0.8615316567160463,0.8615316555356239,0.8615316543442069,0.8615316531485413,0.8615316521668605,0.8615316504508342,0.8615316490445296,0.8615316487218542,0.8615316474706387,0.8615316462461744,0.8615316473594032,0.8615316470157983,0.8615316458784774
325,0.7918737494985894,0.7274075253294533,0.7309033047197928,0.8084377053099616,0.8575096097080089,0.8575277438130502,0.858830372232339,0.8584652327535296,0.859023256899018,0.8619765902159418,0.8737135907218437,0.8705211500295439,0.8706440955531012,0.8706003243386284,0.8706236116217195,0.8706007853636148,0.8705908625608911,0.8707689088183552,0.8707027130827119,0.8707405027051741,0.870770473136475,0.8708330732324082,0.8680181635457701,0.8679462254208762,0.8680269256996834,0.8682266509236124,0.8683207602272958,0.8684164180860571,0.8687683898147018,0.8687760586578012,0.8688834080521676,0.8658270670098017,0.8658322985728657,0.8658409991063619,0.8658505100544328,0.8658348589073406,0.8658807025052749,0.8659830200655568,0.865960093496796,0.8659449696213506,0.8659255614882959,0.8659406823282324,0.8659707254801493,0.8661240176683236,0.8661410360907061,0.8661700689114312,0.8661756220554392,0.8661921573675675,0.8661972484760035,0.8662052191733425,0.8662644405170637,0.8662569339250473,0.8662416536301044,0.8623206951859147,0.8623088214869431,0.8623146788570321,0.8623045609722545,0.8623044052181578,0.8622908619666506,0.8622937766637266,0.8622626617051434,0.8622646987938347,0.8622489611679374,0.8621074347642456,0.862124769384122,0.8621891716508082,0.8621498604552645,0.8621627749373387,0.8621866900393612,0.8621951648159836,0.8622080691536343,0.8621933847033072,0.8621957805190643,0.862177765165341,0.862169821928231,0.862181001653239,0.8621825255482751,0.8621738014953024,0.8621735490573993,0.8621858543809603,0.8621715133923147,0.8621590174186556,0.8621566740325334,0.8621288964221763,0.862112587486623,0.8621083733309524,0.8622257567884457,0.8622292420067421,0.8622359920239012,0.8622354695788086,0.8622390196483273,0.8622210161821545,0.8622238584721783,0.8621952178256208,0.8621822137341975,0.8621777905382233,0.8621720531203713,0.8621659835428116,0.8622528628605717,0.8622770625453898,0.8622813461938622
326,0.8153232648273728,0.7626558231057188,0.7660913150964952,0.8844405611297422,0.8971616907896969,0.8970490492638086,0.8970075630827717,0.8969071497534552,0.8968633878317066,0.8976627000683988,0.9026533337060357,0.8986748184416642,0.8987255131141331,0.8986733505703172,0.8987002949705762,0.8986812793413818,0.8986733027606812,0.8988222864277023,0.8987656195331664,0.8987848037398056,0.8986566677072895,0.8987044057938832,0.8971130520281744,0.8970728248201728,0.8971236511494164,0.8972485524147904,0.8973129486276271,0.8973720204822347,0.8975882541349414,0.897592424486122,0.8976583833444886,0.89267390298449,0.8926586206573268,0.892664924101411,0.8926733530855789,0.8926567937063984,0.8927012498196739,0.8926590571550425,0.8926392600145654,0.8926288797884991,0.8926130508565913,0.8926244583919168,0.8926401946302327,0.8926816299507666,0.8926938336528368,0.8927030104541963,0.8927069187742575,0.8927179890596226,0.8927163903829606,0.8927221878220496,0.8927678555219065,0.8927614426641505,0.8927514331446433,0.8911032462791022,0.8910965450230816,0.891099908987988,0.8910947751674798,0.8910948485860118,0.8910873860513188,0.8910884324842513,0.8918329442133954,0.8918348394312434,0.8918211331467738,0.8917118946514797,0.8917264117208339,0.8917808416167688,0.8917475677532498,0.8917578349685171,0.8917781200002642,0.8917854818723614,0.8917923615792086,0.8917801020642823,0.8917821950675193,0.8917674897198472,0.8917609396893492,0.8917703729668159,0.8917716660009757,0.8917642830509792,0.8917640593424879,0.8917826347468762,0.8917704621269474,0.8917599030119647,0.8917577306203454,0.8917340481054309,0.8917271690921106,0.8917197733330376,0.8918202059349056,0.8918231923657821,0.8918289247051656,0.8918284771372483,0.8918315239165217,0.8918161906613234,0.891818534108017,0.8917941490833071,0.891783097263631,0.8917286667645874,0.8917238892467794,0.8917178830258297,0.8917924106046209,0.891809415607611,0.8918124917828681
327,0.8505410289830604,0.8092418355435157,0.8130935493033948,0.9198164920284315,0.9182826125125435,0.9179435074335558,0.9171534649151083,0.9171528961582258,0.9168931630415734,0.9168225952607996,0.9179111160314876,0.9117040103847364,0.9115690505420254,0.9114594646612642,0.9115120126772202,0.9114705929443724,0.9114645465807404,0.9117113769455,0.9115917861829679,0.9116127388341317,0.9107690692722288,0.9108023565631016,0.9100660257940947,0.9100009825819458,0.9100797564306244,0.9102650846904853,0.9103085266584063,0.910399634150054,0.9107524862145854,0.910759859578841,0.9108693413612015,0.9048725191632588,0.9047630904190898,0.9047690740344174,0.9047793077640434,0.9047589304858631,0.9048158905926361,0.9047885374489444,0.9047963807517266,0.9047878040170672,0.9047688930770401,0.9047739494710028,0.9047833776759217,0.9032908642909646,0.90330858145332,0.9032439432907079,0.9032489206426767,0.9032646225778893,0.9032514606106051,0.9032592942762674,0.903327106141085,0.9033163727865009,0.9033063093837028,0.9034379649204224,0.9034355085899543,0.9034387337861361,0.9034344358317277,0.9034345929090675,0.9034277788628975,0.9034288012603229,0.9086915434273487,0.9086932049538654,0.9086995827809883,0.9086159332023779,0.9086088561492436,0.9085842168272719,0.9085996282401394,0.908594140162324,0.9085848640914403,0.9085824923220451,0.9085933344551671,0.9085996260809736,0.9085993423486445,0.9086092094039044,0.9086125284673701,0.9086080430811765,0.9086079202870497,0.9086113627965264,0.9086114517478544,0.9086000377224364,0.9086056565788377,0.9086106765352832,0.9086163034694243,0.9086266551835291,0.9086256967499777,0.908644133841044,0.9086005802964164,0.9085994584142134,0.9085967685649782,0.9085970244875399,0.9085962684636932,0.9086034422387249,0.9086011340570607,0.9086128626019973,0.9086180296945409,0.9086248233183142,0.9086277245650024,0.9086082271959223,0.9058240440742125,0.9057944942295937,0.9057899786499704
328,0.8884560921394669,0.8672790000422669,0.8723899447363335,0.9294619999377809,0.9371441233909387,0.9367454033666291,0.9365303317872988,0.9364602611906182,0.9365308006718348,0.937037043042521,0.9373310455870429,0.9329771063766865,0.9325179357385965,0.9323723269295555,0.9324311132874434,0.9323796461328708,0.9323836300328412,0.932650551156049,0.9325018211618218,0.9325372696555322,0.9309938788849504,0.9310018207288995,0.9308411199310279,0.9307379945445419,0.9308551049576321,0.9311290537018688,0.9311686337796233,0.9313082290149526,0.9318792464667238,0.931891340781263,0.9320772108627783,0.92948344019752,0.92935010650725,0.9293580401807591,0.929375120569827,0.9293384617480739,0.9294386036774873,0.9294322519340179,0.9293930434664869,0.9293746045942768,0.9293401624548189,0.9293471646164218,0.9293510099105219,0.9262912411009958,0.9263295991711934,0.9263244145119597,0.9263344085107669,0.9263654383316448,0.9263341516415401,0.9263503507185537,0.9265004572834346,0.926475070379391,0.9264573246233327,0.9266357382802931,0.9266241380440924,0.9266317608278283,0.9266172281272422,0.9266167368733618,0.9265987209979047,0.9266013235840612,0.9310326931704787,0.9310337472696735,0.9310234679468187,0.9310049899599949,0.9310163387268913,0.9310580109611296,0.931032338770355,0.9310436959470817,0.93105927078583,0.9310646586918743,0.9310570620810504,0.9310479565249521,0.9310493544390596,0.93104390115053,0.9310381950709643,0.9310452942722531,0.9310460825639348,0.9310405379795066,0.9310403279527035,0.9310442323922572,0.9310350610231617,0.931027066290763,0.931039834869788,0.931022038873712,0.9310164443933617,0.9310083072202108,0.9310827161864758,0.9310848363962949,0.9310890170304045,0.9310886819637021,0.9310907697701081,0.9310795296256641,0.9310814010674215,0.9310634619454352,0.9310553627508336,0.9310501559723338,0.9310464813742023,0.9310127666368161,0.9135126124681858,0.9135126145342929,0.9135126172616472
329,0.9167465414920333,0.9173939431205621,0.9200110366462572,0.9358022165436424,0.9371693832893764,0.9364088585168738,0.9383479391900399,0.9383195348468443,0.938286735415788,0.9384807227512585,0.938643261179125,0.934476048645727,0.9328649812106787,0.9326699283526931,0.9327548603861171,0.9327330764387046,0.9327832800622029,0.9328923544824962,0.9328303812228748,0.9328508447712183,0.9297995464375638,0.9298070490569122,0.9297278718831548,0.9296758862774128,0.9297546640320018,0.9299224000730967,0.9299406624574762,0.9300291401240093,0.9304245750470701,0.9304390527662035,0.9305768129900523,0.9291888959658529,0.9290709198280886,0.9290761283727864,0.9290852842409068,0.9290735601786022,0.9291279687209395,0.9291183490327612,0.928752724390456,0.9287441709740838,0.9287256561111396,0.9287169789270936,0.9287229715034265,0.9249589038614634,0.9249660289327073,0.9256544970456287,0.9256565661406243,0.925668615863705,0.9256620972486798,0.9256651618332096,0.9256981631925089,0.9256923912051267,0.9256869500664683,0.9257154672406045,0.9257145741139804,0.9257162951516306,0.9257134031295912,0.9257134504559505,0.9257092800705008,0.9257065093744139,0.9263955818258315,0.9263963532592719,0.926391161269281,0.9263794665895,0.9263850682123287,0.9264059271745323,0.926392741844927,0.9264068095083371,0.9264146433413153,0.9264173771020168,0.9260057829983449,0.9260012893851552,0.926001997096595,0.9260030535808629,0.9259970213479558,0.9260009366691029,0.9260013336883063,0.9259982121270846,0.9259980421809516,0.9259975622699084,0.9259923645977269,0.9259879167195415,0.9260547100187021,0.9260447787317456,0.9260438489670354,0.9260262520542888,0.9260688694057183,0.9260700347541767,0.926072197988352,0.9260720124122009,0.9260730587999322,0.9260667373851998,0.9260674302135679,0.9260574602527499,0.9260528749578476,0.926052677942001,0.9260505460341043,0.925999227779964,0.9212774926224995,0.9212667794313644,0.9212649930573676
330,0.899840168953976,0.9137807513652151,0.9188575617891745,0.9268732839162173,0.9380241140859752,0.9362802489059379,0.9525922249222485,0.9525340396840372,0.9526731836703426,0.9531267077565199,0.9532205750529541,0.9509640565710636,0.9480275072876901,0.947760595923293,0.9478551284655237,0.947815761757596,0.9479001058400027,0.9480792855138234,0.9479690998318079,0.9480114642171544,0.9447441806861013,0.944740455991344,0.9446783086027172,0.9446157498031041,0.9447243706081686,0.9449707276962549,0.9449992813358322,0.9451246587439145,0.945663290347845,0.9457031919490394,0.945882202646217,0.9456092761267797,0.9455269612992017,0.9455343943931245,0.9455514173253469,0.945517578880395,0.945619486266906,0.9456319325046871,0.9441734545897401,0.9441481696627073,0.9441042506275431,0.9441034724918584,0.9441014887091567,0.9427320199713345,0.942752852362614,0.9459789663879308,0.9459777743931213,0.9459837103142427,0.9459862299111929,0.9459823885158192,0.9459709923788026,0.9459725892576543,0.9459721608775593,0.945956839065118,0.9459595157494878,0.9459587651187645,0.9459603407678059,0.9459604852293358,0.9459618386571133,0.9459551406266647,0.9457863010049548,0.9457865331477847,0.9457868241060907,0.9457814526652746,0.9457808996126396,0.9457785658464022,0.9457792061641129,0.9457780130759813,0.9457763064216804,0.9457756559136982,0.9443911614051284,0.9443888548823192,0.9443889534094668,0.9443906924084275,0.9443831971057474,0.9443848714146096,0.9443849689552322,0.9443835825017897,0.9443834212071329,0.9443814448479723,0.9443791336166801,0.9443771849274565,0.9444978448407869,0.9444935570919234,0.9444933631745979,0.9444910904558899,0.9445108366298948,0.9445112734352356,0.9445117632050721,0.9445116825193188,0.9445119190681472,0.9445091030963213,0.944509107797845,0.9445048048611461,0.9445027653100398,0.9445042036019883,0.9445030512286023,0.9444559308853169,0.9439890627058612,0.9439853936469037,0.9439846310707292
331,0.8740208347845734,0.899757771121414,0.908073738625222,0.9210147907678018,0.9371457295074719,0.9348420074887764,0.9631908959328317,0.9631341693793705,0.963298865011162,0.9637531720314898,0.9638286482073739,0.9624489421066026,0.9594035082913234,0.9591841001660794,0.9592606951921397,0.9592117398337995,0.9592892483857606,0.9595117466167459,0.9593756099036902,0.9594240796637811,0.9571157277495814,0.957108833602557,0.9570520003802258,0.9569990516266909,0.9571072234809976,0.9573559386348974,0.9573859152539004,0.957510452158601,0.9580286003050158,0.9580706733343687,0.9582376529359392,0.958162555600676,0.9581006807123676,0.9581077133733934,0.9581251014758279,0.95808514727451,0.9581895556476487,0.958206263260066,0.9561448699339928,0.9561134989629246,0.9560608281488726,0.9560664863360592,0.9560604626811569,0.9554499140198166,0.9554837770553285,0.9586044195469209,0.9586058060801061,0.9586167284444294,0.9586101213530153,0.9586093970778392,0.9586398668702388,0.9586342802243301,0.9586297442175985,0.958623856016459,0.9586224404072466,0.9586237312929964,0.958620823937416,0.958620720653846,0.9586170204599286,0.958610651478149,0.9585164421926907,0.9585164970737854,0.9585125010168235,0.9585136251096595,0.9585177574375606,0.9585319833758943,0.9585221948011136,0.9584353564227444,0.958438656827375,0.9584395548236648,0.9570573439356275,0.9570484062794151,0.9570487925882604,0.9570442464875903,0.9570357490121807,0.9570395799718814,0.9570398959415122,0.9570368377988804,0.95703659350612,0.9570382746380824,0.9570332426823708,0.9570288714729875,0.9571342214175553,0.9571248665419833,0.9571230198720575,0.9571209736556746,0.9571618810443678,0.9571629053537456,0.9571644974255936,0.9571643070596817,0.957165094423655,0.9571588342960766,0.9571596837922898,0.9571499280766134,0.9571455068344693,0.9571430509663988,0.957140672405146,0.9571225089829569,0.9571071273585987,0.9571137500358402,0.9571146309381148
332,0.8511632172473038,0.8843144100943208,0.8979333939092087,0.9118023081296706,0.9271935835166345,0.9242564523760961,0.9636344439339025,0.9637132024456583,0.963489408343714,0.962757806998945,0.9625644352136281,0.9620034191978382,0.9568675948700354,0.9592986034829036,0.9593322907916408,0.9593368648926747,0.9593949776020074,0.9593541123600314,0.9593685785197602,0.9593619329437415,0.9587245276593587,0.9587260598247506,0.9587316299736157,0.9588650264646955,0.9588375194132268,0.9587641042254852,0.9587499346426082,0.9587054013588612,0.9585249412281647,0.9584966974650951,0.9584409497924083,0.9584714286166772,0.9584610761907195,0.9584584542964879,0.9584516480670557,0.9584718391790834,0.9584295878502791,0.9584148980270701,0.9541268947553571,0.954133134688581,0.9541430746374389,0.9541077164582705,0.9541109932476053,0.9541059305351415,0.9540997134479346,0.9541224602813455,0.9541196552565545,0.9541155346238936,0.9541213547397446,0.9541344090657525,0.9541065732102567,0.9541111955506976,0.9541136762081261,0.9541061606286138,0.9541090234691378,0.954107627313169,0.954110740487032,0.9541109373963865,0.9541143193376121,0.9541063187139877,0.9540663285879651,0.9540665463862937,0.9540696340237674,0.9540673097694915,0.9540632991567979,0.9540476859695565,0.954053009513002,0.9502990090585787,0.9502931156374281,0.9502911033595134,0.9500422863715843,0.9500263823462873,0.9500256008025926,0.9500318972707952,0.9500312404029114,0.9500274576543511,0.9500269690140294,0.9500298847253111,0.9500298963802187,0.9500249358530484,0.9500297721623415,0.9500340016498762,0.9500946428116919,0.9501040105985473,0.9501058947241092,0.9501054374468096,0.9500672845652754,0.9500661544316624,0.9500633427793397,0.9500635331571659,0.9500624478562245,0.9500683338123381,0.9500669343526166,0.9500765909553595,0.9500808969289573,0.9500860696513741,0.9500880105031776,0.9500896826706923,0.9500954111660641,0.9500873748587213,0.9500859931791731
333,0.8519638287667468,0.8827799627289883,0.8977960491628584,0.9105546172082607,0.9250497998892359,0.9221689347069313,0.9580591094465222,0.9580870623799531,0.9580201575497677,0.9576645039193906,0.9575927144282547,0.9571986739888245,0.9516270564678393,0.9556798699024022,0.9557054001471257,0.9557065669496692,0.9557387563813019,0.955717439297164,0.9557171111035432,0.9557149021034158,0.9553522879346054,0.9553516319744897,0.9553533733346957,0.95549183140789,0.9554704566894086,0.9554249700184908,0.9554157575495268,0.9553855022345308,0.955262960221135,0.9551968145378386,0.9551659879994974,0.9551896781795597,0.9551784362160752,0.955177168423626,0.9551738018883339,0.9551877233844275,0.9551638521698443,0.9551545173756751,0.951258758735307,0.9512656074507132,0.9512764950250167,0.9512268559664752,0.9512313498539572,0.9512650074581621,0.9512608258088215,0.95115172572362,0.9511488143497078,0.9511444864606476,0.9511499411533776,0.9511819541135966,0.9511565196573022,0.9511608742455436,0.9511633733153989,0.9511590719376349,0.9511614917504874,0.9511603608289985,0.9511632378992073,0.9511634599861744,0.9511665199325022,0.9511586062479145,0.951133927812181,0.9511343530094871,0.9511369661327937,0.9511346584923571,0.9511310130758623,0.9511166875083894,0.9511189515339985,0.9449519285485127,0.9449519292723954,0.9449519300209368,0.9449519308316013,0.9449519318942469,0.9449519326955583,0.9449519335202436,0.9449519340060157,0.9449519345139501,0.9449519351840007,0.9449519359652022,0.9449519367264736,0.9449519374021709,0.9449519382097095,0.9449519389673946,0.9449519412260124,0.9449519419425608,0.9449519427166002,0.9449519434898208,0.9449519427677312,0.9449519435348948,0.9449519444176058,0.944951945186592,0.9449519459717404,0.944951946586718,0.9449519473417384,0.9449519481946647,0.944951949002077,0.9449519497634878,0.9449519505114842,0.9449519512407599,0.9449519517715798,0.9449519522111658,0.9449519529832179
334,0.8511477560571595,0.8816609840091091,0.9024554518806103,0.9098253554464172,0.9220288681182454,0.9201061987842919,0.9430971346669832,0.9428881456926501,0.943533907415754,0.9451521062271083,0.9456645120671165,0.945792336006669,0.94256275866375,0.9536082939383688,0.9536082932722494,0.9536082922500491,0.953608291803895,0.953608292176382,0.9536082908773762,0.9536082902095631,0.9536082902815154,0.9536082924428986,0.953608291698209,0.9536082907877877,0.9536082928107971,0.9536082930689769,0.9536082926300855,0.9536082925797713,0.9536082946899815,0.953608293880477,0.9536082940675528,0.9536082935590456,0.9536082929554859,0.9536082925201931,0.9536082921460226,0.9536082914942251,0.9536082915756822,0.9536082912392694,0.9536082835362791,0.9536082828679169,0.9536082821185828,0.9536082810311314,0.9536082817699331,0.9536082816220238,0.9536082813570272,0.9536082803011408,0.9536082798549257,0.953608279349321,0.9536082786593398,0.9536082787240239,0.9536082787522356,0.9536082780996125,0.9536082775464412,0.9536082771783264,0.9536082765601195,0.9536082760210624,0.9536082753912076,0.9536082749549247,0.9536082742973979,0.9536082749429285,0.9536082748213742,0.9536082743748333,0.9536082738211107,0.9536082733423094,0.9536082728993414,0.9536082729408761,0.9536082719031089,0.9536082528725308,0.9536082522178925,0.9536082515137174,0.9536082523183432,0.9536082649861513,0.9536082644161672,0.9536082637307126,0.9536082628687215,0.9536082625112742,0.9536082619995437,0.9536082613601342,0.953608260786151,0.9536082603696651,0.9536082596834157,0.9536082590445034,0.9536082587999486,0.9536082581180237,0.9536082575197765,0.9536082569117267,0.9536082578068868,0.9536082572506284,0.953608256955968,0.9536082563725654,0.953608255849444,0.9536082553638937,0.953608254831454,0.9536082540913898,0.9536082534338973,0.9536082527689679,0.9536082522624852,0.9536082516370435,0.9536082519586007,0.9536082517225896,0.9536082512010902
335,0.8422015241994503,0.7823598959303822,0.7863017777705471,0.9355276642517208,0.9355277224978404,0.9355277245924819,0.9355277230610836,0.9355277183131494,0.9355277157980691,0.9355277254334905,0.9355277389719664,0.93552772964,0.9355277283255318,0.9355277256089949,0.9355277231345075,0.9355277203099869,0.9355277176576742,0.9355277174006865,0.9355277142488396,0.9355277117544037,0.9355277092287294,0.9355277155774617,0.9355277119594285,0.935527709428488,0.9355277157222803,0.9355277149903821,0.9355277135607101,0.9355277123670085,0.9355277159443126,0.9355277142407733,0.9355277133733285,0.9355276955855749,0.9355276929836525,0.9355276908185471,0.935527688740919,0.9355276861910684,0.9355276850592316,0.9355276828835372,0.9355276811988392,0.9355276789748087,0.9355276766104315,0.9355276747111541,0.9355276761132841,0.9355276726620692,0.9355276711783337,0.9355276693325496,0.9355276675359971,0.9355276656469372,0.9355276633324716,0.9355276613448922,0.935527660719577,0.9355276583856049,0.9355276566601612,0.9355276514413746,0.9355276490412792,0.9355276469807947,0.9355276446661679,0.9355276430612957,0.9355276408103059,0.9355276390874138,0.9355276895694675,0.9355276883038377,0.935527686955866,0.9355276843000282,0.9355276832157958,0.9355276828350403,0.9355276811043246,0.9355276799863443,0.9355276789618724,0.9355276777182732,0.9355276770373149,0.9355276755647807,0.9355276742003619,0.9355276726979933,0.9355276712409998,0.9355276704726367,0.9355276693045566,0.9355276679086248,0.9355276666061939,0.9355276662836121,0.9355276648114006,0.9355276634221161,0.9355276621254741,0.9355276607930488,0.9355276594143581,0.935527657995334,0.9355276599416662,0.9355276586931547,0.9355276575298598,0.9355276562582568,0.9355276549745722,0.9355276537869175,0.9355276526300743,0.9355276509584421,0.9355276495147803,0.935527646771604,0.9355276454522782,0.935527644141632,0.9355276516543388,0.9355276512198756,0.9355276500345387
336,0.8707279460770758,0.8239370213973148,0.8284631642985955,0.9298792507032598,0.9366186291583075,0.9363920288134654,0.9363313087317363,0.9362505567379954,0.936388701516939,0.9370084130992417,0.937301817152179,0.9343420103996409,0.9344536190988069,0.9343669318405525,0.9344003684937877,0.9343416984812335,0.9343249626195963,0.9346287388178821,0.9344568083386163,0.9344971185299991,0.9340218122445945,0.9340264468898798,0.9338160889535179,0.9337034844101085,0.933815070757062,0.9341028141705141,0.9341530574713565,0.9342975340658083,0.9348737100077686,0.9348879924555518,0.935072503135429,0.9322357446264918,0.9321331840671823,0.932142702619579,0.9321670409348518,0.9321072738670788,0.9322504621602369,0.9322559701353481,0.9322883383896321,0.9322588729910208,0.9322085443390957,0.932230124724612,0.9322274834249854,0.9310589216775809,0.9311100110292392,0.9310910516564492,0.9311033196942207,0.9311386775783664,0.931099614591861,0.9311194166049294,0.9313058950636858,0.9312743421582442,0.9312541952395645,0.9314844189652435,0.9314686118461755,0.9314777275529504,0.9314596855362246,0.9314588169104873,0.9314372427754107,0.9314429975560939,0.9438071754132503,0.943807174089013,0.9438071726606594,0.9438071704032599,0.9438071691112274,0.9438071684432892,0.9438071666933002,0.9438071654107741,0.9438071641659721,0.9438071627924993,0.9438071621751117,0.9438071606249284,0.9438071591334731,0.9438071575907523,0.9438071560458678,0.9438071551266941,0.9438071538601818,0.943807152358474,0.9438071509171386,0.9438071496968821,0.9438071481297471,0.9438071466579866,0.9438071452964761,0.9438071439253327,0.9438071424503416,0.9438071409641685,0.9438071426239224,0.9438071412249518,0.9438071398854155,0.9438071384704596,0.9438071370527434,0.9438071358430293,0.9438071344697683,0.9438071327997489,0.9438071312677521,0.9438071297529538,0.9438071283705114,0.9438071266871932,0.9438070224394776,0.9438070209615815,0.9438070185526257
337,0.9101005778900391,0.8726468657704066,0.8780242006546408,0.9367182818577467,0.9466105317069471,0.9463534186213622,0.946374382368827,0.9462822206488924,0.9464847008290629,0.9471625876029023,0.947355826951779,0.944951485978374,0.9449792503466186,0.9448929089329978,0.9449278295395221,0.9448738906756153,0.9448646042175157,0.9451348275289272,0.9449756919025958,0.9450135151951725,0.9443289031327952,0.9443253536164495,0.9442752153246137,0.9441625677129107,0.9442711496207303,0.9445564952249759,0.9446033274780562,0.9447471991505603,0.9453260850214253,0.9453413208934001,0.9455281252671601,0.943773009199187,0.9436710106535218,0.9436789536743191,0.9437006412750695,0.9436483862220247,0.943776212978642,0.9437880697418848,0.9438339645262535,0.9438071883287971,0.9437616936173188,0.9437782588764796,0.94377410545719,0.9421201169811071,0.9421718743549777,0.9421307644621746,0.9421429822179306,0.9421793194189041,0.9421392934440111,0.9421591185492245,0.9423480704815757,0.9423158332434804,0.9422966326888852,0.9425158215032465,0.9424977072354623,0.9425071737135423,0.9424875618179718,0.9424864485813921,0.9424637146283792,0.9424699163404147,0.9483282126148009,0.9483281246167625,0.9483131531533177,0.9483028095352444,0.9483192383532164,0.9483785090287136,0.9483419006073275,0.9483602183706069,0.9483823036832005,0.9483893093714906,0.9484413083601115,0.9484268001985026,0.9484285277363471,0.948415831710872,0.9484076288075054,0.948418054647087,0.9484187219842313,0.9484107123580008,0.9484104596619024,0.9484257737737413,0.9484126415075997,0.9484010063371089,0.94840501002151,0.9483805788057261,0.9483739876185354,0.9483639005625261,0.9484664073431063,0.9484693732450459,0.9484755996644063,0.9484750883793179,0.948477953957255,0.9484615498880116,0.9484653893923298,0.9484392024538104,0.948427542194617,0.9484111819756859,0.9484057909808258,0.9483856163372545,0.9390227886694859,0.9390658414970785,0.9390728354032837
338,0.9606055375532584,0.9606055075637279,0.9606055055511142,0.9606056111991117,0.9606056549006353,0.9606056535725294,0.9606056788940457,0.9606056776520886,0.9606056781338667,0.9606056821097027,0.9606056823934571,0.9606056752974222,0.9606056725925577,0.9606056711389304,0.9606056705307542,0.9606056693915224,0.9606056686757203,0.9606056695135863,0.9606056678778957,0.9606056672427741,0.9606056578151903,0.9606056606879018,0.960605660024895,0.9606056584262636,0.9606056616570001,0.960605662588372,0.9606056620855788,0.9606056622940868,0.9606056666298519,0.960605666213956,0.9606056669431626,0.9606056616502858,0.9606056602980787,0.9606056596146781,0.9606056590233217,0.9606056579551064,0.9606056582063721,0.9606056576703536,0.960605655862296,0.960605654946007,0.9606056538594028,0.9606056532296616,0.9606056538044002,0.9606056393782042,0.9606056389216292,0.9606056526428879,0.960605652089659,0.9606056516185565,0.9606056506901756,0.9606056500974146,0.9606056506474847,0.9606056497570648,0.9606056490948478,0.9606056498548298,0.9606056490604872,0.9606056484654141,0.9606056476645297,0.9606056471614771,0.9606056463514142,0.9606056458923304,0.9606056728144099,0.9606056725862261,0.9606056721743511,0.9606056718150507,0.9606056717813236,0.9606056723535781,0.9606056716390363,0.9606056720223668,0.9606056720861162,0.9606056719522127,0.9606056721029608,0.9606056716346452,0.9606056714253542,0.9606056710233146,0.9606056706424155,0.9606056706432976,0.9606056704472022,0.9606056700930291,0.9606056698596266,0.9606056699647024,0.9606056695233525,0.9606056691136666,0.9606056693018649,0.9606056687347951,0.9606056684117474,0.960605667879172,0.9606056696472879,0.9606056694824662,0.9606056693817638,0.9606056691602708,0.9606056689986026,0.9606056685488886,0.9606056684146403,0.9606056677282383,0.9606056672980803,0.9606056667152011,0.9606056664141763,0.9606056656960026,0.9606055670045394,0.960605566432162,0.9606055652948761
339,0.8919019080666643,0.9100903406798914,0.9171650155633977,0.929599482777893,0.9459384583209013,0.9441906082456344,0.966183743119847,0.9660953351228552,0.966351019458894,0.9669998967650272,0.9671380876488628,0.966245243937861,0.9646681539667716,0.9644485707684294,0.9645105715152916,0.9644650950450275,0.9645241005315137,0.9647392763837707,0.9646063709379694,0.9646529828928685,0.9628756771380176,0.9628670384698866,0.9628359662702216,0.9627503542575215,0.9628542748091384,0.963130241792416,0.9631687383193744,0.9633080551679944,0.9638753788354123,0.9639199466750986,0.9641031740000789,0.9640812120522676,0.9640208941297252,0.9640292660496248,0.9640498849278749,0.9640066471142067,0.9641240018771738,0.9641478624391704,0.9632040317206977,0.9631720893976131,0.9631187101295802,0.9631287999262502,0.9631265450447623,0.9624952065483582,0.9625330585802264,0.9678987996800623,0.9678987992100601,0.9678987987921684,0.9678987981151699,0.9678987975685023,0.9678987976459045,0.9678987969828734,0.9678987964586121,0.9678987960493858,0.9678987954479961,0.9678987949232272,0.9678987943038347,0.9678987938859367,0.9678987932603877,0.9678987928176472,0.9678987903794856,0.9678987898659507,0.9678987892598825,0.9678987886904578,0.9678987882378147,0.9678987881604576,0.9678987873669765,0.9678987877962892,0.9678987873818204,0.9678987868826796,0.9678987744492057,0.9678987735493656,0.9678987728380277,0.9678987720157396,0.9678987711319313,0.9678987707485908,0.9678987701369378,0.9678987693534016,0.9678987686487326,0.9678987681470744,0.9678987672963808,0.9678987665007682,0.9678987674912827,0.9678987666861906,0.9678987659617933,0.9678987651671819,0.9678987666217705,0.9678987659814406,0.9678987653863437,0.9678987647145055,0.9678987640690859,0.9678987633835408,0.9678987627622055,0.9678987617880815,0.9678987609778638,0.967898760175336,0.9678987594858365,0.9678987582759697,0.967898759549267,0.9678987592902304,0.9678987586533113
340,0.873740569255623,0.8988688132827889,0.9087046422531221,0.9243835055146769,0.9439555125777543,0.9417080274190909,0.9753741290102148,0.9752949390799643,0.9755328520641006,0.9760982460844976,0.9762261484138972,0.975777144781204,0.9745218179706097,0.9743383480086062,0.9743875817451187,0.9743456378373164,0.9743989941679382,0.9745989296573995,0.9744748279927642,0.9745177976860709,0.9733404423951922,0.9733317519453619,0.9733159806014647,0.9732432241011985,0.9733260263741654,0.973565173247452,0.9736007840072118,0.9737208377972938,0.9741986223514145,0.974244202323908,0.9743963335654667,0.9744478360869901,0.97440224959104,0.9744095332149653,0.9744278367906322,0.9743893889691143,0.9744906635045903,0.9745141071469564,0.9735887236213095,0.9735583043127837,0.9735078495632322,0.9735188094018924,0.9735171076763591,0.9732344677728249,0.9732739090346073,0.9765514472555391,0.9765554437342607,0.9765670638138573,0.976555430202008,0.9765588713167562,0.9766143734488808,0.976605607801933,0.9766003750463644,0.9766172784911376,0.9766117337609961,0.9766148119800653,0.9766089747349075,0.9766087012791681,0.9766018387217414,0.976606386192903,0.9766228975572475,0.9766233386417686,0.9766164517386992,0.9766188808788621,0.9766263027096628,0.9766533293807934,0.9766369066017864,0.976685456569614,0.9766945709129756,0.9766977384908916,0.9763895847580105,0.9763767000096673,0.9763780587927244,0.9763696759621288,0.9763629583654395,0.9763687531679791,0.9763692604899359,0.9763648411695717,0.9763647709782223,0.976374075482435,0.9763668514958532,0.9763604290593503,0.9764011626442467,0.9763884055267384,0.9763853455719883,0.9763835895679778,0.9764367309085319,0.9764384401846665,0.9764417101012395,0.9764414432947706,0.9764434010421476,0.9764347074679159,0.9764370037336688,0.9764231195165988,0.9764169161302722,0.9764077132335572,0.9764053681146186,0.976399972795745,0.9765851384784218,0.9765981106281005,0.9766005410288595
341,0.8587842673024594,0.8891226948924627,0.9025830041366227,0.9190505659320466,0.9394017158801773,0.9367219285604834,0.9883063504022958,0.9883063467006251,0.9883063448011401,0.9883063516066499,0.9883063498063817,0.9883063470808132,0.9883063346943758,0.9883063402470499,0.9883063378719201,0.9883063349956626,0.988306332860192,0.9883063325702754,0.9883063294181195,0.9883063270231015,0.9883063210781536,0.98830632794787,0.9883063258765717,0.9883063235553284,0.988306329948207,0.9883063290708592,0.9883063272754951,0.9883063260275881,0.9883063296681499,0.9883063283279655,0.988306327441517,0.9883063263678112,0.9883063244065562,0.9883063226667113,0.9883063209660354,0.988306318978873,0.9883063179294309,0.9883063163469383,0.9883062995862641,0.9883062974308282,0.9883062951221756,0.988306293092414,0.988306294842521,0.9883062927740813,0.9883062913681093,0.9883063015742929,0.988306300069033,0.9883062984605773,0.9883062965133347,0.9883062947873938,0.9883062941563089,0.9883062922226671,0.9883062906735236,0.9883062893230726,0.9883062875010689,0.9883062858012771,0.9883062839496203,0.9883062826383168,0.9883062807876962,0.9883062795895523,0.9883062786880161,0.9883062771681289,0.9883062755023415,0.9883062739138989,0.9883062724264153,0.9883062717121704,0.9883062696711876,0.9883062482576387,0.9883062466096542,0.9883062448000546,0.9883062394631452,0.988306236703641,0.9883062346733027,0.9883062324870967,0.9883062303154799,0.9883062290556481,0.9883062273202871,0.9883062252464984,0.9883062232679533,0.9883062216774763,0.9883062195105531,0.9883062174760224,0.9883062166661191,0.9883062147746193,0.9883062127845235,0.9883062107740654,0.9883062130357243,0.9883062111296264,0.9883062092960331,0.9883062073576049,0.9883062054452358,0.98830620379176,0.9883062019357083,0.9883061996346457,0.9883061975299341,0.9883061954507592,0.9883061935916633,0.9883061916285617,0.9883061941598142,0.9883061932348047,0.9883061913836724
