Index,Iter_0,Iter_1,Iter_2,Iter_3,Iter_4,Iter_5,Iter_6,Iter_7,Iter_8,Iter_9,Iter_10,Iter_11,Iter_12,Iter_13,Iter_14,Iter_15,Iter_16,Iter_17,Iter_18,Iter_19,Iter_20,Iter_21,Iter_22,Iter_23,Iter_24,Iter_25,Iter_26,Iter_27,Iter_28,Iter_29,Iter_30,Iter_31,Iter_32,Iter_33,Iter_34,Iter_35,Iter_36,Iter_37,Iter_38,Iter_39,Iter_40,Iter_41,Iter_42,Iter_43,Iter_44,Iter_45,Iter_46,Iter_47,Iter_48,Iter_49,Iter_50,Iter_51,Iter_52,Iter_53,Iter_54,Iter_55,Iter_56,Iter_57,Iter_58,Iter_59,Iter_60,Iter_61,Iter_62,Iter_63,Iter_64,Iter_65,Iter_66,Iter_67,Iter_68,Iter_69,Iter_70,Iter_71,Iter_72,Iter_73,Iter_74,Iter_75,Iter_76,Iter_77,Iter_78,Iter_79,Iter_80,Iter_81,Iter_82,Iter_83,Iter_84,Iter_85,Iter_86,Iter_87,Iter_88,Iter_89,Iter_90,Iter_91,Iter_92,Iter_93,Iter_94,Iter_95,Iter_96,Iter_97,Iter_98,Iter_99,Iter_100
0,0.5280897447596103,0.5244040217149628,0.5238455419625484,0.5238454227965132,0.5260644625352487,0.5260644417506143,0.5260644198730964,0.5260643247588848,0.5260643812099184,0.5260643556229602,0.5260643538281727,0.5260643859229379,0.5172201201412272,0.5172201347714716,0.5172201028388206,0.517220108808051,0.5172201194928994,0.5172201238135523,0.5172201064074743,0.5172201033689173,0.5172200068716923,0.5172199799223666,0.5172199746671228,0.5172199841238003,0.5172199878896884,0.5172199810890247,0.5172196143582415,0.5172196719785853,0.5172198125039127,0.5172198067906468,0.5172198059126865,0.517219805055244,0.5248344044483452,0.5248343440238113,0.5248343381938508,0.5248342807731932,0.5248342737535209,0.5248342664664772,0.5248341668298977,0.524834159263846,0.5248341354863969,0.5248341271086702,0.5248341200918075,0.5248341137423606,0.5248344555107743,0.5248344499069362,0.5248344446128749,0.5248344665862358,0.5248344694638616,0.5248344662161116,0.5248345537895269,0.5248345374583807,0.524834535031798,0.5248348417486983,0.5248348379505997,0.5248348167537487,0.5248348131440719,0.5248347801721691,0.5248347768055905,0.5248347744981253,0.524834718647338,0.5248347178627627,0.5248347235862734,0.5248347194471492,0.5248347154641089,0.5248343884897366,0.5248343930532668,0.5248343903338312,0.5248343858666948,0.5248355079006998,0.5248355062425051,0.5248354972723115,0.5248354968118351,0.5235458825076693,0.52354588130049,0.5235458750548878,0.5235458819860285,0.5235458807678676,0.5235458840098816,0.5235458827863816,0.52354588159342,0.5235458727399108,0.5235458656885063,0.5235458674916437,0.5235458799053875,0.5235458788542722,0.5235458715582868,0.5235458704478075,0.5235458629940382,0.5235458623632737,0.5235458569647021,0.52354585570097,0.5235458485939687,0.5235458475512084,0.5235458419953244,0.5235458409024516,0.5235458417529593,0.5235458414694568,0.5235458342083354,0.5235458373909585,0.5235458363704805
1,0.5374524474224295,0.5308157175326939,0.5273114065409673,0.5273113829805995,0.5278525962554202,0.5278526789721918,0.5278526912666264,0.5260228946527638,0.5260228912824607,0.5260227494665265,0.5260227486902049,0.5260227761262911,0.5260227486135501,0.5260227526213168,0.5260227502427631,0.5260227259449967,0.5260227219945578,0.5265132974112013,0.5265132898919025,0.526513282657266,0.5265131984454547,0.5265131151507392,0.5265128132356047,0.5265128071758709,0.526513177908025,0.52651315137562,0.5265131190481318,0.5265132126955792,0.5265134109006343,0.5265134080504097,0.5265134056141837,0.5265134032445489,0.5265133965179742,0.5265133834696423,0.5265133818450469,0.5265133728696696,0.5265133707366987,0.5265133656962983,0.5265133486007603,0.5265133453187035,0.5161345095104657,0.5161345186388556,0.5161345276221853,0.5161345412993932,0.516134427360214,0.5161344382866235,0.516134449545941,0.5161344071155785,0.5161344131643937,0.5161343973421274,0.5161343948312413,0.5161343912504923,0.5161343995793408,0.5161342973808274,0.516134304731112,0.5161343066536221,0.5161343139026516,0.5161343185361288,0.5161343257722462,0.5161343319080907,0.5161343396297685,0.5161343441866466,0.5161343378249453,0.516134310523404,0.516134316818762,0.5161343069888898,0.5161343025216373,0.5161343040790822,0.5161343098592827,0.51613397362135,0.5161339754612769,0.5161339765356373,0.516133977461102,0.5161339790747811,0.5161339808223986,0.5161339820962559,0.5161339763509898,0.5161339780714552,0.516133974310253,0.5161339759120913,0.5161339775125152,0.5161339777600985,0.5161339792772107,0.5161339769486967,0.516133973632673,0.5161339750960454,0.5161339766729319,0.5161339782120403,0.516133979783734,0.5161339806859343,0.5161339819687696,0.5161339833568529,0.5161339849237605,0.5161339857596587,0.5161339871469613,0.5161339886684906,0.5161339883119922,0.5161339886667737,0.5161339901857424,0.5161339872396418,0.5161339886919976
2,0.5381328749033509,0.5335181828053948,0.5309102028529722,0.5309101152594493,0.5309100710653097,0.5346916883083671,0.5346916652727857,0.5346915650864252,0.5346915588833444,0.5311132600872266,0.5311132471876059,0.5311132459677907,0.5311132235980184,0.5311132305750698,0.5311132320617958,0.5311132341650714,0.5311132338562525,0.5311132350175415,0.5311132262506317,0.5311132232989438,0.5311131640011675,0.5278491367114251,0.5278489144257479,0.5278489152454808,0.5278491281825789,0.5278490932722214,0.5278490767305427,0.5278491353308616,0.5278492489907665,0.5278492465881788,0.5278492466418999,0.5278492467432057,0.5278492429910774,0.5278492347827346,0.5278492350315415,0.5278492288928087,0.5278492290058548,0.5278492258787373,0.5278491844949361,0.5278491828133873,0.5278491257599505,0.5278489725465665,0.5278489659239531,0.5278489637649125,0.527849055159651,0.5278490515799589,0.5278490496888284,0.5278490588713355,0.5278490579462498,0.5378384734438366,0.537839273482979,0.5378392621935278,0.5378392547812959,0.5378416380571376,0.5378416275412109,0.5378414319717962,0.5378414216494593,0.5378411539697031,0.5378411445603147,0.5378411376064837,0.5378406587193474,0.5378406555365975,0.5378406692239868,0.5378406589670653,0.5378406477624401,0.5378406545504426,0.5378406634746028,0.5378406553486232,0.5378406396452649,0.5378464094454121,0.5378464060993408,0.537846377913616,0.5378463769683802,0.5378463539269048,0.5378463509087644,0.5378463246687213,0.5378463746454416,0.5378463715293843,0.5378463793828334,0.5378463761936342,0.5378463731643476,0.5378463714146046,0.5378463451456799,0.537846349631658,0.5378463933480668,0.5378463906850043,0.5378463637472336,0.537846361457284,0.5378463334388502,0.5378463317894662,0.537846311302161,0.5378463077269751,0.5378462802831109,0.5378462776552105,0.5378462562293644,0.5378462534445814,0.5378462551959782,0.537846254411379,0.5378462255839445,0.5378462330193571,0.5378462304543897
3,0.5467000115511303,0.5369914689541382,0.5360341624442452,0.5360340821990695,0.5360340237913908,0.5395444715616176,0.5395444490929893,0.5395444351100283,0.539544431347529,0.539544353359704,0.5362271531381996,0.5362270936730118,0.5362270728370306,0.5362270771725076,0.5362270797793216,0.5362271522880783,0.5362271488366058,0.5362272403888361,0.5362272308180592,0.5362272285138794,0.536227091645314,0.5362269483939498,0.5362269264762922,0.5362269058572255,0.5362267436557544,0.5355740092546926,0.535573995230762,0.5355741089606972,0.5355743180821588,0.5355743157941836,0.5355743143811148,0.5355743131763284,0.5355743096822219,0.5355742975312172,0.5355742970245141,0.5355742914945908,0.5355742904888642,0.5355742773655188,0.5355742580197498,0.5355742538167866,0.535574219637418,0.535574210797504,0.5355741792399923,0.5355575289427715,0.5355576279707206,0.5355576263516102,0.5355576254923946,0.5355576331546335,0.5355576328618562,0.5355576017329408,0.5355575985343426,0.5355575901843906,0.5355575944727455,0.5355577035673774,0.5355577018943612,0.5355576985896748,0.5355576532327813,0.5355576356042274,0.5355576350646548,0.5355576361318433,0.5355576162912173,0.5355576194189896,0.5355576267988962,0.5355576253412504,0.5355576196356352,0.5355576162053477,0.5355576200777526,0.5355579777545928,0.5355579788447367,0.5355579724406966,0.5355579726921406,0.5355579646239222,0.5355579658125024,0.5355579613981502,0.5355579616732223,0.5355579567312366,0.5355579628638253,0.5355579631138223,0.5355579639206731,0.5355579631566971,0.5355579631847354,0.5355579623642376,0.5355579569728038,0.5355579569522257,0.5355580158409272,0.5355580167087387,0.5355580111212361,0.5355580120230892,0.5355580063492249,0.5355580069392027,0.5377805798429328,0.5377805789895974,0.5377805725533973,0.5377805705958192,0.5377805654741881,0.5377805648057827,0.5377805665110384,0.5377805663595773,0.53778055958674,0.5377805634486609,0.5377805628462415
4,0.5359182420455756,0.5389638776857074,0.5389514493678434,0.5389514551200352,0.5389514630035611,0.5389971141018822,0.5389971734293955,0.5389971653293887,0.5389971654036266,0.5389972155188762,0.538949454838975,0.5389494546719328,0.5389494461805625,0.5389494521075527,0.5389494521155276,0.5389494626122936,0.5389497056387291,0.5389497547783539,0.5389497497798007,0.5389497483858321,0.5389496771585424,0.5389496354082655,0.5389496263191126,0.5389465530954277,0.5389464582165268,0.538946424170532,0.5389464143256483,0.5389464046073834,0.5389463697130533,0.5389463678371885,0.5389463676145523,0.5389463677041645,0.5389463653278016,0.5389463654024547,0.5389463658598531,0.5389463615957841,0.5389463617779389,0.5389459976295939,0.538945973445223,0.5389459676897371,0.5389459534892954,0.5389459486499424,0.5387560735504594,0.5387560697254847,0.5387562648876285,0.5387562614223991,0.5387562581722288,0.5387562735488701,0.538756271918418,0.5387562648645681,0.5387563067479666,0.5387563037271106,0.5387563056020679,0.538756482643014,0.5387564795276946,0.5387564702028269,0.538756466795397,0.53875644470451,0.5387564428970186,0.5387564425254723,0.538756412592686,0.5387564140720208,0.538756420813571,0.5387564185291311,0.538756406062358,0.5387564068020941,0.5387564106574868,0.5387564017421418,0.5387563997233106,0.5387580158865961,0.5387580268075812,0.5387580410768898,0.5387580474327223,0.5387580648502315,0.5387580752318761,0.5387580924439151,0.5387580388260199,0.5387580490380649,0.5387580277386916,0.5389965033425221,0.5389965120901714,0.5389965130321946,0.538996531220689,0.5389965184685909,0.538996477387363,0.5389964855669562,0.5389965041498591,0.5389965127322159,0.5389965316799649,0.5389965367941487,0.5389965511824096,0.5389965587551832,0.5389965776570965,0.538996580785983,0.5389965961863706,0.5389966044329684,0.538996603742959,0.5389966057887661,0.5389966250317325,0.5389966108362659,0.5389966187316977
5,0.5437099539820779,0.5437099908666571,0.5437099992546404,0.5437100053859631,0.5437100119938068,0.5437100181396757,0.5437100259920954,0.5437100248380919,0.5437100276478614,0.5437100331686381,0.5437100386701902,0.543710025977031,0.5437100203179803,0.5437100251075415,0.5437100287045596,0.543710033311803,0.5437100811622528,0.5437100881211148,0.5437100845835113,0.5437100873899461,0.5437100747179257,0.5437100704426014,0.5437100727922907,0.5437100779444551,0.543710025760254,0.5437100263086946,0.5437100217693728,0.5437100123983051,0.543709984279868,0.5437099832051022,0.5437099850262158,0.5437099868324123,0.5437099859121088,0.5437099863637219,0.5437099877577725,0.5437099854464161,0.5437099870862395,0.5437099883186248,0.5437099897223703,0.5437100353936375,0.5437100312578654,0.5437100328464028,0.5437100344087076,0.543710036789025,0.5437100169629121,0.5437100188641472,0.5437100208237109,0.543710013439694,0.5437100144924141,0.5437100117381998,0.5437100113013426,0.5437100106780758,0.5437100121287342,0.5437099943449216,0.5437099956247889,0.5437099959595864,0.543709997221262,0.5437099980265258,0.5437099992847002,0.5437100003528225,0.5437100016964262,0.5437100024899231,0.5437100013833372,0.5437100025702154,0.5437100037432537,0.5437100019108504,0.5437100010784385,0.5437100013684868,0.5437100024458893,0.5437099397775956,0.5437099401206155,0.5437099403206103,0.5437099404931951,0.54370994079375,0.5437099411195655,0.5437099413567084,0.543709940286225,0.5437099404678953,0.5437099397702188,0.5437099400673491,0.5437099403642203,0.5437099404101285,0.543709940691312,0.5437099402593965,0.5437099396446405,0.5437099399160609,0.5437099402083246,0.5437099404938038,0.543709940785128,0.5437099409524931,0.5437099411902189,0.5437099414478714,0.5437099417383079,0.5437099418931447,0.5437099421502888,0.5437099424324596,0.5437099423664221,0.5437099424322565,0.5437099427137634,0.543709942167478,0.5437099511998343
6,0.5488652084046098,0.5504991381808358,0.5504991035751285,0.550499081464854,0.5504990613769242,0.5504990418107409,0.5504990223912073,0.5504990152251565,0.5504990127208967,0.5504989922879612,0.5504989953180048,0.5504990355496272,0.5504990275473176,0.5518194993486031,0.5518194971138025,0.5518194900273349,0.5518194729147977,0.551819461240475,0.5518194601766778,0.5518194575524146,0.5518194598862479,0.5518194450271598,0.5518194392487634,0.5518194371662355,0.5518195244672505,0.5518195137913754,0.5518195106470066,0.5518195381809123,0.5518196148841554,0.5518196143360705,0.5511326485477048,0.5511326570420024,0.5511326561174185,0.5511326543144788,0.5511326547213135,0.5511326529536005,0.5511326529882119,0.5511326503390845,0.5511326479990786,0.5511326458965793,0.5511326402553388,0.5511326395036974,0.5511326372127809,0.5511326375714083,0.551132652979086,0.551132653154025,0.5511326534221989,0.5511326546822706,0.5511326548717577,0.5511326514589133,0.5511326539949226,0.5511326525597338,0.5497214200539309,0.5497214007189271,0.5497214059335035,0.5497214161820081,0.5497214171319904,0.5497213661432743,0.5497213675944724,0.5497213755024877,0.5497213813468851,0.5497213916892473,0.5497214034383077,0.5497214043524735,0.549721402652289,0.5497213984975349,0.5497214047506669,0.549721401945737,0.549721402857033,0.5497213355934142,0.5497213357049223,0.5497213307599458,0.549721333481987,0.5497213299106729,0.5497213300746944,0.5497213262969465,0.5497213325114864,0.5497213326522968,0.5497213344175211,0.5497213342717355,0.5497213330072033,0.5497213325858186,0.5497213282183221,0.5497213285105615,0.5497213348370162,0.549721334956376,0.549721330360473,0.5497213304776819,0.5501850136990519,0.5501850137623939,0.550185012035884,0.5501850118154347,0.5501850098888917,0.5501849842739347,0.5501849818133244,0.5501849815263588,0.5501849849280348,0.5501849849009531,0.5501849825766447,0.550184988554639,0.5501849881337251
7,0.5520615521948308,0.5584525793956802,0.5584526493833986,0.5584527041990316,0.5584527676057799,0.5584528284410619,0.5584529135730856,0.5584529074789197,0.5584529078869956,0.5584529865465456,0.5584529926923503,0.5584529360040525,0.5584529253839068,0.5584897085183548,0.5584897121837227,0.5584905520617105,0.5584905552390522,0.5584908461149303,0.5584908376830363,0.5584908393914559,0.5584905267587764,0.5584905013383417,0.5584904985156504,0.5584905055531711,0.558489645784344,0.558489635027284,0.5584896220562698,0.5584894469991567,0.558489060252395,0.5584890573485315,0.5584890588846106,0.5585345838354884,0.5585345805424194,0.5585346006675173,0.5585346043278078,0.5585345973480783,0.5585345542662336,0.5585345514737006,0.5585345838197899,0.5585345831674008,0.5585345674705444,0.5585345668563747,0.5585345637889536,0.5585345661802175,0.5585344910309956,0.558534492705239,0.5585344946192479,0.5585344964528535,0.5585344975882953,0.5585344881338549,0.5585344555742997,0.5585344517635853,0.5585344651023328,0.5585344116320928,0.55853441106206,0.5585344302179173,0.5585344312467875,0.5585344230359894,0.5585344244850547,0.5583890930324091,0.5583891033581069,0.5583887118524788,0.5583887374460722,0.5583887357762278,0.5583887325616136,0.5583887327076263,0.5583887490573374,0.5583887464780463,0.558388745039136,0.558388923575916,0.5584000283950872,0.5584000262268041,0.5584000348294376,0.5584000334208014,0.558400033001119,0.5584000319024659,0.5584000342564583,0.5584000338335412,0.5584000377629549,0.5584000371740866,0.5584000357401373,0.5584000352777506,0.5584000335012443,0.5584000347688235,0.5584000363147827,0.5584000359785247,0.5584000343415151,0.5584000339577085,0.5584000321640742,0.5584000320668941,0.5584000308279066,0.5584000303778334,0.558400028892645,0.5584000256509334,0.5584000241996744,0.5584000237397062,0.5584000288862555,0.5584000288088283,0.5584000273463026,0.5584000362036959,0.5584000357363412
8,0.5532797495819805,0.5614420132476531,0.5614420089835112,0.5614420073630504,0.5614420077553637,0.5614420077828783,0.5614420111868988,0.5614420062863098,0.5614420054622751,0.5614420067594341,0.5614420098544474,0.5614420345240922,0.5614420275141994,0.561442089523392,0.5614420912378515,0.5625301368142356,0.562530135090627,0.5625301554469253,0.5625301503538711,0.5625301498102109,0.5625301125424542,0.5625300926608731,0.5625300883501645,0.5625300909167491,0.562530071637293,0.5625300615176405,0.5625300531113654,0.5625300573307838,0.5625300437079965,0.5625300418776029,0.5625300422413542,0.5625300610555047,0.5625300588146182,0.5625300562374059,0.562530094432036,0.5625300889394906,0.5622165646056303,0.5622165630271978,0.5622165637588594,0.5622165633701345,0.562216554772322,0.5622165543788653,0.5622165526431825,0.5622165538952164,0.562216564848542,0.5622165657151684,0.5622165667080702,0.562216568661564,0.5622165692645155,0.5622165641015004,0.5622165626248007,0.5622165605227748,0.5622165672179132,0.5622165902345955,0.5622165899369552,0.5622165971449136,0.562216597665711,0.5622165869881282,0.5622165877098625,0.5622165691411605,0.5622165702883773,0.5593207361190029,0.5593207642170721,0.5593207663437038,0.5593207670030834,0.5593207613852227,0.5593207803720815,0.5593207788232233,0.559320780832741,0.5593203304792018,0.5593203310144526,0.5593203293614334,0.5593203111488534,0.5593203105032242,0.5593203107172419,0.5593203104596469,0.5593203102745571,0.5593203104702077,0.5593203132837612,0.559320313289303,0.559320312752034,0.5593203124035969,0.5593203113915376,0.5593203118652386,0.5593203120272949,0.5593203122161746,0.5593203112500204,0.5593203114217784,0.5593203104998654,0.5593203107406604,0.5593203102663841,0.5593203103330728,0.5593203099327749,0.5593203075165201,0.5593203070575619,0.5593203071724202,0.5593203129738206,0.5593203130337357,0.5593203129529867,0.5593203217864123,0.5593203218768704
9,0.5532787323052202,0.5719833087343709,0.5719832858790674,0.5719832706557454,0.5719832561102485,0.5719832425832565,0.5719832278399128,0.5719832263273605,0.5719832205559472,0.5719832089067285,0.5719832010353967,0.5719832739653626,0.5719832790251944,0.5719832857810273,0.5719832798975861,0.573012490847892,0.5730124808805749,0.5730124841894172,0.5730124854295132,0.5730124809011212,0.5730124732722872,0.5730124653084159,0.5730124587999322,0.5730124532384314,0.5730125334988734,0.5730125257329411,0.5730125260125514,0.5730125425548439,0.5730125792431225,0.5730125794107197,0.5730125770922881,0.5730125747625112,0.5730125745690984,0.5730125708757987,0.575402966959986,0.5754029685825797,0.5754029643030123,0.5754029597441962,0.5754029547028114,0.5754029505983671,0.5754029472207868,0.575402944178322,0.5754029399097313,0.5754029374831301,0.5754030023282366,0.5754030002372355,0.5754029981861714,0.5754030174297852,0.575403016422125,0.5754030149961762,0.5754030139138644,0.5754030124203268,0.5754030152522595,0.5754031107966412,0.575403108721006,0.5754032056853366,0.5754032052788058,0.5754032015153563,0.5754032013212255,0.5754032039193705,0.575403211004044,0.5754032225114742,0.5692695904993267,0.569269594522666,0.569269597263736,0.5692695886023114,0.5692695259383874,0.5692695246914166,0.5692695273043108,0.5692685574160985,0.5692685582530405,0.5692685589550966,0.5692685666469486,0.5692685682924089,0.5692685691348868,0.5692685716279867,0.5692685654375528,0.5692685662537194,0.5692685703140558,0.5692685709125843,0.5692685712853608,0.5692685710095241,0.5692685724376148,0.5692685725816288,0.5692685675968076,0.5692685683501346,0.56926857011789,0.5692685708488654,0.5692685727630353,0.5692685734195442,0.569268575004269,0.5692685755716855,0.5692685778921615,0.5692685765196813,0.5692685780842494,0.5692685787586513,0.5692686031795099,0.569268603402683,0.5692686068530568,0.569268631784731,0.5692686324442244
10,0.5623846173709645,0.5757298393029713,0.5757300512753581,0.5757302172215467,0.5757304065587971,0.5757305907468576,0.5757308417200308,0.5757308298121732,0.5757308454740669,0.5757310753685709,0.5757311109120046,0.5767201199142814,0.5767200665814832,0.5767200784903818,0.5767201083288261,0.5767204877942677,0.576720524779557,0.5767210171273784,0.5767209914475728,0.5767210068808739,0.5767204669397707,0.5767204237301974,0.576720433100373,0.57672046526379,0.5767188689533004,0.5767188628671666,0.5767188299848507,0.5746167199342013,0.5746163128817027,0.5746163078673489,0.5746163135163909,0.5746163190326498,0.5746163142924774,0.5746163286204792,0.5746163331180887,0.5746163224432332,0.5746163268433873,0.5746163276699119,0.5746163547495169,0.5746163581559908,0.5746163387358485,0.5746163401853466,0.5746163400308815,0.5746163451361972,0.5746162362383355,0.5746162384296634,0.574616240793,0.5746162659902128,0.5746162674065095,0.574616258060669,0.5746162244939463,0.5746162207055088,0.5746162274333747,0.5813383833243567,0.5813383867400055,0.581338545707399,0.5813385496807468,0.5813385952260414,0.5813385994157636,0.5813386053300675,0.5813387004258972,0.5813387108944714,0.5813387484595764,0.5813387521465279,0.5813387549670646,0.5813387474359575,0.581338757162101,0.5813387567089408,0.5813387601196353,0.5813375492828763,0.5813375503638352,0.5813375514902976,0.5813375548887935,0.5813375568143871,0.5813375578770019,0.581337560790141,0.5813375539510869,0.5813375549837351,0.5813375608050279,0.5813375616594116,0.5813375624057184,0.5813375622589698,0.5813375639612723,0.5813375639300209,0.5813375585796702,0.5813375595370133,0.5815761243025942,0.5815761258656408,0.5815761312196973,0.5815761324081307,0.581576136471608,0.5815761378072978,0.581576143312233,0.5815761430512156,0.5815761477319169,0.5815761492351436,0.5815761681913794,0.5815761686235856,0.581576175096713,0.5815762859287301,0.5815762874527771
11,0.5418521831882247,0.5227675711282432,0.5227675132221397,0.522226400004416,0.5222264680158236,0.5222264555506615,0.5222264408501682,0.5222264212102359,0.5229815194738583,0.5229815146589729,0.5229815167677875,0.5229815223266778,0.5229810474607244,0.5229810451544353,0.5220666290906798,0.5220665710635441,0.5220665617487904,0.5220664851683624,0.5220664734861611,0.5220664571881526,0.5220664730482986,0.5220664572833831,0.5220664442963978,0.5220664380265196,0.5220667739640049,0.5220667645643132,0.522066719825522,0.5220668051701156,0.5220669937625925,0.522066985122237,0.5220669827399984,0.5220669803926163,0.5220670993226124,0.5220670817747337,0.5220670821091701,0.5152597406631025,0.5152597456011963,0.5152597483591919,0.515259735021176,0.5152597394633914,0.5152597163666718,0.5152597176151216,0.5152597193231077,0.5152597239939212,0.5152597448371764,0.5152597483343254,0.5152597521532759,0.5152597387827773,0.5152597420269671,0.5152597317797806,0.515259747511907,0.5152597392819245,0.5152597428379071,0.5152597664115613,0.515259768743244,0.5152597653690313,0.515259767737243,0.5152597619953276,0.5152597644713727,0.5152597668461204,0.5152597581982696,0.5152597604183653,0.5152597596207162,0.5152597615469577,0.5152597634462088,0.5152593988448457,0.5152593999817207,0.515259399059566,0.5152593983142708,0.5152598056158864,0.5152598051110234,0.5152597980335057,0.5152597979595223,0.5152597917790421,0.5152597913484356,0.5152597848343253,0.5152597955746944,0.5152597951220723,0.5152597963868215,0.5152597959322547,0.5152597954841824,0.5073073020901174,0.5073073049559511,0.5073073005579942,0.5073072942939494,0.5073072970579552,0.5073073000368404,0.5073073029438468,0.5073073059129022,0.5073073076168558,0.5073073100401926,0.5073073126634439,0.5073073156233285,0.5073073172021207,0.5073073198228384,0.5073073226966023,0.50730732202328,0.5073073226932879,0.5073073255627821,0.5073073199983076,0.5073073227414394
12,0.5425496217713682,0.5280781145885631,0.5258341254496071,0.5258339918928538,0.5300519870635365,0.5300519759332123,0.5300519472259749,0.5234391588997642,0.523439157738157,0.5234391483990737,0.5234391539868213,0.5234391576041306,0.5234390104667839,0.5234390148909388,0.5234390135389411,0.5234389929479267,0.5234389922144165,0.523438994553633,0.5234389861703234,0.5234389818705063,0.5126542582058932,0.5126542389692573,0.5126542495539915,0.5126542727551882,0.5126540377315381,0.5126540402087423,0.5126540197635097,0.5126539775590095,0.5126538509389881,0.5126538461000946,0.5126538543040259,0.5126538624370367,0.5126538582934146,0.512653860328163,0.5126538666051504,0.5126538561984719,0.5126538635821741,0.5126538691422968,0.512653875465461,0.5126538826456755,0.5126538707319693,0.5126538753099874,0.5126538798149073,0.5126538866735466,0.5126538295350824,0.5126538350134469,0.5126538406594926,0.5126538193825744,0.5126538224139865,0.5126538144806181,0.5126538132212681,0.5126540246738531,0.5126540320147717,0.5126539419366969,0.512653948415163,0.5126539501096427,0.5126539564987967,0.5126539605828719,0.5126539669605993,0.5126539723685923,0.5126539791748445,0.5126539831911481,0.5126539775839688,0.5126539835943731,0.5126539895369389,0.5126539802578746,0.5126539760409052,0.5126539775110599,0.5126539829675318,0.5126536655811025,0.5126536673180004,0.5126536683318231,0.5126536692054299,0.5126536707283642,0.5126536723781403,0.5126536735802469,0.5126539502045385,0.5126539551443179,0.5126539443451935,0.5126539489442682,0.5126539535394689,0.5126539542503261,0.5126539586064298,0.5126539519209437,0.5126539423994797,0.5126539466010973,0.5126539511289915,0.5126539555480402,0.5126539600610276,0.5126539626512713,0.5126539663347771,0.5126539703225073,0.5126539748215954,0.5126539772215686,0.5126539812050852,0.512653985573568,0.5126539845500514,0.5126539855686243,0.5126539899302253,0.5126539814714663,0.5126539856414648
13,0.5351961903118709,0.5312872186823299,0.5276280245213952,0.5276280302038687,0.5276282021231705,0.5277381124220998,0.5277381814234372,0.5277374585786601,0.527737454217679,0.5275884831266467,0.5275884791688359,0.5275885452977546,0.5275885262075427,0.5275885308741819,0.5275885267330216,0.5275884639768125,0.5275884575320445,0.5275886002731763,0.5275885942337498,0.5275885885897164,0.5275885628134973,0.527588471647611,0.527261244004852,0.5272612375940794,0.5272619031679774,0.5272618801948241,0.5272618590329876,0.5272620090798947,0.5272623046112919,0.5272623028291985,0.5272623003125447,0.527262297855871,0.5272622932506452,0.5272622775183305,0.5272622757915149,0.5272622699966729,0.5272622677829797,0.5272622632593845,0.5272622403334946,0.527262237177675,0.527260839177981,0.5272608079938383,0.527260796706677,0.5272607861765056,0.5272611945664383,0.5274291362705236,0.5274291285515007,0.5274291599047817,0.5274291557757573,0.5274291340141705,0.52742922555506,0.5274292079515109,0.5274292041516875,0.5274295582715359,0.5274295527866331,0.5274295293684976,0.5274295240614508,0.5274294868056701,0.527429481901223,0.527429478413269,0.527429415768972,0.5274294142789102,0.5274294218350055,0.5274294188568939,0.527429413034453,0.5274294139180264,0.5274294187652395,0.5274294149232333,0.5274294098579518,0.5274303496109286,0.5274303480301421,0.5274303405574424,0.5274303402287951,0.5274303341083568,0.5274303326635735,0.5274303261895925,0.5274303341995804,0.5274303327246799,0.5274303366199308,0.5274303350931095,0.5274303336418988,0.5274303322930004,0.5274303251876804,0.527430327340469,0.5274303386719877,0.5274303374088184,0.527430329942125,0.5274303285608498,0.5274303210105105,0.5274303202560425,0.527430314780491,0.5263326526279624,0.5263326475409055,0.5263326465848203,0.5263326425622861,0.5263326417416365,0.5263326425535532,0.5263326423458604,0.5263326370782029,0.5263326397545347,0.5263326389868018
14,0.5414952856132742,0.5347232931045995,0.5326861112610602,0.532686007416512,0.5326859408119209,0.5384745143088674,0.5384744882405358,0.5384744486027633,0.5384744422451486,0.5374215122466929,0.5374214172078607,0.5374214708841282,0.5374214625673539,0.5374214631216908,0.5374214570431143,0.5374214196327233,0.5374214079741325,0.5374213586344622,0.5374213556175882,0.5374213483641034,0.537421355932211,0.5337806910436459,0.5337806662429562,0.533780664607871,0.5337809567217607,0.5337807228837308,0.5337807155287676,0.5337808201091789,0.5337810420272934,0.5337810413171895,0.5337810387593285,0.5337810362935117,0.5337810343518277,0.5337810217286519,0.5337810200408921,0.5337810178692807,0.5337810156663932,0.533781009461928,0.5311909308549405,0.5311909311402299,0.5311908831150769,0.531190869097216,0.5311908617632789,0.5311908640634643,0.5311908689907938,0.5311908694814951,0.531190871122598,0.5311908677429674,0.5311908687444635,0.5311907874814431,0.5311907135924158,0.5311907044496373,0.5311907080093173,0.5311907626257966,0.5311907628082351,0.531190760796364,0.5311907608288006,0.5311907516301329,0.5311907525201405,0.531190754178956,0.531190744168946,0.5311907468024176,0.5311907501899703,0.5311907502009758,0.5311907489233196,0.5311907436329878,0.5311907451298937,0.5311907396071608,0.5311908448628434,0.5311909048500041,0.5311909050732736,0.5311908760311602,0.5311908766670909,0.5311908728121206,0.5305549061369992,0.5305549042940033,0.5305549040479076,0.5305549043665069,0.5305549045376637,0.5305549045217212,0.5305549047032172,0.5305549039765044,0.5305549018643873,0.5305549016411966,0.5305548971117002,0.5305548973734543,0.5305548949209244,0.5305548951786976,0.5305548926309428,0.5305548928266117,0.530554890912731,0.5305548906939735,0.5305548883503529,0.5305548876397391,0.5305548858304224,0.5305548860424281,0.5305548869294787,0.5305548869820376,0.5305548845475688,0.5305548857266577,0.5305548859404642
15,0.5401317673462678,0.5379902862132419,0.537510814096898,0.537510767122827,0.5375107320963942,0.5392668357791455,0.5392668229337343,0.5392668137676973,0.5392668123144864,0.5392667728005406,0.5374327962739698,0.5374328006218897,0.5374327870395342,0.5374327958692106,0.5374327976434712,0.5374327971703918,0.5374328130972008,0.5374328118415358,0.5374328050494046,0.5374328038573052,0.537432775062938,0.5374327084727828,0.5374326960185543,0.537317397920912,0.5373173800475097,0.537317312908679,0.5373173025145246,0.5373173154400694,0.5373173251814237,0.5373173233205045,0.5373173227952596,0.5373173224758008,0.5373173199278849,0.5373173180027148,0.537317318106012,0.5373173137717407,0.5373173135633662,0.5373172989862152,0.537317296189145,0.537317293038552,0.5373172714285842,0.537317266633134,0.5373160584393294,0.5373160557401675,0.5373163643415295,0.5373163616655903,0.537316359345641,0.5373163713152904,0.5373163702090381,0.537316357013284,0.5373164339959843,0.5373164295967506,0.5373164318137378,0.5373167106631002,0.5373167082330513,0.5373166894539946,0.5372789833027266,0.5372789370118828,0.5372789350965452,0.5372789345854853,0.5372788598190141,0.537278861197592,0.5372788680132005,0.5372788655761402,0.5372788583637323,0.5372788586770635,0.5372788625722215,0.537278849989643,0.5372788479145302,0.537279737234656,0.537279736451862,0.5372797291517186,0.537279729545846,0.5372797238889228,0.5372797231696927,0.5372797168239277,0.5372797285673822,0.5372797278431499,0.5372797304003637,0.5372797280727577,0.5372797272390273,0.5372797266021704,0.5372797200234528,0.5372797212456586,0.5372797273935764,0.5372797267704541,0.5372797198971905,0.537279719230318,0.5372797120298998,0.5372797116733365,0.5372797063368262,0.5372797055443097,0.537279698586488,0.5372796969278234,0.5372796914203029,0.5372796906414156,0.5372796919051717,0.5372796917204379,0.5372796843814863,0.5372796876422122,0.5372796869433031
16,0.544765200238335,0.5401281173651264,0.5401280983198655,0.5401280931182252,0.5401280893792169,0.5401281338770636,0.5401281357577689,0.540128131239099,0.5401281324530369,0.5401281310887343,0.5401280783388319,0.5401280823652201,0.540128076618773,0.540128077106589,0.540128078056339,0.5401280746853303,0.5407261222863788,0.5407261138737157,0.5407261107812322,0.5407261086109432,0.5407261002808078,0.5407260701836043,0.5407260621669264,0.5407260592502405,0.5407261328323709,0.5407261098963163,0.5407261030418413,0.5407261292123267,0.5407261889695043,0.540726187711913,0.5407261866891303,0.5407261860674402,0.5407261843463242,0.5407261786337906,0.5407261785693059,0.5407261756912314,0.5407261752634092,0.5371294142649861,0.5371294180173479,0.5371294222786773,0.5371294152087271,0.5371294179254296,0.5371294205934254,0.5371294246634418,0.5371293907575031,0.5371293940084816,0.5371293973589389,0.5371293847329365,0.5371293865330028,0.5371293818247301,0.5371293810773001,0.5371293800120158,0.5371293824906904,0.5371293520793916,0.5371293542666528,0.5371293548388026,0.5371293569958763,0.5371293583744671,0.5371293605271552,0.5371293623529992,0.5371293646508368,0.5371293660069343,0.5371293641139832,0.5371293661432757,0.5371294304708919,0.5371294260798535,0.5371294240844435,0.5371294247797358,0.5371294273618659,0.5371304476049431,0.5371304634207658,0.5371304726589091,0.5371304806140951,0.5371304944878437,0.5371305095103205,0.537130520462699,0.5371304710726658,0.5371304858619748,0.5371304535301618,0.5371304672993833,0.537130481057128,0.537130483185552,0.5371304962289916,0.5371304762131255,0.5371304477033908,0.5371304602827008,0.5371304738406419,0.5371304870710032,0.537130500584304,0.5371305083393614,0.5371305193686902,0.5371305313075337,0.5371305447790657,0.5371305519643881,0.537130563892078,0.537130576970844,0.5371305739066148,0.5371305769561522,0.5371305900159445,0.5371305646910296,0.5371305771756882
17,0.5526849014262385,0.5479199565486956,0.5479199307103716,0.5479199122442683,0.5479198939862845,0.5479198744809467,0.5479198536101672,0.5479198470639072,0.5479198439254276,0.5479198213727271,0.5479198231529017,0.5479198630130919,0.5479198569304072,0.5483823892636358,0.5483823878527451,0.5483823770103219,0.5483823478308326,0.5483823287518205,0.5483823258391001,0.5483823230706668,0.5483823261084606,0.548382301962274,0.548382294265203,0.5483822932130302,0.5483824068247601,0.5483823907112081,0.5483823842753599,0.5483824183637908,0.5483824930010426,0.5483824917730515,0.5479007775527419,0.5479007765440762,0.5479007750014604,0.5479007713110002,0.5479007714833376,0.547900768770685,0.54790076839817,0.5479007607570272,0.5479007552786547,0.5479007441657611,0.5479007333864331,0.5479007313640899,0.5479007253952417,0.5479007255283654,0.5479007610330584,0.5479007608989354,0.5479007609537816,0.5479007645984129,0.5479007647121391,0.5479007580534319,0.5479007627333018,0.5479007599085279,0.5479007362166358,0.5479007850487557,0.5489578258431289,0.5489578227940448,0.5489578213117509,0.548957777814872,0.5489577770072791,0.5489577817001525,0.548957756182165,0.548957764400539,0.5489577782859723,0.5489577769670922,0.5489577714846765,0.5489577699866818,0.5489577776599721,0.5489577730271114,0.5489577719289466,0.548958067483583,0.5489580670522447,0.5489580627289894,0.5489580650263404,0.5489580617692986,0.5489580613991737,0.5489580580154827,0.5489580639239239,0.5489580635436133,0.5489580665976029,0.5489580658266076,0.5489580646187776,0.5489580640078614,0.548958060095757,0.5489580611380193,0.548958065769018,0.5489580654543321,0.5489580615116314,0.5489580611597552,0.548958055962072,0.5489580558511105,0.5489580528536413,0.5489580523789113,0.5489763669757489,0.5489765621735604,0.5489765633744549,0.5489765638873879,0.5489765663959096,0.5489765665884782,0.5489765683418607,0.5489765714983584,0.5489765716580557
18,0.5460007074595339,0.5528865526047757,0.5528865190808262,0.5528864986816688,0.5528864808717685,0.5528864643545212,0.5528864487568841,0.5528864425863936,0.5528864411457568,0.5528864250597243,0.5528864287464542,0.5528864626847425,0.5528864547008688,0.5547738959443286,0.554773893535912,0.5547738968025011,0.5547738921921311,0.5547738889004556,0.5547738896854202,0.5547738879476528,0.5547738902322177,0.5547738874065691,0.5547738849233262,0.5547738826054126,0.5547739193730865,0.5547739162662341,0.5547739167647787,0.5547739262993067,0.5547739510006492,0.5547739511693313,0.5547739303849534,0.554926670825527,0.5549266708322069,0.5549266696426696,0.5549266690408331,0.5549266694097335,0.554926668220396,0.5549266660554999,0.554926664030705,0.5549266620882215,0.5549266602663826,0.5549266591454671,0.5549266572242053,0.5549266564628834,0.5549266739368511,0.5549266732608155,0.5549266726173115,0.55492667683368,0.5549266765189484,0.554926675558359,0.5549266765712404,0.5549266759195981,0.5549266111454172,0.5549266436293184,0.5549266415059311,0.5549266424925148,0.5549266411308457,0.5562016303814007,0.5562016300071742,0.5562016361212815,0.5562016286306913,0.5562016351511431,0.5562016436123524,0.5562016430390136,0.5562016413651835,0.5562016408882041,0.556201645789529,0.5562016442624015,0.5562016437833339,0.5562017675810175,0.5562017673206103,0.5562017642519063,0.5562017659577717,0.5562017635413625,0.5562017633282339,0.5562017608204223,0.5562017657175581,0.5562017654965133,0.5562017671816587,0.5562017668546964,0.5562017529105625,0.5562017526401012,0.5562017495556305,0.556201750294791,0.5562017553112639,0.5562017550238663,0.5562017518137209,0.5562017515062541,0.5562017481961213,0.5562017480665347,0.5562017458364891,0.5562017455097887,0.5562017427131217,0.5562017392831505,0.5562017370011271,0.5562017366551165,0.5562017384475674,0.5562017383719923,0.5562017360448305,0.5562017395052983,0.5562017391538246
19,0.5596378140304425,0.5562551160606998,0.5562551016683346,0.5562550936960442,0.5562550879681513,0.5562550824869509,0.5562550795537493,0.5562550741650205,0.5562550740678915,0.5562550692038444,0.5562550740909341,0.5562550957952515,0.5562550871406488,0.55702378607926,0.5570237873744198,0.5570238582835216,0.5570238592006208,0.5570238706444507,0.557023866386155,0.5570238670229384,0.5570238433630783,0.5570238296797181,0.5570238278237575,0.5570238311235992,0.5570238161896736,0.5570238100809004,0.5570238034610051,0.5570238101794875,0.5570238318921127,0.5570238304349829,0.5570238234317383,0.5579833823510949,0.557983381060463,0.5579833790024076,0.5579833793547306,0.5579833771723429,0.5579833720663101,0.5579833678113834,0.5579833649710093,0.5579833619039811,0.5579833529433285,0.5579833510386866,0.5579833469873684,0.5579833468114643,0.5579833800419567,0.557983379704095,0.5579833795085388,0.5579833866675349,0.5579833866530854,0.5579833814090324,0.5579833818509609,0.5579833793589183,0.5579833926843843,0.557983433895096,0.5579834319191037,0.5579834384913079,0.5579834381802005,0.5579835019707995,0.5579835032545495,0.5558679476271984,0.5558679729019604,0.5558679973898503,0.5558680171592978,0.5558680187678247,0.5558680184453861,0.5558680132737963,0.5558680250766167,0.555868022891952,0.5558680244397224,0.5558676303560748,0.555867632118747,0.5558676312065449,0.555867637358805,0.5558676374050877,0.5558676379113712,0.5558676382503863,0.5558676360409793,0.5558676365272628,0.5558676383542065,0.5558676385788558,0.5558676304038039,0.5558676300347459,0.5558676296343588,0.5558676297484644,0.5558676283521035,0.5558676287222193,0.5558676284338987,0.555867628795756,0.5558676283823218,0.5558676287228379,0.5558676286100924,0.5558676288247826,0.5558676288601868,0.5558676249024052,0.5558676247021259,0.5558676249649955,0.5558676293494127,0.5558676294476826,0.555867629526282,0.5558676361947127,0.5558676364000135
20,0.5575469769079735,0.5641584488515375,0.5641584318967822,0.5641584220115337,0.5641584140204777,0.5641584069130443,0.5641584012434495,0.5641583977099464,0.5641583957882992,0.5641583902977192,0.5641583904175228,0.5641584229321036,0.5641584196269036,0.5641584609682777,0.5641584607749661,0.5662794650169225,0.5662794588289701,0.5662794594680779,0.5662794578751013,0.5662794552523988,0.566279444727748,0.5662794314901003,0.5662794260952368,0.5662794242972776,0.5662794845136503,0.5662794757514295,0.5662794721663806,0.5662794904058143,0.5662795128133596,0.5662795120925838,0.5662795110187464,0.5662795178426897,0.5662795167419105,0.5662795134161439,0.5662795879146736,0.5662795840847512,0.5659485395564336,0.5659485381706766,0.5659485380442658,0.5659485373764103,0.5659485322050286,0.5659485316088037,0.5659485301507504,0.5659485305381284,0.5659485454892931,0.5659485457071187,0.5659485459977964,0.565948549924814,0.5659485501322934,0.5659485470970436,0.5659485457267753,0.5659485443724919,0.5659485479212776,0.5659485724946495,0.5659485721304677,0.5659485797796685,0.5659485798919943,0.5659485749754608,0.5659485752240442,0.5659485777711033,0.5659485799379587,0.5659484926710069,0.5659485120318489,0.5659485108080177,0.5659485090606813,0.565948510024984,0.5659483953263494,0.5659483938281258,0.5659483912391013,0.5659486131879884,0.565948612085188,0.5659486054602312,0.5609503115050927,0.5609503155032184,0.5609503168673226,0.5609503217009821,0.560950309718594,0.5609503110526396,0.5609503118332518,0.5609503129038256,0.560950313613795,0.5609503134547587,0.5609503175638921,0.5609503165926399,0.560950306658957,0.5609503078278346,0.5609503122198887,0.56095031340985,0.5609503179459532,0.5609503188078353,0.5609503222747209,0.5609503232559745,0.5609503280398513,0.5609503265944782,0.5609503301633985,0.5609503312743166,0.5609503386096576,0.5609503389284851,0.5609503441938192,0.5609503533060457,0.5609503543397855
21,0.5647639863888274,0.57444655019621,0.5744465149936434,0.574446488101362,0.5744464587325547,0.5744464298893857,0.5744463929419306,0.5744463927948176,0.5744463860512042,0.574446353243629,0.574446342610937,0.5744464467675586,0.5744464553970747,0.574446452873253,0.5744464452320616,0.5746039651050927,0.5746039559333379,0.5746039416211894,0.5746039435445114,0.574603939376023,0.5746039520526843,0.5746039474458005,0.5746039419524801,0.574603936344266,0.5746040558701663,0.5746040500037007,0.5746040515208168,0.5746040672525883,0.5746041033684346,0.5746041037949737,0.5746041015641248,0.5746040993219006,0.574604099439957,0.5746040974449319,0.5749688517654308,0.5749688505483525,0.5749688493945834,0.5749688473477679,0.5749688482655988,0.574968846924509,0.574968841664484,0.5749688404762446,0.5749688383853373,0.5749688381789381,0.5749688680010401,0.5749688677255743,0.5749688675140837,0.5749688784529997,0.5749688784100192,0.5749688754968536,0.5749688705041235,0.574968868974456,0.5749688718726118,0.5749689388441191,0.5749689381946018,0.5749691959527748,0.5749691984726373,0.5749692030660877,0.5749692057366352,0.5749692098863046,0.5749692275827211,0.574969236502746,0.5731621943539175,0.5731621948040776,0.5731621945384875,0.5731621924006595,0.5731622117772842,0.5731622107678385,0.5731622112278797,0.573161909903591,0.5731619100081046,0.5731619089976133,0.5731619126281725,0.573161912193698,0.5731619123234213,0.5731619123125745,0.5731619122685309,0.57316191238656,0.5731619159953838,0.5731619160159211,0.5731619159140031,0.5731619156968804,0.5731619149801658,0.5731619156210075,0.5731619157172849,0.573161915855081,0.5731619153186187,0.5731619154259877,0.5731619149501453,0.5731619151558753,0.573161914926972,0.5731619149728545,0.5731619148126801,0.5731619138730352,0.5731619135835015,0.5731619136682455,0.5731617905055976,0.5731617902490039,0.5731617894245642,0.5731618131724194,0.5731618120102223
22,0.5607648873488761,0.5745982757211664,0.5745982688518171,0.5745982638979104,0.5745982596873475,0.574598254892799,0.5745982514258171,0.5745982488535881,0.5745982428806923,0.5745982407074338,0.5745982335200753,0.5745983869963398,0.5745983904054116,0.5745983866089868,0.5745983806493692,0.5745984378006291,0.5745984281637292,0.5745984603528479,0.5745984603436678,0.574598455751483,0.5745984157052728,0.5745984039745393,0.5745983967083834,0.5745983918163805,0.5745984242379585,0.5745984147535654,0.574598413168425,0.5745983962761102,0.5745983573376628,0.5745983570639582,0.5745983549346229,0.5745983527295389,0.5745983520758174,0.5745983523396009,0.5745983887897668,0.5745983871379302,0.5745983852883063,0.5745983816382255,0.5745983831837438,0.5745983806504075,0.5745983721420004,0.5745983699101415,0.5745983661944346,0.574598365540006,0.5745984425350766,0.5745984418267487,0.5745984412053389,0.5745984691265176,0.5745984689212523,0.5745984642246732,0.5745984529501635,0.5745984503803615,0.5745984547687977,0.5745987098457912,0.5745987086648253,0.5799423432914947,0.5799423386660282,0.5799423415542739,0.5799423370512552,0.5799423344791735,0.5799423466941603,0.5799423481657707,0.5799423777048291,0.5799423733335174,0.5799423685957653,0.5799423744702885,0.5799423847535047,0.5799423830078322,0.5799423790722751,0.5799424256700699,0.5799424243489102,0.5799424220743442,0.5799424230119462,0.579942420822763,0.5799424195921873,0.5799424179311845,0.5799424237631032,0.5799424225424162,0.579942428640727,0.5799424274548909,0.5799424262062944,0.5799424258855382,0.5799424234604654,0.5799424257564014,0.579942429856141,0.5799424288537558,0.5799424265579182,0.5799424254692875,0.5799424231963689,0.5799424226717997,0.5799424210427615,0.579942420034476,0.579942418100935,0.5799424169459859,0.5799424153260457,0.5799424142477834,0.579942209798853,0.579942209082603,0.5799422057028805,0.5839201666835656,0.5839201639085875
23,0.5615108959884235,0.5851659333730131,0.5851659692735903,0.5851659997226215,0.585166036676104,0.5851660726554522,0.5851661238160362,0.5851661146460104,0.5851661256429921,0.5851661659573786,0.5851661916430086,0.5912536284307274,0.5912536027212788,0.5912536215797694,0.5912536350415223,0.5912536903878983,0.5912537063015578,0.591253778378715,0.5912537657659607,0.5912537722422396,0.5912536740305612,0.5912536501658746,0.5912536530641112,0.5912536676753819,0.5912531717810713,0.5912531653812696,0.5912531591879019,0.5783751258805379,0.5783744061702141,0.5783743971172582,0.578374409900061,0.5783744225011559,0.5783744143625238,0.5783744400724697,0.5783744498962706,0.5783744305460856,0.5783744415497812,0.5783744475777219,0.5783744962346201,0.5783745060818719,0.5783744774980253,0.5783744831021935,0.5783744872425106,0.5783744982613429,0.578373657700237,0.5783736560400706,0.578373654393757,0.5783737080008563,0.5783737072661989,0.5783737041419779,0.5783736728777371,0.5783736706605033,0.5783736737092361,0.589062186234595,0.5890621824482912,0.5890622283668201,0.5890622250309611,0.5890622500598583,0.5890622468920732,0.5890622457591993,0.5890623001680234,0.5890623030424731,0.5890623261879927,0.5890623230087509,0.5890623192815542,0.5890623228325209,0.5890623320412018,0.58906233028478,0.5890623274465242,0.5890618846327487,0.5890618836587453,0.5890618819164664,0.5890618831522753,0.589061881707416,0.5890618808164838,0.5890618804777635,0.5890618838507272,0.5890618829599436,0.5890618955421904,0.5890618946465751,0.5890618936826442,0.5890618933330423,0.58906189156905,0.5890618929274544,0.5890618948595252,0.5890618748589525,0.5890618765843312,0.589061875646254,0.5890618742334475,0.5890618739411286,0.5890618730146183,0.5890618721289055,0.5890618712336761,0.5890618699785579,0.5868790834587988,0.586879084800422,0.5868790911213381,0.586879091486474,0.586879095226576,0.5868791126910563,0.5868791139794528
24,0.5358647285888146,0.5169493008508425,0.5169490082805966,0.5089428447093826,0.508942851483633,0.5089428577836477,0.5089428434250346,0.5089428424712403,0.5089429844518039,0.508942995745215,0.5089430069982553,0.5089429810337427,0.5089429694615438,0.508942979244886,0.5089429865986801,0.5089429960213524,0.5089430058996923,0.5089430164922641,0.5089430111123043,0.5089431151344781,0.5089430886023096,0.5089430796579003,0.5089430845800361,0.5089430953683787,0.5089429860847539,0.5089429872367199,0.5089429777335318,0.5089429581088376,0.508942899234105,0.5089431375340692,0.5089431475918605,0.508943157562724,0.5089431524829895,0.5089430716388444,0.508943077750637,0.5089430676177752,0.5089430748072006,0.5089430802210665,0.5089430863780505,0.5089430933693629,0.5089430817702325,0.5089430862278764,0.5089430906143713,0.5089430972926412,0.5089430416564138,0.5089430469906071,0.5089430524881661,0.5089430317708958,0.5089430347244003,0.5089430269996778,0.5089430257733216,0.5089430240256367,0.5089430280922332,0.5089429781917296,0.5089429817805604,0.5089429827192297,0.5089429862585919,0.5089429885209957,0.5089429920540975,0.5089429950498774,0.5089429988203168,0.5089430010452318,0.5089429979389941,0.5089430012685932,0.5089430045606297,0.5089429994203325,0.5089429970843241,0.5089429978987922,0.5089430009214392,0.5089428251114706,0.508942826073669,0.5089428266349876,0.5089428271189403,0.5089428279623932,0.5089428288763062,0.5089428295419252,0.5089428265384959,0.5089428274382771,0.5089428254712519,0.5089428263089257,0.5089428271459573,0.5089428272754094,0.508942828068275,0.5089428268505047,0.5089428251174103,0.5089428258827561,0.5089428267068413,0.5089428275117218,0.5089428283331023,0.5089428288048977,0.5089428294753291,0.5089428302017106,0.5089428310206016,0.5089428314577644,0.5089428321828857,0.5089428329785672,0.5089428327921331,0.5089428329776923,0.5089428337715863,0.508942832230863,0.5089428329904084
25,0.5378321539785573,0.5256252902376443,0.5245073103032857,0.5245071709530247,0.528956510675943,0.5289564899229336,0.5289564674515096,0.5289563044747312,0.5289563194650696,0.5289562870637492,0.5289562794354116,0.528956324754139,0.522382449922931,0.5223824551448291,0.5223824539816663,0.5223824318560263,0.5223824325385713,0.5223824015646009,0.5223823937527049,0.5223823895331242,0.5223821473282748,0.5223821319103069,0.5223821213153998,0.5223821187816106,0.5223823479220723,0.5223823407386005,0.5118097342163959,0.5118096832696232,0.5118095304205276,0.5118095245793198,0.5118095344825803,0.5118095443002437,0.5118095393044235,0.5118095417609204,0.5118095493382779,0.5118095367755051,0.5118095456889296,0.5118095524010077,0.511809560034393,0.5118095687021711,0.5118095543210233,0.5118095598475514,0.5118095652858896,0.5118095735655238,0.5118095045883158,0.5118095112015653,0.5118095180173621,0.5118094923324416,0.5118093998443167,0.5118093928755459,0.5118093917692375,0.5118093901921771,0.5118093938607975,0.511809348845048,0.5118093520825135,0.5118093529292552,0.511809356122185,0.5118093581631201,0.5118093613503762,0.5118093640529331,0.5118093674542544,0.511809369461399,0.5118093666592481,0.5118093696628925,0.511809372632679,0.5118093679953293,0.5118093658879965,0.5118093666226818,0.5118093693494469,0.5118092107508614,0.5118092116188195,0.5118092121252522,0.5118092125618124,0.5118092133224745,0.5118092141468733,0.5118092147473939,0.5118092120379424,0.5118092128495204,0.5118092110752537,0.5118092118308869,0.5118092125858449,0.511809212702648,0.5118092134179031,0.5118092123194825,0.5118092107559836,0.5118092114463056,0.5118092121897599,0.511809212915765,0.5118092136568128,0.5118092140824029,0.5118092146872351,0.5118092153424396,0.5118092160812557,0.5118092164756001,0.5118092171297199,0.511809217847456,0.5118092176793178,0.5118092178466588,0.5118092185628829,0.511809217173087,0.5118092178582223
26,0.5384915346235445,0.5298620530048095,0.5267972042114023,0.5267971298593709,0.5286165849182654,0.52861660374856,0.528616586169456,0.5224830816383178,0.5224830839309798,0.5224830449644764,0.5224830523182196,0.5224830472270949,0.5224830262264437,0.5224830346066031,0.5224830384344337,0.5224830335492748,0.5224830384397977,0.5236177496266339,0.5236177442416995,0.5236177404654475,0.5236175842649349,0.5236175494640779,0.5236175140219497,0.5236175110653011,0.5236177085636394,0.5236176956847506,0.5236176723256424,0.5236177237074594,0.5236178335895174,0.5236178316761295,0.5236178304722761,0.523617829300887,0.5236178246585284,0.5236178169988924,0.5236178162037466,0.5236178100638611,0.5236178090092962,0.5236178064303457,0.5236177961991153,0.5236177945373611,0.5236173921788193,0.5236173822319223,0.5236173763724122,0.5236173715216337,0.523617501116475,0.5236174964480383,0.5236174924004634,0.5236175091108327,0.5236175068284146,0.5236174976365143,0.52361752318957,0.5236175529517608,0.523617551933382,0.5236176800061205,0.5236176777790886,0.5236176696187672,0.523617667501156,0.5236176532381647,0.5236176513514991,0.5236176501808902,0.5235050533533248,0.5235050541689193,0.5235050561864463,0.5235050333084686,0.52350503238904,0.5235050277213951,0.5235050288045535,0.5235050273382148,0.5235050267607756,0.5235052107447775,0.5235052106111664,0.5235052087233312,0.523505208927933,0.5235052076539233,0.5235052075460767,0.5235052061777435,0.523505200294971,0.5235052001601536,0.5235052008507189,0.5235052006393947,0.5235052004682158,0.5235051995605591,0.5235051977430092,0.5235051980209152,0.5235052001777383,0.5235052000614121,0.5235051981687269,0.5235051980291296,0.5235051960768077,0.5235051960197248,0.5235051946046909,0.5235051937727085,0.5235051919073554,0.5235051915067023,0.5235051900455652,0.5235051899063837,0.523505190360124,0.523505190323773,0.5235051883996846,0.5235051893958366,0.5235051892691084
27,0.5341570980324951,0.5327349195159765,0.5297570473692392,0.5297569817751089,0.5297569606154892,0.5322429975298643,0.5322429810302037,0.5322428527208783,0.5322428480357103,0.528877359144297,0.5288773632728758,0.5288773606059893,0.5288773420034957,0.5288773486308916,0.5288773508986854,0.5288773499951116,0.5288773518748671,0.5288773607452397,0.5288773534365895,0.5288773522161496,0.5288773057107179,0.5288768738069285,0.5269831343594308,0.5269831325627329,0.5269832831830958,0.5269832640050183,0.5269832546779109,0.5269832951666753,0.5269833856106425,0.5269833844924678,0.5269833837040105,0.5269833829499395,0.526983380801296,0.5269833744521769,0.5269833739769885,0.5269833708773862,0.5269833702063599,0.5269833677523001,0.5269833618134391,0.5269833605027936,0.5269833154688841,0.5233487853625094,0.5233487887327699,0.5233487938641366,0.5233487511161343,0.5233487552157259,0.5233487594399854,0.5233487435211315,0.5233487457905325,0.5233487398668285,0.5233487389242876,0.523348737580941,0.5233487407061166,0.5233487023595553,0.5233487051175065,0.5233487058388656,0.5233487085588174,0.5233487102973042,0.5233487130124185,0.5233487153146453,0.5233487182120111,0.523348719921853,0.5233487175348489,0.5233487200936,0.5233487226234393,0.5233487186732141,0.5233487168779479,0.5233487175037669,0.5233487198265727,0.5233485847165196,0.5233485854558846,0.5233485858873683,0.5233485862593582,0.5233485869076132,0.523348587609893,0.5233485881215599,0.5233485858132507,0.5233485865046369,0.5233485849931343,0.5233485856368411,0.5233485862800135,0.5233485863794862,0.5233485869889203,0.5233485860532037,0.5233485847210599,0.5233485853091394,0.5233485859425552,0.5233485947465071,0.5233485954647972,0.5233485958771069,0.5233485964633876,0.5233485970981947,0.523348597814266,0.5233485981963637,0.5233485988303719,0.5233485995258409,0.5233485993628906,0.5233485995250724,0.523348600219211,0.5233485988726339,0.5233485995365065
28,0.5517025110836425,0.5357982148612592,0.5342718975601507,0.5342717962748856,0.5342717255573765,0.5398768673557537,0.5398768444890086,0.5398768313816866,0.5398768262756867,0.5398767018327522,0.5387893192531282,0.5387893617336827,0.538789355149882,0.5387893557000694,0.5387893504583725,0.5387893240991383,0.5387893128383894,0.5387892779175701,0.5387892752715374,0.538789268992668,0.5387892706956136,0.538788851054952,0.5387888210852816,0.5387888083021098,0.538789181675004,0.5346660792441349,0.5346660710873723,0.5346661210915912,0.5346662207890883,0.534666219431962,0.5346662195147404,0.5346662196422018,0.5346662177148699,0.5346662109536814,0.5346662111850121,0.5346662079063165,0.5346662080453747,0.5346662052260472,0.5346661553324654,0.5346661538514104,0.5346661354533352,0.5346661295877257,0.534666124027094,0.5346661216803926,0.5346661707561091,0.5346661699045675,0.5346661694904608,0.5346661725088151,0.5346661723480192,0.5346661488557445,0.5275874525631101,0.5275874495493545,0.5275874565617942,0.5275873705128553,0.5275873767013243,0.5275873783202737,0.5275873844235554,0.5275873883250389,0.5275873944174239,0.5275873995834578,0.5275874060854886,0.5275874099221239,0.5275874045659112,0.5275874103073697,0.527587415984034,0.5275874071203999,0.5275874030921678,0.5275874044964229,0.5275874097087132,0.5275871065092327,0.527587108168324,0.5275870382519356,0.5275870386387495,0.5275870393131926,0.5275870400437245,0.5275870405760975,0.5275870381748073,0.5275870388939964,0.527587037321746,0.5275870379913358,0.5275870386603355,0.5275870387638043,0.5275870393978661,0.5275870384245291,0.5275870370411461,0.5275870376529517,0.5275870383120137,0.5275870389554314,0.5275870396123759,0.527587039989513,0.5275870405257399,0.5275870411063374,0.5275870417613111,0.5275870421107401,0.5275870426906464,0.527587043326696,0.52758704317766,0.5275870433259673,0.5275870439609032,0.5275870427292612,0.5275870433364527
29,0.5405918329089232,0.5384835739083539,0.538240608683583,0.538240583349118,0.5382405644088021,0.5391299208762941,0.5391299160994115,0.5391299096900795,0.5391299095379652,0.5391298900031991,0.5382010522324859,0.5382010575254736,0.5382010487798813,0.5382010550771644,0.5382010560908271,0.5382010541726648,0.5382010815635986,0.5382010795545983,0.5382010747804374,0.5382010741590229,0.5382010560445492,0.5382010153758519,0.5382010076407473,0.5381412622361383,0.5381413048250725,0.5381412717653398,0.5381412641477289,0.5381412848853773,0.5381413267651727,0.5381413253542683,0.5381413251867523,0.5381413251861756,0.5381413233401827,0.5381413190708783,0.5381413193349838,0.5381413160884289,0.5381413161562433,0.5381412475647128,0.5381412397471751,0.5381412363577022,0.5381412236278991,0.5381412199790508,0.5344386021817139,0.5344386074590715,0.5344385634940116,0.5344385677093818,0.5344385720537822,0.534438555682119,0.5344385580160192,0.5344385519111156,0.5344385509416243,0.5344385495604117,0.5344385527742394,0.5344385133403925,0.5344385161764618,0.534438516918373,0.534438519714107,0.5344385215018176,0.5344385242938329,0.5344385266613243,0.534438529640991,0.5344385313992858,0.5344385289447076,0.5344385315759838,0.5344385341772343,0.5344385301151351,0.5344385282691742,0.5344385289122359,0.5344385313009318,0.5344383923631723,0.5344383931237665,0.5344383935676281,0.5344383939501928,0.5344383946170727,0.5344383953394256,0.534438395865758,0.5344383934913419,0.5344383942025812,0.5344383926477732,0.5344384153043691,0.5344384162071056,0.5344384163467724,0.5344384172023727,0.5344384158889144,0.5344384140187339,0.5344384148441662,0.5344384157334662,0.5344384166016479,0.5344384174880008,0.5344384179968339,0.5344384187203304,0.5344384195036689,0.5344384203873663,0.5344384208588323,0.534438421641288,0.5344384224994321,0.534438422298426,0.5344384224985478,0.5344384233551567,0.5344384216934392,0.5344384225126548
30,0.5424734274689899,0.5422000247133372,0.5422000136217725,0.5422000108694041,0.5422000097125738,0.5422000284764806,0.5422000316518336,0.5422000308710816,0.5422000334939363,0.5422000362053634,0.5422000179733069,0.5422000092969068,0.5422000055596532,0.542199996637559,0.5421999992355039,0.542199997363117,0.5430482563341194,0.5430482485378881,0.5430482467522928,0.5430482457123199,0.5430482445583141,0.5430482295671448,0.5430482255919543,0.5430482256715281,0.5430482735218781,0.5430482628777684,0.5430482590519881,0.5430482755241777,0.5430483173951524,0.5430483166775665,0.5430483170622658,0.543048316821782,0.5430483158688947,0.5430483118962135,0.5430483119209731,0.5430483102860856,0.5430483101444058,0.5430482249667701,0.543048216379037,0.5435743644434776,0.5435743519998584,0.5435743476861777,0.5435743338741615,0.5435743321835157,0.54357439951945,0.5435743978042251,0.5435743963300977,0.5435744060930171,0.543574405410028,0.543574397354893,0.5435744049327486,0.5435744014039746,0.543574408705581,0.5435744805653349,0.543574477547383,0.5435744775251412,0.5435744760481014,0.5435744607657362,0.5425837908829495,0.5425837947032216,0.5425839872980865,0.5425839928205466,0.5425839991983499,0.5425840001981532,0.5425839930326647,0.5425839884253673,0.5425839914506836,0.5425839864015553,0.5425839873862853,0.5425807342959068,0.5425807355119268,0.5425807557506885,0.5425807577893534,0.5425807766372754,0.5425807777578984,0.5425807998741302,0.5425807542199553,0.542580755341387,0.542580754443451,0.5425807547957345,0.5425807554922425,0.5425807552221169,0.5425807765561413,0.5425807754143579,0.5425807312043405,0.5425807321758194,0.5425807541747056,0.5425807551519249,0.5425807775608642,0.54258077825757,0.5425807942228907,0.5425807949123824,0.5425808166189772,0.5425808139374018,0.5425808302075775,0.5425804684619211,0.5425804701575084,0.5425804703522226,0.5425804825521754,0.5425804846876867,0.5425804846554529
31,0.5464355557806744,0.54962629440329,0.5496262621011321,0.5496262411780841,0.5496262217018253,0.5496262026353944,0.5496261830983804,0.5496261775068642,0.549626175197074,0.5496261553677495,0.5496261574726671,0.5496261925088611,0.5496261867269981,0.5506557074836566,0.5506557056267225,0.5506556958614661,0.550655677296954,0.5506556628352124,0.5506556620073009,0.5506556598465355,0.5506556666732186,0.5506556543112049,0.5506556495369442,0.550655647808907,0.5506557360901527,0.5506557271135235,0.5506557245619219,0.5506557525178754,0.550655837414719,0.550655836982225,0.5496764476338261,0.5496764495040319,0.5496764487625979,0.5496764485769938,0.5496764493298452,0.5496764476636609,0.5496764484199581,0.54967644799917,0.549676448168589,0.5496764480445473,0.5496764448419629,0.5496764450226507,0.5496764446481881,0.5496764454522749,0.5496764437480622,0.5496764443500373,0.5496764450032511,0.549676443242936,0.549676443610541,0.5496764416386871,0.5496764418821383,0.5496764411930503,0.5494858260480737,0.5494858351794827,0.5494858646248947,0.5494858660808047,0.549485866209927,0.5494858571248179,0.5494858573550576,0.5494858587717529,0.5494858587357705,0.5494858606865114,0.5494858630043005,0.5494858631346534,0.5494858626937265,0.5494858618974614,0.5494858631078121,0.5494858625026738,0.5494858626359453,0.5494858781953025,0.5494858781721186,0.5494858764949064,0.5494858769903213,0.5494858756904472,0.5494858756842065,0.5494858742822141,0.5494858768433573,0.5494858768312945,0.5494858772579251,0.5494858771880344,0.5494858769415066,0.549485876843287,0.5494858753041427,0.5494858754120838,0.549485877977392,0.5494858779649601,0.5494858763233801,0.5494858763110485,0.5496133237041048,0.5496133237501493,0.5496133231504512,0.549613323155282,0.5496133224551671,0.549613423421403,0.5496134236310991,0.5496134246682377,0.5496134251197511,0.549613425369085,0.5496134254902398,0.5496134245963106,0.5496134255494188
32,0.5444636394656008,0.5525387010778262,0.55253866658663,0.5525386455890974,0.5525386270125148,0.5525386099847561,0.5525385934276557,0.5525385881989853,0.5525385869423145,0.5525385705239682,0.5525385737178691,0.5525386047040777,0.5525385979911517,0.5545413053821674,0.5545413026670746,0.5545412991901274,0.5545412955431189,0.554541291632122,0.5545412936188225,0.554541292042087,0.5545412991601657,0.5545413015586883,0.5545413002378841,0.5545412973435737,0.5545413266678956,0.5545413263584202,0.5545413289074054,0.5545413341741448,0.5545413499738706,0.554541350577346,0.554541329040071,0.554541354813318,0.5545413552518991,0.5545413550362096,0.5545413543717755,0.5545413554732388,0.554541354691636,0.5545413541029891,0.5545413534332111,0.5545413526731254,0.5545413539338646,0.5545413534491976,0.5545413529722448,0.554541352246207,0.5545413582963554,0.5545413577164852,0.5545413571188913,0.5545413593710438,0.5545413590500018,0.5545413598895457,0.5545413600234138,0.5545413602133734,0.5545412814718358,0.554541300948548,0.5545412995477711,0.5545412991815238,0.554541297800334,0.5545414646416638,0.554541465747148,0.5545414666854774,0.5545414678648947,0.5545414685620176,0.5545414675912433,0.5545414686331205,0.5545414696630728,0.5545414680544124,0.5545414673241847,0.5545414675787941,0.5545414685246699,0.5545414135084646,0.554541413809638,0.5545414139852364,0.5545414141368021,0.5545414144006893,0.5545414146867059,0.5545414148950123,0.5545414139551279,0.5545414142366709,0.5545414136211263,0.5545414138832901,0.5545414141447673,0.554541414185281,0.5545414144333417,0.5545414140522295,0.5545414135099008,0.554541413749387,0.5545414140072671,0.55454141425918,0.5545414145162568,0.5545414146639293,0.5545414148736926,0.5545414151010384,0.5545414153572223,0.5545414154938393,0.554541415720693,0.5545414159696812,0.5545414159114619,0.554541415969488,0.5545414169194572,0.5545414164245677,0.5545414166685939
33,0.5546219041002322,0.5615047915198176,0.5615047846534836,0.5615047811880992,0.5615047793458322,0.5615047775371453,0.5615047779949124,0.561504774287367,0.5615047738182235,0.561504772950791,0.5615047755797716,0.5615047934624532,0.5615047879183961,0.5615048409808244,0.5615048427302266,0.562616679312445,0.5626166787203197,0.5626166915203331,0.5626166873349188,0.5626166872145841,0.5626166611631662,0.5626166459140081,0.5626166429452348,0.5626166454121185,0.5626166358260645,0.5626166283808873,0.5626166215900347,0.5626166270717909,0.5626166258910944,0.5626166244068458,0.5626166248973185,0.5626166426662101,0.5626166408374975,0.5626166379255886,0.5626166756282034,0.5626166708488686,0.5622962836734936,0.5622962831743407,0.562296283172266,0.5622962834665037,0.5622962776467085,0.5622962777511141,0.5622962770829979,0.5622962782977661,0.5622962826797416,0.5622962835708547,0.562296284549089,0.562296283875915,0.5622962844383652,0.5622962808929827,0.5622962813266446,0.5622962799851721,0.5622962842055858,0.5622962977723326,0.562296297856545,0.5622963009758026,0.5622963015349771,0.562296294513452,0.5622962951876794,0.562296276247667,0.5622962756460207,0.5595122256615479,0.5595122456386619,0.5595122476490577,0.559512248566727,0.5595122437034044,0.5595122577841308,0.559512256734303,0.5595122586183081,0.5595119617098696,0.5595119621845588,0.5595119600504183,0.5595119341989794,0.5595119328410002,0.5595119329440911,0.5595119317694441,0.5595119336375244,0.5595119337249528,0.5595119358734175,0.559511935826378,0.5595119353805548,0.5595119351103821,0.5595119333606462,0.559511933770541,0.5595119358691517,0.5595119359572206,0.5595119341608643,0.5595119342371598,0.55951193249769,0.5595119326417282,0.5595119315676939,0.5595119315746366,0.5595119303427005,0.5595119285257576,0.5595119275015107,0.5595119275446191,0.5595119317495175,0.5595119317779648,0.5595119308185519,0.5595119372625259,0.5595119372939074
34,0.5581236656226986,0.5678913323371995,0.5678913070748993,0.5678912914613358,0.5678912772787543,0.5678912648699568,0.5678912519740804,0.5678912503626941,0.5678912469356397,0.5678912366223052,0.5678912326243163,0.567891269231922,0.5678912710664807,0.5678912929366704,0.5678912901052536,0.5703631635796074,0.5703631541231602,0.5703631450805373,0.5703631468087925,0.5703631426228282,0.570363149298119,0.5703631436273179,0.5703631379081683,0.5703631324184328,0.5703632318904809,0.5703632254346271,0.5703632265611207,0.5703632501912164,0.5703632936930492,0.5703632940475265,0.5703632918148227,0.5703632895846783,0.5703632896119183,0.5703632864705137,0.5716524635944815,0.5716524636590627,0.5716524490593167,0.5716524457993661,0.5716524432324023,0.571652440488035,0.5716524366826254,0.5716524346378562,0.5716524315371987,0.571652430200011,0.5716524694597004,0.5716524682655365,0.5716524671260903,0.571652478757046,0.5716524782138608,0.5716524763122437,0.5716524753247303,0.5716524739645517,0.5716524770870387,0.5716525312558698,0.5716525298417928,0.5716525422156221,0.5716525413870879,0.5716525354099354,0.5716525347589763,0.5716525369635428,0.5716525392083792,0.5716525541715257,0.5716524625432604,0.5716524600975214,0.5716524569944733,0.5716524594771923,0.5648191464892014,0.5648191466310387,0.5648191526373383,0.5648180654254332,0.5648180673856155,0.5648180698439603,0.5648180634708194,0.5648180668075962,0.5648180685060008,0.5648180723428032,0.5648180617280965,0.564818063393007,0.5648180630950014,0.5648180645178174,0.5648180657281971,0.5648180656866783,0.5648180690060716,0.5648180674894238,0.5648180593148889,0.5648180607637108,0.564818064356871,0.5648180658446573,0.5648180695394526,0.5648180705519219,0.5648180734217487,0.5648180746920226,0.5648180785765451,0.5648180779389914,0.5648180808872543,0.5648180823112615,0.564818090508792,0.5648180908874403,0.564818095210872,0.5648181040860188,0.5648181054339264
35,0.5616416460172523,0.5720801970695469,0.5720801737010601,0.5720801582308644,0.5720801431926875,0.5720801295370715,0.5720801140670657,0.572080113909103,0.5720801085545475,0.572080096912537,0.5720800885291846,0.572080138699884,0.57208014551019,0.5720801495122271,0.5720801436597557,0.5730751094318869,0.5730751005762088,0.5730750991108787,0.573075101352647,0.573075097410796,0.5730750986085072,0.5730750954766372,0.5730750904975563,0.5730750849358108,0.573075160724905,0.5730751556976484,0.5730751577752337,0.573075175615149,0.5730752214428001,0.5730752219988609,0.5730752198131485,0.5730752176034275,0.5730752178717273,0.5730752141551946,0.5753858620349307,0.5753858643432037,0.575385860837501,0.5753858573450188,0.5753858535933923,0.5753858501729562,0.5753858496146738,0.5753858471792721,0.5753858439954722,0.5753858416488249,0.5753858889021162,0.575385886934097,0.5753858849688956,0.5753858995788548,0.5753858985801986,0.57538589868955,0.5753858984151208,0.5753858977282759,0.5753858989602835,0.5753859661442434,0.5753859644039093,0.5753860528651605,0.5753860526179735,0.5753860498641513,0.5753860497485801,0.5753860513647105,0.5753860550916069,0.575386062229796,0.5688510857838268,0.5688510905198088,0.5688510942432662,0.5688510850439878,0.5688510375218621,0.5688510369161446,0.5688510403184819,0.5688501936455143,0.5688501947194227,0.5688501952737224,0.5688502014709585,0.5688502029301269,0.5688502039896958,0.5688502060214786,0.5688502003027365,0.568850201334391,0.5688502036973785,0.5688502045334737,0.5688502051939324,0.5688502050385635,0.568850206274168,0.5688502058678451,0.5688502016659278,0.5688502025911636,0.5688502040844018,0.5688502050082812,0.5688502066317348,0.5688502073531854,0.5688502087335165,0.5688502094973417,0.5688502114811981,0.5688502106072201,0.5688502120210234,0.5688502129000407,0.5688502329457463,0.5688502332014425,0.5688502361206346,0.568850255165553,0.5688502560193749
36,0.5705680916877887,0.574480724774767,0.5744807172494784,0.5744807114307768,0.5744807060293015,0.5744806997666291,0.5744806942528309,0.574480691182205,0.5744806857926062,0.5744806809305002,0.5744806751539059,0.5744808798348408,0.5744808815976252,0.5744808787400022,0.5744808736295742,0.5744809086659028,0.5744808992328221,0.5744809344937278,0.5744809340930204,0.5744809295631733,0.5744808854147236,0.5744808726165805,0.57448086522004,0.5744808606256167,0.5744808932970205,0.5744808833717656,0.574480881222563,0.5744808289471418,0.5744807916770852,0.5744807912741454,0.5744807892281375,0.5744807870860144,0.574480786299469,0.57448078649741,0.5744808000937351,0.5744807988256576,0.5744807966122282,0.5744807925355491,0.5744807933615942,0.5744807903800073,0.5744807819680233,0.5744807794134833,0.5744807753073857,0.5744807743076596,0.5744808655757784,0.574480864584051,0.5744808636730844,0.5744808962086996,0.5744808958551471,0.5744808912476619,0.5744808783652737,0.5744808757363339,0.5744808801183748,0.5744812140055553,0.5744812126240646,0.5768096126039954,0.57680961187166,0.5768096304773593,0.5768096299584458,0.5768096317996659,0.5768096776580491,0.5768096850243611,0.5768097303303397,0.5768097295989434,0.5768097281069636,0.5768097275893297,0.5768097410658523,0.5768097396198922,0.5768097390181006,0.576809260429082,0.576809260156374,0.5768092583634306,0.5768092610590608,0.5768092598990369,0.5768092596800637,0.5768092593081058,0.5768092610948918,0.576809260864168,0.5768092683638306,0.5768092680550316,0.5768092676356845,0.5768092673327913,0.5768092657577463,0.5768092673668435,0.5768092687759385,0.5768092686713198,0.5768092676182275,0.5768092674187669,0.5768092663048482,0.5768092664153586,0.5768092657762647,0.576809265543983,0.5768092649650154,0.5768092638213683,0.576809263476313,0.576809263268872,0.5768091882117968,0.5768091879998953,0.5768091875334943,0.5915720627581357,0.5915720563458726
37,0.5761681556359548,0.5811219826024633,0.5811220351794611,0.5811220770985073,0.581122125788662,0.5811221725186029,0.5811222369423326,0.5811222275083721,0.5811222408234872,0.5811222921888499,0.5811223218134662,0.5850093486499394,0.5850093122104736,0.5850093390679942,0.5850093596482783,0.5850094339819945,0.5850094596159129,0.585009555401478,0.5850095378709046,0.5850095486261627,0.5850094194206404,0.5850093903783208,0.5850093970840867,0.585009419254142,0.5850088982238905,0.5850088937025439,0.5850088772625905,0.5767685835343609,0.5767682348332599,0.57676822780608,0.5767682375667259,0.5767682471737882,0.5767682408199436,0.5767682501953304,0.5767682575003308,0.5767682424817802,0.5767682508060372,0.576768255165017,0.5767682753419319,0.5767682827302061,0.5767682600993197,0.5767682642612161,0.5767682671645343,0.5767682756117855,0.5767678825532878,0.5767678825599643,0.5767678826321462,0.576767917230419,0.576767917389035,0.5767679126834896,0.5767678915079925,0.5767678891815097,0.5767678929468499,0.6034361490995587,0.6034361243948332,0.6034361179351857,0.6034360935709511,0.6034360779951153,0.6034360536744928,0.6034360330520036,0.6034360070956576,0.6034359917807243,0.6034360131652063,0.6034359902451937,0.6034359675838469,0.6034360029666428,0.6034360190481864,0.6034360134415488,0.6034359926345239,0.6034372030385213,0.6034371964158524,0.6034371925468941,0.6034371892158198,0.6034371834059198,0.6034371771153932,0.6034371725287282,0.6034371932112379,0.6034371870183457,0.6034372005571513,0.6034371947914532,0.603437189030539,0.6034371881392662,0.6034371826769328,0.6034371910583963,0.6034372029974346,0.603437197729703,0.6034372010956276,0.6034371956504844,0.6034371900884108,0.6034371868967203,0.6034371823570811,0.6034371774434448,0.603437171898657,0.6034371689413601,0.6034370920358035,0.603437085956062,0.6034370873807053,0.6034370859631324,0.6034370798917992,0.6034370916651637,0.6034370858615611
38,0.5769257899820064,0.5949460617353727,0.5949460597458222,0.5949460636255004,0.5949460724552997,0.5949460827592964,0.5949461008060882,0.5949460945333428,0.594946100684157,0.594946113972852,0.5949461293640581,0.6064499280860384,0.6064499318801669,0.6064499282014588,0.6064499242029369,0.6064499286778363,0.6064499221191851,0.6064499308039,0.6064499321926791,0.6064499291284342,0.6064499194135247,0.6064499163326749,0.606449912370757,0.6064499082504377,0.6064494337354724,0.6064494270739543,0.6064494494199294,0.597201298703804,0.5972011839777729,0.5972011849503978,0.5972011817673256,0.5972011785689656,0.597201179166755,0.5972011840189209,0.5972011816249156,0.5972011837913574,0.5972011806563247,0.597201176934349,0.5972011848303953,0.5972011812537927,0.5972011798853823,0.5972011771960303,0.5972011737360747,0.5972011712730216,0.5783318756398133,0.5783318979224552,0.5783319209181201,0.5783319402415525,0.5783319527014588,0.5783319146926899,0.5783316258586536,0.578331615708356,0.5783316369526548,0.5783310727945762,0.57833108902506,0.578331198167572,0.5783312147634111,0.5783313209786152,0.5783313377871242,0.5783313543652294,0.5783315589883813,0.5783315765546205,0.578331589143559,0.5783316046681808,0.5783316191440442,0.5783315931372576,0.5783315920777915,0.578331594365774,0.5783316085364845,0.5783286909685659,0.5783286956481044,0.5783287037245399,0.5783287085629023,0.5783287179292655,0.5783287223984227,0.5783287337886868,0.5783287058383055,0.5783287102295732,0.5783287314766332,0.5783287354649393,0.5783287393654929,0.5783287396796603,0.578328749262165,0.5783284609880743,0.5783284483308401,0.5774874954197762,0.5774875022203728,0.5774875033335156,0.577487510516936,0.5774875116971889,0.5774875170080136,0.577487517926283,0.5774875251789205,0.5774875246465374,0.5774875269793553,0.5774875280241071,0.5774875369593758,0.5774875373400119,0.57748754515929,0.5774875668167824,0.5774875678042568
39,0.5307186076723621,0.513515562909595,0.5135153487803912,0.5096901458019134,0.50969011042343,0.5096900838508635,0.508035666697736,0.508035666221052,0.5080356673845247,0.5080356696666902,0.5080356719411876,0.5080356666936285,0.5080356643547638,0.5080356663322694,0.5080356678190782,0.5080356697231124,0.5080356717198001,0.508035673860324,0.5080358839469015,0.5080361133525209,0.5080360775053719,0.5080360654208501,0.5080360720711895,0.5080360866472219,0.5080359389905029,0.5080359405470324,0.5080359277073087,0.5080359011905914,0.5080358216385276,0.508035818601362,0.5080358237558126,0.5080358288657182,0.5080358262624671,0.5080358275408892,0.5080358314846309,0.5080358249462918,0.5080358295854257,0.5080358330788403,0.5080358370515851,0.5080358415628627,0.5080358340783176,0.5080358369547104,0.5080358397852234,0.508035844094473,0.5080358081946471,0.5080358116366259,0.5080358151839992,0.508035801815825,0.5080358037215709,0.5080357987371865,0.5080357979460656,0.5080357968182901,0.508035799442429,0.5080357672440732,0.5080357695598524,0.5080357701654717,0.5080357724492723,0.5080357739090149,0.5080357761888112,0.5080357781218875,0.5080357805545637,0.508035781990276,0.5080357799859093,0.5080357821344067,0.5080357842586178,0.5080357809418018,0.5080357794344709,0.5080357799599367,0.5080357819104251,0.50803566847533,0.5080356690962845,0.5080356694581541,0.5080356697704993,0.5080356703145018,0.508035670904309,0.5080356713335148,0.5080356693959003,0.5080356699766154,0.5080356687071412,0.5080356692477667,0.5080356697879191,0.5080356698715018,0.5080356703828031,0.5080356695969559,0.5080356684791546,0.5080356689730524,0.5080356695044989,0.5080356700239315,0.508035670553659,0.5080356708581379,0.5080356712905829,0.5080356717593393,0.5080356722874345,0.5080356725695925,0.5080356730373323,0.5080356735507958,0.5080356734304935,0.5080356735502201,0.5080356740622202,0.5080356730679259,0.5080356735581079
40,0.5329041113070815,0.5225212045952967,0.5225211339969549,0.5216599493575581,0.521659987267288,0.5216599746317176,0.5216599592203589,0.5216599482973879,0.5228618297604616,0.5228618214786277,0.5228618224240803,0.5228618315896599,0.5228615479657197,0.522861542747452,0.5214062098105392,0.521406186201423,0.521406180326379,0.5214061494943086,0.5214061423097514,0.5214061318401264,0.5214061281773812,0.5214061191136407,0.5214061113102814,0.5214061073085137,0.5214062687960367,0.5214062632187259,0.5214062383920599,0.5214062830332977,0.5214063978526166,0.5214063923689582,0.5214063908508834,0.5214063893539901,0.5214064715163754,0.5214064588890648,0.5214064594751963,0.5106190258492995,0.5106190387251982,0.5106190484211255,0.5106190594480716,0.5106190719691454,0.5106190511954819,0.5106190591789025,0.5106190670347749,0.5106190789951469,0.5106189793531049,0.5106189889063505,0.5106189987521759,0.5106189616486562,0.5106189669381285,0.5106189531036288,0.5106189509067526,0.5106189477765779,0.5106189550597553,0.5106188656880951,0.5106188721154897,0.5106188737968577,0.5106188801356752,0.5106188841879133,0.5106188905154796,0.5106188958808981,0.5106189026340507,0.5106189066186971,0.5106189010556472,0.5106189070188081,0.5106189129146075,0.5106189036897607,0.5106188995062936,0.5106189009648179,0.5106189063778223,0.5106185915027569,0.5106185932258391,0.5106185942317725,0.5106185950984826,0.510618596609536,0.5106185982461643,0.5106185994389443,0.510618594058943,0.5106185956701844,0.5106185921478299,0.5106185936478933,0.5106185951467351,0.5106184190285628,0.5106184186382999,0.5106184192366107,0.5106184200895698,0.5106184197135818,0.510618419307881,0.5106184189123922,0.5106184185080338,0.5106184182762489,0.510618417946263,0.5106184175893589,0.5106184171863036,0.5106184169715654,0.5106184166147243,0.5106184162237783,0.5106184163153451,0.5106184162242202,0.5106184158334975,0.5106184165904559,0.5106184162172868
41,0.5279223788025279,0.5265507399793079,0.5250082758701141,0.5250081300547375,0.531154060439732,0.5311540106805644,0.5311539451378626,0.5311531774656881,0.5311531673732987,0.5311530144613271,0.5311530023619012,0.5311531737107392,0.5308657320061904,0.530865743408182,0.5308657257423118,0.5308654085886706,0.5308653866109134,0.5308649699281401,0.5308649727971767,0.5308649579400818,0.5308638508079384,0.5308638478874298,0.5308638234890164,0.5308637985446102,0.5308658959092336,0.5308658839667767,0.530396973663225,0.5303976336712517,0.5303989755240502,0.5303989790884767,0.5303989660451396,0.5303989531224872,0.530398943655038,0.5303988814845526,0.5303988716110131,0.5303988720006751,0.5303988602818301,0.5303988499920244,0.5303987442346881,0.5303987323062153,0.530398717574756,0.5303987069007728,0.5303986977137813,0.5303986869488635,0.5303990684332938,0.5303990593657081,0.5303990504467808,0.5303990854137162,0.5299007822312465,0.5299007886752284,0.5299009056434774,0.5299008830562426,0.52990087604772,0.5299013055679578,0.52990129819135,0.5299012690225262,0.529901261839282,0.5299012186258706,0.5299012116350452,0.5299012060806082,0.5299011306637954,0.529901127192797,0.5299011352399254,0.5299011276421423,0.5299011205070576,0.5299011175866513,0.5299011231401661,0.5299011203142149,0.529901114094838,0.5299022615540712,0.5299022594698336,0.5299022533428097,0.529902252555401,0.5299022467601534,0.529902244805797,0.5299022387641449,0.5299022426502522,0.5299022406932078,0.5299022453646716,0.5299022434767284,0.5299022416138927,0.5299022392063005,0.5299022323830376,0.5299022351279647,0.529902247570238,0.5299022458992484,0.529902238835453,0.529902237073865,0.529902229872896,0.5299022288522218,0.5299022235563939,0.5299022217172814,0.5299022147981619,0.5299022135213016,0.5299022080306253,0.5299022062964173,0.5299022071117087,0.529902206681147,0.5299021996437296,0.5299022037376786,0.5299022021021376
42,0.5318043093710025,0.5303289521281893,0.5270490000094408,0.5270489487394373,0.528242241595611,0.5282422737447269,0.5282422641795821,0.5242138903745828,0.5242138911078174,0.524213829172921,0.5242138325112895,0.5242138375747597,0.5242138229259921,0.5242138278989211,0.5242138291969234,0.5242138205275667,0.5242138218412218,0.5252922759567492,0.5252922726056175,0.5252922677404487,0.5252922199872918,0.5252921822719898,0.5252920962892671,0.5252920923060178,0.5252922839538166,0.5252922703575549,0.5252922509725511,0.5252923005954958,0.5252924109070377,0.5252924093756023,0.5252924078052928,0.5252924062726467,0.5252924022821266,0.5252923947526401,0.5252923936821745,0.5252923886488288,0.525292387266707,0.5252923844037651,0.525292374351037,0.5252923723562863,0.5216739631011242,0.5216739622204297,0.5216739619970185,0.5216739630789997,0.5216739789692032,0.5216739782946628,0.521673979165621,0.5216739764639002,0.5216739768832614,0.5216739709011529,0.5216739778434271,0.5216739665673656,0.5216739676550357,0.5216739938692403,0.5216739943326377,0.5216739917800772,0.5216739922729594,0.5216739880200683,0.5216739885922699,0.5216739892404417,0.5216739779135511,0.5216739786164359,0.5216739789696072,0.5203963390966956,0.5203963403949475,0.5203963383676872,0.5203963374464317,0.5203963377676067,0.5203963389596316,0.5203962696246156,0.5203962700041117,0.5203962702255159,0.5203962704163972,0.5203962707490576,0.5203962711095145,0.5203962713720537,0.5203962701873887,0.5203962705422905,0.5203962697664662,0.5203962700968557,0.5203962704269698,0.5203962704780138,0.5203962707907355,0.5203962703104572,0.5203962696269063,0.5203962699287311,0.520396270253759,0.5203962705712322,0.5203962708951769,0.5203962710812511,0.5203962713456757,0.5203962716321922,0.5203962719551379,0.520396272127593,0.5203962724135475,0.5203962727273683,0.5203962726538556,0.5203962727270226,0.520396273040133,0.5203962724325057,0.5203962727320488
43,0.5352569290221996,0.5340720267017992,0.531726118394645,0.5317260212995354,0.5317259636460592,0.5364279077987484,0.5364278852497647,0.5364278227420953,0.5364278176214833,0.5340048224149264,0.534004785435537,0.5340048044963092,0.5340047946895026,0.5340047972453472,0.5340047956357635,0.5340047823026138,0.5340047781166392,0.5340047606280001,0.5340047567989052,0.5340047533569985,0.5340047381117825,0.5256748834567981,0.5256748922637576,0.5256749115858609,0.5256747158558809,0.5256747179120997,0.5256747008917756,0.5256746657430054,0.5256745602906019,0.5256745562606223,0.5256745630930998,0.5256745698665292,0.5256745664157705,0.5256745681103897,0.525674573338054,0.525674564671218,0.5256745708205879,0.525674575451124,0.5256744922974467,0.5256744964397406,0.5256744895657712,0.5256744922029262,0.525674494801539,0.5256744987581853,0.5256744657969722,0.5256744689573344,0.5256744722144366,0.5256744599401392,0.5256744616899616,0.5256747369196031,0.5256747349533991,0.5256747321524206,0.5256747386693936,0.5256746587020104,0.5256746644532512,0.5256746659576603,0.5256746716296797,0.5256746752553179,0.5256746809172371,0.525674685718233,0.5256746917605939,0.5256746953261459,0.5256746903483885,0.5256746956841943,0.5256747009597492,0.5256746927223821,0.5256746889787525,0.525674690283834,0.5256747678874195,0.5256744351348136,0.5256744369556523,0.5256744380189171,0.5256744389347757,0.525674440531806,0.525674442261285,0.52567444352196,0.5256744378362845,0.5256744395389219,0.5256744358166506,0.5256744374018587,0.525674438985752,0.5256744392307642,0.5256744407322159,0.5256744384278451,0.5256744351460115,0.5256744365942277,0.5256744381548598,0.525674439678027,0.5256744412334918,0.5256744421263309,0.5256744433958962,0.5256744447704054,0.5256744463211145,0.5256744471483054,0.5256744485213461,0.5256744500270399,0.5256744496742387,0.5256744500253457,0.5256744515286168,0.5256744486131205,0.5256744500504215
44,0.5386082807539673,0.5361401714126856,0.5347767131510324,0.5347766161719034,0.5347765471613984,0.5397815470377769,0.5397815254520273,0.5397815153919686,0.5397815113304065,0.5397814150256831,0.5380531679217772,0.5380531933092674,0.5380531856470891,0.5380531878315237,0.538053185028382,0.5380531707091872,0.5380531629195741,0.5380531437745015,0.5380531404624198,0.5380531361584072,0.5380531266857581,0.5380528456205836,0.5380528232308704,0.5380528135196326,0.5380530563560781,0.5315186118440366,0.5315185972298277,0.5315185670510508,0.5315184765073545,0.5315184730470486,0.5315184789136495,0.5315184847295791,0.5315184817665998,0.5315184832216132,0.531518487710244,0.53151848026854,0.5315184855486232,0.5315184895244439,0.5315184940441737,0.5315184991786128,0.5315184906591565,0.531518493932628,0.5315184971535785,0.5315184988298044,0.5315184584896409,0.531518462357491,0.5315184663438101,0.5315184513216274,0.5315184534631763,0.5315184478606154,0.5315181457811213,0.5315181464223044,0.5315181449301069,0.5315181632444782,0.5315181619274779,0.5315181615828444,0.5315181602839749,0.5315181594532933,0.5315181581567977,0.5315181570574241,0.5315181556732305,0.5315181548568321,0.5315181559967888,0.5315181547749606,0.5315181535668834,0.5315181554530398,0.531518156310316,0.5315181560111797,0.5315181549020854,0.5315182194424456,0.5315182190893691,0.5315182188819745,0.5315182187043994,0.5315182183944133,0.5315182180590466,0.5315182178142681,0.5315182189173873,0.531518218587277,0.5315182193090273,0.5315182190016746,0.5315182186945095,0.5315182186470178,0.5315182183555008,0.5315182188023633,0.5315184341558661,0.5315184360625936,0.5315184381174914,0.531518440122931,0.5315184421710276,0.5315184433464897,0.5315184450181694,0.5315184468278413,0.5315184488696304,0.531518449958793,0.5315184517666093,0.5315184537490087,0.531518453284574,0.5315184537468189,0.5315184557261674,0.5315184518875192,0.5315184537799531
45,0.5380369782810546,0.5388711903250589,0.5388143063380578,0.5388143005962938,0.5388142966323397,0.5390224381700237,0.5390224425977463,0.5390224383544092,0.5390224392535279,0.5390224374033982,0.5388050419112023,0.5388050453289417,0.5388050404771116,0.5388050442918234,0.5388050447180786,0.5388050444044595,0.5388050862455778,0.5388050877165005,0.538805084582441,0.5388050844459591,0.5388050708045351,0.5388050486531379,0.5388050445394158,0.5387910522363396,0.5387910650404407,0.5387910481599064,0.5387910428165593,0.5387910517860858,0.5387910654010092,0.5387910643614998,0.5387910645061467,0.5387910647782419,0.5387910635076898,0.5387910615334183,0.5387910619258931,0.5387910595748028,0.538791059871919,0.5387909437197045,0.5387909377443704,0.5387909342984575,0.5387909285391186,0.5387909257193176,0.5379215167662602,0.5379215147270202,0.5379215512677487,0.5379215495117898,0.5379215478018397,0.5379215552429505,0.5379215543547143,0.5379215531366867,0.5379215566431501,0.5379215559284363,0.537921556034314,0.5379215928073181,0.5379215913711063,0.5379215904022737,0.5379215890978933,0.5379215846166421,0.5379215836299512,0.5379215831504528,0.5379215784741096,0.5379215786733501,0.5379215812016916,0.5379215800667071,0.5379215754519827,0.5379215763386738,0.5379215778644391,0.5379215751938443,0.5379215741814041,0.5379224348525727,0.5379224432057464,0.5379224422047524,0.5379224466557683,0.5379224492569277,0.5379224572307152,0.5379224576853161,0.5379224415337238,0.537922449364795,0.5379224325301465,0.5390168410816355,0.5390168441197882,0.539016844302105,0.5390168430539919,0.539016838624085,0.5390168374279357,0.5390168403069815,0.5390168390129013,0.539016842036396,0.5390168405476126,0.5390168423420846,0.5390168415491203,0.539016844178482,0.5390168429325737,0.5390168436012949,0.539016842971141,0.5390168458462478,0.539016845889711,0.5390168465658131,0.539016845010317,0.5390168405477477,0.5390168433426198
46,0.545013015428297,0.5430213928370379,0.5430213931835027,0.5430213965476354,0.5430214011037372,0.5430214149118173,0.5430214231219901,0.543021424335332,0.5430214276867338,0.5430214359659385,0.5430214299042803,0.5430214113172589,0.5430214089898956,0.5430213954670368,0.5430213987598278,0.5430214015313525,0.5434084204137527,0.5434084257499486,0.5434084243184373,0.5434084261575179,0.5434084200105378,0.5434084207954051,0.5434084230186412,0.5434084258746483,0.5434083911412444,0.5434083932876841,0.5434083917678394,0.5434083875055559,0.5434083937487014,0.5434083933634766,0.543408396511811,0.5434083977000366,0.5434083974421278,0.5434083956158662,0.5434083963445239,0.5434083955119838,0.5434083965161781,0.5434083662215708,0.5434083631836509,0.5442606214917362,0.544260611230317,0.5442606083667866,0.5442605993497996,0.5442605986103243,0.5442606575873392,0.5442606567241167,0.5442606560537111,0.544260661949252,0.5442606616703125,0.5442606550107948,0.5442606639736118,0.5442606611617441,0.544260667889578,0.5442607241143993,0.5442607217536776,0.5442607218198126,0.5442607210232394,0.5442607084258767,0.5442606542761417,0.5442606554810043,0.5442606453825113,0.544260648345605,0.5442606548018575,0.5442606537448166,0.5442606477980305,0.5442606472674332,0.5442606508334559,0.5442606471509935,0.5442606462467711,0.5442607984969532,0.5442607980745656,0.5442607934609447,0.544260794260155,0.5442607905839497,0.5442607902152177,0.5442607862426451,0.5442607937396716,0.5442607933466796,0.544260795214529,0.544260794486514,0.5442607938816144,0.5442607934860467,0.5442607891995336,0.5442607899560324,0.544260796283125,0.5442607959582874,0.5442607914747177,0.5442607911288514,0.5442607864866467,0.5442607863265915,0.5442607830955336,0.5442607826899754,0.5442607786125602,0.5442607757374492,0.5442607724712911,0.5442607715490334,0.5442607729000961,0.5442607728065619,0.5442607685858897,0.5442607714599623,0.5443265722017825
47,0.5492314563274082,0.5494899310908248,0.5494898995333033,0.5494898791591964,0.5494898601116144,0.5494898416138836,0.5494898224807774,0.5494898177019227,0.5494898156047836,0.5494897965867119,0.5494897983099294,0.5494898306624673,0.5494898259055278,0.5504739441197339,0.550473942366032,0.5504739322001685,0.5504739146569138,0.5504739001332742,0.5504738997164111,0.5504738978612352,0.5504739067138009,0.5504738970656681,0.5504738931361457,0.5504738914645982,0.5504739745624659,0.5504739672682349,0.5504739655586217,0.5504739918214123,0.5504740760286785,0.5504740757633636,0.5494490840991982,0.549449085130427,0.54944908460531,0.5494490848629611,0.5494490856584096,0.5494490843395735,0.5494490852753202,0.5494490859797565,0.5494490867807332,0.5494490876903063,0.5494490861804989,0.5494490867605931,0.5494490873313613,0.5494490882005242,0.5494490809609752,0.5494490816552454,0.5494490823707365,0.5494490796744161,0.5494490800588246,0.5494490790532941,0.5494490788940763,0.5494490786666565,0.5494490049408264,0.5494490117721984,0.5494490453110337,0.5494490453206795,0.5494490453559823,0.5494490453760099,0.5494490454112954,0.5494490454414372,0.5494490454787139,0.5494490455014398,0.5494490454711365,0.5494490455043157,0.5494490455369289,0.5494490454856283,0.5494490454626919,0.5494490454705294,0.5494490455006927,0.5494490437553483,0.5494490437650463,0.5494490437703634,0.5494490437752698,0.5494490437834582,0.5494490437925912,0.5494490437990115,0.549449043769364,0.5494490437784134,0.5494490437587409,0.5494490437671627,0.5494490437755234,0.5494490437768168,0.5494490437844513,0.5494490437722647,0.5494490437554342,0.5494490437631174,0.5494490437710552,0.5494490437791557,0.549449057772468,0.5494490578614376,0.5494490579878221,0.5494490581247403,0.5494490582790794,0.5494491891095684,0.5494491904109257,0.5494491918380385,0.5494491915037636,0.5494491918365095,0.5494491932614267,0.5494491904982309,0.5494491918604879
48,0.5531404132344652,0.5559441181759461,0.5559440999593265,0.5559440895828546,0.5559440812713703,0.5559440738141688,0.5559440679725977,0.5559440637992722,0.5559440639863112,0.5559440572170185,0.5559440615114815,0.5559440790229982,0.5559440719416479,0.5568162416538526,0.5568162426959007,0.5568162977334334,0.5568162998220665,0.5568163050115588,0.5568163020962723,0.5568163030190474,0.5568162904916124,0.5568162829367498,0.5568162825622175,0.5568162853445794,0.556816278455727,0.556816275721692,0.5568162714063087,0.5568162786508456,0.5568163136442053,0.556816312682234,0.5568163046597778,0.5579052718653128,0.557905271219179,0.5579052694348057,0.5579052692055249,0.5579052683192249,0.5579052647951804,0.5579052615158533,0.5579052587900516,0.5579052562170748,0.5579052507172892,0.5579052491180806,0.5579052460446473,0.5579052455040562,0.5579052724324087,0.5579052718619311,0.5579052713825153,0.5579052773949882,0.5579052771976287,0.5579052740566461,0.5579052748737973,0.5579052732540651,0.5579052827216289,0.5579053142958891,0.5579053126690287,0.557905316760256,0.557905316323202,0.5579053991543376,0.5579054003908999,0.556622837162172,0.5566228431868839,0.5566228587011504,0.5566228716363332,0.556622872320575,0.5566228717184398,0.5566228688499854,0.5566228766049118,0.5566228750562572,0.5566228757345748,0.5566227731953833,0.5566227739429068,0.5566227718194526,0.5566227756064921,0.5566227742797102,0.5566227744588222,0.5566227731742832,0.5566227749126234,0.5566227750774259,0.5566227765623448,0.5566227765672649,0.5566227604088712,0.5566227601189959,0.5566227582039124,0.5566227586348089,0.5566227609907625,0.5566227609963065,0.5566227590483505,0.5566227590405434,0.5566227570233986,0.5566227570983757,0.5566227557990888,0.5566227557225859,0.5566227541570498,0.5566227513381301,0.5566227500015304,0.556622749941014,0.5566227527966163,0.5566227527985919,0.5566227512899363,0.5566227559827491,0.5566227559001937
49,0.5548608691206776,0.5630594543211489,0.5630594397145829,0.5630594312969854,0.5630594244487169,0.5630594184966669,0.5630594136133117,0.5630594109550436,0.5630594099493101,0.5630594052394746,0.5630594060759873,0.5630594257894996,0.5630594226952541,0.5630594644733491,0.5630594651541685,0.5647617534608471,0.564761750537577,0.5647617545825451,0.5647617525882558,0.564761751394486,0.5647617389189598,0.5647617284280364,0.564761725149864,0.5647617251241517,0.5647617509339847,0.5647617448171074,0.5647617411372281,0.5647617528217689,0.5647617734210735,0.564761772647592,0.5647617723394236,0.5647617834656341,0.5647617823813652,0.5647617788839049,0.5647618349658715,0.5647618313011904,0.5642711040506984,0.564271104501486,0.5642711050140531,0.5642711055963211,0.5642711046298856,0.5642711050011028,0.564271105366333,0.5642711059225047,0.5642711012903066,0.5642711017346058,0.5642711021925549,0.5642711004672395,0.5642711007132014,0.5642711000696686,0.564271099967722,0.5642710998220749,0.5642711001610125,0.5642710960068562,0.5642710963057683,0.5642710963841576,0.5642710966789899,0.5642710968669731,0.5642710971612984,0.5642710974098281,0.5642710977237485,0.5642709503240441,0.5642709518927765,0.5642709502128738,0.5642709485518588,0.5642709511451223,0.5642709523157547,0.5642709519047004,0.5642709503794102,0.5642710391120338,0.564271038626621,0.5642710383427326,0.5642709232350485,0.5642709215518616,0.5642709197295936,0.5642709184007865,0.5642709243924129,0.5642709225984541,0.5642709265204868,0.5642709248502292,0.5642709231813493,0.5642709229231734,0.5642709213406938,0.5642709237687229,0.564270927227484,0.5642709257015948,0.5642709240566552,0.564270922451769,0.5642709208123133,0.5642709198715966,0.564270918533455,0.5642709170852422,0.5642709154508213,0.5642709145791971,0.564270913132125,0.564270911545583,0.564270911917491,0.564270911547581,0.5642709099631383,0.5642709130354301,0.5642709115210145
50,0.5609287841188801,0.5695996130943344,0.569599586777916,0.5695995701441037,0.5695995545032965,0.5695995408003173,0.5695995256994406,0.5695995252250708,0.569599521199263,0.569599509629801,0.5695995036633178,0.5695995381551624,0.5695995426775979,0.5695995561097015,0.569599552087699,0.5714699928762859,0.5714699841621403,0.5714699786753977,0.5714699810150144,0.5714699771591495,0.5714699828037912,0.5714699802034103,0.5714699754214584,0.5714699699034796,0.5714700522267848,0.5714700475322313,0.5714700497661713,0.5714700710594958,0.5714701256647142,0.5714701262589721,0.5714701241026404,0.5714701219176453,0.5714701222299688,0.5714701180485391,0.5742646612826814,0.5742646644387799,0.5742646565368575,0.5742646526853303,0.5742646482419211,0.5742646442776532,0.574264645060356,0.5742646423074589,0.5742646388641027,0.5742646359436148,0.5742646834792661,0.5742646810583972,0.5742646786263902,0.574264693335332,0.5742646920779478,0.5742646930607377,0.5742646933790861,0.5742646929443403,0.5742646937473684,0.5742647520561026,0.5742647500258978,0.5742647600311254,0.5742647584018603,0.5742647539634024,0.57426475245778,0.5742647529251649,0.5742647534770957,0.5742647610776461,0.5742645188955992,0.5742645137628808,0.5742645082227482,0.5742645152343834,0.5710242557966402,0.571024254187091,0.5710242516396015,0.5710243039561391,0.571024303022317,0.5710242997154361,0.571024304360308,0.5710243016039266,0.5710243007590844,0.5710242982525527,0.5710243047284598,0.5710243038835605,0.5710243079514168,0.5710243070947035,0.5710243061103288,0.5710243058004681,0.5710243026644017,0.5710243042881518,0.5710243097084069,0.5710243090044772,0.5710243057584805,0.5710243050036495,0.5710243018664263,0.5710243015099619,0.57102429934549,0.5710242986318231,0.5710242959896543,0.5710242947024297,0.5710242925557508,0.5710242918073175,0.5710242983465996,0.5710242981821827,0.5710242959727799,0.5710243057105628,0.5710243050068343
51,0.5652349482706727,0.5746418238704358,0.5746418084837426,0.5746417970180532,0.5746417852022236,0.5746417733329878,0.5746417596686151,0.5746417585424052,0.5746417527900657,0.5746417415696281,0.5746417334610175,0.574641821570157,0.5746418271465993,0.5746418229113662,0.574641816723491,0.5746418562296872,0.5746418475157076,0.5746418510051032,0.5746418520984249,0.5746418480242991,0.5746418407740179,0.5746418339923842,0.5746418282149096,0.5746418232087984,0.5746419133205015,0.5746419065916203,0.5746419068948417,0.5746419319052772,0.5746419246471351,0.574641924790743,0.5746419227463418,0.5746419206418941,0.5746419204713137,0.5746419197054081,0.5746419629263743,0.5746419618991048,0.574641960541779,0.5746419579519313,0.5746419576196117,0.5746419557806657,0.5746419500146119,0.5746419484093228,0.5746419457850203,0.5746419452454969,0.5746420042032476,0.5746420036418756,0.5746420031409859,0.5746420228385626,0.5746420226574107,0.5746420195047831,0.5746420133315585,0.5746420115685674,0.5746420145326588,0.5746421886180068,0.5746421877516863,0.5811080696201575,0.5811080635768282,0.5811080597134982,0.5811080536809559,0.5811080485657896,0.58110804212827,0.5811080383299032,0.5811080436246914,0.5811080379392819,0.58110803231801,0.5811080410948072,0.5811080450844943,0.5811080436936976,0.5811080385324131,0.5811083387731614,0.581108337130438,0.5811083361705566,0.5811083353444062,0.5811083339030778,0.5811083323427455,0.5811083312048727,0.5811083363354151,0.5811083347993404,0.5811083381575612,0.5811083367274651,0.581108335298466,0.5811083350773906,0.5811083337222829,0.5811083358013156,0.5811083387630763,0.5811083374565115,0.581108336047951,0.5811083346737846,0.5811083332698678,0.5811083324644023,0.5811083313185746,0.5811083300785341,0.5811083286790032,0.5811083279327179,0.5811083266935729,0.5811083253351225,0.5811080630946484,0.5811080621896103,0.5811080583133719,0.5811083123228095,0.5811083108940691
52,0.5799566899730515,0.5740589503613143,0.5740591740195466,0.5740593498016016,0.5740595506583925,0.5740597469254308,0.5740600148218848,0.5740600066268524,0.574060015893487,0.574060267476322,0.5740602895821507,0.5740611999153928,0.5740611636779579,0.5740611537672003,0.5740611734771294,0.5740616050162032,0.5740616288450124,0.5740621962903982,0.5740621787211136,0.5740621886249522,0.5740615886273801,0.574061557207223,0.5740615625237973,0.5740615838172435,0.5740598589039462,0.5740598533770143,0.5740598294092171,0.5740584019077222,0.5740580995074913,0.5740580969242572,0.5740580990371988,0.5740581010429092,0.5740580984748984,0.5740581101567835,0.574058110837782,0.5740581053768447,0.5740581067015433,0.5740581056898921,0.5740581266329178,0.574058127212042,0.5740581151933034,0.5740581150139029,0.5740581135263086,0.5740581156034161,0.5740581195713109,0.5740581210750909,0.5740581227134942,0.5740581424252935,0.5740581434164548,0.5740581362280144,0.5740581075336656,0.5740581045886183,0.5740581099495974,0.5740593988345926,0.574059406679762,0.5740597798471563,0.5740597892965459,0.5740598563454868,0.5740598660018108,0.5740598766487944,0.574060010663386,0.574060024891033,0.5740600631906551,0.5740600720204195,0.5740600799259459,0.5740600645212589,0.5740600718818446,0.5740600726707712,0.5740600807533001,0.574058154454127,0.5740581572087101,0.5740581636666563,0.5740581680661306,0.5740581751512852,0.574058177780426,0.5740581860878358,0.5740581658584156,0.5740581684437354,0.5740581708162635,0.574058173104809,0.5740581752868619,0.5740581753809467,0.5740581827183562,0.5740581806370858,0.5740581639647098,0.5740581662739794,0.5740581823735107,0.5740581847517495,0.5740581932150828,0.5740581948771819,0.5740582012124437,0.5740582032811479,0.574058211752122,0.5740582119324571,0.5740582188085636,0.5740582211072839,0.5740582449826058,0.5740582456134815,0.5740582552519613,0.5740586716819563,0.5740586755230307
53,0.5696467962216387,0.584171991072017,0.584172023856939,0.5841720515502579,0.5841720848790236,0.5841721173294602,0.5841721629574088,0.5841721546437051,0.5841721665427083,0.5841722014702182,0.5841722278480921,0.5897166922465108,0.5897166650576753,0.589716686177665,0.5897167014647541,0.5897167458933013,0.5897167648757871,0.5897168227407658,0.5897168096435245,0.5897168175947703,0.5897167345529913,0.589716712673771,0.5897167175607742,0.589716734036488,0.5897162672806795,0.5897162631671696,0.5897162557071216,0.5779805584403042,0.577980115958312,0.5779801076962809,0.5779801197813726,0.5779801317002224,0.5779801243291219,0.5779801373518373,0.5779801464511233,0.5779801287705826,0.5779801392647077,0.5779801454639738,0.5779801724387571,0.5779801819995745,0.5779801569220074,0.5779801625193959,0.5779801669818333,0.5779801773367674,0.5779795618635789,0.5779795606375239,0.5779795594264873,0.5779795998740161,0.5779795993331742,0.5779795969327522,0.5779795751540607,0.5779795734816888,0.5779795758302368,0.5925535473105235,0.5925535386008765,0.5925535529176184,0.5925535445019156,0.592553549590546,0.5925535412614992,0.5925535348744178,0.5925535487353664,0.5925535455882857,0.5925535614277849,0.5925535534927295,0.5925535453919704,0.5925535570480313,0.5925535656233867,0.5925535632511701,0.5925535560691951,0.5925537832191303,0.5925537808001025,0.5925537767350884,0.5925537762537424,0.5925537721034884,0.5925537698363542,0.5925537663480067,0.592553777917755,0.5925537756727849,0.5925537856595574,0.5925537835465353,0.5925537814015533,0.5925537809770485,0.5925537765157466,0.5925537798109863,0.5925537882346883,0.5925537725581743,0.5925537727301406,0.5925537706375303,0.5925537661890381,0.5925537650803331,0.5925537618599002,0.5925537599647864,0.5925537560495522,0.5925537545917654,0.589608426248846,0.5896084275336332,0.5896084292964054,0.5896084296266239,0.5896084342255253,0.589608438293612,0.5896084395132695
54,0.5709298173828512,0.5933808390203231,0.5933808401892668,0.5933808462074329,0.5933808571137312,0.5933808693373016,0.5933808895276516,0.5933808833354306,0.5933808904660027,0.5933809053208201,0.5933809222081736,0.6040088940863764,0.6040088937919242,0.6040088935547014,0.6040088924318221,0.6040089000805667,0.6040088975639588,0.6040089100624078,0.60400890961933,0.6040089083562254,0.6040088924373563,0.6040088879317661,0.6040088857114616,0.6040088846315234,0.6040084084435141,0.6040084029112537,0.6040084213829365,0.5932144697444456,0.5932142802016013,0.5932142787994173,0.5932142797546847,0.5932142806591073,0.5932142792405403,0.5932142857689939,0.5932142864928872,0.5932142835465356,0.5932142841504222,0.5932142833407119,0.5932142954389451,0.5932142955360867,0.5932142885914339,0.5932142882774291,0.5932142872079257,0.5932142881907311,0.578583435813276,0.5785834523585187,0.5785834694398696,0.5785834910431858,0.5785835003465667,0.578583471437859,0.5785833544434239,0.5785833465636248,0.5785833628872925,0.5785834646180044,0.578583479361055,0.578583545771335,0.5785835608305122,0.5785836145827324,0.5785836298304214,0.5785836447739676,0.5785837522698241,0.5785837680224873,0.5785837790499928,0.5785837931535204,0.5785838063331593,0.5785837827804367,0.5785837816136573,0.578583783755179,0.5785837966258317,0.578582080026509,0.5785820840524067,0.5785820855260856,0.5785820897241652,0.5785820930707621,0.5785820969386537,0.5785821011981599,0.5785820876880032,0.5785820914784781,0.5785821075216327,0.5785821109751189,0.5785821143401222,0.5785821145974114,0.5785821173845557,0.5785819377908232,0.5785819335310148,0.5766012924585022,0.5766013012119113,0.5766013023392814,0.576601311539621,0.5766013126545189,0.5766013193902686,0.5766013203274811,0.5766013294960208,0.5766013290998834,0.5766013325063448,0.5766013335623469,0.5766013418087442,0.5766013421896238,0.5766013519611508,0.5766013721574983,0.5766013731480205
55,0.5758221389416956,0.6038726893533386,0.6038726654682431,0.6038726537957703,0.6038726460091539,0.603872641143203,0.6038726395675917,0.6038726358576431,0.6038726374739741,0.6038726358946038,0.6038726417808334,0.6204362369969361,0.6204362684536859,0.6204362457208412,0.6204362252429257,0.620436162392678,0.6204361345509399,0.6204360569988484,0.6204360715039945,0.6204360593844255,0.6204361590873714,0.6204361751840273,0.6204361646138726,0.6204361428284147,0.6204355575697985,0.6204355504270269,0.6204355995239083,0.6202487621895754,0.6202493729274012,0.620249388903473,0.6202493614752066,0.6202493342750675,0.6202493478954725,0.6202493317470452,0.6202493107973087,0.6202493451709674,0.6202493204344071,0.6202493015012962,0.6202492648282288,0.6202492406525524,0.620249279140182,0.6202492636314137,0.6202492481942156,0.6202492253075554,0.619728916731247,0.6197288852442098,0.6197288527722846,0.6197283992061202,0.6197283763651504,0.6197284354111076,0.6197284693052049,0.6197284824411423,0.6197284515246573,0.6197289304992942,0.6197289026075584,0.6197288937043053,0.6197288662794492,0.6197288416323025,0.619728814292747,0.6197287914119476,0.6197287508927682,0.6197287346098964,0.6197287620641377,0.6197287362589887,0.6197287106204202,0.6197287501625351,0.619728769520994,0.6197287630010879,0.6197287395855304,0.6197302314367158,0.6197302239507695,0.6197302185973214,0.6197302151536322,0.619730207788058,0.6197302006838528,0.6197301948680286,0.6197302198617461,0.6197302128656269,0.6197299385265748,0.6197299287907906,0.6197299190480255,0.619729917494345,0.6197299070455058,0.6188965679072992,0.618896595202658,0.6188965835928419,0.618896570431929,0.6188965583541765,0.6188965452145077,0.6188965382292847,0.6188965275956948,0.6188965166862561,0.6188965036359317,0.6188964969108253,0.6188964852177565,0.6188964732745839,0.6188964771928991,0.6188964744199964,0.6188964617423418,0.6188964875987624,0.6188964762021528
56,0.5345590810528035,0.5103776969736983,0.5103777003961398,0.5103776569420344,0.5103776563506858,0.5103776558005332,0.5103776306561305,0.5103776309557517,0.5103776302258912,0.5103776284598421,0.5103776270153442,0.5103776306604716,0.5103776321303194,0.5103776309277506,0.5103776299947512,0.5103776284175388,0.5103776271492124,0.5103776253552491,0.5103779377310573,0.5103779422736744,0.5103779221612681,0.5103779152365484,0.5103779190474086,0.5103779273998583,0.5103778443626207,0.5103778452621713,0.5103778378416314,0.5103778231296863,0.5103777788107825,0.5103777770197757,0.5103777800562644,0.51037778306642,0.5103777815327686,0.5103777821248812,0.51037778444506,0.5103777805984385,0.5103777833277544,0.5103777853830147,0.5103777874674269,0.5103777901163263,0.5103777857216328,0.5103777874105732,0.5103777890725218,0.5103777916027878,0.5103777712515046,0.5103777732857036,0.510377775382221,0.5103777674815899,0.5103777686079805,0.510377765662199,0.5103777654911283,0.5103777648227587,0.5103777663779835,0.510377748237191,0.5103777496242415,0.5103777498782348,0.5103777512445594,0.5103777519812516,0.5103777533431092,0.5103777544977736,0.510377755715454,0.510377756570999,0.5103777553765508,0.5103777566568816,0.5103777579227182,0.5103777559461794,0.5103777550478782,0.5103777553610424,0.5103777565234372,0.5103776926498351,0.5103776930633455,0.5103776932044881,0.5103776934114896,0.5103776936871149,0.5103776940779299,0.5103776942628445,0.5103776931693316,0.510377693555009,0.5103776927111747,0.5103776930706823,0.5103776934295525,0.5103776934848292,0.5103776937255703,0.5103776932048761,0.5103776926506765,0.5103776929795353,0.5103776932295457,0.5103776935744821,0.5103776938218323,0.510377694023136,0.5103776942373334,0.5103776945471755,0.5103776948003339,0.5103776949860931,0.510377695223483,0.510377695561497,0.5103776954817348,0.5103776955599247,0.5103776958013286,0.5103776951481592,0.5103776954704122
57,0.5343930259663848,0.518672429735235,0.5186721603076059,0.5128563074736033,0.5128562991475926,0.5128562829307879,0.5128562503041987,0.5128562495023331,0.5179966267592664,0.5179966138904065,0.517996609032921,0.5179966290466227,0.5179966248557899,0.5179966218412646,0.5179965415633716,0.517996523590659,0.5179965159985876,0.5179964941477501,0.517996492641443,0.5179965107615353,0.5179965264506965,0.5179965261268491,0.5179965217785433,0.5179965167959937,0.5179966339111778,0.5179966314874704,0.5179966285460628,0.5179966599390194,0.517996764363135,0.5179968292149371,0.5179968290793887,0.5179968289473014,0.5179968263789366,0.5115623137390536,0.5115623197576031,0.5115623097792183,0.5115623168589808,0.5115623221902537,0.5115623282532978,0.5115623351379491,0.5115623237158218,0.5115623281054759,0.5115623324250351,0.5115623390013959,0.5115622842137908,0.5115622894666162,0.5115622948803485,0.511562274479111,0.5115622773874856,0.511562269780709,0.5115622685729657,0.5115622668519009,0.5115622708565083,0.5115622217166045,0.5115622252507251,0.5115622261750393,0.5115622296604629,0.5115622318884625,0.5115622353676021,0.5115622383177894,0.511562242030809,0.5115622442217361,0.5115622411628844,0.5115622444417061,0.5115622476835425,0.511562242621677,0.5115622403212489,0.5115622411232662,0.5115622440998049,0.5115620709665091,0.5115620719141225,0.5115620724669141,0.5115620729435124,0.5115620737741813,0.5115620746741565,0.5115620753296891,0.5115620723719086,0.5115620732579461,0.5115620713209413,0.5115620721458324,0.5115620729701053,0.5115620730976063,0.5115620738784216,0.5115620726792439,0.511562070972443,0.5115620717260823,0.5115620725376592,0.5115620733302947,0.5115620741392207,0.5115620746038616,0.5115620752641242,0.5115620759794175,0.5115620767858788,0.5115620772163915,0.5115620779305737,0.5115620787141155,0.5115620785305368,0.5115620787131888,0.5115620794950446,0.5115620779778262,0.5115620787257313
58,0.5353590236612031,0.5248278162427202,0.5240752711218324,0.5240751506456729,0.5270669761216514,0.5270669563436148,0.5270669353619591,0.5270668419915632,0.5270668803308302,0.5270668583071086,0.5270668540663974,0.5270668835548057,0.5151687488214145,0.5151687689626058,0.515168784103815,0.5151688035036109,0.5151688238405978,0.5151688456488946,0.5151688345665729,0.5151688433603112,0.5151688036503245,0.5151687902668429,0.515168797631712,0.5151688137742054,0.5151686502530237,0.5151686519767171,0.5151683118278382,0.5151683105489505,0.5151683067156257,0.5151683065690487,0.5151683068175654,0.515168307063937,0.5151686004845861,0.5151686023657208,0.5151686081682393,0.5151685985477149,0.5151686053733071,0.5151686105131539,0.5151686163585661,0.5151686229960946,0.5151686119839208,0.5151686162160001,0.515168620380459,0.5151686267207543,0.5151685738999832,0.5151685789642636,0.5151685841835956,0.515168564514787,0.5151685673168979,0.5151685599833276,0.5151685588187949,0.5151685571595868,0.5151685610203625,0.5151685136451258,0.5151685170522987,0.5151685179434957,0.5151685213037183,0.5151685234517216,0.5151685268059981,0.5151685296501636,0.5151685332298777,0.5151685353421719,0.5151685323931326,0.5151685355542073,0.5151685386795583,0.5151685337957419,0.5151685315780141,0.515168532351231,0.5151685352207895,0.5151683683060989,0.5151683692195974,0.5151683697526382,0.5151683702120994,0.5151683184457827,0.51516831869717,0.5151683188800643,0.5151683180542236,0.5151683183017486,0.5151683177606468,0.5151683179910868,0.5151683182213304,0.5151683182569324,0.5151683184748529,0.515168318139881,0.5151683176634754,0.515168317874012,0.5151683181004936,0.5151683183219128,0.5151683185476812,0.5151683186774368,0.5151683188617472,0.5151683190615373,0.5151683192866393,0.5151683194068492,0.5151683196062224,0.5151683198251092,0.5151683197738272,0.5151683198248398,0.5151683200430491,0.5151683196191897,0.515168319828187
59,0.5364936826105243,0.5289275799735345,0.5262929179308283,0.5262928081162163,0.5293674787113827,0.5293674778597681,0.529367451232432,0.5190318536266986,0.5190318612557687,0.5190318762477715,0.5190318911871884,0.5190318567167819,0.5190318413502718,0.5190318543381969,0.5190318641034002,0.5190318766130005,0.519031889727263,0.5190319520187585,0.5190319438982607,0.5190319503418103,0.5190314518547543,0.5190314544465096,0.5190314530200419,0.5190314498938875,0.5190314815637952,0.5190314812299075,0.5190314839850276,0.5190314896733219,0.5190315067415167,0.5190315073936534,0.5190315062879839,0.5190315051919021,0.519031505750366,0.5190315054758173,0.5190315046298194,0.5190315060323994,0.5190315050373008,0.5190315042879187,0.519031503435288,0.5190315024675924,0.5190315040681728,0.5190315034510355,0.5190315028437599,0.5190315019191691,0.5190315096232256,0.5190315088848247,0.5190315081237571,0.5190315109917134,0.5190315105829605,0.5190315116522974,0.5190315118227762,0.5190317999310257,0.5190318036397602,0.5190317581319082,0.5190317614049399,0.5190317622609618,0.5190317654888927,0.5190317675521395,0.5190317707743217,0.5190317735065552,0.5190317751984204,0.5190317772119186,0.5190317744008499,0.5190317774140825,0.5190317803933144,0.5190317757413875,0.5190317736272265,0.5190317743642839,0.5190317770997637,0.519031617980481,0.5190316188513321,0.5190316193595065,0.5190316197975555,0.5190316205610646,0.5190316213882041,0.5190316219907919,0.5190316192754942,0.5190316200899247,0.5190316183094841,0.5190316190677386,0.5190316198253324,0.5190316199425119,0.5190316206603204,0.5190316195581159,0.5190316179890868,0.5190316186818088,0.5190316194278635,0.5190316201564095,0.5190316209000576,0.5190316213271099,0.5190316219341147,0.519031622591588,0.5190316233329771,0.5190316237286181,0.5190316243851367,0.5190316251053385,0.5190316249366154,0.51903162510452,0.519031625823285,0.5190316244287102,0.5190316251162229
60,0.5336758507368291,0.532147148122258,0.5288922730536374,0.5288922296884742,0.52889223053977,0.5304106139806439,0.5304106053579095,0.5304104589182087,0.5304104555654838,0.5283542473502594,0.5283542485737935,0.5283542562497852,0.5283542449692789,0.528354248060188,0.5283542481378194,0.5283542402337997,0.5283542396950647,0.5283542558764237,0.528354251454943,0.5283542499802718,0.5283542221699757,0.5283539991340641,0.5238633857955802,0.5238633967192451,0.5238632860652199,0.5238632872310952,0.5238632776080939,0.5238632577364897,0.523863198118402,0.5238631958399697,0.5238631997028559,0.5238632035323418,0.5238632015813562,0.5238632025393072,0.5238632054948628,0.5238632005948333,0.5238632040715187,0.5238632066894943,0.5238632096666949,0.5238632130475306,0.5238632074245397,0.5238631009048316,0.5238631016081017,0.5238631026786925,0.5238630937608868,0.523863131365957,0.523863132927736,0.5238631270424401,0.5238631278813749,0.5238631256869676,0.5238631253389017,0.523863124842226,0.5238631259975408,0.5238631118230962,0.5238631128425688,0.5238631131091428,0.5238631141145783,0.5238631147571533,0.5238631157608626,0.523863116611896,0.5238631176826727,0.5238631183147672,0.523863117432358,0.5238631183782733,0.5238631193134521,0.523863117853187,0.5238631171895469,0.5238631174209121,0.5238631182795787,0.5238630683417805,0.523863068615212,0.5238630687744992,0.523863068912013,0.5238630691514639,0.5238630694111178,0.5238630696000515,0.5238630687470689,0.5238630690027393,0.5238630684438266,0.523863068681827,0.5238630689196864,0.5238630689564299,0.5238630691815286,0.5238630688355137,0.5238630683434742,0.5238630685609434,0.5238630687948396,0.5238630690236125,0.5238630692567805,0.5238630693908245,0.5238630695811934,0.5238630697872091,0.5238630700196963,0.5238630701438994,0.523863070349788,0.5238630705758865,0.5238630705228862,0.5238630705755694,0.5238630708009675,0.5238630703632492,0.5238630705790609
61,0.5384682021596898,0.5354339267534391,0.5337342960233667,0.5337341924430773,0.5337341214065489,0.5399784741522289,0.5399784496380643,0.5399784388532501,0.5399784336946855,0.5399782693556134,0.5395750942501701,0.5395751548143636,0.5395751543593607,0.5395751519619819,0.5395751444201948,0.5395751020517559,0.5395750887754005,0.5395750332854534,0.5395750334654245,0.5395750264169954,0.5395750575368512,0.5395744819910151,0.5395744532353751,0.5395744373021764,0.5395749449086887,0.5380416420142726,0.5380416463668067,0.5380417790478754,0.5380420665475723,0.5380420683519034,0.5380420623630271,0.5380420564803298,0.5380420569912258,0.5380420440904587,0.5380420397226637,0.5380420431232025,0.5380420378129462,0.5380420301639809,0.5380419149573833,0.5380419071464724,0.5380418917821681,0.5380418798346734,0.5380418693159028,0.5380418625691032,0.5380419891628414,0.5380419835380442,0.5380419783905084,0.538041999721261,0.5380419970402223,0.5380419681066206,0.535392339149558,0.5353923364146449,0.5353923350369294,0.5353924528538886,0.5353924501516392,0.5353924436418851,0.5353924409183594,0.5353924284178423,0.5353924261202214,0.5353924246153232,0.5353924056443229,0.5353924052208795,0.5353924093024331,0.5353924067597355,0.5353924035356986,0.5353924050798524,0.535392407641542,0.5353924039468081,0.5353924018996308,0.5353928666684818,0.5353928656228057,0.5289405618749802,0.5289405630867432,0.5289405651998813,0.5289405674877021,0.5289405691558647,0.528940561632966,0.5289405638856638,0.5289405589608401,0.5289405610582026,0.5289405631538132,0.5289405634780202,0.5289405654646687,0.528940562415798,0.5289405580733437,0.5289405599894749,0.5289405620544346,0.5289405640697046,0.5289405661278758,0.528940567309169,0.5289405689890194,0.5289405708075962,0.5289405728594468,0.5289405739538791,0.5289405757706508,0.5289405777628496,0.5289405772961026,0.5289405777606025,0.5289405797497538,0.5289405758922051,0.5289405777938958
62,0.5434036816477235,0.5378294471135546,0.5372729352557104,0.5372728825077584,0.5372728429264964,0.5393115096478761,0.5393114951664939,0.5393114900927298,0.5393114893936107,0.5393114491060501,0.537182390110376,0.5371823895104942,0.5371823793778184,0.537182386216405,0.5371823885458016,0.5371823878484635,0.5371824030042762,0.5371824019762438,0.5371823969196251,0.5371823970207961,0.5371823782759757,0.537182335067468,0.537182328080015,0.5370874309468231,0.5370874634328466,0.5370873866600535,0.5370873811578358,0.537087403388369,0.5370874464260929,0.5370874454853755,0.53708744497019,0.5370874445581714,0.5370874431820997,0.5370874397953831,0.5370874396704816,0.537087437442525,0.5370874371156561,0.5370874298252954,0.5370874247364873,0.5370874228204658,0.5370874103317997,0.5370874073176605,0.5370872558457266,0.5370872529520393,0.5370873079522418,0.537087305777578,0.5370873038047373,0.5370873130439463,0.5370873120466114,0.5370873046494813,0.5370873079826934,0.5370873055775247,0.5370873062781502,0.5370873676703366,0.5370873658844695,0.5370873637184133,0.5364372222916652,0.5364372176324562,0.5364372174778769,0.5364372178371353,0.536437213516664,0.5364372145350887,0.5364372169042356,0.5364372164684111,0.5364372140723968,0.536437213192854,0.5364372144520937,0.5364373198520456,0.5364373208693922,0.5364373283625066,0.5364373285895172,0.5364373251780249,0.5364373256353302,0.5364373233177674,0.5364373235568174,0.53643732089322,0.5364373248617618,0.5364373250835582,0.536437325019231,0.5364373245888895,0.5364373247266716,0.5364373245202751,0.5364373217188753,0.5364373215151053,0.5364373237334318,0.536437323913573,0.5364373208474036,0.5364373210378316,0.5364373179653047,0.536437318093685,0.5364373159387439,0.536437316031359,0.5364373133061859,0.5364373128576942,0.5364373108323452,0.5364373109867192,0.5364373114178153,0.5364373114511193,0.5364373087462267,0.5364373092048461,0.5364373093737539
63,0.5399590273511101,0.5405673100674752,0.5405672912968864,0.5405672858753399,0.5405672818723392,0.540567317947685,0.5405673191912501,0.5405673182383108,0.5405673204861128,0.5405673213516332,0.5405672776824983,0.5405672747152105,0.540567272391352,0.5405672673495432,0.5405672688343433,0.5405672652331557,0.5413965247589286,0.5413965165347561,0.5413965153957229,0.5413965136821093,0.5413965135615777,0.541396498246596,0.5413964934601716,0.5413964908193093,0.5413965499379536,0.5413965381353002,0.5413965350851395,0.5413965543761612,0.5413966061592371,0.541396605638196,0.5413966046881536,0.5413966039895957,0.5413966031827913,0.5413965985982085,0.541396598315157,0.5413965971001531,0.5413965965621478,0.5390117858402519,0.5390117871294998,0.5390117969933097,0.5390117951179588,0.5390117967659773,0.5390118029537481,0.5390118049048385,0.5390117879749639,0.5390117895690639,0.5390117911822684,0.5390117848450663,0.5390117857022058,0.539011784561496,0.5390117857373815,0.5390117855943708,0.5390117865795737,0.5390117760690251,0.5390117771560954,0.5390117764147528,0.5390117775866382,0.5390117776530391,0.5390117678420981,0.539011768491754,0.5390117680596893,0.5390117684155025,0.5390117672692117,0.5390117681245816,0.5400586250723143,0.5400586245633007,0.5400586262297838,0.5400586233984892,0.540058622961425,0.5400590175983866,0.5400590213126583,0.540059019254349,0.5400590215813325,0.540059021482549,0.5400590250345795,0.5400590237695123,0.5400590189541262,0.5400590224396783,0.5400590153254857,0.5400590181932692,0.5400590213311524,0.5400590216262324,0.5400590207431636,0.540059016144192,0.5400590156475737,0.5400590186066772,0.5400590176545906,0.5400590207678562,0.5400590197161228,0.5400590215577443,0.5400590211882085,0.5400590239423533,0.5400590232545771,0.5400590239799287,0.5400590238357987,0.5400590266606302,0.5400590265369738,0.5400590272376816,0.5400590263641711,0.5400590214455949,0.5400590243079019
64,0.5545373726106665,0.5458142559375095,0.5458142470463768,0.5458142396678973,0.5458142315529052,0.545814221919677,0.5458142111149181,0.5458142088096678,0.5458142076912077,0.5458141960351168,0.545814197197465,0.5458142148189494,0.5458142126269043,0.5458142775085524,0.5458142778889054,0.545814272795765,0.5458142714511512,0.5458142626217639,0.545814260399157,0.5458142599544408,0.5458142602970002,0.5458142488243647,0.5458142461511012,0.545814247092267,0.5458142873509959,0.545814280646899,0.5458142766540124,0.5458142884196228,0.5458143023888437,0.5458143015629271,0.5458142792935531,0.5458142785022023,0.5458142777247044,0.5458142755453176,0.5458142755273022,0.5458142742176842,0.5458142738938978,0.545814270212813,0.5458142668818148,0.5458142740895133,0.545814268027604,0.5458142670017078,0.5458142639385575,0.5458142641219264,0.5458142827774296,0.5458142827933372,0.5458142829141456,0.5458142846931773,0.5458142848048086,0.5458142810010699,0.5458142832000747,0.5458142816242203,0.5458142903437087,0.5458143101525179,0.5458143368186308,0.5458143382026567,0.5458143385153371,0.5458143295816293,0.5458143307294739,0.5458143327340581,0.5458143311945373,0.5458143341346878,0.5458143377156519,0.5458143380318675,0.5458143369334547,0.5458143353401809,0.5458143371762114,0.5458143358508196,0.5458143361683848,0.545814437765715,0.5458144376141334,0.5458144316429496,0.5458144323134089,0.5458144275011126,0.5458144274060406,0.5458144221382908,0.5458144322618573,0.5458119962941483,0.5458119977592791,0.5458119973678414,0.5458119968834966,0.5458119965394952,0.5458119925459957,0.5458119929956154,0.5458119990262709,0.5458119989145299,0.5458119947026365,0.545811994582136,0.5458119901198066,0.5458119900997934,0.5458119871818821,0.5458119869919299,0.5458119849932459,0.5458119798318044,0.5458119769042382,0.5458119766107975,0.5458119781294759,0.5458119780943547,0.5458119743598734,0.5458119771421548,0.5458119760261548
65,0.5537294215813189,0.5514370286826819,0.5514369933559972,0.5514369716950344,0.5514369520880791,0.5514369342988158,0.5514369161920569,0.5514369123473987,0.5514369111683727,0.5514368941028112,0.5514368962541343,0.5514369235528407,0.5514369189768572,0.5530706900668358,0.5530706877874161,0.5530706792219289,0.5530706726263697,0.5530706630412346,0.5530706649632804,0.5530706637619964,0.553070676970347,0.5530706800199138,0.5530706792371165,0.553070676787888,0.5530707235215595,0.5530707237745033,0.5530707263454223,0.5530707392502656,0.5530707952887699,0.5530707958997072,0.5526990869724634,0.5526991050551888,0.5526991055437058,0.5526991043649598,0.5526991041586248,0.5526991050791479,0.5526991051609544,0.5526991065427006,0.5526991047015001,0.5526991057915277,0.5526991088265572,0.5526991092623113,0.5526991104933071,0.5526991103326098,0.5526991120914005,0.5526991120197327,0.5526991118984363,0.5526991109085311,0.5526991108184969,0.5526991126684225,0.5526991165866202,0.5526991173736572,0.5510910142709455,0.5510909962554184,0.551090992218985,0.5510909977532171,0.5510909986567105,0.5510910183408981,0.551091020178302,0.5510910254494423,0.5510910299662325,0.5510910362065375,0.5510910415802017,0.5510910430471863,0.5510910431024153,0.5510910393658132,0.5510910420884645,0.5510910408067007,0.5510910421840104,0.5510909726589055,0.551090972956242,0.5510909695302709,0.5510909711042503,0.5510909686453335,0.5510909689665286,0.5510909662663065,0.5510909704973248,0.5510909707990884,0.5510909712406217,0.5510909713761747,0.5510909711535328,0.5510909709601111,0.5510909679557736,0.551090967799012,0.5510909724606302,0.5510909727145985,0.5510909695132873,0.5510909697794691,0.5510909767262324,0.5510909769864428,0.5510909750082811,0.5510909752853865,0.5510909728585857,0.5510909646193927,0.5510909625803251,0.5510909628820245,0.5510909642856701,0.5510909643610813,0.5511223791349457,0.5511223811164357,0.5511223811117938
66,0.5535847199264344,0.5536268373047929,0.5536268055538055,0.5536267866860921,0.5536267701520189,0.5536267555850123,0.553626741400532,0.5536267376898113,0.5536267372767179,0.5536267237774944,0.5536267268555177,0.5536267500586786,0.553626744648279,0.5552687145818901,0.5552687131578105,0.5552687246370707,0.5552687245566817,0.555268721189761,0.5552687224095931,0.555268722117338,0.5552687288388509,0.5552687327372628,0.5552687331316236,0.5552687320518247,0.5552687504628274,0.5552687521847673,0.5552687540994056,0.5552687609081501,0.5552688009005177,0.555268801325347,0.5552687841203541,0.5557467794390096,0.5557467799938739,0.5557467784706074,0.5557467776838102,0.5557467790611353,0.5557467780385896,0.5557467775295911,0.555746774896448,0.5557467741866192,0.5557467759179747,0.5557467753823392,0.5557467749480649,0.5557467740777186,0.5557467881775434,0.5557467874858649,0.5557467867669481,0.5557467896924286,0.5557467893051443,0.5557467904103317,0.5557467935871858,0.5557467938667937,0.5557467345844379,0.5557467669691902,0.555746766233676,0.555746764347787,0.5557467632581923,0.5597474301539532,0.5597474264182618,0.5597474370911509,0.559747377977438,0.5597473879422845,0.5597474055123963,0.559747401602584,0.5597473958927748,0.5597473996547623,0.5597474105219427,0.5597474072112186,0.5597474037371074,0.5597481908369775,0.559748189611646,0.559748184698252,0.5597481873562135,0.5597481830644385,0.559748181944478,0.5597481775583137,0.559748187404555,0.559748186290507,0.5597481908171708,0.5597481895771717,0.559748130152298,0.5597481295668145,0.5597481233128068,0.5597481258541057,0.5597481363369228,0.5597481350609689,0.5597481287600216,0.5597481274001451,0.5597481206964178,0.5597481199812452,0.559748115196248,0.5597481138757415,0.5597481077006612,0.5597481015973259,0.5597480964181616,0.5597480949841959,0.5597480982822268,0.5597480979497228,0.5597480914758816,0.559748099139356,0.5597480977303184
67,0.5663891000274199,0.5634354332881625,0.5634354165774723,0.5634354068209093,0.5634353984977026,0.563435391441938,0.563435384853045,0.5634353830076448,0.5634353820658474,0.5634353763041385,0.5634353765062006,0.5634353923955472,0.5634353905774447,0.5634354280507102,0.5634354285128269,0.5652808514753672,0.5652808485601826,0.5652808499241835,0.565280848877225,0.5652808476659503,0.5652808407756789,0.565280833568348,0.5652808308722912,0.5652808302427133,0.565280859320973,0.5652808547562788,0.5652808525819611,0.5652808640462214,0.5652808906075746,0.5652808901666022,0.5652808897292558,0.5652808993254255,0.5652808986136376,0.5652808951897311,0.565280954932438,0.5652809518762957,0.5648447894586497,0.5648447902321513,0.5648447902990237,0.5648447910547056,0.5648447911601544,0.5648447916702105,0.5648447923625821,0.5648447928519085,0.5648447871624517,0.5648447875720899,0.5648447879798016,0.564844785562059,0.5648447857688266,0.5648447857332252,0.5648447866860515,0.5648447868208317,0.5648447863101375,0.564844781556823,0.5648447819511782,0.5648447803920837,0.5648447806700049,0.564844781728201,0.5648447819774763,0.5648447815530022,0.5648447807247758,0.5648446347758808,0.5648446335610878,0.5648446320813624,0.5648446307375764,0.5648446332128558,0.5648445904442932,0.5648445901064119,0.5648445882416966,0.5648447883504931,0.5648447876264083,0.564844784520501,0.5631319377514366,0.5631319363905822,0.5631319355873572,0.5631319343927391,0.56313193823237,0.5631319374372024,0.5631319396211787,0.5631319388645272,0.5631319380740805,0.5631319379176543,0.5631319364799896,0.5631319376520644,0.5631319404428523,0.5631319397681377,0.5631319382468757,0.5631319375358476,0.5631319360655552,0.5631319356664147,0.5631319345968401,0.5631319339493143,0.5631319326509282,0.5631319320385463,0.5631319309717626,0.5631319302714598,0.5631319314074104,0.5631319312443217,0.5631319300802828,0.5631319328471496,0.5631319321811616
68,0.5592321266299051,0.568841980099012,0.5688419533675462,0.5688419366541705,0.5688419209963204,0.5688419074567415,0.5688418924934886,0.5688418922379327,0.5688418887291918,0.5688418772952478,0.5688418719664858,0.5688419005211323,0.568841904750574,0.5688419204790749,0.5688419170439141,0.5709792567580089,0.5709792483350818,0.5709792418157155,0.5709792444147246,0.5709792407304268,0.5709792484724658,0.5709792471232771,0.5709792427584536,0.5709792372547506,0.570979317148397,0.5709793131592682,0.5709793158775701,0.570979336111363,0.5709793886051621,0.5709793893018391,0.570979387183844,0.5709793850396129,0.5709793854767222,0.5709793817463416,0.5731056433820002,0.57310564561173,0.5731056356116051,0.5731056325648739,0.5731056291931537,0.5731056260976195,0.5731056264457892,0.5731056243016287,0.5731056215692876,0.573105619347332,0.573105656748515,0.5731056549015047,0.5731056530489614,0.573105664545481,0.5731056635920009,0.5731056641883728,0.5731056647169699,0.5731056643181384,0.573105665189535,0.5731057129488136,0.5731057113584284,0.5731057185608541,0.5731057173129119,0.5731057130467359,0.5731057119023805,0.5731057124590232,0.5731057122698721,0.5731057196731212,0.5731055358416038,0.5731055319304085,0.5731055276717133,0.5731055329743229,0.5671999311642902,0.5671999310457481,0.5671999342203162,0.567199543240887,0.5671995441625313,0.5671995427654388,0.5671995495010456,0.5671995491237296,0.5671995500403492,0.5671995496991871,0.5671995486838348,0.5671995495746048,0.567199549925683,0.5671995506786011,0.5671995512901766,0.567199551226894,0.5671995504814595,0.5671995497799995,0.5671995501428763,0.5671995509177574,0.5671995501757329,0.5671995509731503,0.567199550332492,0.5671995508918256,0.5671995506523665,0.5671995513350025,0.567199551113818,0.5671995506020122,0.5671995504733125,0.5671995512519779,0.5671995571999597,0.5671995573972942,0.5671995575471858,0.5671995642572709,0.5671995650061086
69,0.5665399884995334,0.5746346451242859,0.5746346274844726,0.5746346142864565,0.574634600417656,0.574634586640389,0.5746345701775906,0.5746345694708765,0.5746345639144727,0.5746345501566474,0.5746345419873411,0.5746346131623157,0.5746346192030197,0.5746346149154102,0.5746346088099391,0.5746346397399343,0.5746346313960357,0.5746346267945281,0.5746346282142673,0.5746346243436865,0.5746346264736942,0.5746346212508525,0.574634615978888,0.5746346109882724,0.5746347171964827,0.5746347113549006,0.5746347122358725,0.5746347478336024,0.5746347493703265,0.5746347496403962,0.5746347476413086,0.5746347455881703,0.5746347455668944,0.5746347445207314,0.5746347860061046,0.5746347852819208,0.5746347840284041,0.5746347817340491,0.574634780802371,0.5746347791238854,0.5746347743700551,0.5746347729288838,0.5746347706171553,0.5746347700522506,0.5746348248472826,0.5746348242841653,0.5746348237700595,0.5746348414657947,0.5746348412637339,0.5746348386699508,0.5746348338931655,0.5746348324094571,0.5746348348709747,0.5746349921804182,0.5746349913849029,0.5809160927588237,0.5809160869558881,0.5809160811035574,0.5809160752903791,0.5809160701209901,0.5809160588143553,0.5809160542788057,0.5809160528900493,0.5809160474333066,0.5809160421169528,0.5809160507047646,0.5809160530412165,0.5809160518280135,0.5809160468692819,0.5809164109797639,0.5809164093725687,0.5809164078262465,0.580916406685929,0.5809164047297286,0.5809164032047623,0.5809164014102821,0.5809164077300287,0.5809164062276537,0.5809164090006502,0.5809164076136734,0.5809164062387023,0.5809164060480995,0.5809164041164487,0.5809164060494936,0.5809164102918626,0.5809164090085088,0.5809164069373195,0.5809164055934358,0.5809164035457578,0.5809164027387145,0.5809164011531857,0.5809163999494003,0.5809163979627138,0.5809163973405205,0.5809163957221453,0.5809163944023018,0.5809161212646287,0.5809161203691375,0.5809161153186349,0.5815698098139049,0.5815698081374638
70,0.5710481097342055,0.57390025551483,0.5739018135091921,0.5739030254480084,0.5739043875613279,0.5739057057513937,0.5739074621674479,0.573907451809217,0.5739074685985924,0.5739091255176378,0.5739091614367072,0.5739138936785201,0.5739138385470619,0.5739136112042997,0.5739136435712515,0.5739163343544016,0.5739163756095521,0.5739197918456926,0.573919765894162,0.5739197833042256,0.573916337673248,0.5739162983223939,0.5739163106423915,0.573916345200381,0.5739052237669183,0.5739052215187206,0.5739051864123466,0.5738962931387782,0.5738943251779578,0.5738943215018185,0.573894325965983,0.573894330339381,0.5738943269848418,0.5738944211112705,0.5738944239909292,0.5738944161976839,0.5738944197666956,0.5738944209096138,0.5738945800310925,0.5738945829415171,0.5738945695861288,0.5738945710096872,0.5738945714058605,0.5738945753660198,0.5738941521419768,0.5738941552142054,0.5738941584543013,0.5738941668214557,0.5738941686081929,0.5738941602546134,0.5738940052322716,0.5738940023196281,0.5738940079137296,0.5738993349997925,0.5738993487158321,0.5738997361037335,0.5738997502076262,0.5739000669236181,0.573900081141662,0.5739000952455563,0.5739006805854746,0.5739006957261695,0.5739007180276827,0.573900731159535,0.5739007435336734,0.5739007219746071,0.5739007229903488,0.5739007251140374,0.573900737085991,0.5738934819609571,0.5738934866469159,0.5738935152473456,0.5738935199898778,0.5738935473797907,0.5738935518069544,0.5738935836401442,0.5738935152648147,0.5738935196338681,0.5738935165772943,0.5738935204928385,0.573893524370172,0.5738935248344101,0.5738935552975937,0.5738935504957353,0.5738934898653167,0.573893493676237,0.5738935537406398,0.5738935577598191,0.5738935913514586,0.573893593988499,0.5738936184910718,0.5738936220335172,0.5738936551463706,0.5738936565195458,0.57389368249794,0.5738936863786895,0.5738937029021649,0.5738937040372869,0.5738937394004913,0.5738938903646691,0.5738938942444852
71,0.5738647644410981,0.586962296160532,0.5869623162331729,0.586962335074109,0.5869623590435011,0.5869623830032586,0.586962417629285,0.5869624103051091,0.586962420894255,0.5869624467592617,0.5869624701688362,0.5940347006735129,0.594034681988277,0.5940346968292244,0.5940347072247375,0.5940347347250736,0.5940347475254011,0.5940347841598015,0.5940347751354248,0.5940347804860625,0.5940347262537863,0.5940347108350476,0.5940347139941305,0.5940347252091891,0.5940342670051524,0.5940342631682299,0.5940342639619028,0.5790866564720388,0.5790857676227321,0.5790857581832723,0.5790857724516073,0.5790857865456478,0.5790857782136136,0.5790858121610875,0.5790858229870933,0.5790858027780594,0.5790858152947187,0.5790858231866972,0.5790858857755236,0.5790858973533481,0.5790858698781393,0.5790858768050664,0.5790858826904383,0.5790858948407576,0.5790846849173176,0.5790846825564736,0.5790846801646147,0.57908472609302,0.5790847249104032,0.5790847245672769,0.5790847063509664,0.5790847052560287,0.5790847063696942,0.5828182839729632,0.5828182893871491,0.582818338383736,0.5828183440595149,0.5828183821901131,0.5828183879915905,0.582818394234132,0.5828184703106329,0.5828184780587657,0.5828184901494297,0.5828184954482778,0.5828185001983188,0.5828184908930396,0.5828184931393701,0.5828184936036475,0.5828184984558498,0.5828174392445301,0.582817440816331,0.5828174428475524,0.5828174450989683,0.5828174477745354,0.5828174492862239,0.5828174527677471,0.5828174441452907,0.5828174456264602,0.582817452104684,0.5828174534235459,0.5828174546869145,0.5828174547205361,0.5828174572697863,0.5828174552861564,0.5828174485334017,0.5828174206923151,0.582817424400169,0.5828174254744987,0.5828174282967327,0.5828174291584954,0.5828174313850322,0.5828174323147619,0.5828174353788846,0.5828174353313396,0.5820587183505348,0.5820587198090305,0.5820587252708951,0.582058725665322,0.5820587296932281,0.5820587433810241,0.5820587447772144
72,0.5977206781071234,0.5994098832768084,0.5994098681033533,0.5994098627076369,0.5994098615338513,0.599409862858749,0.5994098689948517,0.5994098646747199,0.5994098688131526,0.5994098730351493,0.5994098834864382,0.6134301631354708,0.6134301815080695,0.6134301659036561,0.6134301537827758,0.6134301402028761,0.6134301235916318,0.6134301097864419,0.6134301182351443,0.6134301109913726,0.6134301375298405,0.6134301464148683,0.613430139961308,0.6134301270809435,0.6134296119257372,0.6134296064044519,0.6134296429423283,0.6086602617748861,0.6086604602208421,0.6086604687872142,0.6086604537269161,0.6086604387794153,0.6086604460297984,0.6086604426707255,0.6086604311300988,0.6086604495759532,0.6086604359271793,0.6086604251752478,0.6086604147054087,0.6086604012495207,0.6086604210209268,0.6086604122983081,0.6086604034312546,0.6086603909097489,0.5955580861421143,0.5955580886105464,0.5955580911720773,0.5955579245918499,0.5955579238067036,0.5955579231959622,0.5955578533753585,0.595557852459783,0.5955578533863958,0.5955578030412632,0.5955578017147545,0.5955578349569295,0.5955578339453309,0.5955578574356246,0.5955578565504639,0.5955578569432608,0.595557906196673,0.5955579090994654,0.5955579232590822,0.5955579222704713,0.5955579208540541,0.5955579213421208,0.5955579269028158,0.595557925903366,0.5955579250455133,0.5955574863063591,0.595557485900868,0.5955574832349569,0.5955574842446023,0.5955574821897569,0.595557481843808,0.595557480677027,0.5955574848798986,0.5955574845231605,0.5955573771922519,0.5955573755004384,0.5955573737582897,0.5955573733309165,0.5955573694364682,0.5843051882785282,0.5843051689079842,0.5843051583095694,0.5843051674005669,0.5843051720214465,0.5843051814202761,0.5843051844842599,0.5843051917596079,0.5843051958809506,0.5843052053908051,0.5843052072479048,0.5843052138982536,0.5843052184387879,0.5843052222677064,0.5843052234223838,0.5843052333174374,0.5843052366834305,0.5843052410063375
73,0.5853038506931094,0.6040521785596977,0.604052153773989,0.6040521415005546,0.6040521329746303,0.6040521275531792,0.6040521250187285,0.6040521218774547,0.60405212359248,0.6040521214311804,0.6040521269704542,0.6207188509032047,0.6207188835641364,0.6207188559512664,0.6207188351896941,0.6207188085910849,0.6207187807090013,0.6207187508080022,0.6207187660013596,0.6207187539447233,0.6207188083752584,0.6207188267233972,0.620718816625347,0.6207187944932323,0.620718252832359,0.620718246731572,0.6207182970512499,0.620717983498433,0.6207184134004634,0.6207184298281573,0.6207184019758022,0.6207183743641648,0.6207183884306497,0.6207183815203903,0.6207183602100369,0.6207183955395084,0.6207183704716599,0.6207183515947279,0.6207183301243472,0.6207183057471994,0.6207183461893914,0.6207183306463802,0.6207183153516302,0.6207182920661486,0.6207177070706825,0.6207176742254862,0.6207176403746077,0.6207172363501714,0.620717212593315,0.6207172747282773,0.620717284596632,0.6207172986539707,0.6207172659427439,0.6207176673639857,0.6207176384957618,0.6207176309443948,0.6207176024741266,0.6207175842726699,0.6207175558531729,0.6207175317550271,0.6207175014227054,0.6207174835264349,0.620717508513522,0.620717481730657,0.6207174552499991,0.6207174965962345,0.6207175153876038,0.6207175088361099,0.6207174845222827,0.6207188989226428,0.6207188911839114,0.6207188866630725,0.6207188827705589,0.6207188759815621,0.6207188686310272,0.6207188632714151,0.6207188874392662,0.6207188802028131,0.6207186000715794,0.6207185900494029,0.6207185800354816,0.6207185784863029,0.6207185689917382,0.6207182542926123,0.6207182824759673,0.6207182700411367,0.6207182566382611,0.6207182435597347,0.6207182302009674,0.6207182225350073,0.6207182116318283,0.6207181998300071,0.6207181865125483,0.6207181794096962,0.6207181676184648,0.6207181546897654,0.6207181577190329,0.6207181547045025,0.6207181417940704,0.6207181668287727,0.6207181544873726
74,0.6001089709947578,0.6194326730869071,0.6194326273755497,0.6194325984998581,0.6194325710417319,0.6194325473983573,0.6194325205410134,0.6194325212005055,0.6194325146853864,0.6194324947099645,0.6194324837525544,0.6285176526693624,0.6285176768889373,0.6285176567582557,0.6285176408366469,0.6285176171314675,0.6285175954183304,0.6285175692445959,0.6285175803664406,0.6285175708574394,0.6285176138903918,0.6285176258905945,0.6285176175010877,0.628517600570913,0.6031903791935096,0.6031903816555252,0.6031903262072931,0.603189917189724,0.6031889605320306,0.6031889476925342,0.6031889682320494,0.6031889885723265,0.6031889774173909,0.6031890110700293,0.6031890268680037,0.6031889993431211,0.6031890176878665,0.603189030447457,0.6031890946461295,0.6031891120440976,0.6031890775403467,0.6031890882779747,0.6031890982623296,0.6031891155752108,0.6031888496896897,0.6031888625383318,0.6031888679953695,0.6009813342148967,0.6009813385088503,0.6009813247369993,0.6009812855814397,0.6009812816812369,0.6009812893668556,0.6009811723650837,0.6009811772036867,0.6009811966147615,0.6009812016492767,0.6009812157247195,0.6009812208703826,0.6009812262060303,0.6009812568481863,0.6009812629230613,0.600981267898877,0.6009812726000567,0.6009812768380415,0.6009812685503644,0.6009812689205932,0.6009812693536799,0.6009812736603843,0.6009807682491977,0.6009807695636872,0.600980769088187,0.6009807707216357,0.6009807710661424,0.6009807723368833,0.6009806820582195,0.6009806827121479,0.6009806829846588,0.6009806506159152,0.6009806503296423,0.600980650004039,0.6009806497954417,0.6018082920749653,0.601808296847011,0.6018082948262499,0.6018082948770789,0.6018082955799879,0.6018082956201699,0.6018082964199548,0.6018082972984939,0.6018082979426133,0.6018082979357411,0.6018082989084266,0.6018082983435783,0.601808298707284,0.6018082987290816,0.6018083019806955,0.6018083021772723,0.6018083033846809,0.6018083106823408,0.6018083107013686
75,0.5369158854446796,0.5145663249876297,0.5145660692811338,0.5094609104242775,0.5094608796114891,0.5094608570968581,0.5083137698665243,0.5083137721983818,0.5083138268868355,0.5083138295225189,0.5083138343520976,0.5083138244397875,0.5083138261399586,0.5083138304643565,0.5083138353839789,0.508313837379325,0.5083138421457146,0.5083138464686626,0.5083140179836514,0.5127742123013532,0.5127742361119304,0.5127742441386592,0.5127742397215134,0.5127742300399943,0.5127743281180305,0.5127743270842129,0.5127743356126122,0.5127743532268163,0.5127744060722816,0.5127745607037697,0.5127745612410707,0.5127745617736936,0.51277456150237,0.5127745616354228,0.5127745620465023,0.5127745613650162,0.5127745618485589,0.5127745622127325,0.5127745626264627,0.5127745630966964,0.5127745623165881,0.5127745626164222,0.5127745629114558,0.5127745633606219,0.5127745596196607,0.5127745599784881,0.5127745603482958,0.5127745589547033,0.5127745591533314,0.5127745586338108,0.5127745585518761,0.5127745584343684,0.5127745587078355,0.5127745553530918,0.5127745555945477,0.5127745556574209,0.512774555895553,0.5127745560474621,0.5127745562851533,0.5127745564866703,0.5127745567397952,0.5127745568895137,0.5127745566805472,0.5127745569045394,0.5127745571259903,0.5127745567802439,0.5127745566230895,0.5127745566778091,0.512774556881155,0.5127745450706163,0.5127745451355514,0.5127745451727304,0.512774545205396,0.5127745452617005,0.5127745453233118,0.5127745453675793,0.5127745451662431,0.5127745452269648,0.5127745450942479,0.5127745451507729,0.512774545207228,0.5127745452159639,0.512774545268799,0.5127745451866357,0.5127745450710262,0.5127745451226771,0.512774545177546,0.5127745452318385,0.5127745452865886,0.512774545318395,0.5127745453631164,0.5127745454121116,0.5127745454666908,0.5127745454961959,0.5127745455446402,0.5127745455982979,0.5127745455857391,0.5127745455982344,0.5127745456511565,0.5127745455472822,0.5127745455985058
76,0.5283717776151121,0.5233773718365198,0.5232886439655762,0.5232885708435929,0.5236406362674376,0.5236406297144459,0.5236406227363948,0.5236406058974358,0.5236406996309416,0.5236406972441408,0.5236406994925822,0.5236407002050759,0.5222298938048439,0.5222298908362415,0.5222297720845803,0.522229748001713,0.5222297388402816,0.5222297084171322,0.5222297079284748,0.5222296998382914,0.5222297153490744,0.5222297141433976,0.5222297076062518,0.5222297006959834,0.5222298595403198,0.5222298559441776,0.5222298060470895,0.5222298481595355,0.5222299616259962,0.5222299602549567,0.5222299570988368,0.5222299539742168,0.5238565075111888,0.5238564993390863,0.5238564978249198,0.5238561083389435,0.5238560995296382,0.5238560922644482,0.5238560692096857,0.5238560604106379,0.5238560639577516,0.5238560572475333,0.5238560510061807,0.5238560428772134,0.5238561625717958,0.5238561559074617,0.5238561491954151,0.523856175097214,0.5238561727541349,0.5238561788336215,0.523856196356907,0.5238561933458674,0.5238561888470511,0.5238563074215975,0.5238563029269705,0.5238562968841296,0.5238562924954653,0.5238562822323961,0.5238562779266216,0.5238562744486579,0.5238562579607994,0.523856255667669,0.5238562603031445,0.5238562559667496,0.523856251688191,0.5147330247494317,0.5147330179623725,0.5147330203285975,0.5147330291105137,0.5147325182305629,0.5147325210262195,0.5147325226588227,0.5147325240649758,0.5147325265167559,0.5147325291721748,0.5147325311077691,0.5147325223781654,0.5147325249923347,0.5147325192773311,0.5147325217112491,0.514732524143012,0.5147325245166786,0.5147325268218335,0.5147325232839117,0.5147325182452839,0.5147325204687843,0.5147325228648856,0.5147325252033831,0.514732527591597,0.5147325289623588,0.5147325309116266,0.5147325330218798,0.5147325354027233,0.5147325366727739,0.5147325387808336,0.5147325410926109,0.5147325405509655,0.5147325410899576,0.5147325433980702,0.5147325389217607,0.5147325411284718
77,0.5264788130890184,0.5264093289367808,0.5249317552852797,0.5249316110870309,0.5308181605920445,0.53081814612819,0.5308181290675348,0.5308179041618909,0.5308178991863847,0.530817865532515,0.5308178539542483,0.5308179045049486,0.529562959959932,0.5295629480052478,0.5295629341130625,0.5295628781337716,0.5295628602391282,0.5295627874522595,0.5295627916218182,0.5295627805933052,0.5295623978608228,0.5295624010243694,0.5295623832806573,0.5295623619260802,0.5295628716811591,0.5295628636811553,0.527517574102322,0.5275177070462204,0.5275180198424214,0.5275180233688659,0.5275180141207365,0.5275180049593892,0.5275180029649285,0.5275179900791325,0.5275179830553698,0.5275179877595749,0.5275179794454334,0.527517972475357,0.5275179493142365,0.5275179409694918,0.5275179376525366,0.5275179308234216,0.5275179247581194,0.5275179170937414,0.5275180361590018,0.5275180298079654,0.5275180234760146,0.5275180479964009,0.5253478778601355,0.525347878112965,0.5253478949162375,0.5253478833038243,0.5253478813704684,0.5253479672892272,0.5253479649917642,0.5253479603186247,0.5253479580986069,0.525347949886534,0.525347947759265,0.5253479461522556,0.5253479328613672,0.5253479319917986,0.525347934830644,0.5253479323266426,0.5253479300310618,0.5253479264281223,0.5253479283094719,0.5253479272075673,0.5253479252660195,0.5253482275975988,0.5253482268450749,0.5253482226041641,0.5253482223574022,0.5253482186779355,0.5253482179924617,0.5253482140893639,0.5253482175299383,0.5253482168313401,0.5253482185530735,0.5253482178728122,0.525348217202393,0.5253482160014272,0.5253482116331338,0.5253482126179922,0.5253482207673043,0.5253482201630595,0.5253482154910979,0.5253482148618949,0.5253482102685518,0.5253482099065822,0.5253482066912978,0.5253482060116024,0.525348201888913,0.5253482013930886,0.5253481982757195,0.5253481976791201,0.525348198021973,0.5253481978650395,0.5253481938944422,0.5253481954145827,0.5253481948614122
78,0.537345399031827,0.5303032640129125,0.5270351479531785,0.527035095788493,0.5282628205015076,0.528262849403078,0.5282628385452124,0.5241185625472136,0.524118564462433,0.5241185110379251,0.5241185144151972,0.5241185150859917,0.5241185082438848,0.5241185124190625,0.5241185142585966,0.5241185091917457,0.5241185113549254,0.5252279381959624,0.5252279369388556,0.5252279334341842,0.5252279089576914,0.5252278876895303,0.525227825479545,0.5252278216216445,0.5252279497834123,0.5252279415529016,0.5252279312834449,0.5252279641153864,0.5252280435841897,0.5252280429768471,0.5252280415138466,0.5252280400775923,0.5252280379368538,0.5252280326742355,0.5252280316329674,0.5252280292873163,0.5252280279895497,0.5252280259285073,0.5252280186267791,0.5252280169776667,0.5219681872027123,0.5219681883305597,0.5219681885907834,0.5219681889998397,0.5219681810164779,0.5219681801026533,0.5219681804377903,0.5219681792396145,0.5219681794031487,0.5219681795619728,0.521968178994173,0.5219681748964791,0.5219681751736558,0.52196817635924,0.5219681765655934,0.5219681759143686,0.5219681761269859,0.521968175392824,0.5219681756063236,0.521968175800549,0.521968169884272,0.5219681700069901,0.5219681699539264,0.520816605701207,0.5208166067356306,0.5208166069255475,0.5208166060402434,0.5208166067275272,0.5208166075944872,0.5208165002389021,0.5208165004624731,0.5208165005796259,0.5208165005973667,0.5208165006660767,0.5208165008768844,0.5208165008928644,0.5208165025910186,0.5208165028050137,0.5208165021963526,0.5208165024266781,0.5208165026419167,0.5208165029319589,0.520816503063004,0.5208165027369452,0.5208165029562202,0.5208165031365505,0.5208165032353994,0.520816503434637,0.5208165035869378,0.5208165036938758,0.5208165038613558,0.520816504402591,0.5208165046360664,0.5208165048570688,0.5208165050980413,0.5208165053018424,0.5208165051071153,0.5208165051527366,0.5208165054524303,0.5208165048022819,0.5208165049977455
79,0.5343040867614962,0.532943163996177,0.5300635482120566,0.5300634766420881,0.5300634469419854,0.5328932623550485,0.5328932439946596,0.5328931401668819,0.5328931367542499,0.5290626795333021,0.5290626854183009,0.5290626755322355,0.5290626639785434,0.5290626702843445,0.5290626738737237,0.5290626762527373,0.5290626805582956,0.5290626880883817,0.5290626831622269,0.5290626842315529,0.5290626596565423,0.5290622832290637,0.5280923400738111,0.5280923337939696,0.5280924562010361,0.5280924479372211,0.528092449719518,0.5280924778785718,0.5280925525217772,0.5280925532999434,0.5280925510185902,0.5280925487669327,0.5280925490229966,0.528092545299161,0.5280925436016447,0.5280925450448942,0.5280925430069385,0.528092540724942,0.528092536318952,0.5280925340871647,0.5280925237836948,0.5262262790816228,0.5262262791983442,0.5262262787918066,0.5262262763560659,0.5262262764402308,0.5262262761118532,0.526226277157949,0.5262262769770026,0.5262264753873693,0.5262264739165338,0.5262264739467492,0.5262264764285781,0.5262264404687005,0.5262264428320776,0.5262264433592024,0.5262264456839167,0.5262264475335643,0.526226449820588,0.5262264517026523,0.5262264545867987,0.5262264558949084,0.5262264536124184,0.5262264558790735,0.5262264581147004,0.5262264552106849,0.5262264535652538,0.5262264543164523,0.5262264562182495,0.526226438268441,0.526226438682517,0.5262264346962947,0.526226434855562,0.5262264316658313,0.5262264320912635,0.5262264284081412,0.5262264353120905,0.5262264357176601,0.5262264347515001,0.526226435154173,0.5262264355412702,0.5262264356686653,0.526226431932785,0.526226431350588,0.5262264389092529,0.5262264392407902,0.5262264351360036,0.5266484168966886,0.5266484167257325,0.5266484166277128,0.5266484164882292,0.5266484163373152,0.5266484161668904,0.52664841607613,0.5266484159252758,0.5266484157599716,0.5266484157986729,0.5266484157601596,0.5266484155949077,0.5266484159150249,0.5266484157571815
80,0.5374400450259861,0.5358337004248547,0.5343242754339326,0.5343241750407822,0.5343241044461434,0.539866997836986,0.5398669789107493,0.5398669715164841,0.5398669675690604,0.5398668688438252,0.538712923114669,0.5387129533598417,0.5387129515063972,0.5387129498182853,0.5387129451251684,0.5387129282739316,0.538712919164813,0.5387128975514958,0.5387128969248279,0.5387128921632773,0.5387128946316055,0.5387125812891889,0.5387125611818081,0.5387125489567998,0.5387128112488357,0.534338652054634,0.5343386485871077,0.5343386558526674,0.5343386752212292,0.5343386745159135,0.53433867538037,0.5343386762359923,0.5343386754889482,0.5343386730956422,0.5343386737674662,0.5343386721736372,0.5343386729534976,0.5343386734366784,0.5343386381703223,0.5343386382289871,0.5343386341461298,0.5343386329018606,0.5343386330576868,0.5343386308115895,0.5343386448558584,0.5343386448087617,0.5343386448702755,0.5343386447783183,0.5343386448196056,0.5343386375576813,0.5279943557947024,0.5279943559670108,0.5279943609714083,0.5279942027870255,0.5279942085032042,0.52799421561778,0.5279942215250396,0.5279942353417664,0.5279942406508905,0.5279942447737918,0.52799426656192,0.5279942690322772,0.5279942626189186,0.5279942679061567,0.5279942738763791,0.52799426750553,0.5279942631135703,0.5279942675279947,0.5279942721653211,0.5279938553023564,0.5279938567545454,0.5279937898199447,0.5279937898767949,0.5279937903992545,0.5279937911293316,0.5279937915439535,0.5279937906439508,0.5279937912519809,0.5279937895638909,0.5279937902963626,0.5279937909121665,0.5279937912611394,0.5279937918178013,0.5279937909043133,0.5279938230708073,0.5279938238238038,0.5279938249805277,0.5279938257833694,0.5279938270655584,0.5279938275192413,0.527993828634664,0.5279938294914182,0.527993830875158,0.527993831689213,0.5279938329281982,0.5279938337570285,0.5279938331754424,0.5279938333640007,0.5279938348883649,0.5279938326305399,0.5279938334196587
81,0.540161329987831,0.5390998913572231,0.5390998793642098,0.5390998793713704,0.5390998796439183,0.5390999385442434,0.539099943746259,0.5390999420366628,0.5390999437615682,0.539099946830827,0.5390998778237888,0.5390998776186492,0.53909987583945,0.5390998767456104,0.539099877186854,0.5390998770770757,0.5391577808960837,0.5391577820781734,0.5391577804397543,0.5391577808642499,0.5391577747936096,0.5391577675404405,0.539157766694807,0.5391577636627922,0.5391577609481213,0.539157756290407,0.5391577537210488,0.5391577556644649,0.5391577584432877,0.5391577579092863,0.5391577582630326,0.5391577586595765,0.5391577580768232,0.5391577571925986,0.5391577575618348,0.5391577563725539,0.5391577567532948,0.5388087685643052,0.5388087666061077,0.5388087651383384,0.5388087657840468,0.5388087647182046,0.5388086367542468,0.538808633255139,0.5388086682196861,0.5388086653888777,0.5388086625000793,0.5388086735747948,0.5388086720309851,0.5388086751497797,0.5388086770184597,0.5388086776053157,0.5388086757263304,0.5388087091238973,0.5388087071772492,0.5388087062222626,0.5388087042631786,0.53880870193319,0.5388087001086366,0.5388086986195817,0.5388086952675684,0.5388086942749226,0.5388086962114307,0.5388086944381325,0.5388086994606293,0.5388087018406962,0.5388087031608814,0.5388087020046961,0.5388087004688151,0.551966076821426,0.5519660812755826,0.5519660794722321,0.5519660819359542,0.551966082211397,0.5519660864607636,0.5519660853166686,0.5519660791124124,0.5519660832868281,0.5519660744148204,0.5519661095066142,0.5519661136889473,0.5519661142112152,0.5519661139718681,0.5519661078764557,0.5519661062572001,0.5519661101199337,0.5519661098614032,0.5519661139275132,0.5519661135503355,0.5519661159369167,0.5519661161248656,0.5519661197610549,0.5519661196599425,0.5519661214323955,0.551966121877161,0.551966125849463,0.5519661252039438,0.5519661261203518,0.5519661257697958,0.5519661185023793,0.5519661223327637
82,0.5413919602315993,0.5418533709399471,0.5418533578448408,0.5418533547840064,0.5418533532885824,0.541853376592788,0.5418533801034252,0.5418533815688202,0.5418533847547432,0.541853389463062,0.5418533647748958,0.541853351955753,0.5418533510592285,0.5418533383768691,0.5418533408957722,0.5418533391270615,0.5428961932102985,0.5428961870109597,0.5428961868695708,0.542896185704333,0.5428961884901259,0.5428961814538861,0.5428961788315569,0.5428961777580086,0.5428962165038269,0.5428962106297849,0.5428962096169494,0.5428962212826448,0.5428962544362171,0.5428962543003614,0.5428962542746578,0.5428962537715387,0.5428962534724704,0.5428962508441464,0.5428962505420435,0.5428962501933265,0.5428962497702641,0.5428961567709079,0.5428961501417774,0.5431864711653926,0.5431864661902922,0.5431864631831028,0.5431864547522829,0.5431864528299191,0.543186499114619,0.5431864973784961,0.5431864957503703,0.5431865040433853,0.5431865032238244,0.5431864999926949,0.5431865051383036,0.5431865034994944,0.5431865065098401,0.5431865563932441,0.5431865542819573,0.5431865535318361,0.5431865521926951,0.5431865433547637,0.5426365430330158,0.5426365441596604,0.5426365408452256,0.5426365431086159,0.5426365472112165,0.5426365468474268,0.5426365654846677,0.542636563877269,0.5426365658371998,0.5426365628615443,0.5426365628578178,0.5426366310466612,0.5426366308266414,0.542636624952018,0.5426366255232858,0.5426366208117036,0.5426366206431886,0.5426366154212361,0.5426366251875308,0.5426366250050482,0.5426366261272334,0.5426366256031868,0.5426366252687551,0.5426366249736715,0.5426366194852975,0.5426366198974752,0.5426366289530311,0.5426366287861608,0.5426366229531148,0.5426366227830415,0.5426366169226389,0.5426366168492761,0.5426366128121857,0.5426366125953175,0.5426366074359242,0.5426366057279102,0.5426366017972072,0.5422745762567444,0.5422745762202846,0.5422745762566328,0.5422745764120606,0.5422745761103251,0.5422745762591128
83,0.5456542615480849,0.5473801288139026,0.5473801097115776,0.5473800960042075,0.5473800821304143,0.5473800674307538,0.5473800513098859,0.5473800480386394,0.5473800457179121,0.5473800294306967,0.5473800295502773,0.5473800561703166,0.547380054114044,0.5476636696596585,0.5476636686487678,0.5476636589789656,0.5476636375053388,0.5476636217990956,0.5476636204711866,0.5476636188597547,0.5476636264037573,0.5476636137864191,0.5476636095765585,0.547663608746999,0.5476636880169793,0.5476636793499826,0.5476636762013896,0.5476636989894931,0.5476637530604292,0.5476637524760871,0.54736837782557,0.5473683771131338,0.5473683764603309,0.547368373719337,0.5473683735848902,0.547368372541523,0.5473683721546526,0.5473683678568118,0.5473683636200694,0.5473683554460615,0.5473683503408945,0.5473683491654131,0.5473683458651595,0.5473683457157306,0.5473683697715657,0.5473683695264244,0.5473683693742927,0.5473683717436204,0.5473683717011144,0.5473683685097995,0.5473683728127638,0.5473683714362404,0.547368352790992,0.5473683870921286,0.5480165348611088,0.5480165371101824,0.54801653633504,0.5480165190318209,0.5480165186681624,0.5480165211409715,0.5480165171227345,0.5480165214613143,0.5480165288024301,0.548016528113922,0.5480165249980011,0.5480165241084217,0.5480165281777759,0.5480165255673188,0.5480165249972316,0.5480166503337843,0.5480166499569284,0.5480166445385616,0.5480166456660781,0.5480166413423144,0.5480166410310594,0.548016636411496,0.548016645318077,0.548016644963859,0.5480166468491108,0.5480166463148738,0.5480166455850629,0.548016645226112,0.5480166401816079,0.5480166408901469,0.5480166491998731,0.5480166489160424,0.5480166435546414,0.5480166432576387,0.5480166374450417,0.5480166373191477,0.5480166336555411,0.5480166333171268,0.548136371947133,0.5481363719222425,0.5481363718768678,0.5481363718272692,0.5481363718389408,0.5481363718273793,0.5481363717777273,0.5481363718737734,0.5481363718264761
84,0.549673715702312,0.5526181772953939,0.5526181427840239,0.55261812206987,0.5526181035845594,0.552618087326254,0.5526180709107922,0.5526180676840894,0.5526180670859269,0.5526180519539335,0.5526180543667185,0.5526180775661992,0.5526180731759797,0.554594349828058,0.5545943473410073,0.5545943284045178,0.5545943280410016,0.5545943046512575,0.5545943078416464,0.5545943071022069,0.5545943392563107,0.5545943494250902,0.5545943505149049,0.5545943477518358,0.5545944185640918,0.5545944230770041,0.5545944280230075,0.5545944406473374,0.554594482270966,0.5545944833619788,0.554594453405335,0.5546293786000477,0.5546293796692958,0.5546293788724738,0.5546293780885778,0.5546293802955862,0.5546293798896804,0.5546293814955148,0.5546293796651185,0.5546293806139052,0.5546293862023763,0.5546293865355165,0.5546293880452613,0.5546293872904866,0.5546293881214187,0.5546293876101213,0.5546293870094852,0.5546293870113205,0.5546293866503793,0.5546293900788415,0.5546293926835121,0.5546293940380513,0.5546292675781327,0.5546292953015843,0.5546292954592473,0.5546292908662364,0.5546292895950593,0.5549204928783712,0.5549204935995287,0.5549204923460388,0.5549204963184072,0.5549204940267812,0.554920489762883,0.5549204905498534,0.5549204919176578,0.5549204913854965,0.5549204889013056,0.5549204898064526,0.5549204905008154,0.5549204423432706,0.5549204425378178,0.5549204424865604,0.5549204418029825,0.554920441733387,0.5549204419150457,0.554920441730034,0.5549204419917846,0.5549204421704825,0.5549204412130703,0.5549204414473901,0.5549204401385941,0.5549204402681785,0.5549204402020937,0.5549204398574872,0.5549204405372433,0.5549204406624684,0.5549204405182989,0.5549204406584144,0.5549204405842124,0.5549204406407752,0.5549204406287068,0.55492044078844,0.5549204407379577,0.5549204430146076,0.5549204431353644,0.5549204433149107,0.5549204424899877,0.5549204425204332,0.5549204433612294,0.5549204417243818,0.5549204419259638
85,0.5525985364566885,0.5561353306024618,0.5561353133953774,0.5561353037233085,0.5561352958981093,0.5561352891693904,0.5561352836460448,0.5561352805756927,0.556135281192466,0.5561352751929686,0.5561352791570167,0.5561352917380871,0.5561352859116914,0.5569438320548242,0.5569438333921193,0.5569438879221988,0.5569438915645701,0.5569438953969895,0.5569438929288929,0.556943894433153,0.5569438857796184,0.5569438816343252,0.5569438825422521,0.5569438856454056,0.5569438724649792,0.5569438719171669,0.5569438686067227,0.5569438736215627,0.5569439080554133,0.5569439072918317,0.5569439001316794,0.5579533063567065,0.5579533059336913,0.5579533044601731,0.5579533043413779,0.5579533037440739,0.5579533001253028,0.5579532980502084,0.5579532958463626,0.5579532942143032,0.5579532907503808,0.5579532897502126,0.5579532878022255,0.5579532874718447,0.5579533068480885,0.5579533064972316,0.5579533062017324,0.5579533101832531,0.5579533100639118,0.5579533080471981,0.5579533095069793,0.5579533084860184,0.55795331451121,0.5579533399171062,0.5579533388867215,0.5579533410907023,0.5579533408170892,0.5579534192046637,0.5579534204228479,0.5561584070972807,0.5561584151320798,0.5561584300965489,0.5561584409697095,0.5561584422846629,0.5561584425007562,0.5561584389604732,0.5561584455132739,0.5561584443683195,0.5561584456126825,0.5561582966252743,0.5561582978030414,0.5561582961175159,0.5561582996474483,0.556158298716931,0.5561582990740075,0.55615829815719,0.556158298943809,0.5561582992850981,0.556158300174755,0.5561583003666996,0.5561582901937657,0.5561582899841391,0.5561582885892797,0.5561582886534165,0.5561582901505401,0.5561582903561092,0.5561582889406039,0.5561582891447718,0.5561582876805176,0.556158287871265,0.5561582869714207,0.5561582870975785,0.5561582860293518,0.5561582837711793,0.5561582828650516,0.5561582830231347,0.5561582854937753,0.5561582855446322,0.5561582845383626,0.5561582882932271,0.5561582884234458
86,0.5563343895875512,0.564486650463845,0.564486629985462,0.5644866178138058,0.5644866070091407,0.5644865979496975,0.5644865886812209,0.5644865875821505,0.5644865862902367,0.5644865787641714,0.5644865777383059,0.5644865930742551,0.5644865929613878,0.5644866248640027,0.5644866246043598,0.5667329308335044,0.5667329263390158,0.5667329241783825,0.5667329246505981,0.5667329227251557,0.5667329227608641,0.5667329189017604,0.5667329160361664,0.5667329137129449,0.5667329570841708,0.5667329534852839,0.5667329534712381,0.5667329661795193,0.5667329977470815,0.5667329977985753,0.5667329968182411,0.5667330023031965,0.5667330021093686,0.5667329992212721,0.5667330713091181,0.5667330690288647,0.5664498315326274,0.5664498318713438,0.5664498312361049,0.5664498316263978,0.5664498312230332,0.5664498314628217,0.5664498317456039,0.5664498320604211,0.566449832647937,0.5664498329013579,0.5664498331599791,0.5664498322243157,0.5664498323620889,0.5664498320902392,0.5664498335460784,0.5664498335024467,0.5664498334179617,0.5664498380804626,0.5664498382868993,0.566449837799066,0.5664498379666154,0.5664498378026491,0.5664498379645939,0.5664498377993658,0.5664498365663232,0.5664497400667856,0.5664497420839838,0.5664497411106069,0.5664497401755969,0.5664497417026316,0.5664495824816249,0.5664495817484332,0.5664495789015939,0.5664499184494466,0.5664499172263979,0.5664499099356166,0.5599636256160717,0.5599636324049795,0.5599636347577053,0.5599636423983557,0.5599636232324537,0.5599636255446382,0.5599636232615067,0.5599636252788536,0.5599636270415356,0.5599636271190462,0.5599636343107349,0.5599636318048983,0.5599636161868903,0.5599636181820549,0.5599636257055403,0.5599636277704271,0.5599636354994718,0.5599636368399401,0.55996364263981,0.5599636444289873,0.5599636522282759,0.5599636518041852,0.5599636578310253,0.5599636598140122,0.5599636651042457,0.5599636656300316,0.5599636738941117,0.5599636784823643,0.5599636803439227
87,0.5681493712078517,0.5714097791420111,0.571409753324959,0.5714097365218608,0.5714097200544076,0.5714097055771153,0.5714096885932721,0.571409689622361,0.5714096850708975,0.571409672586507,0.5714096644364668,0.5714096918478697,0.5714096996097893,0.5714097040410996,0.5714096987798449,0.5726415175589099,0.5726415098323919,0.5726415023132798,0.5726415055322175,0.5726415021665134,0.5726415133954817,0.5726415150575714,0.5726415116015405,0.57264150605267,0.5726415802758006,0.5726415779959677,0.5726415818207845,0.5726416012315285,0.5726416631368334,0.5726416640731441,0.5726416620207563,0.5726416599501932,0.5726416606707032,0.5726416564337385,0.5755043681659938,0.5755043721975251,0.5755043686324662,0.5755043656450238,0.5755043618698845,0.5755043584124937,0.5755043618485174,0.5755043595512055,0.575504357001382,0.5755043540392647,0.5755043899877487,0.5755043875864834,0.5755043851357315,0.5755043968467557,0.5755043955509747,0.5755043980246021,0.5755043991527421,0.5755043994496797,0.5755043986357705,0.575504440713811,0.5755044389416805,0.5755044839495619,0.5755044829650221,0.5755044806788059,0.5755044797443374,0.5755044795955857,0.5755044788862306,0.5755044811246817,0.5717527033276377,0.5717527032688923,0.5717527027580285,0.5717527019561542,0.5717525513490553,0.5717525500699119,0.5717525479797024,0.5717525288505488,0.5717525280869646,0.5717525255089321,0.5717525278419985,0.571752525655524,0.5717525249618595,0.5717525230331982,0.5717525281876511,0.5717525274936824,0.5717525311336794,0.5717525304343211,0.5717525296489585,0.571752529401418,0.5717525269074372,0.5717525283014937,0.5717525325928647,0.571752532020029,0.5717525294534039,0.5717525288340609,0.5717525263759402,0.5717525260931933,0.5717525244058594,0.5717525238228364,0.5717525217832745,0.5717525208004799,0.5717525191366742,0.5717525185255842,0.5717525279114061,0.5717525277812116,0.571752526272701,0.5717525368168604,0.5717525362490495
88,0.5750815710090049,0.5745710625478095,0.5745710436292457,0.5745710292910692,0.5745710140356551,0.5745709987720243,0.574570980250747,0.5745709793316565,0.5745709741117345,0.5745709580096868,0.5745709505806241,0.5745710222817441,0.5745710275232938,0.5745710242887149,0.574571018643538,0.5745710342441117,0.5745710260236924,0.5745710166049722,0.5745710178631308,0.5745710140534169,0.5745710205790989,0.574571014945112,0.5745710096592603,0.5745710048227414,0.5745711293596861,0.5745711233575745,0.5745711240250079,0.5745711673899407,0.574571167414281,0.5745711676330927,0.5745711656803122,0.5745711636664911,0.5745711635959683,0.5745711625669148,0.5745711922519036,0.5745711917771502,0.5745711903183139,0.5745711878131068,0.5745711866584151,0.5745711847461977,0.5745711801626645,0.5745711785664507,0.574571176068482,0.5745711753166965,0.5745712363986963,0.5745712356847174,0.5745712350144085,0.5745712548100733,0.5745712545277306,0.574571252039271,0.5745712465845864,0.5745712451028405,0.5745712475468369,0.5745714239327355,0.5745714230249311,0.5792168572296786,0.5792168535343482,0.5792168538318572,0.5792168501747155,0.5792168473923317,0.5792168500489314,0.579216848738184,0.5792168556233789,0.5792168521386044,0.5792168485846712,0.5792168537389191,0.5792168578610133,0.5792168568207811,0.5792168536677391,0.5792170239252515,0.5792170227893152,0.5792170194070271,0.5792170191845181,0.5792170160065815,0.5792170149521549,0.5792170118763451,0.579217020033201,0.5792170189844765,0.5792170225744344,0.5792170215914502,0.5792170205897659,0.5792170203959877,0.5792170168931952,0.5792170185594616,0.5792170253892863,0.5792170245148198,0.5792170208448809,0.5792170199097779,0.5792170163483656,0.5792170158383401,0.5792170133394611,0.5792170125009345,0.5792170093849506,0.5792170087351531,0.5792170064611745,0.5792170055605895,0.5792168052232257,0.5792168045795877,0.5792167994441906,0.5856791305856816,0.5856791268969403
89,0.5754588769961684,0.5841940870480623,0.584194115388925,0.5841941396618114,0.5841941689812192,0.5841941976746872,0.584194237882814,0.5841942302524189,0.5841942423822858,0.5841942723871134,0.5841942985283171,0.5897508041986077,0.5897507779272071,0.5897507990561495,0.5897508143507473,0.5897508485418183,0.5897508679866637,0.5897509124706006,0.5897508999417871,0.5897509081727639,0.5897508406173388,0.5897508212296948,0.5897508268797335,0.5897508433115881,0.5897503948611965,0.5897503921269629,0.5897503856513009,0.5779891888960098,0.5779888260479247,0.5779888179847752,0.5779888301318733,0.5779888421212654,0.5779888349795516,0.5779888444459695,0.5779888535299333,0.5779888362560984,0.5779888468896336,0.5779888535512141,0.5779888744577398,0.5779888842877093,0.5779888606859556,0.5779888665568146,0.5779888715102213,0.5779888818632646,0.577988291121758,0.577988289903966,0.5779882886927717,0.5779883222752965,0.57798832170968,0.5779883201646979,0.5779883038644918,0.57798830261969,0.5779883042788857,0.5924754244249878,0.592475415921855,0.5924754170525618,0.5924754087414921,0.5924754073991974,0.5924753991354559,0.5924753924152623,0.5924753924708325,0.5924753881293173,0.5924753984494997,0.5924753906227255,0.592475382770653,0.5924753945703584,0.5924754012513471,0.5924753991405873,0.5924753920452932,0.5924757797984654,0.5924757773837697,0.5924757727742785,0.5924757718496027,0.5924757671609203,0.5924757648958683,0.5924757605770722,0.5924757735414997,0.5924757712991154,0.592475779015347,0.5924757769231653,0.592475774815539,0.5924757744414346,0.5924757694254714,0.5924757726286249,0.5924757825450211,0.592475766976082,0.5924757665156,0.5924757644225558,0.5924757592562367,0.5924757580869531,0.5924757543499205,0.5924757524678297,0.5924757478332409,0.5924757465612891,0.589509491426732,0.5895094926700462,0.5895094923788085,0.589509492668741,0.5895094939101649,0.589509491502686,0.5895094926895157
90,0.5864715658837487,0.5967018517804789,0.5967018424262368,0.5967018410944804,0.5967018441231238,0.5967018493040438,0.596701860185388,0.5967018554571211,0.5967018610990168,0.5967018688281144,0.5967018820440227,0.6091921928107692,0.6091922033008378,0.6091921943904649,0.6091921872681857,0.6091921798657268,0.609192169947037,0.6091921635948254,0.6091921683776146,0.6091921640296108,0.6091921771720843,0.6091921815945028,0.6091921775595455,0.6091921700094005,0.6091916638555823,0.60919165922721,0.609191688199124,0.6016926907977163,0.6016927620171622,0.6016927661920499,0.6016927584358661,0.6016927507227666,0.6016927541904143,0.6016927530398563,0.6016927470576885,0.6016927560639102,0.6016927489608154,0.6016927430147778,0.6016927389532035,0.601692731816537,0.6016927404270542,0.601692735695686,0.601692730682595,0.6016927242852534,0.5812708986878209,0.5812709209144927,0.5812709438558755,0.5812709067827884,0.5812709187509338,0.5812708834427429,0.5812705705195144,0.581270561414992,0.5812705808523573,0.5812697319419738,0.5812697460948837,0.5812698472920846,0.581269861666815,0.581269969916992,0.5812699844359768,0.5812699984215842,0.581270203408713,0.5812702174914189,0.5812702239599374,0.5812702374090246,0.581270250085982,0.5812702278603286,0.5812702253904642,0.5812702275922018,0.5812702398573977,0.5812673891827823,0.5812673933126418,0.5812674025325228,0.5812674063768974,0.5812674163876473,0.5812674203203024,0.581267432173529,0.5812674037933069,0.5812674076619285,0.5812674010563617,0.5812674043461225,0.581267407579937,0.581267407879407,0.581267418165254,0.5792564621458033,0.5792564465147824,0.5792563853571416,0.5792563916231328,0.5792563933671906,0.5792563999344807,0.5792564013607706,0.5792564062921995,0.5792564078037914,0.5792564144404044,0.579256414571626,0.5792564180115399,0.579256419697103,0.5792564256764668,0.5792564261781599,0.5792564332596688,0.5792564461101579,0.5792564477096305
91,0.6093742893329319,0.6066084789099081,0.6066084492009117,0.6066084333320249,0.6066084208414094,0.6066084118071425,0.606608404435061,0.606608402225023,0.6066084026953199,0.6066083970610497,0.6066083997925388,0.6220218950318964,0.6220219266759497,0.6220219002001453,0.6220218802633652,0.6220218512418977,0.6220218246118467,0.6220217916451312,0.6220218064106797,0.6220217949117514,0.6220218520876221,0.6220218705066306,0.6220218610514223,0.62202183978333,0.6177389167809761,0.6177389127861325,0.617738945356257,0.6177386540415135,0.6177389675953353,0.6177389790971455,0.6177389595709785,0.6177389402119106,0.6177389500557677,0.617738943976687,0.6177389290286699,0.6177389537636041,0.617738936193686,0.617738922950554,0.617738906051878,0.6177388889606897,0.6177389172239793,0.6177389063137919,0.6177388955796703,0.6177388792560319,0.6177383180557146,0.6177382930514792,0.6177382663404908,0.6125620883814998,0.6125620756224014,0.6125621085274443,0.6125621104296808,0.6125621177236438,0.6125621004731839,0.6125623166534486,0.6125623010760243,0.6125622990399223,0.6125622837246499,0.6125622744802498,0.6125622592144689,0.612562246442515,0.6125622322257073,0.6125622231203596,0.6125622381896584,0.6125622237771603,0.612562209451714,0.6125622315009679,0.6125622422501645,0.6125622385943184,0.612562225517138,0.6125630533425239,0.6125630489856059,0.6125630423868881,0.6125630403584909,0.6125630332283577,0.6125630291224707,0.6125630227651058,0.6125630434614758,0.6125630394052467,0.601940309559512,0.6019403093986816,0.6019403092108357,0.6019403090636948,0.6019403105602706,0.6019401834756851,0.6019401797195759,0.6019401782904723,0.6019401801952021,0.6019401786657084,0.6019401808547843,0.6019401803190055,0.6019401818124225,0.6019401804016027,0.6019401827494179,0.6019401815033806,0.6019401827646156,0.6019401812389367,0.6019401842582919,0.6019401840058224,0.6019401868623171,0.6019401959662739,0.6019401944984171
92,0.6224758610925564,0.6143378960562556,0.6143378555672899,0.6143378312954372,0.614337809331193,0.6143377912382922,0.6143377718778474,0.6143377715441999,0.6143377678797062,0.6143377535523216,0.6143377480255839,0.6259452092722346,0.6259452366460986,0.6259452138857281,0.6259451963829283,0.625945170283427,0.6259451467075218,0.6259451176186893,0.6259451303131438,0.6259451200885765,0.6259451694256425,0.6259451844880317,0.6259451758473635,0.6259451571939709,0.6088917757376352,0.6088917759463943,0.6088917550400639,0.6088915385287977,0.6088913728916655,0.6088913696040757,0.6088913745103962,0.6088913793590364,0.6088913764467477,0.6088913799003643,0.608891383695514,0.6088913766693471,0.6088913810101364,0.6088913836981109,0.6088913918209595,0.6088913958004353,0.6088913861130515,0.6088913884576452,0.6088913904450801,0.6088913946264783,0.6088910705757417,0.6088910686588238,0.6088910628063774,0.5963865973869332,0.5963866065100504,0.5963865803138102,0.596386529968047,0.5963865233321199,0.5963865375609407,0.5963863167413659,0.5963863274834333,0.5963863506684487,0.5963863615087449,0.596386382381848,0.5963863933131028,0.5963864035031268,0.5963864456806743,0.5963864552657144,0.5963864549500549,0.5963864651152216,0.5963864747860103,0.5963864581649971,0.596386454586695,0.5963864564129631,0.5963864656765766,0.5963856399724642,0.596385642813705,0.5963856422998081,0.5963856446590365,0.5963856455820736,0.5963856483112162,0.5963856268883926,0.5963856216245536,0.5963856240352028,0.5963853761823232,0.5963853755735774,0.5963853749255678,0.596385374680394,0.5978505389633981,0.5978505470363883,0.5978505458922385,0.5978505453921458,0.5978505456747637,0.5978505451463876,0.5978505455605443,0.5978505459776953,0.5978505462968994,0.597850545776404,0.5978505463918137,0.597850545490443,0.5978505454443317,0.5978505449044603,0.5978505486193825,0.5978505486636996,0.5978505495814999,0.5978505588352543,0.597850558318255
93,0.6098879678874262,0.6247974163310442,0.6247973672575003,0.6247973349045123,0.624797302870897,0.6247972745393314,0.6247972409085092,0.6247972431836178,0.6247972338516069,0.6247972091590438,0.6247971922749954,0.6312149118115411,0.6312149334265732,0.6312149154812379,0.6312149012688004,0.6312148796844943,0.6312148603061984,0.6312148364546027,0.6312148463802644,0.6312148378862367,0.631214876780346,0.6312148875036646,0.6312148800152657,0.63121486490089,0.6107735513418749,0.6107735523567627,0.6107735147117038,0.6107734060446557,0.6107733510429412,0.6107733374015868,0.6107733595042051,0.610773381394424,0.6107733695644141,0.6107733800507802,0.6107733970295679,0.6107733677577507,0.6107733875377319,0.6107734015519811,0.6107734276161189,0.6107734464848776,0.6107734104698779,0.6107734222022617,0.6107734332649984,0.610773451863046,0.6107733273524589,0.6107733421430251,0.6106874787483235,0.6106871489557689,0.6106871507859712,0.6106871442438521,0.6106871307970962,0.6106871287641779,0.6106871324942121,0.610687105052326,0.6106871070027452,0.6106871162858977,0.6106871183898882,0.6106871227477272,0.610687124931987,0.6106871274439176,0.6106871390549283,0.6106871423531062,0.6106871467521878,0.6106871487090582,0.6106871503594898,0.610687146612852,0.6106871476943785,0.6106871476769262,0.6106871494803714,0.610687052880659,0.6106870532065983,0.6106870481168061,0.6106870489270733,0.610687044987695,0.6106870453440726,0.6050832155798183,0.6050831983248762,0.6050832005762556,0.6050832076472707,0.6050832096795487,0.6050832116783035,0.6050832118176266,0.6050832205904204,0.6050832208081299,0.6050832061912874,0.6050832081811552,0.6050832153801278,0.605083217447349,0.6050832248883372,0.6050832278596132,0.6050832334697257,0.6050832352866334,0.6050832427774324,0.6050832433359078,0.6050832489784436,0.6050832509920963,0.6050832535341082,0.6050832544018855,0.6050832622784013,0.605083265007812,0.6050832669103465
94,0.5337677949183505,0.5116463078129605,0.5116462066020859,0.5100991714353144,0.5100991486454339,0.5100991316402105,0.5094278862410009,0.5094278888157664,0.5094278938890107,0.5094278905182311,0.5094278903854866,0.5094278928354609,0.5094278981941197,0.509427898341685,0.5094278990944819,0.5094278954097564,0.5094278958260278,0.5094278933803293,0.5170540893199911,0.5170540806465994,0.5170541198378633,0.5170541330493317,0.5170541257787885,0.5170541098433266,0.5170542712741341,0.5170542695725217,0.5170542836092251,0.5170543126000887,0.5170543995753085,0.5170544028988255,0.5170543972642497,0.5170543916783626,0.5170543945240885,0.5170543931258583,0.5170543888147485,0.5170543959620757,0.5170543908908196,0.5170543870719955,0.5170543827280356,0.5170543777965162,0.5170543859782364,0.5170543828339154,0.5170543797397366,0.5170543750290294,0.5170544142765622,0.5170544105140121,0.5170544066362706,0.5170544212495516,0.5170544191661935,0.5170544246149658,0.5170544254812641,0.5170544267139452,0.5170544238455829,0.5170544590480372,0.5170544565167128,0.5170544558540429,0.5170544533576164,0.517054451761159,0.5170544492691121,0.5170544471559473,0.5170544444953616,0.5170544429260144,0.5170544451169772,0.5170544427684802,0.5170544404463949,0.5170544440721221,0.5170544457198263,0.5170544451452919,0.5170544430133057,0.5170545670578471,0.5170545663795291,0.5170545659823873,0.5170545656412076,0.5170545650453893,0.5170545644011013,0.5170545639304718,0.5170545660504509,0.5170545654162042,0.5170545668028036,0.5170545662123134,0.5170545656222548,0.5170545655309475,0.517054564970626,0.5170545658290675,0.5170545670536112,0.5170545665141183,0.5170545659316259,0.5170545653642522,0.517054564783672,0.5170545644510892,0.5170545639773778,0.5170545634653234,0.5170545628866297,0.5170545625785092,0.517054562066278,0.5170545615052984,0.5170545616367177,0.517054561505973,0.5170545609449797,0.5170545620311414,0.5170545614956662
95,0.5308572989191066,0.519178234970885,0.5191779803102942,0.5140083494424476,0.5140083409808336,0.5140083217424745,0.5140082872066215,0.514008288692396,0.5206790993034065,0.5206790834338751,0.520679073630654,0.520679102791819,0.5206791074151501,0.5206790997479654,0.5206789929449239,0.5206789721409375,0.5206789595356284,0.5206789343920715,0.5206789374436789,0.5206789328524271,0.5206789622588134,0.5206789675727785,0.5206789618787949,0.5206789521757089,0.5206790974562318,0.5206790952617525,0.5206790993731819,0.5206791296796816,0.5206792146301302,0.5206792260466125,0.5206792229025611,0.5206792197872728,0.5206792197393095,0.5194743173315699,0.5194743124296126,0.5194743164252512,0.5194743106469696,0.5194743061497136,0.5194742973003124,0.519474291626752,0.5194742988747528,0.5194742950330714,0.5194742913102126,0.5194742859556255,0.5194743433156255,0.5194743390035885,0.519474334591235,0.5194743513713828,0.5194743490936793,0.5194743545855853,0.5194743594548935,0.5194743599881652,0.519474356835757,0.519474410201238,0.5194744072946875,0.5194744054571864,0.5194744026016843,0.519474399085724,0.5194743962522277,0.5194743938914678,0.5194743881571015,0.5194743864743612,0.5194743891743114,0.5194743864519319,0.5194743837500784,0.5194743857353916,0.519474387709651,0.5194743869421891,0.5194743844985631,0.5194746298316616,0.5194746289004766,0.5194746250202141,0.5194746245743038,0.5194746210136416,0.5194746201542774,0.519474616456413,0.5194746249852946,0.5194746241271543,0.519474626033121,0.5194746252349818,0.5194746244341557,0.519474623843733,0.5194746198892556,0.5194746210486373,0.5194746289208152,0.5194746281808172,0.519474623914932,0.5194746231479549,0.51947461900701,0.5194746185560826,0.5194746156669175,0.5194746149745062,0.5194746113090262,0.5194746108665436,0.5194746081036374,0.5194746073763562,0.5194746075790889,0.5194746073930562,0.5194746039409464,0.5194746054142874,0.5194746047346557
96,0.5258037834974836,0.5245677795923216,0.5239343238873029,0.5239342129307369,0.5264517192341305,0.5264517012890291,0.5264516820910617,0.5264516104788499,0.5264516569708978,0.5264516395990179,0.5264516363303613,0.526451658956303,0.5164263668682134,0.5164263816817867,0.5164263780766041,0.516426399018733,0.5164264145104303,0.516426440413415,0.5164264342436905,0.5164264423117886,0.5164264253995118,0.5164264199447787,0.5164264277878229,0.5164264398581817,0.5164262793009755,0.5164262824490873,0.5164260080502122,0.5164260026086678,0.5164260175627554,0.5164260188696624,0.516426018547117,0.5164260182232531,0.5210778356078712,0.5210778335379642,0.5210778323339573,0.521077830149602,0.5210778287289212,0.521077827599537,0.5210778238551739,0.5210778224527515,0.5210778237336362,0.5210778227321449,0.5210778217831852,0.5210778204685241,0.5210778397893734,0.5210778387197937,0.521077837634679,0.521077841767146,0.521077841182902,0.5210778423948498,0.521077845661667,0.5210778455822359,0.5210778448201413,0.521077866069027,0.5210778653475976,0.5210778639908262,0.5210778632833252,0.5210778612809008,0.5210778605819637,0.5210778600036015,0.5210778567494675,0.5210778563457614,0.5210778570276501,0.5210778563493306,0.5210778556739374,0.521077786106049,0.5210777871930862,0.5210777867785861,0.5210777854053773,0.5210780549182031,0.5210780541487627,0.5210780467641135,0.5210780463725557,0.5176576353471073,0.5176576365820448,0.5176576374822431,0.5176576334223228,0.5176576346381374,0.5176576319802266,0.5176576331121413,0.5176576342431503,0.5176576344180757,0.5176576354901954,0.5176576338447819,0.5176576315013848,0.5176576325354498,0.51765763364984,0.517657634737477,0.5176576358481668,0.5176576364857206,0.5176576373922684,0.5176576383737285,0.5176576394810123,0.5176576400716948,0.5176576410521391,0.5176576421273406,0.5176576418754213,0.5176576421261223,0.5176576431995759,0.5176576411176907,0.5176576421440088
97,0.5317478690462476,0.5280885963771392,0.525839787850641,0.5258396570814318,0.5300435431821988,0.5300435341006362,0.530043507733669,0.5233845501565556,0.5233845524807932,0.5233845534817422,0.5233845585806638,0.5233845514074852,0.5233844587868937,0.5233844603598623,0.5233844609273796,0.5233844551994409,0.5233844561353754,0.5233844837450702,0.5233844823601396,0.5233844829887031,0.5127431420164088,0.5127431506476287,0.5127431790691646,0.5127432024261922,0.5127376263800763,0.5127376393408224,0.5127376785462672,0.5127364627542875,0.5127340430883829,0.51273404136215,0.5127340500049772,0.5127340585712948,0.5127340629431849,0.5127341789885507,0.5127341854820995,0.5127341858927449,0.5127341936398545,0.5127342011117408,0.5127343957230396,0.5127344038391946,0.5127344427302382,0.5127344519191059,0.5127344589339605,0.5127344659982984,0.5127338438849257,0.5127338501170853,0.5127338560173197,0.5127338323264586,0.5127338374947469,0.5127338399856344,0.5127336623538784,0.5128919486358431,0.5128919549700013,0.5128910116980366,0.5128910186036738,0.51289109333785,0.512891100053873,0.5128912029518465,0.5128912094504854,0.5128912146047239,0.5128913988815418,0.5128914019887156,0.5128913942946288,0.5128914021938189,0.5128914089150893,0.5128914077023901,0.5128914024412418,0.5128914052590862,0.5128914110924883,0.5128890964664057,0.5128890984892585,0.512889107816764,0.5128891085742138,0.5128891172730274,0.5128891191739373,0.5128891288338986,0.5136337207277967,0.5136337262689388,0.5136337138618523,0.5136337190343763,0.5136337242177617,0.5136337264216344,0.5136337573730744,0.5136337497768995,0.5136336907835103,0.5136336955060087,0.513633727029189,0.513633731993207,0.5136337647418389,0.5136337677031306,0.5136337917209174,0.5136337965218043,0.5136338287765924,0.5136338318468161,0.5136338571809306,0.5136338620470884,0.5136338606251567,0.5136338619281728,0.5136338957382411,0.5136338856222993,0.5136338901643653
98,0.5295782922380298,0.5313753223826894,0.5277574478663404,0.5277574411415724,0.5277574812210026,0.5280111471450537,0.5280111552317852,0.5280109691157647,0.5280109671960745,0.5276672929255477,0.527667289377801,0.5276673052873646,0.527667302173699,0.5276673002796721,0.5276672973964793,0.5276672876192324,0.5276672834321169,0.5276673225223691,0.527667321213225,0.5276673189980812,0.5276673054833706,0.5276672546003885,0.526912799922727,0.5269127953787033,0.5269129036489922,0.5269128982270613,0.5269128957528028,0.5269129209466006,0.5269129831600281,0.5269129833574779,0.5269129816919129,0.5269129800494681,0.5269129794502889,0.5269129761039237,0.5269129748760887,0.5269129748246544,0.5269129733377873,0.5269129715613177,0.5269129665953064,0.5269129649168988,0.5269124364566244,0.5269124091563813,0.5269124020760707,0.5269123928246321,0.5269125239818162,0.5273004552890707,0.5273004491260317,0.5273004730347662,0.5273004697263801,0.5273004677614839,0.5273004834175501,0.527300479264329,0.5273004752899471,0.5273005842760545,0.5273005801175601,0.5273005751365648,0.5273005710672173,0.5273005618719332,0.5273005579305869,0.5273005547961436,0.5273005400366473,0.5273005380415704,0.5273005424934457,0.5273005399830467,0.5273005359238645,0.5273005397478184,0.5273005428463244,0.5273005410871291,0.5273005374311367,0.527300951987546,0.5273009506692167,0.5273009445081905,0.5273009439809926,0.5273009386110603,0.5273009374048977,0.5273009317850047,0.5273009428735819,0.5273009416567331,0.5273009445035831,0.5273009433316425,0.5273009421776864,0.5273009416502811,0.5273009355988745,0.5273009372767149,0.5273009485684138,0.5273009475195019,0.5273009410077127,0.5273009398987124,0.527300933533322,0.5273009328991136,0.5273009284321555,0.5247676909506113,0.5247676920126715,0.5247676925792062,0.5247676935195663,0.524767694550816,0.5247676943091891,0.5247676945496118,0.5247676955792342,0.5247676935824657,0.5247676945668556
99,0.5383438355857864,0.5343431227044592,0.5321256514326743,0.5321255515629811,0.5321254892910274,0.5372791960194258,0.5372791761803986,0.5372791331108004,0.5372791290416353,0.5354249459311466,0.5354248994281439,0.5354249195830961,0.5354249180942143,0.5354249169305917,0.5354249139208128,0.5354249014841777,0.5354248961613427,0.5354248809609651,0.5354248805486918,0.5354248774810089,0.5354248787307218,0.529035373917807,0.5290353917516997,0.5290354025404157,0.5290352315566103,0.5290351913434483,0.5290351868997046,0.5290351590305411,0.529035103979995,0.5290351026191806,0.529035105774487,0.5290351088919271,0.5290351080819584,0.5290351084135679,0.5290351107852618,0.5290351080566527,0.5290351108851411,0.5290351136285737,0.527672412331387,0.5276724164305298,0.5276724156955217,0.527672421504448,0.5276724245118737,0.5276724282954743,0.5276723940624904,0.5276723972574826,0.5276724003777185,0.5276723883822999,0.5276723900492686,0.527672571926632,0.5276725673860474,0.5276725664397629,0.5276725707502591,0.5276725071559927,0.5276725111831435,0.527672512361867,0.5276725163300351,0.5276725196738067,0.5276725235867786,0.5276725268324699,0.5276725322834536,0.527672534581026,0.5276725307996378,0.5276725345828139,0.527672538369537,0.5276725330910762,0.5276725303356233,0.5276725315523457,0.5291760129402586,0.5291761089795918,0.529176108454129,0.5291761081469207,0.5291761078826072,0.5291761074214921,0.5291761069218199,0.5291761065577247,0.5291761081991541,0.5291761077078271,0.5291761087820421,0.5291761083245616,0.5291761078674376,0.5291761077967245,0.5291761073631098,0.5291761080281557,0.5291761089758806,0.5291761085579072,0.5291761081071664,0.5291761076675919,0.5291761072183192,0.5291761069606901,0.5291761065940748,0.5291761061973956,0.5291761057495633,0.5291761055108217,0.5291761051143612,0.5291761046798177,0.5291761047816096,0.5291761046802713,0.5291761042461552,0.5291761050875814,0.5291761046727769
100,0.5399939464662746,0.5370681378023375,0.5361474600316699,0.5361473828517846,0.5361473258726263,0.5395231557748448,0.539523136016239,0.5395231319034681,0.5395231303936878,0.5395230700796225,0.5360630318336261,0.5360629683987632,0.5360629561947411,0.5360629577648662,0.5360629614522474,0.5360630280743638,0.5360630298614749,0.5360631149933153,0.536063109338296,0.5360631099959278,0.536063004635428,0.5360629544136312,0.5360629476696549,0.5360629299163213,0.5360627025023876,0.5359406411033872,0.5359406380051275,0.535940716776976,0.5359408694252684,0.5359408691008973,0.5359408675231847,0.5359408660315299,0.5359408651279163,0.535940857498673,0.5359408565183805,0.535940855577576,0.5359408542633801,0.5359408484218259,0.5359408358407147,0.5359408332399158,0.535940821107115,0.5359408170693322,0.5359408043360734,0.5359376954265505,0.5359377539396528,0.5359377526475243,0.5359377516335314,0.5359377571764143,0.5359377566919273,0.5359377455082084,0.5359377504301936,0.5359377473977349,0.5359377485951634,0.5359378075551032,0.5359378064491622,0.5359378041592174,0.5359377578929566,0.5359377487175347,0.5359377478624945,0.5359377477325507,0.5359377359058635,0.535937736724201,0.5359377401889028,0.5359377390014806,0.5359377360895505,0.535937735696321,0.5359377376614433,0.5359381860848391,0.535938187814535,0.5359379925223858,0.5359379930794462,0.5359379912042144,0.5359379919047581,0.5359379913817651,0.5359379919262035,0.5359379912338221,0.5359379904211546,0.5359379909453744,0.5359379903316821,0.5359379904024868,0.535937990808791,0.5359379905539268,0.5359379897471641,0.5359379891629554,0.535937994845281,0.535937995407956,0.535937994404365,0.53593799498954,0.5359379939434256,0.5359379943116411,0.5363514390831675,0.5363514400121936,0.5363514412360526,0.5363514412367032,0.5363514422687332,0.5363514433843912,0.5363514437280819,0.536351444004376,0.5363514451977557,0.5363514440223144,0.5363514450929463
101,0.5389895391305078,0.5389895659039308,0.5389895554286658,0.5389895563104667,0.538989557261123,0.5389896158602715,0.5389896213023609,0.5389896205030554,0.5389896224505119,0.538989626276429,0.5389895580371259,0.5389895565178023,0.53898955584053,0.5389895564127949,0.5389895568433187,0.5389895573941815,0.5389895977693532,0.5389896000360035,0.5389895988838247,0.5389895997979691,0.538989595670782,0.5389895942783954,0.5389895950438612,0.5389895921909482,0.5389895766279714,0.5389895767916378,0.5389895754379834,0.538989572643548,0.5389895642601537,0.5389895639396035,0.538989564483053,0.5389895650218167,0.5389895647473172,0.5389895648817816,0.5389895652975576,0.5389895646082206,0.5389895650973389,0.538989457975782,0.5389894563901514,0.5389894545902684,0.5389894575767996,0.5389894564291613,0.538989322598394,0.5389893182774071,0.5389893542759974,0.5389893508246207,0.5389893472675041,0.5389893606721083,0.5389893587611475,0.5389893637596679,0.5389893645539637,0.538989365684818,0.538989363053439,0.5389893953428723,0.5389893930207629,0.5389893924130273,0.5389893901230158,0.5389893886589178,0.5389893863729135,0.5389893844344451,0.5389893819942632,0.5389893805545858,0.538989382564272,0.5389893804099132,0.5389893782819826,0.5389893816078034,0.5389893831192257,0.5389893825925661,0.5389893806369226,0.5389904053574963,0.5389904164047833,0.5389904228576093,0.5389904284142588,0.5389904381049874,0.5389904485980835,0.5389904562483556,0.5389904217496309,0.5389904320799046,0.5389904094963206,0.5389904565244081,0.5389904665443271,0.5389904680944708,0.5389904775942799,0.5389904630165387,0.5389904422523862,0.5389904514140249,0.538990461288505,0.5389904709243132,0.5389904807663387,0.5389904864143829,0.538990494447249,0.5389905031424916,0.5389905129540299,0.5389905181871618,0.5389905268743355,0.5389905363997434,0.5389905341680278,0.5389905363890424,0.5389905459007845,0.5389905274563768,0.5389905365490909
102,0.5413542300467276,0.5418752144016308,0.5418752019940584,0.5418751995661482,0.5418751986837044,0.5418752227776681,0.5418752271066836,0.5418752295896649,0.5418752330718356,0.5418752392298432,0.5418752141776388,0.5418751986979835,0.5418751989298632,0.5418751844694438,0.5418751870768075,0.5418751860557989,0.5429057915107531,0.5429057881095906,0.5429057885395157,0.542905787797094,0.5429057908066989,0.542905788754267,0.5429057875450977,0.5429057865425418,0.5429058095393934,0.5429058071805539,0.5429058074303321,0.5429058147490405,0.5429058426235245,0.5429058427255286,0.5429058430054639,0.5429058426437339,0.542905842665144,0.5429058404590954,0.5429058401674046,0.542905840358833,0.5429058400249399,0.5429057544285546,0.5429057489108592,0.5432109281585253,0.5432109254261654,0.5432109228891189,0.5432109164479685,0.5432109145297891,0.5432109544524001,0.5432109527735124,0.5432109511603529,0.543210958845976,0.5432109580202585,0.543210956258657,0.5432109609107529,0.5432109598488692,0.543210961839759,0.5432110055538721,0.5432110037008084,0.5432110027049065,0.54321100145593,0.5432109942421494,0.5426328541266827,0.5426328550229855,0.5426328524142123,0.5426328541759567,0.5426328573079024,0.5426328570585106,0.5426328751463938,0.5426328738035381,0.5426328752599245,0.5426328730201166,0.542632873092886,0.5426329408317002,0.5426329406494371,0.5426329353716701,0.54263293580392,0.5426329315472913,0.5426329314112237,0.5426329266940884,0.5426329356114157,0.542632935462174,0.5426329363427783,0.5426329359379972,0.54263293567265,0.5426329354456618,0.5426329304972626,0.5426329308235508,0.5426329392481044,0.5426329391098321,0.5426329338286243,0.5426329336903147,0.5426329284209133,0.5426329283594458,0.542632924746421,0.5426329245777397,0.5426329199625174,0.5426329186375807,0.5426329151522457,0.5422937532677194,0.5422937530791665,0.5422937531182479,0.5422937535463876,0.5422937529676946,0.5422937531566624
103,0.546255921350834,0.5476355614513732,0.5476355412736735,0.5476355273191341,0.547635513453934,0.5476354992596626,0.5476354837643433,0.5476354810355656,0.5476354789697115,0.547635463773095,0.5476354637277812,0.5476354882312076,0.5476354867090132,0.5480037134635463,0.5480037124198753,0.5480037028891103,0.5480036838035671,0.5480036690561275,0.5480036683022463,0.5480036669489716,0.5480036759739753,0.5480036667261451,0.5480036634385901,0.5480036625081314,0.5480037352820553,0.5480037286547461,0.5480037266235898,0.5480037480346421,0.5480038068997011,0.5480038065416485,0.5476202969886603,0.547620296704041,0.5476202963053706,0.5476202939378607,0.5476202939014918,0.5476202932428971,0.5476202930940733,0.547620290451512,0.5476202868463403,0.5476202809003057,0.5476202778913759,0.5476202772493494,0.5476202752760825,0.5476202752434793,0.5476202930221991,0.5476202929226464,0.5476202928771639,0.5476202940531942,0.5476202940512195,0.5476202921160959,0.5476202965412612,0.5476202957431606,0.5476202663162427,0.5476202973724924,0.5484619298405397,0.5484619318352432,0.5484619308746321,0.5484619138458542,0.5484619132777129,0.5484619154606316,0.5484619111897039,0.5484619151629219,0.5484619223286722,0.5484619214578209,0.5484619184053312,0.5484619179808122,0.5484619220158166,0.5484619195711951,0.5484619188328694,0.5484620372033716,0.54846203681537,0.5484620323655882,0.5484620334243456,0.5484620298710913,0.5484620295417207,0.5484620257813466,0.5484620331079192,0.5484620327514161,0.5484620346101334,0.5484620340831787,0.548462033353726,0.548462033021804,0.5484620288763392,0.5484620295936077,0.5484620362695081,0.5484620359761084,0.5484620315906311,0.5484620312809486,0.548462026386482,0.5484620262514388,0.5484620232219719,0.5484620228756346,0.5485337995294474,0.5485338430712966,0.5485338426237293,0.5485338428690709,0.5485338433273629,0.5485338433912577,0.5485338427860303,0.5485338431476597,0.5485338433246568
104,0.558302061223465,0.5548867354056647,0.5548867092733921,0.5548866941499361,0.5548866811017141,0.5548866701117191,0.5548866594729355,0.5548866570272392,0.5548866574277965,0.5548866475953077,0.5548866507129292,0.5548866648207287,0.5548866603072597,0.5561103536046921,0.5561103536332573,0.5561103834298133,0.5561103865778266,0.5561103847048907,0.556110384704264,0.5561103856774765,0.5561103896070726,0.5561103932809518,0.5561103950762832,0.5561103960974916,0.5561103980683599,0.5561104009877209,0.5561104014807551,0.5561104075377962,0.5561104576999788,0.5561104577797655,0.5561104457016338,0.5571427664699482,0.5571427669889409,0.557142765716092,0.5571427647897049,0.5571427661723524,0.5571427648963757,0.5571427638341616,0.5571427615063558,0.5571427603019784,0.5571427614121448,0.5571427605968428,0.5571427596790887,0.5571427586489577,0.557142773836963,0.5571427729984321,0.5571427721453157,0.5571427759065553,0.5571427754562271,0.5571427762761866,0.5571427784200943,0.5571427785028854,0.5571427594224655,0.5571427827981592,0.5571427820775242,0.5571427813574736,0.557142780594708,0.5586112924322825,0.5586112918392271,0.5586112121174858,0.5586112074465345,0.5586112120538222,0.5586112200213842,0.5586112181454054,0.5586112155197132,0.5586112174276537,0.5586112223795284,0.5586112209316124,0.5586112192593008,0.5586114289791486,0.5586114282191939,0.5586114226845792,0.5586114238063646,0.5586114191139574,0.5586114184427762,0.5586114135212158,0.5586114241669273,0.5586114234874381,0.5586114258674937,0.5586114251575042,0.5575634002819481,0.5575634002512935,0.5575633988485031,0.5575633986903773,0.5575634011848545,0.5575634013215425,0.5575633998077743,0.5575633999540669,0.5575633984723195,0.5575633985695021,0.5575633976116241,0.5575633977376203,0.5575633965195057,0.5575633960419227,0.5575633951562645,0.5575633953033649,0.5575633957096795,0.5575633957404977,0.5575633945956262,0.5575633950209077,0.5575633951616512
105,0.5650485015845459,0.5610676504282547,0.5610676431364152,0.5610676393331236,0.5610676365822116,0.5610676344333693,0.5610676331984462,0.5610676316596049,0.5610676321682764,0.5610676305832559,0.5610676328286928,0.5610676368146005,0.5610676335798865,0.5610676771452034,0.5610676793814522,0.5620138865781232,0.5620138891815092,0.5620138948766635,0.5620138918284715,0.5620138930421481,0.562013880125188,0.5620138728347308,0.562013872840665,0.5620138760087703,0.5620138585655335,0.5620138561703949,0.5620138517650285,0.5620138536843238,0.5620138606466791,0.5620138596511912,0.562013860652042,0.5620138795762513,0.5620138783755841,0.5620138756614826,0.562013906953027,0.5620139033326269,0.561741274830756,0.56174127617531,0.5617412757554863,0.5617412773238999,0.5617412756419067,0.5617412766959208,0.561741277842397,0.5617412792219948,0.5617412706720163,0.5617412717862403,0.5617412729239842,0.5617412677224747,0.5617412683264073,0.5617412671303768,0.5617412700692432,0.5617412699103052,0.5617412705365378,0.5617412679644261,0.5617412687517244,0.5617412658400172,0.561741266576823,0.5617412652442111,0.5617412659617679,0.5617412382844775,0.5617412351477585,0.5581789895657977,0.5581790006471812,0.558179003782669,0.5581790061898624,0.5581790002292216,0.5581790086118444,0.5581790083784434,0.5581790112635325,0.5581786670508789,0.5581786679066767,0.5581786674231706,0.558178660390685,0.5581786605894619,0.5581786612900351,0.5581786615532217,0.5581786595910095,0.5581786602730572,0.5581786602848963,0.558178660835404,0.5581786611253124,0.5581786610443247,0.5581786610299575,0.5581786604486842,0.5581786594985558,0.5581786600889641,0.5581786601026761,0.5581786607112419,0.5581786607515002,0.5581786611731286,0.5581786613512164,0.5581786618585617,0.5581786621650671,0.5581786612756523,0.5581786615099604,0.558178662086179,0.558178664621628,0.5581786647709417,0.5581786652210697,0.5581786682476648,0.5581786687886675
106,0.5606515088681622,0.5680454980528004,0.5680454707609086,0.5680454538482942,0.5680454379353853,0.5680454244499847,0.5680454092167604,0.5680454096014624,0.5680454067715164,0.5680453952846748,0.5680453904647454,0.5680454085320517,0.5680454129338929,0.5680454299803228,0.5680454271852218,0.5704631057594999,0.5704630980907058,0.5704630901579987,0.5704630933322254,0.5704630899902408,0.5704631015527843,0.570463103159789,0.5704630997290594,0.5704630942407621,0.5704631655214885,0.5704631632560173,0.5704631670085941,0.5704631841350645,0.5704632347257748,0.5704632356443874,0.5704632336183865,0.5704632315722513,0.5704632322769465,0.5704632292907326,0.5718880492673436,0.5718880507609991,0.5718880390899912,0.5718880372633612,0.5718880346538846,0.5718880327101054,0.571888033545594,0.5718880322184673,0.5718880306100654,0.5718880291160641,0.5718880521972302,0.5718880509663821,0.5718880497247856,0.5718880563769311,0.5718880557306909,0.5718880564954596,0.5718880579384543,0.5718880578413283,0.5718880580364103,0.5718880877338691,0.571888086732144,0.571888088988187,0.5718880881583756,0.5718880850998089,0.571888084320819,0.5718880844229004,0.5718880827860017,0.5718880869833796,0.5718879556344767,0.5718879530232871,0.5718879502479439,0.5718879539055107,0.5643391686342676,0.5643391697737246,0.5643391768849335,0.5643383122908512,0.5643383145879368,0.5643383168710573,0.5643383154441859,0.564338318556003,0.5643383206624079,0.5643383238502131,0.564338313742294,0.5643383158123578,0.5643383130579744,0.5643383149179724,0.5643383166680558,0.5643383168196748,0.5643383198911812,0.564338317480651,0.5643383103605324,0.5643383121392969,0.5643383154015245,0.5643383172524917,0.5643383205775756,0.5643383217375877,0.5643383243456008,0.5643383259777532,0.5643383293936346,0.564338329643612,0.5643383323763365,0.5643383341811489,0.5643383383495802,0.5643383387967184,0.5643383424318504,0.5643383451089498,0.5643383468248919
107,0.5748909553567113,0.5748906288316146,0.5748906107101446,0.5748905974637382,0.5748905831876381,0.5748905699105037,0.5748905529447623,0.5748905554358942,0.574890549366085,0.5748905374355074,0.574890525549596,0.5748905529770086,0.5748905651992922,0.5748905548669011,0.5748905470974898,0.5748906209991571,0.5748906139317355,0.5748906063512632,0.5748906102022437,0.5748906071461558,0.5748906209435685,0.5748906255936768,0.5748906230339565,0.5748906174240717,0.5748906742585853,0.5748906736593142,0.5748906785999535,0.5748906888076886,0.5748907194216633,0.5748907205913665,0.5748907186081886,0.5748907166421228,0.5748907176436694,0.5748907171513579,0.5748908054198097,0.5748908051596623,0.5748908053441921,0.5748908054831137,0.5748908056408897,0.5748908058203127,0.5748908055223516,0.574890805636761,0.5748908057493475,0.5748908059206822,0.5748908044947068,0.5748908046317304,0.574890804772934,0.5748908042413565,0.5748908043172305,0.5748908041187213,0.5748908040874191,0.574890804042496,0.5748908041470374,0.5748908028698617,0.5748908029620745,0.5748910009542321,0.5748910040558773,0.5748910060386137,0.5748910091347091,0.5748910117600006,0.5748910150640885,0.574891017013697,0.574890677330723,0.574890675723896,0.5748906741351797,0.5748906766157363,0.5748906777440479,0.5748906773509715,0.5748906758923356,0.5748907607588384,0.574890760294577,0.574890760023071,0.5748907597895752,0.5748907593820562,0.5748907589410521,0.574890758619305,0.574890760069672,0.5748907596355313,0.5748907605846728,0.5748907601804718,0.5748907597765747,0.5748907597141005,0.5748907593309508,0.5748907599185409,0.5748907607559851,0.574890760386712,0.5748907599883967,0.57489075960001,0.5748907592030393,0.5748907589753932,0.574890758651367,0.5748907583009082,0.5748907579052003,0.5748907576942613,0.574890757343896,0.5748907569599515,0.5748905843586978,0.5748905838822601,0.5748905818414636,0.5748905857989278,0.5748905838482443
108,0.5780138137649842,0.5744060864094468,0.5744060128846126,0.5744059543541866,0.5744058880655895,0.5744058217361385,0.5744057335818975,0.5744057315835072,0.5744057270469127,0.5744056418327831,0.5744056364945488,0.5744058220652452,0.5744058245168252,0.5744058313404282,0.5744058268599859,0.57440573960041,0.5744057313795765,0.5744056253517362,0.5744056257616713,0.5744056218841274,0.5744057218734303,0.5744057133753147,0.5744057074827411,0.5744057030790076,0.574406131666817,0.5744061242808444,0.5744061236571696,0.574406203047081,0.5744063153240283,0.5744063152616359,0.5744063133702131,0.574406311391751,0.57440631100768,0.5744063047083335,0.5744063041897435,0.5744063040360531,0.5744063018987781,0.5744062985074285,0.5744062878024033,0.5744062850854834,0.5744062798150127,0.5744062776031162,0.5744062742638059,0.5744062730168943,0.5744063800568486,0.5744063789179362,0.5744063778265344,0.5744064043982946,0.5744064039116424,0.5744064011133571,0.5744064006843425,0.5744063988899087,0.5744064017681794,0.5744066780405938,0.5744066767554326,0.5748367214330308,0.5748367231792065,0.5748367501105488,0.574836752043865,0.5748367557448848,0.5748368152695953,0.574836823379941,0.5748368635118587,0.5748368651124142,0.574836866005377,0.5748368620440502,0.5748368728159681,0.5748368720600711,0.5748368735699118,0.5748360968993682,0.5748360974327366,0.5748360991040014,0.5748361019149966,0.5748361039322023,0.5748361044577253,0.5748361073783387,0.5748361013008066,0.5748361018120995,0.5748361071310125,0.5748361075153569,0.5748361078063902,0.5748361076432217,0.5748361096080575,0.5748361101264711,0.5748361046020072,0.5748361051456023,0.5748361078224135,0.5748361082847422,0.5748361108415873,0.5748361113239856,0.5748361132586669,0.574836113616764,0.5748361163240372,0.5748361156423801,0.5748361179040242,0.5748361183288162,0.5748361223622032,0.5748361224837403,0.5748361259920018,0.5775277410586631,0.5775277439317981
109,0.5755139694692107,0.5780764462267813,0.5780765016017868,0.5780765443410542,0.5780765926332363,0.578076638520181,0.5780767001843276,0.578076691531862,0.5780767069263452,0.5780767546037745,0.5780767868583292,0.5803218410538641,0.5803217978690374,0.5803218316178091,0.5803218575563076,0.5803219225498,0.5803219561542433,0.5803220387065778,0.58032201827925,0.5803220326438124,0.5803219141124474,0.5803218847341516,0.5803218953897818,0.5803219231732644,0.5803214507516706,0.5803214496126385,0.580321426879095,0.5755544964584407,0.5755542996435089,0.5755542944163038,0.5755543020091985,0.575554309486089,0.5755543048090946,0.5755543087515321,0.5755543141456803,0.575554302960391,0.5755543095028252,0.5755543132924479,0.5755543232368404,0.5755543291814554,0.5755543131483748,0.575554316625719,0.5755543193216935,0.5755543258423015,0.5755541041120091,0.5755541054082124,0.5755541067869204,0.5755541209891812,0.5755541217983126,0.5755541171153147,0.5755541069847927,0.5755541051851725,0.5755541084745225,0.5908802009675129,0.5908801926404067,0.5908801974596334,0.5908801892689421,0.5908801818201435,0.590880173649859,0.5908801668091586,0.590880154576732,0.5908801497786255,0.5908801602571866,0.5908801525524907,0.5908801449161533,0.5908801567964455,0.5908801630279996,0.5908801611137052,0.5908801541211998,0.5908806887612166,0.5908806863344215,0.5908806807277399,0.5908806796353174,0.5908806740538237,0.5908806717804709,0.5908806662218516,0.5908806813383272,0.5908806790861536,0.5908806835525319,0.5908806814635174,0.5908806793633464,0.5908806790271569,0.590880673043984,0.5908806762923684,0.5908806885427371,0.5908806867007946,0.5912785737278025,0.591278572709173,0.5912785713211348,0.5912785707404387,0.5912785696701387,0.5912785687496163,0.5912785674466658,0.5912785668306706,0.5912785545051358,0.5912785533920756,0.5912785548238602,0.5912785545672854,0.5912785532739648,0.5912785606644975,0.5912785596083446
110,0.6113308174203591,0.5962224994325224,0.5962224904151642,0.5962224893178243,0.5962224924709921,0.5962224978495655,0.5962225087131214,0.5962225043617942,0.5962225104342895,0.5962225181708224,0.5962225317429812,0.6084430709098916,0.6084430805974994,0.6084430726426943,0.6084430664376537,0.6084430572466393,0.6084430488102587,0.6084430399301757,0.6084430444273262,0.6084430407998316,0.6084430567963199,0.6084430619957347,0.6084430588995823,0.6084430522877784,0.6084425377846815,0.6084425341782765,0.6084425624478221,0.6004643809331194,0.6004644563123578,0.6004644598581608,0.6004644534112284,0.6004644470006665,0.6004644499681248,0.6004644481608413,0.6004644431571646,0.6004644508023347,0.6004644449107236,0.6004644400801401,0.6004644353020064,0.6004644294233072,0.6004644370634639,0.6004644332039529,0.6004644291638921,0.6004644238327269,0.5787782054449739,0.5787782323095879,0.578778260068635,0.5787782325897126,0.5787782472202572,0.5787782045132823,0.5787771394212984,0.5787771287196976,0.5787771519482463,0.5787742114162928,0.5787742293638073,0.5787745085129199,0.5787745265748563,0.5787748707755487,0.5787748889320814,0.5787749060297597,0.5787755401371844,0.5787755561227248,0.578775558135809,0.5787755749789233,0.5787755910841723,0.578775563827412,0.5787755584911081,0.5787755615815221,0.5787755769225843,0.5787676917650397,0.5787676975573727,0.5787677281703407,0.5787677328075059,0.5787677623701245,0.5787677678450798,0.5787678024535493,0.5787677278476928,0.5787677332491793,0.5787677399418596,0.578767744796145,0.5787677496391525,0.5787677502547017,0.5787677830052581,0.5783651546535209,0.5783651250374918,0.578364986921012,0.5783649978135152,0.5783649992315701,0.5783650106028401,0.5783650118194069,0.5783650201342161,0.5783650213505441,0.5783650326226473,0.5783650326583437,0.5783650397210901,0.5783650410728183,0.5783650466523963,0.5783650471036023,0.5783650590638211,0.5783650713303554,0.5783650725910583
111,0.5931246163448602,0.6016234322331021,0.6016234112629779,0.6016234017941744,0.6016233961447774,0.6016233935406478,0.6016233942802788,0.601623391246768,0.6016233944982106,0.6016233948438297,0.6016234027369145,0.6169017954581921,0.6169018215512263,0.6169018001634908,0.6169017839915851,0.616901756018048,0.6169017345810142,0.6169017023028177,0.6169017145520468,0.6169017053577175,0.6169017582308631,0.6169017742348009,0.6169017668943059,0.6169017496190689,0.6169011825401605,0.616901178213015,0.6169012223123339,0.6143916437615816,0.6143920197800177,0.6143920322970859,0.614392011235866,0.6143919903570454,0.6143920010957608,0.61439199309359,0.6143919769311232,0.6143920038366533,0.614391984898092,0.6143919707794847,0.6143919500453516,0.6143919316896825,0.6143919628853173,0.6143919512277509,0.6143919398350647,0.6143919222082461,0.6074489220044617,0.6074489079467734,0.6074488934831586,0.6074485811520993,0.6074485695892751,0.6074485992895458,0.6074485953136344,0.6074486018788449,0.60744858637159,0.6074487907065672,0.6074487765775849,0.6074487788396941,0.60744876496784,0.6074487594143009,0.6074487455929007,0.6074487341131807,0.6074487267829521,0.6074487188187017,0.607448733991119,0.6074487209347297,0.6074487079361797,0.6074487278794171,0.6074487381281285,0.6074487347786368,0.607448722934135,0.6074494115566716,0.6074494076113767,0.607449401726892,0.6074493999964461,0.6074493936394825,0.6074493899229526,0.6074493840822731,0.6074494025823162,0.6074493989098686,0.607449195608259,0.6074491899352636,0.6074491842493212,0.6074491833303606,0.6074491742048314,0.5964727596407823,0.5964727554711454,0.5964727556469669,0.596472757654529,0.5964727580909169,0.5964727602358719,0.5964727606148877,0.5964727622354353,0.5964727626141985,0.5964727648375755,0.596472764859548,0.5964727662820714,0.5964727667066823,0.5964727681935529,0.5964727683272129,0.5964727707608009,0.5964727738389247,0.596472774239983
112,0.5940287681457349,0.6165235520757223,0.6165235092473617,0.6165234830452674,0.6165234587608094,0.6165234384747615,0.6165234160076163,0.6165234165035579,0.6165234117688285,0.616523395360114,0.6165233873881719,0.6270500862258431,0.627050112761104,0.6270500907890662,0.6270500739937329,0.6270500475326581,0.6270500250409445,0.6270499953867659,0.6270500077420762,0.6270499980104666,0.6270500477377017,0.627050062934732,0.6270500548684739,0.6270500369546127,0.6064330487513769,0.6064330507110064,0.6064330154684938,0.6064328157487575,0.6064325251166254,0.6064325178453529,0.6064325295042168,0.6064325410471658,0.6064325347235839,0.6064325409382495,0.6064325498956096,0.606432534300459,0.6064325447206143,0.6064325519920943,0.6064325670603627,0.606432576953875,0.606432557464174,0.60643256357727,0.6064325692785392,0.606432579103764,0.6064323123906551,0.6064323168410866,0.606432316724079,0.5983579008601639,0.5983579078939559,0.5983578875468203,0.5983578598605829,0.5983578546562944,0.5983578657172882,0.5983577273267026,0.5983577355770575,0.598357750957353,0.5983577592985743,0.5983577716736834,0.5983577800928587,0.5983577879896413,0.5983578140729479,0.5983578215979963,0.5983578217471952,0.5983578295682827,0.5983578369836801,0.5983578241188501,0.598357821531967,0.5983578228927452,0.5983578300226132,0.5983573106045105,0.5983573126863403,0.598357309950789,0.5983573117553878,0.5983573104858306,0.5983573125025751,0.5983572622015122,0.5983572637765796,0.5983572651836573,0.5983571094805082,0.5983571089436653,0.5983571083710694,0.5983571081549635,0.6013754058927334,0.6013754152295988,0.6013754430714023,0.6013754415528413,0.6013754264792935,0.6013754248707028,0.60137540919275,0.6013754091386808,0.601375397764676,0.6013753962735721,0.6013753809540489,0.6013753793634625,0.6013753669271662,0.6013753653389432,0.6013753695251614,0.6013753692865575,0.6013753532846154,0.6013753651820334,0.6013753637193273
113,0.6080751894573858,0.6258114141662794,0.6258113649668606,0.6258113323470108,0.6258112998421793,0.6258112710426623,0.6258112366051177,0.6258112393629334,0.6258112295636624,0.6258112045133462,0.6258111864542922,0.6317234108183309,0.6317234321697428,0.6317234144670639,0.6317234005921606,0.6317233793368792,0.631723360511823,0.6317233369727374,0.6317233468194002,0.6317233386026893,0.6317233773923223,0.6317233884736009,0.6317233813531739,0.6317233665823815,0.6128751219613054,0.6128751227826486,0.6128750913682977,0.6128750122780345,0.6128751169721107,0.6128751036613419,0.61287512536862,0.6128751468698419,0.612875135346103,0.612875143514356,0.6128751601790396,0.6128751316082905,0.6128751510504242,0.6128751649486894,0.6128751869735046,0.6128752055711117,0.6128751707569448,0.6128751823654515,0.6128751933807873,0.6128752116300978,0.612875091999295,0.6128751065205408,0.6127685554000774,0.6127682981935941,0.6127682996800213,0.6127682943943455,0.6127682847434689,0.6127682831080268,0.61276828612136,0.6127682669688661,0.6127682685547191,0.6127682756245879,0.6127682773329808,0.6127682804044955,0.6127682821771677,0.6127682842074428,0.6127682927688525,0.6127682954211241,0.6127682989051086,0.6127683004945652,0.6127683018388664,0.6127682988099306,0.6127682996567232,0.6127682996494608,0.6127683011139097,0.6127682544801701,0.6127682546969957,0.6127682495460622,0.6127682501694944,0.6127682461092027,0.6127682463604733,0.6076237505858905,0.6076237410765408,0.6076237428778681,0.607623748897088,0.6076237505263536,0.6076237521225197,0.6076237522201875,0.6076237537919897,0.6076237541176251,0.6076237466648038,0.607623748226547,0.6076237516952847,0.6076237533181341,0.6076237569143046,0.6076237395056214,0.6076237421562168,0.6076237434003151,0.6076237469330019,0.6076237472228495,0.6076237498310905,0.607623751217591,0.6076237534214164,0.6076237540906283,0.6076237578550814,0.6076237607540363,0.607623762070741
114,0.6132700309906158,0.6306305671690808,0.6306305165990758,0.630630481688435,0.6306304457457219,0.6306304131244349,0.6306303729802604,0.6306303770125589,0.6306303645914058,0.630630335408144,0.6306303120306194,0.6341344795536676,0.6341344983264404,0.6341344826953241,0.6341344703417335,0.6341344520581323,0.6341344352018129,0.6341344149237429,0.6341344235467641,0.6341344161594034,0.6341344494807436,0.6341344587451114,0.6341344522166248,0.634134439077028,0.6229155957481763,0.622915593740581,0.6229155909464621,0.622915588877632,0.6229162952683788,0.6229162832179048,0.6229163029714087,0.6229163225402053,0.6229163121208958,0.6229163172673502,0.6229163324285805,0.6229163065558511,0.6229163242634795,0.6229163370162935,0.6229163532677248,0.6229163702450723,0.6229163389730366,0.6229163496004738,0.622916359740078,0.6229163763342417,0.6229162689751462,0.6229162821843593,0.6227479547928907,0.62274795474578,0.6227479555416287,0.6227479525494901,0.6227479479667485,0.6227479470026865,0.6227479487132518,0.6227479408488323,0.6227479416744983,0.6227479456909522,0.6227479465970782,0.6227479480390026,0.622747948987009,0.6227479501239467,0.6227479545847626,0.6227479561425929,0.6227479583942659,0.6227479592344994,0.6227479599193989,0.6227479582457223,0.622747958871154,0.6227479588194248,0.6227479595966092,0.6227479021703192,0.6227479023551362,0.6227479010619948,0.6227479014796437,0.6227479005478016,0.6227479007370055,0.6227478101186749,0.6227478151034288,0.6227478142683307,0.6227478190137213,0.62274781822235,0.6227478174167815,0.6227478172317442,0.6227478148957373,0.6227478168402444,0.6227478205627401,0.6227478198583597,0.6227478178107525,0.6227478170679317,0.6227478150898016,0.6212086253596184,0.6212086241744909,0.6212086230784004,0.6212086216527669,0.6212086208071282,0.6212086194855758,0.6212086182965528,0.6212086195389764,0.6212086194190007,0.6212086181109819,0.6212086225291645,0.6212086213956239
115,0.5284934095316167,0.5160272990834971,0.5160270114485564,0.5091430064526067,0.5091429961061376,0.5091429901930989,0.5086997298211432,0.5086997348521314,0.5086998763427456,0.5086998895666023,0.5086998980397857,0.5086998718462313,0.5086998767889024,0.5086998832435073,0.5086998925907911,0.5086999062077203,0.5086999146641601,0.5086999338799125,0.5087000154782719,0.5104201509356704,0.5104201429809474,0.5104201477234859,0.5104201522817979,0.5104201552094343,0.5104200711768959,0.510420074595143,0.5104200816095948,0.5104200698569392,0.510420090092595,0.5208477718022614,0.5208477613898521,0.5208477510674602,0.5208477563262692,0.5208477537408083,0.5208477457739743,0.5208477589821627,0.5208477496106442,0.5208477425536343,0.5208477345268995,0.5208477254136525,0.520847740533213,0.5208477347226234,0.5208477290047853,0.5208477202995876,0.5208477928251785,0.5208477858720246,0.5208477787060146,0.5208478057108995,0.5208478018611035,0.5208478119301273,0.5208478135301974,0.5208478158082422,0.5208478105073618,0.5208478755576823,0.520847870879747,0.520847869655583,0.5208478650421221,0.5208478620922506,0.5208478574870685,0.520847853582015,0.5208478486660454,0.5208478457659159,0.5208478498148039,0.5208478454747508,0.5208478411836864,0.5208478478838502,0.5208478509288587,0.520847849867245,0.5208478459272492,0.5208480751360289,0.520848073882262,0.5208480731491463,0.5208480725185273,0.5208480714180426,0.5208480702271895,0.5208480693582112,0.5208480732749612,0.5208480721025547,0.5208480746656086,0.5208480735740739,0.5208480724834498,0.5208480723147262,0.5208480712800144,0.5208480728667539,0.5208480751281886,0.5208480741310303,0.5208480730554446,0.5208480720066153,0.520848070934574,0.5208480703198655,0.5208480694449276,0.5208480684984976,0.5208480674298432,0.5208480668602562,0.5208480659141769,0.5208480648773437,0.5208480651202275,0.5208480648784715,0.5208480638425036,0.5208480658501383,0.5208480648604132
116,0.5238533299730633,0.5213578509681618,0.5213577002476261,0.5189897947459798,0.5189898037834253,0.518989783543177,0.518989755633139,0.518989755738719,0.5222963559437975,0.5222963432022808,0.5222963396012673,0.5222963573680027,0.5222962264020209,0.5222962190298149,0.5182940611859336,0.5182940690784412,0.5182940773523864,0.5182940862247642,0.51829408171604,0.5182940852935685,0.5182940691416934,0.5182940636967097,0.5182940666932276,0.5182940732608529,0.5182940067311057,0.5182940074324299,0.5182940016470531,0.5182939896997839,0.5182939538577241,0.5182939524878167,0.518293954810332,0.518293957112771,0.5182939559414529,0.5182939565144811,0.5182939582914252,0.518293746134002,0.5182937434887822,0.5182937414968631,0.5182937392308693,0.5182937366585598,0.5182937409263865,0.5182937392862543,0.5182937376723458,0.5182937352151841,0.5182937556875409,0.5182937537249609,0.5182937517022543,0.5182937593247361,0.5182937582380804,0.5182937610802307,0.5182937615323833,0.5182937621754395,0.5182937606791866,0.5182937790424134,0.5182937777220272,0.5182937773762922,0.5182937760741056,0.5182937752411934,0.518293773941303,0.5182937728390942,0.5182937714509834,0.5182937706324293,0.5182937717752223,0.5182937705502103,0.5182937693390218,0.5182937712308974,0.5182937720903545,0.5182937717906859,0.5182937706786067,0.5182938353940054,0.518293835040349,0.5182938348327749,0.518293834654908,0.5182938343437755,0.5182938340077697,0.5182938337619224,0.5182938348683075,0.5182938345375752,0.5182938352606347,0.5182938349527326,0.5182938346450346,0.5182938345965905,0.5182938343039577,0.5182938347516617,0.5182938353910519,0.5182938351096874,0.518293834805501,0.5182938345095554,0.518293834206398,0.5182938340329396,0.5182938337855368,0.5182938335185273,0.5182938332163181,0.518293833055635,0.51829383278818,0.5182938324956582,0.518293832564166,0.5182938324959568,0.5182938322030193,0.518293832769412,0.5182938324901846
117,0.525627937726581,0.5262429962989484,0.5248417361518702,0.5248415938801416,0.5304229137614633,0.5304229014103767,0.5304228874430563,0.5304227287717781,0.5304227297071359,0.5304227088109599,0.5304226977955884,0.5304227340096603,0.5280324317318168,0.5280324202678881,0.5280324104255347,0.5280323875891675,0.5280323742543941,0.5280323460394171,0.5280323512832862,0.5280323443292642,0.5280320870898627,0.5280320955645914,0.5280320843610036,0.528032067063903,0.5280323371412591,0.5280323330207194,0.5241475131622106,0.52414754053241,0.5241476345054035,0.5241476378441409,0.5241476328287804,0.5241476278561021,0.5241476345340415,0.5241476319728006,0.5241476281323553,0.524147637194641,0.5241476326830594,0.524147629342122,0.5241476235362846,0.5241476191723433,0.5241476262257454,0.5241476234812033,0.5241476207987832,0.5241476166032379,0.5241476587279484,0.5241476553734571,0.5241476519168217,0.5241476648614979,0.5200402375260402,0.5200402301873837,0.5200402290218283,0.5200402273614518,0.5200402312248231,0.520040183814718,0.5200401872243209,0.5200401881162483,0.5200401914789352,0.5200401936286406,0.5200401969852392,0.5200401998314333,0.5200402034139521,0.5200402055276907,0.5200402025765836,0.5200402057399368,0.5200402088675038,0.5200402039842866,0.5200402017649014,0.5200402025386662,0.5200402054103849,0.520040038361315,0.5200400392754548,0.5200400398090744,0.5200400402689277,0.520040041070533,0.5200400419388007,0.520040042571526,0.5200400397174118,0.5200400405722296,0.5200400387034394,0.5200400394993303,0.5200400402945348,0.5200400404175274,0.5200400411711623,0.5200400400142212,0.520040038367024,0.5200400390940865,0.5200400398773771,0.5200400406421111,0.5200400414228329,0.5200400418710789,0.5200400425083065,0.5200400431984255,0.5200400439767373,0.5200400443920673,0.5200400450812417,0.5200400458372113,0.520040045660106,0.5200400458363755,0.520040046590938,0.5200400451271293,0.5200400458487363
118,0.5314365953146216,0.5298408309069791,0.526785754847572,0.5267856808797983,0.5286336127302301,0.5286336292574398,0.5286336109564445,0.5224045398854026,0.5224045448733451,0.5224045185412889,0.5224045255991114,0.5224045116176891,0.5224045110167238,0.5224045173637155,0.5224045223002151,0.5224045257268243,0.5224045321805758,0.5235133822003732,0.5235133816978915,0.5235133814861465,0.5235132829400816,0.5235132812950622,0.5235132759845587,0.5235132730635095,0.523513320460675,0.5235133188099754,0.5235133202450093,0.5235133320593729,0.5235133724469505,0.5235133728725108,0.5235133718169602,0.5235133707726084,0.5235133709896536,0.5235133683984114,0.5235133676046583,0.5235133684406589,0.5235133674946585,0.5235133665979215,0.5235133625733015,0.5235133615881815,0.5235131321151952,0.5235131281182226,0.5235131247094343,0.5235131199440952,0.5235131809666256,0.52351317704123,0.5235131731086686,0.5235131880852448,0.5235131860424059,0.5235131898418389,0.5235131984995827,0.5235132597878873,0.5235132578657942,0.523513313282582,0.5235133114398968,0.5235133077922061,0.5235133059844803,0.5235133006231392,0.5235132988439468,0.5235132973778326,0.5233892517782499,0.523389251856654,0.5233892517472104,0.5233892518603799,0.5233892519763405,0.5233892517953292,0.523389251713056,0.5233892517417157,0.5233892518481935,0.5233892456624879,0.523389245696614,0.5233892457160494,0.5233892457331787,0.5233892457626966,0.5233892457950413,0.523389245818205,0.5233892457126745,0.5233892457445111,0.5233892456748923,0.5233892457045176,0.5233892457341757,0.5233892457387459,0.5233892457664137,0.5233892457233273,0.5233892456627185,0.5233892456898465,0.5233892457185926,0.5233892457471058,0.5233892457757013,0.5233892457924041,0.5233892458158239,0.523389245841568,0.5233892458701387,0.5233892458856231,0.5233892459109883,0.5233892459391826,0.5233892459325715,0.5233892459391484,0.5233892459668662,0.5233892459123388,0.5233892459392132
119,0.5348653092909122,0.5330064326498124,0.5301566812312415,0.5301566081065584,0.5301565762436992,0.5330909363163199,0.5330909177347462,0.5330908218950781,0.5330908191012974,0.529118982252356,0.5291189886343022,0.5291189759204175,0.5291189675377643,0.5291189735046778,0.5291189775468933,0.5291189810324122,0.5291189863253352,0.529118993921584,0.5291189901504757,0.5291189921811085,0.5291189772176844,0.5291186437895758,0.528429762772608,0.5284297551351854,0.5284298451983263,0.5284298432324901,0.5284298496255541,0.5284298679047474,0.5284299258821299,0.5284299274203075,0.5284299247102122,0.528429922024038,0.5284299233071201,0.5284299211706448,0.5284299191008007,0.5284299223819232,0.5284299199452763,0.5284299180225868,0.5284299144379712,0.5284299120444818,0.5284299162809531,0.5271034560417105,0.5271034556302748,0.5271034535216725,0.5271034564387146,0.5271034554663311,0.5271034537496802,0.5271034597528516,0.5271034588113948,0.5271037281502111,0.5271037248790684,0.527103726092689,0.5271037282023606,0.5271036829498272,0.527103685236758,0.527103686370259,0.5271036886129039,0.5271036918256885,0.5271036939780052,0.5271036956657855,0.5271037004582586,0.5271037014954041,0.527103698945148,0.5271037011878899,0.5271037034554786,0.5271037011711915,0.5271036994221115,0.5271037005110754,0.5271037025740763,0.5271036613603407,0.5271036617618413,0.5271036584292171,0.5271036585257887,0.527103655723302,0.5271036561265153,0.527103652876413,0.5271036593643597,0.5271036597572185,0.5271036587368932,0.5271036591483076,0.5271036595332909,0.5271036597436553,0.5271036564797026,0.5271036558953778,0.5271036629419046,0.5271036632637487,0.5271036596690363,0.5274037040752656,0.5274037033498713,0.5274037033441638,0.5274037028823437,0.5274037030087722,0.5274037024172757,0.5274037025052015,0.5274037021034692,0.5274037021186008,0.5274037020068113,0.5274037020050838,0.5274037014884342,0.5274037012720493,0.5274037012900887
120,0.5360159923634779,0.5353723384988714,0.5336434247241136,0.5336433214759876,0.5336432506838531,0.5399957126658164,0.5399956961667134,0.5399956909820424,0.5399956868259304,0.5399955655265057,0.5397082515842627,0.5397082949168199,0.5397083001319969,0.5397082938421494,0.5397082861853908,0.5397082608068503,0.5397082487989978,0.5397082164523461,0.539708219102191,0.5397082131689128,0.5397082361673111,0.5397078162617731,0.5397077971849475,0.5397077808329157,0.5397081226580557,0.5386149119201031,0.538614923620481,0.5386150084726354,0.5386152119211819,0.538615215093565,0.5386152082385628,0.5386152014662509,0.5386152036441977,0.5386151960271381,0.5386151908814898,0.5386151974459901,0.5386151913132264,0.538615185016576,0.5386150820255485,0.5386150738976174,0.5386150728268041,0.5386150639482389,0.5386150563372873,0.5386150486947356,0.538615146858208,0.5386151407641768,0.5386151348361043,0.5386151580748869,0.5386151549258646,0.5386151427884834,0.5367239005322325,0.5367239006998922,0.5367238968411392,0.536723989576673,0.5367239856097533,0.5367239816152504,0.5367239777348957,0.5367239702090617,0.5367239664423287,0.5367239634158948,0.5367239515341954,0.53672394954919,0.5367239536331481,0.5367239499252614,0.5367239460193486,0.5367239507018828,0.53672395358833,0.5367239515799364,0.5367239482144706,0.536724364039385,0.5367243626886046,0.5321076199470323,0.5321076201960533,0.5321076206462451,0.5321076154431813,0.5321076157248215,0.5321076144694945,0.5321076150628155,0.5321076136186061,0.532107614230757,0.5321076148021738,0.5321076149860459,0.532107615345851,0.5321076145031308,0.5321076163096503,0.5321076168144162,0.5321076172148668,0.5321076177516983,0.5321076182307475,0.5321076185384626,0.5321076190137289,0.5321076195507403,0.5321076201369034,0.5321076205737046,0.5321076211412715,0.5321076216894352,0.5321076214058191,0.5321076215307972,0.5321076222097862,0.5321076208813129,0.5321076214054794
121,0.539619311016463,0.5377082142217391,0.537093656709483,0.537093600044887,0.5370935575174062,0.5393451964805646,0.5393451815381656,0.5393451797890507,0.5393451797328513,0.5393451396767258,0.5369936773617241,0.5369936725009327,0.5369936652701938,0.5369936706326042,0.5369936734015711,0.5369936732209755,0.5369936885854181,0.5369936887532769,0.5369936851200323,0.5369936862727961,0.5369936748619384,0.5369936518914662,0.5369936495137522,0.5369142372010836,0.5369142445962268,0.5369141654614261,0.5369141639808629,0.5369141779552478,0.5369142142727774,0.5369142140767796,0.5369142135668661,0.536914213092865,0.5369142126888121,0.5369142099545066,0.5369142096626053,0.5369142091543989,0.5369142087430834,0.536914205890524,0.5369142017649892,0.5369142007683051,0.5369141959588808,0.536914194486185,0.5369140882820039,0.5369140851246429,0.5369141230452471,0.5369141211756656,0.5369141193635205,0.536914126898825,0.5369141259542738,0.5369141240780336,0.5369141280660046,0.5369141273877273,0.5369141268623211,0.5369141728761488,0.5369141714996757,0.5369141689413398,0.5358029097939645,0.5358029104620431,0.5358029115056521,0.5358029123905264,0.5358029135040239,0.5358029141611993,0.5358029132437832,0.5358029142272774,0.5358029151995564,0.5358029136813037,0.5358029129913224,0.535803107650035,0.5358031109130786,0.5358029210884716,0.5358029221272703,0.5358029227337783,0.5358029232562831,0.5358029241672928,0.5358029251539388,0.5358029258730945,0.5358029226295815,0.535802923600975,0.5358029214774191,0.535802922381765,0.5358029232853534,0.5358029234251455,0.5358029242816131,0.5358029229670189,0.5358029210948142,0.5358029219210253,0.5358029228112865,0.5358029236802263,0.5358029245675526,0.5358029250769176,0.5358029258011392,0.5358029265852723,0.5358029274698554,0.5358029279417841,0.5358029287250007,0.5358029295839992,0.5358029293827682,0.5358029295830659,0.535802930440602,0.5358029287773465,0.5358029295973004
122,0.5438287994611547,0.5400804512878394,0.5400804338891784,0.5400804301639145,0.5400804274436986,0.5400804716053946,0.5400804743719257,0.540080475728466,0.540080478508253,0.5400804822511545,0.540080428823494,0.5400804222297529,0.5400804229035185,0.540080416971038,0.5400804182819205,0.5400804161883664,0.5406534054107035,0.5406534027420968,0.5406534028731257,0.5406534027470588,0.5406534056395964,0.5406534062873818,0.5406534062354476,0.5406534034992404,0.5406534197334769,0.5406534204430002,0.5406534206740248,0.5406534276901442,0.540653463870478,0.5406534639316877,0.5406534637824906,0.5406534636501235,0.5406534636988268,0.5406534602048021,0.5406534601190323,0.5406534602449542,0.5406534601390374,0.5372075054225044,0.5372075471252042,0.5372075553888236,0.5372075620463054,0.5372075674630806,0.5372075852587809,0.5372075889760644,0.5372074283299085,0.5372074316282431,0.5372074347694918,0.5372074200061825,0.5372074215954883,0.5372074263986106,0.5372073933492435,0.5372073957183308,0.5372073936408337,0.537207249409464,0.537207252495607,0.5372072591777773,0.5372072618904681,0.5372072803467552,0.5372072821239527,0.5372072824471648,0.5372073057565898,0.5372073043209088,0.5372072978823954,0.5372073000455112,0.5372074722750853,0.5372074700416813,0.5372074657727983,0.5372074720464793,0.5372074746856116,0.544463241300409,0.5444632545108348,0.5444632905066075,0.5444632965577795,0.5444633328551676,0.5444633453546145,0.544463384122977,0.5444632877478965,0.5444633000742547,0.5444632724550567,0.5444632846319148,0.5444632962345054,0.544463298388803,0.5444633379038059,0.544463321029574,0.5444632453061772,0.5444632557984452,0.544463296152852,0.544463307181823,0.5444633489384104,0.5444633554499736,0.5444633865708419,0.5444633966038054,0.544463437738344,0.5444634451317659,0.5444634780850263,0.5444634892114577,0.5444634858910132,0.5444634886088298,0.5444635313635642,0.5444635087467562,0.5444635191307765
123,0.5456804105521214,0.543158738305876,0.5431587469476321,0.5431587567748447,0.5431587681666188,0.5431587881975602,0.5431588051888836,0.5431588097568358,0.5431588141155257,0.5431588329540834,0.5431588271362551,0.543158792731784,0.5431587940754815,0.5431587706227975,0.5431587742517714,0.5431587854526808,0.5434686872904462,0.5434687097392092,0.5434687101755945,0.5434687135966045,0.543468700573987,0.5434687176943986,0.5434687247925554,0.5434687281143287,0.5434686137380702,0.5434686271819181,0.5434686298170968,0.543468604821369,0.543468579080945,0.5434685794812438,0.543468584433003,0.5434685863010984,0.5434685871106707,0.5434685877333344,0.5434685885441082,0.5434685894799892,0.5434685909068745,0.5434685772104834,0.5434685785449747,0.5441508494138042,0.5441508492118448,0.544150849020565,0.5441508483482856,0.5441508482079901,0.544150852028906,0.5441508519026064,0.5441508517831166,0.544150852253785,0.5441508521891596,0.5441508519607061,0.5441508528627778,0.5441508527862458,0.5441508522660397,0.5441508578704005,0.5441508575418526,0.5441508569829555,0.5441508568867708,0.5441508565583071,0.5441508309595284,0.5441508305561253,0.5441508289514373,0.5441508286366786,0.5441508289983952,0.5441508285803004,0.5441508273962418,0.5441508279635235,0.5441508282523377,0.5441508278777933,0.5441508274999542,0.544150937322667,0.5441509370274171,0.5441509331593334,0.5441509329911197,0.5441509296913765,0.5441509294381309,0.5441509258250753,0.5441509333565037,0.5441509330400576,0.5441509336012639,0.5441509333301965,0.5441509331012991,0.5441509330448148,0.5441509292893693,0.5441509296305421,0.5441509369772018,0.5441509367431637,0.5441509326661894,0.5441509324332198,0.544150928504406,0.5441509283637302,0.5441509256801249,0.5441509254831934,0.5441509220310438,0.5441509221360178,0.5441509196425455,0.5441509193363651,0.5441509193590423,0.544150919294388,0.5441509160808986,0.5441509164363286,0.5442911396429191
124,0.5538265218777982,0.5515693497332654,0.551569314623555,0.5515692934870993,0.5515692743156904,0.5515692577453812,0.5515692403162327,0.5515692383341367,0.5515692377860055,0.5515692224736732,0.551569223818984,0.5515692437552432,0.5515692413082313,0.5532472509522445,0.5532472487671348,0.5532472370443432,0.5532472345255517,0.5532472223863267,0.5532472256584268,0.5532472252054117,0.5532472469769281,0.553247258306729,0.5532472599393781,0.5532472574381079,0.553247294914533,0.5532473002530872,0.553247305434356,0.553247314087921,0.5532473697442682,0.5532473708872786,0.5529202258437252,0.5529202477404717,0.5529202488898786,0.5529202481827868,0.552920247838943,0.5529202499371673,0.5529202502833571,0.5529202539077724,0.5529202526018119,0.5529202555306431,0.5529202629858585,0.5529202642036917,0.5529202674472128,0.552920267201119,0.5529202590650872,0.5529202590179184,0.5529202588480037,0.5529202558380324,0.5529202556845741,0.5529202602310297,0.5529202647418026,0.5529202667058772,0.5515045991376349,0.551504591320535,0.5515045898539299,0.5515045906580927,0.5515045913879936,0.5515046585273145,0.5515046602115211,0.5515046622034179,0.5515046647203666,0.551504666714933,0.55150466666039,0.551504668169533,0.5515046692623583,0.5515046665409801,0.551504666244689,0.5515046661597125,0.5515046675417424,0.5515046532596927,0.5515046535284638,0.551504649976368,0.5515046503669043,0.5515046476067338,0.5515046478926189,0.551504644762493,0.5515046502595267,0.5515046505277763,0.5515046501615618,0.5515046503780083,0.5515046509515084,0.5515046509233789,0.5515046476794605,0.5515046473557328,0.5515046534088492,0.551504653627819,0.551504650089558,0.5515046503307017,0.5515046552679566,0.5515046554658937,0.5515046532966252,0.5515046535916036,0.5515046508415345,0.5515046475221942,0.5515046454831894,0.5515046458149225,0.5515046460224307,0.5515046460867087,0.5515467080124244,0.5515467080490114,0.5515467080309796
125,0.5528463592543741,0.5545029264743487,0.5545028982395924,0.5545028818721675,0.5545028675996035,0.5545028557209097,0.5545028438753966,0.5545028418902403,0.5545028423163265,0.55450283175036,0.5545028344913802,0.5545028480313212,0.5545028442548644,0.555854021447223,0.5558540210965931,0.5558540435533141,0.555854046948918,0.5558540433515443,0.5558540442950779,0.5558540452227376,0.5558540538001898,0.5558540609152882,0.5558540633039473,0.555854063685779,0.55585406747944,0.5558540720715207,0.555854074100758,0.5558540791655543,0.5558541300935997,0.5558541305061632,0.5558541168089833,0.5567174690374268,0.5567174698504448,0.5567174684762134,0.5567174675435546,0.5567174694181266,0.5567174684379608,0.5567174684440781,0.556717465929053,0.5567174655451832,0.5567174687644921,0.5567174683989178,0.5567174684715052,0.5567174674827274,0.5567174786508815,0.5567174778918904,0.5567174770827091,0.5567174794681283,0.5567174790224142,0.5567174810778752,0.5567174844553403,0.5567174851202289,0.5567174488761526,0.5567174730897071,0.5567174728861556,0.5567174701653831,0.5567174693425457,0.5591591934610287,0.5591591916852243,0.5591591398201966,0.5591591328623622,0.55915913741657,0.5591591467443683,0.5591591441094272,0.559159140612663,0.5591591435750426,0.5591591494442087,0.5591591476613019,0.5591591453049954,0.5591594200051224,0.5591594190000503,0.5591594126927479,0.559159413812523,0.5591594084036652,0.5591594075060541,0.559159401862691,0.5591594143083607,0.5591594134036971,0.5591594163874923,0.559159415456053,0.5574163775009976,0.5574163776025275,0.5574163782246996,0.557416377269751,0.5574163759098213,0.5574163765099898,0.557416377156667,0.5574163777878424,0.5574163784324391,0.5574163788023941,0.5574163793284955,0.5574163798980964,0.5574163805406417,0.5574163808833621,0.5574163814523482,0.5574163820762796,0.5574163819301543,0.5574163820756837,0.5574163826985906,0.5574163814904117,0.557416382086094
126,0.557939199467939,0.5602676623538712,0.5602676589817279,0.560267657626702,0.5602676571255101,0.560267656970319,0.560267657832042,0.5602676565333798,0.56026765757983,0.560267657687814,0.5602676605596589,0.5602676599910144,0.5602676564483768,0.5602677011690467,0.5602677040131044,0.56091126913259,0.5609112737829515,0.5609112806235214,0.5609112770046315,0.560911279095255,0.5609112648988869,0.5609112581295866,0.5609112592097147,0.5609112636545133,0.560911229202833,0.5609112278565701,0.5609112228909904,0.5609112204937795,0.5609112159115226,0.5609112147678236,0.5609112162650045,0.56091123832169,0.5609112370039765,0.5609112351030476,0.5609112570994718,0.5609112533720584,0.5607258657487575,0.560725867297613,0.5607258672730066,0.5607258691467748,0.5607258667264604,0.5607258679714203,0.560725869270159,0.5607258709819325,0.5607258600539307,0.5607258614304841,0.5607258628407886,0.5607258568274125,0.5607258575792862,0.5607258558960069,0.5607258585371449,0.560725858245408,0.5607258592210492,0.5607258545170604,0.560725855458982,0.5607258530173052,0.5607258539271632,0.5607258525746389,0.5607258534706059,0.5607258148182737,0.5607258119682512,0.557611448695006,0.5576114589048057,0.5576114614338609,0.5576114633158767,0.5576114584175783,0.5576114661007487,0.557611465826437,0.5576114681571902,0.5576112684456797,0.5576112694273803,0.5576112676915459,0.5576112747897563,0.5576112739896198,0.557611274650526,0.5576112737674599,0.5576112741375724,0.5576112747779537,0.5576112747178388,0.5576112752419164,0.5576112755282651,0.5576112754588531,0.5576112743125026,0.5576112737477565,0.5576112751181165,0.5576112756690408,0.557611274461802,0.5576112750339637,0.557611273877801,0.5576112742695201,0.5576112736241629,0.5576112741084487,0.5576112733351742,0.557611272553971,0.557611272007298,0.5576112725604507,0.557611274815997,0.5576112749516582,0.5576112743495525,0.5576112769859851,0.5576112775110937
127,0.5654185550165931,0.5663085999781986,0.5663085744283514,0.5663085589258545,0.566308544524654,0.5663085326185604,0.5663085192295186,0.566308519698391,0.5663085179027166,0.566308507825418,0.566308504564044,0.5663085151989606,0.5663085183916754,0.5663085407931537,0.5663085392980648,0.5692520628793156,0.5692520558945062,0.5692520475810681,0.5692520509236189,0.5692520478854356,0.5692520608961351,0.5692520638978263,0.5692520610575278,0.5692520557859032,0.5692521173693689,0.5692521160273858,0.5692521201588309,0.5692521320546572,0.5692521631261539,0.5692521641171432,0.5692521622177811,0.5692521607054252,0.5692521615103675,0.5692521607207638,0.5692522547517573,0.5692522539922669,0.5692353528280506,0.5692353526296002,0.5692353525195794,0.569235352404907,0.5692353517650257,0.5692353516579151,0.5692353514509063,0.569235351462449,0.5692353538512049,0.5692353538472589,0.5692353538533305,0.5692353544553519,0.5692353544644766,0.5692353541097073,0.569235354014413,0.5692353538386948,0.5692353542128472,0.5692353579987535,0.5692353579392446,0.5692353589505814,0.5692353589449692,0.5692353583971101,0.5692353584083075,0.5692353586823446,0.5692353588972736,0.5692353548059653,0.5692353579896126,0.5692353579155781,0.5692353577766157,0.5692353577541284,0.5692349893871702,0.5692349880609592,0.569234983515241,0.5692352630448234,0.5692352615559466,0.569235259780425,0.5687648546823828,0.568764852285624,0.5687648499826258,0.568764848061337,0.5687648560831833,0.5687648538136488,0.5687648591692464,0.5687648570395888,0.5687648548771169,0.568764854509269,0.5687648521741271,0.5687648553321145,0.5687648601705312,0.5687648582428647,0.5687648558205647,0.5687648537902412,0.5687648513884059,0.5687648502140751,0.5687648483121108,0.5687648464714646,0.5687648441557662,0.5687648428395621,0.5687648408072054,0.5687648387971039,0.5687648401643939,0.568764839698131,0.5687648375026358,0.5687648426628817,0.5687648407444397
128,0.564221202478999,0.5705130556426226,0.5705130278830141,0.5705130100986529,0.5705129927005956,0.5705129777462664,0.5705129599472573,0.5705129615593862,0.5705129577363096,0.5705129447205534,0.5705129371999771,0.5705129538148792,0.5705129616216719,0.5705129682360814,0.570512963691533,0.5720613100447128,0.5720613029905541,0.5720612926466205,0.5720612964249284,0.5720612934020138,0.5720613097456709,0.5720613141554262,0.57206131158071,0.5720613060484948,0.5720613777488984,0.5720613770419669,0.572061381875476,0.5720614007118703,0.5720614707551006,0.5720614719099099,0.5720614699353744,0.5720614679591344,0.5720614689407424,0.5720614644952671,0.5756631275557992,0.5756631332889044,0.5756631292206087,0.5756631261573646,0.5756631226729361,0.5756631187171091,0.5756631252799678,0.5756631227576643,0.5756631202757149,0.5756631164970246,0.575663147979064,0.5756631449609462,0.5756631418504594,0.5756631535724058,0.5756631519013209,0.5756631562719354,0.5756631569666765,0.5756631579555124,0.5756631556545325,0.5756631838915726,0.5756631818610599,0.5756631813330938,0.575663179330646,0.5756631780501394,0.5756631760512644,0.5756631743563532,0.5756631722223596,0.5756631709636532,0.5756628277904714,0.5756628212750102,0.5756628148330891,0.5756628248913598,0.5756625379922549,0.575662535437761,0.5756625259578142,0.5756630774537322,0.5756630744362347,0.5756630726733069,0.5756630711555963,0.5756630685083532,0.5756630656421801,0.5756630635522109,0.5756630729760824,0.5756630701544017,0.5756630763230377,0.5756630736959966,0.5756630710711442,0.5756630706650653,0.5756630681761156,0.5756630719949712,0.5756630774350517,0.5756630750350417,0.5756630724478994,0.5756630699236441,0.5756630673450732,0.5756630658655227,0.5756630637609159,0.5756630614830847,0.57566305891253,0.5756630575415936,0.5756630552656046,0.5756630527702751,0.5756630533551215,0.5756630527733126,0.575663050281262,0.5756630551132995,0.5756630527313202
129,0.6030277639410848,0.5780753842039188,0.5780754326153392,0.5780754698852242,0.5780755118240597,0.5780755515965874,0.5780756046491868,0.5780755965370662,0.5780756121189761,0.5780756516781401,0.5780756837482868,0.5803201495496901,0.5803201070307034,0.5803201415524567,0.5803201675236404,0.5803202169974433,0.5803202510365405,0.5803203128979341,0.5803202928912273,0.5803203074837168,0.580320211219945,0.5803201838368206,0.58032019511918,0.5803202228997192,0.5803197954309811,0.5803197954389475,0.5803197734224574,0.5755540339853218,0.5755538665819813,0.5755538615158207,0.5755538691541194,0.5755538766858418,0.5755538721952366,0.5755538749751963,0.5755538804110989,0.5755538695530561,0.5755538762153936,0.5755538803915405,0.5755538883101741,0.5755538944806615,0.5755538796450749,0.5755538833392089,0.5755538864448937,0.5755538929570077,0.575553664342037,0.5755536656531636,0.5755536670387794,0.5755536762798769,0.5755536770741482,0.5755536730941504,0.5755536667018389,0.575553665243976,0.575553667927181,0.590875855138299,0.5908758468990748,0.5908758350375019,0.5908758268416052,0.5908758132257549,0.5908758050157611,0.5908757977774608,0.5908757724012458,0.5908757663974619,0.590875770954047,0.5908757632535889,0.5908757557447435,0.5908757678652867,0.5908757721989093,0.590875770491729,0.5908757634923024,0.590876455592309,0.5908764531418282,0.5908764469966529,0.5908764454559887,0.5908764393370561,0.5908764370392764,0.5908764307019492,0.5908764472108997,0.5908764449352125,0.5908764478726646,0.5908764457783056,0.5908764436892008,0.590876443390164,0.5908764368475947,0.5908764398943447,0.5908764535721883,0.5908764516969041,0.591274470528734,0.5912744694883798,0.5912744674070977,0.5912744667652814,0.5912744651943166,0.5912744642653512,0.5912744622680112,0.5912744618089956,0.5912744485189487,0.5912744473918193,0.5912744463206916,0.5912744460475867,0.5912744439203562,0.5912744405292433,0.591274439452874
130,0.601537044155712,0.5775011968082598,0.5775012492781962,0.577501289455385,0.5775013345069185,0.5775013771727284,0.5775014340024142,0.5775014257397842,0.5775014416145239,0.5775014845003472,0.5775015171623534,0.5794378914718037,0.5794378473281615,0.5794378827979842,0.5794379097551372,0.5794379653583656,0.5794380006626993,0.5794380703222799,0.5794380495506388,0.5794380647019114,0.5794379593135194,0.5794379307807596,0.5794379424597385,0.5794379712939011,0.5794375317085443,0.5794375317167394,0.5794375081385494,0.575324745108793,0.5753245810520458,0.5753245762388489,0.5753245834443055,0.575324590548393,0.5753245862736673,0.5753245891474351,0.5753245942482248,0.5753245839377298,0.5753245902040466,0.5753245940673984,0.5753246019630213,0.5753246077416592,0.5753245935134945,0.5753245969646943,0.5753245998104772,0.5753246059648338,0.5753244087389083,0.5753244102866921,0.575324411915071,0.5753244203485441,0.5753244212723315,0.5753244168997819,0.5753244099506962,0.5753244084080971,0.5753244113293104,0.5885307998285186,0.5885307945694297,0.58853079358858,0.5885307883862201,0.5885307804411628,0.5885307752395996,0.5885307707670574,0.588530756540816,0.588530753115942,0.5885307585793396,0.5885307536883642,0.5885307488876366,0.5885307565348382,0.5885307600590103,0.588530758915572,0.5885307544739872,0.5885312051115643,0.5885312034830331,0.5885311980349169,0.5885311971648515,0.5885311919956685,0.5885311904805665,0.5885311850776492,0.588531198410887,0.5885311969050022,0.5885311990926109,0.5885311977058449,0.5885311963136381,0.5885311961033478,0.5885311904695838,0.5885311925963613,0.5885312041513452,0.5885312029305304,0.5890026254186241,0.5890026252340859,0.5890026250454009,0.5890026249372541,0.5890026247832544,0.5890026246167444,0.5890026244286374,0.5890026243284611,0.589002624160492,0.5890026239780703,0.5890026240208729,0.5890026239782663,0.589002623795956,0.5890026241497472,0.5890026239755924
131,0.5863705277680793,0.5957777815745885,0.5957777729392298,0.5957777720908938,0.5957777754062188,0.5957777809873193,0.5957777918967276,0.5957777877817996,0.5957777942124475,0.5957778019642417,0.5957778158911923,0.6077483584982577,0.6077483672867283,0.6077483603189481,0.6077483549493266,0.6077483437727876,0.6077483366630005,0.6077483249648034,0.6077483291162058,0.60774832610061,0.6077483449065744,0.6077483504976481,0.6077483481506003,0.6077483424073747,0.607747821884587,0.6077478190532883,0.6077478465112632,0.5993261806087392,0.5993262598960989,0.5993262628262324,0.5993262575847644,0.599326252373735,0.5993262548371375,0.5993262524075297,0.599326248314418,0.5993262546243312,0.5993262498460169,0.5993262460021502,0.5993262405587557,0.5993262358217362,0.5993262423457126,0.5993262392566457,0.599326236062877,0.5993262317181692,0.5781981526303379,0.5781981779688139,0.5781982041182084,0.5781981815431861,0.578198195596952,0.5781981554813732,0.57819781838111,0.5781978083955532,0.5781978302115325,0.5781968831141718,0.5781969004093811,0.578197003596777,0.5781970209942268,0.5781971377396783,0.5781971552424614,0.5781971714775862,0.5781973900911379,0.5781974051767688,0.5781974057209769,0.5781974220186624,0.578197437626815,0.5781974112845151,0.5781974056228697,0.5781974087139454,0.5781974235552811,0.5781943000084535,0.5781943049950072,0.5781943157446895,0.578194319717858,0.5781943313199912,0.5781943360597388,0.5781943492706417,0.578194316496036,0.5781943211617547,0.5781943310431373,0.5781943353182721,0.5781943395504843,0.5781943400472668,0.5781943523108258,0.5781939969564394,0.5781939840320591,0.577957971247216,0.5779579765103472,0.5779579775973396,0.5779579831088943,0.5779579840710425,0.5779579881548974,0.5779579890840937,0.5779579946042903,0.5779579945339957,0.5779579973099965,0.5779579983499149,0.5779580033508943,0.5779580036853574,0.5779580095711528,0.5779580208807118,0.5779580218638568
132,0.6186864880217442,0.6057783415066156,0.6057783126580707,0.6057782975162376,0.6057782857246052,0.6057782775172064,0.6057782709294497,0.6057782691669199,0.6057782703214863,0.6057782654395653,0.6057782688606852,0.6215989524809631,0.6215989854386411,0.6215989591248732,0.6215989389751854,0.6215988968541706,0.6215988703383352,0.6215988200420041,0.6215988355696219,0.6215988242433361,0.6215989011478034,0.6215989222175735,0.6215989134198927,0.6215988918678959,0.6187033195822172,0.6187033163801309,0.6187033557541748,0.6187030401230886,0.618703490366453,0.6187035037062444,0.6187034815319575,0.6187034595578672,0.6187034710445577,0.6187034603365742,0.6187034433329226,0.61870347199665,0.6187034521038588,0.6187034375106188,0.6187034116973339,0.6187033925084156,0.6187034264132006,0.6187034143007935,0.6187034026053484,0.6187033840129544,0.6187027405248688,0.6187027129866258,0.6187026839923332,0.6151945995176971,0.6151945831911338,0.6151946264670678,0.6151946538761414,0.6151946638373147,0.6151946409333607,0.615194951454017,0.615194931688882,0.6151949181307116,0.615194898576676,0.6151948790937535,0.6151948595486278,0.6151948427368533,0.6151948079811651,0.6151947949604416,0.6151948094795373,0.6151947910933543,0.6151947730076753,0.6151948016177372,0.615194813546413,0.615194809209763,0.6151947925102346,0.6151959981540818,0.6151959926623223,0.6151959857191016,0.6151959826985278,0.6151959747298215,0.6151959695367208,0.6151959620094283,0.6151959862140527,0.615195981090964,0.6079665625937333,0.6079665592326434,0.6079665558651262,0.6079665553111584,0.6079665512086981,0.6079663550239731,0.6079663670675506,0.607966362119927,0.60796635625055,0.6079663509513145,0.6079663451978509,0.6079663422175515,0.6079663376257459,0.6079663328412659,0.6079663272967203,0.6079663243110544,0.6079663194207751,0.6079663141893977,0.6079663160503265,0.6079663148623281,0.6079663096450626,0.6079663211955159,0.6079663162042063
133,0.6247010751732249,0.6170215945112437,0.6170215512002312,0.6170215246331915,0.6170214998698507,0.6170214791999534,0.617021456078384,0.6170214570003824,0.6170214521139633,0.6170214353974299,0.6170214267975118,0.6273015700806005,0.6273015967356749,0.6273015747803037,0.6273015581646366,0.627301530697701,0.6273015086144977,0.6273014775777562,0.627301490059508,0.6273014805583016,0.6273015323864901,0.6273015484441895,0.6273015407787323,0.6273015230335037,0.605875331973267,0.6058753347645299,0.6058752966126566,0.605875108236392,0.6058748161959701,0.6058748081001969,0.6058748212996288,0.6058748343735022,0.6058748273641182,0.6058748330904005,0.6058748432189314,0.6058748258422083,0.6058748376660137,0.6058748461154493,0.605874860838866,0.6058748721464878,0.6058748509672023,0.6058748580248501,0.605874864719254,0.6058748758163733,0.6058746192698745,0.6058746251654995,0.6058746264203965,0.5988070190298044,0.598807025579155,0.5988070068363842,0.5988069854191831,0.5988069806891596,0.5988069908413476,0.5988068685411388,0.5988068762548567,0.5988068886667466,0.5988068964433512,0.5988069066178312,0.5988069144574474,0.598806921730168,0.5988069431136243,0.5988069498790893,0.598806949193487,0.5988069564874127,0.5988069634384504,0.5988069515304245,0.5988069488149138,0.598806950141354,0.5988069567881378,0.5988065121785017,0.5988065141035165,0.5988065112170563,0.5988065128079054,0.5988065113206378,0.598806513187028,0.5988064564825842,0.598806459048263,0.5988064602396739,0.5988063232866413,0.5988063227809857,0.5988063222443549,0.5988063220554136,0.6014499597766039,0.6014499669661442,0.6014499686104537,0.6014499677432663,0.6014499666266264,0.6014499656965243,0.6014499646132052,0.6014499648823536,0.6014499640590985,0.6014499631769931,0.6014499622388031,0.6014499611505847,0.6014499599029522,0.6014499589648571,0.6014499624660844,0.6014499624405456,0.6014499616716258,0.601449970952691,0.6014499700589568
134,0.6280776285025723,0.6204015536053464,0.6204015076202913,0.6204014785774642,0.6204014507398211,0.620401426973752,0.6204013995356559,0.6204014013504117,0.6204013946583017,0.620401374917117,0.6204013626390957,0.6290056308555183,0.6290056557199554,0.6290056352538044,0.629005619706188,0.6290055940490566,0.6290055733495756,0.6290055444801477,0.6290055561151446,0.6290055472035357,0.6290055953505524,0.6290056101648239,0.6290056029255124,0.6290055863240775,0.602119988274911,0.6021199929958765,0.6021199320655475,0.6021189182204956,0.6021167475206416,0.6021167330690536,0.6021167567954503,0.6021167803145498,0.6021167678937459,0.6021168593995554,0.6021168776004006,0.6021168466057215,0.6021168678665693,0.6021168832272081,0.6021170452080576,0.6021170656002715,0.6021170282780268,0.6021170410575173,0.602117053270189,0.6021170731872556,0.6021165338858792,0.602116549666479,0.6021165523075773,0.6018550351327673,0.6018550384952551,0.6018550281473055,0.6018549684082821,0.6018549656106885,0.6018549713072872,0.6018547895463071,0.6018547934341479,0.6018548136791738,0.6018548176685716,0.6018548378450684,0.6018548418974642,0.6018548459177755,0.6018548855475073,0.601854889768463,0.6018548918003913,0.6018548955275984,0.60185489897272,0.6018548926182598,0.6018548921911379,0.601854892672686,0.6018548960805202,0.6018542951319379,0.601854296259421,0.6018542980556586,0.6018542992033428,0.6018543013179037,0.6018543023933863,0.6018541717522503,0.6018541716041725,0.6018541715156097,0.60185417431927,0.6018541741531622,0.6018541739649549,0.6018541738452725,0.6019519124983512,0.6019519141789221,0.601951910579691,0.6019519110057221,0.6019519126881939,0.6019519131255584,0.6019519148680306,0.6019519156624602,0.6019519169767653,0.6019519173465971,0.6019519191234711,0.6019519190514225,0.601951920254995,0.6019519206735972,0.6019519222690004,0.6019519224921744,0.6019519243936103,0.6019519273963246,0.6019519277913905
135,0.6308940828253021,0.6260662628750735,0.6260662140232904,0.6260661817027096,0.6260661494568562,0.6260661210148567,0.6260660868808547,0.6260660901027705,0.6260660803211463,0.6260660558449559,0.6260660373918292,0.6318511412072312,0.631851162940798,0.6318511450074578,0.6318511312445727,0.6318511094685794,0.6318510910078815,0.6318510667188427,0.6318510768399433,0.6318510688640797,0.6318511095488731,0.6318511219017515,0.6318511152602577,0.6318511005762527,0.6134038616961816,0.61340386309019,0.6134038337265459,0.613403767145274,0.6134039348521825,0.6134039217347298,0.6134039433627716,0.61340396479098,0.6134039534683698,0.6134039601721396,0.6134039767622357,0.6134039485932163,0.6134039679900618,0.6134039820593311,0.613404001526838,0.6134040201644635,0.6134039864092434,0.613403998119648,0.6134040093408442,0.613404027497223,0.613403904871023,0.6134039193335734,0.6132921519531395,0.6132919127756941,0.6132919141643158,0.6132919095878003,0.6132919032448962,0.6132919019255891,0.6132919044973191,0.6132918869506896,0.6132918884888382,0.6132918932606297,0.6132918948768612,0.613291897032063,0.6132918986913686,0.6132919004597817,0.6132919064192514,0.6132919085132958,0.6132919105277173,0.6132919120355259,0.6132919133738937,0.6132919106731642,0.6132919109849839,0.6132919110836379,0.6132919124680627,0.6132918994872549,0.6132918996781548,0.6132918945542928,0.6132918950010279,0.6132918909202844,0.6132918911449117,0.6084735113681968,0.6084735048658556,0.6084735064420319,0.6084735109641971,0.6084735123963739,0.6084735138002514,0.6084735139000597,0.6084735144337098,0.6084735145139862,0.6084735098355308,0.6084735111992478,0.6084735132654697,0.6084735146849994,0.6084735168450567,0.6084734918035763,0.6084734933465883,0.6084734943498573,0.6084734964054272,0.6084734966438178,0.6084734981593887,0.6084734992788322,0.6084735010126308,0.6084735015658203,0.6084735037984927,0.6084735060693135,0.6084735071358981
136,0.5244410682707005,0.5192933552177997,0.5192931044605632,0.5142707624936679,0.5142707547486487,0.514270735582463,0.5142707010543177,0.5142707047093699,0.5212912472550955,0.5212912361872485,0.5212912251601476,0.521291250604507,0.5212912619413941,0.521291252354422,0.5212911517831698,0.5212911388298482,0.5212911252517067,0.5212911106901569,0.5212911180897305,0.521291112221445,0.5212911387286939,0.5212911476642147,0.5212911427469114,0.5212911319690724,0.5212912411516917,0.5212912400008968,0.521291249494382,0.5212912691021986,0.5212913279276304,0.5212913301779387,0.5212913263673696,0.5212913225897339,0.521291324514291,0.5212910861713574,0.5212910787449503,0.5212910910549817,0.5212910823190976,0.5212910757406485,0.5212910682582732,0.521291059763088,0.521291073857262,0.5212910684406691,0.5212910631107079,0.5212910549958679,0.521291122602961,0.5212911161214492,0.5212911094413539,0.5212911346147726,0.5212911310261151,0.5212911404122973,0.5212911419039226,0.5212911440275217,0.5212911390861582,0.5212911997254125,0.5212911953647223,0.5212911942235142,0.5212911899228796,0.5212911871730853,0.5212911828801089,0.5212911792399115,0.5212911746572094,0.5212911719538096,0.5212911757280737,0.5212911716823649,0.5212911676823108,0.5212911739281796,0.5212911767666484,0.521291175777009,0.5212911721042909,0.5212913857740171,0.5212913846053129,0.5212913839217588,0.5212913833339435,0.5212913823079884,0.5212913811978657,0.5212913803877048,0.521291384039057,0.5212913829461776,0.52129138533541,0.5212913843179491,0.5212913833012391,0.5212913831439785,0.5212913821793134,0.5212913836584174,0.5212913857667072,0.5212913848371651,0.5212913838344222,0.5212913828567546,0.5212913818572918,0.5212913812842224,0.5212913804685974,0.5212913795863231,0.5212913785900626,0.5212913780590651,0.5212913771770432,0.5212913762105623,0.5212913764370122,0.5212913762116442,0.521291375245777,0.5212913771172847,0.5212913761946938
137,0.525367489300203,0.5245637585501449,0.5239321442714804,0.5239320347053175,0.5264422106604806,0.526442193383396,0.5264421746582832,0.5264421086797246,0.5264421565551514,0.5264421410506512,0.5264421376350331,0.5264421579218942,0.5164459249788103,0.5164459381767259,0.516445935519518,0.5164459687734136,0.5164459844917765,0.5164460271972824,0.5164460236265075,0.5164460336197643,0.5164460200362189,0.516446019276574,0.516446029446346,0.5164460414633155,0.5164458159238107,0.5164458209586124,0.5164455457976725,0.5164455265288096,0.5164455165764509,0.516445519299823,0.5164455190023719,0.5164455187001801,0.5211698255716435,0.5211698276948318,0.5211698263890622,0.5211698333147715,0.5211698317995785,0.5211698309194398,0.521169833389398,0.5211698320136141,0.5211698392753922,0.5211698388762258,0.5211698383111228,0.5211698368817422,0.5211698359673822,0.5211698348945805,0.5211698337235833,0.5211698378690233,0.5211698358294534,0.5211698389239907,0.5211698364992894,0.5211698395333951,0.5211698384714565,0.521169841044261,0.521169840318875,0.5211698402594039,0.521169839526831,0.5211698398778274,0.5211698391160674,0.5211698383964181,0.5211698388312512,0.5211698381779007,0.5211698384832807,0.5211698379056958,0.5211698373081317,0.5211697786462494,0.5211697795727365,0.5211697794011481,0.5211697780122163,0.5211699995422758,0.5211699987637004,0.5211699917013317,0.5211699912441713,0.5178014547182749,0.5178014559476308,0.5178014580995067,0.5178014529483149,0.5178014541628756,0.5178014514199493,0.5178014525644212,0.5178014537034,0.5178014550985391,0.5178014574782227,0.5178014558104203,0.5178014512206084,0.5178014522549287,0.5178014546893769,0.5178014557787673,0.5178014582826939,0.5178014589200549,0.5178014608342087,0.5178014618624244,0.5178014643475919,0.5178014650117903,0.5178014670595511,0.517801468137772,0.517801467795124,0.5178014680540496,0.5178014706028322,0.5178014683488934,0.5178014693735175
138,0.5273189565867388,0.5285633682609187,0.5260962528467458,0.5260961335239227,0.5296607470986749,0.5296607425041101,0.5296607155604788,0.5209162049751885,0.5209162117511519,0.5209162276733528,0.5209162380833652,0.5209162083112567,0.5209161732457482,0.5209161798876248,0.5209161862314647,0.5209161988227203,0.5209162073064038,0.5209162738678423,0.5209162713070217,0.5209162770432806,0.5162891602381681,0.516289178071024,0.5162891980564807,0.5162892063366139,0.5162888748771605,0.5162888848965516,0.5162889206559831,0.516288843610334,0.5162886953045968,0.5162886962645408,0.5162886993165292,0.5162887023251366,0.516288707607625,0.5162887145947291,0.5162887168286651,0.5162887219551369,0.5162887246831777,0.516288728137525,0.5162887390235245,0.5162887421865924,0.5162887864805338,0.5162887920976114,0.5162887957491891,0.5162887981732067,0.5162887353387762,0.5162887377814618,0.5162887398106151,0.516288730914623,0.5162887332930015,0.5162887401778937,0.5162887313793352,0.5236511047424837,0.5236510972002161,0.5236511897514106,0.5236511830952739,0.5236511813539332,0.5236511747895533,0.523651170593049,0.5236511640404191,0.5236511584840898,0.5236511514904126,0.5236511473639635,0.5236511531248847,0.5236511469496716,0.523651140844149,0.5236511503776801,0.5236511547103289,0.5236511531997893,0.5236511475938589,0.5236514737199823,0.5236514719357035,0.5236514708930902,0.5236514699956186,0.5236514684300686,0.5236514667352838,0.5236514654992591,0.5236517935854844,0.5236517957083272,0.5236517910675018,0.5236517930438805,0.5236517950186063,0.5236517953241405,0.523651797196211,0.5236517943231865,0.5236517902313053,0.523651792036933,0.5236517939827885,0.5236517958818468,0.5236517978213188,0.5236517989344668,0.5236518005174506,0.5236518022311395,0.5236518041646253,0.5236518051960285,0.5236518069079398,0.5236518087852162,0.523651808345408,0.5236518087830748,0.5236518106574939,0.5236518070224455,0.5236518088144986
139,0.5291054852721825,0.5313194051766749,0.5276752629259727,0.5276752592175885,0.5276752989909316,0.5278375956477973,0.5278376036617691,0.5278374340840374,0.527837432823429,0.5276175405024791,0.5276175364845881,0.5276175498673863,0.5276175506750259,0.5276175477848207,0.5276175448689484,0.5276175379804174,0.527617533879976,0.5276175746480707,0.5276175745876625,0.5276175730052763,0.5276175682701372,0.5276175399416825,0.5271346417680698,0.5271346361065122,0.5271347220283118,0.5271347192648466,0.5271347212788038,0.5271347396030105,0.5271347896756877,0.5271347905162793,0.5271347884855629,0.5271347864762465,0.5271347868396359,0.5271347847665423,0.5271347832350365,0.5271347848328829,0.5271347830105113,0.5271347813353182,0.5271347777366069,0.5271347758552409,0.5271342824995067,0.5271342630582331,0.5271342560324425,0.5271342460309631,0.5271343609088103,0.5273826750629294,0.5273826680214477,0.5273826949282849,0.5273826911551268,0.5273826958022367,0.527382705877324,0.5273827049647473,0.5273827000598207,0.5273827946976456,0.5273827900302267,0.5273827864837594,0.5273827818983254,0.5273827751492397,0.5273827706334495,0.5273827669123576,0.5273827559335434,0.5273827533449392,0.5273827578388599,0.5273827546130876,0.5273827502079728,0.5273827558444376,0.5273827590905263,0.5273827576209612,0.5273827536141789,0.5273831236668474,0.5273831222567367,0.527383117537261,0.5273831168974031,0.5273831125630603,0.5273831112556938,0.5273831068182403,0.5273831168530737,0.5273831155472762,0.5273831184980408,0.5273831172654067,0.5273831160398907,0.5273831156713682,0.527383110881464,0.5273831126617364,0.5273831219239751,0.5273831208028779,0.5273831156560049,0.5273831144782233,0.5273831094533824,0.5273831087702305,0.5273831052107751,0.5257604425899455,0.5257604421831596,0.5257604421814344,0.5257604418906172,0.5257604418515135,0.5257604418339374,0.5257604418223585,0.5257604414580663,0.5257604414917874,0.5257604414564234
140,0.5327882807366981,0.5331613085556159,0.5303846870338677,0.530384609722652,0.5303845732728204,0.5335750385496821,0.5335750191833529,0.5335749316573019,0.5335749290554018,0.5292568069233039,0.5292568142449066,0.5292567973487491,0.5292567898182953,0.5292567961848268,0.5292568009716035,0.5292568071034138,0.5292568135317834,0.5292568204258986,0.5292568169228608,0.5292568197025634,0.5292568071531224,0.5292564717300681,0.529256305510754,0.5292562945007946,0.529256406032979,0.5292564048584876,0.5292564145575663,0.5292564345878878,0.5292564946842832,0.5292564969807235,0.5292564930873274,0.5292564892275402,0.5292564911939541,0.5292564902278388,0.5292564872488903,0.5292564921876552,0.5292564886835077,0.5292564860448348,0.5292564830413005,0.529256479633673,0.5292564852884515,0.5292563316362179,0.5292563275222877,0.5292563212588034,0.5292563734407784,0.529256368437857,0.5292563632816588,0.5292563827124784,0.529256379942405,0.5292567916807378,0.5292567910400244,0.5292567901275009,0.5292567922511929,0.529256766190037,0.5292567680643497,0.5292567685545622,0.5292567704029917,0.5292567715847062,0.529256773429877,0.5292567749944372,0.5292567769636441,0.5292567781255797,0.5292567765033274,0.5292567782422639,0.5292567799614629,0.5292567772771151,0.529256776057129,0.5292567764825143,0.5292567780609698,0.5292566862332994,0.5292566867358404,0.5292566870291154,0.5292566872819647,0.5292566877225762,0.5292566881999142,0.5292566885476954,0.5292566869787997,0.5292566874487817,0.5292566864213366,0.529256686858929,0.5292566872960632,0.529256687363688,0.5292566877779096,0.5292566871418741,0.5292566862364733,0.5292566866362165,0.5292566870666945,0.5292566953922156,0.5292566959052921,0.5292566961998227,0.5292566966185762,0.5292566970719828,0.5292566975834955,0.5292566978564146,0.5292566983092993,0.529256698806006,0.5292566986896271,0.5292566988054309,0.5292566993013174,0.5292566983394593,0.5292566988136295
141,0.5375847703608048,0.5361403130184059,0.5347769217292903,0.5347768255943889,0.5347767568908418,0.5397815271375891,0.5397815085190751,0.5397815056185177,0.5397815030696623,0.5397814238758507,0.5380529047925642,0.5380529206787825,0.5380529197724049,0.5380529190432817,0.5380529166470851,0.5380529075847642,0.5380529026712244,0.5380528916622498,0.5380528913377569,0.5380528888994495,0.5380528901720376,0.5380526937706847,0.5380526830785833,0.5380526737909221,0.5380528268979261,0.5315344514682068,0.531534443348673,0.5315325034709614,0.5315277347392507,0.5315277318941821,0.5315277390264573,0.531527746077596,0.5315277446139767,0.5315280220389766,0.5315280272582886,0.5315280216132217,0.5315280278935689,0.5315280366094193,0.5315284883183593,0.5315284955303149,0.5315285037505642,0.5315285122076258,0.5315285237801199,0.5315283836547766,0.5315269991392026,0.5315270041883031,0.5315270090086363,0.5315269891167376,0.5315269914997839,0.5315270029590896,0.531515202248065,0.5315152069980638,0.5315152034023732,0.5315158802437883,0.531515878935866,0.5315158132096424,0.5315158124937704,0.5315157322888363,0.5315157305399917,0.5315157284191417,0.5315155826798508,0.5315155802667636,0.5315155790954464,0.5315155778937519,0.5315155779368462,0.5315155822984949,0.5315155820732747,0.5315155872919717,0.5315155861119611,0.5315181123641418,0.5315181111208553,0.5315180928743793,0.5315180917667303,0.5315180741500674,0.5315180730564739,0.5315180525716459,0.5315180952669644,0.5315180941349519,0.5315180959672409,0.531518095241149,0.5315180942790039,0.5315180944468101,0.5315180744656632,0.5315180758418845,0.5315320399330073,0.5315320469087912,0.5315321971105454,0.5315322042809372,0.5315323583390044,0.5315323628691672,0.5315324725609288,0.5315324789300462,0.5315326260863926,0.5315326306972465,0.5315327426658584,0.5315327492318832,0.531532747914581,0.5315327503183651,0.5315329016672528,0.5315328884309144,0.5315328941161863
142,0.5398221337354693,0.538000099880185,0.5375253296638017,0.5375252843758347,0.5375252502074642,0.5392641204684968,0.5392641092179605,0.539264108951225,0.5392641096819899,0.5392640800841536,0.5374480751880272,0.5374480704937007,0.5374480660994287,0.5374480696790036,0.537448071996247,0.5374480709361323,0.5374480933860084,0.5374480934478071,0.5374480910384842,0.5374480925423347,0.537448086976142,0.537448076854421,0.5374480769938759,0.5373313663972803,0.5373313634237858,0.5373313634490455,0.5373313631907485,0.5373313626582525,0.5373313610607456,0.5373313609995322,0.5373313611033074,0.5373313612061787,0.5373313611537991,0.5373313611792134,0.5373313612586024,0.5373313611269835,0.5373313612203454,0.5373313612887595,0.5373313613682287,0.537331361458919,0.5373313613083371,0.5373313613661803,0.5373312230854407,0.5373312204599342,0.5373312423332637,0.5373312402362118,0.5373312380749199,0.5373312462195429,0.5373312450584949,0.5373312480954939,0.537331248578316,0.5373312492654606,0.5373312476665796,0.537331267286366,0.537331265875454,0.5373312655061085,0.5373312164530679,0.5373312151071821,0.5373312130056253,0.5373312112235269,0.5373312089803007,0.5373312076568272,0.5373312095043475,0.537331207523823,0.537331205565794,0.537331208623382,0.5373312100128932,0.5373312095380163,0.5373312077402431,0.5373313123343696,0.5373313117622084,0.5373313114276889,0.5373313111398561,0.5373313106377312,0.5373313100942154,0.5373313096976786,0.5373313114851045,0.5373313109500643,0.537331312119773,0.5373313116218469,0.5373313111241094,0.5373313110471091,0.5373313105749365,0.537331311299095,0.5373313123310977,0.5373313118760072,0.537331311385206,0.5373313109065541,0.5373313104173488,0.5373313101367956,0.537331309737543,0.537331309305619,0.5373313088179846,0.5373313085580713,0.5373313081263607,0.5373313076531431,0.5373313077639996,0.5373313076537024,0.5373313071809327,0.5373313080971956,0.537331307645458
143,0.5404851535804418,0.5405670316950555,0.5405670138348412,0.540567009657894,0.5405670067406986,0.5405670458577556,0.5405670487432631,0.5405670513440368,0.5405670545802165,0.5405670595001578,0.5405670125446085,0.5405670020451995,0.5405670036463956,0.5405669942262398,0.540566995951229,0.5405669938551474,0.5413961185913516,0.5413961152343411,0.5413961161100915,0.5413961156219665,0.5413961209911142,0.5413961237944953,0.5413961237415107,0.5413961210608877,0.5413961416582822,0.5413961433054384,0.5413961446029043,0.5413961516693464,0.5413961886855602,0.5413961889827295,0.5413961885945809,0.5413961882059176,0.5413961884877974,0.5413961852910082,0.5413961849829504,0.5413961856213507,0.5413961852742472,0.5390106391097417,0.5390106462511799,0.5390106592976346,0.5390106658762105,0.5390106692961475,0.5390106857531201,0.5390106876716377,0.5390106417905296,0.5390106435625845,0.5390106451960657,0.5390106368233434,0.5390106376328715,0.5390106422425881,0.539010639827062,0.5390106418204162,0.5390106397472421,0.5390106008541369,0.5390106026824218,0.5390106017669822,0.5390106033254018,0.5390106093765277,0.5390105993447807,0.5390105990471831,0.5390106024700869,0.5390106009964685,0.5390105967014254,0.5390105977324054,0.5400568239024751,0.5400568246006009,0.5400568246449949,0.5400568251623579,0.5400568248608153,0.5400572504355843,0.540057254373998,0.5400572574151823,0.5400572593317665,0.540057263500736,0.5400572672503229,0.5400572709452492,0.54005725700346,0.5400572606909608,0.5400572525420293,0.5400572560986666,0.5400572595425946,0.5400572601079237,0.5400572641940637,0.5400572591727645,0.5400572508925191,0.5400572540244489,0.5400572581259695,0.5400572614262489,0.5400572657087995,0.5400572676437737,0.5400572711411905,0.5400572741363645,0.5400572786073525,0.5400572805127271,0.5400572844229887,0.5400572876944469,0.5400572868320588,0.540057287602531,0.5400572922418481,0.5400572857146011,0.5400572888456591
144,0.5434993280551029,0.5435300112404059,0.5435300467877904,0.543530076425314,0.5435301097273549,0.5435301468284248,0.5435301918543493,0.5435301974748827,0.5435302022327608,0.5435302486499689,0.5435302481191794,0.5435301834732369,0.5435301856464598,0.5435301555450406,0.5435301595122333,0.5435302010089446,0.5436316015763154,0.5436316781816177,0.5436316788942678,0.5436316836943018,0.543631620939191,0.5436316456013137,0.5436316556808142,0.5436316602629252,0.5436313613855873,0.5436313806977006,0.5436313845834828,0.5436313176689058,0.5436312059693448,0.5436312065603081,0.5436312131145709,0.5436312157375506,0.5436312169168741,0.5436312225983254,0.5436312237331855,0.5436312251188277,0.5436312271082893,0.543631235035762,0.543631245111058,0.5438541381154511,0.5438541465384303,0.5438541498175075,0.5438541582099694,0.543854159741043,0.5438540919703709,0.5438540934460908,0.5438540947633947,0.5438540861722859,0.5438540867906595,0.5438540919959063,0.5438540825541658,0.5438540850514876,0.5438540768105552,0.5438540161122352,0.5438540184654798,0.5438540177560569,0.5438540189352064,0.5438540331245189,0.5438540278727231,0.5438540262520225,0.5438540336153691,0.543854030120804,0.5438540232299406,0.5438540241350598,0.5438540283649089,0.5438540290521885,0.5438540253094677,0.5438540284596112,0.5438540292270144,0.5438540156272405,0.5438540157565707,0.5438540149114088,0.5438540138274202,0.543854012880575,0.5438540130081484,0.5438540118586617,0.5438540148007522,0.5438540147610841,0.5438540133465931,0.5438540137775659,0.5438540142055103,0.5438540145456302,0.5438540135521418,0.5438540131011028,0.543854017055727,0.543854017146452,0.5438540158970734,0.543854016015971,0.5438540151583094,0.5438540151746479,0.5438540146281333,0.5438540148479882,0.5438540140071051,0.5438540176844936,0.5438540174566039,0.5438540178971265,0.5438540164329907,0.5438540164571156,0.5438540161270473,0.5438540133520475,0.544037392959902
145,0.5551406665310151,0.5533108868536344,0.5533108539557253,0.5533108346818321,0.5533108175384164,0.5533108033439869,0.553310788555841,0.5533107871442549,0.5533107873557681,0.5533107747088892,0.5533107766067998,0.5533107908335954,0.5533107882723839,0.5550575128553886,0.555057511252599,0.5550575105985746,0.5550575138754216,0.5550575030336267,0.5550575063094089,0.5550575067171156,0.5550575290526123,0.5550575436685903,0.5550575468979083,0.555057545292724,0.555057564799039,0.555057572759426,0.5550575783864236,0.5550575819057542,0.555057626028991,0.5550576272319068,0.5550576068861627,0.5553967499667665,0.5553967513925148,0.5553967504840851,0.5553967495847468,0.555396752448999,0.5553967521282686,0.5553967547111605,0.5553967527670072,0.5553967544578281,0.5553967622841051,0.5553967629568944,0.5553967653776392,0.5553967645250601,0.5553967624789513,0.5553967619325131,0.5553967612604737,0.5553967603284059,0.5553967599118745,0.5553967647379774,0.5553967690442556,0.5553967709894241,0.5553966784106624,0.5553966997309683,0.5553967008586984,0.5553966945168727,0.555396693478444,0.5582322948312759,0.5582322925125207,0.5582322947254523,0.5582322890142296,0.5582322901289735,0.5582322947322151,0.5582322924811426,0.5582322899979497,0.5582322931026468,0.5582322962317345,0.5582322953263005,0.5582322932947745,0.5582324903189688,0.5582324895564739,0.5582324865846694,0.5582324868285098,0.5582324841354273,0.558232483435958,0.5582324806793645,0.5582324872935717,0.5582324865959218,0.5582324884591675,0.5582324877852753,0.5582324626321115,0.5582324624322313,0.5582324591133694,0.5582324604779575,0.5582324669123282,0.5582324660954538,0.5582324625626789,0.5582324617084016,0.5582324581887067,0.5582324576998675,0.5582324552431873,0.5582324544681014,0.5582324513659381,0.5582324505111558,0.5582324480968996,0.5582324472622976,0.5582324479697873,0.5582324477663921,0.5582324450647755,0.5582324475099889,0.5582324467206876
146,0.5558531766456217,0.5554664945325187,0.5554664718800445,0.5554664590652139,0.5554664480974423,0.5554664393188319,0.5554664306998158,0.555466429306876,0.5554664302501832,0.5554664226351715,0.5554664255684509,0.5554664330951642,0.5554664295844424,0.5564974286894093,0.55649742942468,0.5564974671853011,0.5564974723815886,0.5564974709832674,0.5564974707662478,0.5564974725339239,0.5564974768509489,0.556497482216188,0.5564974852150311,0.5564974872037094,0.5564974765408721,0.5564974810384832,0.5564974815282762,0.5564974849225641,0.5564975339069944,0.5564975339621647,0.5564975242250852,0.5577852534184669,0.5577852540863127,0.5577852537580285,0.5577852527463321,0.5577852544235977,0.5577852532332929,0.5577852523372301,0.5577852513175635,0.5577852501603631,0.5577852520805369,0.5577852513426442,0.5577852506166247,0.5577852495111361,0.5577852587219302,0.5577852578389441,0.5577852569289335,0.5577852603581916,0.557785259869243,0.5577852611480065,0.5577852613516529,0.557785261640972,0.5577852609657431,0.5577852692283602,0.5577852686343533,0.5577852684786203,0.5577852678927607,0.5577853841409675,0.5577853852834992,0.5577852589713399,0.5577852582320058,0.5577852577967032,0.557785258406269,0.557785257753683,0.557785257108382,0.557785258115755,0.5577852585739326,0.5577852584142353,0.5577852578218939,0.5577852922885126,0.5577852921000571,0.5577852919896775,0.557785291894918,0.5577852917293475,0.5577852915503065,0.5577852914195138,0.5577852920086281,0.5577852918323979,0.5577852922177181,0.5577852920536136,0.5577852649869437,0.5577852649164365,0.5577852644840611,0.5577852651472385,0.5577852660921988,0.557785265675462,0.5577852652260199,0.5577852647876045,0.5577852643397004,0.5577852640827479,0.5577852637172195,0.5577852633216447,0.5577852628750944,0.5577852626370104,0.5577852622416506,0.5577852618083368,0.5577852619098722,0.5577852618088238,0.5577852613759365,0.5577852622150464,0.5577852618014282
147,0.5573222174208196,0.5631243872371925,0.5631243703133373,0.5631243605197759,0.563124351827924,0.5631243449678235,0.5631243376555363,0.5631243375638196,0.5631243373941511,0.5631243317455259,0.5631243315754523,0.5631243344590442,0.5631243345407755,0.5631243675783946,0.5631243684019522,0.5648513714076421,0.56485137096718,0.5648513693623306,0.5648513692865541,0.5648513691149866,0.5648513701640198,0.5648513694394728,0.5648513691199171,0.5648513689928374,0.5648513828644284,0.5648513823799836,0.5648513821819028,0.564851389113388,0.5648514234382072,0.5648514234079814,0.5648514233467864,0.5648514342696885,0.5648514340795856,0.5648514306764676,0.5648514854368688,0.5648514833331237,0.5643702376961478,0.5643702402683826,0.5643702459914292,0.5643702479250701,0.5643702525811127,0.5643702539988437,0.5643702564938375,0.5643702570285396,0.5643702191686717,0.5643702197111042,0.5643702201844023,0.5643702128504837,0.5643702130431164,0.5643702156345058,0.564370213389813,0.5643702148005972,0.5643702106693729,0.5643701700606671,0.5643701711018031,0.5643701638037378,0.564370164202481,0.5643701724686406,0.5643701726964547,0.5643701692712084,0.564370169026397,0.5643697311248677,0.5643697141944964,0.5643697126114465,0.5643697117277955,0.5643697153217522,0.5643696956214131,0.5643696962030003,0.5643696946372665,0.5643701030455099,0.5643701024918208,0.5643701009270892,0.5640738682933778,0.5640738631254513,0.5640738613124849,0.5640738556077519,0.5640738700728213,0.564073868288451,0.5640738705515432,0.5640738689806665,0.5640738676044196,0.5640738675111452,0.5640738620165122,0.5640738640589207,0.5640738758502328,0.5640738743150144,0.564073868557855,0.5640738669645229,0.5640738611010949,0.5640738600873664,0.5640738557166208,0.5640738543293317,0.5640738485042592,0.5640738486898351,0.5640738441834133,0.5640738426528326,0.5640738398557666,0.5640738394546615,0.5640738333960582,0.5640738315982822,0.5640738301623861
148,0.5696123976566292,0.5664237318200054,0.5664237058469934,0.5664236900910955,0.5664236753702201,0.5664236632899583,0.5664236494959607,0.5664236503647208,0.5664236486439911,0.566423638411901,0.566423634902812,0.5664236431946611,0.5664236469758781,0.5664236682416255,0.5664236666936421,0.569411361765878,0.5694113548904263,0.5694113475165699,0.569411351263137,0.5694113482900924,0.5694113617127825,0.5694113662373249,0.5694113637473033,0.569411358289742,0.5694114135776669,0.5694114129948998,0.5694114178018937,0.5694114277309733,0.5694114575189047,0.5694114586569934,0.5694114567274859,0.5694114548150064,0.5694114557894817,0.5694114553103587,0.5694115483309031,0.569411547857065,0.56941153253063,0.5694115325228297,0.5694115325135707,0.5694115325034624,0.5694115325205813,0.5694115325140714,0.5694115325078609,0.5694115324980901,0.5694115325792065,0.5694115325714398,0.5694115325635166,0.5694115325934036,0.5694115325891271,0.569411532600488,0.5694115326026687,0.5694115326053169,0.5694115325992976,0.5694115326722544,0.5694115326670794,0.5694115326653116,0.5694115326601731,0.5694115326569082,0.5694115326517932,0.5694115326473124,0.5694115326414593,0.5694115326334116,0.5694115326301121,0.5694115326249855,0.5694115326199428,0.5694115326279152,0.5694111531500015,0.5694111518980149,0.569411147251705,0.5694114175586656,0.5694114160798063,0.5694114152155864,0.569411310879409,0.5694113084481317,0.569411305815782,0.5694113038962996,0.5694113125513643,0.569411309959843,0.5694113156253179,0.5694113132126138,0.569411310801815,0.5694113104288331,0.5694113081430068,0.5694113116503684,0.5694113166465563,0.5694113144423482,0.5694113120663192,0.5694113097479524,0.5694113073797081,0.5694113060208741,0.5694113040879615,0.5694113019959258,0.5694112996350562,0.5694112983759712,0.5694112962856358,0.5694112939938467,0.5694112945309633,0.5694112939965511,0.5694112917078433,0.5694112961456781,0.5694112939579734
149,0.5869869015886848,0.5737349786014238,0.5737349548866989,0.5737349383858538,0.5737349210123662,0.5737349053981701,0.5737348854286259,0.5737348883918383,0.5737348831692951,0.5737348686974613,0.5737348577278056,0.5737348726093183,0.5737348845484491,0.5737348780181848,0.573734871156201,0.574144421036085,0.5741444145488568,0.5741444010216896,0.5741444053915546,0.5741444026597673,0.5741444244840044,0.5741444316120566,0.574144429858423,0.5741444242685799,0.5741444906488108,0.5741444914569273,0.5741444973306967,0.5741445127584315,0.5741445713266706,0.5741445727034775,0.5741445707830373,0.5741445688924428,0.5741445701378961,0.5741445675873396,0.5750940287959115,0.5750940305560662,0.5750940298402232,0.5750940296413688,0.575094027323684,0.5750940267131618,0.5750940297971688,0.575094029504188,0.5750940294630462,0.5750940285878962,0.5750940323931473,0.5750940317238121,0.5750940310125293,0.5750940309797979,0.5750940305793274,0.5750940324612452,0.5750940360701003,0.5750940367406011,0.5750940353838969,0.5750940347207546,0.5750940343916331,0.5750941718690483,0.5750941736437237,0.5750941734207637,0.5750941751506039,0.5750941760816914,0.5750941731807347,0.575094172235232,0.5703991892682047,0.5703991932097794,0.5703991969256242,0.5703991905060182,0.5703991991798112,0.5703991998562797,0.5703992034493036,0.5703989678022101,0.5703989688228019,0.5703989668650494,0.5703989685468152,0.5703989674394239,0.5703989684350855,0.570398967029576,0.5703989680004227,0.5703989689701155,0.5703989676971501,0.5703989685831649,0.5703989694286926,0.5703989695083015,0.5703989679928594,0.5703989668652176,0.5703989693827327,0.5703989702099916,0.5703989685552778,0.5703989694245454,0.5703989678859887,0.5703989684268282,0.5703989675539733,0.5703989683380332,0.5703989672208769,0.5703989674306053,0.5703989667535605,0.5703989676309152,0.5703988865993489,0.5703988866147662,0.570398884913357,0.5703988879460781,0.5703988880412894
150,0.5847257658628543,0.5743977065113429,0.5743975997568208,0.5743975149400731,0.5743974185038822,0.5743973226738973,0.5743971941770797,0.5743971928412597,0.574397188595027,0.5743970645877002,0.5743970591204356,0.5743972241514352,0.5743972273725189,0.5743972387969625,0.5743972344278694,0.5743970931251188,0.5743970854451188,0.5743969101604988,0.574396911076232,0.57439690752195,0.5743970784561526,0.5743970723369963,0.5743970672289913,0.5743970628486172,0.5743976869437657,0.5743976809006608,0.5743976812011965,0.5743978385165068,0.5743980250030291,0.5743980251467189,0.5743980233078879,0.5743980213957567,0.574398021251346,0.5743980116628153,0.5743980097979945,0.5743980101206307,0.5743980080991421,0.5743980051376126,0.5743979887790563,0.5743979862915907,0.5743979825744209,0.5743979806116214,0.5743979777363355,0.5743979764509054,0.5743980885140545,0.5743980873722017,0.5743980862600621,0.5743981090170696,0.5743981085017815,0.5743981065736627,0.5743981128865653,0.5743981115252024,0.5743981136918666,0.574398338337658,0.5743983371418122,0.5746187090004162,0.5746187110341165,0.5746187383025113,0.5746187404897835,0.5746187440651962,0.5746188023859656,0.5746188095015232,0.5746188429755626,0.5746188448517722,0.5746188461378426,0.5746188420302296,0.5746188507488278,0.5746188502575269,0.5746188520084972,0.5746180778540926,0.5746180784802208,0.5746180806254576,0.5746180830651344,0.5746180854612997,0.5746180860692096,0.5746180892802274,0.5746180824155571,0.574618083010146,0.5746180871080994,0.5746180875844246,0.5746180879836814,0.5746180878771058,0.5746180903043379,0.574618090528663,0.5746180843606276,0.5746180849641588,0.5746180879677675,0.574618088503554,0.5746180914673554,0.574618091960611,0.5746180941711602,0.5746180946043576,0.574618097644684,0.574618097161219,0.5746180996862501,0.5746181001856822,0.5746181097759324,0.5746181099281024,0.5746181137177244,0.575993725364324,0.5759937292815843
151,0.5970904871692994,0.5949475571956673,0.5949475498895797,0.5949475499332165,0.5949475540745486,0.5949475604520197,0.594947572145239,0.5949475681690054,0.5949475751524613,0.594947583454636,0.5949475981390334,0.6064521818905062,0.6064521886154738,0.6064521836257535,0.6064521797922062,0.606452167571505,0.6064521626976361,0.6064521492894066,0.6064521525376975,0.6064521505167438,0.6064521700388213,0.6064521752438113,0.6064521739398835,0.6064521698151045,0.6064516481580081,0.6064516461515735,0.6064516716683317,0.5972048652088227,0.5972049272905506,0.5972049289789323,0.5972049259562152,0.5972049229472699,0.5972049243642282,0.5972049218095086,0.5972049194030361,0.5972049230341654,0.5972049202725611,0.5972049180543926,0.597204913147027,0.5972049104147845,0.5972049141621066,0.5972049123787929,0.5972049105373552,0.5972049080317108,0.5783298088817469,0.5783298309287437,0.578329853674694,0.578329830666399,0.578329842947654,0.5783298082002268,0.5783297140518056,0.578329705426522,0.5783297243139204,0.5783295217014668,0.5783295380032005,0.5783295809366462,0.5783295973038289,0.5783296384878325,0.5783296549467329,0.5783296700319295,0.5783297496433921,0.578329763420325,0.578329762341489,0.5783297777004748,0.5783297924565047,0.578329767727539,0.5783297617857829,0.5783297648012528,0.5783297787825536,0.5783282990980435,0.5783283035277903,0.5783283061747957,0.5783283096057523,0.578328313874654,0.5783283181055479,0.5783283226360663,0.5783283071615937,0.5783283113176565,0.578328318376621,0.5783283222050721,0.5783283259848214,0.5783283264209267,0.5783283303621142,0.5783281027499764,0.5783280985116955,0.5774882532065416,0.5774882559844823,0.5774882569560839,0.5774882599112658,0.5774882607450844,0.5774882630023903,0.5774882638383829,0.5774882668877731,0.577488266851701,0.5774882678523986,0.5774882687902316,0.57748827310717,0.5774882733928951,0.5774882766952377,0.5774882864760899,0.5774882873704669
152,0.6073298978278596,0.5977697591103847,0.5977697453409299,0.5977697409572504,0.5977697405220794,0.5977697427979264,0.5977697493733432,0.5977697460690794,0.5977697515841389,0.5977697562187148,0.5977697679588863,0.6108621440422082,0.6108621592622184,0.6108621473415715,0.6108621383478061,0.6108621168898644,0.6108621052509442,0.6108620804552083,0.6108620877125326,0.6108620828119501,0.6108621206603332,0.610862131371085,0.6108621278477248,0.6108621181997667,0.6108615667291528,0.6108615642812726,0.6108615979961969,0.6044343849730469,0.6044346018118129,0.6044346081075536,0.6044345975750132,0.6044345871307631,0.604434592538629,0.6044345865717581,0.6044345784330788,0.6044345919593446,0.6044345824860862,0.6044345754733332,0.6044345620710083,0.6044345529137043,0.6044345687348133,0.6044345629401842,0.6044345572987311,0.6044345484786576,0.58686993520302,0.5868699495312749,0.5868699643227753,0.5868698435513308,0.5868698504261975,0.5868698305469946,0.5868697670859115,0.5868697620463683,0.5868697729473801,0.5868695852999958,0.586869593399001,0.5868696222597047,0.5868696304587729,0.5868696563210178,0.5868696645933696,0.5868696724297309,0.5868697232754301,0.586869730967021,0.5868697334728012,0.5868697411580583,0.5868697484466966,0.5868697358563255,0.5868697340205589,0.5868697353617411,0.5868697423670257,0.5868689130064555,0.5868689151574941,0.5868689151050632,0.5868689170617477,0.5868689181036181,0.5868689201732835,0.5868689214402447,0.5868689160005578,0.586868918027165,0.5868688614965786,0.5868688626962223,0.5868688638584126,0.5868688639289816,0.5868688638566543,0.5812448497194372,0.5812448406896329,0.5812448096974152,0.5812448133696514,0.5812448161145698,0.5812448199651922,0.5812448218013364,0.5812448249166344,0.5812448273653903,0.5812448314096655,0.5812448324531032,0.581244834995765,0.5812448376997429,0.5812448405338867,0.581244841217764,0.5812448454841804,0.5812448489978923,0.5812448515802915
153,0.6222321468990577,0.6137049742034488,0.6137049339645265,0.6137049100854726,0.613704888468296,0.6137048710128391,0.613704852094942,0.6137048525570404,0.6137048495866673,0.6137048359622845,0.6137048308271461,0.6256248471785394,0.6256248761187289,0.6256248525099538,0.6256248348759991,0.6256248027387635,0.6256247795896964,0.6256247424781076,0.6256247561339701,0.6256247462454686,0.6256248069300033,0.6256248256844488,0.6256248180771081,0.6256247992093481,0.6096070914132155,0.6096070931449263,0.6096070778340251,0.6096068667668603,0.6096068319588055,0.6096068301593027,0.6096068331637448,0.6096068361399859,0.6096068345912438,0.6096068334477016,0.6096068357401527,0.6096068318722834,0.6096068345810057,0.6096068365885258,0.609606836142464,0.6096068387615402,0.6096068342298848,0.6096068358812671,0.609606837497106,0.60960684001276,0.6096064645144007,0.6096064607582808,0.6096064534120444,0.5958153757460508,0.5958153854274573,0.5958153588550399,0.5958153315042272,0.5958153251126008,0.5958153393280806,0.5958151443948283,0.5958151559761329,0.5958151694498383,0.5958151810025754,0.5958151953116495,0.5958152069025092,0.5958152172202353,0.5958152449368648,0.5958152536708988,0.5958152484225847,0.5958152592733609,0.5958152697995976,0.5958152525465473,0.5958152468261998,0.5958152491274852,0.5958152589969717,0.5958145582995881,0.5958145613485608,0.5958145612339932,0.5958145632593765,0.5958145644874168,0.5958145674050125,0.5958145531155882,0.5958145469712596,0.5958145496565996,0.5958142714230656,0.5958142708032975,0.5958142701618748,0.5958142699834981,0.596802339141432,0.5968023441468565,0.5968023441427452,0.5968023437878496,0.5968023436018574,0.5968023432248845,0.5968023431332596,0.5968023433301537,0.5968023432870995,0.5968023429237492,0.5968023429966062,0.5968023424466922,0.5968023422169261,0.5968023418377387,0.5968023439484779,0.596802343961456,0.5968023442368607,0.5968023495911531,0.5968023492295453
154,0.6247183179759788,0.616652691320323,0.6166526481504703,0.616652621791703,0.6166525972412982,0.6166525768993577,0.6166525540676892,0.6166525552680772,0.6166525507185053,0.6166525343463927,0.616652526036341,0.6271152835786238,0.6271153109149044,0.6271152885910182,0.627115271888255,0.6271152422398562,0.6271152202565234,0.6271151863301357,0.6271151992130969,0.6271151898235435,0.6271152458718012,0.6271152633772423,0.6271152560945482,0.6271152382245785,0.6062882106145675,0.6062882139029536,0.6062881787235883,0.6062879978964252,0.6062877728250342,0.6062877655279201,0.6062877776202593,0.6062877896011373,0.6062877833120764,0.6062877866673904,0.6062877959318445,0.606287780258753,0.6062877911142905,0.6062877990446488,0.6062878093378722,0.606287819790808,0.6062878011608696,0.606287807744866,0.606287814089953,0.606287824233,0.6062875497344666,0.6062875545706267,0.6062875549836068,0.5984742709199329,0.5984742778083165,0.5984742585907561,0.5984742418326656,0.5984742371210384,0.5984742474608541,0.5984741237157776,0.5984741319005711,0.5984741418120996,0.5984741500117733,0.5984741590524877,0.5984741672953483,0.5984741747569593,0.5984741931842424,0.5984741997595757,0.5984741972356515,0.5984742049333444,0.5984742123483539,0.5984741999869088,0.5984741964106532,0.5984741979513117,0.5984742049582296,0.5984737824494636,0.5984737844789121,0.5984737814671649,0.5984737829576268,0.5984737813760431,0.5984737833412154,0.5984737307560826,0.5984737333428288,0.5984737346818142,0.5984735801407763,0.598473579611929,0.5984735790573703,0.598473578890084,0.6013949719186535,0.601394979042227,0.6013949843034289,0.6013949832419225,0.6013949802620401,0.6013949791272896,0.6013949760781043,0.6013949761600798,0.6013949738882188,0.601394972826174,0.6013949699056367,0.6013949687555006,0.6013949659900845,0.6013949648527556,0.6013949681018885,0.6013949680086822,0.6013949651097525,0.6013949741249448,0.6013949730472179
155,0.6331081534547818,0.6267179147760472,0.6267178657586162,0.6267178332095223,0.6267178005739144,0.6267177717844423,0.6267177370027672,0.6267177406553137,0.6267177306163602,0.6267177058508664,0.6267176866005586,0.6321776403040981,0.632177662011835,0.6321776441444498,0.632177630604134,0.6321776082930405,0.6321775902846984,0.6321775651937671,0.6321775753660677,0.6321775676186615,0.6321776096300847,0.6321776226738927,0.6321776164113931,0.6321776019480602,0.6147570852554746,0.6147570867857682,0.6147570616007343,0.614757009756161,0.6147572803026007,0.6147572674343862,0.6147572888187595,0.614757310008979,0.6147572989246057,0.6147573044040261,0.6147573207929682,0.6147572931448493,0.6147573123438433,0.6147573264256538,0.6147573437166557,0.6147573622302681,0.6147573295190295,0.6147573412000008,0.6147573524839152,0.6147573704143469,0.6147572453032083,0.6147572595955686,0.6146321233823905,0.614631926096164,0.6146319272580134,0.6146319236543626,0.6146319203137278,0.6146319193298472,0.6146319213153699,0.6146319071715918,0.6146319084958547,0.6146319111413859,0.6146319125056688,0.6146319137376255,0.6146319151267046,0.6146319165155053,0.614631919962632,0.6146319214485768,0.6146319222425575,0.6146319235187533,0.6146319246911778,0.6146319224948606,0.6146319223992797,0.6146319225509423,0.6146319237188534,0.6146319418674101,0.6146319420051545,0.6146319372109933,0.6146319374804061,0.6146319336217969,0.6146319337916794,0.6106502532290825,0.6106502504375672,0.6106502515116121,0.6106502547599322,0.6106502557370752,0.6106502566927253,0.610650256754426,0.6106502562122869,0.610650256317066,0.6106502547903546,0.6106502557184736,0.610650256210306,0.6106502571782546,0.6106502577493312,0.6106502132215603,0.6106502134277572,0.6106502138603382,0.6106502141780438,0.6106502141783412,0.610650214371211,0.6106502148629251,0.6106502161490315,0.6106502164774169,0.6106502169516491,0.6106502191150854,0.6106502195869845
156,0.6366518006330476,0.6376643227775479,0.6376589977328427,0.6376556935214889,0.6376525950404477,0.6376500565599891,0.6376472033965543,0.6376472100765395,0.6376471931341109,0.6376449129395652,0.6376448803222969,0.6376475412871374,0.6376475586460357,0.6376478348182654,0.637647823600237,0.637645224667712,0.6376452097564888,0.6376424836545926,0.6376424912127397,0.6376424848594255,0.6376452066865866,0.6376452152059668,0.6376452095719805,0.6376451979528099,0.637659839245943,0.6376598332356449,0.6376598768381214,0.6376667296901798,0.6620595462378124,0.6620595573298645,0.6620595379970462,0.6620595188205836,0.6620595282388118,0.662059519135218,0.6620595043795067,0.6620595282732961,0.6620595108243622,0.6620594972406689,0.6620594753663392,0.6620594582082899,0.662059484288639,0.6620594731901174,0.6620594620354346,0.6620594459269484,0.6620596168527697,0.6620596039577867,0.6620595884694039,0.6620596447975052,0.6620596376791763,0.6620596553304394,0.6620596627533102,0.662059666428242,0.6620596572636185,0.6620598057943883,0.6620597969966512,0.6620597960966409,0.662059787514665,0.6620597799274989,0.6620597714065534,0.6620597645209345,0.6620597535873688,0.6620597491940423,0.6620597596916671,0.6620597516033561,0.6620597434511002,0.6620597555261248,0.662059762395689,0.6620597601443328,0.6620597528168937,0.662060261684842,0.6620602592326701,0.6620602545819585,0.6620602536695396,0.6620602489126989,0.6620602466081745,0.6620602426666536,0.6620602557707893,0.6620602534919001,0.6620602606098145,0.6620602584764468,0.6620602563267097,0.6620602559233707,0.6620602507135283,0.6620602543879294,0.6620602643575593,0.6620602624207391,0.6620602571414225,0.6620602551066921,0.6620602499514875,0.6620602136531892,0.6620602096105301,0.6620602074463005,0.6620602024031228,0.6620602009201915,0.662060196815241,0.6620601944666458,0.6620601958450184,0.6583750074102281,0.6583750051000263,0.6583750088934087,0.6583750079238463
157,0.5231834072401315,0.5231833581329864,0.5231833451952413,0.5231832933893638,0.5231833426628953,0.523183341150466,0.523183339217757,0.5231833394998175,0.5231834258197074,0.5231834286521202,0.5231834314750452,0.5231834249622219,0.5231831848929808,0.5231831767751748,0.5231830643223496,0.5231830522671533,0.5231830396304364,0.5231830260786282,0.523183032964809,0.5231830275006699,0.5231830521711477,0.5231830604873529,0.5231830559109362,0.5231830458802573,0.523183147494542,0.5231831464234937,0.5231831552544041,0.5231831735039488,0.5231832282544494,0.5231832303464111,0.5231832267996672,0.5231832232836029,0.5231833632892914,0.5231833632658343,0.5231833631947606,0.523182991659602,0.523182983163791,0.5231829767662276,0.5231829694898888,0.5231829612282478,0.523182974935113,0.5231829696674775,0.5231829644840242,0.5231829565923085,0.5231830223399185,0.5231830160365101,0.523183009540065,0.5231830340216769,0.5231830305315407,0.5231830396597643,0.5231830411101046,0.5231830431754505,0.5231830383698863,0.5231830973417159,0.5231830931008311,0.5231830919910788,0.5231830878086751,0.5231830851344941,0.5231830809595339,0.5231830774193418,0.5231830729627837,0.5231830703336404,0.523183074004226,0.5231830700696487,0.5231830661795005,0.5231824629983183,0.5231824714642003,0.5231824685126256,0.5231824575586272,0.5231830948165633,0.5231830913297146,0.5231830892926452,0.5231830875388308,0.5231830844798289,0.5231830811678947,0.5231830787529258,0.5231830896424712,0.523183086381967,0.523183093509954,0.5231830904743628,0.523183087441229,0.5231829798409127,0.5231829758649165,0.5231829819658527,0.5231829906563638,0.5231829868221057,0.5231829826892641,0.5231829786565471,0.523182974537273,0.5231829721735152,0.5231829688114396,0.5231829651724088,0.5231829610658937,0.5231829588757914,0.5231829552399229,0.5231829512534214,0.5231829521873854,0.5231829512578585,0.5231829472768768,0.5231829549960663,0.5231829511906662
158,0.5314102618115207,0.5263840527288235,0.5249180768403342,0.5249179344249477,0.530758116872737,0.5307581073092821,0.5307580961227623,0.5307579443562375,0.530757942605611,0.5307579259624975,0.530757914131869,0.5307579466304876,0.5293303292102431,0.5293303134663954,0.5293303013579168,0.529330281963637,0.5293302654432919,0.5293302428572193,0.5293302513272699,0.5293302439034104,0.5293300041996397,0.5293300193691267,0.529330008757076,0.5293299880500583,0.5293302374854205,0.5293302345111194,0.5270044711336935,0.5270045085490513,0.5270046379303016,0.527004643510427,0.5270046350010852,0.5270046265637651,0.5270046350609808,0.5270046329269784,0.5270046264078505,0.5270046402632692,0.5270046326051896,0.5270046269679312,0.5270046203572762,0.5270046129590894,0.5270046272257268,0.5270046227278526,0.5270046182324528,0.5270046111084936,0.5270046708256212,0.5270046651636612,0.5270046592995881,0.5270046812684722,0.5245380870765598,0.524538090455847,0.524538089713704,0.5245380914424465,0.5245380899022806,0.5245381046020019,0.5245381033164715,0.5245381030655314,0.5245381017921644,0.5245381013152316,0.5245381000327958,0.5245380989201464,0.5245380981010516,0.5245380972347786,0.5245380982440685,0.5245380970941932,0.5245380959403756,0.5245380990243487,0.5245380998131527,0.5245380995993644,0.5245380985179148,0.5245382218208414,0.5245382213332622,0.5245382182183207,0.524538217950037,0.5245382151743319,0.5245382147324902,0.5245382117737828,0.5245382189180442,0.5245382184745973,0.5245382194055689,0.5245382190050579,0.5245382185973991,0.524538218706097,0.5245382156212953,0.524538216203067,0.524538222472661,0.5245382220867965,0.5245382187316373,0.5245382183376233,0.5245382151097348,0.524538214874478,0.5245382126669971,0.5245382123428692,0.5245382095428531,0.5245382093559005,0.5245382072957537,0.524538206936532,0.5245382069804237,0.5245382068821988,0.5245382042843075,0.5245382049193252,0.5245382045890723
159,0.5294108085846037,0.5300702674786126,0.526909504510539,0.5269094415446702,0.5284495764071587,0.5284495987210465,0.5284495838312823,0.5232544440776137,0.5232544487031118,0.5232544142040328,0.5232544191733989,0.5232544081791205,0.5232544122852538,0.5232544165394682,0.5232544203155706,0.523254423408926,0.5232544283809547,0.5246441927014004,0.5246441946666224,0.5246441931073457,0.5246442001333753,0.5246442025077962,0.5246442011956944,0.5246441983318274,0.5246442273422289,0.5246442270365961,0.5246442295593694,0.524644234769149,0.5246442503995767,0.5246442509967141,0.5246442499843618,0.5246442489807154,0.5246442494920777,0.5246442492406231,0.5246442484660069,0.5246442497502574,0.5246442488391139,0.5246442481529902,0.5246442473721131,0.5246442464860384,0.524644005214667,0.524644001388814,0.524643997623824,0.5246439918915257,0.524644039646669,0.5246440350679827,0.5246440303492093,0.5246440481319219,0.5246440455968775,0.5246440522280023,0.5246440532811805,0.5246440547859281,0.5246440512953827,0.5246440941284868,0.5246440910480958,0.5246440902420756,0.5246440872041263,0.5246440852618593,0.5246440822293247,0.5246440796579107,0.5246440693872766,0.5246440674147161,0.5246440701685101,0.5246440019998139,0.5246439982269395,0.5246440041182555,0.5246440067955385,0.5246440058621558,0.5246440023979878,0.524644203927537,0.524644202824933,0.5246442021806714,0.5246442016260527,0.5246442006586091,0.5246441996112355,0.5246441988474447,0.5246442022913812,0.5246442012603292,0.5246442035143881,0.5246442025544936,0.5246442015953067,0.5246442014469123,0.5246442005373421,0.5246442019328506,0.5246442039208772,0.5246442030438581,0.5246442020984557,0.5246442011760107,0.5246442002336763,0.5246441996930116,0.524644198923866,0.5246441980915987,0.5246441971521635,0.5246441966512305,0.5246441958194837,0.5246441949076402,0.5246441951212675,0.5246441949086643,0.5246441939979367,0.5246441957635338,0.5246441948931712
160,0.5306357130818652,0.5316722495474722,0.528193921445013,0.528193900066546,0.5281939202867001,0.5289333297038856,0.5289333291958309,0.5289331862327443,0.5289331851433692,0.5279316076061774,0.527931605690764,0.5279316132130976,0.5279316148100835,0.5279316135018334,0.5279316121890124,0.527931607362241,0.5279316055598137,0.5279316378644314,0.5279316379307392,0.5279316377043611,0.52793163817556,0.5279315562123567,0.5257372600513478,0.5257372615121367,0.5257372000226219,0.5257372066015519,0.5257372105737814,0.5257371976514503,0.525737184931891,0.5257371853205471,0.52573718588577,0.5257371864355529,0.5257371873655067,0.5257371872005842,0.525737187585655,0.5257371887905511,0.5257371892860914,0.5257371903891854,0.5257371895026577,0.5257371902363,0.5257369352157303,0.5257368838740956,0.525736881552095,0.5257368762671474,0.5257369262913865,0.5268646672521579,0.5268646658498076,0.5268646711345335,0.526864670381138,0.5268646723522588,0.5268646726656578,0.5268646731116496,0.5268646720743312,0.5268646848040222,0.5268646838886619,0.5268646836490077,0.5268646827462892,0.5268646821690227,0.5268646812678199,0.5268646805036716,0.5268646795415671,0.5268646789740372,0.5268646797663287,0.5268646789171476,0.5268646780774654,0.5268646793886408,0.526864679984442,0.5268646797767528,0.5268646790058203,0.5268647238594844,0.5268647236141838,0.526864723470573,0.5268647233471887,0.5268647231317877,0.5268647228988235,0.5268647227286647,0.5268647234952172,0.5268647232659174,0.5268647237672383,0.5268647235537264,0.5268647233403735,0.5268647233073512,0.526864723104823,0.5268647234151678,0.5268647238579083,0.5268647236628872,0.5268647234522795,0.5268647232471029,0.5268647230371977,0.5268647229169491,0.5268647227456279,0.5268646867163717,0.526864686140914,0.5268646858341838,0.5268646853247267,0.5268646847663048,0.5268646848971272,0.5268646847669548,0.5268646842090201,0.5268646852903118,0.5268646847572476
161,0.5357924813570545,0.5346544524261461,0.532584608024107,0.532584505995707,0.5325844399878498,0.5382579842907789,0.538257967858169,0.5382579420097299,0.5382579385463889,0.5370596500111822,0.5370595909240582,0.5370596139864574,0.537059618798863,0.5370596139728022,0.5370596091574472,0.5370595973032057,0.537059590087109,0.5370595763645043,0.5370595786817413,0.5370595752746834,0.5370595868671004,0.5329189795216678,0.5329189919225019,0.5329189927487192,0.5329189306836776,0.5329188345725485,0.5329188410841689,0.5329188390511876,0.5329188631622012,0.5329188643842028,0.5329188632005138,0.5329188620165917,0.5329188634361477,0.5329188616822419,0.5329188607344689,0.5329188635701523,0.5329188624941902,0.5329188622806135,0.5299749880853195,0.5299749918488368,0.529974985605734,0.5299749880057315,0.5299749903671165,0.5299749939620976,0.5299749640111654,0.529974966882721,0.5299749698421573,0.5299749586896271,0.529974960279473,0.5299749561308801,0.5299749554650123,0.529974954524322,0.5299749567135155,0.5299749298485529,0.5299749317806144,0.5299749322859746,0.5299749341913738,0.5299749354094915,0.5299749373114907,0.5299749389242889,0.5299749409542812,0.5299749421520207,0.5299749404797672,0.5299749422722749,0.529974944044489,0.5299749412773685,0.5299749400198173,0.5299749404582142,0.5299750059938281,0.5299748665645195,0.5299748673275744,0.5299748677720197,0.5299748681558055,0.5299748688248679,0.5299748312946941,0.5299748314997312,0.5299748305745408,0.529974830851756,0.5299748302458104,0.5299748305038332,0.5299748307616161,0.5299748308015407,0.5299748310457999,0.5299748306707223,0.5299748301367935,0.5299748303725322,0.5299748306263943,0.5299748308743367,0.529974831127341,0.5299748312726662,0.5299748314792374,0.5299748317029452,0.5299748319552559,0.5299748320898687,0.5299748323132829,0.529974832558335,0.5299748325009003,0.529974832558107,0.529974832802647,0.529974832328068,0.5299748325619751
162,0.5390300690650338,0.537362411830236,0.5365824002797602,0.5365823322506189,0.5365822815888619,0.5394413161652916,0.5394412988504976,0.5394412983228805,0.539441298086083,0.5394412499162577,0.5364555423124239,0.536455532782759,0.5364555253013655,0.5364555309892898,0.5364555344787515,0.5364555369374067,0.5364555465302917,0.5364555493916355,0.5364555457979996,0.5364555474548074,0.5364555350671154,0.5364555173346836,0.5364555163804987,0.5364202383684223,0.5364202257557041,0.5364200773616694,0.5364200779189499,0.5364200937903194,0.5364201377020482,0.5364201379561548,0.5364201369163238,0.5364201359028583,0.5364201359396037,0.5364201332360612,0.5364201325020684,0.5364201329763784,0.5364201320688836,0.5364201298769132,0.5364201255790371,0.5364201243226386,0.5364201215882167,0.5364201200600562,0.5364200716799364,0.5364200678299974,0.5364200979556458,0.5364200965278373,0.5364200951475153,0.5364201008167515,0.5364201000957731,0.5364200984658639,0.5364201021524686,0.5364201016448996,0.5364201011512939,0.5364201394458182,0.5364201384168185,0.5364201359700079,0.5359261608851976,0.5359261589479282,0.5359261588621609,0.5359261588420129,0.535926156023403,0.5359261560923654,0.5359261564052008,0.5359261562892054,0.5359261560587366,0.5359261559847079,0.5359261561604007,0.5408905923040492,0.5408905869517344,0.5408914348681402,0.5408914331017383,0.5408914286147236,0.5408914279921965,0.5408914238754532,0.5408914222102573,0.5408914179658788,0.5408914285144548,0.5408914268661258,0.5408914308045601,0.5408914289467106,0.5408914273608681,0.5408914269169682,0.5408914224347645,0.5408914247479958,0.5408914296743368,0.5408914282672613,0.5408914235454708,0.5408914220618051,0.5408914171895083,0.5408914163288546,0.5408914145410794,0.5408914131421949,0.5408914083980945,0.5408914071750428,0.5408914033343182,0.5408914018571213,0.5408914025693341,0.5408914022144721,0.5408913973191437,0.5408914007962652,0.5408913994030901
163,0.5390415271066236,0.5388011751809025,0.5387106643847713,0.5387106560743149,0.5387106499891122,0.5390418500252788,0.5390418531323005,0.5390418544717338,0.5390418567393389,0.5390418566843019,0.5386959365053242,0.5386959313292151,0.5386959321684403,0.5386959316392742,0.5386959325665518,0.5386959330928175,0.5386959759869507,0.5386959796753835,0.5386959793895832,0.5386959810961401,0.5386959807244547,0.5386959889524038,0.5386959924014652,0.5386737299433669,0.5386737004644164,0.5386737098686124,0.5386737111927652,0.5386737042089086,0.5386737010757918,0.538673701261579,0.538673701923646,0.5386737025056341,0.5386737028915917,0.538673702477065,0.538673702815608,0.5386737032806195,0.5386737037765698,0.538673621108275,0.5386736191862248,0.538673618937825,0.5386736262794695,0.5386736264176789,0.5372910307693763,0.5372910299880105,0.5372910105265062,0.5372910101600817,0.5372910095762612,0.5372910099840709,0.5372910096138416,0.5372910179118813,0.5372910171215218,0.5372910198095806,0.537291016996865,0.5372909991160421,0.5372909992823408,0.5372909986210929,0.5372909993352276,0.5372910036857991,0.537291003102298,0.5372910019785545,0.5372910044515229,0.5372910026242562,0.5372910001585632,0.5372909999972757,0.5372910043190953,0.5372910062855843,0.5372910051141476,0.5372910119615596,0.5372910117825308,0.5372917577867791,0.5372917648405988,0.537291766605206,0.5372917696837664,0.5372917736685064,0.5372917803981534,0.5372917829488862,0.5372917664863956,0.5372917731010524,0.5372917580657566,0.539032563402489,0.539032562749019,0.5390325626478837,0.5390325620282629,0.5390325629789883,0.5390325643334649,0.5390325637359751,0.5390325630918441,0.5390325624634357,0.5390325618214311,0.5390325614530478,0.5390325609291228,0.5390325603620331,0.5390325597220844,0.5390325593808108,0.5390325588142033,0.5390325581930058,0.5390325583385817,0.5390325581937135,0.5390325575733627,0.5390325587761522,0.5390325581831884
164,0.5446108379423651,0.5414264870736869,0.5414264722263533,0.5414264692928289,0.5414264678758649,0.541426498477901,0.5414265029556383,0.5414265069627817,0.5414265107926106,0.5414265182037395,0.5414264842264535,0.5414264672387821,0.5414264696370702,0.5414264547216077,0.5414264571359462,0.5414264564021769,0.5427088639805165,0.542708860544089,0.5427088622904659,0.5427088609049217,0.5427088671614477,0.5427088692716064,0.5427088681114964,0.5427088655677749,0.5427088913344504,0.5427088910635134,0.5427088933042867,0.5427088979319324,0.5427089118174881,0.5427089123479962,0.5427089114487512,0.5427089105571974,0.5427089110114466,0.5427089107879945,0.5427089100998768,0.5427089112407465,0.5427089104313002,0.5427088147016268,0.5427088122345549,0.5427088335685066,0.5427088374004275,0.5427088359279063,0.5427088344794574,0.5427088322733605,0.5427088506531713,0.5427088488911282,0.5427088470751013,0.5427088539186988,0.5427088529430799,0.5427088554950004,0.5427088559007899,0.5427088564781215,0.5427088551347273,0.5427088716206169,0.5427088704351628,0.5427088701247705,0.5427088689556555,0.5427088682080166,0.5427088348027227,0.542708833414136,0.5427088316659667,0.5427088306347002,0.5427088320744015,0.5427088305311657,0.5427088828623957,0.5427088841574311,0.5427088847460921,0.5427088845407854,0.5427088837791679,0.5427089280871809,0.5427089278448588,0.5427089277029715,0.5427089275811393,0.5427089273683038,0.5427089271380909,0.5427089269700266,0.5427089277273107,0.5427089275007518,0.5427089279960922,0.5427089277850934,0.5427089275743388,0.5427089275417109,0.5427089273416017,0.542708927648263,0.5427089280856153,0.5427089278929041,0.5427089276848226,0.5427089274821925,0.5427089272747703,0.542708927155961,0.5427089269867373,0.5427089268038393,0.5427089265971357,0.5427089264870768,0.5427089263040259,0.542708918824613,0.5427089188878556,0.5427089188248804,0.5427089185549028,0.5427089190780597,0.5427089188201327
165,0.5479713071977835,0.5459047213571318,0.5459047202325952,0.5459047195577753,0.5459047188707585,0.5459047180652593,0.5459047174578543,0.5459047181447702,0.5459047177921202,0.5459047179691469,0.5459047170892021,0.5459047176883823,0.5459047191720079,0.5459047506328102,0.5459047510962596,0.5459047525006842,0.5459047686431517,0.5459047721000655,0.5459047718479869,0.5459047724193566,0.5459047694723821,0.545904771067613,0.5459047720072269,0.5459047727644234,0.545904755996102,0.5459047576118968,0.5459047575241157,0.5459047542587178,0.5459047500245717,0.5459047499756434,0.5459047336476436,0.5459047334406655,0.5459047336526627,0.5459047334266807,0.5459047333051231,0.5459047337329924,0.5459047336215423,0.5459047352802076,0.5459047350153048,0.5459047507746,0.5459047517256536,0.5459047519925743,0.5459047529424514,0.5459047530075763,0.5459047506367298,0.5459047507127652,0.5459047507703505,0.545904750377143,0.5459047503998327,0.54590475097685,0.5459047513337444,0.5459047515843359,0.5459047524269485,0.5459047523022074,0.545904778196264,0.5459047778535586,0.5459047783256877,0.5459047781105891,0.545904779180877,0.5459047795246063,0.5459047795886777,0.5459047797382379,0.5459047790942283,0.5459047795191933,0.545904780382794,0.5459047799205707,0.5459047795305875,0.5459047799434097,0.5459047803260512,0.5459048741021991,0.5459048739983728,0.5459048694358385,0.5459048693361336,0.5459048655081847,0.5459048654444771,0.5459048612049044,0.5459048697790084,0.5459027444354042,0.5459027450000575,0.5459027448373691,0.5459027446392409,0.5459027445239385,0.545902741533727,0.5459027417353891,0.5459027470800601,0.545902746997606,0.5459027437833013,0.5459027437023276,0.5459027404721575,0.5459027404388431,0.5459027382997808,0.5459027382109269,0.5459027370390158,0.5459027352541146,0.5459027332171776,0.5459027331119172,0.5459027335840904,0.5459027335602566,0.5459027309416078,0.5459027318434581,0.545902731352891
166,0.5481615320431334,0.5510698564285587,0.5510698220017134,0.551069801351035,0.5510697825011863,0.5510697665391839,0.5510697493188821,0.5510697483132597,0.5510697479155605,0.5510697333228557,0.5510697339549506,0.5510697513519816,0.5510697503128046,0.5525807546350845,0.5525807526818957,0.5525807405012884,0.552580737690152,0.5525807249729189,0.5525807284323342,0.5525807282958062,0.5525807518440008,0.5525807648697678,0.5525807671787792,0.5525807648784647,0.5525808017570545,0.5525808082112852,0.5525808138798902,0.552580823351775,0.5525808897540582,0.5525808909914075,0.5520856346630096,0.5520856524052512,0.5520856536983875,0.5520856532789161,0.5520856531681861,0.5520856553968578,0.5520856561153304,0.5520856610933821,0.5520856603234512,0.5520856646010475,0.552085673649295,0.5520856754321587,0.5520856798413274,0.5520856798495326,0.552085665590187,0.5520856657926823,0.5520856658410339,0.5520856612982741,0.5520856612506296,0.5520856667358107,0.5520856715859821,0.5520856740294814,0.5499444732451374,0.5499443843544718,0.5499443828911482,0.5499443920920586,0.5499443939036563,0.5499443835673562,0.5499443855970939,0.5499443898311105,0.5499444058345615,0.5499444104019459,0.5499444131252322,0.5499444148664256,0.5499444157259831,0.549944412161433,0.5499444133737784,0.5499444127864618,0.5499444143955727,0.5499441518471793,0.5499441523682101,0.5499441526106166,0.5499441537992785,0.5499441543950186,0.5499441549011954,0.5499441555420257,0.5499441530960836,0.5499441535912662,0.549944153231202,0.5499441535971004,0.5499441535925009,0.5499441535246756,0.5499441540377308,0.5499441535393389,0.5499441517153607,0.5499441521402734,0.549944152696871,0.5499441531360988,0.5499441715327992,0.5499441719046024,0.5499441726092266,0.5499441730881972,0.5499441740869346,0.5499441689439829,0.5499441695598408,0.5499441700745935,0.5499441709102433,0.5499441710466317,0.5499461160371387,0.5499461165961518,0.5499461170429889
167,0.5585614986628522,0.5585615026099939,0.5585615090308421,0.5585615137243883,0.5585615187828263,0.5585615234872904,0.5585615294987477,0.5585615286157984,0.5585615307669933,0.5585615349939942,0.5585615392064455,0.558561529487212,0.5585615251554136,0.5585615716384729,0.5585615757660145,0.5585616675434721,0.5585616765593772,0.5585616862274769,0.5585616813147248,0.5585616852133141,0.5585616676137094,0.5585616616810627,0.5585616649464623,0.5585616721029719,0.5585615996072596,0.558561600371678,0.5585615940680705,0.5585615810495907,0.5585615419952291,0.5585615405026636,0.5585615430330406,0.5585615716969189,0.5585615700929126,0.5585615708805525,0.5585615733118092,0.5585615692831546,0.5585615607295573,0.5585615626919986,0.558561564923574,0.55856156745773,0.5585615632537532,0.5585615648695534,0.5585615664595753,0.5585615688802001,0.5585615487137799,0.5585615506472301,0.5585615526398412,0.5585615451305243,0.5585615462010456,0.5585615434012823,0.5585615429570226,0.5585615423235595,0.5585615437974696,0.5585615257105401,0.5585615270113831,0.5585615273513092,0.5585615286341785,0.5585615294561491,0.558561530736827,0.5585614685474153,0.558561468940248,0.5585613205590495,0.5585613220743497,0.5585613204506507,0.5585613188452478,0.5585613213517948,0.5585613224913414,0.5585613220941243,0.5585613206201534,0.5585614063802187,0.5585614074133209,0.5585614071501087,0.5585614069238514,0.5585614065287854,0.558561406101211,0.5585614057893123,0.5585614071954098,0.5585614067745149,0.5585614076947089,0.5585614073028358,0.558561406911268,0.5585614068506684,0.5585614064792407,0.558561407048889,0.5585614078607245,0.5585614075027352,0.5585614071165941,0.5585614067400363,0.5585614063551931,0.5585614061345022,0.558561405820397,0.5585614054806256,0.5585614050969812,0.5585614048924529,0.5585614045528123,0.5585614041805675,0.5585614042678135,0.5585614041810334,0.5585614038091373,0.5585614045300036,0.5585614041746529
168,0.5616331860510211,0.5644458766535495,0.5644458551083507,0.5644458423820217,0.5644458307315778,0.5644458214792848,0.5644458110505007,0.564445811739712,0.564445811084629,0.5644458033786922,0.5644458017241766,0.5644458043818988,0.564445806430526,0.5644458339450897,0.5644458338517403,0.5666765761049908,0.5666765734724993,0.5666765684486386,0.56667657018253,0.5666765690593336,0.5666765773491115,0.566676580197314,0.5666765794771762,0.566676577222032,0.5666766074741952,0.566676607810658,0.5666766101387865,0.5666766184955515,0.5666766589997508,0.566676659549619,0.5666766587810615,0.5666766646296613,0.566676665042114,0.5666766622381398,0.5666767322748959,0.5666767310640165,0.5663875562727209,0.5663875581239228,0.5663875575851549,0.5663875589339538,0.5663875626266123,0.5663875636328877,0.5663875654485275,0.5663875657558761,0.5663875520664671,0.5663875523979338,0.5663875526739724,0.5663875474055866,0.5663875475108857,0.5663875496021382,0.5663875529695059,0.566387554066339,0.5663875509376619,0.566387536658978,0.5663875373829854,0.566387530178021,0.5663875304224946,0.5663875345248695,0.5663875346405236,0.5663875319764251,0.5663875282271449,0.5663874040746214,0.5663873900668875,0.5663873891490154,0.5663873887537868,0.5663873910508714,0.566387222569638,0.5663872225862971,0.5663872198158022,0.5663876378002771,0.5663876365975102,0.5663876293810749,0.5600859557067873,0.5600859586072896,0.5600859606708093,0.5600859635844788,0.5600859540759426,0.5600859561035729,0.5600859530198549,0.5600859548473394,0.5600859565540578,0.5600859567232217,0.560085959578362,0.5600859571388485,0.5600859505768612,0.560085952314349,0.5600859553128705,0.5600859571256884,0.5600859601898889,0.5600859613125782,0.5600859637358836,0.5600859653398895,0.5600859685127683,0.5600859687640064,0.5600859713388411,0.5600859731095859,0.5600859755214136,0.5600859759557845,0.5600859792889447,0.560085979986609,0.5600859816679642
169,0.5728826201910147,0.5698423837644562,0.5698423547277708,0.5698423363107118,0.5698423182682911,0.5698423030580224,0.5698422846359816,0.5698422868694599,0.5698422836494949,0.5698422703059346,0.5698422631774497,0.5698422711999185,0.5698422792589638,0.5698422871042198,0.5698422831081917,0.5716271520640982,0.5716271457049454,0.5716271330383592,0.5716271373610752,0.5716271346633279,0.5716271555909329,0.5716271627748882,0.5716271610833956,0.5716271555638861,0.5716272230142513,0.5716272239209875,0.5716272297411208,0.5716272468101238,0.5716273221881948,0.571627323555988,0.5716273216606506,0.5716273197902265,0.5716273210286893,0.5716273166527176,0.5746362390305321,0.5746362441957983,0.5746362385790633,0.574636236591503,0.5746362323186578,0.5746362293624209,0.5746362365098749,0.5746362347071134,0.5746362332274589,0.5746362300625724,0.5746362530584243,0.5746362505626362,0.5746362479670744,0.5746362553196015,0.5746362539080837,0.5746362585327183,0.5746362619961497,0.5746362632908478,0.5746362603401386,0.5746362790783321,0.574636277556129,0.5746362715535208,0.5746362699026882,0.5746362686919861,0.5746362669956091,0.574636264829736,0.5746362596438394,0.5746362554659488,0.5746359364668743,0.5746359310495616,0.5746359258761418,0.5746359345879396,0.5722539314521583,0.5722539304160752,0.572253926067311,0.5722542882484891,0.5722542867329005,0.5722542831514591,0.5722542819723031,0.5722542783763273,0.5722542769542283,0.5722542733182258,0.5722542831028457,0.5722542816944899,0.5722542843677478,0.5722542830742987,0.572254281792463,0.5722542816102971,0.5722542777669835,0.5722542795794973,0.5722542875872012,0.5722542863768856,0.5722542822235536,0.5722542809652609,0.5722542769220179,0.5722542761665041,0.5722542732675803,0.5722542721524422,0.5722542684870924,0.5722542679314011,0.5722542651140328,0.5722542639011036,0.5722542627819204,0.5722542624817519,0.572254258963569,0.572254259668184,0.5722542585215744
170,0.5874608956676732,0.5746796011389539,0.5746795767675187,0.5746795586403026,0.5746795388769584,0.5746795200467433,0.5746794956745271,0.5746794973478221,0.5746794923483602,0.5746794722487826,0.5746794628240233,0.5746794785114184,0.5746794879201397,0.574679481435109,0.5746794751723032,0.5746795006728275,0.5746794939830818,0.5746794682160284,0.5746794714524082,0.5746794685284894,0.5746794988069865,0.5746795018273948,0.5746794991120286,0.5746794940084138,0.5746796191950538,0.5746796179537723,0.5746796220113242,0.5746796730130441,0.5746797132769637,0.5746797142449002,0.5746797124062845,0.5746797105663684,0.5746797113628079,0.5746797093673671,0.5746797600240297,0.5746797605117036,0.5746797599903951,0.574679759393507,0.5746797567534538,0.5746797561446702,0.5746797561935251,0.5746797557552463,0.5746797552098442,0.5746797547576538,0.5746797788925152,0.5746797785165135,0.5746797781337081,0.5746797838394881,0.5746797836462234,0.5746797837338112,0.5746797855093805,0.5746797854144426,0.5746797854580018,0.5746798495869153,0.5746798492870462,0.5801584434146186,0.5801584387965063,0.5801584254228493,0.5801584206792021,0.5801584151318243,0.5801583835333668,0.5801583751273578,0.5801582821591788,0.5801582771404624,0.5801582726749474,0.5801582814929164,0.5801582751545926,0.5801582747278694,0.5801582701347624,0.5801589389017894,0.580158937300198,0.580158933491008,0.5801589306356787,0.5801589265895916,0.5801589250725222,0.5801589205627142,0.5801589320078374,0.5801589305103529,0.5801589303252228,0.5801589290027538,0.5801589277496247,0.5801589276985573,0.5801589234886338,0.5801589248400632,0.5801589344329483,0.5801589331116245,0.5801589283536167,0.5801589270138027,0.5801589223565916,0.5801589214481536,0.5801589180578033,0.5801589169027223,0.5801589124969229,0.5801589124512324,0.580158909198002,0.5801589079209468,0.5765300525760245,0.5765300523473399,0.5765300488216926,0.5765301993424266,0.5765301999239683
171,0.5946748758591781,0.5769686234650303,0.5769686710659317,0.5769687071713107,0.576968747237262,0.5769687850518247,0.5769688347081242,0.5769688270749266,0.5769688434830843,0.5769688794484902,0.5769689123918396,0.5786199142375258,0.5786198695358068,0.5786199067601273,0.5786199346755293,0.5786199766451893,0.5786200137322092,0.5786200643732987,0.5786200434813759,0.5786200594649608,0.5786199740975221,0.5786199473322451,0.5786199602700259,0.5786199900731878,0.5786195936779209,0.5786195953247981,0.5786195713125635,0.5751119078637364,0.5751117814698282,0.575111777116413,0.575111783987388,0.575111790775945,0.5751117869647611,0.5751117886485806,0.5751117935857974,0.5751117842416885,0.5751117903109405,0.5751117944313923,0.5751118000598957,0.5751118057973947,0.5751117938132821,0.5751117973442338,0.5751118005319972,0.575111806344382,0.5751116252242727,0.5751116270128808,0.5751116288755325,0.5751116296721709,0.5751116306978219,0.5751116269780185,0.5751116243456856,0.5751116232075724,0.575111625481109,0.5863619341637912,0.5863619317717692,0.5863619164416044,0.5863619139840726,0.5863619030841248,0.586361900591621,0.5863618980885336,0.5863618764992421,0.5863618737142225,0.5863618712227505,0.5863618689220806,0.5863618667922798,0.5863618706652218,0.5863618706160464,0.5863618702918625,0.5863618681918942,0.5863623048438072,0.586362303947973,0.5863622986127092,0.5863622977171221,0.5863622928597196,0.5863622920380129,0.586362286619175,0.5863622985524616,0.5863622977299994,0.5863622971314222,0.5863622963954872,0.5863622956685359,0.5863622955930801,0.5863622902300702,0.5863622912003413,0.5863623023724194,0.5863623017033789,0.5867632107120803,0.586763210977452,0.5867632101029001,0.5867632102137597,0.5867632096388703,0.5867632098917059,0.5867632090935743,0.5867632093954817,0.586763208562774,0.586763208837309,0.5867632065818239,0.5867632066310622,0.5867632057388885,0.5867631964668113,0.5867631967262557
172,0.612846282699545,0.5961639231775687,0.5961639125750764,0.5961639103725181,0.5961639121306167,0.5961639164364392,0.5961639253852061,0.5961639219900219,0.596163928448683,0.5961639348029386,0.5961639481289528,0.6083514929110453,0.6083515036639191,0.6083514956567639,0.608351489627141,0.6083514703807509,0.6083514628095096,0.6083514403868998,0.6083514455949975,0.6083514424706936,0.6083514748882828,0.6083514835054452,0.6083514815856825,0.6083514750864469,0.6083509325055214,0.6083509308948605,0.6083509603428158,0.6003142742534016,0.600314425849424,0.6003144296042969,0.6003144233824815,0.6003144172109393,0.6003144204438595,0.6003144154584289,0.6003144106089288,0.6003144186698868,0.600314413076303,0.600314408990332,0.6003143987817455,0.6003143934004629,0.6003144029729972,0.6003143995849608,0.6003143963176475,0.600314391100324,0.5784719731844543,0.5784720002352293,0.5784720281789193,0.5784719800207307,0.5784719947918124,0.5784719529434479,0.578471038581064,0.5784710284000921,0.5784710509149884,0.5784684480404986,0.5784684662437864,0.5784687031845029,0.5784687213756687,0.5784690189127255,0.5784690371494605,0.5784690538048123,0.5784695997084051,0.5784696142647093,0.578469610423786,0.578469627413884,0.5784696438469428,0.5784696167765676,0.5784696092582109,0.5784696127054955,0.5784696281638255,0.5784627080385922,0.5784627137544025,0.5784627408694553,0.578462744931419,0.5784627712705378,0.5784627766733467,0.5784628070563821,0.578462740131306,0.5784627454611254,0.5784627473048818,0.5784627521419488,0.578462756981224,0.5784627576514301,0.5784627867933471,0.5782562078949318,0.5782561829604117,0.5782560533315719,0.5782560622581814,0.5782560635473957,0.5782560728509526,0.5782560738714098,0.5782560806832895,0.5782560818021717,0.5782560910106218,0.578256091215856,0.5782560972979904,0.578256098535741,0.5782561022357099,0.578256102625785,0.5782561123642436,0.5782561199844873,0.5782561211412764
173,0.6116068299143769,0.5980731062376167,0.5980730913531503,0.598073086208004,0.5980730849105881,0.5980730864785372,0.598073091991412,0.5980730890743855,0.5980730945483903,0.5980730984503823,0.5980731097734608,0.6113367836098049,0.6113368001552806,0.6113367875640405,0.611336778034754,0.6113367509898551,0.6113367388529692,0.6113367066668461,0.6113367146186395,0.6113367095535176,0.6113367565208954,0.6113367689707948,0.6113367655743184,0.6113367553284121,0.611336187895171,0.611336186038961,0.6113362210840477,0.6052145514765721,0.6052148158095078,0.6052148227065146,0.6052148113794878,0.6052148001543859,0.6052148061105049,0.6052147985130939,0.6052147897670949,0.6052148045740494,0.6052147944211661,0.6052147870954274,0.6052147705992516,0.6052147608604308,0.6052147787094796,0.6052147726057222,0.605214766775356,0.6052147572631691,0.5884688204450013,0.5884688325859326,0.5884688451229331,0.5884686970732804,0.5884687025165103,0.5884686869202665,0.5884686472637387,0.5884686433526333,0.588468651877259,0.5884685278735011,0.5884685343024452,0.5884685539138557,0.5884685604072578,0.5884685775195693,0.5884685840647911,0.5884685902075656,0.5884686240396007,0.5884686299558173,0.5884686313537594,0.5884686374425757,0.5884686432411232,0.5884686333232704,0.5884686316587826,0.588468632760153,0.588468638308636,0.588468077842727,0.5884680794878895,0.588468078141409,0.5884680795997855,0.5884680792994765,0.5884680808907857,0.588468080563207,0.5884680788397872,0.5884680803942083,0.5884680089170666,0.5884680095646413,0.5884680101824126,0.5884680101973399,0.5884680085507661,0.5818102683708836,0.5818102601193302,0.5818102337125696,0.5818102370717795,0.5818102401167116,0.5818102436270887,0.5818102455874431,0.5818102484915245,0.5818102512194955,0.5818102549353461,0.5818102562437056,0.5818102587985345,0.5818102618053123,0.5818102637764847,0.5818102645163424,0.5818102683997507,0.5818102693417229,0.5818102722147592
174,0.630478574043338,0.6119169192450905,0.6119168808729338,0.6119168585608948,0.6119168387124536,0.6119168230579546,0.6119168064166918,0.6119168067420107,0.6119168048468141,0.6119167929210053,0.6119167896141108,0.6247189864679576,0.6247190167941676,0.6247189923839943,0.6247189742105952,0.6247189376391528,0.624718913987532,0.624718870997502,0.6247188853853161,0.6247188753496944,0.6247189437613512,0.6247189643443837,0.624718956892211,0.6247189374187956,0.6116369278668612,0.6116369292094965,0.6116369265449126,0.6116366920759155,0.6116367910102675,0.6116367926874224,0.6116367901290253,0.61163678759856,0.6116367890756719,0.6116367846928841,0.6116367827133374,0.6116367863039395,0.6116367840475461,0.6116367826002342,0.6116367746530255,0.6116367725596864,0.6116367773786116,0.6116367761214884,0.6116367750317123,0.6116367728582022,0.6116363214499984,0.6116363124238525,0.6116363003104951,0.5960733207646024,0.5960733297970914,0.5960733053775046,0.5960732771831985,0.5960732714281871,0.5960732844279115,0.5960730853322554,0.5960730962005718,0.5960731079253601,0.5960731187267556,0.596073133016864,0.5960731438356328,0.5960731533212431,0.596073180043023,0.5960731877598983,0.5960731813791352,0.5960731915277229,0.5960732014362956,0.5960731854646092,0.5960731795586527,0.5960731818176257,0.5960731910432204,0.5960725006104359,0.596072503522347,0.5960725048039743,0.5960725065826243,0.5960725088802292,0.5960725116552681,0.596072514051862,0.5960725052636707,0.5960725079922912,0.5938289196452337,0.5938289199509992,0.5938289202397646,0.593828920219936,0.5938289696174741,0.593828973075896,0.5938289692145021,0.5938289699937546,0.5938289718044052,0.5938289726246816,0.5938289745145146,0.5938289752201541,0.5938289766863343,0.5938289774098621,0.5938289793605284,0.5938289795782632,0.59382898098311,0.5938289817862643,0.5938289829904578,0.5938289832336983,0.5938289853113831,0.5938289869869721,0.5938289877507573
175,0.6330916397221821,0.6222386232675851,0.6222385758222726,0.6222385454465784,0.6222385158430337,0.6222384904275023,0.6222384604239791,0.6222384632401978,0.6222384557499825,0.6222384343996528,0.6222384199631741,0.6299298428693352,0.6299298674139556,0.6299298474287179,0.6299298325012241,0.6299298055903346,0.6299297859815853,0.6299297552820368,0.6299297668696916,0.6299297585090309,0.6299298092356698,0.6299298251650324,0.629929818744105,0.6299298027647695,0.6054868244840219,0.6054868292202791,0.6054867783949414,0.6054866568598649,0.6054863949064248,0.6054863809916097,0.6054864041779701,0.6054864271543354,0.6054864151811787,0.6054864234615212,0.6054864412227494,0.6054864113254793,0.6054864321461796,0.6054864474693189,0.6054864698564392,0.6054864899548957,0.605486454729052,0.6054864674285968,0.6054864797269719,0.6054864991601802,0.6054863508227282,0.6054863663197212,0.6054522341999712,0.6054517399178216,0.6054517425563288,0.6054517349507187,0.6054517280433844,0.6054517261050073,0.605451730238171,0.6054516867429233,0.6054516898365079,0.6054516944499867,0.6054516975757038,0.6054517009612598,0.605451704115758,0.605451707065333,0.6054517145666172,0.6054517173575666,0.605451717279778,0.6054517202113132,0.6054517229938687,0.6054517181853089,0.6054517171732262,0.6054517176892051,0.6054517203614269,0.6054515893772404,0.6054515900736298,0.6054515872480446,0.6054515878682564,0.6054515858681392,0.6054515865570061,0.6032172060174362,0.6032172050537652,0.6032172057516196,0.603217209740243,0.603217210372301,0.6032172109849973,0.6032172110058591,0.6032172449842028,0.6032172450656347,0.6032172440318792,0.6032172449808628,0.6032172452287541,0.6032172462210943,0.6032172465418378,0.6032172478644569,0.6032172482803934,0.6032172491641387,0.6032172497075553,0.6032172500153158,0.6032172504576387,0.603217251441792,0.603217252457801,0.6032172528404484,0.6032172535081594,0.6032172543910688,0.6032172553339886
176,0.6316650742821008,0.6297772995376137,0.6297772499054575,0.6297772161343062,0.6297771815643377,0.6297771506468423,0.6297771125765721,0.6297771172025928,0.6297771055580942,0.6297770785855306,0.6297770559120015,0.6337082435017998,0.6337082637764289,0.633708247082698,0.6337082345209122,0.633708213897332,0.6337081972392627,0.6337081739613654,0.6337081834850308,0.6337081763343547,0.6337082156213596,0.6337082280676309,0.6337082223650558,0.633708208937586,0.6211314902769811,0.621131490330368,0.6211314835309862,0.6211314732743796,0.6211321172403371,0.6211321052209051,0.6211321253790939,0.621132145357409,0.621132135031531,0.6211321392179984,0.6211321546529266,0.6211321288162416,0.6211321469342923,0.6211321603863306,0.6211321750309258,0.6211321925710456,0.6211321624522155,0.6211321735729494,0.6211321844092601,0.6211322012894834,0.621132078272491,0.6211320917387658,0.6209435999168565,0.620943599013192,0.6209435991394169,0.6209435988092616,0.6209435987568639,0.6209435986821389,0.6209435988559756,0.6209435967251941,0.6209435968784766,0.620943596918553,0.6209435970697385,0.6209435971663062,0.6209435973172363,0.6209435974451634,0.6209435976061252,0.620943597701188,0.6209435975685876,0.6209435977108273,0.6209435978514355,0.62094359763187,0.6209435975321219,0.6209435975668383,0.6209435976960122,0.6209435902035464,0.6209435902445691,0.6209435902682351,0.6209435902889167,0.6209435903246676,0.6209435903636309,0.6209434898615371,0.6209434935314387,0.6209434924326676,0.6209434948348653,0.620943493811858,0.6209434927897476,0.6209434926316237,0.6209434916622768,0.6209434931494131,0.6209434952679629,0.6209434943334299,0.6209434933258393,0.6209434923429396,0.6209434913387077,0.6209433543757414,0.6209433523948994,0.6209433502508671,0.6209433478313378,0.6209433465409965,0.6209433443988537,0.6209433420500349,0.6209433426003559,0.6209433420527543,0.6209433397071616,0.6209433442551768,0.6209433420131886
177,0.6376097989206424,0.637609685113078,0.6376096370317176,0.6376096018836716,0.6376095640043841,0.6376095287757033,0.6376094837592651,0.6376094903255554,0.6376094743275555,0.637609442608123,0.6376094112677069,0.6376098098167079,0.6376098257047386,0.6376098123058362,0.6376098022073838,0.6376097889504405,0.6376097753755946,0.6376097604548667,0.6376097678594637,0.6376097619836675,0.6376097888437056,0.6376097977770617,0.6376097928607756,0.6376097820853573,0.6376091126551019,0.6376091077051821,0.6376091485339092,0.6376092333727511,0.6376107877657804,0.6376107778039376,0.6376107946937067,0.6376108114374502,0.6376108029074609,0.6376108070976181,0.6376108200202512,0.6376107985963733,0.6376108137975072,0.6376108252444516,0.6376108382637748,0.6376108530459922,0.6376108285216763,0.6376108379468916,0.6376108472215414,0.6376108613418031,0.6376107437028735,0.637610754981396,0.63761075938012,0.6376107160727875,0.6376107222467411,0.6376107060990941,0.637610703533816,0.6376106998805912,0.637610708381633,0.6376106040616324,0.6376106115639685,0.6376106135267942,0.6376106209257147,0.6376106256560418,0.6376106330417396,0.6376106393044171,0.6376106471876135,0.6376106518386281,0.6376106453452515,0.6376106523056407,0.6376106591874288,0.6376106484423031,0.6376106435588813,0.6376106452615029,0.6376106515802284,0.6376102840030499,0.6376102860143461,0.6376102871889813,0.6376102882006507,0.6376102899647949,0.6376102918752128,0.6376102932668377,0.6376102869863074,0.6376102888670612,0.6376102847554878,0.6376102865065094,0.6376102882560564,0.6376102885267012,0.6376102901852577,0.637610287639847,0.6376102840146909,0.6376102856144065,0.6376102873383286,0.6376102890207976,0.6376102907391076,0.6376101750633083,0.6376101754724062,0.637610175915443,0.6376101764151616,0.6376101766817691,0.637610177124246,0.6376101776095864,0.6376101774958692,0.6376099211053277,0.637609919133857,0.6376099229565225,0.6376099210720404
178,0.5248670238298515,0.5243063984691029,0.5237926131117333,0.5237925128318097,0.5258337138577258,0.525833698554605,0.5258336817415635,0.5258336315497406,0.5258336880400867,0.5258336760868806,0.5258336737166105,0.5258336885510014,0.5176941778563652,0.5176941868761611,0.5176941645738959,0.5176941900497117,0.5176942007589318,0.5176942347166577,0.517694234996899,0.5176942436171309,0.5176942480862667,0.517694252314555,0.5176942614324359,0.517694269390422,0.5176940942090549,0.5176940994734898,0.5176938920467226,0.5176938769415734,0.5176938923714991,0.5176938960399576,0.5176938951568196,0.5176938942725996,0.5270887234070276,0.5270887206817179,0.5270887122768361,0.5270887262058965,0.5270887163188048,0.5270887088735281,0.527088700405453,0.5270886907908122,0.5270887067425118,0.527088700612268,0.5270886945798738,0.5270886853957608,0.5270887619106767,0.5270887545750106,0.5270887470147021,0.5270887755053715,0.5270887714436426,0.5270887820666653,0.5270887837545574,0.5270887861581629,0.5270887805657042,0.5270888491940283,0.5270888442587266,0.5270888429673066,0.527088838100027,0.5270888349879637,0.5270888301293372,0.527088826009519,0.5270888208232177,0.5270888177635936,0.5270888220351847,0.5270888174563442,0.527088812929222,0.5270886916778352,0.5270886960920403,0.5270886945530666,0.5270886888414794,0.5270890211116055,0.5270890192938967,0.527089018231439,0.5270890173171738,0.5270889622397765,0.5270889598862436,0.5270889581698109,0.5270889659087107,0.5270889635917311,0.527088968657004,0.5270889664998862,0.527088964344492,0.5270889640110648,0.5270889619670619,0.5270889651028933,0.5270889695704377,0.5270889675996999,0.5270889654750001,0.5270889634022915,0.5270889612846076,0.5270889600696488,0.5270889583413062,0.5270889564708874,0.5270889543598231,0.5270889532341091,0.5270889513650129,0.5270889493159924,0.5270889497960638,0.5270889493182803,0.5270889472717417,0.5270889512393467,0.5270889492834056
179,0.5276607430265825,0.528832480134685,0.526241572714278,0.5262414614723405,0.5294440252266774,0.5294440243909477,0.5294439981619044,0.519523382974188,0.5195233926258361,0.5195234466803323,0.5195234600029238,0.519523387573309,0.5195233861550169,0.5195233920383967,0.5195234017257245,0.5195234582587406,0.5195234711777477,0.519523642910296,0.5195236402887884,0.5195236493044969,0.5183143222234616,0.5183143487681404,0.5183143666125686,0.5183143665015338,0.5183142067292895,0.5183142164381188,0.518314252078414,0.5183142090017957,0.518314136491936,0.5183141391310266,0.5183141392204927,0.5183141392907474,0.5183141455777927,0.5183141508112459,0.5183141507728577,0.5183141591239633,0.518314159183379,0.5183141606951455,0.5183141673430484,0.5183141679351785,0.5183142256437024,0.5183142299689348,0.5183142320986739,0.5183142320391805,0.5183141919065868,0.5183141924279789,0.5183141924163142,0.5183141911573785,0.5183141918427594,0.5183142025130041,0.5183141943260384,0.5202339378180693,0.5202339378683646,0.5202338637279322,0.5202338646238102,0.5202338691123379,0.5202338699378369,0.5202338781979,0.5202338788839627,0.5202338791840776,0.5202338905510472,0.5202338903072483,0.5202338883506891,0.520233890944383,0.52023389203932,0.5202338954380136,0.5202338943181267,0.5202338954348142,0.5202338962263974,0.5202337802910885,0.5202337803852618,0.520233778966742,0.520233778811145,0.5202337774790106,0.5202337775769188,0.5202337760581669,0.5202338786327101,0.5202338797376553,0.5202338770165759,0.5202338781092167,0.5202338791714698,0.5202338800942629,0.5202338800547239,0.5202338784760789,0.5202338793694711,0.5202338803019575,0.520233880104446,0.5202338811051644,0.5202338810864853,0.5202338816549619,0.5202338818859894,0.5202338831132207,0.5202338834312157,0.5202338842147752,0.5202338847178792,0.5202338857379837,0.520233885182976,0.5202338854128067,0.520233885953447,0.5202338834281071,0.5202338844083199
180,0.5303957604097582,0.531220059812889,0.5275292617360237,0.5275292634914653,0.5275293061860735,0.5275293633644107,0.5275293728029474,0.5275292153847263,0.5275292148417192,0.5275291318781546,0.5275291270647777,0.5275291381715913,0.527529143121679,0.5275291389370161,0.5275291357906688,0.5275291317592299,0.5275291275338064,0.5275291718153177,0.5275291731320342,0.5275291720872218,0.5275291768045633,0.5275291783883599,0.5275289994296843,0.527528991769632,0.5275290693670072,0.5275290685494968,0.527529075297156,0.5275290892327934,0.5275291310424143,0.5275291326399819,0.5275291299314464,0.5275291272463452,0.5275291286143257,0.5275291279420964,0.5275291258697328,0.5275291293054916,0.5275291268677261,0.5275291250320779,0.5275291229437474,0.527529120573198,0.527528674089485,0.5275286665254916,0.5275286590836616,0.5275286477534658,0.5275287421423264,0.5275287719258716,0.5275287633175144,0.5275287957575829,0.5275287911329576,0.5275288032298615,0.5275288051497217,0.5275288078873092,0.5275288015194405,0.5275288796569607,0.5275288740373038,0.5275288725672644,0.5275288670249763,0.5275288634822148,0.5275288579498537,0.5275288532586888,0.5275288473545369,0.5275288438706442,0.5275288487344765,0.527528843519418,0.5275288383645826,0.5275288464136193,0.5275288500716402,0.52752884879638,0.5275288440632375,0.5275291194080641,0.5275291179015873,0.527529117021284,0.5275291162635575,0.5275291149417438,0.5275291135108319,0.5275291124672778,0.5275291171724987,0.5275291157637909,0.5275291188434004,0.5275291175318645,0.5275291162214341,0.5275291160187453,0.527529114776016,0.5275291166825428,0.5275291193987796,0.5275291182006085,0.5275291169088098,0.5275291156486449,0.5275291143611032,0.5275291136224397,0.5275291125715795,0.5275290428273115,0.527529040842851,0.527529039784566,0.5275290380275277,0.5275290361011499,0.5275290365524352,0.5275290361033173,0.5275290341794806,0.5275290379096079,0.5275290360706895
181,0.5325083444940335,0.5331224913976581,0.5303275376688678,0.5303274617228465,0.5303274265660214,0.53345367860944,0.533453659771135,0.533453574393189,0.533453572391786,0.5292223025325921,0.5292223095889323,0.5292222879393117,0.5292222834498028,0.5292222886273383,0.5292222934146368,0.5292223042849201,0.5292223110309319,0.5292223257354352,0.5292223233714901,0.5292223267450343,0.5292223159844691,0.5292219601465332,0.52904906361385,0.529049053467557,0.5290491479614485,0.5290491537524279,0.5290491664078092,0.5290491811262169,0.5290492337241685,0.5290492363613778,0.5290492328226624,0.5290492293036476,0.5290492319808611,0.5290492314323885,0.5290492286784997,0.529049234581,0.5290492313819606,0.52904922966082,0.5290492256475008,0.5290492227729077,0.5290492427235077,0.5287160053200667,0.5287160032729875,0.5287159980309701,0.5287160288707011,0.5287160255073146,0.5287160212216001,0.5287160367837198,0.5287160344673075,0.5287164651140909,0.528716459004277,0.5287164609294494,0.5287164626333826,0.5287164070968327,0.52871640918113,0.5287164113641769,0.5287164134052528,0.5287164182298582,0.5287164201431036,0.5287164215817401,0.5287164289052264,0.5287164296869838,0.5287164271451861,0.5287164292063276,0.5287164313601365,0.5287164297294323,0.5287164280282493,0.5287164293643207,0.5287164316565286,0.5287163113444034,0.5287163118153699,0.5287163114606929,0.5287163115665047,0.5287163111174935,0.5287163115563485,0.5287163109169842,0.5287163124124227,0.5287163128598812,0.528716311694238,0.5287163121651298,0.5287163126048265,0.5287163128781195,0.5287163123277703,0.5287163116726968,0.5287163137011025,0.5287163140775903,0.5287163134414504,0.528791727997231,0.5287917281885299,0.5287917284008375,0.5287917286306898,0.5287917291805849,0.5287917294579109,0.5287917298207254,0.5287917301250266,0.5287917305136566,0.5287917302393994,0.5287917303265347,0.5287917306670417,0.5287917295998502,0.5287917299720459
182,0.536910462465306,0.5359098605429965,0.5344366963323958,0.5344365975192619,0.5344365276529381,0.5398457780375505,0.5398457614105603,0.5398457601042753,0.5398457575804543,0.5398456771006211,0.5385489120485023,0.5385489311230448,0.5385489342735779,0.5385489307636648,0.5385489269257866,0.5385489170200568,0.5385489108873637,0.5385488993894149,0.5385489009376238,0.5385488980713897,0.538548906227,0.538548691732215,0.5385486824169683,0.5385486710886975,0.53854883312343,0.5336365653816094,0.5336365663227342,0.5336365083675358,0.5336364008141654,0.5336364006015867,0.5336364029631944,0.5336364052483293,0.533636405693162,0.533636409855439,0.5336364114777308,0.5336364112799995,0.5336364133294157,0.5336364182916764,0.5336364036478389,0.533636406170539,0.5336364186286082,0.533636423243311,0.5336364309107461,0.5336364288080198,0.5336363911298343,0.5336363924818611,0.5336363935468467,0.5336363880163133,0.5336363885301191,0.5336364007856176,0.5288682104121962,0.5288682145087641,0.5288682162951982,0.5288680369289415,0.5288680413017822,0.5288680500838107,0.5288680549609184,0.528868073854964,0.5288680774701227,0.5288680797187376,0.5288681076111212,0.5288681080151248,0.5288681010819072,0.5288681050938457,0.5288681106927238,0.5288681082676259,0.5288681039736092,0.5288681121907463,0.5288681156243482,0.5288677314932689,0.5288677324674618,0.5288676816847654,0.5288676812913609,0.5288676811228503,0.5288676816246781,0.5288676813460373,0.5288676834418078,0.5288676837941194,0.5288676822511635,0.5288676829453227,0.5288676833813312,0.5288676839821275,0.5288676838748128,0.5288676832026068,0.528867784643041,0.5288677856847368,0.5288677873516893,0.528867788471639,0.5288677904213049,0.5288677910413844,0.5288677928700186,0.5288677941577336,0.5288677963618682,0.5288677977861879,0.5288677997955831,0.5288678009810088,0.5288677998719601,0.5288678001374659,0.5288678026794144,0.5288677989820361,0.5288678001098726
183,0.5399151725765791,0.5378644766024859,0.5373247394475101,0.5373246891343026,0.5373246512779993,0.5393017909664959,0.5393017785748935,0.5393017795288525,0.5393017803845312,0.5393017480895544,0.5372369254149881,0.5372369182610378,0.5372369145702681,0.537236917868642,0.5372369205186946,0.537236920281671,0.5372369412999098,0.5372369425221328,0.5372369405122432,0.5372369424520262,0.5372369385095132,0.5372369349441645,0.5372369367017763,0.5371375622615272,0.5371375478277618,0.5371375250579354,0.537137526490514,0.5371375258197786,0.5371375329966274,0.5371375332741204,0.5371375332192911,0.53713753314304,0.5371375334875995,0.5371375328698517,0.537137532770461,0.5371375334010984,0.5371375333217815,0.5371375346041138,0.5371375336724876,0.5371375339482993,0.5371375364452119,0.5371375368788941,0.5371374212355764,0.537137418332137,0.5371374391857462,0.5371374372983885,0.5371374353049082,0.5371374424401686,0.5371374413594742,0.5371374459472494,0.5371374488852155,0.5371374500895675,0.537137448148498,0.5371374715206088,0.5371374703212187,0.537137468676838,0.5366206667431102,0.5366206680327386,0.5366206673352908,0.536620666499293,0.5366206669263927,0.5366206659279203,0.5366206654109286,0.5366206649032665,0.536620665370769,0.5366206669292597,0.5366206668038451,0.5366207709300012,0.5366207715623934,0.5366207709408622,0.5366207710460625,0.5366207699230471,0.5366207697970206,0.5366207687094657,0.5366207688197103,0.536620767582043,0.5366207702380611,0.5366207703437794,0.53662076988573,0.5366207702812851,0.5366207704159254,0.5366207705439697,0.5366207693112803,0.536620769106619,0.5366207732424398,0.5366207733275561,0.5366207719757814,0.5366207720762466,0.5366207708507208,0.5366207708979174,0.5366207701877315,0.536620770333414,0.5366207693717632,0.5366207697099868,0.536620769098916,0.5366207692449643,0.5366207689613601,0.5366207689819079,0.5366207681922321,0.5366207675103515,0.5366207676522569
184,0.5421556252383519,0.5406842761102196,0.5406842586487178,0.5406842549739582,0.540684252594045,0.5406842923621511,0.5406842961554068,0.5406843000865931,0.5406843037223594,0.5406843104397547,0.5406842633571235,0.5406842495815296,0.5406842525680413,0.5406842411035649,0.540684243004664,0.5406842417181081,0.5415751378754472,0.5415751358770939,0.5415751375096726,0.5415751372906432,0.5415751446916204,0.5415751531223382,0.5415751544404511,0.5415751517323026,0.5415751618347425,0.5415751674250147,0.5415751702532812,0.5415751735542627,0.5415752048267937,0.5415752054195451,0.5415752051321704,0.5415752047721129,0.5415752054323555,0.5415752028819695,0.5415752025134568,0.5415752038222719,0.5415752034693948,0.5395139938720438,0.539514000709394,0.5395140160824572,0.5395140249718937,0.5395140282802923,0.5395140451428814,0.5395140464889396,0.5395140029063542,0.5395140042549118,0.539514005424507,0.5395139985012055,0.5395139990594634,0.5395140052882396,0.539514003122455,0.5395140056094562,0.5395140026558624,0.539513965910859,0.5395139675722411,0.5395139663192509,0.5395139676162236,0.5395139741842525,0.5395139607340239,0.5395139599784782,0.53951396312262,0.5395139611293915,0.5395139566306968,0.5395139573689157,0.5408410712982455,0.5408410731958562,0.5408410739896854,0.5408410738548186,0.5408410727563112,0.5408412484310814,0.5408412491422696,0.5408412496382138,0.5408412499794112,0.5408412506987066,0.5408412513773491,0.5408412520218795,0.5408412495622837,0.5408412502290894,0.5408412487466419,0.5408412493998354,0.5408412500235199,0.5408412501256713,0.540841250825881,0.5408412499145631,0.5408412485310239,0.5408412490965401,0.5408412497790871,0.5408412503760232,0.5408412511123527,0.5408412514622771,0.54084125208256,0.5408412526258175,0.540841253431162,0.5408412537810456,0.5408412544978182,0.5408412550871878,0.5408412549244703,0.5408412550645424,0.5408412559306153,0.5408412547290431,0.540841255297105
185,0.5475501055241381,0.5434288389086909,0.5434288691798118,0.543428895335186,0.5434289247633665,0.543428960231542,0.543429000560968,0.5434290072507987,0.5434290123063175,0.543429054935296,0.5434290518593069,0.5434289895464085,0.5434289930484218,0.5434289610232643,0.5434289649950325,0.5434290010390123,0.5435872392104789,0.5435873064339425,0.5435873078995533,0.5435873128213174,0.5435872622881587,0.543587291130814,0.5435873021447888,0.5435873063752077,0.5435870321597817,0.5435870540408774,0.5435870592958424,0.5435869970859089,0.5435869008745509,0.5435869017476,0.5435869084705197,0.543586911117406,0.5435869126306405,0.543586917602346,0.5435869186340054,0.5435869206392934,0.5435869225848686,0.5435869278434772,0.5435869366611629,0.5439349885518205,0.5439349978177368,0.5439350007913295,0.5439350088940177,0.5439350099578087,0.5439349520986065,0.543934953202024,0.5439349541345738,0.5439349469585575,0.5439349473721897,0.5439349531873771,0.5439349458851229,0.5439349485170939,0.5439349399344432,0.5439348884161869,0.5439348906729182,0.54393488934423,0.5439348902744993,0.5439349036765181,0.5439348935390163,0.5439348916301152,0.5439348974176546,0.5439348936987096,0.5439348870334916,0.5439348876465737,0.5439348916511851,0.5439348927960385,0.5439348892199023,0.5439348923431487,0.5439348928437684,0.5439349286296791,0.5439349286311949,0.5439349268206274,0.5439349256619401,0.5439349238631537,0.5439349238756326,0.5439349218076515,0.5439349267728391,0.5439349266438027,0.5439349254676367,0.5439349257961267,0.543934926117922,0.5439349264401657,0.5439349244893262,0.5439349241891581,0.54393493007715,0.5439349300666447,0.5439349277795389,0.5439349277953827,0.5439349259344188,0.5439349258888914,0.5439349246571548,0.5439349247891804,0.5439349230751679,0.5439349267226602,0.5439349258504758,0.5439349261962223,0.5439349247415726,0.5439349247396208,0.5439349235888451,0.5439349209695403,0.5442213795651588
186,0.5496520233270207,0.5478743682356014,0.5478743486094453,0.5478743359537191,0.5478743236732511,0.5478743124557387,0.5478742997106089,0.5478742992472049,0.5478742979646203,0.5478742869417974,0.5478742856707767,0.5478743011538446,0.5478743021817482,0.5483216703556754,0.5483216694087346,0.5483216611405419,0.548321650618659,0.5483216396254018,0.5483216405308597,0.5483216400874511,0.5483216528974711,0.5483216543952295,0.5483216541746014,0.5483216531471581,0.5483216976193835,0.5483216977402666,0.5483216990010705,0.5483217126207303,0.548321770356331,0.548321770659166,0.5478558186631716,0.5478558194058489,0.5478558198180508,0.5478558186764999,0.5478558187011449,0.547855819386919,0.5478558196644547,0.5478558212780965,0.5478558195665012,0.5478558190355189,0.5478558220535887,0.5478558227061868,0.5478558242068147,0.5478558242685989,0.5478558248196717,0.5478558249351276,0.547855824997786,0.5478558233588122,0.547855823368729,0.5478558251799184,0.5478558293533062,0.5478558301807024,0.5478557815863945,0.5478557996522586,0.5488784716146589,0.5488784723559118,0.548878471330952,0.5488784623819142,0.5488784615577896,0.5488784621659186,0.5488784593177145,0.5488784608941624,0.5488784648625515,0.5488784639106697,0.5488784619582023,0.5488784626158303,0.5488784649605434,0.5488784636849475,0.5488784628463159,0.5488785485198173,0.5488785481829881,0.5488785460461791,0.5488785464863838,0.5488785447171441,0.5488785444154781,0.5488785425834226,0.5488785464374385,0.5488785461272301,0.5488785473335278,0.548878546953066,0.5488785464668893,0.548878546292512,0.5488785442576549,0.5488785447947321,0.5488785481329805,0.5488785478725676,0.5488785457258503,0.5488785454510936,0.5488785430080272,0.5488785428696614,0.548878541365621,0.5488785410865441,0.5489054331067846,0.548905519193188,0.5489055193137989,0.548905519933336,0.5489055201330308,0.54890552028135,0.5489055203405774,0.5489055197087876,0.5489055202670002
187,0.5557577415750284,0.554377771905873,0.5543777430924103,0.554377726631181,0.554377712173451,0.5543777008256284,0.554377688884961,0.554377688412294,0.5543776892910174,0.554377679549713,0.5543776815217751,0.5543776888132894,0.554377686901251,0.5557704087310661,0.5557704083554666,0.5557704261336363,0.5557704317100197,0.5557704254149276,0.5557704275977575,0.5557704290557035,0.5557704454036151,0.5557704591593213,0.5557704634024503,0.5557704635759013,0.555770461689058,0.5557704701793438,0.5557704744865353,0.5557704765220681,0.5557705308247929,0.5557705317138323,0.5557705171209727,0.5565787915044332,0.5565787928709668,0.5565787917138582,0.5565787907253418,0.5565787935525961,0.5565787930289379,0.5565787948576175,0.5565787925300848,0.5565787935278022,0.5565788005583769,0.5565788009347625,0.5565788027178415,0.5565788017307582,0.5565788036645605,0.5565788029883758,0.556578802200099,0.5565788021577807,0.5565788016891253,0.5565788060435325,0.5565788105801717,0.5565788122867327,0.5565787623961055,0.5565787796434345,0.5565787804636856,0.5565787747368286,0.5565787739618311,0.5593380767979953,0.5593380745963251,0.5593380267805617,0.5593380207778571,0.5593380214932565,0.559338027063146,0.5593380242511161,0.5593380210384599,0.5593380248596073,0.5593380285451002,0.5593380273150512,0.5593380247786158,0.5593383039330192,0.5593383028860421,0.5593382971164061,0.5593382972538188,0.5593382921667213,0.559338291217691,0.5593382858828286,0.559338297985709,0.5593382970333504,0.5593382995452928,0.5593382986220328,0.55787777236318,0.557877772475519,0.5578777724931928,0.5578777719364729,0.5578777721906044,0.5578777724736539,0.5578777724297294,0.55787777273387,0.5578777727587347,0.557877772918653,0.5578777729799002,0.5578777732750487,0.5578777733284471,0.5578777742751191,0.5578777744311084,0.5578777747547239,0.557877774081893,0.5578777741501068,0.5578777742629807,0.5578777726587917,0.5578777729784817
188,0.5589291379701857,0.558423991219706,0.5584239961627092,0.5584240000797757,0.5584240044466954,0.5584240087600041,0.5584240142483629,0.5584240137148959,0.5584240159397598,0.5584240199935584,0.5584240239985993,0.5584240132518667,0.5584240094189777,0.5584699431583167,0.5584699471663425,0.5584700385085007,0.5584700477553016,0.5584700575161348,0.5584700530730763,0.5584700570368639,0.5584700409396833,0.5584700368993857,0.5584700405906988,0.5584700475181464,0.558469973164587,0.5584699749030235,0.5584699694026369,0.5584699560645459,0.558469923028884,0.5584699217100417,0.5584699237306815,0.5585271538281171,0.5585271524540889,0.5585271530684817,0.5585271553352648,0.5585271517881483,0.5585271436462114,0.5585271457957819,0.5585271476802672,0.5585271502574637,0.5585271471560563,0.5585271488203979,0.5585271506217515,0.5585271528826383,0.5585271328874135,0.5585271347109207,0.5585271365756123,0.5585271290066562,0.5585271300025143,0.5585271278627941,0.5585271281941839,0.5585271278306427,0.5585271284162733,0.5585271115060788,0.5585271128479206,0.5585271121214895,0.5585271133352294,0.5585271207415127,0.5585271220050191,0.5583442804506661,0.5583442804792051,0.558344138645427,0.5583441389809443,0.5583441376446603,0.5583441363767667,0.5583441385470911,0.5583441388466758,0.5583441386001594,0.5583441373841795,0.5583442606831289,0.5583582413076988,0.5583582403197014,0.5583582400917926,0.5583582391110012,0.5583582387145095,0.558358237744227,0.5583582403952372,0.5583582400023621,0.5583582408883282,0.5583582405229413,0.5583582401407847,0.558358240081758,0.5583582390270655,0.5583582395644552,0.5583582417092314,0.5583582413731185,0.5583582402431577,0.5583582398920657,0.558358238790665,0.5583582385857992,0.5583582377976666,0.5583582374843794,0.558358236494445,0.5583582362618317,0.5583582354908335,0.55835823515041,0.5583582352543438,0.5583582351716458,0.558358234236619,0.5583582349535395,0.5583582346312177
189,0.5663510491896014,0.5658717258358142,0.5658717004271592,0.5658716851499004,0.565871670833678,0.5658716593713421,0.5658716459718339,0.5658716474361027,0.5658716462344323,0.5658716365520928,0.5658716333132301,0.5658716351011996,0.5658716391862956,0.5658716608829749,0.5658716597891227,0.5686477203904309,0.5686477153386942,0.5686477052233213,0.5686477088792354,0.5686477066952705,0.5686477240411435,0.5686477305458235,0.5686477293153887,0.5686477247536006,0.5686477750219018,0.568647776127019,0.5686477810992,0.5686477905301903,0.5686478317079116,0.5686478328665269,0.5686478313274212,0.5686478316872318,0.5686478327275221,0.5686478313158996,0.5686479196382342,0.5686479193473374,0.5685670081666595,0.5685670092082254,0.568567008678289,0.5685670093818533,0.5685670118783677,0.5685670124239032,0.5685670134685606,0.5685670135416826,0.5685670053883992,0.5685670054997604,0.5685670055749497,0.5685670023624892,0.5685670023761422,0.5685670038257775,0.5685670061037079,0.5685670068187016,0.5685670048940513,0.5685669955126658,0.5685669958884342,0.56856699079534,0.5685669908839791,0.5685669930304038,0.5685669930385097,0.5685669914405885,0.5685669887789309,0.5685669495315445,0.5685669376412882,0.5685669374078081,0.5685669374912096,0.5685669383979313,0.5685666013365381,0.5685666007064901,0.5685665965959987,0.5685669960182527,0.5685669945255972,0.5685669899300455,0.5663173281297588,0.5663173258790494,0.5663173248156704,0.5663173226390324,0.5663173288894943,0.5663173278370828,0.5663173301685034,0.5663173291886865,0.5663173281950857,0.5663173280326574,0.5663173256445173,0.5663173270729207,0.5663173319631324,0.5663173310634815,0.5663173285009813,0.5663173275603215,0.5663173250678891,0.5663173245170453,0.5663173227159106,0.5663173218732033,0.5663173196224649,0.5663173190579641,0.5663173172871095,0.5663173163716259,0.5663173165797053,0.5663173163593228,0.5663173142404516,0.566317316039805,0.5663173151719093
190,0.5748105276731446,0.5716895373520239,0.5716895089038376,0.5716894901983506,0.5716894712154681,0.5716894548815808,0.5716894343259226,0.5716894374207071,0.571689433432898,0.5716894185671448,0.5716894094322124,0.571689415012393,0.5716894255454223,0.5716894259192933,0.5716894206030366,0.5728224163681468,0.5728224104010304,0.5728223946402519,0.5728223993735032,0.5728223968813945,0.5728224224932017,0.5728224315626192,0.57282243044411,0.5728224248912003,0.5728224928863159,0.5728224948482965,0.5728225013842368,0.5728225185121024,0.5728226002096082,0.5728226017341824,0.5728225998737985,0.5728225980583356,0.5728225994804714,0.5728225950469493,0.5754548842095116,0.5754548890963113,0.5754548866621414,0.5754548854045637,0.5754548808305929,0.5754548785592514,0.5754548860702003,0.5754548847706638,0.5754548839697678,0.5754548812435568,0.5754548963538044,0.5754548942299208,0.575454892002777,0.575454895872984,0.575454894645447,0.5754548993964099,0.5754549046820927,0.5754549061801483,0.5754549028921114,0.5754549103233463,0.5754549091423276,0.5754549509819294,0.5754549503916191,0.5754549492712727,0.575454948602551,0.5754549469320765,0.5754549400314765,0.5754549350500416,0.5705392269717455,0.5705392289764505,0.5705392309006166,0.5705392276878187,0.5705390932373878,0.5705390932015247,0.5705390934174611,0.5705391120715343,0.5705391120161762,0.5705391094175851,0.5705391095282422,0.5705391073906195,0.5705391073592331,0.5705391050389782,0.5705391096991941,0.5705391096589519,0.5705391101183293,0.570539110079942,0.5705391100287959,0.5705391099980919,0.5705391075240661,0.5705391076534947,0.5705391124436379,0.5705391124068799,0.5705391097301825,0.5705391096959809,0.5705391071306182,0.5705391071221246,0.5705391054128462,0.5705391053906251,0.5705391032200061,0.5705391031286221,0.5705391015609509,0.5705391015508329,0.5705391045522569,0.5705391045415891,0.5705391026529043,0.5705391047200387,0.5705391047250966
191,0.5811988916892405,0.5747406801533314,0.5747406548891786,0.5747406362035545,0.5747406157279481,0.5747405964919508,0.574740571217234,0.5747405738152929,0.5747405687519541,0.5747405484251353,0.574740538052374,0.5747405474609321,0.574740558547689,0.5747405503877165,0.5747405437406805,0.5747405839090645,0.5747405776675844,0.5747405516619586,0.5747405556012355,0.5747405529443648,0.5747405860366809,0.5747405920074616,0.5747405901284013,0.5747405848775112,0.5747406948027792,0.5747406951514766,0.5747407003989562,0.5747407414659712,0.5747407920581749,0.5747407932891402,0.5747407914684894,0.5747407896720264,0.574740790770155,0.574740788734328,0.5747408522076864,0.5747408529076851,0.5747408527858408,0.5747408528903973,0.5747408503832202,0.5747408502907847,0.5747408517684739,0.5747408517681524,0.5747408519272574,0.5747408516493097,0.5747408612738829,0.5747408610708661,0.5747408608449451,0.574740861739001,0.5747408616085916,0.574740862474314,0.5747408658700114,0.5747408662209734,0.5747408654946824,0.5747408946192744,0.5747408945675684,0.5786284890286986,0.5786284866863018,0.578628478846887,0.5786284763721152,0.5786284726993409,0.5786284508182598,0.5786284436030525,0.5786282532843511,0.5786282492873313,0.5786282458419469,0.5786282531003453,0.5786282451455697,0.5786282449830644,0.5786282413167793,0.5786288223574564,0.5786288209835087,0.5786288160208941,0.5786288131722321,0.5786288082790513,0.5786288069892893,0.5786288014943867,0.5786288144988263,0.5786288132200218,0.5786288126157905,0.5786288115014155,0.5786288104564971,0.5786288104364118,0.5786288052061194,0.578628806262681,0.5786288178622147,0.5786288167219853,0.5786288108286181,0.5786288096855025,0.5786288039647058,0.5786288031719087,0.5786287991177254,0.578628798148678,0.5786287929045361,0.5786287929858044,0.5786287891886045,0.5786287881219162,0.5692127809884389,0.5692127822610651,0.5692128107327268,0.5692128084821927,0.5692128129938628
192,0.6000101938474119,0.5804457431812128,0.5804457769777057,0.580445804071055,0.5804458351087018,0.5804458651098252,0.5804459051242212,0.5804458985339404,0.5804459132687179,0.5804459419756374,0.5804459713207242,0.5839672124133573,0.5839671778417371,0.5839672071526862,0.5839672291117569,0.5839672565515464,0.5839672859820793,0.5839673188659431,0.5839673027960773,0.5839673155444369,0.583967256667677,0.5839672371483666,0.5839672477971437,0.5839672712068295,0.5839668609087485,0.5839668625511026,0.5839668483498553,0.5764990993997469,0.5764989391200334,0.576498933300344,0.5764989427854552,0.5764989521711306,0.5764989471255014,0.5764989489968482,0.5764989560301021,0.5764989435286905,0.5764989519829886,0.5764989580117114,0.5764989649556699,0.5764989730523525,0.5764989577769397,0.5764989628431448,0.5764989676152622,0.5764989755961551,0.5764986039420612,0.5764986043110546,0.5764986047041876,0.5764986109815732,0.5764986112130246,0.5764986098343966,0.57649860887452,0.576498608340172,0.576498609292233,0.600629814810794,0.6006297939142646,0.6006296866153632,0.6006296656066891,0.6006295709314764,0.6006295498082006,0.6006295302649975,0.6006293511791725,0.6006293327593357,0.6006293275768149,0.600629307870192,0.6006292889556147,0.6006293206429817,0.6006293267470405,0.6006293228898189,0.6006293049532736,0.6006321801390601,0.6006321741236572,0.6006321625372648,0.6006321576382473,0.6006321450416969,0.60063213933671,0.6006321258023288,0.6006321618484683,0.6006321562268098,0.6006321606161177,0.6006321554748636,0.6006321503939046,0.6006321497754089,0.6006321366304163,0.6006321433958031,0.6006321715927575,0.6006321668561294,0.600721751690725,0.6007217469584103,0.600721733911972,0.600721730905169,0.6007217210939989,0.6007217168852005,0.6007217040224617,0.6007217021950468,0.6007216147847402,0.6007216095720189,0.6007216012578757,0.600721599945399,0.6007215852506538,0.6007215610723421,0.6007215561021283
193,0.6109454738922754,0.5957475936826795,0.5957475836783689,0.5957475818980835,0.5957475840299463,0.5957475887364589,0.5957475980256994,0.5957475948310917,0.5957476016182094,0.595747608259921,0.5957476219281101,0.6077011527649924,0.6077011626586962,0.607701155636967,0.6077011503915108,0.6077011295694432,0.6077011232032647,0.6077010984593111,0.6077011033204512,0.6077011007623613,0.6077011353984716,0.6077011442584753,0.6077011430099606,0.6077011373238789,0.6077005912035351,0.6077005902408346,0.6077006189055136,0.599248859924186,0.5992490096921752,0.5992490128636574,0.5992490077663988,0.5992490027135514,0.5992490054683864,0.5992490001554238,0.5992489961689003,0.5992490029704903,0.599248998408272,0.5992489952132802,0.5992489848098081,0.5992489804767328,0.5992489889374838,0.5992489862563194,0.5992489837496392,0.5992489794566669,0.5782012464168431,0.5782012713697329,0.578201297108131,0.5782012537661201,0.5782012676182725,0.578201229271564,0.5782010786682309,0.578201069403901,0.5782010900584665,0.5782005963086959,0.5782006134476229,0.5782006653888797,0.5782006825168423,0.5782007402575194,0.5782007574467258,0.5782007729217544,0.5782008813434923,0.5782008948339452,0.578200890196255,0.5782009062711991,0.5782009218323992,0.5782008962444002,0.5782008887680972,0.5782008921184622,0.5782009067417814,0.5781990432859421,0.5781990480369565,0.5781990537876481,0.5781990571299316,0.5781990641329099,0.5781990686528984,0.5781990760852768,0.5781990542804695,0.5781990587279,0.5781990625457002,0.5781990666479541,0.578199070716565,0.5781990712385128,0.578199078309374,0.5781987983169016,0.5781987908662557,0.5779408482199249,0.5779408513192095,0.5779408523290671,0.577940855572526,0.5779408563801018,0.5779408588280047,0.5779408597066504,0.5779408629817829,0.5779408630954909,0.5779408647298522,0.577940865707777,0.5779408689335009,0.5779408692201277,0.5779408727009941,0.5779408795798534,0.5779408805096713
194,0.6190399153971103,0.6058828543955881,0.6058828241784393,0.6058828081294966,0.6058827951920481,0.6058827861735506,0.6058827780511497,0.6058827772719523,0.6058827787245901,0.6058827728977085,0.6058827759082547,0.6216519407169429,0.6216519748710774,0.6216519514485308,0.6216519313890656,0.6216518499330526,0.6216518241443708,0.621651721926683,0.6216517382274778,0.6216517273551607,0.621651858938912,0.621651883457862,0.6216518757874689,0.6216518542588662,0.6185813261726839,0.6185813249718987,0.6185813649739198,0.6185810164186691,0.6185817007811787,0.6185817142399288,0.6185816924437537,0.618581670857608,0.618581682525709,0.6185816610931087,0.6185816443534231,0.6185816732334521,0.6185816537630963,0.618581640002322,0.6185815961698601,0.6185815776035737,0.618581613195393,0.6185816016384658,0.6185815907881295,0.6185815724406087,0.6185808122622094,0.6185807850210301,0.6185807563197935,0.6148618750054681,0.6148618590727842,0.6148619024711843,0.614861974817977,0.6148619851411516,0.61486196193272,0.6148623514818288,0.6148623323477935,0.6148623026435859,0.6148622835885813,0.614862250210797,0.6148622311108268,0.6148622142024291,0.6148621514751101,0.6148621373386174,0.6148621464032906,0.6148621285047178,0.614862111087046,0.6148621393810019,0.614862149066101,0.6148621451724521,0.6148621288984158,0.6148636427552189,0.6148636373468509,0.6148636291625155,0.6148636256914862,0.6148636165843034,0.6148636114696522,0.6148636019842132,0.6148636289426903,0.6148636238963731,0.6072039856867489,0.6072039826542461,0.6072039796285124,0.6072039791833009,0.6072039734269199,0.6072037699107848,0.6072037871437267,0.607203782576301,0.6072037740195351,0.6072037690706287,0.6072037604921092,0.607203757554425,0.6072037509697363,0.6072037465208632,0.6072037381900134,0.6072037356111476,0.6072037288944189,0.6072037240250086,0.607203724331573,0.6072037231773454,0.6072037149401851,0.6072037223036149,0.6072037176686511
195,0.6189520293390598,0.6133318047387403,0.61333176433545,0.6133317404401204,0.61333171874088,0.6133317013801565,0.6133316823278201,0.613331683271214,0.613331680717684,0.6133316671190602,0.6133316622103603,0.6254358701935399,0.6254359000844604,0.6254358762208929,0.6254358585120556,0.6254358206581269,0.6254357977596219,0.6254357530189913,0.6254357672540904,0.6254357575755992,0.6254358278701175,0.6254358488220942,0.6254358418355503,0.6254358228406425,0.6100296016691085,0.6100296043032555,0.6100295923248868,0.6100293756418327,0.610029411096434,0.610029410181081,0.6100294120619789,0.6100294139334097,0.6100294131971742,0.6100294097935902,0.6100294112091706,0.6100294092206794,0.6100294109644463,0.6100294125694837,0.610029407818717,0.6100294096327893,0.610029408174374,0.6100294094202873,0.6100294108171296,0.6100294123494889,0.6100290014220547,0.6100289965802462,0.6100289882986494,0.5954785749780642,0.5954785849893129,0.59547855819748,0.5954785434752499,0.5954785372340398,0.5954785514499199,0.5954783695511437,0.5954783816272764,0.5954783896598753,0.5954784016338114,0.595478412374381,0.5954784243555934,0.5954784347542285,0.5954784545160505,0.5954784627609949,0.5954784546524975,0.5954784659081256,0.5954784769391956,0.5954784593241208,0.5954784523637572,0.5954784549446823,0.5954784651723375,0.595477829263689,0.5954778324412711,0.5954778326944297,0.5954778345322725,0.5954778360535665,0.5954778390872844,0.5954778290675437,0.5954778221546553,0.595477825007157,0.5954775282362478,0.5954775276137921,0.595477526979644,0.5954775268423765,0.5961846755990529,0.5961846786033287,0.5961846792506417,0.5961846789798306,0.5961846785324052,0.5961846782448841,0.5961846778610552,0.5961846779304983,0.5961846776727903,0.5961846774020279,0.596184677147768,0.5961846768023594,0.596184676453185,0.5961846761680211,0.5961846773442357,0.596184677334967,0.5961846772119773,0.596184680310102,0.5961846800392339
196,0.6326682216512833,0.621044458554764,0.621044411402368,0.6210443815029199,0.6210443525222304,0.6210443278819172,0.6210442988374558,0.6210443016949005,0.6210442949831823,0.6210442743518467,0.6210442611118692,0.6293292009388324,0.6293292265805115,0.6293292059115894,0.6293291906331436,0.6293291607523951,0.629329140902963,0.629329106333282,0.6293291185243247,0.6293291101276461,0.6293291663941339,0.629329184032282,0.6293291778717464,0.6293291614880824,0.6030279430173527,0.6030279490922222,0.6030278918901576,0.6030277493222174,0.6030273581760294,0.6030273440682496,0.60302736774626,0.6030273912143073,0.6030273791007755,0.6030273880071356,0.6030274061365937,0.6030273758145561,0.6030273970965123,0.6030274129087019,0.6030274363676221,0.6030274569729257,0.6030274216656333,0.6030274347365717,0.6030274474771571,0.6030274673020557,0.6030273037413224,0.6030273195620556,0.6030170979318673,0.6030165178432493,0.6030165208608569,0.6030165125155286,0.6030165065650561,0.6030165045420033,0.6030165090200046,0.6030164558282681,0.6030164594243407,0.6030164631191046,0.6030164667139526,0.6030164702781763,0.603016473888628,0.603016477128339,0.6030164842938253,0.6030164870862484,0.6030164856639767,0.6030164890393809,0.6030164923030752,0.6030164869160787,0.6030164852331725,0.6030164859289054,0.6030164890005836,0.6030162960889074,0.6030162970162309,0.6030162964935822,0.603016297137377,0.6030162971093911,0.6030162980003085,0.6023457360794325,0.6023457362698442,0.60234573637329,0.6023457392436852,0.6023457393312185,0.6023457394089453,0.6023457393845674,0.6023457884054872,0.6023457883699205,0.6023457874133981,0.6023457879935605,0.6023457883406154,0.6023457889475082,0.6023457893270318,0.6023457900034991,0.6023457903733894,0.6023457909145778,0.6023457913889076,0.6023457915996744,0.6023457919806973,0.6023457925810656,0.6023457930886097,0.6023457932973995,0.6023457938249338,0.6023457941266113,0.6023457947010304
197,0.6347074074869458,0.6333247183954349,0.6333246682020756,0.6333246329689367,0.6333245959766505,0.633324562345699,0.6333245200095283,0.6333245258209178,0.6333245123284111,0.6333244823153762,0.6333244556350492,0.6354783275084357,0.6354783461882764,0.6354783308254065,0.6354783194007894,0.6354783004141746,0.6354782853625345,0.6354782636621473,0.6354782724865741,0.635478266056809,0.6354783028949695,0.635478314840152,0.6354783098458283,0.635478297619451,0.6285662410243545,0.6285662394366404,0.6285662543962883,0.6285662890787056,0.628567368201701,0.6285673572005508,0.6285673759180553,0.628567394474417,0.6285673850625313,0.6285673888572407,0.6285674031713846,0.6285673795047804,0.6285673963566178,0.6285674091034714,0.6285674223887672,0.628567438801807,0.6285674118695133,0.6285674223541393,0.6285674327009764,0.6285674483428725,0.6285673220749857,0.6285673345707612,0.6284632665144162,0.6284632440656689,0.6284632468911737,0.6284632398566271,0.6284632407199623,0.6284632392403479,0.628463242886672,0.6284631956930669,0.6284631991809907,0.6284631982281734,0.6284632016318143,0.628463203042596,0.6284632064232123,0.6284632091568396,0.6284632107640961,0.6284632125116936,0.6284632083108809,0.6284632115184258,0.6284632147474571,0.6284632099396942,0.6284632072058572,0.6284632080916359,0.6284632109978395,0.6284631525687833,0.6284631533083561,0.6284631499707022,0.6284631502044052,0.6284631477214001,0.6284631484513599,0.628463088834833,0.6284630956183266,0.628463095695141,0.6284630943427255,0.6284630944308159,0.628463094516736,0.6284630945436317,0.6284630911122608,0.6284630907038397,0.628463097955006,0.6284630980047768,0.6284630940402506,0.6284630941101413,0.6284630902965509,0.6220444974459645,0.6220444995784298,0.62204450188672,0.6220445044913778,0.6220445058806543,0.622044508186765,0.6220445107155309,0.6220445101229828,0.6220445107079555,0.622044513232881,0.6220445083365419,0.6220445107503625
198,0.6354489649083367,0.6376348520035701,0.6376323724973167,0.6376308310791879,0.637629382868052,0.637628194188664,0.6376268549897023,0.6376268620025973,0.6376268457228434,0.637625777858978,0.6376257458133816,0.6376271812989075,0.6376271983672673,0.637627318082499,0.6376273074964711,0.6376261018311745,0.6376260879020821,0.637624822326195,0.6376248301391849,0.6376248242318959,0.6376260955279758,0.6376261056423904,0.6376261008403173,0.6376260896764432,0.6376324576986843,0.6376324530159279,0.6376324956706795,0.6376356985043297,0.6487587068487306,0.6487587065134136,0.648758707090893,0.6487587076638724,0.6487587073773051,0.6487587071353346,0.6487587075766174,0.6487587068554378,0.6487587073765088,0.6487587077782206,0.6487587076476667,0.6487587081568902,0.6487587073592005,0.648758707686575,0.648758708013333,0.6487587084930259,0.6487587055352682,0.6487587059215518,0.6487587013573043,0.6487586999667456,0.6487587001307867,0.6487586997130181,0.6487587006239725,0.6487587005355144,0.6487587007474285,0.6487587012392417,0.6487587014453486,0.6487587009377391,0.6487587011387838,0.6487587007131507,0.6487587009128066,0.6487587010732196,0.6487587003357156,0.6487587004333379,0.6487587001555731,0.648758700343874,0.6487587005334989,0.648758700248007,0.6487587000839337,0.6487587001335756,0.6487587003046263,0.6487587737796271,0.6487587736900877,0.6487587704263617,0.6487587703650122,0.64875876763568,0.6487587675742335,0.6487587644136218,0.6487587704968695,0.6487587704256198,0.6487587704083307,0.6487587703504986,0.6487587702869931,0.6487587702709937,0.6487587671624283,0.6487587672156606,0.6487587734494176,0.648758773378995,0.6487587699538444,0.6487587698918783,0.6487587665964974,0.6487586863297976,0.6487586834331864,0.6487586826553656,0.6487586789898252,0.6487586785226838,0.6487586757544264,0.6487586749162154,0.6487586750662085,0.640483649043027,0.6404836527009956,0.6404836456076838,0.6404836491046161
199,0.5286329792781101,0.5265924708019452,0.5250308555445108,0.525030712828857,0.5312536235253338,0.5312536175339999,0.531253609877846,0.5312534573623592,0.5312534507640728,0.5312534377934823,0.531253424870762,0.5312534546892844,0.531253242880966,0.5312532216120781,0.5312532056205822,0.5312531851329819,0.5312531636569023,0.5312531406266101,0.5312531523296017,0.5312531430432714,0.5312529108170407,0.531252932192633,0.5312529204303648,0.5312528946486491,0.531253155818054,0.5312531530652971,0.5312528982160737,0.5312529690351768,0.5312531815034027,0.5312531896224921,0.53125317585724,0.5312531622109546,0.531253169163661,0.5312531657485112,0.5312531552164624,0.5312531726777687,0.5312531602887017,0.5312531509594054,0.5312531403482951,0.5312531283006973,0.5312531482896805,0.5312531406081661,0.5312531330493445,0.5312531215411742,0.5312532174184095,0.5312532082264858,0.5312531987531252,0.5312532344531553,0.5312530528110005,0.5312530709116579,0.531253073787376,0.5312530778860115,0.531253068357083,0.5312531852915878,0.5312531768822829,0.5312531746819433,0.531253166388552,0.5312531610861096,0.5312531528074739,0.5312531457876795,0.5312531369510444,0.5312531317376997,0.5312531390161089,0.5312531312142976,0.5312531235005106,0.5312531355450246,0.5312531410188188,0.5312531391104048,0.5312531320278596,0.5312535440551768,0.5312535418011092,0.5312535404837258,0.5312535393499309,0.5312535373719821,0.5312535352309632,0.5312535336693065,0.5312535407109187,0.5312535386031992,0.5312535432110012,0.5312535412486658,0.5312535392879544,0.5312535389845837,0.5312535371249122,0.5312535399775613,0.5312535440421537,0.531253542249426,0.5312535403163445,0.5312535384307941,0.5312535365040945,0.5312535353988245,0.5312535338263932,0.5312535321248515,0.5312535302041848,0.5312535291801388,0.5312535274796664,0.5312535256157128,0.5312535260523948,0.5312535256177267,0.5312535237557477,0.5312535273650738,0.5312535255857607
200,0.5297599545112889,0.5299361447538843,0.5268371669546394,0.5268370980308485,0.5285571446250579,0.5285571643316903,0.528557147686919,0.5227575078824592,0.5227575138110945,0.5227574886113997,0.5227574945342254,0.5227574771336966,0.5227574856326113,0.5227574901145015,0.5227574949042526,0.5227575027336061,0.5227575091295594,0.5239829497358829,0.5239829522046618,0.5239829527385651,0.5239829154946463,0.5239829279421955,0.5239829342115673,0.523982931327955,0.5239829259705824,0.5239829292378813,0.5239829401874715,0.5239829368698974,0.5239829462475835,0.5239829476401338,0.5239829466601165,0.5239829456818422,0.5239829478977683,0.5239829478998141,0.5239829471137075,0.5239829507659877,0.5239829498764117,0.5239829497218443,0.5239829488880119,0.5239829482095755,0.5239827573492134,0.5239827556319228,0.5239827530058656,0.5239827478329364,0.523982784006514,0.5239827801272633,0.5239827758802603,0.5239827914540194,0.5239827892582861,0.5239827994932258,0.5239828007260556,0.523982847585426,0.5239828445985979,0.5239828735201718,0.523982871265274,0.5239828699491113,0.5239828677020018,0.5239828664488142,0.5239828641414399,0.5239828620557366,0.5239102856416342,0.5239102845040932,0.5239102848506054,0.523910259773235,0.5239102585355014,0.5239102627627885,0.5239102634642243,0.5239102636482365,0.5239102624093432,0.5239103250101378,0.523910324525163,0.5239103234655947,0.5239103231112621,0.5239103219111435,0.5239103214533894,0.5239103202431658,0.5239103268099808,0.5239103263660235,0.523910327172144,0.5239103267957977,0.5239103264017545,0.5239103266700723,0.5239103255194383,0.5239103260763426,0.5239103290036461,0.5239103286222636,0.5239103273570211,0.5239103269681746,0.5239103257838209,0.5239103255443783,0.5239103247283653,0.5239103246536507,0.5239103236475183,0.5239103235669631,0.5239103228187056,0.5239103224492797,0.523910322363878,0.5239103222717976,0.5239103213881763,0.5239103218081338,0.5239103214595805
201,0.5310956783469395,0.5321121824271038,0.528840842599384,0.5288408017719777,0.5288408026340845,0.5303017449277718,0.5303017368481348,0.5303016141199103,0.5303016131445575,0.5283231641837026,0.5283231648829286,0.5283231647129164,0.5283231665184726,0.5283231671212768,0.5283231677621987,0.5283231656970917,0.5283231667791561,0.5283231921060006,0.5283231921592323,0.5283231934840786,0.5283231982995993,0.5283230528353595,0.5240022603920778,0.524002270713861,0.5240015535126183,0.5240015721427161,0.5240015775873084,0.5240014225448996,0.5240011115862049,0.5240011113036211,0.5240011151318655,0.5240011188995213,0.5240011203306361,0.524001134749471,0.5240011375405761,0.5240011379315743,0.5240011413376326,0.5240011459403788,0.5240011679699637,0.5240011719883544,0.5240012310984323,0.5240010287530312,0.52400103232312,0.5240010328978102,0.5240009651317533,0.5240836873943477,0.5240836887852606,0.5240836821214594,0.524083682836779,0.5240837119307431,0.5240836930984716,0.5240837019865595,0.5240837017763572,0.5240836108249299,0.5240836120123022,0.5240836172389337,0.5240836183578117,0.5240836287878172,0.5240836296340948,0.524083629913527,0.5240836457630272,0.5240836452774643,0.5240836424688664,0.524083643932938,0.5240836455658491,0.5240836477122877,0.524083646121464,0.5240836482293985,0.524083649758028,0.524083476295534,0.524083476503963,0.5240834769299483,0.5240834767261566,0.5240834765538547,0.5240834767330209,0.5240834764750658,0.5240834800757239,0.5240834802802884,0.5240834793913293,0.5240834796980931,0.5240834799424918,0.5240834805814163,0.5240834805123471,0.5240834801242101,0.5240834823130648,0.5240834824830906,0.5240834823416022,0.5240834826402615,0.5240834826410262,0.5240834827320114,0.5240834828674074,0.5240834817522732,0.5240834819437076,0.5240834824252575,0.5240834826994325,0.5240834829016855,0.5240834823847487,0.5240834824247594,0.5240834827935561,0.524083481597887,0.524083481793117
202,0.5354661202930918,0.5348540272955475,0.532878889633034,0.5328787868815473,0.5328787191547735,0.5388860811653442,0.5388860673438343,0.5388860516394712,0.5388860484443702,0.5381097138098606,0.5381096465402827,0.5381096714757911,0.5381096796998627,0.5381096725725916,0.5381096665570813,0.5381096552229453,0.538109646723075,0.5381096339315918,0.5381096377704158,0.5381096339872854,0.5381096503403446,0.535422373723131,0.5354223801981309,0.5354223745606225,0.5354223906308953,0.5354222604547002,0.5354222733322331,0.5354222882835755,0.5354223578850708,0.5354223606779432,0.5354223566761429,0.5354223526995043,0.5354223553966934,0.5354223529856614,0.5354223498870291,0.5354223560585989,0.5354223524473526,0.5354223502373177,0.5335072966029482,0.5335072955977339,0.5335072990446046,0.533507298938703,0.5335072984493129,0.5335072974495269,0.5335073073357077,0.5335073065767237,0.5335073057453644,0.5335073087806005,0.5335073083330457,0.5335073130748726,0.5335072461386168,0.5335072471354808,0.5335072455068719,0.5335072701462047,0.5335072687970899,0.5335072675825682,0.5335072662470344,0.5335072645763191,0.5335072632268341,0.5335072620520804,0.5335072591543076,0.5335072582378108,0.5335072592832321,0.5335072580484836,0.533507256846048,0.5335072589487776,0.5335072597671765,0.5335072595822634,0.5335073000513237,0.5335075131567065,0.5335075126128427,0.5335074597089934,0.5335074591255307,0.5335074523560768,0.5316580993304839,0.5316580998315088,0.5316580975717817,0.5316580982485483,0.5316580967690596,0.5316580973991369,0.5316580980286817,0.5316580981260606,0.5316580987227714,0.5316580978068333,0.5316580965025761,0.5316580970782171,0.5316580976984367,0.5316580983038659,0.5316580989220518,0.5316580992769174,0.5316580997814907,0.5316581003277963,0.5316581009440918,0.5316581012729393,0.5316581018185598,0.5316581024170745,0.5316581022768094,0.5316581024163618,0.5316581030138264,0.5316581018550075,0.5316581024262577
203,0.536379808130735,0.5366118613995638,0.5354733182835631,0.5354732308960573,0.5354731672807336,0.5396501630479834,0.5396501439104948,0.5396501441445704,0.5396501430161652,0.5396500780329323,0.5370400446988114,0.5370400449693052,0.5370400421419168,0.5370400442980041,0.5370400452193621,0.5370400430640717,0.5370400436430995,0.5370400412271098,0.537040039936558,0.5370400401567449,0.5370400376981669,0.5370399478848408,0.537039945040661,0.5370399401745021,0.5370399906006419,0.5337629447766605,0.533762943915485,0.5337629057407499,0.5337628376452312,0.5337628371070878,0.5337628395144945,0.5337628418612478,0.5337628418803058,0.5337628435862554,0.5337628452965523,0.53376284434112,0.5337628464554021,0.533762850317552,0.5337628548799765,0.5337628576434373,0.5337628657833527,0.5337628700092739,0.5337628751511,0.533679426471028,0.5336794254325455,0.533679425532124,0.5336794256346032,0.5336794252482344,0.533679425303323,0.5336794251600662,0.5336794251282625,0.5336794250959374,0.5336794251714119,0.5336794242438305,0.5336794243105664,0.5336794243279224,0.5336794243931722,0.5336794244351826,0.5336794245008535,0.5336794245565035,0.5336794246265232,0.5336794246677339,0.5336794246099046,0.5336794246718188,0.5336794247330372,0.5336794246376091,0.5336794245942095,0.5336794246159056,0.5336794246722559,0.5336794214061555,0.53367942142419,0.5336794214343265,0.5336794214433865,0.5336794214588353,0.5336794214759503,0.5336794214881097,0.5336794214325897,0.5336794214494338,0.5336794214125963,0.5336794214282838,0.5336794214439357,0.5336794214462979,0.5336794214608924,0.5336794214380768,0.5336797577254959,0.5336797611662262,0.5336797648745268,0.5336797684933775,0.533679772189541,0.533679774310685,0.5336798243961188,0.5336798280917977,0.5336798322619665,0.5336798344862111,0.5336798381784934,0.533679842227024,0.5336798412785033,0.5336798422224592,0.5336798462652165,0.5336798384258096,0.5336798422905026
204,0.5385151888094618,0.5384061840711665,0.5381260906799995,0.538126063457307,0.5381260429251938,0.539151407156162,0.5391514031207965,0.5391514053895248,0.5391514073572155,0.5391513941622991,0.5380805085575617,0.538080501453178,0.5380805015691976,0.5380805019289355,0.5380805036544727,0.5380805034310729,0.5380805381022882,0.5380805407916125,0.5380805403670459,0.5380805425299703,0.5380805437724026,0.5380805533270852,0.5380805575972324,0.5380116844990374,0.538011656610133,0.5380116708243803,0.5380116734373693,0.5380116662000924,0.5380116697310358,0.5380116701730875,0.5380116706941035,0.5380116711292634,0.5380116718180912,0.5380116708892572,0.5380116710891247,0.5380116721312743,0.5380116724888332,0.5380116333235305,0.5380116313603686,0.5380116320564868,0.5380116399851044,0.538011641018578,0.5349008331213018,0.5349008370742523,0.5349006996350015,0.5349007032721338,0.5349007066441209,0.5349006908009631,0.5349006925075526,0.5349007016320898,0.5349006805042243,0.5349006839593343,0.5349006824168058,0.5349005561306122,0.5349005592638115,0.5349005639452995,0.5349005607375111,0.5349005765154421,0.534900578250634,0.5349005786181968,0.5349005976062181,0.534900596156177,0.5349005894893691,0.5349005917798955,0.5349006004785534,0.5349006000354186,0.5349005962060412,0.5349006113705064,0.5349006133926983,0.5349004534052987,0.5349004539849203,0.5349004560504141,0.5349004555400643,0.534900456888747,0.5349004574401466,0.5349004589135965,0.5349004567410748,0.5349004572890388,0.5349004551133582,0.5349004819136963,0.5349004828017544,0.5349004833827234,0.534900485446896,0.5349004841475281,0.5349004852274162,0.5349004858815588,0.5349004878745536,0.5349004885862767,0.53490049097133,0.5349004913481767,0.5349004934220752,0.5349004942480432,0.5349004968892757,0.5349004986377675,0.5349005009915403,0.5349005018736909,0.5349005005861832,0.5349005007640273,0.5349005038942583,0.5349005004850504,0.5349005012914887
205,0.5411852166853526,0.5407262874952193,0.54072627023117,0.5407262667978667,0.5407262646754614,0.5407263048470342,0.5407263090591595,0.5407263135055103,0.5407263173031325,0.5407263247542035,0.5407262775113388,0.5407262624883212,0.5407262660314344,0.5407262538055372,0.5407262557742554,0.5407262548927433,0.5416392897765596,0.5416392883573096,0.5416392902951762,0.5416392901987097,0.5416392983796853,0.5416393089749033,0.541639310832924,0.5416393081110824,0.541639313974923,0.5416393210297991,0.5416393244797459,0.5416393262794915,0.5416393551056637,0.5416393558179049,0.5416393555702079,0.5416393552245151,0.5416393560375048,0.5416393537541294,0.5416393533654508,0.5416393549473332,0.5416393545940172,0.5396944449475919,0.5396944517365929,0.539694468036932,0.5396944778751431,0.5396944811669385,0.5396944981797304,0.5396944993203878,0.5396944563095928,0.5396944575092931,0.5396944585125887,0.5396944521126861,0.5396944525788413,0.5396944594177845,0.539694457269345,0.5396944599613617,0.5396944566701752,0.5396944203330207,0.5396944219401737,0.5396944205974926,0.5396944218026065,0.5396944286234161,0.5396944139164709,0.5396944129943946,0.5396944161144791,0.5396944139267914,0.5396944093507299,0.5396944099838347,0.5411223205118924,0.5411223228639127,0.5411223239326349,0.5411223235603251,0.541122322177315,0.5411224026602077,0.541122402220519,0.5411224019635983,0.5411224017424335,0.541122401356653,0.5411224009390174,0.5411224006344874,0.5411224020076927,0.5411224015965458,0.5411224024953825,0.5411224021126473,0.5411224017301087,0.5411224016709106,0.5411224013083004,0.5411224018647506,0.5411224026575548,0.5411224023077933,0.5411224019307845,0.5411224015629552,0.5411224011872534,0.5411224009716559,0.541122400664965,0.5411224003331251,0.5411223999585365,0.5411223997588513,0.5411223994272013,0.5411223990635678,0.5411223991487206,0.5411223990639462,0.5411223987009184,0.5411223994048913,0.5411223990578166
206,0.5447863249501279,0.5446749605857749,0.544674984410419,0.5446750041104337,0.5446750260754881,0.5446750497624757,0.5446750793315108,0.5446750843629977,0.544675087373972,0.5446751188387575,0.5446751185785316,0.5446750742016191,0.5446750777893364,0.5446750681347718,0.5446750707457898,0.5446750987559591,0.5446752097445996,0.5446752620951957,0.5446752632574366,0.5446752670491973,0.5446752276829253,0.5446752500848571,0.5446752586126427,0.5446752618485435,0.5446750480703106,0.5446750650380058,0.544675069152309,0.5446750201882022,0.5446749415260289,0.5446749422109716,0.5446749401720969,0.5446749420223505,0.5446749432948995,0.544674947520097,0.5446749481728973,0.544674949973862,0.5446749513066952,0.5446749648520194,0.5446749723603589,0.5446750493383679,0.5446750598401343,0.5446750633342355,0.5446750728052722,0.5446750741314307,0.5446750135629796,0.5446750149153577,0.5446750160720119,0.5446750075428511,0.5446750080674614,0.5446750147047161,0.5446750086020876,0.5446750116099168,0.5446750022947437,0.5446749492177744,0.5446749632432802,0.5446749611691233,0.5446749624670557,0.5446749768739128,0.5446749795097768,0.5446749777208716,0.5446749833588356,0.5446749794207734,0.5446749714564635,0.5446749725731344,0.5446749777900369,0.5446749784788053,0.5446749741112576,0.5446749778666716,0.5446749788150075,0.5446750621644646,0.5446750621857821,0.5446750580694908,0.5446750567606703,0.5446750530202448,0.5446750530684249,0.5446750488193596,0.5446750581612133,0.5446687132123117,0.5446687132068578,0.5446687132091876,0.5446687132115119,0.5446687132118493,0.5446687132139252,0.544668713210577,0.544668713206138,0.5446687132082753,0.544668713210362,0.5446687132125325,0.5446687132146993,0.5446687132159584,0.5446687132176989,0.5446687132196868,0.5446687132218373,0.5446687132232081,0.5446687132250865,0.5446687132272873,0.5446687132267019,0.5446687132272475,0.5446687132293118,0.5446687132249931,0.5446687132273923
207,0.5490384046208285,0.5502302725782542,0.5502302404278737,0.5502302211640735,0.5502302034171714,0.5502301887681892,0.5502301723944617,0.55023017242077,0.5502301720734246,0.55023015878595,0.5502301584018895,0.5502301723350633,0.5502301728835146,0.5514609167880733,0.5514609151612332,0.5514609030808704,0.5514608996340465,0.551460886724052,0.5514608901033854,0.5514608902305345,0.5514609142977596,0.5514609280811315,0.5514609308343084,0.5514609288682614,0.5514609645074305,0.5514609716687946,0.5514609773225362,0.5514609878073038,0.5514610651754613,0.5514610664039418,0.5506839306006396,0.5506839410404973,0.5506839423623847,0.5506839433008316,0.5506839435987986,0.550683945660322,0.550683946920562,0.550683953760165,0.5506839552914324,0.5506839617249726,0.550683972150626,0.550683974651967,0.5506839805824137,0.5506839810231312,0.5506839533734156,0.5506839539695565,0.5506839543859376,0.5506839475979236,0.5506839477294675,0.5506839540783458,0.5506839571559509,0.5506839600524598,0.5496487976419757,0.5496487848997936,0.5496488118298666,0.5496488096232046,0.5496488106768611,0.5496488174641899,0.5496488183397763,0.5496488174965762,0.5496488177492453,0.5496488157779361,0.5496488112563613,0.5496488122343697,0.5496488141696516,0.5496488135625529,0.5496488109428638,0.5496488122450516,0.5496488131064826,0.5496488858843265,0.5496488859495202,0.5496488821850812,0.5496488814789394,0.5496488782573982,0.5496488783433113,0.5496488746652571,0.5496488820881392,0.5496488821604579,0.5496488813546667,0.5496488815354672,0.5496488818788279,0.5496488820221794,0.5496488783582838,0.5496488780918678,0.5496488861157776,0.5496488861612765,0.5496488820950495,0.5496488821663632,0.5503409362542262,0.5503409360931489,0.5503409358639532,0.5503409356159341,0.5503409353359452,0.5503409351903278,0.5503409349424597,0.5503409346709193,0.5503409347345082,0.5503409346711831,0.5503409343998541,0.5503409349257271,0.5503409346664687
208,0.5550831286903557,0.555622666036207,0.555622644468251,0.5556226325549549,0.555622622354069,0.555622614843379,0.5556226070369535,0.5556226069559496,0.5556226083844322,0.555622602204724,0.5556226046020223,0.5556226052796993,0.5556226032695051,0.5566016662564687,0.5566016672564678,0.5566017062651659,0.556601713473734,0.5566017113044728,0.5566017117403277,0.5566017141350174,0.5566017225768612,0.5566017325266842,0.5566017371006724,0.5566017393502111,0.556601717745805,0.5566017251656512,0.5566017269971978,0.5566017269637473,0.5566017772888749,0.5566017776176551,0.5566017684722782,0.5578245027393851,0.5578245037283197,0.5578245030297186,0.5578245021426057,0.5578245042880051,0.5578245031241438,0.5578245036913534,0.5578245020339332,0.5578245020216578,0.5578245065792446,0.5578245065175762,0.5578245071733845,0.557824506233351,0.5578245093611676,0.557824508671756,0.5578245079126617,0.557824508767308,0.5578245083333236,0.5578245111905943,0.5578245134523466,0.5578245145026879,0.5578245087809388,0.5578245124594675,0.5578245126313106,0.5578245095305888,0.557824509097817,0.5578246438814141,0.5578246449900053,0.5574047693275103,0.5574047683148861,0.5574047651121437,0.5574047620657667,0.5574047619517347,0.5574047621657768,0.557404762766369,0.557404760952589,0.5574047613584255,0.5574047612401373,0.5574048097681069,0.5574048098636543,0.5574048090161228,0.5574048081733844,0.5574048073576807,0.5574048072802285,0.557404806337811,0.5574048084493858,0.5574048083713689,0.5574048080846818,0.557404808052829,0.5574047850739127,0.5574047850902365,0.5574047839585468,0.55740478431366,0.557404786974252,0.5574047866750941,0.5574047854184259,0.5574047851123245,0.5574047839356573,0.5574047837350987,0.5574047828912256,0.5574047826388083,0.5574047815497026,0.5574047821742701,0.557404781400472,0.5574047811257232,0.5574047805228042,0.5574047804479905,0.5574047794486385,0.5574047788881421,0.5574047786390933
209,0.5589409644754697,0.5594119024864732,0.5594119037239605,0.5594119054378759,0.5594119076731502,0.5594119104434885,0.559411913888413,0.5594119140504301,0.5594119160778922,0.5594119189575845,0.5594119219822885,0.5594119096284751,0.5594119072173802,0.5594119500102032,0.5594119535932274,0.5597324337572084,0.5597324420178268,0.5597324496215658,0.5597324462465677,0.5597324497708193,0.5597324383310843,0.5597324368004787,0.5597324404689771,0.5597324462769787,0.5597323816618197,0.5597323842119127,0.5597323802380799,0.5597323690740713,0.5597323521574875,0.5597323511902874,0.5597323533239126,0.5597323791665549,0.5597323781345857,0.5597323776397204,0.5597323897522098,0.5597323866239433,0.5596400969723198,0.5596400998431369,0.5596401009797,0.5596401039245747,0.5596401034415023,0.5596401054020561,0.5596401079557399,0.5596401100133193,0.5596400863875995,0.5596400880942967,0.5596400898035644,0.559640080619434,0.5596400815077841,0.559640080924999,0.5596400833378924,0.5596400836576234,0.5596400821614691,0.559640062065281,0.5596400636201898,0.5596400591176641,0.5596400602679195,0.5596400647590541,0.5596400658115072,0.5596400114411875,0.559640008673002,0.5580872660478724,0.558087265167188,0.5580872656665202,0.55808726621571,0.5580872655291382,0.5580872651454375,0.5580872653426016,0.5580872657936649,0.5580873135648032,0.5580873145123901,0.5580873116935614,0.5580873121745853,0.5580873098627123,0.5580873098998523,0.5580873073063901,0.5580873123753549,0.5580873124024528,0.5580873122550769,0.558087312294202,0.5580873123619622,0.5580873123727883,0.5580873097096057,0.5580873096438943,0.5580873149766656,0.558087314990501,0.5580873120728993,0.5580873120992014,0.5580873093061367,0.5580873093152547,0.5580873074555287,0.5580873074973854,0.5580873051158932,0.5580873052479871,0.558087303563336,0.5580873036211591,0.5580873034930193,0.5580873034911674,0.5580873012927249,0.5580873009968049,0.5580873010658711
210,0.5692904245933181,0.5681856279781644,0.5681855987703542,0.5681855806927422,0.5681855632046933,0.568185548934533,0.5681855315668174,0.5681855340984321,0.5681855319364443,0.5681855195454953,0.5681855138093181,0.5681855143337556,0.5681855214923608,0.568185534158706,0.5681855314222503,0.5705538995305822,0.570553893831133,0.5705538799183935,0.5705538846660442,0.5705538822396955,0.5705539062543297,0.5705539157599097,0.5705539148145485,0.5705539093254957,0.5705539701788516,0.5705539724680689,0.5705539790738511,0.5705539921929351,0.570554060654101,0.570554062187459,0.5705540603699472,0.570554058624026,0.5705540600673409,0.5705540568438273,0.5721022076883115,0.5721022106957118,0.5721022007608833,0.5721022005003109,0.5721021970816528,0.5721021960334206,0.5721022018682294,0.5721022013348048,0.5721022013606859,0.5721021997198524,0.572102206613234,0.5721022053612304,0.5721022040277316,0.572102204976181,0.5721022042298983,0.5721022078885478,0.5721022127666396,0.572102214038856,0.5721022110655228,0.5721022156411875,0.572102215102347,0.5721022063368363,0.572102205517201,0.5721022054073873,0.5721022044993529,0.5721022022490923,0.5721021959448671,0.5721021882027195,0.5721020070754009,0.572102004326496,0.5721020019492166,0.5721020068209545,0.563903141347683,0.5639031435274736,0.5639031516170229,0.5639026810136697,0.5639026835887433,0.5639026850927104,0.5639026863863591,0.5639026886450852,0.5639026910909506,0.5639026928740272,0.5639026848328904,0.5639026872408234,0.5639026819766367,0.5639026842185086,0.5639026864584551,0.5639026868050224,0.5639026889285758,0.5639026856696862,0.5639026810281622,0.5639026830762676,0.5639026852835112,0.5639026874376367,0.5639026896376761,0.5639026909003125,0.5639026926958832,0.563902694639779,0.5639026968330341,0.5639026980029338,0.5639026999448492,0.5639027020742662,0.5639027015752354,0.5639027020717543,0.5639027041979724,0.5639027000745779,0.5639027021072612
211,0.5784356318636356,0.5746230360251151,0.5746229910044758,0.5746229568747714,0.5746229185555448,0.5746228822237955,0.5746228329661413,0.5746228372760614,0.5746228319986624,0.5746227895169338,0.5746227772278097,0.5746228037806672,0.5746228180743584,0.5746228097529651,0.574622802307386,0.5747177396986575,0.5747177341999034,0.5747176881258618,0.5747176933981816,0.5747176911577329,0.5747177489961958,0.5747177604669403,0.5747177600673709,0.5747177544541906,0.574717893466937,0.5747178967601367,0.574717904220626,0.5747179329378131,0.5747180276368922,0.5747180293604461,0.5747180275431633,0.57471802580133,0.574718027456772,0.5747180243434366,0.5749377907147802,0.5749377919692661,0.5749377924846855,0.5749377938021847,0.574937792516729,0.5749377932647846,0.5749377975554008,0.5749377982729726,0.5749377996649554,0.5749377995797725,0.5749377791961829,0.5749377792086534,0.5749377791679486,0.5749377712881146,0.5749377712157048,0.5749377736712321,0.5749377785602758,0.5749377797548291,0.5749377774455542,0.5749377346605722,0.5749377350147252,0.5749379410899003,0.5749379439447204,0.5749379468234747,0.5749379495564028,0.5749379504358163,0.5749379484134329,0.5749379446893114,0.5738485629278298,0.5738485626586806,0.5738485627449745,0.5738485638787294,0.5738485553623819,0.57384855585849,0.5738485555878928,0.5738487840211498,0.5738487838513152,0.5738487821040748,0.573848780343818,0.5738487786552372,0.5738487784949227,0.5738487763851103,0.5738487807179865,0.5738487805579704,0.5738487788060296,0.5738487787067966,0.5738487786621556,0.5738487787510973,0.5738487769379674,0.5738487767132688,0.573848781000288,0.5738487808338892,0.5738487787279047,0.5738487785849098,0.5738487765312268,0.573848776368672,0.5738487749358441,0.5738487748430783,0.573848772941506,0.5738487733610376,0.5738487720702055,0.5738487719606324,0.5738485869348957,0.5738485865289785,0.5738485820138319,0.5738485731956946,0.5738485716743205
212,0.5944135000366103,0.574390611093264,0.5743904316708701,0.5743902913329662,0.5743901333624438,0.5743899792580536,0.5743897742489952,0.5743897738553551,0.5743897699966921,0.5743895754166131,0.5743895697131308,0.5743897444835101,0.57438974879733,0.5743897683230123,0.5743897640877274,0.5743895337707151,0.574389526918649,0.5743892404560403,0.5743892420769747,0.5743892389758847,0.5743895234049244,0.5743895207316229,0.5743895167527392,0.5743895124178735,0.5743904915549517,0.5743904874911357,0.5743904890858692,0.5743907636255557,0.5743911353421666,0.5743911357861339,0.5743911340077373,0.5743911321806352,0.5743911323773326,0.5743911138867508,0.57439111129483,0.5743911122716296,0.574391110428847,0.5743911081109725,0.5743910767942544,0.5743910746620974,0.5743910731477682,0.5743910715462949,0.574391069362173,0.5743910680252456,0.574391204168774,0.5743912030217062,0.5743912018813442,0.574391218212804,0.574391217656948,0.5743912170045367,0.5743912401432967,0.5743912394009744,0.5743912404791832,0.574391413488718,0.5743914124315836,0.5744407551293912,0.5744407574477334,0.5744407925635348,0.5744407949797937,0.5744407981788703,0.574440867727726,0.5744408730401337,0.5744408947514845,0.5744408969020462,0.5744408986546096,0.5744408945343246,0.5744408997492014,0.5744408996419276,0.5744409016261427,0.5744399919160824,0.5744399926489608,0.5744399958647922,0.5744399976449216,0.5744400009290926,0.5744400016303113,0.5744400056643466,0.5744399969122527,0.5744399976014234,0.5744399996493281,0.5744400002354899,0.5744400007740036,0.5744400007498295,0.5744400042561378,0.5744400040085724,0.5744399962267818,0.5744399968836496,0.5744400007432192,0.5744400013616404,0.5744400053257768,0.5744400058102918,0.5744400087250279,0.5744400092470857,0.5744400132018102,0.574440013028114,0.5744400162338054,0.5744400168199922,0.5744400276069601,0.5744400277865013,0.5744400323663434,0.5747433934424452,0.5747433984178315
213,0.5833581354257207,0.5805125558875169,0.5805125890089605,0.5805126156416915,0.5805126461490049,0.5805126757221196,0.580512715063303,0.5805127087208634,0.5805127235065549,0.5805127517144245,0.5805127809163351,0.584070119878325,0.5840700857934581,0.5840701148178761,0.584070136679661,0.5840701625920933,0.5840701920414059,0.5840702226488884,0.5840702068504476,0.5840702196397926,0.584070163899233,0.5840701453240098,0.5840701561893029,0.584070179475155,0.5840697677940487,0.5840697698870014,0.5840697561888935,0.5765256941982324,0.5765255403744668,0.5765255345953013,0.5765255441480303,0.5765255536060612,0.5765255486173787,0.5765255502644323,0.576525557390302,0.5765255449716539,0.5765255535133238,0.5765255597259563,0.5765255662779919,0.5765255745041579,0.576525559662753,0.576525564847386,0.57652556980834,0.5765255778284923,0.5765251979962059,0.5765251983450839,0.5765251987124153,0.576525203144028,0.5765252033552639,0.5765252023019478,0.5765252025574419,0.5765252021765982,0.57652520288463,0.6009061447612559,0.600906123455176,0.6009059973176314,0.6009059758672735,0.6009058611561462,0.6009058395784178,0.6009058194837097,0.6009056030397378,0.6009055838394762,0.6009055766891689,0.6009055565765675,0.6009055373147107,0.6009055697555153,0.600905575377063,0.6009055715178174,0.6009055532079763,0.6009088656559342,0.6009088594733873,0.6009088463023154,0.6009088411352206,0.6009088270378448,0.6009088211743508,0.6009088058256945,0.6009088455569034,0.6009088397790189,0.6009088437885287,0.600908838512914,0.6009088333015462,0.6009088326779278,0.6009088178572888,0.600908824734396,0.6009088563070575,0.6009088514262138,0.6009896144236743,0.600989609532421,0.6009895945831675,0.6009895914583602,0.6009895802634163,0.6009895759179704,0.6009895611721568,0.6009895593295765,0.6009894635680899,0.6009894581852003,0.6009894489754753,0.6009894476070812,0.6009894306764642,0.6009894036888052,0.6009893985607471
214,0.6134498439194074,0.6006021638112973,0.6006021428013122,0.6006021333969706,0.6006021275149036,0.6006021250643038,0.6006021251857314,0.6006021234402449,0.600602127792805,0.6006021278902135,0.6006021363791266,0.6152990008863916,0.6152990258504238,0.6152990086267788,0.615298994458856,0.6152989359090565,0.6152989180616312,0.6152988448845319,0.6152988569234328,0.6152988494946224,0.6152989453675436,0.6152989648874053,0.6152989601466814,0.6152989448936593,0.6152982972989789,0.6152982962318935,0.6152983394877873,0.6117429003176995,0.6117434372358483,0.6117434485308533,0.6117434303654927,0.6117434123773631,0.6117434221900796,0.6117434058369874,0.6117433918605008,0.6117434160893384,0.6117433998763218,0.6117433885370849,0.6117433546337406,0.6117433392247451,0.6117433693982665,0.6117433598443275,0.6117433509455641,0.6117433356381233,0.6019385832954858,0.6019385769094622,0.6019385703607244,0.6019382307284071,0.601938224098716,0.6019382421854286,0.6019382747203508,0.6019382790330093,0.6019382693685251,0.6019384489840369,0.6019384410257399,0.6019384288138058,0.6019384208879944,0.6019384065723788,0.6019383986266937,0.6019383915943057,0.6019383648007283,0.6019383589449699,0.6019383630648077,0.601938355621353,0.6019383483812973,0.601938360157681,0.6019383642773969,0.6019383626652348,0.6019383558966959,0.6019390639040463,0.6019390615033349,0.601939054899962,0.6019390533840314,0.6019390468972686,0.6019390446498163,0.6019390376175737,0.601939054920093,0.6019390526922914,0.6019388679811309,0.6019388640938867,0.6019388602100764,0.6019388596388158,0.6019388503685974,0.5865345011179013,0.5865344887475268,0.5865344942049241,0.5865345000876789,0.586534505828348,0.5865345116917968,0.5865345150566775,0.586534519842311,0.5865345250225615,0.5865345308677986,0.5865345339855439,0.5865345391610096,0.5865345448358177,0.5865345435062104,0.5865345448294708,0.5865345504960899,0.5865345395076188,0.5865345449246065
215,0.6245361200569729,0.6111120429708025,0.6111120048160948,0.6111119827732773,0.6111119631603862,0.6111119479001053,0.611111931502663,0.611111932199246,0.6111119309429801,0.6111119192491877,0.6111119166273334,0.6243107369904348,0.6243107684924849,0.6243107439651192,0.6243107255783531,0.6243106795779668,0.6243106560083286,0.6243106004877005,0.6243106155555561,0.6243106056443707,0.6243106887310031,0.624310711703545,0.6243107048259172,0.6243106850781162,0.6125547087367305,0.6125547107752435,0.6125547144263833,0.612554462762814,0.6125546686634745,0.6125546720512574,0.6125546670000817,0.6125546620073172,0.612554665009841,0.6125546573887029,0.6125546534810554,0.6125546607249918,0.6125546562771654,0.612554653539324,0.6125546391394454,0.6125546350643856,0.612554645071756,0.6125546426632361,0.6125546406482908,0.6125546363406782,0.6125541242764931,0.6125541128667341,0.6125540986128646,0.5985351400223755,0.598535145804654,0.5985351308351522,0.5985351339067079,0.5985351305624044,0.5985351384084154,0.598535049842553,0.598535056887566,0.5985350562871243,0.5985350632182805,0.5985350656395227,0.5985350725514017,0.5985350783459572,0.5985350817917839,0.5985350859463561,0.598535079097363,0.5985350856205188,0.5985350920946724,0.5985350820821943,0.5985350772232607,0.5985350788625974,0.5985350847820008,0.5985348426730336,0.5985348444310828,0.5985348428322261,0.5985348436402286,0.5985348429986102,0.5985348446869025,0.59853484346001,0.5985348427799714,0.5985348444338089,0.5924722536260817,0.5924722554721041,0.5924722573045196,0.5924722575418464,0.5924722953337369,0.5924722972680825,0.59247229160435,0.5924722936706414,0.5924722962971629,0.592472298470099,0.5924723011894284,0.5924723026109254,0.5924723048310008,0.5924723067829722,0.5924723096227363,0.592472310646404,0.5924723129725729,0.5924723151206275,0.5924723156150133,0.5924723161552067,0.592472319096167,0.5924723172517946,0.5924723193016401
216,0.6114686302162705,0.6144861330156098,0.6144860909994397,0.6144860658283006,0.6144860426189802,0.614486023860221,0.6144860028119655,0.6144860042793712,0.6144860011963944,0.6144859862037132,0.6144859799800563,0.626020119770958,0.626020149333952,0.6260201259087809,0.626020108580731,0.6260200696372107,0.6260200473642993,0.6260200011160044,0.6260200152449809,0.6260200058696324,0.6260200778436679,0.6260200991582753,0.6260200925723899,0.6260200739678836,0.6087241338900246,0.6087241375999127,0.6087241181047529,0.6087239159435055,0.6087238995608716,0.6087238965513628,0.608723902030595,0.6087239074706446,0.6087239049483818,0.6087239024489512,0.6087239066179247,0.6087239001225693,0.608723905109426,0.6087239091977703,0.608723907201425,0.6087239121867669,0.6087239056862078,0.6087239089682318,0.6087239123907278,0.6087239169259141,0.6087235395151918,0.6087235380652682,0.6087235328933778,0.5965199310753225,0.5965199399871902,0.5965199163630409,0.5965199085743117,0.5965199031377203,0.5965199156310967,0.5965197631534639,0.5965197739349212,0.5965197787743614,0.5965197894407794,0.5965197972450219,0.5965198079074943,0.5965198170718595,0.5965198310256632,0.5965198381010602,0.5965198299709514,0.5965198400010765,0.5965198498676432,0.5965198342601429,0.5965198277088192,0.5965198300725871,0.5965198391832265,0.5965193570448465,0.5965193597812156,0.5965193580041148,0.5965193594986261,0.5965193591430881,0.5965193617693025,0.5965193356465731,0.5965193339793917,0.5965193362681284,0.5965190854052569,0.5965190847888279,0.5965190841618085,0.5965190840388249,0.5980961175992623,0.5980961211137027,0.5980961232563415,0.5980961226722221,0.5980961214428367,0.5980961208228859,0.5980961196665155,0.5980961196096409,0.5980961187825503,0.5980961182115722,0.5980961172402971,0.5980961166902135,0.5980961157551616,0.5980961151439717,0.5980961165140133,0.5980961164460559,0.5980961156342222,0.598096119619547,0.5980961190392731
217,0.6337530597400457,0.6276069429891052,0.6276068925527842,0.6276068588077195,0.6276068245687734,0.6276067943694567,0.6276067572327984,0.6276067619002995,0.6276067516691725,0.6276067252858807,0.627606704824608,0.632622782633128,0.6326228048591289,0.6326227869308053,0.6326227737300936,0.6326227482695824,0.6326227311365727,0.6326227017236759,0.6326227123090986,0.6326227050720449,0.632622753403079,0.6326227688209337,0.6326227635537315,0.6326227493916654,0.6166057831011904,0.6166057855885035,0.6166057667009321,0.6166057318874136,0.6166061595308482,0.6166061471333076,0.6166061682130067,0.6166061891100216,0.6166061785025888,0.6166061825182808,0.6166061986389255,0.616606171971829,0.6166061909467992,0.6166062052815509,0.6166062198639577,0.6166062383371818,0.6166062079453042,0.6166062197430264,0.6166062313752175,0.6166062489939048,0.6166061100006274,0.6166061240746152,0.6164626780291178,0.6164625320605492,0.6164625329047849,0.6164625311362244,0.6164625332459818,0.6164625329807129,0.6164625338551841,0.6164625204684071,0.6164625215564745,0.6164625196878458,0.6164625207180964,0.6164625204981927,0.6164625215064605,0.6164625222050389,0.616462520958274,0.6164625211491354,0.6164625188417169,0.6164625198180684,0.6164625208511817,0.6164625195253743,0.6164625182725674,0.6164625186346546,0.6164625195138752,0.6164625890322947,0.6164625891132807,0.6164625851251864,0.6164625850057737,0.6164625817215028,0.6164625818276492,0.6136288257886352,0.6136288267800512,0.6136288271930883,0.6136288272329691,0.6136288276184415,0.6136288279987407,0.6136288280449353,0.6136288269341701,0.6136288266574997,0.6136288282766821,0.6136288286269247,0.6136288276507065,0.6136288280222603,0.6136288271066268,0.6136287550709377,0.6136287539040783,0.6136287535790725,0.6136287521130154,0.6136287518855094,0.6136287507572913,0.6136287504088035,0.6136287506695542,0.613628750598391,0.6136287492424214,0.6136287503267004,0.6136287499999675
218,0.6346440674734747,0.6303666794229758,0.6303666284560199,0.6303665935637642,0.6303665575276973,0.6303665252801971,0.6303664850698683,0.6303664904286622,0.6303664786822568,0.6303664500871823,0.6303664265901227,0.6340026614089846,0.6340026821074713,0.6340026653566261,0.6340026530243054,0.6340026299663329,0.6340026139269787,0.6340025872999387,0.634002597155469,0.6340025903777955,0.6340026345386179,0.6340026487587122,0.634002643780635,0.6340026305528312,0.6223634544901023,0.6223634552800147,0.6223634528019213,0.6223634520673521,0.6223642019893613,0.6223641903052732,0.6223642102631269,0.622364230050456,0.6223642200663881,0.6223642237825114,0.6223642390414421,0.6223642139026658,0.6223642318772329,0.6223642455327708,0.622364259188192,0.6223642767193376,0.6223642482917334,0.622364259515556,0.6223642706211212,0.6223642872922972,0.6223641525639946,0.6223641658867566,0.622189592856018,0.6221895837555272,0.6221895843125259,0.6221895835185393,0.6221895861822514,0.6221895862131294,0.6221895865369431,0.6221895735754549,0.6221895743529784,0.6221895717314814,0.6221895724322156,0.6221895721598367,0.6221895728281797,0.6221895731546019,0.6221895712726444,0.6221895710017384,0.6221895681953422,0.622189568863831,0.6221895696302041,0.622189568876235,0.6221895675346663,0.6221895678845778,0.6221895684810919,0.6221895920003937,0.6221895921328722,0.6221895911176482,0.6221895909467298,0.6221895901187241,0.6221895902507256,0.6221894927125831,0.6221894982735408,0.6221894973426505,0.6221894972037615,0.6221894963527426,0.6221894955089139,0.6221894954174293,0.6221894936724095,0.6221894943415437,0.6221894988024356,0.6221894979996077,0.622189495763443,0.6221894949290371,0.6221894927300928,0.6211265985903497,0.6211265967178319,0.6211265953009686,0.6211265929502358,0.6211265922076249,0.6211265903001141,0.621126588744454,0.6211265885273346,0.6211265879923702,0.6211265856781024,0.6211265874256582,0.6211265859440205
219,0.6356856593959894,0.6364501694261987,0.6364501152152277,0.6364500757160513,0.6364500330614156,0.6364499934474361,0.6364499423813967,0.6364499492023756,0.6364499340597057,0.6364498964231637,0.6364498662069538,0.6370337195857242,0.6370337368187333,0.6370337229352369,0.6370337125105054,0.6370336926308144,0.6370336789554144,0.6370336555022109,0.6370336636807427,0.6370336578736092,0.6370336955515714,0.6370337068865333,0.6370337024652349,0.6370336912961863,0.6351553449355789,0.6351553417717164,0.6351553761886597,0.6351554590449983,0.6351569686489758,0.6351569585468573,0.6351569759725512,0.6351569932538715,0.6351569846476849,0.6351569898092376,0.6351570031226438,0.6351569813764191,0.6351569970881484,0.635157009171037,0.6351570240110027,0.6351570393956607,0.6351570152250152,0.6351570251240006,0.6351570349970427,0.6351570495325298,0.6351569146856809,0.6351569263145618,0.6351285420110534,0.6351285006470813,0.6351285058953878,0.6351284927784371,0.6351284910699272,0.635128488302274,0.6351284951203132,0.6351283981222748,0.6351284045965382,0.6351284042207129,0.6351284105449063,0.6351284145656982,0.6351284208494341,0.635128425957281,0.6351284314698831,0.6351284347921761,0.6351284272638845,0.635128433221511,0.6351284392105797,0.6351284302724767,0.6351284253068066,0.6351284269361066,0.6351284323351601,0.6351281796616915,0.6351281812839661,0.6351281803544592,0.6351281809517921,0.635128180790879,0.6351281823444681,0.6351281655944458,0.6351281647591183,0.6351281661103497,0.6351281614474845,0.6351281627225043,0.6351281640008215,0.6351281642339458,0.635128163759939,0.6351281614703421,0.6351281627978306,0.6351281639343316,0.6351281630802786,0.6351281642884438,0.6351281635077435,0.6333705626543369,0.6333705628319597,0.6333705637681736,0.6333705639317881,0.6333705645889722,0.6333705649290825,0.6333705659537198,0.6333705652361995,0.6333703775304368,0.6333703758496573,0.6333703763015912,0.6333703755799026
220,0.528930579700731,0.5283343660595645,0.5259725635329902,0.5259724393383965,0.5298453170307375,0.5298453113157612,0.5298452849982188,0.5221051330968045,0.5221051397444791,0.5221051568327478,0.5221051643003455,0.5221051364222717,0.5221050916195189,0.5221050940401627,0.5221050982966755,0.5221051124465662,0.5221051180531859,0.5221051873771443,0.5221051888277932,0.5221051944919696,0.5145720543408406,0.5145720819762926,0.5145721147733211,0.5145721301951215,0.5145712530696158,0.5145712698083209,0.5145713317157242,0.5145711330492201,0.5145707383601373,0.5145707397487116,0.5145707454264689,0.5145707510281224,0.5145707602009093,0.5145707794996209,0.5145707836751527,0.5145707920524344,0.5145707971301202,0.5145708032783043,0.5145708340860307,0.514570839870239,0.5145709083026707,0.5145709178359544,0.5145709242309056,0.5145709287638267,0.5145707848074599,0.5145707892718442,0.5145707930640664,0.5145707767019223,0.5145707809720494,0.5145707916519585,0.5145707645464791,0.518433786914457,0.5184337854049788,0.5184336751717653,0.518433675081882,0.5184336830699748,0.5184336828937879,0.5184336964632699,0.5184336960904354,0.5184336953637732,0.5184337174339135,0.518433716225281,0.5184337145539573,0.5184337160719239,0.5184337164068628,0.518433724961315,0.518433724222204,0.5184337255059711,0.5184337254840863,0.5184336212063387,0.5184336208791736,0.5184336165847359,0.5184336161209323,0.5184336121980587,0.5184336119166529,0.5184336076349262,0.5371275736700912,0.5371275663071399,0.5371275824036156,0.5371275755485649,0.5371275686992232,0.537127567639637,0.5371275611456053,0.5371275711105472,0.5371275853048757,0.537127579042208,0.5371275722919938,0.5371275657052138,0.5371275589771615,0.537127555116322,0.5371275496250747,0.5371275436812619,0.5371275369740844,0.5371275333968707,0.5371275274583684,0.5371275209470275,0.5371275224725431,0.5371275209542969,0.5371275144521326,0.5371275270602166,0.5371275208446856
221,0.5304013875439644,0.5308271200728736,0.5273175357596099,0.5273175136714352,0.5278434329473388,0.5278434781293673,0.5278434782180732,0.526065390403506,0.5260653923142556,0.526065326306233,0.5260653246625766,0.526065327194885,0.526065335772796,0.5260653340926599,0.5260653335240163,0.5260653324899921,0.5260653318052599,0.5265421315292566,0.5265421342799804,0.526542133874116,0.5265421496469086,0.5265421607772858,0.5265420486361526,0.526542042628964,0.5265420890586116,0.5265420915972059,0.5265421016647908,0.5265421108366078,0.5265421595245166,0.5265421613347274,0.5265421592352268,0.5265421571481095,0.5265421592838945,0.5265421569681956,0.5265421553336045,0.5265421595908089,0.5265421576952438,0.5265421566969873,0.526542152065411,0.5265421503762147,0.5164647074319552,0.5164647349279722,0.5164647501361652,0.5164647647826308,0.5164617062589275,0.5164617174835955,0.5164617299191807,0.5164616802518796,0.5164616867344353,0.5164617052123014,0.5164607659835251,0.5164607937036743,0.5164608005201289,0.5164581067038788,0.5164581156342745,0.5164583415059736,0.516458350149973,0.5164586546067836,0.5164586627224517,0.5164586689180806,0.5164592173946141,0.5164592204539514,0.5164592092998571,0.5164587631935128,0.5164587717745619,0.5164587698480801,0.5164587628670874,0.5164587678760947,0.5164587752672323,0.5164526626731928,0.5164526655042614,0.516452691577186,0.5164526924866326,0.5164527156498695,0.51645271826991,0.5164527449446639,0.5164527007201012,0.5164527033634739,0.5164526968238613,0.5164526994289454,0.5164527019753598,0.5164527039953226,0.5164527306968215,0.5164527269125979,0.5164526788300611,0.516452681085702,0.5164527082575379,0.5164527106765052,0.5164527390431471,0.5164527404613253,0.5164527611231388,0.5164527661787287,0.5164527942279158,0.5164527962973694,0.5164528181465308,0.516452820476086,0.5164528191411812,0.5164528198343665,0.5164528494500128,0.5164528434028648,0.5164528455315857
222,0.5331479547166121,0.5334860348295661,0.5308628538026281,0.5308627689542533,0.5308627241097146,0.5345910474281286,0.5345910274420678,0.5345909583449315,0.534590956428978,0.5309458012479102,0.5309457944781995,0.5309457829547961,0.5309457823129076,0.5309457853246616,0.5309457882801663,0.5309457923252878,0.5309457966891029,0.5309458027746637,0.53094580216026,0.5309458046508284,0.5309458064689391,0.5279762180690014,0.527976133968828,0.5279761338937643,0.5279760064323961,0.5279760315914145,0.5279760405272081,0.5279760079362805,0.5279759625018718,0.5279759638247352,0.5279759639375765,0.5279759640182439,0.5279759661186186,0.5279759683778046,0.5279759683327706,0.5279759716828565,0.5279759717428735,0.5279759738306173,0.5279759352013677,0.5279759352875254,0.52797596543323,0.5279758773993269,0.5279758790180582,0.527975876339499,0.5279758775359901,0.527975876395873,0.527975874266096,0.5279758809847838,0.5279758797938306,0.5370672068284943,0.5370672127080961,0.5370672157127115,0.537067207259996,0.5370673273307721,0.5370673196979384,0.537067316600852,0.5370673090761663,0.5370673024562209,0.5370672949849304,0.5370672887028837,0.5370672778230324,0.5370672732397505,0.5370672800529972,0.537067272948314,0.537067265871152,0.5370672764386882,0.5370672815080275,0.5370672794777404,0.5370672722371013,0.5370677119283664,0.5370677098115088,0.537067706696798,0.5370677056657844,0.5370677023977446,0.5370677004114759,0.5370676973669758,0.5370677067980305,0.5370677048245105,0.5370677091815675,0.5370677073322159,0.5370677054907921,0.537067705149211,0.5370677017615977,0.5370677044375827,0.5370677111298255,0.5370677094463889,0.537067705843455,0.5370677051257498,0.5370677015915211,0.5370677005634329,0.5370676979196571,0.5370676963006219,0.5370676930029276,0.5370676920034985,0.537067689327753,0.5370676876057362,0.5370676880551056,0.5370676876453734,0.5370676844851038,0.5370676879036296,0.537067686267604
223,0.5351409735912622,0.5358676989906652,0.5343744596439176,0.53437436060325,0.534374290747493,0.5398575385054469,0.5398575226626261,0.5398575228655769,0.539857520623964,0.5398574420937114,0.5386397352064375,0.538639753198012,0.538639758302995,0.5386397537920095,0.5386397497607334,0.5386397406335977,0.5386397347921948,0.5386397246550741,0.5386397270815442,0.538639724469093,0.5386397358863981,0.5386395337957024,0.5386395268504314,0.5386395151729196,0.5386396623576363,0.5340252846464791,0.5340252884359596,0.534025226810952,0.5340251182226827,0.5340251186037279,0.5340251203163652,0.5340251219497327,0.5340251230216884,0.5340251276349676,0.5340251287298515,0.5340251298561879,0.5340251313093897,0.5340251363550585,0.5340251179855166,0.5340251200095455,0.534025136420777,0.5340251413314561,0.5340251495612818,0.5340251468705133,0.5340251099525867,0.5340251108481198,0.5340251113755563,0.5340251075986452,0.5340251078152529,0.5340251240187155,0.5283846502580667,0.5283846549786881,0.5283846574174301,0.5283843681346309,0.5283843735800442,0.5283843905312523,0.5283843965040642,0.5283844274691907,0.5283844320164173,0.5283844349164665,0.5283844836280701,0.5283844842881756,0.5283844758701387,0.5283844808721423,0.5283844877162303,0.5283844844508031,0.5283844791982619,0.5283844889234507,0.5283844932332574,0.528383826861472,0.5283838281618835,0.5283837609871976,0.5283837605959439,0.528383761726385,0.528383762434931,0.5283837635782748,0.5283837629679334,0.5283837635047237,0.5283837614269488,0.5283837623491493,0.5283837629748772,0.5283837637046335,0.5283837650865075,0.5283837641345434,0.5283838376375446,0.5283838385705689,0.5283838415520395,0.5283838425578792,0.5283838458376806,0.5283838463861429,0.5283838491914647,0.5283838504226119,0.5283838538410001,0.5283838553441782,0.5283838582538916,0.5283838593283848,0.5283838581049167,0.5283838583497577,0.5283838621204155,0.5283838583931133,0.5283838594088742
224,0.5401487553461983,0.5370856776329451,0.5361733797424046,0.536173304033977,0.5361732481104016,0.5395182874827044,0.539518269428589,0.5395182709933837,0.5395182708941398,0.5395182181404067,0.5360250415345384,0.5360250269324831,0.5360250204247836,0.5360250259267394,0.5360250300635265,0.5360250353627517,0.536025040919136,0.5360250468764672,0.5360250438491814,0.5360250462514936,0.5360250354066859,0.5360250317446524,0.5360250337565761,0.5360250332980853,0.5360249901715793,0.5360248089864055,0.536024812511936,0.5360248197915755,0.536024841635476,0.5360248424702123,0.5360248410550419,0.536024839652139,0.5360248403669019,0.5360248400156611,0.5360248389328528,0.5360248407280758,0.5360248394543986,0.5360248384954109,0.5360248374043406,0.5360248361658553,0.5360248382213207,0.5360248374317803,0.5360248366520928,0.5360248322251154,0.5360248426036096,0.536024841608761,0.5360248405833434,0.5360248444473982,0.5360248438965556,0.5360248453373851,0.5360248455669099,0.5360248458928114,0.536024845134386,0.5360248544431984,0.5360248537738909,0.5360248535986071,0.536024830663182,0.5360248300277614,0.5360248290357996,0.5360248281946163,0.5360248271355305,0.5360248265108135,0.5360248273829407,0.536024826448036,0.5360248255237956,0.5360248269670473,0.5360248276228612,0.53602506134517,0.5360250633487222,0.5360249467947614,0.5360249474326255,0.5360249478049421,0.536024948125802,0.5360249486851072,0.5360249492909711,0.536024949732464,0.5360249477410333,0.536024948337482,0.5360249470334594,0.5360249475888144,0.5360249481436753,0.536024948229526,0.5360249487553369,0.536024947948064,0.536024946801579,0.536024947308974,0.5360249478555354,0.5360249483892325,0.5360249489339802,0.5360249492467974,0.5360250485855437,0.5360250499708831,0.5360250515339651,0.5360250523676603,0.5360250537516487,0.5360250552691834,0.5360250549135924,0.5360250552674499,0.5360250567827693,0.5360250538442312,0.5360250552928705
225,0.5398888897616342,0.5399902377747253,0.5399902209446217,0.5399902187132933,0.5399902173668538,0.5399902702026551,0.5399902755417685,0.539990279877004,0.5399902834701665,0.5399902916931848,0.5399902284886956,0.5399902157143723,0.5399902197853244,0.5399902111005789,0.539990212555332,0.539990212482823,0.5405157568947061,0.540515758672126,0.540515760469457,0.5405157615094096,0.5405157690154425,0.54051578614486,0.5405157904591144,0.5405157874093024,0.5405157681791606,0.5405157815321318,0.5405157855172145,0.5405157812208208,0.5405158023374874,0.5405158030935029,0.5405158034142961,0.5405158035896981,0.5405158045899123,0.5405158024352651,0.5405158023714661,0.5405158040836489,0.5405158041816042,0.5373544966684018,0.5373545316783357,0.5373545418172718,0.5373545558024659,0.5373545622690835,0.5373545769308178,0.5373545799369926,0.5373544341782418,0.5373544370694442,0.5373544396613084,0.5373544255588221,0.537354426820797,0.5373544370649297,0.5373544115983121,0.5373544157898831,0.537354411200098,0.5373542785285335,0.5373542817571887,0.5373542858074639,0.5373542884564747,0.5373543077413632,0.5373543087890923,0.5373543081264228,0.5373543281255099,0.5373543251635475,0.5373543167946305,0.5373543187534006,0.537354468827639,0.5373544681615156,0.537354463003779,0.5373544722635021,0.5373544746281101,0.5586168356901899,0.5586168409730053,0.5586168674373742,0.5586168692620277,0.558616894131367,0.5586168991077474,0.5586169270181475,0.5586168658926979,0.5586168708109428,0.5586168591073546,0.5586168646911335,0.5586168694542412,0.5586168706270961,0.5586168984846496,0.5586168915710363,0.5586168407045383,0.5586168448923352,0.5586168732104673,0.5586168776177303,0.5586169072039401,0.5586169098072565,0.5586169315826838,0.5586169356817138,0.5586169648185029,0.5586169690286371,0.5586169920537528,0.5586169967243511,0.5586169946102864,0.558616995771414,0.5586170265062911,0.5586170159950858,0.5586170202101733
226,0.5423771289604027,0.5421992552361614,0.5421992491268404,0.5421992514761798,0.5421992554847508,0.5421992832189882,0.5421992936958816,0.5421993000994706,0.5421993047976676,0.5421993192841865,0.5421992956194073,0.5421992659451007,0.5421992703204136,0.5421992477415813,0.5421992508474164,0.5421992556199471,0.543048002190803,0.5430480114583532,0.5430480139083764,0.5430480154407414,0.5430480182926201,0.5430480373134,0.5430480426463377,0.5430480426903301,0.5430479905353184,0.5430480033934496,0.543048008507661,0.543047996305802,0.543048003315321,0.5430480043134625,0.5430480066256765,0.5430480072402638,0.5430480085400827,0.5430480077495179,0.5430480077053004,0.543048009927008,0.5430480102593188,0.543047955507471,0.5430479534585425,0.5435735861069655,0.5435735905744967,0.5435735896988947,0.54357358972649,0.5435735879686128,0.5435736078641805,0.5435736064920754,0.5435736050504096,0.543573610105552,0.5435736093252045,0.5435736123847512,0.5435736163791713,0.5435736172086013,0.5435736156405185,0.5435736403687098,0.5435736395417976,0.5435736373222833,0.5435736364410257,0.5435736345738735,0.5425780508182622,0.542578051657449,0.5425780527137075,0.5425780533369554,0.5425780524667361,0.542578053399514,0.5425780543236235,0.5425780528836388,0.5425780522291525,0.5425780524573542,0.5425780533041655,0.5425780040482312,0.5425780043178737,0.5425780044750997,0.5425780046106792,0.5425780048470074,0.5425780051030855,0.5425780052895643,0.542578004448059,0.5425780047001734,0.5425780041490016,0.5425780043837378,0.5425780046182834,0.5425780046545249,0.5425780048766571,0.5425780045354671,0.5425780040499197,0.542578004264355,0.5425780044952205,0.5425780047207667,0.5425780049508485,0.5425780050830609,0.5425780052709204,0.5425780054744154,0.5425780057038418,0.5425780058263296,0.5425780060295133,0.5425779972641078,0.5425779972320554,0.542577997263917,0.5425779974003723,0.5425779971355315,0.5425779972660983
227,0.5465231327496788,0.5465230580682044,0.5465230538732757,0.5465230508072004,0.5465230475029675,0.5465230444304259,0.5465230405043326,0.5465230410815358,0.5465230396769254,0.5465230369169445,0.5465230341658253,0.5465230405111248,0.5465230433406746,0.5465230824396455,0.5465230819726927,0.5465230813748346,0.5465230807549112,0.5465230800844818,0.5465230804264347,0.5465230801558011,0.546523081379776,0.5465230817953647,0.5465230815694374,0.5465230810721731,0.5465230861041901,0.5465230860525697,0.5465230864915396,0.5465230873957457,0.5465230901141778,0.5465230902180478,0.5465230693803093,0.5465230686878071,0.5465230690407781,0.546523068867413,0.5465230683328872,0.5465230692192847,0.546523068590534,0.5465230681178759,0.5465230675793532,0.5465230669710491,0.5465230679862269,0.5465230675966319,0.5465230672136939,0.5465230666297762,0.546523071493147,0.5465230710267811,0.5465230705460205,0.5465230723573244,0.5465230720990027,0.5465230727750333,0.5465230728826079,0.5465230730356422,0.5465230726775678,0.546523077041764,0.5465231099976956,0.5465231100501267,0.5465231102486292,0.5465231103757484,0.5465231105739108,0.5465231107418437,0.5465231109531926,0.5465231110777959,0.5465231109033648,0.546523111090071,0.5465231112748302,0.5465231109866884,0.5465231108555384,0.5465231109013359,0.5465231110708114,0.5465231012199047,0.546523101273943,0.5465231013051368,0.5465231013323469,0.5465231013794599,0.5465231014307727,0.5465231014678734,0.5465231012997838,0.5465231012771142,0.5465231011684609,0.5465231012147627,0.5465231012609538,0.5465231012681088,0.5465231013116607,0.5465231012444509,0.5465231011491921,0.5465231011914693,0.5465231012367021,0.5465231012811256,0.5465231013262007,0.5465231013522789,0.5465231013891011,0.5465231014292227,0.546523103620741,0.5465231036566252,0.5465231037157112,0.5465231037807653,0.5465231037654628,0.5465231037806328,0.5465231038454019,0.5465231037194557,0.546523103781521
228,0.5552378069667623,0.5530335342380247,0.5530335009810903,0.5530334818205331,0.5530334647077098,0.5530334514040794,0.5530334368069432,0.553033437130932,0.5530334378201721,0.5530334264053469,0.55303342729296,0.5530334351918479,0.5530334348429206,0.5548720314755302,0.5548720296995557,0.5548720127210806,0.5548720187351116,0.5548719923335207,0.5548719972446311,0.5548719981829547,0.5548720423787992,0.554872065250711,0.5548720706355972,0.5548720685643861,0.5548721188190517,0.5548721315130702,0.5548721400994637,0.5548721470921091,0.5548722040876295,0.5548722059095286,0.5548721777890107,0.5550894866011966,0.5550894887128914,0.5550894879335357,0.5550894870080522,0.5550894910484226,0.555089491195813,0.5550894961752225,0.5550894941405805,0.5550894977523759,0.5550895103485002,0.5550895119659145,0.5550895165961739,0.5550895157605237,0.5550895035286854,0.5550895031005422,0.5550895024666588,0.5550894987939368,0.5550894983572722,0.5550895060481639,0.5550895115587738,0.5550895148031769,0.5550893773031003,0.555089397291535,0.5550894000331816,0.555089390059714,0.5550893890488788,0.5569044607559864,0.5569044595871968,0.556904455359613,0.5569044573237375,0.5569044517802766,0.5569044464586794,0.5569044455545112,0.5569044456923172,0.5569044482741475,0.556904445493137,0.556904446527902,0.5569044456710175,0.5569045392205141,0.5569045388340603,0.5569045368911146,0.5569045353344498,0.556904533391571,0.5569045330288671,0.5569045308735516,0.5569045361904149,0.5569045358287218,0.5569045356226205,0.5569045354079235,0.5569045220567697,0.5569045221644298,0.5569045199650835,0.5569045204290509,0.5569045258798186,0.5569045254211333,0.556904522938812,0.5569045224762802,0.5569045202114097,0.5569045198940507,0.5569045183082145,0.5569045179559975,0.5569045158925241,0.5569045195025238,0.5569045181735133,0.556904517801717,0.5569045165222489,0.5569045164085017,0.5569045151711395,0.5569045136520937,0.5569045133490881
229,0.5559374897252426,0.5579164536682237,0.5579164529077457,0.5579164535788763,0.5579164549774465,0.5579164571931674,0.5579164601144697,0.5579164602393176,0.5579164625127895,0.5579164649750462,0.5579164684337401,0.5579164567035908,0.5579164538978044,0.5581316837532588,0.5581316872583385,0.5581317701524177,0.55813177970578,0.5581317873548303,0.5581317842019009,0.558131788116672,0.5581317781667524,0.5581317789171782,0.5581317834610207,0.5581317895408625,0.558131719942388,0.5581317240555104,0.5581317206410962,0.5581317089404734,0.5581316991935051,0.5581316983346911,0.5581316984145834,0.5584000595693148,0.5584000588199244,0.5584000586483227,0.558400060337627,0.5584000581633423,0.5584000514953158,0.5584000538853805,0.5584000543109261,0.5584000567737458,0.558400056363325,0.5584000579588733,0.5584000600774817,0.5584000617529435,0.5584000452812112,0.5584000466706802,0.5584000480610881,0.5584000409367107,0.5584000416627231,0.5584000412188161,0.5584000439876176,0.5584000442420266,0.558400042442054,0.558400032236287,0.5584000335763978,0.5584000301126705,0.5584000310487449,0.5584000614297453,0.5584000626419908,0.5575429361853428,0.5575429355591388,0.5575428280011658,0.5575428261565849,0.5575428258590489,0.5575428256690486,0.5575428263111459,0.5575428250266867,0.5575428251131839,0.5575428248364873,0.5575430145874644,0.5576085305228524,0.5576085291212076,0.5576085298663717,0.5576085286932808,0.5576085284997369,0.5576085272973329,0.5576085299544746,0.5576085297589264,0.5576085305368639,0.5576085303321104,0.5576085300085059,0.5576085299289562,0.5576085285863358,0.5576085289294159,0.5576085313701854,0.5576085312032713,0.5576085297745234,0.5576085295994869,0.5576085281973088,0.5576085281089453,0.557608527153468,0.5576085269881209,0.557608525790726,0.5576085252633597,0.5576085243408382,0.5576085241681643,0.5576085247657365,0.5576085247238199,0.5576085236019479,0.5576085248320988,0.5576085246676488
230,0.5626612472475719,0.5638170493331959,0.5638170293919291,0.563817017835888,0.5638170072307985,0.5638169992558485,0.5638169898603623,0.5638169913896168,0.5638169913848113,0.5638169848863531,0.5638169834577622,0.563816978333938,0.5638169809353563,0.5638170084607376,0.5638170088960294,0.5658078406942796,0.5658078403542566,0.5658078342687146,0.5658078360246573,0.5658078358725491,0.5658078471027567,0.5658078528503478,0.5658078537574778,0.5658078525168996,0.565807868772692,0.5658078713996528,0.5658078741493777,0.5658078793006249,0.5658079248503087,0.5658079254706401,0.565807925158521,0.5658079336626365,0.565807934208446,0.5658079310688192,0.5658079942751572,0.5658079933750002,0.5654272964688561,0.5654272996741617,0.5654273001683459,0.5654273024403889,0.5654273093357216,0.5654273110440053,0.5654273142081215,0.5654273146106292,0.5654272859834427,0.5654272864604878,0.5654272868345602,0.5654272777800972,0.5654272779024733,0.5654272818286431,0.5654272857396827,0.5654272877487874,0.5654272820190102,0.5654272489180396,0.565427250145305,0.5654272381700859,0.5654272385341419,0.5654272470636721,0.5654272471953902,0.5654272422409373,0.5654272373539302,0.5654270357633521,0.5654270102489615,0.5654270090783217,0.5654270088428375,0.5654270122289596,0.5654269044313913,0.5654269052201165,0.5654269030613341,0.5654273270200076,0.5654273260940931,0.5654273207972793,0.5619789295396335,0.5619789278794042,0.5619789280716657,0.5619789259965494,0.561978929791668,0.5619789299774848,0.5619789286363842,0.5619789288636478,0.5619789292131189,0.5619789293405405,0.5619789274528956,0.5619789269843846,0.5619789311661271,0.5619789313108725,0.5619789292187146,0.561978929387164,0.5619789273579711,0.56197892741415,0.5619789260403228,0.5619789262285636,0.5619789243869153,0.5619789251297223,0.561978923887236,0.561978924091174,0.561978922300949,0.5619789223260996,0.5619789205035791,0.5619789174402098,0.5619789176501857
231,0.5686904718722212,0.569978460471669,0.5699784302425872,0.5699784110059857,0.5699783918877912,0.5699783759734224,0.5699783560515717,0.5699783593004623,0.5699783563575573,0.5699783421136955,0.5699783344777751,0.5699783338153093,0.5699783432275453,0.5699783490082748,0.5699783449844303,0.5717152326762164,0.5717152272364926,0.5717152107167548,0.5717152157830625,0.5717152135091459,0.5717152413307438,0.5717152522305956,0.5717152517031978,0.5717152461814844,0.5717153100752363,0.5717153131316686,0.5717153202800412,0.571715335499721,0.5717154218192547,0.5717154234757316,0.5717154216761753,0.5717154199563742,0.5717154215398144,0.5717154169755699,0.5748445205501788,0.5748445265346707,0.5748445217429732,0.5748445204353374,0.5748445136898646,0.5748445110819422,0.574844520699866,0.57484451922537,0.5748445184716002,0.5748445151685491,0.5748445353903222,0.5748445328282569,0.5748445301331797,0.5748445344831961,0.5748445329932075,0.5748445390735427,0.5748445461447184,0.5748445481044998,0.5748445436565373,0.5748445526726861,0.5748445513258189,0.5748445385599741,0.5748445368759796,0.5748445361753233,0.5748445343793759,0.5748445311385176,0.5748445223008745,0.5748445134743818,0.5748441256970889,0.5748441200935753,0.5748441149866341,0.5748441244497684,0.5729440778759592,0.5729440769866567,0.5729440716079521,0.5729446282164955,0.5729446263715551,0.5729446225831105,0.5729446189629775,0.572944614896252,0.5729446131501184,0.5729446089147322,0.5729446204444285,0.5729446187196029,0.572944620966797,0.5729446194135793,0.5729446179277772,0.5729446177805264,0.5729446135195285,0.572944615512948,0.5729446248289295,0.5729446233374567,0.5729446186895556,0.5729446171483062,0.5729446125926906,0.572944611626201,0.5729446083090179,0.572944606958244,0.5729446027109217,0.5729446024047375,0.5729445991690408,0.5729445976880271,0.5729445932081979,0.5729445928334527,0.5729445885829498,0.572944585573003,0.5729445841703894
232,0.5723302216391225,0.5748834310989679,0.5748832896429371,0.5748831785370135,0.5748830517870291,0.574882928040524,0.5748827595361536,0.5748827641488622,0.5748827588222888,0.5748826004176786,0.5748825877752092,0.5748827269676734,0.5748827418512932,0.5748827457707112,0.5748827381456607,0.5748830490709181,0.5748830437448803,0.5748828798410195,0.5748828853139867,0.5748828831746093,0.5748830589974342,0.5748830713690659,0.5748830712448209,0.5748830656108149,0.5748835544099511,0.5748835581985521,0.5748835660277489,0.5748836693736117,0.5748839091097362,0.5748839109193559,0.5748839091024495,0.5748839073708671,0.5748839091191578,0.5748838993084341,0.5748841591011953,0.5748841601702,0.5748841609876317,0.5748841626556228,0.5748841628735671,0.5748841639545624,0.5748841683985225,0.5748841693626615,0.5748841710804016,0.5748841712160838,0.5748841419081036,0.5748841421082082,0.57488414225368,0.5748841326324721,0.574884132653562,0.5748841351537602,0.574884139079273,0.5748841403678143,0.5748841379261859,0.5748840829474204,0.5748840834699697,0.5750563251999026,0.575056328186256,0.5750563425847748,0.5750563454281572,0.5750563461928417,0.575056364025851,0.5750563596031683,0.5750554410663588,0.5750554393877857,0.5750554382306882,0.5750554418512087,0.5750554291945659,0.5750554295883351,0.5750554280267896,0.5750559123251244,0.5750559117572783,0.5750559099146292,0.5750559072093768,0.5750559051743407,0.5750559046269701,0.5750559020931174,0.5750559078935151,0.5750559073556851,0.5750559055609382,0.5750559051293209,0.5750559047773135,0.5750559048618328,0.5750559027667348,0.5750559028741261,0.5750559080304254,0.5750559075336764,0.575055905121316,0.5750559046398254,0.575055902225221,0.575055901831692,0.5750559000624677,0.5750558996736305,0.5750558972911841,0.5750558977357665,0.5750558960509077,0.5750558956080324,0.5746343456828631,0.5746343451823885,0.5746343375650395,0.5746343257150333,0.5746343239007766
233,0.5738724027759323,0.573872839406391,0.5738728939527149,0.5738729338223286,0.5738729767888293,0.573873016746096,0.5738730678010646,0.5738730603022518,0.5738730785709232,0.573873114467691,0.5738731502399081,0.573873377096487,0.5738733248159853,0.5738733690172937,0.5738734022494244,0.5738734448111146,0.5738734894377139,0.5738735372801204,0.5738735129628463,0.5738735322590884,0.5738734451536527,0.5738734157838203,0.5738734319461116,0.5738734673700945,0.5738731085108081,0.5738731122937958,0.573873081084665,0.5738725855599007,0.5738725141108489,0.5738725113804408,0.5738725160096199,0.573872520598725,0.5738725182607401,0.5738725194090174,0.5738725229506211,0.5738725170786473,0.573872521244938,0.5738725243821464,0.5738725279502424,0.5738725320016436,0.5738725252795804,0.573872527862745,0.5738725304045709,0.5738725342745967,0.5738725020242723,0.5738725051151252,0.57387250830065,0.5738724962976003,0.573872498008928,0.5738724935327609,0.5738724928212915,0.5738724918086009,0.5738724941651777,0.5738731845097277,0.5738731978996784,0.5738732014272967,0.5738732146333237,0.5738732230761754,0.5738732362585425,0.5738732474365758,0.573873261506741,0.5738732698081981,0.573873258219782,0.5738732706430174,0.5738732829259687,0.5738732637475596,0.5738732550316704,0.5738732580705128,0.5738732693484949,0.5738726132462003,0.573872616836321,0.5738726189332453,0.5738726207390119,0.5738726238882613,0.5738726272982211,0.5738726297842982,0.5738726185731902,0.5738726219302991,0.5738726145911837,0.5738726177167254,0.5738726208395956,0.5738726213227564,0.5738726242835,0.5738726197400473,0.573872613268621,0.5738726161240842,0.5738726277303295,0.5738726308230204,0.5738726339819225,0.5738726357947651,0.5738726383730035,0.5738726411638322,0.5738726443129536,0.573872645992622,0.5738726487808736,0.573872651838133,0.5738726511221376,0.5738726518350262,0.5738726548879508,0.5738726489875391,0.5738726519062864
234,0.6040121010105232,0.5865747898885211,0.5865748034347087,0.5865748173967484,0.5865748353245517,0.5865748541103798,0.5865748803149293,0.5865748756509741,0.5865748874399038,0.5865749063201326,0.5865749292470906,0.5934342576586852,0.5934342413447858,0.5934342559884472,0.5934342672707662,0.5934342724712769,0.5934342882255595,0.5934342939620862,0.5934342866024046,0.5934342935823288,0.5934342777795103,0.5934342715194428,0.5934342781484885,0.593434290092719,0.5934338246607025,0.593433826444955,0.5934338299350842,0.5789321682735582,0.5789319438015844,0.5789319354214342,0.5789319495169652,0.5789319634855682,0.578931956291824,0.5789319597278366,0.578931970463767,0.578931952445957,0.5789319651104538,0.5789319745479614,0.5789319854610868,0.5789319977389837,0.5789319768302463,0.5789319846292736,0.578931992243117,0.5789320040420614,0.5789312826692704,0.5789312805462049,0.5789312783613522,0.5789312899099527,0.5789312887426658,0.5789312915717216,0.5789312914394297,0.5789312920132067,0.5789312905840037,0.5841569991200467,0.5841570029198431,0.5841569910200552,0.5841569946870286,0.5841569912548066,0.5841569948841075,0.5841569976417522,0.5841569894086321,0.5841569906650482,0.5841569825701032,0.5841569860278417,0.5841569895598754,0.5841569844724119,0.5841569804736046,0.5841569815080798,0.5841569846377083,0.5841569986943524,0.5841569995609592,0.5841569973306802,0.5841569973875891,0.5841569958163711,0.5841569966550264,0.5841569944912639,0.5841569970558861,0.5841569978741957,0.5841569947791979,0.5841569955624115,0.584156996354432,0.5841569965069663,0.5841569945839793,0.5841569933832561,0.5841569973153682,0.5841569744700176,0.5841569738938832,0.5841569743953285,0.5841569720431189,0.5841569722937522,0.58415697076996,0.5841569712447937,0.584156969224185,0.5841569696517894,0.5830937319500658,0.5830937332991315,0.5830937307479682,0.5830937310414281,0.5830937307999012,0.5830937212057429,0.5830937224952647
235,0.6269674938804236,0.6015881046272085,0.6015880813730548,0.6015880704072728,0.6015880628249377,0.6015880588964637,0.6015880569977642,0.6015880557706127,0.6015880597111007,0.6015880584188154,0.6015880657833107,0.6168459467862015,0.6168459751497422,0.6168459577225344,0.6168459417360326,0.616845854613034,0.6168458345523398,0.6168457239474952,0.6168457376474739,0.6168457293251389,0.6168458658187481,0.6168458883084279,0.6168458831047706,0.6168458658825939,0.6168451539293777,0.6168451532641798,0.6168451998556224,0.6142993014154361,0.614300035990726,0.6143000490512404,0.6143000281759552,0.6143000075087163,0.6143000188718638,0.6142999948343545,0.6142999787898948,0.614300006799802,0.614299988188156,0.6142999752855802,0.6142999273849715,0.6142999097417401,0.614299944937368,0.6142999340387902,0.6142999239551044,0.6142999063489071,0.6072571196102491,0.6072571057867828,0.6072570915748754,0.6072566403601846,0.6072566288810904,0.6072566605604927,0.6072567312666032,0.6072567389218227,0.6072567219187752,0.6072570480974744,0.6072570343624063,0.6072570072749234,0.6072569935557868,0.6072569639503791,0.6072569501806974,0.6072569378379958,0.6072568817062717,0.6072568710783258,0.6072568762061642,0.6072568633264078,0.6072568508568994,0.6072568713811345,0.6072568777976811,0.6072568751088948,0.607256863392129,0.6072581140269873,0.6072581100424589,0.6072581021446716,0.6072580994448037,0.6072580911454764,0.6072580873879362,0.6072580783556276,0.6072581018176152,0.6072580981052919,0.6072578623055632,0.6072578566218285,0.6072578509558995,0.6072578501592487,0.6072578384140542,0.5961264254090122,0.5961264309571045,0.5961264315000651,0.5961264285943,0.59612642904005,0.596126426039511,0.5961264261566932,0.5961264240811205,0.5961264245064214,0.5961264216355119,0.5961264220983156,0.5961264202857438,0.5961264207481285,0.5961264191134296,0.5961264191734583,0.5961264161313528,0.5961264115948341,0.5961264120482607
236,0.6227384150233549,0.612390877025777,0.612390836900154,0.6123908133356754,0.6123907919590291,0.6123907750722509,0.6123907563926441,0.6123907576379505,0.6123907557866766,0.6123907424784265,0.6123907384128761,0.6249591564608756,0.6249591875602432,0.6249591634895957,0.6249591455222855,0.6249590989339698,0.6249590760385454,0.6249590196771011,0.6249590346036223,0.6249590250148617,0.6249591090446767,0.624959132314495,0.6249591258460947,0.6249591065309364,0.6110975129804893,0.611097516162389,0.6110975113441742,0.6110972760099069,0.6110974186955035,0.611097419726168,0.6110974187057933,0.6110974177104475,0.6110974186996655,0.6110974122429939,0.6110974114224255,0.6110974135943861,0.6110974127774965,0.6110974128038726,0.6110974017830603,0.6110974012520063,0.6110974055386028,0.611097405400081,0.6110974056343811,0.6110974046929475,0.6110969324065517,0.6110969247975835,0.6110969140209028,0.5946294850176931,0.5946294958969747,0.5946294674425632,0.5946294629237887,0.5946294564862987,0.5946294714662208,0.5946292876392998,0.5946293008593752,0.594629304317479,0.5946293173554767,0.5946293256906469,0.5946293387052237,0.5946293497409229,0.5946293636313125,0.5946293718269062,0.5946293603842431,0.5946293726493823,0.594629384776104,0.5946293658417062,0.5946293572363102,0.5946293602364915,0.5946293713710151,0.5946287236543136,0.5946287271984274,0.5946287292683952,0.5946287310510393,0.5946287341598535,0.5946287375261686,0.5946287399794261,0.5946287289121186,0.5946287322261792,0.5946283916800419,0.594628391066136,0.5946283904526986,0.5946283903577718,0.594628444500209,0.5946284445393597,0.5946284445948414,0.5946284445704225,0.5946284445439877,0.5946284445183366,0.5946284444920651,0.5946284444770037,0.5946284444555614,0.5946284444323287,0.594628444406167,0.594628444392278,0.5946284443690464,0.5946284443437048,0.5946284443496511,0.5946284443437888,0.5946284443183778,0.5946284443676922,0.5946284443434718
237,0.6309400017568909,0.6205311727908114,0.6205311250658063,0.6205310948596681,0.6205310655214692,0.6205310406916587,0.6205310112027014,0.620531014369606,0.6205310080993962,0.6205309870962737,0.6205309742769382,0.629070831563937,0.629070858045637,0.6290708370228916,0.6290708216131184,0.6290707876952102,0.6290707679516246,0.6290707280216252,0.6290707407130739,0.629070732431293,0.6290707956853597,0.62907081511438,0.6290708094048458,0.6290707928469239,0.6019725120574625,0.6019725192750317,0.6019724597428957,0.6019723367769492,0.60197196793507,0.6019719538389975,0.6019719777382583,0.6019720014309567,0.6019719893609115,0.601971995289988,0.6019720135757518,0.6019719832605945,0.6019720047705428,0.6019720209683238,0.601972039390853,0.6019720603081302,0.6019720256058292,0.6019720389427813,0.6019720520667621,0.6019720720473891,0.6019719055685095,0.6019719215272311,0.6019719322738908,0.6019713354216587,0.6019713385918457,0.6019713303003756,0.6019713289832286,0.6019713271074368,0.6019713314724228,0.6019712779079627,0.6019712817599964,0.6019712827677164,0.6019712865666484,0.6019712889953924,0.6019712927876012,0.6019712960032072,0.6019713000507595,0.6019713024388192,0.6019712991046551,0.6019713026784914,0.6019713062120515,0.601971300694839,0.6019712981873788,0.6019712990616408,0.6019713023060145,0.6019711135966889,0.6019711146291964,0.6019711152320326,0.6019711157513734,0.6019711166569046,0.6019711176376169,0.6019710200986066,0.6019710205862518,0.6019710204403572,0.6019710207563586,0.6019710206205258,0.6019710204847163,0.6019710204636837,0.6019710759993168,0.6019710753286555,0.6019710743735387,0.6019710747950628,0.6019710752492762,0.6019710756925939,0.6019710761453283,0.6019710764051889,0.6019710767747496,0.6019710771748094,0.601971077626068,0.6019710778669142,0.6019710782665179,0.6019710787047972,0.6019710786020995,0.6019710787043475,0.6019710791418496,0.6019710782933411,0.6019710787116832
238,0.6338138689869035,0.6276441244125064,0.6276440732527683,0.627644038964141,0.6276440040675414,0.6276439732870994,0.6276439352489473,0.6276439401558503,0.627643929992347,0.6276439028577703,0.6276438822856956,0.632641384528947,0.6326414070305048,0.6326413890303547,0.6326413758582868,0.6326413489115734,0.6326413319478251,0.6326413005386371,0.6326413113079855,0.6326413041861575,0.6326413552149676,0.6326413714220416,0.6326413664207164,0.6326413522711231,0.6166831543938694,0.6166831572927943,0.6166831389384335,0.6166831049832083,0.616683551931292,0.616683539614961,0.6166835606957811,0.6166835815971448,0.6166835710797898,0.6166835749332611,0.6166835910477538,0.616683564546381,0.6166835835367857,0.6166835980014193,0.6166836122669253,0.6166836308047363,0.6166836009405854,0.6166836128203916,0.6166836245970954,0.6166836422009644,0.6166834977768012,0.6166835118476988,0.6165392983576155,0.6165391522362733,0.6165391530615246,0.6165391516052052,0.6165391549224961,0.6165391548116121,0.6165391554814599,0.6165391407123272,0.6165391418182341,0.6165391388123832,0.6165391398336203,0.6165391393324732,0.6165391403191927,0.6165391409023498,0.6165391385972238,0.6165391384929788,0.6165391352918728,0.6165391362631807,0.6165391373337674,0.6165391361255078,0.6165391345199803,0.6165391349550635,0.6165391358255906,0.6165392184271503,0.6165392185051638,0.6165392145444599,0.6165392143277966,0.6165392110473171,0.6165392111495474,0.6137536287419899,0.6137536300589781,0.6137536304419039,0.6137536295412205,0.6137536299039282,0.6137536302649551,0.6137536303252051,0.6137536292512076,0.6137536287367414,0.613753630701946,0.6137536310229927,0.6137536298969888,0.6137536302405205,0.61375362917078,0.6137535555109538,0.6137535542069877,0.6137535538506067,0.6137535521976525,0.6137535520019501,0.613753550757246,0.6137535503718853,0.6137535503682852,0.6137535502218631,0.6137535486627397,0.6137535492205839,0.6137535488591745
239,0.6353697529909914,0.6344141436802315,0.6344140907558565,0.6344140530530034,0.6344140129286695,0.634413976178247,0.6344139292439152,0.6344139357497148,0.6344139218123198,0.6344138878043429,0.6344138597934822,0.636020910923364,0.6360209295394487,0.6360209145560305,0.6360209035069777,0.6360208822719076,0.6360208679142546,0.6360208430363817,0.6360208519168542,0.6360208458642197,0.636020886607016,0.6360208995034532,0.6360208950933215,0.6360208832355596,0.6308588431673297,0.6308588416706784,0.6308588638477979,0.6308589168076166,0.6308601691414361,0.6308601585586509,0.6308601768521693,0.6308601949936924,0.6308601859839127,0.6308601902145996,0.6308602041866452,0.630860181403799,0.6308601978999968,0.6308602106151286,0.6308602243257388,0.6308602404917143,0.6308602152537014,0.6308602256662881,0.630860236068007,0.6308602513238942,0.6308601150122486,0.6308601272189149,0.6307823013584927,0.6307822694753845,0.6307822731335444,0.6307822644009657,0.6307822656090111,0.6307822638971242,0.630782268383734,0.6307822014015797,0.6307822059717899,0.6307822038087846,0.630782208233995,0.6307822102999256,0.6307822146780907,0.6307822180929153,0.6307822198619052,0.630782221768493,0.630782215220954,0.6307822193961427,0.6307822236555035,0.6307822175593001,0.630782213558741,0.6307822148147053,0.630782218591662,0.630782120854755,0.6307821218730221,0.6307821188037769,0.6307821190192837,0.6307821168397142,0.630782117832274,0.630782071854335,0.63078207725728,0.6307820777511335,0.6307820742429852,0.6307820747283291,0.6307820752170368,0.6307820753366714,0.6307820724607565,0.6307820711489649,0.6307820776800648,0.6307820780796515,0.6307820745101821,0.6307820749518014,0.6307820715269439,0.6259755415700317,0.6259755425905315,0.6259755444144344,0.6259755456082482,0.6259755468062266,0.6259755480576441,0.6259755500540938,0.6259755490810549,0.6259754846406247,0.6259754851673611,0.6259754814064611,0.6259754827284132
240,0.6353737764738463,0.6376869867020483,0.6376794712025621,0.6376748100019101,0.6376704407559621,0.6376668631117695,0.6376628435451738,0.6376628514462762,0.6376628345657688,0.6376596208004497,0.6376595873092189,0.6376631704367192,0.6376631899028452,0.6376635853770458,0.6376635737803876,0.6376598985818157,0.6376598838783198,0.6376560282672046,0.6376560368857505,0.6376560308911466,0.6376598791937899,0.637659891594969,0.6376598869846565,0.6376598750164334,0.6376808318813277,0.6376808276671424,0.6376808740446057,0.6376905334400949,0.6724772912772737,0.6724773119588499,0.672477276894315,0.6724772421327812,0.6724772598416826,0.672477251016912,0.6724772241860381,0.6724772686678152,0.6724772371060592,0.6724772133390196,0.6724771861099944,0.672477155413878,0.6724772063398697,0.6724771867678061,0.6724771675084822,0.6724771381868774,0.6724773830389791,0.6724773596290406,0.6724773355019596,0.6724774264225494,0.6724774134611435,0.672477447361402,0.6724774529779695,0.6724774606461794,0.6724774428025923,0.6724776625022502,0.6724776467667758,0.6724776425650367,0.6724776270450598,0.6724776170161324,0.6724776015222939,0.6724775883842388,0.6724775716628933,0.6724775619042928,0.6724775755285903,0.6724775609245116,0.6724775464851571,0.6724775690304651,0.6724775792766804,0.6724775757043316,0.6724775624465759,0.6724783365658699,0.6724783323802155,0.6724783298573117,0.6724783277511791,0.6724783240118153,0.6724783200345632,0.6724783170571436,0.6724783302819556,0.6724783263671997,0.6724783349249485,0.6724783312805445,0.6724783276389217,0.6724783270753368,0.6724783235454406,0.672478328844664,0.6724783365383734,0.6724783332092578,0.6724783295399328,0.6724783260377928,0.6724783223790483,0.6724783203244317,0.6724783173477147,0.6724783141863256,0.6724783105439728,0.6724783086407462,0.6724783054261061,0.6724783019616943,0.6724783027729302,0.6724781713730204,0.6724781665884183,0.6724781757224224,0.6724781712197976
241,0.5321596619622335,0.5321265215370368,0.5288619329210503,0.5288618917713753,0.5288618925129934,0.5303463898599309,0.5303463818960575,0.5303462623149412,0.5303462618047385,0.5283359342939798,0.5283359349098612,0.5283359327047833,0.5283359368863343,0.5283359370911831,0.5283359379225776,0.5283359372697751,0.5283359388008636,0.5283359662875178,0.5283359671770292,0.5283359690961255,0.5283359796159296,0.5283358432986347,0.5239472581025938,0.5239472687801011,0.5239458040002487,0.5239458264643481,0.5239458346896477,0.5239455186347336,0.5239448950611885,0.5239448950930002,0.5239448991141769,0.5239449030689102,0.5239449051482757,0.5239449349696333,0.5239449378772716,0.5239449391600521,0.5239449427296033,0.5239449479034026,0.5239449949574604,0.5239449992902504,0.5239450851133512,0.5239446996188093,0.52394470401906,0.5239447047897006,0.5239446000506875,0.5239934799852808,0.5239934814967523,0.5239934740348441,0.5239934748051327,0.5239935116479909,0.5239934771000428,0.5239934881648872,0.5239934877472012,0.5239933464818305,0.5239933478187426,0.5239933569664994,0.5239933582184069,0.5239933745919408,0.5239933755063706,0.5239933757403162,0.5239934016564591,0.5239934009693346,0.5239933976037842,0.5239933992633061,0.5239934011612426,0.5239934039963273,0.5239934021081749,0.5239934046964428,0.5239934064830069,0.523993104543288,0.5239931048198255,0.5239931065792482,0.5239931063383231,0.5239931071667586,0.5239931073977588,0.5239931082573489,0.5239931103906512,0.5239931106571037,0.5239931095317306,0.5239931099205996,0.5239931102347436,0.5239931110278062,0.5239931121406943,0.5239931116461145,0.5239931120083869,0.5239931122329873,0.5239931133438338,0.5239931137304888,0.5239931149920152,0.5239931151129888,0.5239931161395287,0.5239931164382602,0.5239931178082124,0.5239931184192363,0.5239931195877094,0.5239931198557914,0.5239931192173023,0.5239931192778228,0.5239931208257058,0.5239931193138093,0.5239931195670425
242,0.5340449749063412,0.5343916821060639,0.5321972273202197,0.5321971278913401,0.5321970655268257,0.5374317877941538,0.5374317701747576,0.5374317377091481,0.5374317352524142,0.5356796777342293,0.5356796315046898,0.5356796441975016,0.5356796507778748,0.53567964691498,0.5356796440374609,0.5356796369990818,0.535679633245917,0.5356796264895624,0.535679629384896,0.5356796281057505,0.5356796436014873,0.5296397576414845,0.5296397912158677,0.5296398005422083,0.5296394363423943,0.5296394210385353,0.5296394263275935,0.5296393489798507,0.5296392096935242,0.5296392099534374,0.5296392126202204,0.5296392152199074,0.5296392166724827,0.5296392221774814,0.5296392240366964,0.5296392252329849,0.5296392275738478,0.5296392321862853,0.5280310611278455,0.5280310660220091,0.5280310881170031,0.5280311020819601,0.528031108751359,0.5280311124053318,0.528031044607052,0.528031048431987,0.5280310515487813,0.5280310382970135,0.5280310399156785,0.5280312714512447,0.5280312670635282,0.5280312706624591,0.5280312734289586,0.528031157893588,0.5280311618968048,0.5280311662729288,0.5280311702411715,0.5280311807775735,0.5280311843423988,0.5280311868828835,0.5280312024389459,0.5280312035766678,0.5280311982076458,0.52803120207427,0.528031206469017,0.5280312036736766,0.5280312001871941,0.5280312038509007,0.529300677673617,0.5293006923287963,0.5293006919754077,0.529300693594197,0.5293006931205229,0.5293006924427682,0.5293006858982021,0.5293006851688773,0.5293006890384234,0.5293006886481672,0.529300689092272,0.5293006888704949,0.5293006885613621,0.529300688885581,0.5293006881991524,0.5293006886253648,0.5293006935402222,0.529300693206886,0.529300692506642,0.5293006921719082,0.5293006915872979,0.5293006913684082,0.5293006910485665,0.5293006910008626,0.5293006905620191,0.5293006907753318,0.5293006904919831,0.5293006901950413,0.5293006898254441,0.5293006897478434,0.5293006894654628,0.52930068929585,0.5293006890138798
243,0.536739659898969,0.5369323900714391,0.5359468632713751,0.535946783561092,0.5359467249540686,0.5395609392040381,0.5395609207513322,0.539560922538733,0.5395609222635372,0.5395608661904812,0.5363531163960398,0.5363531057241593,0.5363531010655765,0.5363531051607507,0.5363531082952854,0.536353111372431,0.53635311575042,0.536353119476327,0.5363531173198258,0.5363531191996638,0.5363531124656405,0.5363530863736241,0.536353087851491,0.5363530859857164,0.5363530673781164,0.5352922244402113,0.5352922272817571,0.5352922180092113,0.5352922111646475,0.5352922116834916,0.5352922115419939,0.5352922113794586,0.535292212054156,0.5352922122181639,0.5352922120373912,0.5352922132403397,0.5352922130835249,0.5352922142187935,0.5352922147397504,0.5352922149802744,0.5352922207310006,0.5352922219810285,0.5352922241006195,0.5352651527135354,0.5352651588090298,0.5352651582052237,0.5352651575459487,0.5352651597790431,0.5352651594186265,0.5352651620380782,0.5352651642287719,0.535265164843328,0.5352651641048521,0.5352651711590886,0.5352651707827231,0.5352651701030011,0.5352651547205584,0.5352651542387417,0.5352651535706554,0.5352651529241695,0.5352651516366727,0.5352651510368593,0.5352651512474169,0.5352651506722643,0.5352651502880457,0.535265151430781,0.5352651516722176,0.5352653114614181,0.5352653128590478,0.5352653466588659,0.5352653468735835,0.5352653425982036,0.5352653426391326,0.5352653390745371,0.5352653393119111,0.5352653352671662,0.535265342940801,0.5352653431604995,0.5352653425802358,0.5352653428354395,0.5352653430537057,0.5352653431137832,0.5352653389736934,0.5352653386374993,0.5352654575912191,0.5352654588771989,0.535265455594321,0.5352654569660318,0.5352654538833211,0.5352654546786455,0.5388848530479404,0.5388848517049942,0.5388848501894679,0.5388848493812286,0.5388848480393574,0.5388848465682108,0.5388848469128716,0.5388848465698788,0.5388848451005982,0.5388848479492461,0.5388848465449055
244,0.5387639906780268,0.5384351096738953,0.5381688913726824,0.5381688657919496,0.5381688465660642,0.5391433865200344,0.5391433837002542,0.5391433869294223,0.5391433891992597,0.5391433783799388,0.5381255705262835,0.5381255618506148,0.5381255631524093,0.538125562709842,0.5381255644478233,0.5381255648457619,0.5381256022440402,0.5381256062493008,0.538125606384976,0.5381256088558173,0.5381256117277593,0.5381256272409238,0.538125632915964,0.5380601703902285,0.5380601319379086,0.5380601510356684,0.5380601548145514,0.5380601440200097,0.53806014271369,0.5380601433654582,0.5380601439816735,0.5380601444857808,0.5380601454682427,0.5380601449197511,0.5380601451257737,0.53806014665602,0.5380601470617802,0.5380601064562577,0.5380601050164118,0.5380601061412648,0.5380601166008989,0.5380601181266205,0.534728476099107,0.5347284805432404,0.5347282640725818,0.5347282681932897,0.5347282719970631,0.5347282539901336,0.5347282559070398,0.5347282668814447,0.5347282237853176,0.5347282279010279,0.5347282259691605,0.5347280294993507,0.5347280330860199,0.534728042967646,0.5347280431084168,0.5347280673623208,0.5347280693580962,0.5347280697625315,0.5347281024603413,0.5347281007352244,0.5347280929430114,0.5347280956007532,0.5347281058682959,0.534728105412657,0.5347281009357243,0.5347281188426783,0.5347281211883878,0.5347277850533162,0.5347277858140275,0.5347277902816531,0.5347277897279545,0.5347277930614461,0.534727793772594,0.5347277974721387,0.534727790967958,0.534727791679746,0.5347277889874085,0.534727823047343,0.5347278241377516,0.5347278248329382,0.5347278294104192,0.5347278278209779,0.5347278248807089,0.5347278256985248,0.534727830336192,0.5347278312179679,0.5347278362862428,0.5347278367596124,0.5347278407546314,0.5347278417583113,0.5347278468949357,0.5347278489741196,0.5347278532354911,0.5347278543008253,0.5347278527951971,0.5347278530231786,0.5347278586830986,0.5347278546369103,0.5347278556024195
245,0.5433127483158019,0.5409972662033461,0.5409972500718877,0.5409972474644786,0.5409972462892936,0.5409972855051925,0.5409972910660231,0.5409972967698762,0.5409973009960105,0.540997310607436,0.5409972660059966,0.540997246457512,0.5409972511671725,0.5409972359849992,0.5409972382219861,0.5409972385085643,0.5420531305178333,0.5420531296918775,0.5420531323997068,0.5420531323100646,0.5420531426535716,0.5420531572305014,0.5420531598474778,0.5420531571349588,0.5420531569961634,0.5420531664387062,0.5420531712103228,0.5420531698892631,0.5420531906983336,0.5420531916824681,0.5420531914391201,0.5420531910325112,0.5420531921599082,0.542053190934372,0.5420531904188943,0.5420531925965396,0.5420531921524604,0.5408594748649931,0.5408594786387072,0.5408594994006806,0.5408595104050947,0.5408595125782405,0.5408595257306961,0.5408595255625526,0.5408594995592308,0.5408594996850188,0.5408594996051252,0.5408594973851705,0.5408594972740682,0.5408595048663778,0.5408595041894037,0.5408595069577321,0.5408595029309748,0.5408594815110186,0.5408594824074023,0.5408594806228945,0.5408594810441856,0.5408594868115496,0.5408594640317583,0.5408594624723831,0.5408594637664533,0.5408594611676325,0.5408594574508165,0.540859457316412,0.5417360195151101,0.5417360219635421,0.5417360220839201,0.5417360231155061,0.541736022022916,0.5417361713982026,0.5417361709324546,0.5417361687230208,0.5417361682321873,0.5417361661419222,0.5417361657159058,0.5417361635330541,0.5417361689469624,0.541736168520518,0.5417361691563279,0.5417361689420941,0.5417361686045548,0.5417361686348167,0.5417361663478979,0.5417361668431879,0.5417361722123534,0.5417361718407316,0.5417361692984349,0.5417361689217707,0.5417361665656237,0.5417361663300344,0.5417361647539732,0.5417361644599336,0.541736162468672,0.5417361627986322,0.541736161394795,0.5417361583688358,0.5417361581134508,0.5417361580164358,0.5417361562685311,0.5417361563801721,0.5417361560959778
246,0.5440506678140017,0.5429000941549732,0.5429001023790715,0.5429001136328618,0.5429001268767365,0.5429001546465487,0.542900175393387,0.5429001828181621,0.5429001879838306,0.5429002125339879,0.5429001998007749,0.5429001562181964,0.5429001611020493,0.5429001322740993,0.542900135931661,0.5429001509377664,0.5433553771258975,0.5433554064458193,0.5433554088768077,0.5433554126671152,0.5433554005981651,0.5433554291815714,0.5433554388622134,0.5433554412810421,0.5433552965931575,0.5433553172058637,0.5433553235156658,0.5433552900572689,0.5433552606184157,0.5433552617659083,0.5433552668630014,0.5433552687646283,0.5433552704693243,0.5433552716380976,0.5433552721964501,0.5433552747845395,0.5433552760976311,0.5433552569789958,0.543355259027303,0.5443579446592745,0.5443579469687554,0.5443579460817637,0.5443579452095203,0.5443579438803889,0.5443579549514078,0.5443579538898228,0.5443579527956103,0.5443579569186042,0.5443579563307112,0.5443579578686717,0.5443579581130878,0.5443579584611057,0.5443579576510967,0.544357967582347,0.5443579668681866,0.5443579666809648,0.5443579659765402,0.5443579655268039,0.5443579291209508,0.5443579280827321,0.5443579267760487,0.544357926004888,0.5443579270807857,0.544357925927147,0.5443579247866618,0.5443579265678099,0.5443579273770085,0.544357927094977,0.5443579260476872,0.5443579869838528,0.5443579866505791,0.5443579864555457,0.5443579862879245,0.5443579859953337,0.5443579856787172,0.5443579854476802,0.5443579864890097,0.544357986177394,0.5443579868586839,0.5443579865685247,0.544357986278625,0.5443579862337846,0.544357985958636,0.5443579863804592,0.5443579869818068,0.5443579867167185,0.5443579864306677,0.5443579861518996,0.544357985866863,0.5443579857034042,0.5443579854707967,0.5443579852191692,0.5443579849350425,0.5443579847836785,0.5443579845321072,0.5443579842563737,0.5443579843209244,0.5443579842566245,0.5443579839811745,0.544357984514878,0.5443579889161984
247,0.5488358734217073,0.5504128357734561,0.5504128034034499,0.5504127842515337,0.5504127666779695,0.5504127526720598,0.5504127367295178,0.5504127374251537,0.5504127373526981,0.5504127249102241,0.5504127242181852,0.5504127354030705,0.5504127366648264,0.5517043643549135,0.551704362722382,0.5517043500063996,0.5517043487678039,0.5517043355194735,0.5517043395066159,0.5517043399253683,0.5517043669529664,0.5517043843378054,0.5517043881082944,0.5517043860680476,0.551704415846714,0.5517044252040137,0.5517044320208094,0.5517044401958281,0.5517045162161074,0.5517045176823527,0.5509886023133522,0.5509886152144543,0.5509886168278124,0.5509886177213271,0.5509886179152024,0.5509886205250711,0.5509886218022265,0.5509886293832561,0.5509886307550638,0.5509886377879131,0.5509886499805237,0.5509886527242281,0.5509886593461885,0.5509886596850485,0.5509886299564389,0.5509886305060471,0.5509886308463046,0.5509886235252995,0.5509886236043886,0.5509886310620494,0.5509886348597126,0.5509886382158528,0.5496980334880022,0.5496980164407816,0.54969803870202,0.5496980365172804,0.549698037791641,0.5496980456975324,0.5496980467895927,0.5496980460333214,0.549698046551398,0.5496980446438307,0.5496980398615969,0.5496980410497518,0.5496980431781952,0.5496980422452488,0.549698039419538,0.5496980407717884,0.5496980418230802,0.5496981000982263,0.5496981002307662,0.5496980966403882,0.5496980959500603,0.5496980928983759,0.5496980930469765,0.5496980895380431,0.5496980965084782,0.5496980966430889,0.5496980956947023,0.5496980959318356,0.5496980963491875,0.549698096500981,0.54969809302136,0.5496980926701996,0.5496981003172814,0.5496981004160523,0.5496980965477961,0.5496980966746291,0.5502350806066816,0.5502350805334709,0.5502350799481223,0.550235079860178,0.5502350790984637,0.5502350806362011,0.5502350801389881,0.5502350800496846,0.5502350798752706,0.5502350798478484,0.5502350795025754,0.5502350793511911,0.5502350792817502
248,0.5572799424657973,0.5531354018567857,0.5531353689485167,0.5531353501139918,0.553135333318462,0.553135320518055,0.5531353063175307,0.5531353070313465,0.553135307886273,0.5531352970439084,0.5531352977804337,0.5531353038965336,0.5531353039785228,0.5549401370810496,0.5549401354464613,0.5549401213111743,0.5549401280346336,0.5549401034915732,0.5549401085066185,0.5549401096725971,0.5549401527951603,0.5549401767873268,0.5549401826355815,0.5549401807342778,0.5549402223984802,0.5549402358621879,0.5549402447282242,0.554940250008957,0.5549403072210204,0.5549403090961698,0.554940282348999,0.5552023356985114,0.5552023379086605,0.5552023371557491,0.5552023362208028,0.5552023404398843,0.5552023406249595,0.5552023458510251,0.5552023438472569,0.555202347640755,0.5552023608593714,0.555202362580565,0.5552023674498079,0.5552023665988727,0.55520235327857,0.5552023528512392,0.5552023522073328,0.5552023482660061,0.5552023478192524,0.5552023558743905,0.5552023616463297,0.5552023650571593,0.5552022329167378,0.555202250941835,0.5552022538637572,0.5552022435091777,0.5552022425380561,0.5573918824749121,0.5573918808558145,0.5573918765950366,0.5573918775749253,0.5573918721817244,0.5573918678409033,0.5573918664952154,0.5573918661087016,0.5573918692827419,0.5573918671328834,0.5573918679521995,0.5573918666980018,0.5573919884794657,0.5573919879623339,0.5573919858030008,0.5573919843058711,0.5573919821486422,0.5573919816637067,0.5573919793154645,0.5573919852106444,0.5573919847279866,0.5573919848793438,0.5573919845425076,0.5573919680150831,0.5573919680854426,0.5573919656195604,0.557391966315139,0.557391972234956,0.5573919716450745,0.5573919688897166,0.5573919682884878,0.5573919657469086,0.5573919653523631,0.5573919635581174,0.5573919630768641,0.5573919607584029,0.5573919639442134,0.5573919623882941,0.5573919618748754,0.557391960751134,0.5573919606051873,0.5573919590315024,0.557391957996159,0.557391957554453
249,0.5586330022702867,0.5597889463476354,0.5597889455590712,0.5597889461735731,0.559788947372665,0.5597889495790601,0.55978895214143,0.5597889529651133,0.5597889550033459,0.5597889576362823,0.5597889600446697,0.5597889450420909,0.5597889437211281,0.5597889850018813,0.5597889883578129,0.5602517352117274,0.5602517433614628,0.5602517504573913,0.5602517479035507,0.5602517513397538,0.5602517428247864,0.5602517440192896,0.5602517481055718,0.560251753314795,0.5602516884006593,0.5602516922071965,0.5602516895237504,0.5602516780255398,0.5602516701302132,0.56025166945068,0.5602516714245034,0.5602516961831915,0.5602516954723609,0.5602516945759521,0.5602517110441411,0.5602517084303613,0.5601184304925818,0.5601184339406178,0.5601184348613075,0.5601184381050663,0.5601184397131425,0.5601184419087691,0.5601184450672424,0.5601184469622554,0.5601184194066722,0.5601184210208905,0.5601184226060896,0.5601184122096708,0.5601184130147311,0.5601184136949623,0.5601184172343459,0.560118418100957,0.5601184148751621,0.5601183906724037,0.5601183924090283,0.5601183852819142,0.560118386382333,0.5601183933573535,0.5601183943020592,0.5601183429661478,0.5601183388633582,0.5578774326772942,0.5578774293378334,0.5578774307862808,0.5578774323560343,0.5578774303322159,0.557877428102906,0.557877428654792,0.5578774299621165,0.5578774409820222,0.5578774419441115,0.5578774391634457,0.5578774391616808,0.557877436946597,0.5578774372309103,0.5578774346467954,0.5578774392611137,0.5578774395315343,0.5578774386751812,0.5578774389514094,0.5578774392885095,0.5578774393540487,0.5578774367666858,0.557877436330867,0.5578774415767724,0.5578774417955567,0.5578774389370557,0.5578774391813327,0.5578774364588093,0.557877436588107,0.5578774348055401,0.5578774350505374,0.5578774327486677,0.557877433151225,0.5578774315758556,0.557877431855094,0.5578774313763065,0.5578774314236719,0.5578774293025088,0.5578774281028505,0.5578774283853519
250,0.5647675179430874,0.5664142137532181,0.5664141866820315,0.5664141703593542,0.5664141548092009,0.5664141425947316,0.5664141276826387,0.5664141302806508,0.5664141291597675,0.5664141187830991,0.5664141146096676,0.5664141097479838,0.5664141156361455,0.5664141336189563,0.5664141322064832,0.5693955863627098,0.5693955810967516,0.5693952281168121,0.569395233177314,0.5693952309032911,0.5693955934548873,0.5693956046110569,0.5693956041449626,0.5693955986127823,0.5693967955470136,0.569396798781572,0.5693968060335649,0.5693970911328688,0.5693977275158544,0.5693977292160511,0.5693977273540645,0.5693977256681834,0.5693977272735727,0.5693976962219558,0.569398493642004,0.5693984941827531,0.5693969671473531,0.5693969685607583,0.569396967897719,0.5693969687839946,0.5693969727098352,0.5693969734272392,0.569396974877525,0.5693969748533717,0.5693969615038876,0.5693969615636705,0.5693969615677337,0.5693969567702833,0.5693969567335858,0.5693969590580628,0.5693969618782706,0.5693969629763052,0.5693969601767086,0.5693969412052078,0.5693969416780921,0.5693969337653239,0.5693969338276794,0.5693969370392994,0.5693969369811616,0.5693969347293966,0.5693969312855136,0.5693969162610202,0.5693968933317676,0.569396893395364,0.5693968939172425,0.569396894630921,0.5693941561828829,0.5693941555721063,0.5693941506149318,0.5693966229670897,0.569396621084733,0.5693966112176495,0.569357402597509,0.5693573846531056,0.5693573813293953,0.5693573608647331,0.5693574060905683,0.569357402811641,0.5693574084218238,0.5693574054723552,0.5693574026044258,0.5693574022223783,0.5693573822752315,0.5693573863756138,0.5693574258192782,0.5693574230080177,0.5693574025630634,0.5693573996357711,0.5693573784574252,0.5693573766300251,0.569357361145873,0.5693573585562374,0.5693573376823581,0.5693573367779023,0.5693573205664298,0.5693573177344455,0.5693573149429657,0.5693573141542376,0.5693572922096845,0.5693572928742298,0.569357290242149
251,0.571129964803442,0.5720284683150205,0.5720284378075298,0.572028417442204,0.572028396306308,0.5720283781509683,0.5720283544604449,0.5720283586695182,0.5720283548763241,0.572028337550053,0.5720283276869506,0.5720283246826732,0.5720283368493789,0.5720283346518821,0.5720283291618865,0.5730415609196561,0.5730415558888394,0.5730415346222572,0.5730415401501561,0.5730415381055921,0.5730415724396452,0.5730415854216586,0.5730415855313483,0.5730415799721467,0.5730416463794844,0.5730416505981076,0.5730416585444508,0.5730416736976179,0.5730417680912607,0.573041769923537,0.573041768160878,0.5730417664977507,0.573041768286664,0.5730417637444696,0.5753949717520249,0.5753949768164537,0.5753949750765217,0.5753949748680319,0.5753949692745218,0.5753949678109628,0.5753949771464879,0.5753949764836026,0.5753949767188343,0.5753949742884632,0.5753949779225368,0.57539497608064,0.5753949741127579,0.5753949728825486,0.5753949717675405,0.5753949775382614,0.5753949859151974,0.5753949879980447,0.5753949835040801,0.5753949717684809,0.5753949709923167,0.5753950197816019,0.5753950196205025,0.5753950188343041,0.5753950185251341,0.5753950162277301,0.5753950055258801,0.5753949969888388,0.5690734702547685,0.5690734747040556,0.569073479195695,0.56907347249309,0.5690733715190308,0.5690733724707374,0.5690733754500135,0.5690732975104144,0.5690732983449314,0.5690732965012677,0.5690732961155918,0.5690732948691786,0.5690732956756943,0.5690732939916648,0.5690732958103007,0.5690732965971698,0.569073294503099,0.569073295253591,0.569073296019471,0.5690732961542547,0.569073294581576,0.5690732934292401,0.5690732965468481,0.5690732972054721,0.5690732954313296,0.5690732961367834,0.5690732944536693,0.5690732948500159,0.5690732938253351,0.5690732944807136,0.5690732931179996,0.5690732936487995,0.5690732928190821,0.5690732935443527,0.5690732932429657,0.5690732933973893,0.5690732921480133,0.5690732895744417,0.5690732902783313
252,0.5870317712759637,0.574741116624346,0.5747410874383215,0.574741065785589,0.5747410418019109,0.5747410194240508,0.5747409893925212,0.5747409928953018,0.5747409881521247,0.5747409636612871,0.574740952957288,0.574740952568654,0.5747409647860378,0.574740955942471,0.5747409493561749,0.5747409948838353,0.5747409894037733,0.5747409562651402,0.5747409609001943,0.5747409586380048,0.5747410016292993,0.5747410109196058,0.5747410100906617,0.5747410048375055,0.5747411174989442,0.5747411197455486,0.5747411262132189,0.5747411664938546,0.5747412349234512,0.5747412364232795,0.5747412346832804,0.5747412330020892,0.5747412344177769,0.574741231912197,0.574741299621907,0.5747413008763357,0.5747413010068582,0.5747413017752079,0.5747412987318619,0.5747412990363517,0.5747413025364057,0.5747413029076215,0.5747413037639324,0.5747413034793645,0.5747413004970422,0.5747413003272712,0.574741300111184,0.5747412963497159,0.5747412961989428,0.5747412982246051,0.5747413041108569,0.5747413050347107,0.5747413032308845,0.5747413040089319,0.5747413041434162,0.578617049990079,0.5786170476809315,0.5786170372345864,0.5786170347361895,0.5786170303698607,0.5786170003818204,0.5786169907177461,0.5786167693615659,0.5786167653939196,0.5786167621859666,0.5786167698217829,0.5786167567607791,0.5786167569413893,0.5786167532856493,0.5786174615765632,0.5786174601877695,0.5786174548651809,0.5786174510778938,0.578617445771427,0.578617444463175,0.5786174383287791,0.5786174525216222,0.578617451225572,0.5786174492474212,0.5786174481446921,0.5786174471436977,0.5786174471889942,0.578617441550995,0.5786174423368752,0.5786174551626815,0.5786174539874384,0.5786174475601966,0.5786174464011398,0.5786174401468535,0.5786174392935003,0.5786174348525743,0.5786174338871007,0.5786174280979254,0.5786174284616588,0.5786174243170067,0.578617423246362,0.5691581051344212,0.5691581060937776,0.5691581102021352,0.5691581022403438,0.5691581061680036
253,0.5964736763350933,0.585764786903944,0.5857648026575074,0.5857648180758253,0.5857648374077908,0.5857648574854272,0.585764885114189,0.585764880510897,0.5857648928038405,0.5857649127790923,0.5857649364493455,0.5921800707655601,0.5921800524105245,0.5921800688043658,0.592180081532938,0.5921800878169385,0.5921801056461415,0.5921801121317519,0.5921801038588731,0.592180111745057,0.5921800940447455,0.5921800871827646,0.5921800947194574,0.5921801081930161,0.5921796450997762,0.5921796475356728,0.592179649091447,0.5786114739444853,0.5786112725769967,0.5786112646291477,0.5786112781414912,0.5786112915375295,0.57861128473705,0.5786112873884456,0.5786112977006523,0.5786112806030137,0.5786112927713616,0.5786113019760027,0.578611311381769,0.5786113232342438,0.5786113037617909,0.5786113113249655,0.5786113187966764,0.5786113300872832,0.5786106443973542,0.5786106426110048,0.5786106407697111,0.5786106475917704,0.578610646600959,0.5786106492884363,0.578610651921168,0.5786106525485528,0.5786106510987792,0.5869699826323592,0.5869699824338478,0.5869699546855777,0.5869699543039971,0.5869699406780118,0.5869699402246472,0.5869699391043942,0.5869699105268661,0.5869699078976172,0.5869698973577097,0.5869698970184729,0.5869698969438205,0.586969898039577,0.5869698946862983,0.5869698950424925,0.5869698947121883,0.5869703189297505,0.5869703186291285,0.5869703142648798,0.5869703132559612,0.5869703093638112,0.5869703090978243,0.5869703044348252,0.5869703137151931,0.5869703134437818,0.5869703103982137,0.5869703101884457,0.5869703100042882,0.5869703100493774,0.5869703057392419,0.5869703057903832,0.5869703150652072,0.5869702946353863,0.5869702926416661,0.5869702922139435,0.586970287263583,0.5869702869055646,0.5869702834641105,0.5869702831187077,0.5869702786232759,0.5869702787446771,0.585265762396801,0.5852657636814853,0.5852657587102371,0.5852657589696711,0.5852657577718156,0.5852657408764215,0.5852657421019855
254,0.5957857442923267,0.5879355562440518,0.587935565653145,0.5879355769142096,0.587935592107459,0.5879356085658191,0.5879356318368449,0.5879356276921078,0.5879356388564128,0.5879356556982769,0.587935677162012,0.5955432743301564,0.5955432622392677,0.5955432735624979,0.5955432824490797,0.5955432818632828,0.5955432946058246,0.5955432930697311,0.5955432877432288,0.5955432934671774,0.5955432887976605,0.5955432858388824,0.5955432916660922,0.59554330103034,0.5955428187535318,0.5955428207465031,0.5955428283420439,0.5794702721227953,0.5794700386802877,0.579470029759627,0.579470044884195,0.5794700598780103,0.5794700522395441,0.5794700559915541,0.5794700675636303,0.5794700483788517,0.5794700619913306,0.5794700722419671,0.5794700839003398,0.5794700971377508,0.5794700751765964,0.5794700836168879,0.5794700919222981,0.5794701045668667,0.5794693008096843,0.579469298136889,0.5794692953822183,0.5794693057645605,0.579469304284699,0.5794693081552784,0.5794693087698011,0.5794693096455981,0.5794693076077816,0.5794701147551762,0.5794701252566548,0.5794701280022482,0.579470138359071,0.5794701449797703,0.5794701553180414,0.5794701640842755,0.5794701751174408,0.5794701816275376,0.5794701725373477,0.5794701822802591,0.579470191913216,0.5794701768725611,0.5794701700365726,0.5794701724199013,0.5794701812646309,0.5794696667587287,0.5794696695740534,0.579469671218244,0.5794696726342912,0.5794696751036423,0.5794696777777072,0.5794696797270871,0.5794696709358721,0.5794696735684249,0.579469667813239,0.5794696702641939,0.5794696727131378,0.579469673092011,0.5794696754135781,0.5794696718487033,0.579469666774385,0.5794696398586602,0.5794696419549231,0.5794696440006978,0.579469646089989,0.5794696472890757,0.5794696489944058,0.579469650840438,0.5794696529233502,0.5794696540343665,0.5794695987779052,0.5794696002473969,0.5794695999029106,0.5794696002456062,0.5794696017128819,0.5794695988670377,0.5794696002697721
255,0.6202313229264099,0.6037939846332373,0.6037939570280062,0.6037939429604092,0.603793932035425,0.6037939250844123,0.603793919227166,0.6037939187128485,0.603793921557212,0.6037939174574589,0.6037939224392939,0.6203082212144533,0.6203082569765997,0.6203082936933972,0.6203082733833762,0.6203075915120106,0.620307565914112,0.6203066788964499,0.6203066960773599,0.6203066854413035,0.6203076006384193,0.6203076283660695,0.620307621523889,0.6203075996885616,0.6203056238681335,0.6203056231366587,0.6203056772320584,0.6200366345970626,0.6200408957842594,0.6200409130301608,0.620040885449066,0.6200408581173322,0.6200408729883626,0.6200406826471264,0.6200406614752542,0.6200406983967803,0.6200406738165859,0.620040656712934,0.6200403275396215,0.6200403042319493,0.6200403504774845,0.6200403360790043,0.620040322720037,0.6200402994811387,0.6192911138402162,0.619291082239204,0.6192910496923144,0.6192891423435284,0.6192891193948351,0.6192891831588667,0.6192898676420863,0.6192898830130811,0.6192898488470142,0.6192919491658816,0.6192919213266096,0.6192917390567055,0.6192917112794342,0.6192914843120475,0.6192914564592735,0.6192914314350859,0.6192910128564529,0.6192909914992217,0.6192910019651822,0.6192909759385018,0.6192909506992675,0.6192909920583911,0.6192910050972602,0.6192909996442801,0.6192909759701203,0.6192967682794863,0.6192967601417618,0.6192967377821885,0.6192967322810059,0.6192967093080862,0.6192967015978551,0.6192966755637408,0.6192967377061205,0.6192967301064164,0.6192961994002436,0.6192961889267925,0.6192961784602893,0.6192961769612635,0.6192961404814451,0.6180984686625078,0.6180985667373381,0.6180985546597247,0.6180985042848955,0.6180984913344788,0.618098439334065,0.6180984312328704,0.6180983926352713,0.618098381035226,0.6180983297457068,0.6180983232833441,0.6180982832933051,0.6180982705977657,0.6180982690741637,0.6180982657908851,0.6180982124922844,0.6180982266875702,0.6180982147096966
256,0.6214144588752497,0.6156265279425958,0.6156264837139472,0.6156264568244896,0.6156264315490336,0.6156264109342211,0.6156263871077794,0.6156263894083006,0.6156263859152661,0.6156263689179609,0.6156263612975611,0.6265967522422795,0.6265967818860201,0.6265967589171244,0.6265967419897923,0.626596698538627,0.6265966770894453,0.6265966247630048,0.6265966390375389,0.6265966301021667,0.6265967092663486,0.6265967320353047,0.6265967262062573,0.6265967079869966,0.6074395370846769,0.6074395424492441,0.6074395159903997,0.6074393240321422,0.6074392743502525,0.6074392693792353,0.6074392784132427,0.6074392873820421,0.607439283216264,0.6074392812272577,0.6074392881072906,0.6074392773810461,0.6074392855905077,0.6074392923013919,0.6074392923071594,0.6074393005090907,0.6074392897187233,0.6074392951164771,0.6074393007321235,0.6074393082123761,0.6074389520820089,0.6074389539707072,0.6074389518727785,0.5975485819266406,0.5975485897462579,0.5975485696367483,0.5975485688437998,0.5975485643922829,0.5975485749313284,0.5975484443706282,0.5975484539181474,0.5975484543479548,0.5975484637298317,0.5975484687256523,0.5975484780753155,0.5975484858768734,0.5975484934963682,0.59754849902285,0.5975484895764435,0.5975484984081866,0.5975485071920685,0.5975484936953346,0.5975484870098899,0.5975484892669156,0.5975484972786796,0.5975481597372774,0.5975481620720227,0.5975481590369693,0.5975481600767563,0.5975481584753732,0.5975481607250905,0.5975481189104064,0.5975481211624788,0.5975481229220992,0.5975479141375093,0.5975479135556749,0.5975479129707122,0.5975479128893957,0.5999869493678583,0.5999869526701678,0.5999869552188768,0.5999869543432602,0.5999869529768965,0.599986952048484,0.5999869507299186,0.5999869504604848,0.599986949465408,0.5999869486181506,0.5999869474270446,0.5999869467551401,0.5999869456356786,0.5999869447180127,0.5999869458994176,0.599986945758471,0.5999869446906536,0.5999869486560986,0.5999869477821858
257,0.6283365649408484,0.6193663268199019,0.6193662793848793,0.6193662496039068,0.619366220815867,0.61936619665166,0.6193661679836869,0.6193661711270967,0.6193661655892597,0.619366145130788,0.6193661334936877,0.6284841274219972,0.6284841548933936,0.6284841333439544,0.6284841175875178,0.6284840801443042,0.6284840601206634,0.6284840155601557,0.6284840287835549,0.6284840204354465,0.628484089733244,0.628484110600262,0.6284841050719593,0.628484088119335,0.6032625390701363,0.6032625461926642,0.603262494685254,0.6032623518403002,0.6032620620832204,0.6032620501893349,0.6032620706063853,0.6032620908529361,0.6032620807062195,0.6032620848005706,0.6032621004113917,0.6032620748175367,0.6032620932239298,0.6032621073014642,0.6032621214330275,0.6032621394220544,0.6032621107401293,0.603262122281955,0.6032621337604251,0.6032621508004892,0.6032619340434242,0.603261946699402,0.6032619544254363,0.6009211574689733,0.6009211617408021,0.6009211508501233,0.6009211508656824,0.6009211484908317,0.6009211541796068,0.6009210819915495,0.600921087224319,0.600921087022163,0.6009210921540775,0.6009210947918102,0.6009210999015272,0.6009211041280711,0.6009211079063068,0.6009211108152523,0.6009211052934215,0.6009211101252973,0.6009211149480822,0.6009211076073122,0.6009211038200155,0.6009211050814771,0.6009211094636884,0.6009209262936314,0.6009209275773525,0.6009209260749225,0.600920926610332,0.600920925860277,0.6009209270956444,0.6009208411184525,0.6009208444934235,0.6009208447499728,0.6009207943354046,0.6009207940520818,0.6009207937686099,0.600920793737051,0.6017984126095881,0.6017984131669383,0.6017984147718731,0.6017984147328035,0.6017984138340217,0.601798413794361,0.6017984129379302,0.6017984129457176,0.6017984123741945,0.6017984123409457,0.6017984116209772,0.601798411572717,0.6017984110326153,0.6017984110013933,0.601798411179512,0.6017984111770085,0.6017984105266133,0.6017984109919908,0.6017984109659495
258,0.6340808682302147,0.634373426105477,0.634373369164859,0.6343733283245403,0.6343732845647628,0.6343732443205315,0.634373192466883,0.6343731992783844,0.6343731854795825,0.6343731468222916,0.6343731187560679,0.6360006204058782,0.6360006394410516,0.6360006245098603,0.636000613468605,0.6360005881274886,0.6360005739680532,0.6360005436618485,0.636000552814453,0.6360005468958435,0.6360005940534363,0.6360006080847845,0.6360006040307393,0.6360005921583206,0.6307730590247009,0.6307730581773618,0.6307730805326313,0.6307731401633075,0.6307744414256978,0.6307744309282031,0.6307744492648806,0.6307744674528097,0.630774458544148,0.630774463254935,0.63077447724624,0.6307744546321831,0.6307744711862509,0.6307744841110334,0.6307744985825746,0.6307745148759101,0.6307744902941164,0.6307745008406892,0.6307745114678697,0.630774526737136,0.6307743801051245,0.6307743923344223,0.6306955834672275,0.630695548387857,0.630695552006693,0.6306955437517632,0.6306955454889607,0.630695543996013,0.6306955481726542,0.6306954766697664,0.6306954812507158,0.6306954777958428,0.6306954821929533,0.6306954842342992,0.6306954885662989,0.6306954918025471,0.6306954927493446,0.6306954942289901,0.6306954864400116,0.6306954905946086,0.6306954948929984,0.6306954889740868,0.6306954844701981,0.6306954858286576,0.6306954895803562,0.6306954052259164,0.6306954062329071,0.6306954031476744,0.6306954032204696,0.6306954010001633,0.6306954019810521,0.6306953546746081,0.6306953603317035,0.6306953608075101,0.6306953561868353,0.6306953566626092,0.630695357147054,0.6306953572883222,0.63069535447251,0.6306953528676712,0.6306953597078779,0.6306953600871489,0.6306953563970549,0.6306953568212391,0.6306953532746855,0.6258283585160582,0.6258283595501654,0.6258283613973408,0.6258283626003993,0.6258283638825521,0.6258283651809791,0.6258283671995679,0.6258283658678551,0.6258283031649757,0.6258283036881309,0.625828299057385,0.6258283004219238
259,0.6343076562546478,0.6342969596771704,0.6342969030253587,0.634296862443399,0.6342968189972222,0.6342967790720371,0.6342967276681423,0.6342967344584631,0.6342967207060357,0.6342966824619887,0.6342966544808984,0.635962550418462,0.6359625694994167,0.6359625545150355,0.6359625434495669,0.6359625182762745,0.635962504088689,0.6359624740028664,0.635962483183697,0.6359624772593143,0.6359625242532653,0.6359625383146189,0.6359625342500617,0.635962522351705,0.6306120089534741,0.6306120081433468,0.630612030039923,0.6306120880301458,0.6306133768758313,0.6306133663601904,0.6306133847281907,0.6306134029481811,0.6306133940231332,0.6306133986864196,0.6306134127052117,0.6306133900521448,0.6306134066350937,0.6306134195801116,0.6306134339882848,0.6306134503082849,0.6306134256841319,0.6306134362498276,0.6306134468911433,0.630613462187442,0.6306133159122301,0.630613328162979,0.6305326729154542,0.6305326383244383,0.6305326418821715,0.6305326337689132,0.6305326355761446,0.6305326341199327,0.6305326382195097,0.6305325679096023,0.6305325724171752,0.6305325689459876,0.6305325732721846,0.6305325752456722,0.6305325795074522,0.6305325826885894,0.6305325835373881,0.6305325849792132,0.6305325772779585,0.6305325813647217,0.6305325855960403,0.6305325797826968,0.6305325753532944,0.6305325766896562,0.6305325803808751,0.6305325002984001,0.6305325012848229,0.6305324981617734,0.6305324982279505,0.6305324959687258,0.6305324969303154,0.630532448592429,0.6305324543969357,0.63053245484251,0.630532450312447,0.6305324507601181,0.6305324512161509,0.6305324513535688,0.6305324484844353,0.630532446923577,0.6305324538662669,0.6305324542198142,0.6305324504763782,0.630532450873573,0.6305324472744472,0.6255518980532413,0.6255518991560151,0.625551901037468,0.6255519023278835,0.6255519036273142,0.6255519049942783,0.625551907050238,0.6255519057184968,0.6255518476076084,0.6255518482605046,0.6255518435048147,0.6255518449464031
260,0.5335069760103579,0.5335350181826861,0.5309349958016258,0.5309349100933357,0.5309348643033068,0.5347444250153282,0.5347444051957995,0.5347443400032641,0.534744338437118,0.5312009687770791,0.5312009597313653,0.5312009474990192,0.5312009490497507,0.5312009512094263,0.5312009539559163,0.5312009589349157,0.5312009632422524,0.5312009710703092,0.5312009713402752,0.5312009740764696,0.5312009796399423,0.5277834869598887,0.5277834156667517,0.5277834172453602,0.5277832233561053,0.5277832558618141,0.5277832660101303,0.5277832178317544,0.5277831414820173,0.5277831428529224,0.5277831435944587,0.5277831442889126,0.5277831467281363,0.5277831504327177,0.5277831508291809,0.5277831544386123,0.5277831550513012,0.5277831581600947,0.5277831131504029,0.5277831138785808,0.5277831520798438,0.5277830760787448,0.5277830790537896,0.5277830769037077,0.5277830643515717,0.5277830639547102,0.5277830622840382,0.5277830668924534,0.5277830659404543,0.5382549851036196,0.5382549881952505,0.5382549925985162,0.5382549823531407,0.5382551080762069,0.5382550990346009,0.5382550966690357,0.5382550877520706,0.5382550820513955,0.5382550731503005,0.5382550656026479,0.538255056102229,0.5382550504968768,0.5382550583225016,0.5382550499340448,0.538255041640261,0.5382550545902478,0.5382550604756177,0.53825505842389,0.5382550508108451,0.5382554938093683,0.5382554913856158,0.53825548996951,0.5382554887504298,0.5382554866239806,0.5382554843218236,0.5382554826430237,0.5382554902127141,0.5382554879462667,0.5382554929009398,0.5382554907909205,0.5382554886825828,0.5382554883564109,0.5382554863571566,0.538255489424529,0.5382554937943838,0.5382554918666186,0.5382554897884472,0.5382554877610783,0.5382554856897556,0.5382554845013281,0.538255482810852,0.5382554809813196,0.538255478916402,0.5382554778152814,0.5382554759870881,0.5382554739828144,0.5382554744523858,0.5382554739850295,0.5382554719833,0.5382554758642588,0.5382554739509896
261,0.5350547609803966,0.5352197364055958,0.5334182891260536,0.5334181863484654,0.5334181166745859,0.5400383580331167,0.540038349667355,0.5400383508943793,0.5400383479016044,0.5400382626772051,0.5400381797623535,0.540038209086146,0.54003822215455,0.540038211106137,0.5400382027990502,0.5400381921559426,0.5400381809997903,0.5400381690351862,0.5400381751144667,0.5400381702904112,0.540038192070184,0.5400379307742865,0.5400379227242894,0.5400379050777836,0.5400380838375647,0.5400378942737413,0.5400379173351412,0.5400379649616548,0.5400381078498582,0.5400381133100656,0.5400381040527195,0.54003809487537,0.540038099550822,0.5400380972540229,0.5400380901710143,0.5400381019137419,0.5400380935819495,0.5400380873079603,0.5400379864875252,0.540037976438344,0.5400379931113433,0.5400379867041869,0.5400379803994274,0.540037970800085,0.5400380507737829,0.5400380431065662,0.5400380352044927,0.5400380649829888,0.5400380607377875,0.5400380718418248,0.540037892852945,0.5400378965105564,0.5400378879999596,0.5400379924351748,0.5400379849246316,0.5400379829595606,0.5400379755525494,0.5400379708171058,0.540037963423262,0.5400379571536137,0.5400379492617148,0.5400379446054551,0.5400379511059459,0.5400379441378835,0.5400379372485634,0.5400379480056683,0.5400379528944842,0.5400379511901974,0.5400379448661079,0.5400383128525048,0.5400383108392928,0.5400381863221291,0.5400381845305731,0.540038181405771,0.5400381567392177,0.5400381540925976,0.5400381660269364,0.5400381624535221,0.5400381702655711,0.5400381669386525,0.5400381636144566,0.5400381631001855,0.5400381599483342,0.5400381647845675,0.5400381716739509,0.5400381686345296,0.5400381653583223,0.5400381621615934,0.5400381588961806,0.5400381570223578,0.5400381543572705,0.5400381514725322,0.5400381482172292,0.5400381464810972,0.5400381435989217,0.5400381404387717,0.5400381411791491,0.5400381404422797,0.540038137286547,0.5400381434055339,0.5400381403889489
262,0.5376477050290572,0.5373682052023445,0.536590963270992,0.5365908961250119,0.5365908461967223,0.5394397132916899,0.5394396971369779,0.5394396999207057,0.5394397005402436,0.5394396563464429,0.5364645621953356,0.536464548621086,0.5364645446742675,0.5364645486280296,0.5364645523203798,0.5364645558680636,0.5364645682752126,0.5364645734396863,0.5364645715050431,0.5364645741866401,0.5364645690393356,0.5364645750210948,0.5364645790810175,0.5364285629087885,0.5364285198020445,0.5364284037868643,0.5364284082697081,0.5364284097394468,0.5364284310615763,0.5364284320001866,0.5364284311607949,0.5364284302964075,0.536428431307879,0.5364284302133381,0.5364284294788717,0.5364284315676249,0.5364284307669964,0.5364284320538618,0.5364284300537321,0.5364284298275737,0.53642843570563,0.5364284361792651,0.5364283958756906,0.5364283919688397,0.5364284065704187,0.5364284053285556,0.5364284039514579,0.5364284084876298,0.5364284077334149,0.5364284134375795,0.5364284183271543,0.5364284198560254,0.5364284180674121,0.5364284386547775,0.5364284379236434,0.5364284355437038,0.5359241255842108,0.5359241269325649,0.5359241267815991,0.5359241263157908,0.5359241262919213,0.5359241254310727,0.5359241240106029,0.5359241240819956,0.5359241253165461,0.5359241263208716,0.5359241256065269,0.5409934905629235,0.5409934852905895,0.540993792007077,0.5409937903289604,0.5409937893484231,0.5409937885044342,0.5409937870320993,0.5409937854381234,0.540993784275796,0.5409937895168044,0.5409937879475518,0.5409937913781019,0.5409937899171634,0.5409937884573985,0.5409937882315617,0.5409937868473585,0.5409937889710958,0.5409937919966674,0.5409937906619819,0.54099378922313,0.5409937878193469,0.5409937863852394,0.5409937855623946,0.5409937843934194,0.5409937831266746,0.5409937816970607,0.5409937809346751,0.5409937796689441,0.5409937782812736,0.5409937786063653,0.5409937782828396,0.5409937768968778,0.5409937795838828,0.54099377825925
263,0.5407505061516753,0.5396305103545175,0.5396304945567544,0.5396304939815412,0.5396304940123853,0.5396305591912544,0.5396305668727949,0.5396305717208036,0.5396305753774077,0.5396305859553671,0.5396305078981054,0.5396304948724286,0.5396304998633196,0.5396304924688565,0.5396304937212734,0.5396304951470963,0.539966960955022,0.5399669663631649,0.5399669683998726,0.5399669702002249,0.5399669769249998,0.5399670001852008,0.5399670064725696,0.5399670028818042,0.5399669604464631,0.5399669791655248,0.5399669841412804,0.5399669728300787,0.5399669771631052,0.5399669780697836,0.5399669787168141,0.5399669791814667,0.5399669804544629,0.5399669795732237,0.5399669796700725,0.539966981756532,0.5399669820949157,0.5379412531251616,0.5379412654129574,0.5379412727746332,0.5379412885911093,0.5379412935286655,0.5379412608794897,0.5379412612071433,0.5379412017431422,0.5379412024632678,0.5379412028387212,0.5379411975686761,0.5379411976625958,0.5379412101966221,0.5379412049817827,0.5379412095181348,0.5379412040740786,0.5379411495373625,0.5379411511291615,0.5379411502026991,0.537941151365502,0.5379411622372278,0.5379411618862997,0.5379411602391788,0.537941166938365,0.5379411635211381,0.5379411571674987,0.5379411577528149,0.5379412295736588,0.5379412311990187,0.5379412275535782,0.5379412364289146,0.5379412373106088,0.6188312556110784,0.6188312249375035,0.6188312070197832,0.6188311915913677,0.6188311646834694,0.6188311355485074,0.6188311143062217,0.6188312100963106,0.6188311814134656,0.6188312441184792,0.6188312174148216,0.61883119073266,0.6188311866048047,0.6188311613070684,0.6188312001262625,0.618831255420479,0.6188312310238717,0.6188312047283636,0.6188311790690185,0.618831152859868,0.6188311378196684,0.6188311164282679,0.6188310932737228,0.6188310671457274,0.6188310532103489,0.6188310300766586,0.6188310047112627,0.6188310106540637,0.6188310047397799,0.6188309794101816,0.6188310285261248,0.6188310043129863
264,0.5425360626668422,0.5419769600643513,0.5419769518062342,0.5419769533306803,0.5419769565406268,0.5419769873993535,0.5419769974441458,0.5419770044202882,0.5419770092423358,0.5419770237875551,0.5419769953827027,0.5419769657358325,0.5419769709823107,0.5419769487485538,0.5419769517433766,0.5419769561700766,0.5429504806382627,0.5429504879049353,0.5429504909081287,0.5429504920563291,0.5429504980112432,0.5429505183709428,0.5429505235174429,0.5429505227832837,0.5429504797536342,0.5429504931741793,0.5429504990575352,0.5429504878218858,0.5429504949340817,0.54295049610476,0.5429504977547321,0.5429504980848207,0.5429504995465602,0.5429504991305671,0.5429504988911635,0.5429505014898264,0.5429505015738089,0.5429504384534519,0.5429504367256744,0.5433248271406397,0.5433248344825838,0.5433248340580463,0.5433248362037998,0.5433248343022103,0.5433248480035645,0.5433248465798082,0.5433248450343532,0.5433248497598044,0.5433248489061238,0.543324853900331,0.5433248573530091,0.5433248588991981,0.543324855906653,0.5433248738862485,0.5433248733343536,0.5433248708232202,0.5433248699645354,0.5433248701714629,0.5426156676668336,0.5426156674242439,0.5426156676337158,0.5426156669701085,0.5426156654080952,0.5426156656921721,0.5426156840662966,0.5426156838688315,0.542615682858532,0.5426156840323728,0.5426156844596928,0.5426157443276027,0.5426157443324937,0.5426157420533221,0.5426157418135571,0.5426157398601953,0.5426157398829062,0.5426157377078377,0.5426157422298161,0.5426157422440516,0.5426157419405598,0.5426157420885558,0.5426157421596896,0.5426157422418434,0.5426157400198276,0.5426157399248571,0.5426157449578333,0.5426157449606468,0.5426157424818817,0.5426157424992372,0.5426157402024405,0.5426157401986326,0.5426157387060675,0.5426157387646016,0.5426157368538027,0.5426157374076992,0.5426157361193652,0.5423830614210514,0.5423830604944656,0.5423830605478127,0.5423830623662408,0.542383060415604,0.5423830608264584
265,0.5455581917532725,0.5465154440952478,0.5465154318686599,0.5465154225752497,0.5465154121079917,0.5465154024868073,0.5465153890490488,0.5465153902994936,0.546515389113476,0.5465153775472387,0.5465153742771436,0.546515388107974,0.546515391711477,0.5465154929551448,0.5465154925474395,0.5465154903390042,0.5465154946236684,0.5465154927670836,0.5465154935269639,0.5465154935197973,0.5465154979341577,0.546515501350391,0.5465155019961734,0.5465155015100697,0.5465155051639016,0.5465155070675426,0.5465155083602938,0.5465155083695359,0.5465155121842853,0.5465155124573635,0.5465154789114212,0.5465154784115039,0.5465154789839094,0.5465154781637779,0.5465154776244346,0.5465154788850852,0.5465154783267038,0.5465154790335428,0.546515477368763,0.546515479205369,0.5465154817980212,0.5465154817245563,0.5465154822796645,0.5465154816949371,0.5465154867012659,0.5465154862699715,0.5465154857963768,0.5465154869799146,0.5465154867151756,0.5465154884175004,0.5465154898476421,0.5465154904212626,0.546515487879394,0.5465154921789136,0.5465155415700029,0.5465155414236053,0.5465155416700433,0.5465155443577285,0.5465155445266143,0.5465155442730985,0.5465155454356899,0.5465155448684165,0.5465155436298876,0.5465155438553725,0.5465155445180563,0.5465155444735573,0.5465155437591874,0.546515544233073,0.546515544428208,0.546515530112124,0.546515530172748,0.5465155303755999,0.5465155302064193,0.5465155303523316,0.5465155304076661,0.5465155305405263,0.5465155303015671,0.546515504212105,0.5465155039104252,0.5465155040007406,0.5465155041090523,0.5465155041625447,0.5465155043554857,0.5465155042381443,0.5465155041265967,0.5465155041718475,0.5465155043571316,0.5465155044069762,0.5465155046570084,0.5465155046781605,0.546515504837198,0.5465155048963536,0.5465155075515282,0.5465155085217671,0.5465155087474054,0.5465155088472619,0.5465155086022965,0.5465155086195768,0.5465155088941201,0.5465155083528769,0.5465155085104946
266,0.54869270188746,0.5510456189875174,0.5510455853907992,0.5510455657736086,0.5510455479178311,0.5510455340667348,0.5510455182357131,0.5510455192799224,0.5510455195350782,0.5510455074824956,0.5510455069169776,0.5510455159906928,0.5510455173908957,0.5525483941354163,0.5525483923360307,0.5525483774115842,0.5525483790660102,0.5525483636348837,0.5525483684444984,0.5525483691108956,0.5525484015114228,0.5525484230806806,0.552548427919419,0.552548425625006,0.5525484533304286,0.5525484651003546,0.5525484734002742,0.5525484789766063,0.5525485490277852,0.5525485508020359,0.5520451453412796,0.5520451658766322,0.5520451678454709,0.5520451680565631,0.5520451679209852,0.5520451713064899,0.5520451723709642,0.5520451799696234,0.5520451800397326,0.5520451867008483,0.5520452004894277,0.5520452032006461,0.5520452099520384,0.5520452099549505,0.5520451835669088,0.5520451838685259,0.552045183936715,0.5520451768959705,0.5520451768189834,0.5520451852461304,0.5520451906692573,0.5520451943948934,0.5498685919554575,0.5498685646881635,0.5498685666506163,0.549868567163085,0.5498685690970331,0.5498685703433924,0.5498685722740315,0.54986857391062,0.5498685759714491,0.5498685771865603,0.5498685754883156,0.5498685773078104,0.5498685791069678,0.549868576298259,0.5498685750212472,0.5498685754664733,0.5498685771182529,0.5498684810425183,0.5498684815683024,0.5498684818751771,0.5498684821395907,0.5498684826005401,0.5498684830999317,0.5498684834637858,0.5498684818224086,0.5498684823140597,0.5498684812391776,0.5498684816969615,0.5498684821543188,0.5498684822250594,0.5498684826584743,0.5498684819930392,0.5498684810458178,0.5498684814640289,0.5498684819144439,0.5498684823542754,0.5498684955295959,0.549868495864066,0.5498684963396391,0.5498684968544947,0.5498684974353325,0.5498684977452846,0.5498684982596282,0.5498684988236834,0.5498684986914746,0.5498684988229859,0.5498685006718534,0.5498684995559447,0.5498685001060445
267,0.5528956635174683,0.5563473262403359,0.55634731038632,0.5563473021526173,0.5563472953552199,0.5563472911756677,0.5563472866896045,0.5563472875275813,0.5563472895075651,0.5563472865562133,0.5563472888862261,0.5563472819692905,0.5563472807454548,0.5570852572503282,0.557085259107307,0.5570853117196382,0.5570853207777986,0.5570853212816237,0.5570853211739799,0.5570853243981796,0.557085330027484,0.5570853404250099,0.5570853460205875,0.5570853494799688,0.5570853073668327,0.5570853157501445,0.5570853170528088,0.5570853121526744,0.5570853518644474,0.5570853520546492,0.5570853458758541,0.5580065413360948,0.5580065420683488,0.5580065411044303,0.5580065410274055,0.5580065423169207,0.5580065396402921,0.5580065415975952,0.5580065399320554,0.5580065412769186,0.5580065461991359,0.5580065470230151,0.5580065489395931,0.5580065488180702,0.5580065436766627,0.5580065436780389,0.558006543600097,0.5580065406340097,0.5580065405534831,0.5580065435444539,0.5580065480379874,0.558006549370457,0.5580065423144149,0.5580065433882735,0.5580065443123221,0.5580065386204955,0.5580065386543113,0.558006642127756,0.5580066432364593,0.5556440435236294,0.5556440457695361,0.5556440472519435,0.5556440450624215,0.5556440471920505,0.5556440493306337,0.5556440460843053,0.5556440444665681,0.5556440450369938,0.5556440469679477,0.5556439569241898,0.5556439585106646,0.5556439579980874,0.5556439582623378,0.5556439580649606,0.555643958626844,0.5556439582346696,0.5556439579808599,0.5556439585312622,0.5556439572877514,0.5556439578062053,0.5556439546054913,0.5556439546823412,0.5556439543110718,0.5556439536142551,0.5556439542947218,0.555643954722693,0.5556439542900747,0.5556439547439197,0.5556439543505864,0.5556439546143136,0.5556439544205888,0.5556439548365535,0.5556439545647,0.5556439549084886,0.5556439548000913,0.5556439552595916,0.5556439551053906,0.5556439552080823,0.5556439549813027,0.5556439540086848,0.55564395445195
268,0.5598348804013161,0.5607867501683065,0.5607867436313053,0.5607867407131117,0.560786738500197,0.5607867379698941,0.5607867371622376,0.5607867385438601,0.5607867402106973,0.5607867404729795,0.560786741770861,0.5607867273547019,0.5607867274760419,0.560786764360471,0.560786767024175,0.5616266354923604,0.5616266419544418,0.5616266449042514,0.5616266436917279,0.5616266464074511,0.5616266448268653,0.5616266486095006,0.5616266523687291,0.5616266559879651,0.5616266107884439,0.5616266151604822,0.5616266143329282,0.561626607201795,0.5616266210252753,0.5616266207774013,0.5616266222248009,0.5616266429701231,0.5616266427034904,0.5616266405995277,0.5616266685996462,0.5616266666446744,0.5613846985652864,0.5613847024690609,0.5613847026927073,0.5613847060039071,0.5613847104763691,0.5613847127948068,0.5613847164822157,0.5613847179561894,0.5613846878887958,0.5613846892101056,0.56138469046045,0.5613846791722914,0.5613846797751046,0.5613846821678072,0.5613846873415577,0.5613846889124297,0.5613846838528859,0.5613846559490837,0.5613846577309701,0.5613846469858059,0.561384647904279,0.561384656576618,0.5613846572756023,0.5613846190963856,0.5613846132073625,0.5573232070598524,0.5573232034201618,0.557323207319994,0.5573232111758823,0.5573232051555691,0.557323202418261,0.5573232033723485,0.5573232069126673,0.5573230009702982,0.5573230020972789,0.5573230027552941,0.5573230033205709,0.5573230043088657,0.5573230053792309,0.557323006159395,0.557323002640713,0.5573230036944998,0.5573230013906997,0.5573230023718159,0.5573230033520932,0.5573230035037317,0.5573230044329301,0.5573230030067295,0.5573230009758144,0.5573230018721359,0.5573230028379037,0.5573230037805985,0.5573230047431699,0.5573230052958111,0.5573230060814243,0.5573230069321599,0.5573230078917842,0.5573230084037858,0.5573230092535547,0.5573230101854122,0.5573230099669821,0.5573230101842842,0.5573230111146128,0.5573230093100251,0.5573230101996168
269,0.5686785731962914,0.5690742382948613,0.5690742077068007,0.5690741885403118,0.5690741696207176,0.5690741542254037,0.5690741348131211,0.5690741383956971,0.5690741360914546,0.5690741224194684,0.5690741154713483,0.5690741100884406,0.5690741192216264,0.5690741273942619,0.5690741240717931,0.5711296562113898,0.5711296513016861,0.5711296332773723,0.5711296387028806,0.5711296366515374,0.5711296675066269,0.5711296803225242,0.5711296804068317,0.5711296749016764,0.5711297358206153,0.5711297400088456,0.5711297478191355,0.5711297608478709,0.5711298471386429,0.5711298489360661,0.571129847193669,0.5711298455803108,0.5711298473365677,0.5711298431792087,0.5734608680679703,0.573460872975931,0.5734608658376243,0.5734608656118595,0.5734608601592145,0.5734608586822916,0.5734608679668886,0.5734608672585627,0.5734608674699594,0.5734608650003234,0.5734608728040118,0.573460870929962,0.5734608689271327,0.5734608693419112,0.5734608682131604,0.5734608739918924,0.5734608814916081,0.5734608835473253,0.5734608788211983,0.573460877911735,0.5734608771487614,0.5734608623794082,0.5734608611566778,0.5734608614354728,0.5734608600655978,0.5734608565561757,0.5734608469728757,0.5734608350942467,0.573460541592345,0.5734605374594773,0.5734605339374693,0.5734605413656175,0.5683698122999696,0.5683698132502372,0.5683698147267817,0.5683699272439354,0.5683699275538064,0.5683699245334533,0.5683699215733073,0.5683699189959643,0.5683699193009492,0.5683699161377297,0.5683699217878825,0.5683699220799238,0.5683699200068304,0.5683699203320906,0.5683699207239041,0.5683699208634845,0.5683699179137963,0.5683699171930099,0.56836992354601,0.5683699237688833,0.5683699204489342,0.5683699207123967,0.5683699175200174,0.568369917614378,0.5683699154942132,0.5683699157751078,0.5683699129893882,0.5683699136653825,0.5683699117964182,0.5683699121063028,0.5683699078260407,0.568369907867494,0.568369905107173,0.5683698992115392,0.56836989952177
270,0.569236070709147,0.5722015633110613,0.5722015322627455,0.5722015113978091,0.5722014895897312,0.5722014708056596,0.5722014460846144,0.5722014505606092,0.572201446762968,0.5722014285657391,0.5722014184455213,0.5722014142478647,0.5722014268823008,0.5722014238264848,0.5722014182268508,0.5731534692814966,0.5731534644461813,0.5731534417410467,0.5731534474502785,0.5731534455090602,0.5731534820003449,0.5731534958358263,0.5731534962152959,0.5731534906528972,0.5731535572470159,0.5731535619477428,0.5731535702171782,0.5731535848810899,0.5731536817398734,0.5731536836423304,0.5731536818991576,0.5731536802686897,0.5731536821410942,0.573153677630102,0.5753643951294003,0.5753644001030153,0.5753643985943796,0.5753643986808078,0.5753643930440432,0.5753643918443634,0.5753644014314505,0.5753644009682032,0.575364401482502,0.5753643992065165,0.5753643992869677,0.5753643975786534,0.5753643957412018,0.575364393110541,0.5753643920595175,0.5753643979422083,0.5753644069092451,0.5753644090984448,0.5753644044232609,0.5753643873244976,0.5753643866801962,0.5753644415488253,0.5753644415967679,0.5753644408921227,0.575364440777512,0.5753644384671844,0.5753644270460362,0.5753644179590288,0.5683267259590267,0.5683267316416771,0.5683267373532255,0.5683267287546472,0.5683266516225721,0.568326652953136,0.568326657335535,0.5683264866525642,0.5683264879538447,0.5683264868024988,0.5683264867086993,0.5683264862196448,0.5683264874665002,0.5683264864932289,0.5683264860970975,0.5683264873189264,0.5683264842623885,0.5683264854168579,0.5683264865861843,0.568326486785508,0.5683264859993942,0.5683264842573085,0.5683264857421212,0.5683264867716247,0.5683264858349711,0.5683264869292726,0.5683264860653617,0.5683264866897421,0.5683264862709804,0.568326487275295,0.5683264866693393,0.5683264874084412,0.568326487187302,0.5683264882927799,0.568326487556835,0.5683264878017136,0.5683264872583688,0.5683264838039597,0.5683264848683689
271,0.5790642258580453,0.5746009991773557,0.5746009717491133,0.5746009512538139,0.5746009286030002,0.5746009071694446,0.5746008787063767,0.5746008810838836,0.5746008768477259,0.5746008528790697,0.5746008440125651,0.5746008380662129,0.5746008476888054,0.5746008416041228,0.5746008359758834,0.5746008456762773,0.5746008399492804,0.5746008033008272,0.5746008070905645,0.5746008046611303,0.5746008482937679,0.5746008543796483,0.574600852776349,0.5746008478604601,0.5746009859835388,0.5746009865955423,0.5746009916900686,0.5746010526310363,0.5746011098534821,0.5746011110473154,0.5746011093515042,0.5746011076853406,0.5746011087611939,0.5746011062966219,0.5746011446136512,0.5746011460035196,0.5746011454546757,0.5746011453029022,0.5746011416545852,0.5746011411773337,0.574601143607675,0.5746011433748889,0.5746011433457755,0.5746011426535861,0.5746011569565055,0.5746011564265721,0.5746011558610777,0.5746011576408785,0.5746011573250648,0.5746011588094211,0.5746011633467548,0.5746011638732159,0.5746011627664183,0.5746011979207398,0.5746011976693297,0.5800168474748838,0.5800168427953931,0.580016820155183,0.5800168152980468,0.5800168090458041,0.5800167575010585,0.5800167469073275,0.5800166903602685,0.5800166859884985,0.5800166823559623,0.5800166905811972,0.5800166797673567,0.580016679815456,0.5800166757945162,0.5800175594324443,0.5800175579726217,0.5800175532770454,0.5800175496979499,0.5800175448435999,0.5800175434590122,0.5800175377928898,0.5800175511278163,0.5800175497609985,0.5800175479073632,0.5800175467341085,0.5800175456571017,0.5800175456882001,0.5800175405831128,0.5800175414782316,0.5800175531785883,0.580017551948597,0.5800175461491098,0.5800175449258127,0.5800175392178198,0.5800175383268985,0.5800175341997975,0.5800175331683183,0.580017527731945,0.5800175280157891,0.5800175241088791,0.5800175229606658,0.580017190640758,0.580017189771135,0.5800171781664931,0.5837378967545666,0.583737893866619
272,0.5868928922821194,0.5815767971373157,0.581576826318083,0.5815768505032829,0.5815768785014033,0.5815769061614122,0.5815769428405235,0.5815769375075044,0.5815769520305207,0.5815769786503558,0.581577006513791,0.5857102567755076,0.585710226687403,0.5857102525986826,0.5857102726730724,0.5857102927202645,0.5857103203387292,0.5857103425118586,0.5857103287465373,0.5857103408460185,0.5857102983727247,0.5857102845278536,0.5857102954864727,0.5857103167987888,0.5857098836839656,0.5857098871889758,0.5857098774603479,0.5769492111356066,0.576949067045899,0.5769490610254097,0.5769490714335601,0.5769490817593624,0.5769490766354606,0.5769490778369885,0.5769490857985411,0.5769490728410406,0.5769490822437696,0.5769490895053934,0.5769490954882284,0.5769491047055083,0.5769490903756658,0.5769490963041664,0.5769491022478013,0.5769491109242865,0.5769486523630196,0.5769486522988978,0.5769486522250874,0.5769486509475147,0.5769486508989463,0.5769486514343017,0.5769486561371444,0.5769486563757088,0.5769486559786949,0.6017928744104429,0.6017928519244992,0.6017926411532204,0.6017926184196712,0.6017924069037757,0.6017923840055494,0.6017923622297168,0.6017919665056357,0.6017919448674289,0.6017919310894818,0.6017919098111348,0.6017918895666452,0.6017919241788082,0.6017919280800836,0.6017919242494305,0.6017919048661106,0.6017972848699089,0.6017972781029637,0.6017972571298158,0.6017972510553757,0.6017972297075915,0.6017972232936177,0.6017971992022444,0.6017972563451371,0.6017972500233659,0.6017972527210762,0.6017972469818037,0.6017972413144922,0.6017972406599991,0.6017972176687094,0.6017972249277759,0.601797272674939,0.6017972652349262,0.6017972562207439,0.6017972506374766,0.6017972260007493,0.6017972223735641,0.60179720417596,0.6017971992328538,0.6017971749867216,0.6017971729987709,0.601348946375823,0.6013489407971446,0.6013489285905809,0.6013489271005921,0.601348900015838,0.6013488645484275,0.6013488592615264
273,0.6009951112525043,0.5932885493148968,0.5932885440702139,0.5932885455778406,0.5932885508700022,0.593288558664014,0.593288571193253,0.5932885685004556,0.5932885769689169,0.5932885861505314,0.5932886020235104,0.6038648938013081,0.6038648977434699,0.6038648965061367,0.6038648958089888,0.603864872592322,0.603864872889443,0.6038648434434551,0.6038648457221272,0.6038648461645194,0.6038648828695411,0.6038648908739143,0.6038648928070115,0.6038648919007905,0.6038643453568934,0.6038643469609684,0.6038643700534041,0.592979487872509,0.5929795736060159,0.592979573151235,0.592979574593459,0.5929795760393997,0.5929795757501194,0.5929795708668535,0.5929795719422717,0.5929795709256953,0.5929795723164197,0.5929795739539626,0.592979566427438,0.5929795680225587,0.5929795685169309,0.5929795697187346,0.5929795712424304,0.5929795723669568,0.5785974741656291,0.5785974903551426,0.5785975070434151,0.5785974631181053,0.5785974720963128,0.5785974481735757,0.5785974344461434,0.5785974289075139,0.5785974416071432,0.5785975661480375,0.5785975812080738,0.578597590643533,0.5785976055464683,0.5785976189537031,0.5785976338511679,0.5785976466763361,0.5785976708203406,0.5785976807876955,0.5785976699839034,0.5785976839977032,0.5785976977800457,0.5785976759786876,0.5785976669868217,0.5785976702880529,0.5785976830167099,0.5785969504974564,0.5785969543397816,0.5785969523370054,0.5785969544671683,0.5785969543885564,0.5785969580739678,0.5785969570773813,0.5785969524783044,0.57859695609073,0.5785969522622949,0.5785969556312031,0.5785969589815267,0.5785969594654252,0.5785969586579733,0.5785967997265562,0.5785968038307878,0.5765488291919704,0.576548830397538,0.5765488312551902,0.576548832501805,0.5765488330641548,0.5765488340548367,0.5765488348200194,0.5765488360902251,0.576548836426948,0.5765488371350718,0.5765488379780661,0.5765488388710012,0.5765488390826635,0.5765488403893684,0.5765488416029938,0.5765488424079589
274,0.6147515276308909,0.6018243217649798,0.6018242975603463,0.6018242859546123,0.6018242776189594,0.6018242731122082,0.6018242702547563,0.6018242695038659,0.6018242734778917,0.6018242715706864,0.6018242785528812,0.6172166143248796,0.6172166439777209,0.6172166285183128,0.6172166121141377,0.6172164943953251,0.6172164740492899,0.6172163230774628,0.6172163374738125,0.6172163291000758,0.6172165076986799,0.6172165321780362,0.6172165272714762,0.6172165095688695,0.6172157344957466,0.617215734632305,0.6172157825478422,0.6149125010484299,0.614913418522489,0.6149134321330414,0.6149134106112704,0.6149133893110725,0.6149134011833145,0.6149133690942772,0.6149133525655882,0.6149133817408579,0.6149133625879406,0.6149133495249481,0.6149132877913204,0.6149132697230089,0.6149133069547315,0.6149132958651561,0.6149132857346513,0.614913267554508,0.6085368558972193,0.6085368402561454,0.6085368241696287,0.608536296190095,0.6085362835138619,0.6085363189830315,0.6085364227117663,0.6085364314169155,0.6085364122881144,0.6085368239454383,0.6085368088350076,0.6085367703393382,0.6085367551949835,0.6085367143869101,0.6085366991653552,0.6085366853235041,0.6085366074443558,0.6085365951108849,0.6085365985786659,0.6085365843687155,0.6085365706881246,0.6085365935206568,0.6085365997851803,0.6085365969528554,0.6085365840191358,0.6085381331108527,0.6085381287182777,0.6085381199671199,0.6085381167837848,0.6085381075237883,0.6085381033761857,0.6085380930561736,0.6085381193301973,0.608538115234588,0.6085378574844222,0.6085378513422288,0.608537845226711,0.6085378443956859,0.6085378312765285,0.5984453305557514,0.5984453426181737,0.5984453419435447,0.5984453358097352,0.598445334924326,0.5984453286208301,0.5984453278668506,0.5984453232898953,0.5984453225269463,0.5984453163902747,0.59844531626857,0.5984453119896187,0.5984453111465751,0.598445308839476,0.5984453085643368,0.5984453021688887,0.598445297825409,0.5984452970391414
275,0.626030200466064,0.6146702174208741,0.6146701738812355,0.6146701476236903,0.6146701230792525,0.6146701032426813,0.6146700803837708,0.6146700826348583,0.6146700797292151,0.6146700634205389,0.6146700567715563,0.6261131853006239,0.6261132157205034,0.6261131924611711,0.6261131752464287,0.62611312779365,0.626113106097212,0.6261130484578064,0.6261130631475326,0.6261130541465897,0.6261131396899796,0.6261131635353377,0.6261131578197177,0.6261131392759377,0.6085163545948429,0.6085163598146219,0.6085163400782262,0.6085161319920961,0.6085161561433067,0.6085161530187081,0.6085161591163012,0.6085161651795505,0.6085161626233152,0.6085161587683329,0.6085161633980976,0.6085161566317324,0.6085161622235266,0.6085161671304957,0.6085161629357344,0.60851616866051,0.6085161628807048,0.6085161667551094,0.6085161709638053,0.6085161759666843,0.6085157753821829,0.608515774487047,0.6085157698494803,0.5966859260549469,0.5966859347727119,0.5966859125038975,0.5966859129549833,0.5966859080796134,0.5966859197198685,0.5966857733518929,0.5966857840216022,0.5966857836198602,0.5966857940885012,0.596685799345015,0.5966858097704161,0.5966858184097212,0.5966858259580607,0.596685831938669,0.5966858207841896,0.596685830640153,0.5966858404689723,0.5966858254746759,0.5966858177901208,0.5966858203508746,0.5966858292899524,0.596685437485181,0.5966854401457726,0.596685437947542,0.5966854390769613,0.5966854382796137,0.5966854408330876,0.5966854111995149,0.5966854109233193,0.5966854131146316,0.5966851618843044,0.5966851612704185,0.5966851606572077,0.5966851605854735,0.5984011701389895,0.598401171880832,0.598401175252207,0.5984011745990133,0.5984011728139249,0.5984011721258924,0.5984011703930266,0.5984011701161228,0.5984011688635026,0.5984011682438797,0.5984011666861001,0.5984011662541672,0.5984011649853471,0.5984011643140191,0.5984011648084747,0.5984011646819957,0.5984011632316767,0.5984011653045817,0.5984011646684799
276,0.6326049734186469,0.6263892881378922,0.6263892351840067,0.6263891998560432,0.6263891638939902,0.6263891323418856,0.6263890930990862,0.6263890982424822,0.6263890889732058,0.6263890605755913,0.626389041209701,0.6320129428841106,0.6320129667850429,0.6320129481241529,0.6320129345971949,0.6320129020428933,0.6320128849538302,0.6320128462162181,0.632012857775449,0.6320128507001648,0.6320129113936236,0.6320129300798631,0.6320129255760351,0.6320129110010452,0.6140743259512983,0.6140743306602381,0.6140743056594451,0.6140742540514276,0.6140745885285893,0.614074576059832,0.6140745976852101,0.6140746191327976,0.6140746085283881,0.6140746124613239,0.6140746289782407,0.6140746021306323,0.6140746216412171,0.6140746367447719,0.6140746512137615,0.6140746703617073,0.6140746407997331,0.6140746531503116,0.6140746655280976,0.614074683553729,0.6140745210526731,0.6140745354783927,0.6139561469846547,0.6139559121858326,0.6139559134172464,0.6139559114013518,0.6139559170469591,0.6139559169604109,0.6139559178486866,0.6139558940064762,0.6139558956809289,0.6139558904924103,0.6139558920231515,0.6139558911519928,0.6139558926236068,0.6139558934312793,0.6139558894023798,0.6139558890673606,0.6139558836793131,0.6139558851375617,0.6139558867686882,0.6139558850106317,0.6139558823630055,0.6139558830598212,0.6139558843640895,0.6139559986965842,0.6139559988483988,0.6139559936688224,0.6139559933023082,0.613955989012628,0.6139559891928013,0.6095518677277968,0.6095518656567149,0.60955186694112,0.6095518633459679,0.6095518645499883,0.6095518657544432,0.609551865954874,0.6095518660219307,0.6095518640855403,0.6095518639623652,0.6095518650484423,0.6095518649638108,0.6095518661126715,0.6095518660673742,0.6095518294207576,0.6095518292294723,0.6095518299381771,0.6095518296440164,0.6095518301199659,0.6095518300669123,0.6095518308456697,0.6095518304043087,0.6095518304965963,0.6095518302322784,0.6095518281611794,0.6095518289099927
277,0.6335770540751118,0.6309772012285771,0.6309771462185619,0.630977108046223,0.6309770680445628,0.6309770320179945,0.6309769862640685,0.6309769924524737,0.6309769806240904,0.6309769471338378,0.6309769227571339,0.6343074831849049,0.6343075044093706,0.634307487786607,0.6343074756959441,0.6343074475975197,0.6343074322451837,0.634307398808334,0.634307409062508,0.6343074026989919,0.6343074554439818,0.6343074717502832,0.6343074676035109,0.6343074545817446,0.6236409816160928,0.6236409833135375,0.6236409854152216,0.6236409961198819,0.6236418764004404,0.6236418650841118,0.6236418848411381,0.6236419044381032,0.6236418948326329,0.6236418986154847,0.6236419136959835,0.6236418893207415,0.6236419071560505,0.62364192106687,0.6236419346105692,0.6236419521583859,0.623641925629995,0.6236419369878078,0.6236419484217472,0.6236419648766562,0.6236418135438999,0.6236418267210162,0.623481717672153,0.6234816979373202,0.6234816989413944,0.6234816977583263,0.6234817027825292,0.6234817029661327,0.6234817033865363,0.6234816765830812,0.6234816780216978,0.623481672521263,0.623481673796166,0.6234816733439698,0.6234816745485061,0.6234816750477135,0.6234816712304595,0.6234816704901291,0.623481664622789,0.6234816658426795,0.6234816672768027,0.623481665992041,0.6234816632310719,0.6234816639361274,0.6234816650205536,0.6234817149524591,0.6234817151895171,0.6234817133014102,0.6234817129056347,0.6234817113499777,0.6234817115860616,0.6234816176622432,0.6234816247965083,0.6234816240487155,0.6234816210269598,0.6234816203637193,0.6234816197159109,0.6234816197004163,0.6234816173856973,0.6234816171314592,0.6234816236510606,0.6234816229914311,0.6234816196941126,0.623481619021401,0.6234816157903545,0.6213162932905385,0.6213162917152502,0.6213162910602347,0.621316289020309,0.6213162888670641,0.6213162873861917,0.6213162866597881,0.6213162855726847,0.621316284817949,0.6213162827580356,0.6213162814224197,0.6213162807343695
278,0.6341428030018494,0.6376695698621369,0.6376637309831735,0.6376601078488142,0.6376567098070711,0.6376539260405478,0.6376507960680767,0.637650804319426,0.6376507878845522,0.6376482857965493,0.6376482525934428,0.6376511273007186,0.6376511467893552,0.6376514500535898,0.6376514388410724,0.6376485832066141,0.6376485691769732,0.63764557185209,0.6376455807418855,0.6376455750762848,0.6376485714340211,0.6376485853000216,0.6376485813539603,0.6376485696537407,0.6376646271747075,0.6376646240404398,0.6376646700651034,0.6376721804757983,0.6644664078743862,0.6644664215892031,0.6644663987483501,0.6644663761122801,0.6644663879156364,0.664466381120591,0.6644663636144624,0.6644663930827527,0.6644663725601689,0.6644663574533356,0.6644663378802835,0.6644663180680941,0.6644663527991352,0.664466340288729,0.6644663281645539,0.6644663090180644,0.6644664607250841,0.6644664454658482,0.664466427979721,0.6644664820977458,0.6644664736029623,0.6644664966050399,0.6644665041853244,0.66446650963353,0.664466497429414,0.6644666408428017,0.6644666306475556,0.6644666246866403,0.6644666145548102,0.6644666069876325,0.664466596835965,0.6644665879536438,0.6644665737125383,0.664466566542873,0.6644665730516266,0.6644665635293802,0.6644665542362654,0.6644665692590477,0.664466574966433,0.6644665728571767,0.664466564199942,0.6644671700601757,0.6644671672005179,0.6644671628932757,0.6644671611854881,0.6644671564499538,0.6644671537496523,0.6644671485800546,0.6644671625975768,0.6644671599313094,0.6644671639103312,0.664467161450333,0.6644671589970719,0.6644671586605799,0.6644671539023207,0.6644671570114772,0.6644671675676523,0.6644671652839453,0.6644671599500132,0.6644671575645354,0.6644671523390644,0.6644671229555689,0.664467118845596,0.6644671164649981,0.6644671113092037,0.6644671100151194,0.6644671059260212,0.6644671033212951,0.664467103244379,0.661626281477844,0.6616262781861241,0.6616262803671439,0.6616262785934652
279,0.5368513069865328,0.5364275633161526,0.5352011035812884,0.5352010129987295,0.5352009475796076,0.5397014967586474,0.5397014785064488,0.539701480959113,0.5397014801063442,0.5397014139710483,0.5374356006648826,0.5374356030161519,0.5374356044899619,0.5374356041144658,0.5374356039576242,0.5374356009043797,0.5374356010775702,0.5374355984601081,0.5374355991396347,0.537435599327983,0.5374356049472429,0.5374355064520567,0.5374355061707018,0.5374354996932998,0.5374355537877668,0.5328853635142272,0.5328853641559956,0.5328852740407273,0.5328851011862339,0.5328851006513514,0.5328851046668298,0.5328851085656926,0.5328851091022065,0.5328851159518183,0.5328851187473115,0.5328851180172829,0.5328851215164528,0.5328851292154196,0.5328851426103933,0.532885147543471,0.532885165476686,0.5328851735027637,0.5328851852847107,0.532834415627698,0.5328343634377382,0.5328343654008655,0.53283436704655,0.5328343592489887,0.5328343600783892,0.5328343742940176,0.5328342405241984,0.5328342443998908,0.5328342421843688,0.5328342165376397,0.5328342164544245,0.5328342168837875,0.5328342172726364,0.5328342219096692,0.5328342213554231,0.5328342203430475,0.5328342248059073,0.5328342232276737,0.5328342212502325,0.5328342211148829,0.5328342221800872,0.5328342247500928,0.5328342238490099,0.532834230213547,0.5328342300438663,0.5328343213124072,0.5328343209790376,0.5328343179721344,0.5328343174158258,0.5328343137232595,0.5328343134546831,0.5328343094142695,0.5328343192400256,0.5328343189493981,0.5328343190667036,0.5328343190748128,0.5328343188792862,0.5328343191713709,0.5328343150697493,0.5328343153230498,0.5486812495709841,0.5486812437899524,0.5486812375586932,0.5486812314784348,0.5486812252677198,0.5486812217037498,0.5486812166358209,0.5486812111490902,0.5486812049576361,0.5486812016555078,0.5486811961736476,0.5486811901630885,0.5486811915712446,0.5486811901697902,0.5486811841675198,0.548681195806056,0.5486811900684838
280,0.5384131265662471,0.5379416290375676,0.5374388451933417,0.5374387985735026,0.53743876356618,0.5392803710541675,0.5392803608486318,0.5392803644935045,0.5392803661780845,0.5392803394622926,0.5373570481644266,0.5373570372875441,0.5373570368599627,0.5373570381981679,0.5373570408831937,0.5373570418539434,0.5373570677856072,0.5373570716500401,0.5373570711757769,0.5373570739610976,0.5373570756299372,0.5373570900110897,0.5373570958029223,0.5372478668643822,0.53724782284853,0.5372478343489899,0.537247838917665,0.5372478250189026,0.5372478076955235,0.5372478085114722,0.5372478087832094,0.5372478089771968,0.5372478101169419,0.5372478113578752,0.5372478113501803,0.5372478132533204,0.5372478133867803,0.5372478187975398,0.5372478206255397,0.537247822116659,0.5372478317541538,0.537247833905367,0.5372476950331576,0.5372476922165732,0.5372477025362626,0.5372477007154981,0.5372476986345609,0.5372477050246831,0.537247703863745,0.5372477144283387,0.5372477183450357,0.5372477213399741,0.5372477180180623,0.5372477257536112,0.5372477248018501,0.5372477233385224,0.5370247796467156,0.5370247820732653,0.5370247804546411,0.5370247785283091,0.5370247784196894,0.5370247761293884,0.5370247749732114,0.537024773795595,0.5370247750077696,0.5370247785739631,0.5370247782952883,0.5370248420612045,0.5370248414464257,0.5370249045965165,0.5370249043413389,0.5370249047070114,0.537024904176915,0.5370249039388458,0.5370249036945421,0.5370249035158482,0.5370249052622462,0.5370249050269253,0.5370249050429947,0.5370249056668782,0.5370249055294366,0.5370249057559495,0.5370249056299674,0.5370249058230493,0.5370249097923806,0.5370249095913022,0.5370249094557764,0.537024909256561,0.5370249092746038,0.537024909134996,0.5370249093416974,0.5370249092685974,0.5370249094089397,0.537024909948828,0.5370249101449788,0.5370249100238049,0.537024909501871,0.5370249094589281,0.53702490979811,0.5370249091491374,0.5370249090238539
281,0.5415679434038339,0.5408909264602201,0.5408909101961303,0.5408909079033994,0.5408909070200023,0.5408909494031466,0.5408909556044567,0.5408909619540792,0.5408909663431279,0.5408909769841035,0.5408909287749486,0.5408909080786204,0.5408909136224899,0.5408908982296559,0.5408909004410538,0.540890901306243,0.5418907160535359,0.5418907162702532,0.541890719339502,0.5418907196488095,0.5418907312559702,0.5418907500887076,0.5418907539533443,0.5418907511642116,0.5418907417971345,0.5418907545225342,0.5418907602066592,0.5418907564009849,0.5418907765421774,0.5418907776909784,0.5418907776270757,0.5418907773560124,0.5418907787231381,0.541890777477593,0.5418907770043764,0.5418907795613261,0.5418907792162511,0.5404020571976796,0.5404020636012463,0.5404020843587606,0.5404020976738351,0.540402100858461,0.5404021182425,0.5404021185757645,0.5404020776946858,0.5404020783003576,0.5404020786516425,0.5404020740961328,0.5404020741997283,0.5404020834466878,0.5404020814742753,0.5404020849215734,0.5404020800934953,0.540402044910779,0.5404020463596004,0.5404020445217874,0.540402045358317,0.5404020534149772,0.5404020332972325,0.5404020316488022,0.5404020345612838,0.5404020314868697,0.5404020263453532,0.5404020265721584,0.5414951445411491,0.541495147359185,0.5414951472755238,0.5414951488892055,0.5414951477234676,0.5414952974675213,0.541495297041584,0.5414952963760411,0.5414952958206253,0.541495295014496,0.5414952946181493,0.5414952939012376,0.5414952965440273,0.5414952961507143,0.5414952966215208,0.5414952965256482,0.5414952962379179,0.5414952963141252,0.5414952955160778,0.5414952959462095,0.5414952987237521,0.5414952983825937,0.5414952974048591,0.5414952970584634,0.5414952962849855,0.5414952960656088,0.5414952955989243,0.5414952953413036,0.5414952948020528,0.5414952953278429,0.5414952950222282,0.5414952931624241,0.5414952927912159,0.5414952927104634,0.5414952924407138,0.5414952922886501,0.5414952920488737
282,0.5432172787480557,0.5430563046993259,0.5430563204179115,0.5430563371697614,0.5430563563936108,0.5430563887774806,0.5430564170848096,0.5430564254773095,0.5430564309690261,0.5430564633362098,0.5430564522044129,0.5430563988090209,0.543056404653545,0.5430563725488368,0.5430563763842775,0.5430563993168267,0.5434239054545207,0.5434239490476303,0.5434239519184992,0.5434239564777856,0.5434239335167836,0.5434239677011425,0.5434239793223696,0.5434239822605423,0.543423781843953,0.5434238065457893,0.5434238140494962,0.5434237673252594,0.5434237138785807,0.543423715239066,0.5434237212089792,0.5434237235281665,0.5434237255611405,0.5434237282665597,0.5434237289537651,0.5434237320237701,0.5434237336149625,0.5434237243998555,0.543423729146051,0.5442329318800658,0.5442329390652832,0.5442329398827958,0.5442329436037745,0.5442329429699271,0.5442329273345533,0.5442329269688577,0.544232926478538,0.5442329263505508,0.5442329260444443,0.5442329307394497,0.5442329288893321,0.5442329306527861,0.5442329255066982,0.5442329117395928,0.5442329124718354,0.5442329111656051,0.5442329110293918,0.5442329170881021,0.5442328880373161,0.5442328862052561,0.5442328871921883,0.544232884610659,0.5442328818856274,0.5442328813150287,0.5442328829182826,0.5442328849463636,0.5442328836430081,0.5442328852347765,0.5442328846839799,0.5442329777633115,0.5442329774779372,0.5442329758304302,0.544232975068326,0.5442329734266473,0.5442329731651153,0.5442329713837829,0.5442329758849627,0.5442329755824608,0.5442329755251183,0.5442329754701168,0.5442329753906597,0.5442329755265946,0.5442329737548721,0.5442329739503315,0.544232978650523,0.5442329784178006,0.5442329764105184,0.5442329761823589,0.5442329744214406,0.5442329742578379,0.5442329730628803,0.5442329729249001,0.5442329713425917,0.5442329730792039,0.5442329720875518,0.5442329720738982,0.5442329713502579,0.544232971293933,0.5442329700436511,0.5442329690790482,0.5443176584543856
283,0.5460215717786371,0.5480173204983882,0.5480173015044169,0.5480172899907644,0.5480172790415281,0.5480172705117998,0.5480172599551064,0.5480172613705815,0.5480172607278802,0.5480172530339033,0.5480172505254296,0.5480172584049234,0.5480172615777427,0.5485120255234308,0.5485120246695419,0.5485120177365734,0.5485120147288902,0.5485120070673143,0.5485120093168943,0.548512009618476,0.5485120252491728,0.5485120355484943,0.5485120378477688,0.5485120367569961,0.5485120563528354,0.5485120620375469,0.5485120659512389,0.5485120726339026,0.5485121280413987,0.5485121288791106,0.5479968056498605,0.5479968073426432,0.547996808417545,0.5479968083668035,0.5479968084263409,0.5479968102145834,0.5479968108186845,0.5479968157408233,0.5479968157002747,0.5479968194272519,0.5479968273142036,0.5479968289889209,0.5479968332526431,0.5479968333660687,0.5479968193580426,0.5479968196262631,0.5479968197568789,0.5479968157820795,0.5479968157911812,0.5479968206898574,0.5479968245127642,0.5479968266550441,0.5479967612578965,0.5479967685305848,0.549127885559594,0.5491278852860606,0.5491278842562684,0.5491278835988161,0.5491278825708314,0.5491278816989769,0.5491278806015127,0.5491278799538777,0.5491278808572636,0.5491278798884812,0.549127878930764,0.5491278804264008,0.54912788110587,0.5491278808690099,0.5491278799895947,0.5491279311583047,0.5491279308784771,0.5491279307146948,0.5491279305739564,0.5491279303282144,0.5491279300623952,0.5491279298683159,0.5491279307427565,0.549127930481117,0.549127931053138,0.5491279308095534,0.5491279305661046,0.5491279305284702,0.5491279302973815,0.5491279306515561,0.549127931156549,0.5491279309340085,0.5491279306937737,0.5491279304597001,0.5491279302204511,0.5491279300832732,0.5491279298878873,0.54912792967668,0.5491279323432059,0.5491280425357766,0.5491280433332628,0.5491280442077846,0.549128044002868,0.5491280442068184,0.5491280450800096,0.5491280433865315,0.5491280442213614
284,0.5517963736991237,0.5530470770740681,0.5530470441414084,0.5530470254137553,0.5530470087147411,0.5530469963190382,0.5530469822971485,0.5530469835400776,0.5530469845386716,0.5530469741971688,0.5530469745873844,0.5530469785623144,0.5530469793140517,0.5548810475917753,0.5548810458969262,0.554881023931569,0.5548810315980266,0.5548809984584563,0.5548810039793176,0.5548810052990228,0.5548810589527812,0.5548810855438869,0.5548810920610036,0.5548810900096577,0.5548811521997233,0.5548811671736601,0.554881176946276,0.5548811855898146,0.5548812514167012,0.5548812534825964,0.5548812224679814,0.5551044834274783,0.5551044858478889,0.5551044849552883,0.555104484019088,0.5551044885952358,0.5551044889215193,0.5551044949164127,0.5551044925850032,0.5551044970176275,0.5551045117148475,0.5551045137303983,0.5551045193073744,0.5551045184611758,0.5551045026567994,0.555104502265452,0.5551045016333095,0.5551044967821673,0.5551044963289942,0.5551045052992687,0.555104511733078,0.5551045155481249,0.5551043629164467,0.5551043830878349,0.5551043865838396,0.5551043748308334,0.5551043738669926,0.5569692504325491,0.5569692491752685,0.556969242852712,0.5569692458874271,0.5569692383743939,0.5569692308425398,0.5569692299251008,0.5569692303782118,0.5569692333716899,0.5569692293106808,0.5569692307541331,0.556969229872693,0.5569693209627544,0.5569693205694076,0.5569693188231224,0.5569693167538499,0.5569693149061333,0.5569693145313408,0.5569693124497822,0.5569693177696295,0.5569693173972642,0.556969316872489,0.5569693166849833,0.5569693035680304,0.5569693037352642,0.5569693016938665,0.5569693020963526,0.5569693075683413,0.5569693070949578,0.5569693047493167,0.5569693042752322,0.5569693022084997,0.5569693018694145,0.5569693003986246,0.5569693000534287,0.5569692981210078,0.5569693028120812,0.5569693016428215,0.5569693012785613,0.5569692995185843,0.5569692994019151,0.5569692983591927,0.5569692960426029,0.5569692957577391
285,0.5526453376106822,0.5564913348586821,0.5564913203333388,0.5564913129757995,0.556491306996516,0.5564913036447977,0.5564912999811834,0.5564913010748649,0.5564913031941168,0.5564913010676991,0.5564913033459319,0.5564912943577104,0.5564912933835328,0.5571813344973859,0.5571813365293006,0.5571813924832819,0.5571814020223831,0.5571814033107545,0.5571814031576036,0.5571814065839306,0.5571814116594156,0.5571814224513104,0.5571814283401093,0.5571814320398102,0.5571813840598407,0.5571813928067431,0.5571813941126786,0.5571813876856939,0.5571814244208357,0.5571814246064818,0.5571814190119481,0.558042694039493,0.5580426947478628,0.5580426937965048,0.5580426938889737,0.5580426950567922,0.5580426921141718,0.5580426944274048,0.558042692842841,0.5580426945128903,0.5580426997007665,0.5580427007381075,0.5580427029795301,0.5580427030200872,0.5580426954096295,0.5580426955516813,0.5580426956098056,0.5580426917265374,0.558042691712493,0.5580426948215053,0.5580426996670154,0.5580427011066972,0.5580426935611257,0.5580426927312622,0.5580426938345059,0.5580426875194613,0.5580426876504434,0.5580427865590932,0.5580427876674605,0.5552950726229747,0.5552950755407234,0.5552950772580353,0.55529507485396,0.5552950774302902,0.5552950799775476,0.5552950760004671,0.55529507419253,0.5552950748227522,0.5552950771615769,0.5552949411162987,0.5552949430400502,0.5552949434834267,0.5552949438653645,0.5552949445313881,0.555294945252725,0.5552949457784152,0.5552949434072371,0.5552949441174,0.5552949425648813,0.5552949432260266,0.5552949438862784,0.5552949439884715,0.555294944614632,0.5552949436535357,0.5552949422849542,0.5552949428889341,0.5552949435397491,0.5552949441750391,0.5552949448236673,0.5552949451960651,0.5552949457255006,0.5552949462987289,0.5552949469454271,0.5552949472904708,0.5552949478630554,0.5552949484911027,0.5552949483439047,0.5552949484903538,0.5552949491172059,0.5552949479011621,0.5552949485006508
286,0.5658262782804373,0.5653039641057231,0.5653039393838006,0.5653039247844812,0.5653039109979466,0.5653039005994187,0.5653038877093697,0.5653038905418301,0.5653038901400983,0.5653038815135814,0.5653038782297666,0.5653038687473618,0.5653038740797679,0.5653038949930179,0.5653038944230827,0.5678625501917804,0.5678625478132967,0.5678625306808078,0.5678625348041498,0.5678625337569707,0.5678625616569501,0.5678625730959295,0.5678625740639337,0.5678625704213662,0.5678626183177605,0.5678626228482162,0.5678626290152059,0.5678626372483644,0.5678626968522839,0.5678626982512266,0.5678626971817792,0.5678627000883901,0.5678627014620866,0.567862699107912,0.5678627858453312,0.5678627862056526,0.5676988284538875,0.5676988312100288,0.5676988304755801,0.5676988323222631,0.5676988390926239,0.5676988405258622,0.5676988432975709,0.5676988434501048,0.5676988197833069,0.5676988200482053,0.5676988202141039,0.5676988118147732,0.56769881183231,0.5676988157683452,0.5676988207852139,0.5676988227133066,0.5676988174895221,0.5676987890413234,0.5676987900334726,0.567698777257592,0.5676987774744575,0.5676987839943372,0.567698783994498,0.5676987795481132,0.5676987735127779,0.5676986808995893,0.567698649939146,0.5676986495043062,0.5676986499189597,0.5676986520564086,0.567698349191094,0.5676983495173307,0.567698345973016,0.5676988789668753,0.5676988775351374,0.5676988706388748,0.5631494052971826,0.5631494042273262,0.5631494048042606,0.5631494033682415,0.5631494051379112,0.5631494057007056,0.5631494039759997,0.5631494045229831,0.5631494050987553,0.5631494052167901,0.5631494039002989,0.5631494030233343,0.5631494057424113,0.5631494062105435,0.56314940471929,0.563149405224127,0.5631494038065101,0.5631494040806218,0.5631494031999988,0.5631494036756494,0.5631494025013621,0.5631494029990297,0.5631494022753923,0.5631494027999747,0.5631494015347551,0.5631494016428253,0.5631494005226186,0.5631493978965225,0.5631493984066416
287,0.5682580675590018,0.5716845845411858,0.5716845529782779,0.5716845320555518,0.5716845103769922,0.5716844919479138,0.5716844677424688,0.5716844722974223,0.5716844688244532,0.5716844511858541,0.5716844415028196,0.5716844352676841,0.5716844475978508,0.5716844460994981,0.57168444089355,0.5728191796824063,0.5728191750399947,0.572819152394172,0.572819158221787,0.5728191563546803,0.5728191933126875,0.5728192078314184,0.5728192084307586,0.5728192028779102,0.5728192673982543,0.5728192725159388,0.5728192810056981,0.5728192950191536,0.5728193955397575,0.5728193974902822,0.572819395768332,0.5728193941743193,0.572819396105908,0.5728193913321991,0.5754557309513735,0.5754557367428363,0.5754557348322163,0.5754557346958769,0.5754557277616792,0.5754557261727824,0.5754557369828932,0.5754557362826751,0.5754557366516568,0.5754557339051617,0.5754557387375697,0.5754557366618084,0.5754557344396228,0.575455732793068,0.5754557315328716,0.5754557382239682,0.5754557481146952,0.5754557505429398,0.5754557452612604,0.57545573178202,0.5754557309427276,0.5754557619130061,0.5754557613647125,0.5754557607204014,0.575455759996256,0.5754557569220261,0.575455744547135,0.5754557338432476,0.5705604638273262,0.5705604658440465,0.5705604681382065,0.5705604655898275,0.5705602967119962,0.5705602972470104,0.5705602974343233,0.5705604928895377,0.5705604928016073,0.5705604897565771,0.5705604874476318,0.5705604847265765,0.5705604846540323,0.5705604814545073,0.5705604878546631,0.5705604877758539,0.570560486629282,0.5705604866023128,0.570560486630386,0.5705604867025473,0.5705604836532182,0.5705604834649783,0.5705604900119363,0.5705604899213048,0.5705604865226425,0.5705604864539878,0.5705604831656849,0.570560483070828,0.5705604808346868,0.5705604808108204,0.5705604778921265,0.5705604783108288,0.570560476277102,0.5705604762531772,0.5705604725757505,0.5705604725427725,0.5705604696520857,0.5705604646911646,0.5705604646810829
288,0.5693723445849703,0.5726735357577618,0.5726735038302591,0.5726734819812592,0.5726734588027648,0.5726734385964242,0.572673411669538,0.5726734164634016,0.5726734125062448,0.5726733923025981,0.5726733816318096,0.5726733772180086,0.5726733906124775,0.5726733857379778,0.5726733798066674,0.5734585520628386,0.5734585474066548,0.5734585221059357,0.5734585280002739,0.5734585261581613,0.5734585659545924,0.5734585806236793,0.573458581261752,0.5734585756903305,0.5734586448595856,0.573458650024377,0.5734586586147262,0.5734586730301958,0.5734587718507095,0.5734587738232021,0.5734587720972074,0.5734587704956005,0.5734587724501831,0.5734587681351833,0.5752810821477514,0.5752810866154494,0.5752810856054563,0.5752810861946904,0.5752810809638199,0.5752810803022995,0.5752810896532771,0.5752810895667156,0.575281090526518,0.5752810886750664,0.5752810817937566,0.5752810804340748,0.5752810789496523,0.5752810738684458,0.5752810730001663,0.5752810786644316,0.5752810880788759,0.5752810902985567,0.5752810856459073,0.5752810588364193,0.5752810584621139,0.5752811329150027,0.5752811335197268,0.5752811329455189,0.5752811333735873,0.5752811313879544,0.5752811194527746,0.575281110317663,0.5662967582603519,0.5662967672742418,0.5662967761863571,0.5662967622713085,0.5662967559337497,0.5662967581385983,0.566296766321207,0.566296290319662,0.566296292924278,0.5662962944455173,0.5662962957555636,0.5662962980402256,0.5662963005142315,0.5662963023177668,0.5662962941842585,0.5662962966198563,0.5662962912951583,0.5662962935627743,0.566296295828465,0.5662962961790079,0.5662962983269108,0.5662962950305797,0.5662962903357269,0.5662962924074049,0.566296294640025,0.5662962968188667,0.5662962990441973,0.5662963003213406,0.5662963021375882,0.5662963041037139,0.5662963063221892,0.5662963075055726,0.5662963094697689,0.5662963116237073,0.5662963111164541,0.5662963116186436,0.5662963137692165,0.566296309598303,0.5662963116542304
289,0.574632328924566,0.5744443359462511,0.5744443107209037,0.5744442913895325,0.574444269863858,0.574444248969141,0.574444221388755,0.574444222493502,0.5744442188200577,0.574444194452612,0.5744441876404034,0.5744441798350527,0.574444186534698,0.5744441835712953,0.5744441790101734,0.5744441551420627,0.5744441491465918,0.5744441088289322,0.5744441116701322,0.5744441090476281,0.5744441531285672,0.5744441556131866,0.574444153131804,0.5744441485930097,0.5744443100881649,0.574444308865504,0.5744443124046159,0.5744443892961604,0.5744444286648968,0.5744444295115071,0.5744444278681757,0.5744444262241709,0.5744444269137855,0.5744444253047348,0.5744444336344929,0.5744444351611285,0.5744444338651378,0.5744444326914377,0.5744444297630443,0.5744444284182139,0.5744444296351309,0.5744444287278014,0.5744444277118219,0.5744444265663345,0.5744444532842681,0.5744444523541155,0.574444451402709,0.5744444585552553,0.5744444580542422,0.5744444589167854,0.5744444598611785,0.5744444599375099,0.5744444596065974,0.5744445007436737,0.5744445000633308,0.5758445786244067,0.575844579108588,0.5758445779903189,0.5758445784564986,0.575844578634645,0.5758445755375363,0.5758445749980883,0.5758445664552321,0.5758445669115256,0.5758445674312281,0.5758445668725529,0.5758445649961434,0.5758445652095051,0.5758445656200789,0.5758446495556827,0.5758446495580801,0.5758446469242684,0.5758446465983185,0.5758446443905931,0.5758446444104822,0.5758446419064664,0.575844646812745,0.5758446468240388,0.5758446466133808,0.575844646639792,0.5758446466722403,0.5758446466916238,0.5758446441587526,0.5758446441053923,0.5758446492101023,0.5758446492196475,0.5758446464143845,0.5758446464263917,0.5758446437556269,0.5758446437503437,0.5758446419601864,0.5758446419896864,0.5758446396836634,0.5758446397888453,0.5758446383283914,0.5758446383696285,0.5758445691340086,0.5758445689948485,0.5758445658421122,0.5846699102711386,0.5846699079395439
290,0.5942867762750714,0.5932892580074355,0.5932892525118184,0.5932892538666131,0.5932892589566892,0.5932892666486674,0.5932892789038264,0.5932892764706077,0.5932892850313043,0.5932892940904336,0.5932893098730443,0.603865974135669,0.6038659784056535,0.6038659772015637,0.603865976519889,0.6038659497694507,0.6038659502684095,0.6038659159127784,0.6038659183996796,0.6038659189526168,0.603865961364933,0.6038659703372654,0.6038659725769105,0.6038659716683731,0.6038654169834715,0.603865419144219,0.6038654425902255,0.5929812591135147,0.5929813642174602,0.5929813638427279,0.5929813653032665,0.5929813667729006,0.5929813665757281,0.5929813609689122,0.5929813620801611,0.5929813612252988,0.592981362659192,0.5929813644739742,0.59298135569577,0.5929813573926069,0.5929813584646377,0.5929813597684447,0.5929813614837953,0.5929813626025339,0.5785973200802464,0.5785973362743201,0.5785973529654,0.5785973021172627,0.5785973110884087,0.5785972875084562,0.578597278696222,0.5785972733209229,0.5785972857535411,0.5785974058351929,0.5785974209341159,0.578597426748876,0.5785974416512719,0.578597453066458,0.5785974679475363,0.5785974806084614,0.5785975003228501,0.5785975098240554,0.5785974971651252,0.5785975111834277,0.578597525024334,0.5785975033312206,0.5785974936477866,0.5785974970459071,0.5785975097730234,0.5785968303977893,0.5785968342322102,0.5785968320594698,0.578596834021258,0.5785968337669123,0.5785968374438883,0.5785968361327878,0.5785968320117185,0.578596835616125,0.5785968300068821,0.5785968333740479,0.5785968367289581,0.5785968372302102,0.57859683624941,0.5785966776295195,0.5785966822829255,0.5765492229898739,0.5765492238717665,0.5765492247179138,0.5765492256198353,0.5765492261414261,0.576549226883262,0.5765492276432665,0.576549228568728,0.5765492289717367,0.5765492296248212,0.5765492304600774,0.5765492307465795,0.5765492309481869,0.5765492318795025,0.5765492314892922,0.5765492322871497
291,0.6114789295660631,0.5991685546930924,0.5991685354790448,0.5991685274123648,0.5991685227535729,0.5991685216838099,0.5991685230034638,0.5991685219347028,0.5991685274198034,0.5991685285706723,0.5991685382362444,0.6130517111382829,0.6130517330679185,0.6130517199576306,0.6130517085171983,0.6130516379636873,0.6130516243322782,0.6130515343697742,0.6130515451896332,0.6130515397195294,0.613051651943554,0.6130516723045025,0.6130516698916391,0.6130516574739668,0.6130509906711064,0.6130509918776718,0.6130510323684885,0.6080367650654336,0.6080373241118926,0.6080373333378573,0.6080373191443955,0.6080373051094105,0.6080373132209178,0.6080372943380998,0.6080372834344334,0.6080373031892292,0.6080372906179569,0.6080372824277992,0.6080372456178035,0.6080372339166089,0.6080372601161044,0.6080372530533786,0.6080372468420424,0.6080372347993714,0.5942724085023587,0.5942724126956352,0.5942724170371235,0.5942721257582632,0.5942721259741203,0.5942721265742681,0.5942721635545173,0.5942721640347234,0.5942721634886748,0.5942722308171182,0.5942722312370152,0.5942722170577099,0.5942722173488303,0.5942722057636983,0.5942722060009265,0.5942722057314349,0.5942721821430871,0.5942721809093847,0.5942721757841444,0.5942721760761295,0.594272176552283,0.5942721765558759,0.5942721744968934,0.5942721748954544,0.594272175142996,0.5942725372529474,0.5942725370840728,0.5942725317457754,0.5942725311668033,0.5942725265659391,0.5942725264360724,0.5942725207210485,0.5942725313245064,0.5942725311822836,0.5942723962903919,0.5942723949467315,0.5942723936114663,0.5942723934588512,0.5942723866698747,0.5838542809207995,0.58385427537646,0.5838542634419036,0.5838542657227068,0.5838542698560216,0.5838542721504648,0.583854274492399,0.5838542766196801,0.5838542803669428,0.5838542828403998,0.5838542852214511,0.583854287842871,0.5838542919488455,0.583854290064841,0.5838542909949029,0.5838542933641846,0.5838542832152024,0.5838542871418864
292,0.6291255150334495,0.6133211944252387,0.6133211516391001,0.6133211260851346,0.6133211023332851,0.6133210833782283,0.6133210615321147,0.613321063787424,0.6133210617298726,0.6133210460893552,0.6133210407813742,0.6254303732907506,0.6254304048906072,0.6254303814568027,0.6254303638396576,0.625430307416461,0.625430285428333,0.6254302158779537,0.625430231203804,0.6254302221316487,0.6254303212834581,0.6254303469322167,0.6254303414664316,0.6254303224639011,0.6100414527217446,0.6100414579090295,0.610041447798591,0.6100412134269407,0.6100413574778745,0.6100413569942627,0.610041358929433,0.6100413608741677,0.6100413606260717,0.6100413535712103,0.6100413550079355,0.6100413539010455,0.6100413557882343,0.6100413581854152,0.6100413470759007,0.6100413493145839,0.6100413507948289,0.6100413525324504,0.6100413548011261,0.6100413562852282,0.6100408840577116,0.6100408792102329,0.6100408709654717,0.5954688797749401,0.5954688897592517,0.595468864553885,0.5954688641415005,0.5954688587108938,0.5954688718230696,0.5954686926722029,0.5954687049420356,0.5954687035153254,0.5954687155206478,0.5954687219992005,0.5954687339399446,0.5954687437119344,0.5954687524396932,0.5954687589247115,0.5954687448561726,0.5954687561625962,0.5954687674870776,0.5954687504004563,0.5954687410828203,0.5954687441075184,0.5954687543570717,0.5954682529304691,0.5954682560944465,0.5954682560217741,0.5954682572516502,0.5954682583820642,0.5954682613986657,0.5954682497259686,0.5954682441166201,0.5954682469537501,0.5954679298304862,0.5954679291985916,0.5954679285764198,0.5954679285285708,0.5961671039550989,0.5961671027250005,0.5961671061089382,0.5961671057902744,0.5961671040657207,0.5961671037367139,0.5961671020234119,0.5961671017258626,0.5961671005019594,0.596167100218812,0.5961670986239203,0.5961670985625231,0.596167097437467,0.5961670971262772,0.596167096510053,0.5961670964072765,0.5961670948227942,0.5961670938417192,0.596167093550073
293,0.6262616875237093,0.615739054260975,0.6157390089256912,0.6157389812295014,0.615738954973379,0.6157389335343277,0.6157389083756165,0.6157389111414829,0.6157389077566019,0.6157388897232613,0.6157388818423356,0.6266535876626452,0.6266536178149081,0.626653594981209,0.6266535781201447,0.6266535291633079,0.6266535080699622,0.6266534483429609,0.6266534629620231,0.6266534542556746,0.6266535421435774,0.626653566436329,0.6266535611260754,0.6266535429435878,0.6073130291130415,0.6073130353797963,0.6073130087650601,0.6073128097028565,0.6073127784730922,0.6073127734303233,0.6073127828411529,0.6073127921914508,0.6073127880018051,0.6073127855872277,0.607312792754556,0.6073127818577195,0.6073127904373389,0.6073127976487078,0.6073127969881257,0.6073128056420939,0.6073127952867824,0.6073128010464827,0.6073128071396824,0.60731281490534,0.6073124437593217,0.6073124459859993,0.6073124441958726,0.5976500510467343,0.5976500587458308,0.5976500394420818,0.5976500423521043,0.5976500382402611,0.5976500482608832,0.5976499179747835,0.597649927454764,0.5976499250192268,0.5976499342821262,0.5976499381392814,0.5976499473464532,0.5976499548324319,0.5976499593077802,0.5976499641680584,0.597649952878859,0.5976499616046473,0.5976499703662077,0.5976499572368004,0.5976499498809418,0.597649952251706,0.5976499601602266,0.5976496675230663,0.5976496698163689,0.597649666628044,0.5976496674492601,0.5976496656681832,0.5976496678775167,0.597649623877767,0.597649626781683,0.5976496284857634,0.5976494197926419,0.5976494192163051,0.597649418643732,0.597649418594778,0.6001736578652725,0.6001736601519163,0.6001736631443496,0.6001736622302845,0.6001736606882192,0.6001736597237765,0.6001736582174334,0.6001736577930987,0.6001736566521055,0.6001736557793541,0.6001736543817257,0.6001736537833883,0.6001736525708247,0.600173651620895,0.6001736522657948,0.6001736520797265,0.6001736507738532,0.6001736535773856,0.600173652673098
294,0.6317446227795804,0.625118348806381,0.6251182958356505,0.6251182607987544,0.6251182253287046,0.6251181944151947,0.6251181560570416,0.6251181610593501,0.6251181525535805,0.6251181247218696,0.6251181066915417,0.631375806717899,0.6313758315523441,0.6313758123276457,0.6313757984134217,0.6313757630858393,0.6313757456172145,0.6313757033159583,0.6313757153640108,0.6313757081638844,0.6313757736202386,0.6313757934852257,0.6313757890506916,0.6313757740451129,0.6114379919554409,0.6114379977617335,0.6114379655691317,0.611437894147797,0.6114380860864472,0.611438073349201,0.6114380954953667,0.6114381174615675,0.6114381066372641,0.6114381109515834,0.6114381278674931,0.6114381004388332,0.6114381204262278,0.611438135945802,0.6114381511714092,0.6114381708064448,0.6114381407420049,0.611438153422274,0.6114381661553208,0.6114381846086235,0.6114380124869778,0.6114380272584913,0.6113456280496835,0.6113453075983607,0.6113453092473197,0.6113453062019109,0.6113453121824203,0.6113453118848327,0.6113453133008689,0.611345282284352,0.6113452844767896,0.6113452789952588,0.6113452810299302,0.6113452802984305,0.6113452822700135,0.6113452834754378,0.6113452795183524,0.6113452794188284,0.6113452733147655,0.6113452752476788,0.6113452773593293,0.6113452748961121,0.6113452718144669,0.6113452726453361,0.6113452743797754,0.6113453786010735,0.6113453788694652,0.6113453733454782,0.611345373009797,0.611345368477505,0.6113453687712963,0.6053169668021363,0.6053169593678929,0.6053169615940446,0.6053169567271645,0.6053169587997833,0.605316960870611,0.6053169611910353,0.6053169631552812,0.6053169601423524,0.6053169558510801,0.6053169577445718,0.6053169597853235,0.605316961776824,0.6053169638108089,0.6053169649759284,0.6053169666360647,0.6053169684331713,0.6053169704608213,0.6053169715424186,0.6053169733377457,0.605316975306385,0.605316974845056,0.6053169753041335,0.6053169772697969,0.605316973457759,0.6053169753369619
295,0.6333224549580576,0.6328306985377662,0.6328306395118187,0.6328305975957272,0.6328305528913627,0.6328305120434676,0.6328304593858498,0.632830466221811,0.6328304534361111,0.632830413797915,0.632830387315219,0.6352320675736713,0.6352320879988685,0.6352320723209869,0.6352320608254718,0.6352320309749209,0.6352320164740569,0.6352319804269851,0.6352319903374348,0.6352319843610743,0.6352320393205378,0.6352320554505156,0.6352320517023674,0.6352320393072439,0.6275280107513167,0.6275280116476089,0.627528025183002,0.6275280662593962,0.6275292114583177,0.627529200682757,0.6275292196906752,0.6275292385485178,0.6275292294316368,0.6275292338985484,0.6275292483950413,0.6275292251710123,0.6275292423481094,0.627529255907766,0.6275292702183483,0.6275292871873756,0.6275292623860823,0.6275292734233873,0.6275292846212951,0.627529300430263,0.6275291437236589,0.6275291563963076,0.6274132388325298,0.6274132075011372,0.627413209918901,0.6274132052630768,0.6274132094480676,0.6274132089148147,0.6274132111347732,0.6274131571122769,0.6274131603026042,0.6274131546138538,0.6274131575942471,0.6274131583054297,0.6274131612017692,0.6274131630564806,0.6274131607966812,0.6274131608991912,0.6274131528537578,0.6274131556817837,0.6274131587407076,0.6274131550637769,0.6274131508923768,0.6274131520546521,0.6274131545949567,0.6274131614527927,0.6274131620731838,0.6274131588005997,0.627413158518457,0.6274131559609405,0.6274131565728489,0.6274130872149831,0.6274130950677014,0.6274130949543734,0.6274130900962934,0.6274130900321929,0.627413089983081,0.627413090070585,0.6274130868786487,0.6274130856524831,0.6274130939462796,0.6274130938188037,0.6274130894735772,0.6274130893690344,0.6274130851605269,0.6218914307525499,0.6218914322047823,0.62189143391173,0.6218914356740348,0.6218914369489675,0.621891438681092,0.6218914405395467,0.6218914388532624,0.6218914380918051,0.621891439762,0.6218914334331171,0.6218914352072435
296,0.5402884064207844,0.5390793508615253,0.5390793269782751,0.5390793320878606,0.5390793376410715,0.5390795188565596,0.5390795488237391,0.5390795539119673,0.5390795575162709,0.5390795894962722,0.5390793606853295,0.5390793445867227,0.5390793503469558,0.5390793449924701,0.5390793458893298,0.539079353336293,0.5391265545074647,0.5391265824055814,0.5391265845058074,0.5391265872756992,0.5391265744777016,0.5391266047944447,0.539126613415928,0.539126600741749,0.5391264774530115,0.539126502962491,0.5391265087631747,0.5391264763337773,0.5391264263924315,0.5391264273969257,0.5391264284854144,0.5391264293621296,0.5391264308756596,0.5391264338268874,0.5391264341776907,0.5391264365272584,0.539126437217929,0.5388424761379457,0.5388424742745365,0.5388424769809256,0.5388424943601001,0.538842496741005,0.538842299323821,0.5388422955595513,0.5388423314019696,0.5388423287792339,0.5388423257690484,0.538842334196775,0.5388423325016004,0.5388423477078274,0.5388423601648604,0.5388423649088961,0.5388423585648435,0.5388423852478386,0.5388423842455259,0.5388423797921267,0.5388423786625296,0.5388423810662356,0.5388423786682432,0.5388423756588344,0.5388423705803501,0.5388423667085437,0.5388423638066292,0.5388423622742765,0.5388423790965141,0.5388423839862801,0.5388423828516663,0.5388423909234655,0.5388423895398154,0.5495226006491188,0.5495226069791892,0.5495226211590077,0.549522623738994,0.5495226381263449,0.5495226441184825,0.5495226590906762,0.5495226203839781,0.5495226262950654,0.5495226126633443,0.5495226602281194,0.5495226662282243,0.549522667493124,0.549522683692468,0.5495226749675466,0.5495226457152294,0.5495226510837663,0.5495226676224795,0.5495226732766317,0.5495226904497217,0.5495226937603912,0.5495227067870996,0.5495227120030525,0.5495227290185403,0.5495227332599016,0.54952274711661,0.5495227528509433,0.549522750728687,0.5495227520989573,0.5495227698123525,0.5495227574776274,0.5495227628672298
297,0.541558924699665,0.5420648610972559,0.5420648546693139,0.542064857587855,0.5420648622749558,0.5420648943896834,0.5420649063282312,0.5420649141020599,0.5420649191825168,0.5420649360273164,0.5420649079837406,0.5420648746496772,0.5420648807255783,0.54206485671843,0.5420648598283332,0.5420648660939074,0.542989056390931,0.5429890668257343,0.5429890702308833,0.5429890719021766,0.5429890773481642,0.5429891021968786,0.5429891087853109,0.5429891083295127,0.5429890472786841,0.5429890639573512,0.5429890708372331,0.5429890550872097,0.5429890576535752,0.542989059007349,0.5429890611541928,0.5429890617337504,0.5429890634628863,0.5429890633278118,0.5429890631579367,0.5429890661679222,0.5429890664203024,0.542989009226388,0.5429890080984976,0.5434231978368239,0.5434232065334654,0.543423206436829,0.5434232097368942,0.5434232078806528,0.5434232179092763,0.5434232165559101,0.5434232150558184,0.5434232191735011,0.5434232183352306,0.5434232242691558,0.5434232277701956,0.5434232296795607,0.5434232258941251,0.543423240534566,0.5434232402286217,0.5434232373774963,0.5434232365935547,0.5434232378806284,0.542600801713741,0.5426008015093725,0.5426008027399509,0.5426008018756288,0.5426007994041496,0.5426007999989021,0.5426008134346202,0.5426008131144756,0.5426008116158775,0.542600813272079,0.5426008139017311,0.542600840078189,0.5426008401961169,0.5426008391635226,0.5426008388686695,0.5426008379545829,0.5426008380757216,0.5426008370284434,0.5426008392577885,0.5426008393724929,0.5426008387302776,0.5426008390185925,0.5426008392105626,0.5426008393459578,0.5426008383161959,0.5426008380586631,0.5426008409772284,0.542600841068377,0.5426008398649659,0.5426008399732145,0.5426008389415751,0.5426008389867761,0.5426008383651837,0.5426008385128035,0.5426008377074072,0.542600838590547,0.5426008381402113,0.5424601627159114,0.5424601618747713,0.5424601619231152,0.5424601634073835,0.5424601616262715,0.5424601620129403
298,0.5445566998552633,0.5462337770772943,0.5462337774964429,0.5462337784739276,0.546233779614061,0.5462337821507095,0.5462337842493453,0.5462337867156437,0.5462337863756358,0.5462337904540838,0.5462337871206165,0.5462337818783553,0.5462337862280824,0.5462338189156973,0.5462338190193721,0.5462338240548682,0.5462338453388056,0.5462338553511628,0.5462338565761928,0.5462338573965344,0.5462338534640481,0.5462338626051753,0.5462338652723996,0.546233865352687,0.5462338204475667,0.5462338264774026,0.5462338290300919,0.5462338177801407,0.5462338049281639,0.5462338054279569,0.5462337874721582,0.5462337874892647,0.5462337883801166,0.5462337892252357,0.5462337888652551,0.5462337905695347,0.5462337903606606,0.5462337941209939,0.5462337953399148,0.5462338091500369,0.5462338144531005,0.5462338152215277,0.5462338180139215,0.546233817718026,0.5462338062044813,0.5462338060779732,0.5462338058583976,0.5462338050264132,0.5462338048754102,0.5462338082960422,0.5462338077231423,0.5462338090671969,0.5462338038172914,0.5462337942858227,0.5462338264557832,0.5462338252042153,0.5462338256498206,0.5462338314493825,0.5462338319523066,0.5462338310982869,0.5462338323171024,0.5462338306329271,0.54623382745329,0.546233827845167,0.546233829651375,0.5462338299653196,0.5462338281956907,0.5462338295723689,0.5462338299013968,0.546233876654946,0.5462338766416522,0.5462338747922345,0.5462338742398121,0.5462338725718997,0.5462338725707955,0.5462338706774703,0.5462338747981641,0.5462328801170648,0.5462328798209897,0.5462328798858543,0.5462328799738935,0.546232880051994,0.5462328788410603,0.5462328787762454,0.5462328816783331,0.5462328816617874,0.5462328803042343,0.5462328802964378,0.5462328791010782,0.5462328790809763,0.5462328782599697,0.5462328782864032,0.5462328789885221,0.5462328804993994,0.5462328798355836,0.5462328799142315,0.5462328795041562,0.546232879503475,0.5462328786263435,0.5462328778713123,0.5462328779759764
299,0.5469850715889099,0.5506754255054562,0.5506753928775062,0.5506753738892977,0.5506753565654914,0.5506753434150293,0.550675328060343,0.5506753295815751,0.5506753298676025,0.5506753185093907,0.5506753174435631,0.5506753250952264,0.5506753272298904,0.5520545717848248,0.5520545701335224,0.5520545561725846,0.5520545577545145,0.5520545434100831,0.5520545481952823,0.5520545489890956,0.5520545805084514,0.5520546025006331,0.5520546075656049,0.5520546054181928,0.55205462939827,0.552054641537189,0.5520546498663218,0.5520546553089388,0.5520547295418738,0.5520547313183752,0.5514269434615399,0.5514269601938978,0.5514269621847859,0.5514269630007451,0.5514269630516728,0.5514269663800528,0.5514269676692445,0.5514269761235473,0.5514269772377032,0.5514269849304391,0.5514269993772659,0.5514270024140613,0.5514270098654447,0.5514270100590133,0.5514269778832152,0.5514269783602105,0.5514269785906343,0.5514269706210971,0.5514269706246019,0.5514269794700634,0.5514269841732544,0.5514269881119529,0.5497688296083871,0.5497688059193199,0.5497688210471444,0.5497688191090497,0.5497688206938383,0.5497688314622845,0.5497688328734543,0.5497688322920463,0.5497688335141111,0.5497688318192832,0.5497688268681709,0.5497688283518476,0.5497688306822909,0.5497688292321956,0.5497688262337457,0.549768827573504,0.5497688288947564,0.549768842943618,0.5497688432124855,0.5497688406971096,0.5497688400893326,0.5497688379874205,0.5497688382578341,0.5497688357724432,0.5497688404730555,0.5497688407310616,0.5497688395458402,0.5497688398862469,0.5497688404367054,0.5497688405987909,0.5497688381870771,0.5497688376801827,0.5497688431337084,0.5497688433405962,0.5497688406354336,0.54976884087168,0.5500828980944223,0.5500828981672954,0.5500828976361934,0.5500828977978007,0.5500828970765318,0.5500829001380013,0.5500828997771955,0.5500828999654414,0.5500828994921124,0.5500828995246063,0.5500828997051644,0.5500828986290035,0.550082898839776
300,0.5501133021934592,0.553492039124302,0.5534920074413607,0.5534919896127083,0.553491973804542,0.5534919623816672,0.5534919493593673,0.5534919508736644,0.5534919521149859,0.5534919427743428,0.5534919432476076,0.5534919446669914,0.5534919455482289,0.5551785369618649,0.5551785357715998,0.5551785309364061,0.5551785392666924,0.5551785201185612,0.555178525110331,0.555178526823496,0.5551785656080702,0.5551785913551986,0.5551785981515674,0.5551785968446515,0.5551786154166047,0.5551786303115785,0.5551786393765403,0.5551786405533279,0.5551786994614633,0.5551787013659901,0.5551786786535678,0.5555974329150324,0.5555974352722254,0.5555974344662058,0.5555974335049625,0.5555974379970641,0.5555974382339879,0.5555974437516527,0.555597441669644,0.5555974456547137,0.5555974597565063,0.5555974615988596,0.5555974667734517,0.5555974658730479,0.5555974511135666,0.555597450663018,0.5555974499824273,0.5555974455359185,0.5555974450618126,0.555597453676273,0.555597460151967,0.5555974637984907,0.5555973512054189,0.5555973643858138,0.5555973675218078,0.5555973564060256,0.5555973555477313,0.5591009950899362,0.559100991902227,0.5591009879298198,0.5591009854799638,0.5591009814082407,0.5591009814709132,0.5591009785515458,0.5591009761064037,0.5591009811148883,0.5591009816956303,0.5591009815154685,0.5591009788502197,0.5591011703919602,0.5591011694668027,0.5591011676046774,0.559101166553586,0.559101164570911,0.55910116369836,0.5591011617071404,0.55910116741255,0.5591011665495752,0.5591011680024611,0.5591011672526713,0.5591011396677362,0.5591011395750746,0.5591011372229628,0.5591011387070579,0.559101144002711,0.5591011429940556,0.5591011404364589,0.5591011393864157,0.5591011369522777,0.5591011363159403,0.5591011345255621,0.5591011336086128,0.5591011313432946,0.5591011324012308,0.5591011306947309,0.5591011296989332,0.5591011293398255,0.5591011290928873,0.5591011271955058,0.5591011281549322,0.5591011272288687
301,0.5612027996856459,0.5588009678751144,0.5588009817028523,0.5588009930222867,0.5588010056862663,0.5588010190724254,0.5588010357741867,0.5588010371830308,0.5588010399871401,0.5588010560828739,0.5588010590864058,0.5588010270891506,0.5588010257373156,0.558801104382837,0.5588011085165611,0.5588914394631944,0.5588914506448981,0.5588914979004782,0.5588914948380147,0.5588914994762357,0.5588914517256064,0.5588914547625053,0.5588914605396793,0.5588914673283512,0.5588912627978591,0.5588912686359844,0.5588912656396776,0.5588912226952393,0.5588911478941899,0.5588911471059245,0.558891149681546,0.5588911877295437,0.5588911869722925,0.5588911905688199,0.5588911958443243,0.5588911932578656,0.5588652239955695,0.558865228025981,0.5588652346970554,0.5588652385743189,0.5588652399455684,0.5588652425118544,0.5588652461716671,0.5588652484818648,0.5588652011121171,0.5588652030712483,0.5588652050024787,0.5588651932943731,0.5588651942810873,0.5588651947761349,0.5588651926029508,0.5588651934899517,0.5588651894313352,0.558865144569439,0.5588651466824184,0.558865141747626,0.5588651430862474,0.5588651553660634,0.5588651565288927,0.5588650721628666,0.5588650707088162,0.5584276675256351,0.55842765844826,0.5584276575065646,0.5584276571879245,0.558427659601477,0.5584276533137169,0.5584276539549342,0.5584276530674557,0.5584278221942379,0.5584278233706235,0.5584278220870619,0.5584278182772585,0.5584278168329957,0.5584278165100761,0.5584278148319158,0.5584278189248255,0.558427818605859,0.5584278181339917,0.5584278179156312,0.5584278179683481,0.5584278180702092,0.5584278165581459,0.5584278167166712,0.5584278205220988,0.558427820236778,0.558427818524417,0.5584278182420762,0.5584278166280116,0.5584278164108566,0.558427815262745,0.5584278150553128,0.5584278135386519,0.5584278145330986,0.5584278135006256,0.5584278132669629,0.5584278113593625,0.5584278112842845,0.5584278098296531,0.5584278071989416,0.5584278069938798
302,0.558833727033937,0.565248566944234,0.5652485423120989,0.5652485278088583,0.5652485141007837,0.5652485038662098,0.5652484910596425,0.5652484940952287,0.5652484937968605,0.5652484853426591,0.5652484820217741,0.5652484710044624,0.5652484765448698,0.5652484972999415,0.5652484967860036,0.567785953236873,0.5677859511994163,0.5677859329209571,0.5677859371435355,0.5677859362379686,0.5677859658498636,0.5677859780458205,0.5677859793129109,0.5677859757598173,0.567786023833205,0.5677860288587739,0.567786035238186,0.5677860433102837,0.5677861055406875,0.567786106983759,0.5677861059660625,0.5677861091489003,0.5677861105799538,0.5677861081248826,0.5677861951136143,0.567786195580611,0.5676141436246415,0.5676141466102571,0.5676141458890377,0.5676141478879367,0.5676141552397453,0.5676141567904447,0.5676141597933049,0.5676141599530168,0.5676141340698362,0.5676141343525881,0.5676141345278564,0.5676141254329858,0.5676141254491345,0.5676141297223523,0.567614135053362,0.5676141371454229,0.5676141314674953,0.5676141002748581,0.5676141013492463,0.5676140875759198,0.5676140878083189,0.567614094963956,0.567614094961312,0.5676140901089529,0.5676140836668855,0.5676139842319053,0.5676139506971615,0.5676139502455815,0.5676139507158894,0.5676139530015846,0.567613652215743,0.5676136526650164,0.567613649177395,0.5676141975863577,0.5676141961646823,0.5676141891241484,0.5628410849788881,0.562841084067134,0.5628410848050059,0.5628410834794602,0.562841084736115,0.5628410854578076,0.562841083278477,0.562841083977956,0.5628410847160912,0.5628410848671597,0.5628410837080364,0.5628410825913799,0.5628410850201702,0.5628410856224326,0.5628410842909918,0.5628410849379449,0.5628410836773754,0.5628410840301836,0.5628410832722722,0.5628410838785699,0.5628410828476852,0.5628410834821116,0.5628410828908494,0.5628410835573731,0.5628410820348195,0.5628410821747685,0.5628410811810317,0.5628410779547948,0.5628410786006965
303,0.5700274479321792,0.5712380270535858,0.5712379952725493,0.5712379744521604,0.5712379530396057,0.5712379350423502,0.5712379114543598,0.5712379160659146,0.571237912877044,0.5712378958558526,0.5712378865581194,0.571237879028147,0.5712378910963493,0.5712378909638955,0.5712378860987596,0.5725303409046039,0.5725303364129141,0.5725303140849551,0.5725303200187191,0.5725303182255879,0.5725303553109301,0.5725303703532887,0.5725303711241743,0.5725303655795927,0.5725304281676948,0.5725304335818795,0.5725304422702572,0.572530455648959,0.5725305574911841,0.5725305594839547,0.5725305577769331,0.5725305562140216,0.5725305581967712,0.5725305533190465,0.5755346892485992,0.5755346957553591,0.5755346934947329,0.5755346931492781,0.5755346840550022,0.5755346821153305,0.5755346939839655,0.575534693076783,0.5755346933004885,0.5755346901455198,0.5755347027852316,0.5755347003907653,0.5755346978336979,0.5755346972994627,0.575534695855877,0.5755347032018617,0.575534714635093,0.5755347172658803,0.5755347115056183,0.5755347039999611,0.575534702982085,0.5755347135885286,0.5755347125236523,0.5755347117590264,0.5755347105098488,0.5755347068151393,0.5755346934340745,0.5755346813924668,0.5724986030670927,0.5724986018847662,0.5724986011905931,0.5724986039224673,0.5724983393677603,0.5724983391885962,0.5724983357167257,0.5724988597940984,0.5724988585380686,0.5724988547209334,0.5724988505387159,0.5724988466075156,0.5724988454186254,0.5724988410855982,0.5724988517603692,0.5724988505841581,0.5724988511084314,0.5724988500826794,0.5724988491459019,0.5724988491145111,0.572498844928845,0.5724988460653867,0.5724988553274497,0.5724988542954847,0.5724988496817206,0.5724988486314242,0.5724988441117297,0.5724988434121475,0.5724988401770411,0.5724988392804948,0.5724988350850551,0.5724988352235656,0.5724988321312561,0.5724988311443938,0.5724988250682369,0.5724988248015853,0.5724988205367123,0.5724988145529596,0.5724988136232633
304,0.5726374378092717,0.5747344037257285,0.574734371827791,0.5747343481209387,0.5747343217151435,0.5747342971659379,0.5747342638448023,0.574734267928007,0.5747342634354223,0.574734236023505,0.5747342251736449,0.5747342209412147,0.5747342338250165,0.5747342246323927,0.5747342181376142,0.5747342684939449,0.5747342635369853,0.5747342262459978,0.5747342313257866,0.5747342293317674,0.5747342782764632,0.5747342897407383,0.5747342896138465,0.574734284376284,0.5747343969332035,0.5747344004361729,0.5747344076927551,0.5747344459500179,0.5747345265930229,0.5747345282665801,0.5747345265846311,0.5747345249878671,0.5747345266105339,0.5747345237680751,0.5747345937356535,0.5747345953869107,0.574734595652763,0.5747345968390573,0.5747345934469794,0.5747345939904163,0.5747345988550553,0.574734599455986,0.5747346007573172,0.5747346004477286,0.5747345891125256,0.5747345889482983,0.574734588721279,0.5747345819313964,0.5747345817591281,0.5747345845814953,0.574734592144899,0.5747345934517615,0.57473459092546,0.5747345745723061,0.5747345748190689,0.5787846095334843,0.5787846069856393,0.5787845935277709,0.5787845907482495,0.5787845856385708,0.5787845476751093,0.5787845360360646,0.5787843023091446,0.5787842982450102,0.5787842950977173,0.5787843032035538,0.5787842864073935,0.5787842868203615,0.578784283064355,0.5787851080913923,0.5787851066593321,0.5787851010718177,0.5787850965771137,0.5787850909479407,0.5787850895945589,0.578785082967913,0.5787850981264875,0.5787850967871153,0.5787850938169867,0.5787850926946754,0.5787850916980005,0.5787850917880968,0.5787850858363514,0.5787850864559995,0.5787851002234016,0.5787850989950508,0.5787850921628047,0.5787850909644158,0.5787850842990298,0.5787850833837438,0.5787850786377212,0.5787850776500945,0.5787850714291034,0.5787850719895544,0.5787850675564058,0.5787850664551127,0.5699562442291471,0.5699562450499875,0.569956247936735,0.5699562525547552,0.5699562561209973
305,0.5846405156518822,0.5822834302657423,0.5822834575741954,0.5822834807091904,0.5822835077019921,0.5822835347298252,0.5822835705239015,0.5822835658134642,0.5822835801433187,0.5822836065446393,0.5822836335327524,0.5868001565223033,0.5868001290328048,0.5868001528280096,0.5868001717085802,0.586800189045662,0.5868002154061073,0.586800233525115,0.5868002210728936,0.5868002326884391,0.586800197338061,0.5868001864691383,0.5868001974350949,0.5868002174332582,0.5867997646772644,0.5867997690289247,0.5867997618737049,0.5772301680519579,0.5772300253396503,0.5772300191432908,0.5772300301159987,0.5772300410136274,0.5772300357823336,0.5772300369513313,0.5772300454656705,0.5772300321177002,0.5772300420800591,0.577230050004071,0.5772300560493717,0.5772300659056043,0.5772300518013088,0.5772300582032208,0.5772300647642646,0.5772300738774535,0.577229558814539,0.5772295584745856,0.5772295581073336,0.5772295528544082,0.5772295526353265,0.5772295541721343,0.5772295617044767,0.5772295623232993,0.5772295612427413,0.5992595736781927,0.5992595554509555,0.5992594205995637,0.5992594020462702,0.5992592905849458,0.599259271843581,0.5992592536114887,0.5992590399972317,0.5992590208508269,0.5992590029116304,0.5992589855366197,0.5992589691742946,0.5992589978201159,0.5992589987518496,0.599258995892517,0.5992589800502087,0.5992621823953017,0.5992621769574982,0.5992621635624291,0.5992621581439448,0.5992621440864905,0.5992621389317917,0.5992621231783442,0.5992621621606494,0.5992621570792938,0.5992621567822841,0.5992621521802408,0.5992621476650423,0.599262147208746,0.599262132386712,0.5992621379163818,0.5992621699759931,0.5992621603888207,0.5992621547250497,0.5992621502005832,0.5992621339935744,0.5992621310023631,0.5992621190140688,0.5992621150254156,0.5992620992192919,0.5992620978440151,0.5981240575168657,0.598124053953226,0.5981240410705508,0.5981240401067504,0.5981240249501159,0.5981239860129711,0.59812398261548
306,0.6067130117233552,0.5930908705397068,0.5930908654707854,0.5930908671467447,0.5930908725387471,0.5930908805710003,0.59309089314423,0.5930908908841964,0.5930908996326076,0.5930909090157838,0.5930909249312584,0.6035568357493484,0.6035568397172736,0.6035568389524616,0.6035568386461202,0.6035568105572952,0.6035568116919311,0.6035567752689781,0.603556777661913,0.6035567785221124,0.603556823214848,0.6035568325981543,0.6035568352478284,0.6035568347228071,0.6035562759594234,0.6035562785891964,0.6035563017814923,0.5924772010920788,0.592477306034896,0.5924773054127942,0.5924773074058031,0.592477309408834,0.5924773090172982,0.5924773033094096,0.5924773048551256,0.5924773034631896,0.5924773053953686,0.5924773076839617,0.5924772988844863,0.5924773011047103,0.592477301845025,0.5924773035140913,0.5924773056449987,0.5924773071954443,0.578629445168018,0.5786294606716952,0.578629476647198,0.5786294231615511,0.5786294317396593,0.5786294094607936,0.5786294041681559,0.5786293991734043,0.578629410853296,0.5786295520463623,0.5786295670085869,0.5786295700142532,0.5786295847504697,0.578629594682273,0.5786296093843106,0.5786296217719723,0.5786296381481415,0.5786296471594686,0.578629633145255,0.5786296470101719,0.5786296607469634,0.5786296394041954,0.5786296293014805,0.5786296327403241,0.5786296453247047,0.5786290157474577,0.5786290195238936,0.5786290170613131,0.5786290188619334,0.5786290183201153,0.5786290219423635,0.5786290202353035,0.5786290168859349,0.5786290204360849,0.5786290135765569,0.5786290168988093,0.578629020213326,0.5786290207244725,0.5786290194449267,0.5786288666934729,0.5786288719907927,0.5764368089948901,0.5764368098533996,0.5764368106914443,0.5764368115472667,0.5764368120384373,0.5764368127368705,0.5764368134930989,0.5764368143462985,0.5764368148013788,0.5764368155559376,0.5764368163843304,0.5764368161901825,0.5764368163833501,0.5764368172104414,0.5764368156063916,0.5764368163971119
307,0.6068265882067759,0.6072828874272943,0.6072828527089174,0.607282833462366,0.6072828167825104,0.6072828046563106,0.6072827917088075,0.6072827927275942,0.6072827939793843,0.6072827847890747,0.6072827858486897,0.6223646006223424,0.622364635908908,0.6223646154275265,0.6223645959067885,0.6223644764494132,0.6223644522486316,0.6223642995388631,0.6223643166789993,0.6223643067092914,0.6223644924674191,0.6223645216547128,0.6223645158328054,0.6223644947668509,0.6169564632486453,0.6169564657400559,0.616956497899287,0.6169561374017658,0.6169569641236035,0.6169569753233544,0.6169569581259161,0.6169569411197169,0.6169569509656831,0.6169569215470588,0.6169569083340248,0.61695693230845,0.6169569170774226,0.6169569071833187,0.6169568514447424,0.6169568372820667,0.616956869152048,0.61695686061488,0.616956853124634,0.6169568385296449,0.616956019145535,0.6169559961765809,0.6169559713825677,0.6104331704898864,0.6104331604427987,0.6104331897347453,0.6104332894086741,0.6104332969130106,0.6104332808892607,0.610433617638792,0.610433605834981,0.6104335652801023,0.6104335533180523,0.6104335151437986,0.6104335030644731,0.6104334915940594,0.6104334166429927,0.610433405418612,0.6104334029151767,0.6104333917088428,0.6104333811125185,0.6104333995759154,0.6104334024963193,0.6104334006036318,0.6104333903845276,0.6104348133798436,0.6104348098046487,0.6104348006872162,0.6104347976076535,0.6104347883277442,0.610434784961047,0.6104347739295352,0.6104347994305044,0.6104347961009733,0.5970941425604135,0.5970941447194699,0.5970941468861465,0.5970941472642685,0.5970941464915998,0.597094039388927,0.5970940440660505,0.5970940451875045,0.597094042622026,0.5970940437231052,0.5970940410860344,0.5970940416195536,0.5970940398945992,0.5970940409100071,0.5970940384678751,0.5970940392474784,0.5970940378099671,0.5970940389227165,0.597094037400985,0.5970940376208264,0.5970940350299057,0.5970940298414843,0.5970940309173601
308,0.6227651449563648,0.615792866143399,0.6157928199964711,0.6157927916929523,0.6157927647114292,0.6157927426394855,0.6157927164962297,0.615792719516076,0.61579271618963,0.6157926973456629,0.6157926893283596,0.6266807587969618,0.6266807892251651,0.6266807665218863,0.6266807496938485,0.6266806970356457,0.6266806761353683,0.6266806114565482,0.6266806262573563,0.6266806176655292,0.6266807112119559,0.626680736354186,0.6266807313308455,0.6266807131656786,0.6072525520257971,0.6072525588021062,0.607252532140644,0.6072523264924274,0.6072523040305513,0.6072522989599645,0.607252308554704,0.6072523180905824,0.607252313898161,0.6072523113919687,0.6072523186963037,0.6072523077300325,0.6072523164915171,0.6072523239634,0.6072523231681146,0.6072523320516725,0.6072523219566108,0.6072523278989833,0.6072523342452599,0.6072523421474133,0.6072519604493612,0.6072519628382888,0.6072519611839143,0.5976985767986399,0.597698584441056,0.5976985655763114,0.5976985701746528,0.5976985662423958,0.5976985759783994,0.5976984444944226,0.597698453949523,0.5976984499637008,0.5976984591706591,0.5976984625184071,0.597698471655693,0.5976984789670258,0.59769848188811,0.597698486370308,0.5976984739853712,0.5976984826631576,0.5976984914232097,0.5976984784765774,0.5976984706928534,0.5976984731361222,0.5976984809957836,0.5976982107433539,0.5976982130169508,0.5976982097602547,0.597698210454452,0.5976982085885989,0.5976982107784901,0.5976981656128975,0.5976981688420732,0.5976981705194261,0.597697961157969,0.5976979605841418,0.5976979600185817,0.5976979599865287,0.6002629544036392,0.6002629560710796,0.6002629593543002,0.6002629584196951,0.6002629567575797,0.6002629557746098,0.6002629541412461,0.600262953621773,0.6002629523839399,0.6002629514984957,0.6002629499637787,0.600262949411374,0.6002629481322818,0.6002629471661097,0.6002629474984218,0.6002629472877332,0.6002629458259231,0.6002629479248447,0.6002629470052515
309,0.6200367007500787,0.6186704035125734,0.6186703546915593,0.6186703240082742,0.6186702941546082,0.6186702691823921,0.6186702390971786,0.6186702427604371,0.6186702378582606,0.618670216139216,0.618670205039556,0.6281333020790599,0.6281333308292045,0.6281333090361688,0.6281332931114859,0.6281332472324026,0.628133227407499,0.628133171595117,0.6281331855756745,0.6281331774326511,0.6281332604649427,0.6281332840843802,0.6281332792802844,0.6281332620906166,0.6040357700082881,0.6040357780958658,0.6040357321062395,0.6040355508723599,0.6040353030125615,0.6040352925989942,0.6040353109693901,0.604035329198433,0.6040353203912538,0.6040353245837733,0.604035338613506,0.6040353161761781,0.6040353327936445,0.6040353459258911,0.6040353593967047,0.6040353758142044,0.6040353518800976,0.6040353625507878,0.6040353733985923,0.6040353886728462,0.604035112844395,0.6040351235361093,0.6040351293512267,0.6002936536023458,0.6002936585190066,0.6002936467284385,0.6002936505105757,0.6002936481675439,0.6002936542026331,0.6002935658564508,0.6002935719906384,0.6002935681380869,0.6002935740777102,0.6002935760860533,0.600293581964781,0.6002935865444234,0.6002935874745019,0.6002935900001304,0.6002935808759112,0.6002935864788086,0.6002935921886999,0.6002935839750835,0.6002935784970018,0.6002935801708118,0.6002935852401313,0.6002934319035862,0.6002934333506075,0.6002934308912148,0.6002934312075304,0.6002934296793903,0.6002934310750764,0.6002933507592862,0.6002933556212449,0.6002933561260476,0.6002932711959564,0.6002932708402907,0.6002932704936945,0.6002932704963851,0.6016951107304115,0.6016951108899213,0.6016951140080116,0.6016951136913251,0.6016951120759839,0.6016951117504614,0.6016951101791589,0.601695109815753,0.6016951087074914,0.6016951084258736,0.6016951070104214,0.6016951069135302,0.6016951058879957,0.6016951055808768,0.6016951052490659,0.6016951051299282,0.6016951037771053,0.6016951034814021,0.601695103193491
310,0.6302820386757099,0.6253108563233081,0.6253108022875388,0.6253107663944705,0.6253107298938394,0.625310698006225,0.6253106582174099,0.6253106634468414,0.6253106549049027,0.6253106258272002,0.6253106075288573,0.6314723423025971,0.6314723672608297,0.6314723481129064,0.6314723342714842,0.6314722972562936,0.6314722799895683,0.6314722353994335,0.631472247549767,0.6314722404665537,0.6314723086803762,0.6314723291018214,0.6314723248935961,0.6314723099527964,0.6118369341316175,0.6118369401674657,0.6118369093400334,0.6118368376203646,0.6118370607033969,0.6118370480703014,0.6118370701537924,0.6118370920610472,0.6118370813426699,0.6118370857645217,0.6118371026291433,0.6118370754162935,0.6118370953598421,0.6118371109456215,0.6118371263006032,0.6118371459347981,0.611837116398503,0.6118371291112699,0.6118371419302724,0.6118371603179679,0.6118369823282581,0.6118369970543454,0.6117406720944369,0.6117403597759659,0.6117403613555145,0.6117403587142466,0.6117403656061959,0.6117403654712924,0.6117403666354487,0.6117403347454852,0.6117403368898151,0.6117403304128158,0.6117403323767706,0.6117403314009241,0.6117403332911071,0.6117403343418647,0.6117403294671317,0.6117403290668632,0.6117403222158817,0.6117403240851248,0.6117403261707818,0.6117403238973934,0.611740320543111,0.6117403214218395,0.6117403230950829,0.6117404418703803,0.6117404421174588,0.611740436574367,0.6117404361428789,0.6117404315711971,0.6117404318440719,0.6059570937741133,0.6059570873349175,0.6059570894162655,0.6059570837335676,0.6059570856769767,0.6059570876221246,0.6059570879397131,0.6059570897484019,0.6059570866203714,0.6059570832117589,0.6059570849773228,0.6059570865874294,0.6059570884482487,0.6059570900596899,0.6059570852248315,0.6059570865217444,0.605957088155213,0.6059570897181084,0.6059570907532864,0.6059570922128401,0.6059570940008061,0.6059570932954109,0.6059570936389169,0.6059570951458245,0.605957091053715,0.6059570927616843
311,0.5425829763211377,0.5431506800548445,0.543150701619468,0.5431507227143844,0.5431507467198151,0.5431507829609091,0.5431508173898943,0.5431508262928003,0.5431508319645536,0.5431508705063723,0.5431508604391622,0.5431507998160335,0.5431508061660753,0.5431507720864928,0.5431507760264487,0.5431508055203823,0.5434653171957847,0.543465372493155,0.5434653755910063,0.5434653805965184,0.5434653477803479,0.5434653849548494,0.5434653976472112,0.5434654009013532,0.543465158176557,0.5434651850519648,0.5434651931974733,0.5434651366595407,0.5434650645508726,0.54346506602407,0.5434650725002677,0.543465075064899,0.5434650772751329,0.5434650811212172,0.5434650818890384,0.5434650852166302,0.5434650869708006,0.5434650834914077,0.543465090202801,0.5441574445503631,0.5441574545113427,0.5441574563235404,0.5441574626540394,0.5441574624419888,0.5441574294294437,0.5441574294820383,0.5441574293569297,0.5441574267370226,0.5441574266017948,0.5441574330572065,0.5441574293364744,0.5441574319094349,0.544157424239407,0.5441573948158753,0.5441573964055466,0.5441573946558769,0.5441573948570734,0.5441574049284269,0.5441573804910353,0.5441573782164,0.5441573809763386,0.544157377365991,0.5441573724617045,0.5441573722388248,0.5441573753715403,0.5441573775280416,0.5441573750157327,0.5441573776602304,0.5441573774074869,0.544157471496728,0.5441574712672544,0.5441574693040163,0.5441574682177438,0.5441574662416385,0.5441574660349641,0.5441574638476345,0.5441574693407875,0.54415746906532,0.5441574685386725,0.5441574686377005,0.5441574687019337,0.5441574689470472,0.5441574668179375,0.5441574668539021,0.5441574728992634,0.5441574727075208,0.5441574702592413,0.5441574700817281,0.5441574680015935,0.5441574678513521,0.5441574664571731,0.5441574664011759,0.5441574645245555,0.5441574673769679,0.5441574662877708,0.5441574664330578,0.5441574652575926,0.5441574652120476,0.5441574638230581,0.5441574619785929,0.5442932872054412
312,0.5462817842922532,0.5488153865500797,0.5488153621940919,0.5488153478353228,0.5488153344536093,0.5488153245199447,0.5488153122072053,0.5488153141513241,0.5488153139448391,0.5488153052546855,0.5488153028279253,0.5488153094459794,0.5488153128966383,0.5495750358886998,0.5495750348326248,0.5495750258406287,0.5495750247897888,0.5495750154521897,0.5495750187836533,0.5495750194238724,0.5495750409801252,0.5495750569166412,0.5495750606717245,0.5495750592628825,0.5495750771704371,0.5495750861384566,0.5495750920182184,0.5495750983163075,0.549575168054755,0.5495751693056192,0.548783881293739,0.5487838846240912,0.5487838861107147,0.5487838881222926,0.5487838885040911,0.5487838908130603,0.5487838921112868,0.5487839000807192,0.548783903367999,0.548783910811914,0.5487839225633885,0.5487839253835494,0.5487839322438696,0.548783932734967,0.5487838977429318,0.5487838984140782,0.5487838988795839,0.548783891597238,0.5487838917501839,0.5487838990214722,0.5487839006737256,0.5487839039322419,0.5487837850101392,0.5487837825198207,0.5493020229914705,0.5493020184320111,0.5493020181978706,0.549302038897053,0.549302038299067,0.5493020343732724,0.5493020338024254,0.5493020282927039,0.5493020213181815,0.5493020210801848,0.5493020227001565,0.5493020248170996,0.5493020210508203,0.5493020230606931,0.5493020227909857,0.5493021601615165,0.5493021598884275,0.5493021568330447,0.5493021552139541,0.5493021523085754,0.5493021520609979,0.5493021487722206,0.5493021563517996,0.549302156099805,0.549302155395482,0.5493021553670572,0.5493021557218823,0.5493021559514174,0.5493021527796179,0.5493021528093346,0.5493021606577356,0.5493021604256563,0.5493021568508469,0.5493021566352909,0.5493021630673111,0.5493021629290668,0.5493021608478091,0.5493021608258399,0.5493021593487043,0.5550007264410658,0.5550007242712489,0.5550007218922146,0.5550007224495096,0.5550007218947552,0.5550007195190627,0.5550007241255714,0.5550007218545917
313,0.5479159954859072,0.5521237522505086,0.5521237183168788,0.5521236989466999,0.552123681538415,0.5521236687392039,0.5521236539017409,0.5521236556473034,0.5521236564964322,0.5521236457980806,0.5521236454064107,0.5521236498213141,0.5521236515910541,0.5539870523646144,0.5539870502833195,0.5539870110341377,0.5539870179161532,0.5539869714537621,0.5539869777407594,0.5539869788690607,0.5539870479075489,0.5539870769940775,0.5539870837787,0.5539870810433647,0.5539871831121036,0.5539871992144829,0.5539872101958693,0.5539872262792704,0.5539873078410545,0.5539873101710352,0.5538470986677516,0.5538471503588028,0.5538471529723472,0.5538471521278333,0.553847151430882,0.5538471562069722,0.5538471569490845,0.5538471646605607,0.5538471623951147,0.5538471685416486,0.5538471852776595,0.5538471879705013,0.5538471950247816,0.5538471944519207,0.553847172416358,0.5538471723000569,0.5538471719051008,0.5538471651744585,0.5538471648324517,0.553847175059465,0.5538471821304909,0.5538471865496202,0.5532398637724011,0.5532398779798998,0.5532398819430591,0.5532398715497375,0.5532398713449179,0.5532401835378092,0.5532401847202888,0.5532401769634029,0.5532401849919137,0.5532401754989786,0.5532401614805507,0.5532401630039385,0.55324016654863,0.55324016657849,0.5532401583779242,0.5532401612679382,0.5532401625763534,0.5532401329733272,0.5532401332454298,0.5532401316259193,0.5532401289374865,0.553240127330645,0.553240127582723,0.5532401255145872,0.5532401299167486,0.5532401301616615,0.5532401276273102,0.553240128092625,0.5532401311379133,0.553240131541668,0.5532401299021784,0.553240129084576,0.5532401342927757,0.5532401344810985,0.55324013246643,0.5532401326982412,0.5532401346395361,0.5532401347065192,0.5532401336648524,0.5532401340289586,0.5532401325744921,0.553240139948112,0.553240139391328,0.5532401398077976,0.5532401369494608,0.5532401370023604,0.5532581905611562,0.5532581853292349,0.5532581856745136
314,0.5534333026048874,0.5576471669587931,0.5576471643979037,0.5576471644770702,0.5576471654809996,0.5576471682237115,0.5576471713427205,0.5576471728240995,0.5576471754685954,0.5576471791435268,0.5576471818341472,0.5576471634466913,0.5576471624177873,0.5579521755317894,0.5579521788475709,0.5579522665812929,0.5579522776027813,0.5579522876398512,0.557952285885134,0.5579522901966629,0.5579522830980067,0.5579522903463858,0.5579522965606141,0.5579523021919313,0.5579522143342434,0.5579522220591134,0.5579522210962263,0.5579522046258641,0.5579522033541077,0.5579522030208112,0.5579522020992674,0.5583325927620221,0.5583325926920215,0.5583325926734432,0.5583325941206936,0.5583325932793682,0.5583325875563071,0.558332591027379,0.558332591465823,0.5583325945353063,0.5583325978603797,0.5583325998530891,0.5583326030770256,0.5583326044343583,0.5583325814926277,0.5583325826951979,0.5583325838402139,0.5583325752279125,0.5583325757938185,0.5583325776230964,0.5583325816722641,0.5583325828903188,0.5583325769328943,0.5583325608040411,0.5583325625700906,0.5583325557630738,0.5583325565989338,0.558332606188149,0.5583326073433726,0.5571179183721621,0.5571179172360842,0.5571178196271399,0.5571178123929523,0.557117812692979,0.5571178134391017,0.557117813671682,0.5571178087239728,0.5571178094412321,0.5571178096891286,0.5571180196558609,0.5572108403181455,0.5572108402981201,0.5572108402809598,0.5572108402509894,0.5572108402187921,0.5572108401950466,0.5572108403014586,0.5572108402697158,0.5572108403390494,0.5572108403095384,0.5572108402800106,0.5572108402754218,0.5572108402472395,0.5572108402902164,0.5572108403517625,0.5572108403247829,0.5572108402954953,0.5572108402670913,0.5572108402379,0.5572108402212043,0.5572108401974212,0.5572108401718026,0.55721084014269,0.5572108401273727,0.5572108401015625,0.5572108400735167,0.5572108400799917,0.5572108400735084,0.5572108400452813,0.55721084009957,0.5572108400727636
315,0.5613137929985398,0.5646446947685184,0.5646446718482832,0.564644658540803,0.5646446460450504,0.5646446369937294,0.5646446255400933,0.5646446286379871,0.5646446287054084,0.5646446213891461,0.5646446185707211,0.5646446054364485,0.5646446105908403,0.5646446330740196,0.5646446330123289,0.5669512651441371,0.5669512645672204,0.566951249969452,0.5669512536614058,0.5669512533687745,0.5669512788318727,0.5669512909947578,0.5669512929465872,0.5669512903704627,0.5669513207335242,0.5669513263275652,0.56695133210689,0.566951337253191,0.5669513980354545,0.5669513993312882,0.5669513986774339,0.5669514043085917,0.5669514056085421,0.5669514027790339,0.5669514799422635,0.5669514802538959,0.5666912914705999,0.5666912951425231,0.5666912948240113,0.5666912973219312,0.566691306067063,0.5666913079790772,0.5666913116538645,0.5666913119101654,0.5666912795902047,0.5666912799824145,0.5666912802458779,0.5666912693986758,0.5666912694463183,0.5666912745179937,0.5666912802877418,0.5666912827882242,0.5666912758332561,0.5666912376943999,0.5666912390439516,0.5666912233279813,0.5666912236437807,0.5666912330342366,0.566691233065914,0.5666912269886196,0.5666912199289117,0.5666910697888132,0.5666910331444579,0.5666910324198408,0.566691032816379,0.5666910358462219,0.5666908116774998,0.5666908125699491,0.5666908096588367,0.5666913651963716,0.5666913639299797,0.566691356422983,0.5594891226805172,0.5594891250409513,0.5594891275969842,0.5594891294603522,0.5594891210571041,0.5594891235734593,0.5594891180721919,0.5594891204149801,0.5594891227558443,0.559489123118005,0.5594891253371501,0.5594891219315332,0.5594891170809972,0.5594891192213446,0.5594891215280424,0.5594891237790766,0.5594891260782435,0.5594891273977369,0.5594891292742326,0.5594891313056201,0.5594891335976074,0.5594891348202596,0.5594891368496534,0.559489139074947,0.5594891385533738,0.5594891390722283,0.5594891412942259,0.5594891369849316,0.5594891391091794
316,0.5647202508689586,0.5677135718968374,0.5677135421269048,0.5677135239132215,0.5677135061413349,0.5677134922173224,0.5677134744715996,0.5677134783968429,0.5677134769983334,0.5677134648929255,0.5677134590249078,0.5677134482547579,0.5677134567759283,0.5677134686952038,0.567713466414788,0.5702478393342338,0.5702478351158419,0.5702478109880528,0.5702478168372324,0.5702478150549837,0.5702478538201217,0.5702478689525391,0.5702478697746928,0.5702478642930159,0.5702479339764535,0.5702479395397643,0.5702479481415735,0.5702479601325858,0.5702480431512407,0.5702480451139962,0.570248043441855,0.5702480419984678,0.5702480439600296,0.5702480408593772,0.5713808863821761,0.5713808895825304,0.5713808782669101,0.5713808795588322,0.5713808759609431,0.5713808761212542,0.5713808845687463,0.5713808849470604,0.5713808864913317,0.5713808852717324,0.571380876543304,0.5713808756957379,0.5713808747293446,0.5713808700277568,0.5713808694433314,0.5713808745631177,0.5713808817227952,0.5713808838239688,0.571380878807906,0.5713808623295756,0.5713808624204084,0.5713808468205716,0.5713808462882045,0.5713808489325626,0.5713808482097054,0.5713808443313453,0.5713808353787095,0.5713808173611377,0.5713806522861512,0.5713806503497989,0.5713806491636255,0.571380653480652,0.5653718647743929,0.5653718667895313,0.5653718715342114,0.5653717123270673,0.5653717137591976,0.5653717131901704,0.5653716782844956,0.5653716776920781,0.5653716787133705,0.5653716775189676,0.5653716780125507,0.5653716790157616,0.5653716751718669,0.5653716761706459,0.5653716772749509,0.5653716775526498,0.5653716767669945,0.5653716750339121,0.5653716771373198,0.5653716779678116,0.56537167695687,0.5653716778559666,0.5653716769193969,0.5653716773776873,0.5653716768594707,0.5653716777148089,0.5653716769411588,0.5653716781667403,0.5653716778678686,0.5653716787970023,0.5653716745228831,0.5653716747143572,0.565371673870144,0.5653716665391816,0.5653716674365448
317,0.5709258700353349,0.5743258017857036,0.5743257455609622,0.5743257030314889,0.5743256550991865,0.5743256099221359,0.5743255479444475,0.5743255536183138,0.5743255489989874,0.5743254948545741,0.5743254823259536,0.5743255059264627,0.5743255216959031,0.574325513908224,0.5743255067834734,0.574525783689858,0.5745257794297151,0.5745257184247585,0.574525724775785,0.5745257231573154,0.5745258002330609,0.574525816940634,0.5745258182026253,0.5745258125922342,0.5745259710415364,0.5745259773429954,0.5745259867189376,0.5745260162466924,0.57452614671486,0.5745261488594047,0.5745261471692051,0.5745261456262301,0.5745261477814754,0.5745261432814213,0.5749900268381808,0.5749900293766953,0.5749900300361209,0.5749900321973712,0.5749900295208356,0.5749900306291406,0.5749900385791841,0.5749900397029308,0.5749900420311826,0.5749900416658378,0.5749900080470816,0.5749900078977787,0.5749900076479135,0.5749899944487298,0.5749899942273808,0.5749899988420725,0.5749900077588256,0.5749900099268368,0.574990005662861,0.5749899371624794,0.5749899376831382,0.5749901254478206,0.5749901280022508,0.5749901307256164,0.5749901330672462,0.5749901324449714,0.574990124621888,0.5749901161617492,0.5726924454591994,0.572692446660172,0.5726924484469197,0.5726924478061287,0.572692429847172,0.5726924311014534,0.5726924321456998,0.5726927110761532,0.5726927112646045,0.5726927085644933,0.5726927057166685,0.5726927032609108,0.5726927034419204,0.5726927001925554,0.5726927060660035,0.5726927062400948,0.5726927023394751,0.5726927025862081,0.5726927029267278,0.5726927031404098,0.572692700446237,0.5726926994620783,0.5726927059033118,0.5726927059981716,0.5726927028204754,0.5726927029766733,0.5726926998923918,0.5726926998515216,0.5726926977535913,0.572692697956544,0.5726926951430551,0.5726926960794719,0.5726926942510825,0.5726926944605429,0.5726925213878585,0.57269252108651,0.5726925155158972,0.5726924986678533,0.5726924976592851
318,0.5734342655399063,0.5744303770911744,0.5744303555016063,0.5744303390690072,0.5744303208133511,0.574430303233074,0.5744302800069044,0.5744302813413888,0.5744302778413097,0.5744302577967182,0.57443025104828,0.5744302447106389,0.5744302515753987,0.574430247843366,0.5744302434054857,0.5744302240759777,0.5744302183285434,0.5744301855728657,0.5744301885883929,0.5744301860972993,0.5744302234136068,0.5744302268120504,0.574430224650911,0.574430220147237,0.5744303514976595,0.5744303508206551,0.5744303546783519,0.5744304154598936,0.5744304536668481,0.5744304545833961,0.5744304529748842,0.5744304513746649,0.5744304521503925,0.5744304507963426,0.57443045691263,0.574430458661564,0.5744304573741214,0.5744304563463003,0.5744304537575744,0.5744304524755438,0.5744304543345895,0.5744304535034505,0.5744304526535301,0.5744304514654215,0.5744304712221302,0.5744304702690449,0.5744304692874689,0.5744304746275466,0.574430474104352,0.5744304753566952,0.5744304766776702,0.5744304769291706,0.5744304762937227,0.574430500423956,0.5744304997700295,0.5754737854590677,0.5754737864017466,0.5754737852422778,0.5754737861599464,0.5754737866614129,0.5754737831290403,0.5754737827044223,0.57547377321911,0.5754737741091204,0.575473775077046,0.575473773894349,0.5754737713903841,0.5754737717488554,0.5754737725504895,0.5754738337344619,0.57547383388408,0.5754738318092808,0.5754738314975364,0.5754738297987221,0.5754738299542009,0.5754738279487276,0.5754738315946661,0.5754738317413353,0.5754738309724122,0.5754738311261053,0.5754738312891454,0.5754738313356554,0.5754738293720153,0.5754738290864874,0.5754738331005769,0.575473833219411,0.5754738310098668,0.5754738311423706,0.575473829047168,0.5754738291055911,0.5754738277151678,0.5754738278528378,0.5754738260465403,0.5754738262438172,0.5754738251229204,0.5754738252793277,0.5754737721316397,0.5754737720541228,0.5754737695621445,0.5820351592245868,0.5820351586539616
319,0.581226670293039,0.5863352670474813,0.5863352811927263,0.5863352957315034,0.5863353141386372,0.586335333734083,0.5863353604417124,0.5863353568007034,0.5863353691073873,0.5863353889257581,0.5863354117343955,0.593063250441486,0.5930632348025476,0.5930632492801644,0.593063261065666,0.5930632620098424,0.5930632791420247,0.5930632776771431,0.5930632708473939,0.5930632785490062,0.5930632727177214,0.5930632699138609,0.59306327798141,0.5930632903777097,0.5930628008018397,0.5930628048354636,0.5930628091361558,0.5788373549827298,0.5788371468101793,0.5788371388576853,0.5788371528634692,0.5788371667701085,0.5788371600446772,0.5788371634133381,0.5788371742564917,0.5788371571285449,0.5788371698273211,0.5788371798623783,0.5788371904633152,0.5788372030012638,0.5788371847106242,0.5788371928376665,0.5788372011255898,0.5788372127670691,0.5788364331949176,0.5788364311980335,0.5788364291240027,0.5788364256776749,0.5788364245371279,0.5788364285980625,0.5788364377228101,0.5788364389454316,0.5788364365182811,0.5849868311592074,0.5849868339245301,0.5849868017898033,0.5849868042595537,0.5849867900538689,0.5849867924169281,0.5849867934071948,0.5849867620007773,0.5849867602924536,0.5849867437117069,0.5849867460626784,0.584986748751372,0.5849867459418955,0.5849867394187612,0.5849867406135018,0.5849867427158629,0.584987085317009,0.5849870858061322,0.5849870822363761,0.5849870813243468,0.5849870783455903,0.5849870788238805,0.5849870747764232,0.5849870812662815,0.5849870817299182,0.5849870748789432,0.5849870753645298,0.5849870758872641,0.5849870760776457,0.5849870727267741,0.5849870715254618,0.5849870791397257,0.5849870565805692,0.5849870547228708,0.584987054916456,0.584987050776675,0.5849870507327734,0.584987047907204,0.5849870481299236,0.5849870443595065,0.5849870449517873,0.5837348398681482,0.5837348411830056,0.5837348351554531,0.5837348354117863,0.583734833912208,0.5837348142346834,0.5837348154882817
320,0.5998753304374863,0.5961023394255692,0.5961023267624678,0.5961023232793506,0.5961023233310286,0.5961023266443282,0.5961023332426431,0.5961023318787974,0.5961023391283946,0.5961023442338392,0.5961023569587507,0.6082550763066148,0.6082550895232732,0.6082550824332544,0.608255076662455,0.6082550266196272,0.6082550207037466,0.6082549563361763,0.6082549631328493,0.6082549610141965,0.6082550415141977,0.6082550574221188,0.6082550579367397,0.6082550515500907,0.6082544381764531,0.6082544407330863,0.6082544728790177,0.6001563125386299,0.6001566476832898,0.6001566519851601,0.6001566460654514,0.6001566402349479,0.6001566441234005,0.6001566317121688,0.6001566271894053,0.6001566363611971,0.6001566312305313,0.6001566285827613,0.6001566056497852,0.6001566011592437,0.6001566150671542,0.6001566125778702,0.6001566108369405,0.6001566057194173,0.5781427254026342,0.5781427514159355,0.5781427782257287,0.5781426771719501,0.5781426915745305,0.5781426539053388,0.5781426479237499,0.5781426394015087,0.5781426592326443,0.5781424158946679,0.578142433396735,0.5781424379745529,0.5781424552355072,0.5781424662702548,0.5781424835003377,0.5781424981104223,0.5781425164995067,0.5781425273496544,0.578142512200449,0.5781425284382534,0.5781425444927816,0.57814251942563,0.5781425080328396,0.5781425120048264,0.5781425267457334,0.5781416692470773,0.5781416739390142,0.5781416766794073,0.5781416790393973,0.5781416831550568,0.5781416876115542,0.5781416908605621,0.5781416762088465,0.5781416805962699,0.5781416710017239,0.5781416750864443,0.5781416791677217,0.5781416797991882,0.5781416836684172,0.5781414441458449,0.5781414409603782,0.5781413922267031,0.578141393196613,0.5781413941431907,0.578141395109855,0.5781413956647377,0.5781413964537603,0.5781413973078671,0.5781413982716459,0.5781413987857402,0.5781413996390603,0.5781414005748184,0.5781414003555234,0.5781414005736941,0.5781414015079609,0.5781413996959153,0.5781414005891236
321,0.608841463980871,0.6071984681440313,0.6071984333885576,0.6071984141343231,0.6071983974244513,0.6071983853096645,0.6071983723041434,0.6071983734516616,0.6071983748056198,0.6071983655966939,0.6071983667017671,0.6223215807553185,0.6223216162941794,0.6223215964724342,0.6223215769358865,0.6223214492053201,0.6223214250631447,0.6223212614118364,0.6223212786990322,0.6223212687882255,0.6223214659422135,0.6223214956775421,0.6223214900159494,0.6223214689189165,0.6170541137572122,0.6170541164766371,0.6170541494537204,0.6170537815390441,0.6170546587446938,0.6170546701611345,0.6170546526949906,0.6170546354248979,0.6170546454708306,0.6170546139131645,0.6170546004976257,0.6170546249345424,0.6170546094725662,0.6170545994833345,0.6170545400252403,0.6170545256699427,0.6170545583019974,0.6170545496719525,0.6170545421323269,0.6170545273023971,0.6170536873884459,0.617053664158733,0.6170536391233524,0.6106989214991679,0.6106989110891431,0.6106989415354406,0.6106990493399198,0.6106990571682871,0.6106990405102729,0.6106993998033247,0.6106993875818446,0.6106993442272668,0.6106993318339053,0.6106992909180861,0.6106992783995749,0.6106992664824844,0.6106991861678464,0.6106991744509905,0.6106991715789891,0.6106991599699181,0.6106991490061365,0.610699168178726,0.6106991710975809,0.6106991691615749,0.6106991585740411,0.6107006585352095,0.6107006548371668,0.6107006454944394,0.6107006422788743,0.6107006327397393,0.6107006292556575,0.6107006178635406,0.6107006441453067,0.6107006407004517,0.5976982723135676,0.5976982741525427,0.5976982760018903,0.5976982763450368,0.5976982749337738,0.5976981593169391,0.5976981659806345,0.597698166743792,0.5976981631936311,0.5976981639140585,0.5976981602705265,0.5976981605471134,0.5976981580631946,0.5976981587399133,0.5976981553049767,0.5976981559249946,0.5976981537345456,0.5976981544746247,0.5976981527372581,0.5976981528588852,0.5976981492483486,0.5976981440870581,0.5976981448093115
322,0.6159827574606695,0.6174382536192261,0.6174382052368566,0.6174381750597197,0.6174381458368358,0.6174381215868082,0.6174380923942635,0.6174380959719982,0.6174380918160356,0.6174380706582202,0.6174380608190535,0.6275117308526038,0.6275117605656637,0.627511738421052,0.6275117221230215,0.6275116709336662,0.6275116507810766,0.6275115879493612,0.6275116024379815,0.6275115941892202,0.6275116855316234,0.6275117104844244,0.6275117058072341,0.6275116881993458,0.6054092520696955,0.6054092599686357,0.605409222470936,0.6054090258812816,0.6054088813222714,0.6054088732440828,0.6054088878875737,0.6054089024276453,0.6054088956543696,0.605408896961255,0.6054089081325015,0.6054088907020653,0.6054089039960343,0.605408914833007,0.6054089221522083,0.605408935424522,0.6054089177990281,0.6054089265275413,0.605408935584963,0.6054089477149095,0.605408618718021,0.6054086258753786,0.6054086285078925,0.5991825499248972,0.599182556005408,0.5991825414178816,0.5991825468343667,0.5991825439280624,0.5991825513876605,0.5991824435460056,0.5991824511315299,0.5991824460593363,0.5991824534034863,0.5991824555991307,0.5991824628680038,0.5991824685265336,0.5991824691472256,0.5991824722573433,0.5991824608901012,0.5991824678182274,0.5991824748780589,0.5991824647118372,0.5991824579034593,0.5991824599728341,0.5991824662409788,0.5991822900794819,0.5991822918524307,0.5991822884556067,0.5991822888316286,0.5991822866408836,0.5991822883535882,0.5991822222429967,0.5991822276389016,0.5991822286212299,0.5991820889006844,0.5991820884327653,0.5991820879758691,0.5991820879726615,0.6015119630433818,0.6015119641343806,0.6015119675409142,0.6015119667825422,0.6015119650589689,0.6015119642660866,0.6015119625782438,0.6015119620265572,0.60151196077519,0.6015119600671117,0.6015119584982325,0.6015119581089505,0.6015119568712488,0.601511956097438,0.6015119560783594,0.6015119558741328,0.6015119543734417,0.6015119554229609,0.6015119546880547
323,0.6292302334447727,0.6245920875394566,0.624592032887657,0.6245919966887418,0.6245919599065831,0.6245919278644685,0.6245918878046308,0.6245918930839993,0.6245918850181391,0.6245918555743034,0.6245918379915993,0.6311117740678541,0.6311117997184972,0.6311117802738235,0.6311117662240607,0.6311117262108732,0.6311117088081155,0.6311116602970064,0.6311116728209647,0.6311116657213721,0.6311117389043468,0.6311117604314935,0.6311117564096448,0.631111741225178,0.610348135849912,0.6103481427459347,0.6103481080304906,0.610348019162851,0.6103481599021694,0.6103481471540159,0.6103481695412951,0.6103481917518618,0.6103481809532948,0.6103481860250733,0.6103482031177191,0.6103481756524862,0.6103481958800757,0.6103482117721158,0.6103482282541591,0.610348248203644,0.6103482186391394,0.6103482315831924,0.6103482446834319,0.6103482633121198,0.6103480735567178,0.6103480884824471,0.6102664016052708,0.6102660354784161,0.6102660372924842,0.610266034233367,0.6102660416663961,0.6102660414889132,0.6102660428510158,0.6102660051593873,0.6102660076141893,0.6102660004501714,0.6102660027011816,0.6102660017693803,0.6102660039372749,0.6102660051544798,0.6102659999523575,0.6102659995323961,0.6102659917857811,0.6102659939284236,0.6102659963123047,0.6102659936931935,0.6102659898765433,0.6102659908772886,0.6102659927949527,0.6102661041003008,0.6102661044272913,0.6102660989953169,0.61026609853637,0.610266094076059,0.6102660944236893,0.6049334334952332,0.6049334283179987,0.604933430245605,0.6049334235337684,0.6049334253394215,0.6049334271501534,0.6049334274622417,0.6049334355773391,0.6049334322045354,0.604933429806667,0.6049334314990419,0.6049334325994387,0.6049334343875281,0.6049334355019155,0.6049334360951362,0.6049334370917414,0.6049334387167602,0.6049334398871952,0.6049334409688154,0.6049334421759358,0.6049334439535955,0.6049334429705827,0.6049334432825735,0.6049334444076496,0.6049334397044168,0.6049334414042472
324,0.5477613856313429,0.5515579741664084,0.5515579404638855,0.5515579212065205,0.5515579038279339,0.5515578912053621,0.5515578762978842,0.5515578783625936,0.551557879123432,0.551557868574959,0.5515578676566257,0.5515578717127853,0.5515578741065574,0.5532319930376034,0.5532319911557246,0.5532319697330494,0.5532319753851064,0.5532319520261906,0.5532319579981528,0.5532319591550117,0.5532320042772035,0.5532320323285171,0.5532320389552989,0.5532320364515584,0.5532320735951209,0.5532320892378977,0.5532320997069111,0.5532321043255538,0.553232173492551,0.5532321757140887,0.5529011948127082,0.552901226045585,0.5529012285521093,0.5529012286408858,0.5529012282339055,0.5529012326757461,0.5529012336984768,0.552901242202715,0.5529012417653234,0.5529012489436864,0.5529012657345548,0.5529012687462291,0.5529012764196666,0.5529012761436909,0.5529012469279629,0.552901247061554,0.5529012469133727,0.5529012391579707,0.5529012389446497,0.5529012492415702,0.5529012555650364,0.552901260055424,0.5514689681663174,0.5514689533335889,0.551468957103143,0.5514689518026671,0.551468952761712,0.551469084670952,0.5514690862129807,0.5514690824004636,0.5514690861773,0.5514690810698483,0.5514690718943092,0.5514690736064148,0.5514690765674254,0.5514690753668395,0.5514690698675087,0.5514690718458833,0.5514690733536114,0.5514690731923731,0.5514690735034864,0.5514690709195945,0.5514690693897528,0.5514690671468331,0.5514690674509057,0.5514690647335442,0.551469070003713,0.5514690702956326,0.5514690684352915,0.551469068857904,0.551469070632162,0.5514690708938319,0.5514690684014731,0.551469067704341,0.5514690738120072,0.5514690740429351,0.5514690711841221,0.5514690714538188,0.5514690773182993,0.5514690774699622,0.5514690758600731,0.551469076263969,0.5514690741114645,0.5514690790732636,0.5514690778713666,0.551469078333814,0.5514690765589043,0.5514690766311091,0.5515102156152267,0.5515102122150976,0.5515102123900325
325,0.5485234828505037,0.5537334840649935,0.553733453279871,0.5537334361145244,0.5537334209544257,0.5537334103008422,0.553733398005892,0.5537333998431859,0.5537334012732877,0.5537333927400867,0.5537333931674888,0.5537333924722664,0.5537333936380407,0.5553399033711454,0.5553399024684598,0.5553399035870926,0.5553399125433356,0.5553398964674485,0.5553399012876005,0.5553399032836005,0.5553399390072341,0.5553399649793774,0.5553399721396344,0.5553399712356224,0.5553399779376467,0.5553399932031692,0.5553400021157677,0.5553400014297681,0.5553400610715661,0.5553400629359069,0.5553400424542468,0.5558649286465692,0.5558649310295694,0.5558649301834283,0.555864929209647,0.555864933760659,0.5558649339840248,0.5558649394124913,0.5558649372713284,0.5558649411462825,0.5558649553128684,0.5558649571325489,0.5558649622541773,0.5558649613225227,0.5558649467982312,0.5558649463229026,0.5558649456164392,0.5558649411823152,0.555864940696136,0.555864949364328,0.5558649560415625,0.5558649597037705,0.5558648602895699,0.5558648710974639,0.5558648741599418,0.5558648629840834,0.5558648621898528,0.5602604203944692,0.5602604161493083,0.5602604125451589,0.560260408013807,0.5602604053395744,0.5602604090709907,0.5602604050701927,0.5602604011147414,0.5602604072910792,0.5602604100975148,0.5602604091190082,0.5602604054871292,0.5602606167739461,0.5602606156180466,0.5602606149425858,0.5602606143611389,0.5602606133468337,0.5602606122489505,0.5602606114481756,0.5602606150585004,0.5602606139776182,0.5602606163405226,0.5602606153342287,0.5602605805420434,0.5602605803297848,0.5602605790287873,0.5602605810249279,0.5602605838685818,0.5602605826140932,0.5602605812617611,0.5602605799423023,0.5602605785944277,0.5602605778210225,0.5602605767209291,0.5602605755302775,0.5602605741865712,0.5602605734702452,0.5602605722805206,0.5602605709762184,0.5602605712816658,0.5602605709775775,0.560260569674954,0.5602605722003917,0.560260570955293
326,0.5526172038916165,0.5588303148518944,0.5588303305295114,0.5588303434307957,0.5588303579068458,0.5588303732869888,0.558830392491917,0.5588303942690007,0.5588303971810558,0.5588304159510475,0.5588304187572698,0.5588303823818223,0.5588303814966435,0.5588304677207341,0.5588304718619264,0.5589318740700119,0.5589318856347633,0.5589319414052623,0.5589319386267845,0.5589319433869191,0.5589318883113233,0.558931892802934,0.5589318989978479,0.5589319057424074,0.5589316722826504,0.5589316789669535,0.5589316764828384,0.5589316270531092,0.5589315434857224,0.5589315428064698,0.5589315453906456,0.5589315855285187,0.5589315849039338,0.5589315891427037,0.5589315948201048,0.5589315924573852,0.5589024405611815,0.5589024449278317,0.5589024526070309,0.5589024567088652,0.5589024589532464,0.5589024616721863,0.5589024656707026,0.5589024679672856,0.5589024152018061,0.5589024171680734,0.5589024190931073,0.5589024066470313,0.5589024076234282,0.5589024086599061,0.5589024059507894,0.5589024070789415,0.5589024021025016,0.5589023520316998,0.5589023542835772,0.5589023485327752,0.5589023498825884,0.5589023641924342,0.5589023653369383,0.5589022763956901,0.5589022747171124,0.558411292304051,0.5584112813260989,0.5584112804727378,0.5584112803452679,0.5584112827792121,0.5584112750633851,0.5584112758800613,0.5584112750662379,0.5584114589091503,0.5584114601150075,0.5584114587267964,0.5584114542193548,0.5584114526484583,0.5584114523381523,0.5584114504848678,0.5584114549262177,0.5584114546198504,0.5584114539093483,0.558411453715847,0.5584114538377671,0.558411453965622,0.5584114523207755,0.5584114524135851,0.5584114566113875,0.5584114563344001,0.5584114544626639,0.5584114541919801,0.5584114524318444,0.5584114522124212,0.5584114509639323,0.5584114507747513,0.558411449117445,0.5584114503172889,0.5584114492034947,0.5584114489883918,0.5584114467296416,0.5584114466560577,0.5584114450640099,0.5584114418420318,0.5584114416573392
327,0.5551858744062654,0.5637620624278203,0.5637620425042641,0.5637620312198589,0.5637620207642104,0.563762013586543,0.5637620043629163,0.5637620073985536,0.563762007948618,0.5637620024129423,0.56376200039938,0.5637619854292911,0.5637619898417348,0.563762015165885,0.563762015756058,0.5657318689186859,0.5657318702946184,0.565731860407471,0.5657318632119387,0.5657318637541228,0.5657318833338498,0.5657318948173388,0.5657318975780484,0.5657318964264072,0.5657319049775449,0.5657319110157997,0.5657319157251437,0.5657319173711418,0.5657319729261782,0.5657319739635616,0.5657319738222321,0.5657319830018992,0.5657319840588216,0.5657319809237829,0.5657320456334429,0.5657320456305628,0.5653433667999875,0.5653433713311115,0.5653433730230052,0.565343376156727,0.5653433865751634,0.565343388948,0.565343393457885,0.5653433938588441,0.5653433495893095,0.5653433501382876,0.5653433505315627,0.5653433377055073,0.5653433378041388,0.5653433438073032,0.5653433483336597,0.5653433513279119,0.5653433428017522,0.5653432911752712,0.5653432928795245,0.5653432757370368,0.5653432761712766,0.565343289222452,0.5653432893136795,0.5653432816599548,0.5653432752947577,0.5653430097783474,0.56534297072224,0.5653429695866066,0.5653429698157711,0.5653429738841922,0.5653428563803464,0.5653428578427744,0.5653428557628433,0.565343372793618,0.5653433718978711,0.565343366756864,0.5621448381764396,0.5621448354987412,0.5621448354956151,0.5621448321151896,0.5621448388790453,0.5621448388746532,0.5621448366961037,0.5621448368072848,0.562144837173788,0.5621448373981462,0.5621448344567914,0.562144833960965,0.5621448408597645,0.5621448408296791,0.5621448375686179,0.562144837568361,0.5621448343642436,0.5621448342669468,0.5621448320219292,0.5621448320928372,0.5621448290394292,0.562144830460175,0.5621448283698119,0.5621448284337739,0.5621448241792089,0.5621448241530583,0.5621448210128414,0.5621448145073874,0.56214481459335
328,0.5610575551244749,0.5691013240351744,0.569101292615605,0.5691012729412395,0.56910125335094,0.5691012376466613,0.5691012173197584,0.5691012217665385,0.5691012197537851,0.5691012056544796,0.5691011983383659,0.5691011871232714,0.56910119735028,0.5691012041984165,0.5691012009208047,0.5711471795712875,0.571147175476863,0.5711471535296069,0.5711471596015458,0.5711471579241922,0.5711471953430312,0.5711472113869536,0.5711472124875395,0.5711472069817384,0.5711472669388723,0.5711472729925936,0.5711472819675901,0.5711472932900507,0.5711473896304474,0.5711473916801663,0.5711473900167187,0.571147388564023,0.5711473906232142,0.5711473862973124,0.5735022883462145,0.5735022938305085,0.5735022869935035,0.5735022874238441,0.573502280539089,0.5735022794545749,0.5735022907410878,0.5735022903745679,0.5735022912702992,0.5735022887663088,0.5735022922173711,0.5735022903548588,0.5735022883354466,0.5735022860815165,0.5735022849235767,0.5735022918700607,0.5735023018935634,0.5735023045055597,0.5735022985144442,0.5735022889601998,0.5735022883986033,0.5735022686904078,0.573502267484511,0.5735022685453701,0.5735022671345887,0.5735022626741428,0.5735022504623761,0.5735022340682537,0.5735019072775832,0.5735019031329168,0.5735018998173793,0.5735019076733001,0.5685063560440955,0.5685063572897743,0.5685063585766897,0.5685065488828088,0.56850654912232,0.5685065459282984,0.5685065406782039,0.5685065377916008,0.568506538021958,0.5685065344173019,0.5685065410748861,0.5685065412945252,0.5685065385313496,0.5685065388179547,0.5685065392168741,0.5685065394112921,0.5685065361677518,0.5685065353552948,0.5685065426548103,0.5685065428059611,0.5685065391163268,0.568506539315278,0.5685065357601369,0.5685065357825548,0.5685065333935204,0.568506533633959,0.568506530471661,0.5685065314446461,0.5685065293405427,0.5685065295991257,0.5685065228965391,0.5685065229164296,0.5685065196975895,0.5685065108391627,0.5685065111016255
329,0.5695735500632789,0.5748589042790849,0.5748588167346236,0.5748587487065003,0.5748586711377263,0.5748585963406821,0.574858493673379,0.5748584993689717,0.5748584946172244,0.5748584005904699,0.5748583878372984,0.5748584492210408,0.5748584652092246,0.5748584604207022,0.5748584530897706,0.5748586459703974,0.5748586417305589,0.574858539397807,0.5748585456955367,0.574858544101642,0.5748586621475441,0.5748586786860298,0.5748586799418125,0.5748586743860077,0.5748589542055502,0.5748589604303334,0.5748589697389299,0.5748590267528038,0.5748592000733626,0.5748592022031858,0.5748592005237749,0.5748591989883782,0.574859201127844,0.5748591948906616,0.5748593676112198,0.5748593695059573,0.5748593705607338,0.5748593730121596,0.5748593713946066,0.574859372904526,0.5748593800551581,0.5748593814397847,0.5748593839973306,0.574859384048,0.5748593446675379,0.5748593448493832,0.5748593449419876,0.574859330376167,0.5748593303401835,0.5748593344211347,0.5748593425202178,0.5748593445586868,0.5748593406663572,0.5748592661348166,0.5748592668605335,0.5756721279684386,0.5756721300539104,0.5756721342673567,0.575672136120761,0.5756721349382994,0.5756721288966757,0.5756721198189894,0.5756714542770279,0.5756714522566393,0.5756714510966978,0.5756714559362462,0.5756714340789358,0.5756714349325699,0.5756714330339441,0.5756720419280941,0.5756720411827042,0.5756720379910809,0.5756720336371245,0.5756720302740593,0.5756720295589477,0.5756720253523806,0.5756720346575463,0.5756720339525073,0.575672030398389,0.5756720298573705,0.5756720294471657,0.575672029615023,0.5756720261230102,0.5756720260117258,0.5756720346556914,0.5756720339827747,0.5756720298811775,0.5756720292500201,0.5756720252203217,0.5756720246621018,0.5756720217754615,0.5756720212863463,0.5756720174366795,0.575672018273328,0.5756720156178519,0.5756720150571802,0.5736808525397061,0.5736808522851119,0.5736808466379473,0.5736808253444542,0.5736808245448991
330,0.5821531170153968,0.5784084019495873,0.578408446035282,0.5784084805662995,0.5784085191828428,0.5784085567699369,0.5784086055563789,0.578408600358623,0.578408616806126,0.5784086538900391,0.5784086846648927,0.5808319779982677,0.5808319400028328,0.5808319715303227,0.5808319971410957,0.580832034901585,0.580832070380055,0.580832111665702,0.5808320943308524,0.5808321098759884,0.5808320436705503,0.580832027110211,0.5808320414232362,0.580832068589479,0.5808316102115421,0.580831615946104,0.5808315987127983,0.5756868426705959,0.5756867450932603,0.5756867407346175,0.5756867488528231,0.5756867569370291,0.5756867533224471,0.575686754031971,0.5756867606567574,0.5756867512518277,0.5756867587067722,0.5756867649759813,0.5756867691550033,0.575686776659153,0.5756867677336444,0.5756867726998587,0.5756867779971244,0.5756867846893546,0.5756864747366119,0.5756864760022101,0.5756864772779261,0.5756864630078196,0.5756864636588734,0.5756864634480839,0.5756864711256651,0.575686471502079,0.5756864711632538,0.5922383819016896,0.5922383722752937,0.592238277943044,0.5922382679127618,0.5922382121929253,0.5922382019730099,0.5922381911672092,0.5922380794907651,0.5922380662259153,0.592238042267145,0.5922380328898259,0.592238024371536,0.5922380405296482,0.5922380364695388,0.5922380354459531,0.5922380268697823,0.5922398028026119,0.5922397997227832,0.5922397899395685,0.5922397859013702,0.5922397760506392,0.5922397731451623,0.5922397618384868,0.592239788358781,0.5922397854873548,0.5922397818731473,0.592239779314258,0.5922397768377282,0.5922397766789773,0.5922397662286745,0.5922397688167877,0.5922397918991433,0.5922397893587942,0.5925949950079908,0.5925949933287346,0.5925949859582236,0.5925949847011738,0.592594979275436,0.5925949778344479,0.592594970594331,0.5925949706543274,0.5925949415697429,0.5925949397866711,0.5925949263568265,0.5925949258528024,0.5925949175829918,0.5925948675089199,0.5925948657832731
331,0.5805217674626711,0.5908129236315637,0.5908129245964795,0.590812930399183,0.5908129399668051,0.5908129518432608,0.590812968995629,0.5908129665718114,0.5908129766361514,0.5908129895510482,0.590813007695607,0.6000113156948036,0.6000113133856759,0.6000113176685751,0.6000113214932369,0.6000113011226791,0.6000113079273098,0.6000112802651358,0.6000112797686202,0.6000112830898874,0.6000113146773113,0.6000113210328253,0.600011325880768,0.6000113297466199,0.6000107884010143,0.6000107921416051,0.6000108093322448,0.5867082929566673,0.5867082592985838,0.5867082551750255,0.5867082630835984,0.5867082709554371,0.5867082675659777,0.5867082658536628,0.5867082720074633,0.5867082630884225,0.5867082703515991,0.5867082766438358,0.5867082765404816,0.5867082839384794,0.5867082760238032,0.5867082809823477,0.5867082863535633,0.5867082928495679,0.5789994499619756,0.5789994574758139,0.5789994652074657,0.5789994293594675,0.5789994334897481,0.5789994235852625,0.5789994276963634,0.5789994257092438,0.5789994306839359,0.5789998471545044,0.5789998602562622,0.5789998551508391,0.578999867964485,0.5789998733407752,0.5789998860876723,0.5789998964779385,0.5789999029379594,0.5789999096727452,0.5789998929880946,0.5789999050543265,0.5789999171374967,0.5789998988539364,0.5789998884446458,0.5789998916603165,0.5789999025999396,0.5789994630695411,0.5789994663121786,0.5789994633324611,0.578999464491321,0.578999463244345,0.5789994663568788,0.5789994637812996,0.5789994628047698,0.5789994658538921,0.5789994567111998,0.5789994595808867,0.5789994624574295,0.5789994629411913,0.5789994610047776,0.5789993739831558,0.57899937966867,0.5777717286188253,0.5777717274266149,0.5777717287070004,0.5777717275597072,0.5777717282378834,0.5777717276442651,0.5777717288230294,0.5777717279619857,0.5777717288428241,0.5777717036452508,0.5777717046966554,0.5777717028130644,0.5777717030316047,0.5777717019500134,0.5777716955046146,0.577771696516048
332,0.590183646336368,0.602091330985762,0.6020913050608176,0.6020912922863445,0.6020912825485104,0.6020912769915171,0.602091272300024,0.6020912724781006,0.6020912766292206,0.6020912735119811,0.6020912799279826,0.6176353510481002,0.6176353826847523,0.6176353742034395,0.6176353573362036,0.6176351538167497,0.6176351334221037,0.6176348692397643,0.6176348847472202,0.6176348764755596,0.6176351711472756,0.6176351993390509,0.6176351952267993,0.6176351769635058,0.6176342377736044,0.6176342396446649,0.6176342896428271,0.6156055766178028,0.6156069860202468,0.6156070004026273,0.6156069781341832,0.6156069561082471,0.6156069687114374,0.6156069142701271,0.6156068972007258,0.6156069279944939,0.615606908250321,0.6156068952387992,0.6156067955799555,0.61560677714519,0.6156068176136518,0.6156068064404687,0.6156067965221986,0.6156067776499482,0.6099857174212836,0.6099856996692666,0.6099856814007302,0.6099849644088625,0.6099849503357244,0.6099849907586424,0.6099851791623452,0.6099851893394908,0.6099851673466513,0.6099857870325882,0.6099857703624085,0.609985705169714,0.6099856883522276,0.6099856201092417,0.6099856031612674,0.6099855873248343,0.6099854567183265,0.6099854417588998,0.6099854409818946,0.609985425222527,0.609985410208235,0.6099854358997722,0.6099854410722151,0.609985438218417,0.6099854238580693,0.6099876323323535,0.6099876274220606,0.609987616513757,0.6099876125206972,0.6099876010577159,0.6099875964152423,0.6099875830651039,0.60998761524159,0.6099876106595404,0.6099873104345429,0.6099873037154436,0.6099872970390573,0.609987296183717,0.6099872798336444,0.6010762452264523,0.6010762688112068,0.6010762666525777,0.601076254722306,0.6010762522459618,0.6010762399634647,0.6010762380955617,0.6010762290692474,0.6010762268948242,0.6010762148453692,0.601076214121238,0.6010762054764326,0.6010762030807922,0.6010761992849015,0.6010761985846463,0.6010761860279347,0.6010761802276872,0.6010761779739292
333,0.6041360030894287,0.608543863060823,0.6085438258130289,0.6085438046912324,0.6085437858876313,0.6085437718394145,0.6085437562098388,0.6085437578403464,0.6085437585394978,0.6085437473964581,0.6085437470176195,0.6230060909528479,0.623006125932815,0.6230061043964519,0.6230060853013549,0.6230059795765308,0.6230059560919341,0.6230058213288302,0.6230058383888671,0.6230058287778236,0.6230059970139403,0.6230060267340576,0.6230060214000676,0.623006000765729,0.6155002957058716,0.6155002994657386,0.6155003231787944,0.6154999886332484,0.6155006660402753,0.6155006748801165,0.6155006617587074,0.6155006487972102,0.6155006566374821,0.615500632523091,0.6155006224381678,0.6155006413353071,0.6155006297784484,0.6155006227127142,0.6155005773512511,0.6155005667874462,0.6155005930264281,0.6155005868075712,0.6155005816288466,0.6155005704339714,0.6154998198348584,0.6154998007135021,0.6154997794316129,0.6064807808288882,0.606480776053368,0.606480791442513,0.6064808659307606,0.6064808702676868,0.6064808615953114,0.6064810544498307,0.6064810490511529,0.6064810165213191,0.6064810108880904,0.6064809840441743,0.6064809782864575,0.6064809722296814,0.6064809175899794,0.606480910498881,0.6064809030861841,0.6064808978300271,0.6064808931008219,0.6064809023520076,0.6064809013314648,0.6064809008647756,0.6064808960490077,0.6064818556870384,0.6064818538420551,0.6064818461350728,0.6064818439841904,0.6064818365975205,0.6064818348751879,0.6064818254247739,0.6064818446424767,0.6064818429312266,0.5881521571005737,0.5881521638723535,0.5881521706385013,0.5881521716852797,0.5881521781012342,0.5881521682515781,0.5881521542305957,0.5881521604171133,0.5881521670848403,0.5881521735915473,0.5881521802373298,0.5881521840512213,0.5881521894754507,0.588152195346974,0.58815220197225,0.5881522055060038,0.588152211372013,0.5881522178041615,0.5881522162970854,0.5881522177968356,0.5881522242196221,0.5881522117645278,0.5881522179044004
334,0.6116176690404701,0.6164572712496817,0.6164572234989193,0.6164571939289487,0.6164571654337545,0.6164571419614031,0.6164571137649543,0.6164571172433487,0.6164571136730439,0.6164570932123256,0.6164570843846123,0.6270164163771467,0.6270164468226189,0.6270164244367559,0.6270164078391728,0.6270163523968306,0.6270163319644525,0.6270162634921214,0.6270162783678511,0.6270162700279203,0.6270163679593768,0.6270163938635013,0.6270163892503665,0.6270163713093897,0.6065069564609246,0.6065069641398259,0.606506933412185,0.6065067240250921,0.6065066612502146,0.6065066550352333,0.6065066666911688,0.6065066782747968,0.6065066731212732,0.6065066721042036,0.606506680989115,0.6065066675545273,0.606506678183458,0.6065066871645128,0.6065066895273109,0.6065067002701183,0.6065066876453613,0.6065066948093075,0.6065067024119157,0.6065067120237982,0.6065063404557332,0.6065063447818615,0.606506344852017,0.5982978288389701,0.5982978358440217,0.5982978189833106,0.5982978251933608,0.5982978218224213,0.5982978304441195,0.5982977061242629,0.5982977148585791,0.5982977090976289,0.5982977175583325,0.5982977200798231,0.5982977284560562,0.5982977349917524,0.5982977357603627,0.5982977393801464,0.5982977263764451,0.598297734356461,0.5982977424823606,0.5982977307541802,0.5982977229668226,0.5982977253351105,0.5982977325563154,0.5982975200096244,0.5982975220709249,0.5982975185473499,0.59829751900373,0.5982975168109356,0.5982975187991636,0.5982974645834644,0.5982974692130013,0.5982974706000926,0.5982972869257752,0.5982972863892193,0.5982972858653898,0.5982972858606487,0.6013659120451662,0.6013659137757553,0.6013659162413654,0.6013659151536845,0.6013659139810901,0.6013659128371517,0.6013659116684287,0.6013659109978035,0.6013659100439278,0.6013659090116064,0.6013659078465593,0.6013659072252782,0.601365906193742,0.6013659050628636,0.6013659053277274,0.6013659050640515,0.6013659039345964,0.6013659061242546,0.6013659050447066
335,0.553999952448899,0.5605074492507989,0.5605074451349237,0.5605074440837087,0.5605074437426295,0.560507445415066,0.5605074468169732,0.560507449168583,0.5605074513297323,0.5605074541090321,0.5605074552163687,0.5605074333898178,0.5605074344923473,0.5605074732459154,0.5605074761905668,0.5612416932817241,0.5612417015050911,0.561241708195707,0.5612417074182537,0.561241710813751,0.5612417081721311,0.5612417155738746,0.561241720775676,0.5612417248418198,0.5612416541557708,0.561241660926875,0.5612416610886407,0.5612416472362444,0.5612416551559545,0.5612416551066226,0.5612416567892241,0.5612416796646291,0.561241679664919,0.5612416782671414,0.5612417033597984,0.5612417019016765,0.5610301919289168,0.5610301966936846,0.5610301977302277,0.5610302016812915,0.5610302079108632,0.5610302106720679,0.5610302152043124,0.561030216787988,0.5610301781056123,0.5610301795559828,0.5610301809072916,0.5610301675966647,0.5610301682369258,0.5610301716652704,0.5610301769499927,0.5610301790340154,0.5610301721068125,0.5610301349820255,0.5610301371363285,0.561030124417756,0.5610301254355905,0.5610301379961264,0.5610301387302878,0.5610300930530531,0.5610300866635476,0.5574781844188422,0.5574781742482331,0.557478177515767,0.5574781811098121,0.557478176653984,0.5574781688024131,0.5574781701304521,0.5574781730758532,0.5574780600292154,0.5574780611104122,0.5574780604476215,0.5574780574785038,0.5574780570899937,0.5574780579171275,0.5574780571341844,0.5574780572553699,0.5574780580670736,0.557478055521354,0.5574780563255153,0.5574780572636321,0.5574780574695457,0.5574780569154691,0.5574780556360305,0.5574780570587934,0.5574780577379472,0.5574780570385625,0.5574780577667569,0.5574780571501232,0.5574780575431175,0.5574780572302406,0.5574780579194204,0.5574780574515433,0.557478058501048,0.5574780583594929,0.5574780591124052,0.5574780575877316,0.5574780577481094,0.5574780573248057,0.5574780537759143,0.5574780545070875
336,0.5574616310009478,0.566272043947758,0.5662720166281474,0.56627200034001,0.5662719846866927,0.5662719729364114,0.5662719578510917,0.5662719617604244,0.5662719611834808,0.5662719513024864,0.5662719467148746,0.5662719327102738,0.5662719401116312,0.5662719564949039,0.5662719552869159,0.5692007885580956,0.5692007850204833,0.5692006561277788,0.5692006619918656,0.5692006604499065,0.5692008039761232,0.5692008200010378,0.5692008212664705,0.5692008160266577,0.569201191936781,0.5692011981868058,0.5692012069388854,0.5692012811225363,0.569201474485964,0.5692014764749045,0.569201474907044,0.5692014741862007,0.5692014761893563,0.569201468725578,0.5692017005898278,0.56920170191131,0.5691794223441701,0.5691794249775386,0.569179424167951,0.569179425841073,0.5691794330469688,0.5691794343956194,0.5691794370899135,0.5691794370782428,0.5691794115884083,0.5691794117254624,0.5691794117589679,0.5691794029675564,0.569179402912886,0.5691794071490048,0.5691794120071271,0.5691794140276146,0.5691794088521935,0.5691793742535454,0.5691793751461952,0.5691793610765733,0.5691793612088462,0.5691793673556631,0.5691793672663725,0.5691793630059646,0.5691793569153974,0.5691793205654135,0.5691792791589239,0.5691792792138364,0.5691792801164404,0.5691792815350613,0.5691784342502455,0.5691784343466788,0.5691784298343715,0.5691792954774284,0.5691792939166503,0.5691792901850129,0.5685596558269773,0.568559649854068,0.5685596474839725,0.568559640956531,0.5685596580323183,0.5685596556994198,0.5685596583530549,0.5685596562878026,0.5685596544013019,0.5685596542690682,0.5685596479955772,0.5685596506022373,0.568559664318588,0.5685596623049474,0.5685596556525138,0.5685596535682959,0.5685596468318139,0.5685596454999425,0.5685596404730305,0.5685596386559797,0.5685596320015059,0.568559632052349,0.5685596269135694,0.5685596249071307,0.5685596198193668,0.568559619300766,0.5685596123690615,0.568559608407573,0.5685596065157126
337,0.5630367438298566,0.5721453460741395,0.5721453124250606,0.5721452896892477,0.5721452656663285,0.5721452450698218,0.5721452173831653,0.5721452227497112,0.572145219302178,0.5721451986832856,0.5721451882704028,0.5721451792606373,0.5721451929618098,0.5721451891371787,0.5721451836461349,0.5731171025333809,0.5731170985107057,0.5731170712630812,0.57311707765316,0.5731170761055046,0.5731171198983288,0.5731171370799165,0.5731171385193401,0.5731171329577134,0.5731171982036478,0.5731172048320738,0.5731172143198822,0.5731172265008481,0.5731173362928823,0.5731173384609836,0.5731173367995966,0.5731173353134082,0.5731173375035156,0.5731173327147586,0.5753743060371483,0.575374311649275,0.5753743103735538,0.5753743111034405,0.5753743040190403,0.575374303183254,0.5753743148982313,0.5753743147731075,0.5753743159700007,0.5753743136336154,0.5753743075967793,0.5753743058803812,0.5753743040061565,0.5753742981276638,0.5753742970354042,0.5753743041638381,0.575374315918519,0.5753743186964094,0.5753743127904684,0.5753742831825508,0.5753742827189822,0.5753743294622031,0.5753743294739935,0.5753743290561857,0.5753743288463163,0.5753743256377097,0.5753743109284587,0.5753742983974597,0.5685689914380456,0.5685689967561266,0.5685690023409437,0.5685689947629772,0.568568890768779,0.568568892356916,0.5685688962968487,0.5685688430924833,0.5685688442335896,0.568568842665226,0.5685688409895249,0.5685688399701847,0.568568841059489,0.5685688393929952,0.568568840621625,0.5685688416890964,0.5685688378608619,0.5685688389026303,0.5685688400017459,0.5685688402508459,0.5685688389427945,0.5685688371662271,0.5685688401213794,0.5685688410047463,0.5685688394346026,0.568568840390918,0.568568838903838,0.5685688394043776,0.5685688385288432,0.5685688394287702,0.5685688382036287,0.5685688392087493,0.5685688385748937,0.5685688395583612,0.5685688339639183,0.5685688341672719,0.5685688328394692,0.5685688249219734,0.5685688258682781
338,0.5743895083524483,0.5743895202404603,0.5743895105868759,0.5743895035330077,0.574389495933253,0.5743894888679315,0.5743894798429101,0.5743894811696665,0.5743894779389598,0.5743894715975617,0.5743894652728501,0.5743894799627577,0.5743894864607149,0.5743894809657732,0.5743894768363993,0.5743894715639054,0.5743894660218297,0.5743894600945835,0.5743894631141944,0.5743894607187162,0.5743894715243792,0.5743894751746418,0.5743894731676812,0.5743894687679033,0.5743895133342362,0.5743895128643112,0.574389516748605,0.574389524668404,0.5743895488015658,0.5743895497239133,0.5743895481603263,0.5743895466102751,0.5743895474000531,0.5743895470120842,0.5743895458180212,0.5743895478013656,0.5743895463943113,0.5743895453348739,0.5743895441296912,0.5743895427615116,0.5743895450322068,0.5743895441599153,0.5743895433016387,0.574389541994669,0.5743895528791677,0.5743895518350816,0.5743895507588958,0.5743895548128103,0.5743895542345638,0.5743895557471874,0.5743895559882729,0.5743895563305416,0.5743895555341679,0.5743895653716983,0.5743895646712472,0.5743897594479239,0.5743897617218993,0.5743897631748256,0.5743897654447303,0.5743897673692476,0.5743897697894914,0.5743897712181931,0.5743897692175769,0.5743897713567323,0.5743897734718749,0.5743897701696712,0.5743897686675503,0.5743897691908526,0.5743897711327963,0.574389658220975,0.5743896588388342,0.5743896591995363,0.57438965951022,0.5743896600519957,0.5743896606388254,0.5743896610664911,0.5743896591374763,0.5743896597152518,0.5743896584520369,0.5743896589899343,0.5743896595273534,0.5743896596105064,0.57438966011985,0.574389659337945,0.574389658224642,0.5743896587160169,0.5743896592457268,0.5743896597626091,0.5743896602902449,0.5743896605931805,0.5743896610238877,0.574389661490311,0.5743896620163512,0.574389662297133,0.574389662762936,0.5743896632738431,0.5743896631501315,0.5743896632692458,0.5743896637790822,0.5743900931976943,0.5743900976606078
339,0.5758881039060072,0.5779641761225481,0.5779642242729707,0.577964261831673,0.5779643037343812,0.577964344520289,0.5779643974245675,0.5779643923122441,0.5779644090559762,0.5779644500043298,0.5779644811575195,0.5801491599168309,0.5801491209001486,0.5801491527273024,0.5801491791131714,0.5801492233105447,0.5801492599578045,0.5801493086177898,0.5801492908454507,0.5801493069024944,0.5801492329413082,0.5801492162808515,0.5801492311442769,0.5801492591267511,0.5801487801030147,0.5801487863088213,0.5801487681227824,0.5755095194454811,0.5755094271708311,0.5755094230664605,0.5755094308710325,0.5755094386531344,0.5755094352742315,0.5755094360495883,0.5755094425878913,0.5755094337223013,0.5755094409253845,0.5755094471164962,0.5755094512580474,0.5755094585594589,0.5755094505612991,0.5755094554252882,0.5755094606937279,0.5755094671073855,0.5755091748071837,0.5755091762617315,0.5755091777283091,0.5755091608133144,0.5755091615590198,0.5755091613343692,0.5755091695293956,0.575509169972528,0.5755091695452833,0.5904203699630538,0.59042036271155,0.5904202716259994,0.5904202639385011,0.5904202145515711,0.5904202066709778,0.5904201978518748,0.590420097524491,0.590420085716064,0.5904200591941866,0.590420052018404,0.59042004567413,0.5904200584139699,0.5904200527188234,0.5904200522233319,0.5904200456466263,0.5904216107481539,0.5904216083082134,0.5904215990951907,0.5904215953719967,0.5904215862712336,0.5904215839744822,0.5904215733590561,0.5904215974277506,0.5904215951550853,0.5904215903756526,0.5904215883732482,0.5904215864534772,0.5904215863791068,0.5904215766720572,0.5904215784178016,0.5904215999332254,0.5904215978866271,0.5908338616958241,0.5908338606751283,0.5908338545814615,0.5908338537155361,0.5908338492565175,0.5908338484068114,0.590833842391018,0.590833842800979,0.5908338246422992,0.5908338235917746,0.5908338095433205,0.5908338092132429,0.5908338022568091,0.5908337476827428,0.590833746650571
340,0.579146047507525,0.5937950214388695,0.5937950143560207,0.5937950147365095,0.5937950187397305,0.5937950257073669,0.5937950367059928,0.5937950351209232,0.5937950436903668,0.5937950521537638,0.5937950671682088,0.6046542204086458,0.6046542271292822,0.6046542249390578,0.6046542233940182,0.6046541846253372,0.6046541844640788,0.6046541337090909,0.6046541375018736,0.6046541378779611,0.604654200158671,0.6046542127509764,0.6046542154488053,0.6046542135573424,0.6046536281244558,0.6046536316941541,0.6046536576181214,0.5942673389419629,0.5942675244981102,0.5942675251616926,0.5942675253534113,0.5942675255838789,0.5942675263519253,0.5942675181235842,0.5942675183379522,0.5942675196907954,0.5942675200586628,0.5942675215062487,0.5942675077476546,0.5942675085848994,0.5942675134083922,0.5942675142958498,0.5942675158588235,0.5942675158560364,0.5785153434257106,0.5785153614031844,0.5785153799219543,0.578515304467167,0.5785153143986485,0.5785152891033615,0.5785152891334696,0.5785152836021744,0.5785152967521492,0.5785153384338078,0.5785153540600064,0.5785153523901209,0.5785153677217076,0.5785153756586469,0.5785153909300964,0.5785154035730038,0.5785154150189395,0.5785154237005407,0.5785154064371563,0.5785154208695293,0.5785154352526248,0.5785154132349487,0.5785154017191133,0.5785154054482426,0.5785154185391632,0.578514812857088,0.57851481681486,0.5785148148752575,0.5785148165240788,0.5785148164382599,0.5785148202265878,0.5785148187933832,0.5785148143639293,0.5785148180802008,0.5785148078571287,0.5785148113411838,0.5785148148276309,0.578514815394998,0.5785148146451531,0.5785146415249824,0.5785146465651747,0.5768357087779519,0.5768357088267382,0.5768357096613792,0.5768357097052831,0.5768357101407946,0.5768357102804095,0.5768357110450931,0.5768357111548175,0.5768357117295639,0.5768357122043516,0.5768357130400389,0.5768357118671387,0.5768357120471336,0.5768357121232678,0.5768357079816993,0.5768357087812414
341,0.5878210886190253,0.6034640807283408,0.6034640519820068,0.60346403718273,0.6034640252560576,0.6034640177066074,0.6034640104021806,0.6034640110070093,0.6034640144732448,0.6034640094519265,0.6034640143869547,0.6197896256053912,0.6197896618797846,0.6197896951109083,0.6197896755203858,0.6197890228341691,0.619788998955642,0.61978814677081,0.6197881644618604,0.6197881547342825,0.6197890382995378,0.6197890697433884,0.6197890645848119,0.6197890434221764,0.6197871850817268,0.6197871868779351,0.6197872416231349,0.6191760255572583,0.6191800545302704,0.6191800715627687,0.6191800450449386,0.6191800187936116,0.6191800336005797,0.6191798554766471,0.6191798351585693,0.6191798715849314,0.6191798480594719,0.6191798323810995,0.619179523780981,0.6191795017583782,0.6191795491976568,0.6191795358077989,0.6191795238094361,0.6191795013705381,0.6174787883331537,0.6174787594105279,0.6174787296194725,0.6174769493405002,0.6174769280710147,0.6174769886729583,0.6174776295457224,0.6174776445778725,0.6174776117917339,0.6174795272482951,0.6174795016868811,0.6174793236124044,0.6174792979363227,0.6174790853056569,0.6174790594861043,0.6174790356544132,0.6174786400822186,0.6174786183821777,0.6174786210790113,0.6174785970406383,0.6174785739825547,0.6174786127803437,0.6174786221717845,0.6174786175741697,0.6174785956846659,0.6174840735613404,0.617484065985723,0.6174840443669999,0.6174840385854193,0.6174840164344035,0.6174840092575292,0.6174839834176558,0.6174840433084997,0.6174840362329821,0.6174835275472536,0.6174835177488952,0.6174835079811763,0.6174835066673037,0.6174834722956503,0.6147668046937556,0.6147668937821141,0.6147668835748917,0.6147668378940906,0.6147668269143367,0.6147667797405785,0.6147667726279759,0.6147667376986962,0.6147667278940079,0.6147666813815043,0.6147666762526872,0.6147666404854241,0.6147666297445139,0.6147666260355923,0.6147666231838218,0.6147665747602817,0.6147665809772971,0.6147665708535204
