Index,Iter_0,Iter_1,Iter_2,Iter_3,Iter_4,Iter_5,Iter_6,Iter_7,Iter_8,Iter_9,Iter_10,Iter_11,Iter_12,Iter_13,Iter_14,Iter_15,Iter_16,Iter_17,Iter_18,Iter_19,Iter_20,Iter_21,Iter_22,Iter_23,Iter_24,Iter_25,Iter_26,Iter_27,Iter_28,Iter_29,Iter_30,Iter_31,Iter_32,Iter_33,Iter_34,Iter_35,Iter_36,Iter_37,Iter_38,Iter_39,Iter_40,Iter_41,Iter_42,Iter_43,Iter_44,Iter_45,Iter_46,Iter_47,Iter_48,Iter_49,Iter_50,Iter_51,Iter_52,Iter_53,Iter_54,Iter_55,Iter_56,Iter_57,Iter_58,Iter_59,Iter_60,Iter_61,Iter_62,Iter_63,Iter_64,Iter_65,Iter_66,Iter_67,Iter_68,Iter_69,Iter_70,Iter_71,Iter_72,Iter_73,Iter_74,Iter_75,Iter_76,Iter_77,Iter_78,Iter_79,Iter_80,Iter_81,Iter_82,Iter_83,Iter_84,Iter_85,Iter_86,Iter_87,Iter_88,Iter_89,Iter_90,Iter_91,Iter_92
0,0.9116646125614117,0.9131827422348655,0.9133891867301587,0.8783505578251118,0.878540508951565,0.8793330299341868,0.8815440514379231,0.8814678017997832,0.8845022180033218,0.8840058166235139,0.8839862692262305,0.8832144462439793,0.8831460032977902,0.8825508754424246,0.8821988498382027,0.88246284354551,0.8825097175353256,0.8826593558124917,0.884298040878074,0.8844070824516438,0.8843855160954105,0.8839088525163142,0.8846406637541601,0.8847134895394729,0.8846788694593757,0.8846185211405264,0.8844012323703481,0.8843867238831506,0.8843647527581028,0.8843073772892326,0.8844131229233569,0.8843903461379156,0.8842287366406891,0.8842341701555884,0.8842734704070985,0.884231164399657,0.8841869650851644,0.884145565162441,0.8840088519540288,0.8835043688632515,0.8836143460126528,0.8835883763567396,0.8857169916305193,0.8856596010876528,0.885566909520389,0.8855949647100168,0.885527041735557,0.885451932856179,0.8856880982364356,0.8856914006671248,0.8856251240235695,0.88565100168589,0.8750522004634188,0.875057017839285,0.8750577250310199,0.8750523044136662,0.8750607311560351,0.8750627298270497,0.8750579712925945,0.8750603032025299,0.8750574461536249,0.8750147978907211,0.8750286398816786,0.8750268734526256,0.8750239011437224,0.8750211634849944,0.8750224015085811,0.8750322779128865,0.8750327377694329,0.8750510848456626,0.8750664338367262,0.8750689484165042,0.8750660616897545,0.8750638334209784,0.8750680989687565,0.8750706669973646,0.8750658500977503,0.8750653651987117,0.8750656999705455,0.8750764840370209,0.8750749129816789,0.8750744623249869,0.875059742134225,0.8750516656794456,0.8750506339776646,0.8750511687904738,0.8750516003515165,0.8750507380077284,0.8750520763992224,0.8750525216476869,0.8750526454206417,0.8750661050787963,0.8750677330410165
1,0.9117624562452732,0.9130225418348062,0.9131977805585196,0.883089271883731,0.8832518478949759,0.8841354461982858,0.8865496626435166,0.88646145318959,0.8900670845216263,0.8894849747337652,0.8894633529490703,0.8885616946036823,0.8884847701838082,0.8877952205177816,0.8873912659368228,0.8876948502342888,0.8877491210330622,0.8879213115061679,0.8898314343246948,0.8899604583455878,0.8899354702737138,0.8893800151743717,0.8902621898734246,0.8903477449249356,0.8903071412609245,0.8902351910394928,0.8899784806043409,0.8899615705484877,0.8899371108588444,0.8898696045370966,0.8899946849421757,0.8899679196591005,0.8897769580568428,0.8897835272685684,0.8898300544139065,0.8897800821738135,0.8897281815037661,0.8896795112175898,0.8895185912944332,0.8889268208629948,0.8890557576286491,0.8890251492117899,0.8915472540288264,0.8914789830267861,0.8913680509473627,0.8914015241216254,0.8913207080474552,0.8912313996339734,0.8915221091783302,0.8915261840710814,0.8914472211907241,0.8914782512019536,0.8770697614375395,0.8770697725375332,0.8770697873250183,0.8770697990134319,0.8770698219621499,0.8770698382965977,0.8770698461564906,0.877069861489837,0.8770698706438637,0.87706979375547,0.8770697948837555,0.8770698043232813,0.8770698124664781,0.8770698150692275,0.8770698285036492,0.877069826623984,0.8770698383040485,0.8770698699626898,0.8770698949312977,0.8770699089774394,0.8770699171489414,0.8770699266518127,0.8770699413533952,0.8770699565185504,0.8770699601899777,0.877069970993464,0.8770699793621192,0.8770699809926171,0.8770699899787763,0.8770699931525002,0.8770699411927689,0.877069994847395,0.8770700037324892,0.8770700147547699,0.8770700264492286,0.8770700358416624,0.8770700496876565,0.8770700626004226,0.8770700744008586,0.8770700683962939,0.8770700821830275
2,0.9112809517874657,0.9123123150596381,0.9124543913969074,0.8900656267574888,0.8900023677754254,0.8903027177621287,0.8911522740000435,0.8911027722142251,0.8926878045464096,0.8923991500339661,0.892389764512691,0.8919474938570074,0.8919364483855657,0.8916261773288008,0.8914568559361391,0.8915837624705764,0.8916067706153753,0.891687672267172,0.8925689352626771,0.8926313943555969,0.8926193341683715,0.8923704889941003,0.8926244632381172,0.8926642681706558,0.8926450795269546,0.8926093767813916,0.8924881860618368,0.8924803931496583,0.892394774273613,0.8923600283922033,0.8924242854222856,0.8924106903688401,0.8923101163337315,0.8923134289997515,0.8923373651252438,0.8923119838188834,0.8922835491306117,0.8922589107588419,0.8921774565487388,0.8918805666017584,0.8919450284765618,0.8919292958434222,0.8932467783005359,0.8932097719931337,0.8931483143118465,0.8931665176337756,0.8931229621780868,0.8930749152178145,0.8932455663953929,0.8932472381097482,0.8932058835717485,0.8932223857165684,0.883122172368812,0.8831174833561438,0.8831121092765563,0.883082117296024,0.8830678145057451,0.8830642719925832,0.883072320560446,0.8830683368632789,0.8830728925576264,0.8831505224234022,0.8831249585582819,0.8831282632177486,0.8831335730984653,0.883138731130385,0.8831363906826681,0.8831173450702167,0.8831165838272915,0.8830835797527166,0.8830981128765988,0.8830929431961225,0.8830988498289266,0.8831032221219348,0.8831059445332474,0.8831005713462473,0.8831104361319121,0.8831116063690584,0.8831116061263681,0.8831564082680078,0.8831589794828221,0.8831605599911773,0.8831983691945994,0.8829896134536254,0.8829927073920201,0.882991312466632,0.8829901522872204,0.8829928952878372,0.8829890879233752,0.8829874399657495,0.8829869976000694,0.8829295596499435,0.882927791138927
3,0.9110383417598711,0.9119064811234825,0.9120261038606556,0.8943358589001372,0.8941940786567882,0.8942377581312451,0.8944102149913921,0.8943804233297611,0.894987821260607,0.8948480704286675,0.8948437914906623,0.8946308286222793,0.8946608185631338,0.8945327049480591,0.894471886681122,0.8945167619429701,0.8945248669152877,0.8945633406911657,0.8949379798602264,0.8949665213986202,0.8949607725950994,0.8948629747302683,0.8947728328749142,0.8947897410210103,0.8947812075296596,0.8947643930733843,0.8947119444493942,0.8947086402037274,0.8945948212378378,0.8945766675623374,0.8946095873317899,0.894602631845769,0.894548676999353,0.8945501773473182,0.8945624401166727,0.8945496051638693,0.8945329091056471,0.8945204133774914,0.8944792997946086,0.8943315772604724,0.8943636992796016,0.8943555411999989,0.8950535789474228,0.895032982795242,0.8949979883894293,0.8950081011880376,0.8949840978071669,0.8949576724070338,0.8950580070791396,0.8950583208695094,0.8950368407670155,0.8950455208499384,0.8871327287842508,0.8871271348867639,0.8871185910905797,0.8870720323625457,0.8870490081352398,0.8870431921977598,0.8870562657187605,0.8870498181792491,0.8870568802799255,0.8871794389942985,0.8871396991123276,0.8871448858515163,0.887153129412333,0.8871611914786949,0.8871575237989339,0.8871293796111515,0.8871282329314673,0.8870762139232714,0.8870902036343037,0.8870819925921165,0.8870913490591334,0.8870982233805416,0.8871027878930784,0.8870942651180428,0.8871099373272937,0.8871118454536245,0.8871126693207114,0.887169311524931,0.8871732694762403,0.8871758062416338,0.887234355013958,0.8869151666416369,0.8869199146452473,0.8869178446816252,0.8869160639488588,0.8869202777129189,0.8869144302118124,0.8869118707590077,0.8869111789882608,0.8868380801674063,0.886834852136374
4,0.9114661941809132,0.9121571568036347,0.9122568543601475,0.8958459407487622,0.8958181436241428,0.8962690510452223,0.8974263953570346,0.8973706391003882,0.8995225471588078,0.899166491317294,0.8991550624756157,0.8986094289095903,0.8985761146754767,0.8981777271039576,0.8979536933017215,0.8981224652250734,0.89815307239532,0.8982537854224113,0.8993787672424443,0.8994580274509021,0.8994431786618121,0.8991257492453256,0.8996037659332402,0.8996552752168446,0.899630802326291,0.8995855962071432,0.8994292658006537,0.89941928875604,0.8993704487176533,0.8993281627235492,0.899407070006545,0.899390443828981,0.8992690284067513,0.8992732846714897,0.8993026970383575,0.8992714278135958,0.8992380696961537,0.8992078407948568,0.8991077296821173,0.8987430555856398,0.8988223392880149,0.8988032055125459,0.9004101584716674,0.9003656924742959,0.9002922393869173,0.9003141879437407,0.900261670397262,0.9002037122803872,0.9004163970157684,0.900418921636192,0.9003681392384195,0.9003884351748672,0.892532108445621,0.8925332487532699,0.8925355436448194,0.8925156540386635,0.8925412212568663,0.892547965895459,0.8925334286116318,0.8925404829857029,0.8925339127956324,0.8923897344055297,0.8924381716630457,0.8924320088853237,0.8924225406271565,0.8924130752636038,0.8924175319547074,0.892447727835213,0.892448873990567,0.8925092214141473,0.892567166925903,0.8925744563182434,0.8925661522548544,0.8925602584175473,0.8925713538039205,0.8925787245810417,0.8925650114252546,0.892563139059439,0.8925596490434772,0.8925718766666128,0.8925678680399777,0.892565691167106,0.8925159447207174,0.8927526478343242,0.8927481516411987,0.8927496932501692,0.8927514086033103,0.8927474443721415,0.8927530354303728,0.8927557883200019,0.8927565673456896,0.8927343164805415,0.8927405410561723
5,0.9112727263441699,0.9112726948469365,0.9112727118756767,0.9112722566295252,0.9112721914436471,0.9112726029386181,0.9112726400629984,0.9112726281359754,0.9112728763029078,0.9112728745696971,0.9112728796653768,0.9112728704189755,0.9112728736712518,0.9112728672749635,0.9112728655592544,0.9112728738405708,0.9112728783946149,0.9112728856912717,0.9112729219997433,0.9112729266757306,0.911272931267586,0.9112729235929731,0.9112728967542669,0.9112729024107575,0.9112729042809622,0.9112729049558206,0.911272900324513,0.9112729030583532,0.9112729005245948,0.911272901179211,0.9112729089843796,0.9112729112250554,0.9112729063952691,0.9112729095294457,0.9112729145581032,0.9112729148390405,0.9112729148122518,0.9112729150455462,0.9112729105010999,0.9112728830827245,0.9112728907787264,0.9112728914481292,0.9112730033864357,0.9112730044224233,0.9112730027937657,0.9112730085568156,0.911273008314605,0.9112730069172236,0.9112729949826572,0.9112729986388979,0.9112729986832422,0.911273003846944,0.9112725760824147,0.9112725738704724,0.9112725702109724,0.9112725602355413,0.9112725596215892,0.911272556786073,0.9112725515380473,0.9112725490855548,0.9112725451245748,0.9112725308139746,0.9112725432954438,0.9112725389792675,0.9112725340763745,0.9112725307493217,0.9112725279783832,0.9112725425059001,0.9112725395616733,0.9112725466498518,0.9112725022253882,0.91127250044886,0.9112724951561829,0.911272490183033,0.911272489770639,0.9112724878466159,0.9112724817924477,0.9112724778506214,0.9112724742997693,0.9112724745254691,0.9112724695625752,0.9112724677736438,0.9112724645736437,0.9112731472343901,0.9112731507469646,0.9112731543638953,0.9112731582468181,0.9112731619055017,0.9112731661427106,0.9112731703617757,0.911273174373911,0.9112731815430012,0.9112731859286047
6,0.9111168771072856,0.9105849611866724,0.9105472037159563,0.910380607050313,0.9105902235116689,0.9120123610849923,0.9133846142259208,0.9133433847334305,0.9189041422803634,0.9188602627337681,0.9188601440110703,0.9187979157870562,0.9187766904493835,0.9187222728082384,0.9186891915503633,0.9187156029829081,0.9187205964235191,0.918739646881038,0.9188976380398901,0.9189079536032277,0.9189058759019108,0.9188528968885126,0.9185502060120677,0.9185650255387439,0.9185584971952546,0.9185447053514816,0.9184975564567428,0.918494733133618,0.9184881418220926,0.9184753718247672,0.9184996313785798,0.9184949432286154,0.918458151237815,0.9184594302930971,0.9184688312894908,0.918459541766462,0.9184456672166149,0.9184365207914681,0.9184052489871968,0.9182824679664011,0.9183094038489101,0.9183030109747727,0.9187669685550566,0.9187565642413658,0.9187385193495862,0.9187439646885566,0.918731355470703,0.9187171433457366,0.9185532357183428,0.9185536129489754,0.9185438956501562,0.9185479842655099,0.9184137976179018,0.9184163376917521,0.9184190347135528,0.918408039508256,0.9184303519513859,0.9184362713779058,0.9184233897317787,0.9184296647008658,0.9184236066161481,0.918287176161353,0.9183359916919981,0.9183298446181922,0.9183202593015884,0.9183104887597691,0.9183150101442193,0.9183809647135641,0.9183821838116092,0.9184420044719898,0.9181569256428063,0.9181683524833806,0.918155324449092,0.9181459606658037,0.9181550144526011,0.9181667576074106,0.9181449332209685,0.9181420050225069,0.9181376556254601,0.9181226421574479,0.9181134675085254,0.9181098107516623,0.9180259544704499,0.9223571976807949,0.9223585682217813,0.9223580095451684,0.9223575070258876,0.9223587645561304,0.9223570890259398,0.9223562392875807,0.922356000384954,0.9223910158306708,0.9223893225693947
7,0.9114541374340619,0.9107847171672815,0.9107324064712594,0.9102501630767206,0.9105129350037154,0.9126341678124803,0.914751019527666,0.9146839760205455,0.9240745587580059,0.9237603443210984,0.9237542188707343,0.9232983536139266,0.9232516390306946,0.9229105323856985,0.9227141370706228,0.9228655013676486,0.9228939421365513,0.9229801611571506,0.9239845084597974,0.9240576194408499,0.9240448616223685,0.9237482924870537,0.9239696829633653,0.924026179964396,0.9240005709054062,0.9239504069234811,0.9237775304471596,0.9237671034019284,0.923777655248634,0.9237344388406719,0.9238174478355348,0.9238007360967796,0.9236769232266113,0.9236817995272596,0.9237130807285734,0.9236807500432631,0.9236444634994044,0.9236135176350041,0.9235097647976479,0.9231279237148373,0.923210506991657,0.9231908910438127,0.9248674336421143,0.9248211187414019,0.924743864544874,0.9247671517737701,0.9247124223824907,0.9246520709492417,0.9246175910473599,0.9246208304642758,0.9245697563170354,0.9245906982370119,0.9236308716803959,0.9236387946605363,0.9236507958150582,0.9236501242847692,0.9237214400355362,0.9237401768014182,0.9236992526383924,0.9237191124476988,0.92369966347128,0.923296299519834,0.9234321551306278,0.9234149408557157,0.9233882133201203,0.9233618521362529,0.9233742376961539,0.923514050356304,0.9235174553725036,0.923690222977219,0.9233974840261269,0.9234252486770868,0.9233936035171935,0.9233708762712592,0.9233886515752199,0.9234171427854436,0.9233643266032135,0.9233573254551527,0.9233473088705765,0.9233070308153085,0.9232892448627228,0.9232806182147196,0.9230830307585729,0.9307881868120692,0.9307769445147972,0.9307811528416768,0.9307853817020995,0.9307754705303406,0.9307893559637042,0.9307959728720681,0.9307978092445712,0.93076573214111,0.930778561968567
8,0.9112089279884805,0.9098512731556221,0.9097478719475566,0.9090269255499346,0.9096314086924956,0.914064046037298,0.9183339448613419,0.9182078380112324,0.9363274977140927,0.9361129099483,0.9361101515773539,0.9358012351790566,0.9357482216026339,0.9355045989252175,0.9353615329732001,0.9354734279395505,0.93549460493682,0.935563150826061,0.9362804833991468,0.9363305955012338,0.9363215553468937,0.9360966416279488,0.9357720552808602,0.9358219179167023,0.9357997245940902,0.9357545003758737,0.9355980942809553,0.935588679241222,0.9355883666651709,0.9355478661539921,0.9356255112276164,0.9356102671539459,0.9354937883123484,0.9354981345696355,0.9355279344410788,0.9354978406763164,0.9354592509258539,0.9354299759628976,0.9353303563929698,0.9349449097884666,0.935029630298507,0.9350096152955159,0.9365205772141159,0.9364840914750526,0.9364220750432303,0.9364408109947603,0.9363970572038939,0.9363482487038028,0.9360287706325715,0.9360310862086234,0.9359915977400804,0.9360079799213641,0.9354581396203857,0.9354652743966049,0.9354757864352972,0.9354655974465796,0.935532974497226,0.9355508852284872,0.935511927974751,0.9355308697675738,0.9355125196366394,0.9351174432011116,0.935254245419963,0.9352369336670957,0.9352100476328008,0.9351830667618677,0.9351956477507438,0.9353707381443056,0.9353741476713746,0.9355449293588347,0.9348856932815097,0.9349189410747907,0.9348810703519268,0.9348538862659344,0.9348751942587284,0.9349093430255754,0.9348460052805451,0.9348375297761319,0.934824964390705,0.9347779087829095,0.9347556021530431,0.9347449847785105,0.9345033656077492,0.9490356980915667,0.9490382698069205,0.9490372706654377,0.9490362878764403,0.9490385720124461,0.9490353690839394,0.9490337144646603,0.9490332360507283,0.9490528964856304,0.9490498464978832
9,0.9113059069280979,0.9099364412653081,0.9098305420800984,0.9090486529300557,0.9096596207766962,0.9142635507806198,0.9187009932527362,0.9185692144974063,0.9375640423175089,0.9372893143503025,0.9372851077425496,0.9368877759169233,0.9368325895441546,0.9365250418945914,0.9363454876936996,0.9364852467966907,0.9365115688853106,0.9365947257453331,0.9374991549683426,0.937563619030321,0.9375522559520111,0.9372811104071113,0.9371201954164577,0.9371786394908052,0.9371524787057393,0.9370997890257319,0.9369176260653275,0.9369066810656224,0.9369093759267865,0.9368627134410005,0.9369522823841154,0.9369345757459772,0.9368004577956678,0.9368055637413135,0.9368397780323447,0.9368049548211971,0.9367622692269173,0.9367285790380394,0.9366143521356469,0.9361781685992592,0.9362739438400965,0.9362512997426619,0.9380160884721617,0.9379718192977284,0.9378970223104004,0.9379196029202214,0.9378667705465079,0.9378080693071114,0.9375545176108139,0.9375574955301673,0.9375086840416297,0.937528880274934,0.9368275248086457,0.9368358860161101,0.936848605380349,0.9368409829744635,0.9369199230664425,0.9369408446376353,0.9368953461527736,0.9369174531814484,0.9368959966653289,0.9364379771742576,0.9365950215674065,0.9365751696232086,0.9365443692539773,0.9365136665059393,0.9365280480778544,0.9367178977980076,0.9367218013151879,0.9369185785185021,0.9363039573247786,0.9363404997722358,0.9362988751544145,0.9362690144477958,0.9362918862423558,0.9363294174836863,0.936259849334936,0.9362505502117375,0.9362368403761423,0.9361845801198646,0.9361607557452079,0.9361491301448353,0.9358840032079438,0.9516251879901876,0.9516251718752575,0.9516251579815643,0.9516251432075212,0.9516251267415762,0.9516251123844561,0.9516250967247138,0.9516250810082177,0.9516250882480072,0.9516250740377533
10,0.9113824278806866,0.9096645482825861,0.9095295886265896,0.9085118959102975,0.909311807290206,0.9162303753219295,0.9227393177822594,0.9225497219857243,0.9511854169084474,0.9509626366510621,0.950959685659789,0.9506367659757832,0.9505897135776502,0.9503367799307216,0.9501886515206971,0.9503044072993558,0.9503262930402786,0.9503954990917896,0.9511405113971255,0.9511929573609446,0.9511837565576492,0.950954263619042,0.9507379607272104,0.9507876423623031,0.9507655198896048,0.9507205350863949,0.950564232621352,0.9505548355876585,0.9505563692044936,0.95051603859617,0.950593497827933,0.9505782879108928,0.9504622095888342,0.9504665327958249,0.9504963023157809,0.9504661180638032,0.9504285830295386,0.9503992525634865,0.9502992431767407,0.9499098273548827,0.9499962015116694,0.9499758474772467,0.951484300925466,0.9514484638506399,0.9513876020424228,0.951405986876134,0.9513629930946754,0.951315062331193,0.9510101904998763,0.9510127544771978,0.9509715610137333,0.9509886549256605,0.9504621010250978,0.9504690810853097,0.9504803001057877,0.9504742804370976,0.9505431013118796,0.9505614293516416,0.9505216093844236,0.9505409551376447,0.9505222314298425,0.9501196149775266,0.9502581842005632,0.950240679782063,0.9502135434873675,0.9501864529165439,0.9501991419998257,0.95037936654023,0.950382778163429,0.9505550181109339,0.9499333300280599,0.949968053878453,0.9499285087010677,0.949900124374387,0.9499208210156458,0.9499564989859438,0.9498903499804487,0.9498814697721853,0.9498682139024904,0.9498176788165692,0.9497957508372454,0.9497845408257173,0.9495292029406388,0.9586029048689112,0.9585928707080216,0.9585965864909248,0.9586003472444312,0.9585914601338911,0.9586038339368417,0.9586097550195634,0.9586113913024216,0.9585615150397396,0.9585733743969794
11,0.9110754295387706,0.913133872040083,0.9133977925861139,0.8700917946698523,0.8700918708863931,0.8700914696646945,0.8700914738372473,0.8700914933785477,0.8700914917236051,0.8700915079262671,0.870091525618988,0.8700915306905959,0.8700915851516706,0.8700915979736566,0.8700916150426928,0.8700916362578491,0.8700916546419606,0.8700916763706206,0.8700916920750229,0.870091700537937,0.87009171869778,0.870091731885026,0.8700917390187847,0.8700917555984434,0.870091770015077,0.8700917860230963,0.8700918042185668,0.8700918215455303,0.8700918170238502,0.8700918338681168,0.8700918507190992,0.8700918678985942,0.8700918837866071,0.8700919001258455,0.8700919175014615,0.8700919306642312,0.8700919468751597,0.8700919601363906,0.8700919746660214,0.8700919625645515,0.8700919798362737,0.8700919955457703,0.8700919758833403,0.8700919913459411,0.8700920070039759,0.8700920222094273,0.8700920364618843,0.8700920484601525,0.8700920645522829,0.8700920792373481,0.8700920939787287,0.8700921094734526,0.8700916551113255,0.8700916670046865,0.8700916744932108,0.8700916803194838,0.8700916879275241,0.870091695709915,0.8700917036396496,0.8700917108089526,0.8700917172732867,0.8700917072763583,0.8700916958926271,0.8700917030964525,0.8700917103067434,0.870091714281395,0.8700917212835922,0.8700917129657145,0.8700917197444964,0.8700917235083002,0.8700917335485142,0.8700917396886715,0.8700917466384618,0.8700917537108461,0.8700917630566609,0.8700917696677833,0.8700917759359392,0.8700917828751444,0.8700917904345229,0.8700917459043098,0.8700917514514557,0.8700917538690403,0.8700917389271511,0.8700917181791301,0.8700917236786517,0.8700917290478599,0.8700917346195585,0.870091740361716,0.8700917461444176,0.8700917520093377,0.8700917577930892,0.8700913671274927,0.8700913690083592
12,0.9110728286418694,0.9127112993152714,0.9129251101497028,0.879204345900671,0.8791358028285406,0.8792115825630208,0.8794636065481899,0.8794377570735981,0.8800465183073031,0.8799164091051702,0.8799121507333327,0.8797143699885298,0.879740171001918,0.8796194129342335,0.879560391029516,0.879603846743684,0.8796117145390581,0.8796452593196347,0.8799979923314076,0.8800241738057895,0.880018866886256,0.879919439242102,0.8799239321827417,0.8799391802549218,0.8799314961346523,0.8799167574147428,0.8798695674799986,0.8798665066252688,0.879768781130976,0.8797529756689505,0.8797817711055105,0.879775641172627,0.8797286744164444,0.8797300323117756,0.879740749208094,0.8797294444754985,0.8797157593188102,0.8797047317456245,0.8796683912979023,0.8795364229506543,0.8795650432270559,0.8795578568625718,0.8801585800624847,0.8801411559255882,0.8801117403501512,0.8801202667601504,0.8800999128861228,0.8800774894235069,0.880160081410071,0.8801605194237656,0.8801415602559101,0.8801491482222482,0.8741129584810197,0.874111652858925,0.874111477766451,0.8740845848091098,0.874098508614334,0.8741026512150445,0.8740942657021852,0.874098351536168,0.8740952145492227,0.8740328563673749,0.8740502567073948,0.8740475872688865,0.8740438354163609,0.8740395633374513,0.8740414096656328,0.8740426820810169,0.8740430851697559,0.8740704584780408,0.8740934318020357,0.8740976925912884,0.874092913850414,0.8740897607976438,0.8740910617205616,0.8740953435564016,0.874087461658782,0.8740863072843186,0.8740825442141035,0.8741362847547051,0.8741336875424404,0.8741322928708168,0.8741096221468442,0.8739568000810226,0.8739542674550224,0.8739550895913231,0.8739560172011719,0.8739538221319174,0.8739569412083591,0.8739586579029781,0.8739591503803001,0.8737213553649058,0.8737272748840103
13,0.9098919498155834,0.9110470939955758,0.9111923107814326,0.8942877737813721,0.8938411237019602,0.8929730263304247,0.8907581996030235,0.8907894802473074,0.8885454203079013,0.8888845813501313,0.8888939766958412,0.8894044985642235,0.8897540793226264,0.8902196848498053,0.890513556240961,0.8902888055936891,0.8902471395031165,0.8901547010497441,0.8888539307661586,0.8887688234278354,0.8887834814961921,0.8891847201467088,0.8877426772899272,0.8876806062543726,0.8877081346613616,0.8877566146065493,0.8879410208986955,0.887952820059446,0.8875973556860465,0.8876318700983828,0.8875631323388231,0.8875772842010309,0.8876712276207824,0.8876663242188311,0.8876407172323973,0.887668053572569,0.8876875933945185,0.8877136941365107,0.8878011878579904,0.8881265885971455,0.8880574890260791,0.8880728786181202,0.8867649790564023,0.8867998387193192,0.8868544228794493,0.8868369404163272,0.886878795848009,0.8869250630126055,0.8868113823533343,0.8868063293691645,0.8868510360726062,0.8868332495426556,0.8828586782275956,0.8828565352650476,0.8828414432287011,0.8827278479102788,0.8827062765806284,0.8827014367178873,0.882712973881897,0.8827072077576352,0.8827143501839124,0.882856170982925,0.8828036150270608,0.8828099135406791,0.8828203137531002,0.8828303126572185,0.8828256281918262,0.8827824928236828,0.8827810329497179,0.8827229361595611,0.8827432304271853,0.8827354598442233,0.88274437796541,0.8827512418536678,0.882742076146079,0.8827339580397013,0.8827489796448246,0.8827507141395952,0.8827495028014116,0.8828510566514599,0.8828535969656264,0.8828559785564349,0.8829222419596325,0.8824369573345482,0.8824403433265045,0.8824386652836405,0.8824373509781606,0.8824405027708565,0.8824362910777784,0.8824347125224535,0.882434297564246,0.8816981865912248,0.8816986669937146
14,0.9103296948055642,0.911288208526185,0.911413706486455,0.895780358143834,0.8954488766351791,0.8948902710745988,0.8934951689176643,0.8935071130638587,0.8921352917861549,0.8923191965670071,0.8923246729704025,0.8926033589301156,0.8927891501550747,0.8930586314868039,0.893234815829707,0.8930997192024015,0.8930747212029249,0.8930242881785435,0.8922809432750908,0.8922336761771807,0.8922415484273454,0.892473429530133,0.8914772308106587,0.8914419368463308,0.891457318102347,0.8914835982118184,0.891587839399262,0.8915945613821893,0.8913548467540836,0.891372389500932,0.8913366856887749,0.891344032483856,0.8913904006927288,0.8913876257553167,0.891374299257541,0.8913887145103102,0.8913964394023212,0.8914101551925712,0.8914563945881798,0.8916308200341518,0.891593638470458,0.8916016197689236,0.8909486109374242,0.8909645620678133,0.890988581741594,0.8909805222725014,0.8910000380010665,0.891021698659507,0.8909628020500036,0.8909595940739339,0.8909824597803627,0.8909734577219519,0.8855466264745306,0.885540525506237,0.8855253520763448,0.885430796738208,0.8853975014644195,0.8853893560025085,0.8854078672505504,0.8853987198196768,0.8854088807074779,0.8856031608355808,0.8855361285420467,0.8855445432232119,0.8855580418657586,0.8855712322049017,0.8855651260606522,0.8855161145788589,0.8855142783649782,0.8854333195991891,0.8854359349489164,0.8854243413181782,0.8854375812557518,0.885447428773779,0.8854491544834945,0.8854371092415118,0.8854593563427497,0.885462073201636,0.8854629435016693,0.8855522461755587,0.8855575135207623,0.8855611223607268,0.8856500459312477,0.8851232648006062,0.8851293525385914,0.8851266898983748,0.8851243781024108,0.8851298311451765,0.8851223012019692,0.8851190786560514,0.8851182066195754,0.8848023860088164,0.8847990814749028
15,0.9100879050248503,0.9107116959449195,0.9107959522812511,0.9022201239970752,0.9018434060879649,0.9010853317544482,0.8992058770087358,0.8992344534827907,0.8974919126983062,0.897782661557685,0.8977912275132787,0.8982307836285067,0.8984212995399726,0.8988012840645716,0.8990377291823283,0.89885737651758,0.8988240774145938,0.8987501967624812,0.8976861425370887,0.8976149990401794,0.8976268860288086,0.8979389567619454,0.8965317052618997,0.8964826349895662,0.8965044823223982,0.8965427570650506,0.896689230279556,0.8966986031180281,0.8964581382872506,0.8964863348150347,0.8964299614844926,0.896441606987786,0.8965190394698782,0.8965149243373599,0.8964938736450281,0.896516578161163,0.8965308238923945,0.8965524586103607,0.896625197358104,0.896897922034456,0.8968391311977882,0.8968522921838062,0.8957880337024307,0.8958150968647558,0.8958574544556897,0.8958438869572187,0.8958765844888922,0.8959127577632126,0.8957513585398799,0.8957469677484878,0.8957843544423628,0.8957694912903814,0.8921316991996635,0.8921259991163988,0.8921055083233462,0.891986891638708,0.8919377038061326,0.8919250509154225,0.8919529619935516,0.8919392416321363,0.8919534113208359,0.8922203864219167,0.8921329112125992,0.8921442589746931,0.8921620266796699,0.8921796346952093,0.892171532900284,0.892116357653938,0.8921140219153836,0.892002425742774,0.8919587288453403,0.8919422220791616,0.8919610037869428,0.8919746348232453,0.8919821114817672,0.8919650182030382,0.8919965020187548,0.8920004942674936,0.8920041785312967,0.8920820987049025,0.8920892258088327,0.8920944135815425,0.8922123899848018,0.8916949020666374,0.8917040092209643,0.891700269318595,0.8916968435615445,0.8917049578097657,0.8916937207391784,0.8916885958734577,0.8916871882916974,0.8915409843056761,0.8915331796959438
16,0.9100569095497192,0.9100280607450653,0.9100419548570746,0.9094681605330647,0.9092390413693111,0.9088980309136453,0.9075003168195896,0.9075268832943155,0.9072468949241,0.9076135199637141,0.9076240419972835,0.9081794901438852,0.9082893079812502,0.9087217867220985,0.9089780125242249,0.9087834658270775,0.9087474938512967,0.9086608470717255,0.9074367299864603,0.9073508407413,0.9073649389239704,0.9076827903682052,0.9059467010361149,0.9058950081606123,0.9059185069834844,0.9059603127418031,0.9061152615357186,0.9061250491309264,0.9059683563939073,0.9060012718596052,0.905936066405794,0.9059496290799888,0.9060423577180692,0.9060376752304284,0.9060134332008525,0.9060397356771359,0.9060558297453859,0.9060807478088098,0.9061641285408835,0.9064712811304252,0.9064045721553529,0.9064199268921467,0.9051452852366566,0.905179746304704,0.9052348253216775,0.9052177056250118,0.905258842714694,0.9053040895729082,0.9049383461024396,0.9049335050285673,0.9049811647488825,0.9049620514341763,0.9040314818511845,0.9040264197619823,0.9040051688909326,0.9039025625326994,0.9038396972202652,0.9038231318130565,0.9038590915119534,0.9038415052562805,0.903858856104765,0.9041818126321601,0.9040808294678385,0.9040941860709949,0.9041147161453075,0.9041350180993332,0.9041256355871305,0.9040849875396334,0.9040823888569542,0.9039490047241006,0.9036947797252513,0.9036766457245848,0.903697233623095,0.9037119297638473,0.9037177439344286,0.903699154292511,0.9037333137201887,0.903737738262684,0.9037434193418352,0.9037919098347205,0.9037962174536641,0.903801805489701,0.9039224618040095,0.9040765012781554,0.9040909663606981,0.904085327463806,0.9040799186720841,0.9040928210871008,0.9040749990442334,0.9040665093572744,0.9040641540328707,0.904157974645309,0.9041422588956491
17,0.9098066422233341,0.9093563298406104,0.9093386424397125,0.9093135471860821,0.9093528588469972,0.9099249685776716,0.9095838511722155,0.9095886347432736,0.911413710160485,0.911884913027678,0.9118974756392483,0.9126123328344902,0.9127011330410602,0.9132375578342958,0.9135502512267364,0.913312605535152,0.9132681863538937,0.9131602906699584,0.911637539867478,0.9115295465149204,0.9115470440682133,0.9119152892990188,0.9096733307619441,0.9096132773123521,0.9096407124199726,0.9096899179337864,0.9098693207737177,0.9098805247319313,0.9097338343542902,0.9097725919318577,0.9096955988132613,0.9097116253460141,0.9098217381186028,0.9098160695568133,0.9097876059700811,0.9098185498606095,0.9098360628402403,0.9098651521365373,0.9099621002697292,0.9103123616223604,0.910236914041676,0.9102544244595392,0.9087206509607487,0.9087646473600074,0.9088353738044275,0.9088135952851604,0.9088657400347978,0.9089228574560843,0.9083606289966877,0.90835473832819,0.908414950338723,0.9083906851822859,0.9083060948379349,0.908301636838593,0.9082793177304052,0.9081750484508739,0.9081067537311601,0.9080888009416475,0.9081277711994539,0.908108743599559,0.9081274156206772,0.9084734766566976,0.9083667260473313,0.9083808662351011,0.9084025384276297,0.9084238134109609,0.9084139319628072,0.9083915522890995,0.9083888511741891,0.9082475461371989,0.9077900565166858,0.9077733102896294,0.9077923130154242,0.907805851176731,0.9078078290327982,0.9077908518738548,0.9078220212579489,0.9078260544966167,0.9078314017276987,0.9078725025549514,0.9078726127420313,0.9078776629606381,0.9079851654809286,0.9089634478643907,0.9089830186510739,0.9089754516031929,0.9089681464475178,0.9089856456195403,0.9089615408511872,0.9089500041427235,0.9089468010556462,0.9091106507008013,0.9090884935622159
18,0.9094896083489844,0.9083558025479808,0.9082894041012428,0.9082102379775449,0.9086310537378078,0.9109117709865584,0.9125291150013047,0.9124852085016566,0.9195120916286554,0.9201216884124729,0.9201365694195427,0.9210645593144843,0.9210969238378213,0.921767687648935,0.9221539376221695,0.921859771210231,0.9218041656309491,0.9216686526321065,0.9197713270093973,0.9196350578957211,0.9196565617415667,0.920022683910153,0.9169372059045633,0.9168706235038568,0.9169012472142164,0.9169564762955735,0.9171534420509415,0.917165481640948,0.9170490024455885,0.9170917495270786,0.9170061280513834,0.9170240173585453,0.9171467638784954,0.9171399626141356,0.9171086782417661,0.9171429941254459,0.9171579378832571,0.9171896645762363,0.9172945521342412,0.9176581336093358,0.9175809829084837,0.9175990703814054,0.9158306885789553,0.9158867105607293,0.9159770591184125,0.9159495036078185,0.9160151857777353,0.9160866076987293,0.9150818815759524,0.9150746307724931,0.9151510772626121,0.915120060864082,0.9157758234927681,0.9157714527456299,0.9157484613299338,0.9156559164722938,0.9155760451055394,0.915555278467134,0.9156003846300449,0.9155783749916176,0.9155998717917856,0.916004608359962,0.915880037459322,0.9158964389316583,0.915921549599309,0.9159460529479658,0.9159345796993238,0.9159536644026256,0.9159506177858298,0.9157891022006936,0.9148323738258206,0.9148196074423944,0.9148340793253252,0.9148443717301068,0.9148389790476325,0.9148263862613246,0.9148494432418767,0.9148524092093994,0.914856367238764,0.9148887221662017,0.9148810184589609,0.9148847204409287,0.9149620242380039,0.9175423851387756,0.9175693702807515,0.9175589790738771,0.9175489208411443,0.9175731194365506,0.9175398908994671,0.9175239188060935,0.9175194811391149,0.9177523320392766,0.9177210171316569
19,0.9100828548655776,0.9084066659350258,0.9082942593049087,0.9077985631126888,0.9085459987018676,0.9133041760124503,0.9177221805824642,0.9175996258863331,0.935116138495014,0.9355537172824933,0.9355651179352006,0.936240002585259,0.9361948116525288,0.9366698447156451,0.9369439272255573,0.9367355369761996,0.9366965546726019,0.9366016032890149,0.9352886274330543,0.9351911897081463,0.9352059135289656,0.9352799566762385,0.9326731964899356,0.9326346187746318,0.9326529589539615,0.9326848408030529,0.9327941834065246,0.9328005547848801,0.9327634887031389,0.9327859984294622,0.9327402607217243,0.9327502721871992,0.9328154255881684,0.9328108502372872,0.9327949398738459,0.9328135795352213,0.9328133661530608,0.9328295524588814,0.932880917969857,0.9330244915529873,0.9329957354800936,0.933002732220136,0.9319309935484676,0.9319741244637203,0.9320430512824388,0.9320223084420759,0.9320717566655173,0.9321245604684668,0.9307711605507566,0.9307660765666128,0.9308232998822039,0.9308000508952987,0.9315129214010558,0.931508748462339,0.9314945625297345,0.9314514576557941,0.9313924787130821,0.931377619658611,0.9314100159529128,0.9313942477140136,0.9314097135977117,0.9317004836963405,0.9316142992003805,0.9316255008139714,0.9316426046441667,0.9316587000358487,0.9316509432951819,0.931736765720234,0.9317347563081334,0.9316240754838715,0.9300905960767543,0.9300942974891032,0.9300900590193808,0.9300869807175594,0.9300924854056772,0.9300964473717237,0.9300889217413627,0.9300878360457782,0.9300859091245977,0.9300858470924894,0.9300756947819133,0.9300742496005138,0.9300402146702111,0.9359638549031958,0.9359804332721634,0.935974109729644,0.9359678993281343,0.9359826910001616,0.9359622522693424,0.9359524081272953,0.9359496640030758,0.9360753460589576,0.9360560790077821
20,0.9104929154955056,0.9087938025784125,0.9086746723977014,0.9080380190099139,0.9088089305554966,0.9141499974651964,0.9191892536837111,0.9190470423590757,0.9397412738274702,0.9399876106773735,0.9399952690796884,0.9403778830818147,0.9403278515746866,0.940587441383125,0.9407356748390138,0.9406242539767299,0.9406038009373603,0.9405573040913939,0.9398455715429863,0.9397898122941645,0.9397978065848404,0.9397813715420106,0.9379087569943686,0.937894692349233,0.9379019605431822,0.9379125850151566,0.9379475387981412,0.937949434961888,0.9379293928039957,0.9379343246281845,0.9379233418701786,0.9379263523573603,0.9379405986704967,0.9379386175360299,0.9379357121541881,0.9379406792905318,0.9379301332643659,0.9379334118055956,0.9379414090058575,0.9379258118229327,0.9379312946001637,0.9379302476559238,0.9375580494249188,0.9375810521171996,0.9376167636691471,0.9376061216636428,0.937631785277757,0.9376584798526424,0.936557061055497,0.9365542048922242,0.9365851814307997,0.9365727484467642,0.9369950357644692,0.9369934216555702,0.9369865452622074,0.9369575562165372,0.9369328309670087,0.9369269922699055,0.9369399084039269,0.9369336660821976,0.9369399520989039,0.9370443457233791,0.9370194051720145,0.937022648458694,0.937027518701631,0.937031321423714,0.937029263437584,0.9371368551487482,0.9371363384654614,0.9371021207695344,0.935778974635064,0.935792031501686,0.9357771567183166,0.93576648627194,0.9357775530022766,0.9357910189290048,0.9357659331236468,0.935762499211933,0.9357570761786194,0.9357411690821694,0.9357282128807269,0.9357237767441268,0.9356237136284,0.9435521023512683,0.9435591688985318,0.9435565214436005,0.9435538367044524,0.9435601366604752,0.9435513973894794,0.9435472639136359,0.9435461065849667,0.9436024010706214,0.9435942981829779
21,0.9105193434046379,0.9087259762066818,0.9086000280490412,0.9079033079102605,0.9087222291044617,0.9148381562165748,0.9206110071582666,0.9204481158212486,0.944440439857917,0.94472505294304,0.9447335136159959,0.945181241063483,0.9451272252948097,0.94544085227824,0.9456239828092001,0.9454852374852446,0.9454598259825152,0.9453987804951646,0.9445578197559935,0.944493823967269,0.9445031267283283,0.9444178862035421,0.9424201635858469,0.9423981511155269,0.9424090596395804,0.9424269909688756,0.9424865042314209,0.9424898056151519,0.9424753747707425,0.9424865453736547,0.942463461887652,0.9424689043459089,0.942501309491633,0.9424982860065619,0.9424908277420028,0.9425006103008373,0.942494775271472,0.9425025307854948,0.9425255466908355,0.9425631189580745,0.9425570066188874,0.9425587657621418,0.941933658411957,0.9419639780008304,0.9420119767064644,0.9419976651571396,0.9420319901439375,0.9420681469905714,0.9407947302674508,0.9407914870101287,0.9408294948909228,0.9408141606928793,0.9412993159732527,0.9412963654072911,0.9412875169437479,0.941261855129203,0.9412233454665238,0.9412140594527001,0.9412345635497593,0.9412246276045871,0.9412344995712973,0.9414177441022652,0.9413661797617743,0.9413727602788313,0.9413828256763934,0.9413917584416397,0.9413872710034503,0.9414881671816011,0.941487016499892,0.941420343542466,0.9399916576866483,0.9400025531678348,0.9399901401398889,0.9399812664770612,0.9399911588966218,0.9400023679277817,0.9399814947398528,0.9399786209292885,0.9399740538012981,0.9399601870199056,0.9399493396671447,0.9399455913056652,0.9398615447859777,0.9463036898782595,0.9463038852763503,0.9463038978874871,0.9463037645204088,0.946303952819178,0.9463036754294,0.9463037230989767,0.9463037325993263,0.9463137489760506,0.9463137154074387
22,0.9110834565440556,0.9092742836473662,0.9091391624087775,0.9082345157596526,0.9090757696443298,0.9167507227163818,0.9239202378262543,0.9237150753703337,0.955251331651984,0.9553184893358679,0.9553221474065688,0.9554361830644763,0.9553949297431859,0.9554681246868354,0.9555116892888594,0.9554799476983132,0.9554748044246587,0.9554658198804886,0.9552929096901921,0.9552767110672223,0.9552784977824945,0.9551240030382364,0.9541215751091429,0.9541236792332183,0.954123454340771,0.9541206715043876,0.9541087254631591,0.954107789249721,0.9541056181568351,0.9541004786396823,0.95410978881306,0.9541085068154164,0.9540936786887387,0.9540933130291134,0.9540976877220905,0.9540945658220241,0.9540819370738199,0.9540778564762865,0.9540618575410021,0.9539671823084026,0.9539890380891963,0.9539841301819887,0.9540526229386009,0.9540598400941871,0.954070210490009,0.9540672427916196,0.9540746893818954,0.9540817372423053,0.9532962041581242,0.9532954990383425,0.953302959128352,0.9533001288236054,0.9534060288214888,0.9534060760013596,0.9534050263434999,0.9533939432772638,0.9533927634310233,0.9533931314700415,0.9533926159448527,0.9533929253782205,0.9533928288958359,0.9533788137735747,0.9533902229242794,0.9533886388581618,0.9533861552317884,0.9533827699524772,0.9533840644598772,0.9534812989012903,0.9534816466976057,0.9534937223024408,0.9526280048750961,0.9526433986162015,0.9526258625770453,0.9526133065187848,0.9526244342188511,0.9526402206422021,0.9526108776715068,0.9526068829665931,0.9526007063567954,0.9525785928088466,0.9525668402348919,0.9525616810826412,0.9524464486839569,0.9577187102643056,0.9577099816244456,0.957713379760815,0.9577165810652583,0.9577088437918421,0.9577195638505199,0.9577248850505932,0.9577263580991293,0.9576781907953382,0.9576885542960264
23,0.9116591776154775,0.9099698820934811,0.9098354893967513,0.9087958283173487,0.9096033978655227,0.919898956774316,0.9290702685706581,0.9288080972325411,0.9714454775394918,0.9714454467632324,0.971445425855874,0.9714453966918133,0.9714453757837704,0.9714453451164198,0.9714453145855185,0.9714452990068598,0.9714452794551276,0.9714452631378536,0.9714453088856219,0.9714453064004002,0.9714452879717895,0.971445131069726,0.9714450824430261,0.9714450620704421,0.9714450425954945,0.9714450221728153,0.9714449967384724,0.9714449738528067,0.971444951853922,0.9714449275162872,0.9714449063821852,0.9714448825082153,0.9714448577013348,0.971444835081315,0.97144481212263,0.9714447932268114,0.9714447687227247,0.9714447493054817,0.9714447255941898,0.9714447313967212,0.9714447115634364,0.9714446891992917,0.9714447871998816,0.9714447666899461,0.971444746680845,0.971444727201777,0.97144470813564,0.971444691860351,0.9714446231183218,0.9714446031485824,0.9714445812893552,0.9714445608784879,0.9714445368201348,0.9714445225551633,0.9714445020754309,0.9714444810551327,0.9714444630601425,0.9714444423858234,0.9714444202584446,0.971444401552773,0.9714443823075296,0.9714443921477658,0.9714444283958468,0.9714444085173939,0.9714443879287354,0.971444376842725,0.9714443581227961,0.9714444349822924,0.9714444176930588,0.971444415520954,0.9714443256089361,0.9714443110002542,0.9714442898307345,0.9714442686503046,0.971444252382174,0.9714442366142295,0.9714442159943948,0.9714441970661492,0.9714441814438458,0.9714441747058599,0.9714441547736141,0.9714441473224383,0.9714441701256087,0.9714447537745398,0.9714447409864301,0.9714447313372625,0.9714447211349694,0.9714447081802534,0.9714446993112008,0.9714446887018269,0.9714446775611509,0.971444672480437,0.9714446636926126
24,0.910064380678516,0.9121620177088798,0.9124148880727633,0.877230998160975,0.8770621987156489,0.8765282923544518,0.8755732285506151,0.8755911987272745,0.8748104874840875,0.8748208164503177,0.8748173542703214,0.8748621362596907,0.8758871610208416,0.8760364098643936,0.8761395174292292,0.8760603742490708,0.8760468489003099,0.8760368121040953,0.8756771590007437,0.8756542628167218,0.8756573080994098,0.8757538341866159,0.8751736558266721,0.8751603888755387,0.8751671473196228,0.8751825893461133,0.8752338978068954,0.8752370825014222,0.8747430746461048,0.8747460825710136,0.8747375689075486,0.8747392211160948,0.8747481348103998,0.87474737316105,0.8747442827074193,0.8747480559121352,0.874748599771788,0.8747517719045584,0.8747634030848546,0.8748100990315801,0.8747988631943165,0.8748020383255833,0.8746568745803296,0.8746583881957386,0.8746636376629905,0.8746626882589311,0.8746649398409736,0.8746674835568683,0.8746572933696534,0.8746565160284858,0.8746591807139047,0.8746578875041254,0.8744674340053944,0.8745085099209958,0.874509937086912,0.8744803039336532,0.8745066414665958,0.8745137975249162,0.8744991828165153,0.8745067078040669,0.8744988624055776,0.8743695353723361,0.874409376381506,0.8744036357071656,0.8743948640005376,0.8743853619859911,0.8743894085384489,0.8744019409200974,0.8744032613094175,0.8744601035739467,0.8744949698877481,0.874503317899994,0.8744938804697383,0.8744872770921831,0.8744942136910335,0.8745022763997697,0.874487749086416,0.8744859584762377,0.8744888089369574,0.8741692759900531,0.8741618356598517,0.8741588995740507,0.8740987589326649,0.8740415803339732,0.8740353850689191,0.874038063005779,0.8740403882032645,0.8740353309790783,0.8740430323107453,0.874046786899566,0.8740478350574267,0.8701705766052598,0.870175995215549
25,0.9092412106519726,0.9110476213969777,0.9112579125546091,0.8870140222814581,0.8864962169283683,0.8853190165676462,0.8825525008371685,0.8825974676003994,0.8801556359956512,0.880452302573268,0.8804585129286916,0.8809400199816031,0.8820573071009231,0.8825863301883071,0.8829296610967321,0.8826671656657403,0.8826196397299205,0.8825227743955554,0.8811134314983592,0.8810248038810555,0.8810400204705109,0.8814519029779699,0.8799752250687487,0.8799130610980106,0.8799413281107895,0.8799927163642451,0.8801850199791622,0.8801974367713258,0.8794748016270968,0.8795059859119242,0.8794434931036024,0.8794564128919649,0.8795411873570881,0.8795369176169929,0.8795136920899574,0.8795387210469578,0.879557876985563,0.8795817937355375,0.8796623363868483,0.8799655849540773,0.8799001285046427,0.8799151451533277,0.878732693287903,0.8787622625767705,0.8788102294468507,0.8787953273836538,0.8788311041896499,0.8788708143693756,0.8787914925891761,0.8787874793654734,0.8788239351833512,0.878809418248424,0.8780818776557425,0.8781087665087346,0.8781032386987684,0.8780300354852477,0.8780404694386975,0.8780439527732671,0.8780376192016842,0.8780407914616778,0.8780386955833824,0.8780050490882121,0.878010661696919,0.8780092648770327,0.878007673012691,0.8780053590562859,0.8780062135221863,0.8779973196834058,0.8779975016900742,0.8780142749652814,0.8780545561581304,0.8780575549868385,0.8780542299787901,0.8780522909882933,0.8780184646297716,0.8780210351147346,0.8780164304426843,0.8780156813815081,0.8780140372669182,0.8779406798138141,0.877934273538025,0.8779330081468755,0.8779175267918224,0.8776989100311859,0.8776955333804474,0.8776966522453971,0.8776978832694753,0.8776953818949434,0.8776995468460773,0.8777019120978725,0.8777025870064706,0.8740806459990446,0.8740847572403209
26,0.9088748012578631,0.9104495365111542,0.9106320757583088,0.8921016828297159,0.8914435078014967,0.8900207981415256,0.886584626186134,0.8866404939987371,0.8836020654381818,0.8840403144919147,0.8840506595108327,0.8847360819882226,0.8857683842198055,0.8864448452936132,0.8868748644651717,0.8865462253537043,0.8864860112874831,0.886357044584785,0.8845112441418329,0.8843924527475434,0.8844129207528362,0.8849578128059242,0.8829897452952984,0.8829061030587078,0.8829437467038773,0.8830114408933191,0.8832656507323428,0.883281974119085,0.8825236215241822,0.8825679394529441,0.8824795572446142,0.8824977681939944,0.8826192462326926,0.88261313641695,0.8825802473762203,0.8826153686788938,0.8826426300658679,0.8826762193216061,0.8827889502825089,0.8832097064385417,0.8831198294239444,0.8831402852553789,0.8814560270256456,0.8815001686182761,0.8815708403049952,0.8815486603022131,0.8816017147562778,0.8816604652784876,0.8815380609934477,0.8815320898749197,0.8815862009102926,0.881564622662929,0.8805434894955749,0.8805639072578573,0.8805530261998392,0.880447354715057,0.8804460424413313,0.8804465289062521,0.8804466385259875,0.8804465288719555,0.8804479760443888,0.8804811372657736,0.8804639290782001,0.8804655344763871,0.880468667699252,0.8804712623439158,0.8804699277109808,0.880449279873916,0.8804488011100863,0.8804374188902642,0.880478870413656,0.880477942683015,0.8804790782260284,0.880480380124475,0.8804170653642447,0.8804158420478272,0.880418167228594,0.8804182749806999,0.880415875233443,0.8804671500945492,0.880461879004724,0.8804620189950786,0.8804785766862466,0.8801798267200418,0.8801787839537728,0.8801788789699866,0.8801792310661736,0.880178853929999,0.8801801240617223,0.8801811581124541,0.8801814656880462,0.8774496874084736,0.8774501120778442
27,0.9088485978016714,0.910029767040347,0.9101716766674423,0.8975155545923278,0.896813467711993,0.8953499607103927,0.89172611134638,0.8917866842866446,0.8885523435564613,0.8891042843826126,0.8891182536690819,0.8899553438996254,0.8906716202283312,0.8914181650365418,0.891880960345987,0.8915276004675635,0.8914621470138804,0.891316424552262,0.8892278364463732,0.8890891560963392,0.8891128944265474,0.8897320465683828,0.8873700980898155,0.8872731596982634,0.8873165317009639,0.8873943035681389,0.8876854688938967,0.8877040200888215,0.8870843759861623,0.8871393860612727,0.8870297175069544,0.8870522332487202,0.8872044098525438,0.8871966862472719,0.887155814143808,0.8871992624912158,0.8872322260596307,0.8872737155897428,0.8874128578381608,0.8879304636036025,0.887820259319431,0.8878452800164285,0.8857442242662732,0.8858008647012336,0.8858911327162208,0.8858627227108181,0.8859304966549688,0.8860053813721562,0.8858157020098388,0.8858079384149764,0.8858781340209073,0.885850047320323,0.8841596832976758,0.8841699718545915,0.8841514788175976,0.8839964418777858,0.8839808267640328,0.8839775193022688,0.8839856567155814,0.8839815330293989,0.8839868979196407,0.8840996641295558,0.8840558211678187,0.8840609781117683,0.8840695766111575,0.8840779243808952,0.8840740112332144,0.8840390694491259,0.8840378741743802,0.8839925288488452,0.8840301077688286,0.8840243322790989,0.8840309663252849,0.8840361759565213,0.8839792900490582,0.8839734103878882,0.8839843003655672,0.883985535314471,0.8839839718735495,0.8840975564266621,0.8840960789527222,0.8840978883493208,0.8841505082103155,0.883762869184538,0.8837646601409358,0.8837636281980376,0.8837629209089637,0.8837649301836064,0.8837626959063002,0.8837620277669019,0.8837618621744829,0.8823712949010919,0.8823700348920516
28,0.9088255562608183,0.9096588340398899,0.9097652460988199,0.9018431835097744,0.9011342919308343,0.8996936754633547,0.8960936902922108,0.896155686074727,0.8931557688681532,0.8937549842913372,0.8937704413888825,0.8946727882012155,0.8952118317097565,0.8959751662301499,0.8964407274672452,0.8960856478720692,0.8960196164563884,0.8958705280421858,0.8937145222531292,0.8935687448575017,0.8935933665508675,0.8942173222206924,0.8915717253133028,0.8914726058338194,0.8915169551142212,0.8915965868687246,0.8918939801932557,0.8919128531776996,0.8913917994650417,0.8914502158526757,0.8913335613218698,0.8913574790277434,0.8915202184588928,0.8915118827023374,0.8914683487072851,0.8915146592970967,0.8915484510606841,0.8915926201839794,0.891740919437252,0.8922939206985664,0.8921757219920255,0.8922026252335685,0.8899682598702822,0.890028279635047,0.890124076618488,0.8900939721125384,0.8901657967564338,0.8902451238386615,0.8899858251934847,0.8899773660311882,0.8900532454022989,0.8900228222363883,0.8882288340664352,0.8882347572313453,0.8882107332837609,0.8880152564345916,0.8879925002895518,0.8879871126070717,0.8879994921099362,0.8879933095407796,0.8880003049087608,0.8881464022954887,0.8880930012335888,0.8880995651773905,0.8881101717031089,0.8881207181473753,0.8881158318447415,0.8880775094559774,0.8880760906778891,0.8880161177414884,0.8880368232371342,0.8880287193914959,0.8880379768438008,0.8880449500547482,0.8880160077496737,0.8880077692210149,0.8880230161134076,0.8880248830305939,0.8880250497857645,0.8881190959331798,0.8881207287388495,0.8881233629183162,0.8881905461595649,0.8878162673729741,0.8878197498662042,0.8878181489674813,0.8878168196120232,0.8878201556503685,0.8878158418668494,0.8878140838810795,0.887813612143303,0.8871245853988984,0.8871218634356748
29,0.9079796558282285,0.9081135526456051,0.908158172992326,0.9065915952680708,0.9059930030996762,0.9049994609051707,0.901764365857876,0.9018221524256222,0.900021833387914,0.9008193953062469,0.9008386369018747,0.902047799525585,0.9025072761430343,0.9034609040011952,0.9040285538808701,0.9035955447545677,0.9035142127512881,0.9033296851895,0.9006312226240819,0.9004457841120849,0.9004760174073114,0.9011782413636733,0.8972816704773952,0.8971674262659323,0.8972186125934376,0.897311568593001,0.8976561521666749,0.8976778289610308,0.897179547425968,0.8972502404012708,0.897107889714659,0.8971368813362869,0.8973368147870819,0.8973262254501829,0.8972729391485411,0.8973295179244424,0.89736840376654,0.8974222456814672,0.8976037290611011,0.8982861719082599,0.8981392981874925,0.8981729759194209,0.8954574962571497,0.8955295789075984,0.8956457553132435,0.8956094794814763,0.8956958398265042,0.8957912565557342,0.8953438770415612,0.8953330802026389,0.8954257920118652,0.8953883561099804,0.894826287832765,0.8948367304291781,0.8948057249334084,0.8945091620989422,0.8945091506118742,0.8945091476482446,0.894509154538099,0.8945091512738504,0.8945091548495333,0.8945092229498594,0.8945091988996771,0.8945092026275784,0.8945092081054632,0.8945092133253139,0.8945092120662077,0.8945092034380107,0.8945092036146396,0.8945091752754015,0.8945091376989898,0.8945091340038248,0.8945091380629968,0.8945091410546399,0.8945091144986056,0.8945091106144833,0.8945091168691924,0.8945091174248998,0.8945091180305145,0.8945091452671016,0.8945091437537696,0.8945091449278973,0.8945091704760721,0.8945091238567037,0.894509126131823,0.8945091249603937,0.8945091238278774,0.8945091260418415,0.8945091226841508,0.8945091209615552,0.8945091203102001,0.8945090620877143,0.8945090579238987
30,0.9080167578008456,0.9076414883805218,0.9076439101395665,0.9072837184965997,0.9070691398937738,0.9070198912931248,0.9050889694506064,0.9051251111470476,0.9050754122027126,0.9059244600504678,0.9059445376665143,0.9072384457712559,0.9075451751317495,0.9085331709996239,0.9091153777572984,0.9086709308869307,0.908587040809473,0.908392624022155,0.9056069596555558,0.9054142729569089,0.9054451639212635,0.9061081832483912,0.9018052716090218,0.9016945362301595,0.9017443025856557,0.9018351074610735,0.9021693323354963,0.9021902295735418,0.9018046297419792,0.9018753081295239,0.9017329127185706,0.901761914239811,0.9019632659033113,0.9019524769515261,0.901899227302925,0.9019559273553193,0.9019920435378066,0.9020458448815293,0.9022271694746126,0.9029067811842932,0.9027602301825282,0.9027939829295836,0.9000597435015617,0.9001331148329507,0.9002517863411057,0.9002149134777817,0.9003026778001061,0.900399497721848,0.8997621400586829,0.8997512084854977,0.8998479376040146,0.8998087549099716,0.8996700600481555,0.899676714975163,0.8996435668781146,0.899407175759917,0.8993574226793728,0.8993444518952715,0.8993725235069868,0.8993587228760714,0.899372091548011,0.8996430440528531,0.8995541595872738,0.8995657734779754,0.8995836533077487,0.8996017651736831,0.899593419936505,0.8995812940301668,0.8995791203828151,0.8994693032825017,0.8991856378317746,0.8991738672099431,0.8991872199891298,0.899196766845095,0.8991573468142038,0.899146307890668,0.8991666219069954,0.8991692988774571,0.899172965076055,0.8992100482181601,0.8992038026637464,0.8992072881168772,0.8992822962509386,0.8994073303993529,0.8994178431885856,0.8994137684998053,0.8994098587634133,0.8994195044852664,0.8994065722975493,0.899400383750245,0.899398664398983,0.8995406762112279,0.8995284839068044
31,0.9086428802949319,0.9077264593813962,0.9076828139295205,0.9076736442782699,0.9078995676288567,0.9092400614750303,0.9093874827081885,0.9093809127912034,0.9128702804437684,0.9136699205114425,0.913688811025118,0.9149137193043306,0.9150394431639887,0.9159480809276063,0.9164781778605097,0.9160733850271651,0.9159967743584487,0.9158129956436306,0.9132630056556709,0.9130846301430426,0.9131128874828146,0.9136401367016445,0.9095542216223937,0.909460482107645,0.9095030079219649,0.9095806227208189,0.9098621682729495,0.90987958326273,0.9096558316172433,0.9097170512846621,0.9095941093330743,0.9096193467850916,0.9097949910199784,0.9097854605318778,0.9097398291307434,0.9097889404887114,0.9098156452516148,0.9098618268122624,0.9100165615576138,0.9105823824964732,0.9104607238656518,0.9104889709304771,0.9080626848857655,0.9081317068572977,0.9082434884728818,0.908209077581548,0.9082910296929791,0.9083809361702408,0.9074304270999984,0.9074207408525613,0.9075148344106239,0.9074766207621952,0.9078468397971768,0.9078454494266969,0.9078140484391595,0.9076589395415795,0.9075687539730956,0.9075451986458978,0.9075962060919066,0.9075712254115224,0.9075954708088548,0.9080697806165627,0.9079185304358665,0.9079383896908592,0.9079688682621752,0.9079992964952128,0.9079851974974152,0.9079791152722414,0.9079754128597254,0.9077841225583968,0.9070618891095192,0.9070430078595076,0.9070644242848994,0.9070796853957608,0.9070544154654504,0.9070360386679739,0.907069801297592,0.9070742202040166,0.9070803429257529,0.9071289558041419,0.9071197589943094,0.9071254019461763,0.907245455552456,0.9080826198504964,0.9081051130346268,0.9080964239813198,0.908088049989133,0.9081084250868282,0.908080741083089,0.9080674538868848,0.9080637624197163,0.9082983986767323,0.9082724076459125
32,0.9081395850916825,0.9067488127098513,0.906672665481584,0.9065939213416666,0.9071018151181809,0.9095436310915376,0.9109867760633358,0.9109501866431329,0.917323479878776,0.9182829928882272,0.9183041614479114,0.9197945834874243,0.9198597372204154,0.9209572854900164,0.9216020583330131,0.9211077079081899,0.9210137106358517,0.9207859723077101,0.9177673819070739,0.9175586804389277,0.9175909638450265,0.9180518990591578,0.912768791834538,0.9126703934719447,0.9127150684191753,0.9127972608168439,0.9130932397084338,0.9131113622344287,0.9129181069797222,0.912983307508018,0.9128516172979608,0.9128785559129249,0.9130673464209799,0.9130565270297558,0.91300770337012,0.9130603075626935,0.9130852135482791,0.913134480599394,0.9132996785729802,0.9139019006696228,0.9137724187546459,0.9138025936294132,0.9111818701913983,0.9112577194801788,0.9113810574318983,0.9113432324039431,0.9114331358519583,0.9115316117471178,0.9101659269353866,0.9101550718483957,0.9102597242839452,0.9102170082519317,0.9109673651031911,0.9109662457430766,0.9109334360557002,0.910800271120213,0.9106883738724982,0.9106593682879254,0.910722183082092,0.9106913691752009,0.9107211554941554,0.911323375456242,0.9111274708562402,0.9111530249938031,0.9111923155167244,0.9112318272451515,0.9112135231165147,0.911233327332413,0.9112286245587979,0.9109878008673853,0.9099321845874685,0.9099127179639002,0.909934795452744,0.9099505599103005,0.9098980574992842,0.9098796772392391,0.9099134779472758,0.9099179300723235,0.9099241599534329,0.9099793420308891,0.9099601802295396,0.909965946186769,0.9100891851812768,0.9108633052559333,0.9108862260082853,0.9108773739774816,0.9108688533770523,0.9108898945744517,0.910861697992357,0.9108481717373692,0.9108444148407561,0.9110829189455121,0.9110561896586775
33,0.9088662377308928,0.907239814133581,0.9071420881620929,0.9069135260201399,0.9075923921234025,0.9111963763090138,0.9141768182936122,0.9140986565866297,0.9252306034217191,0.9260752367003457,0.9260942696885583,0.9274100306673917,0.9273975777835711,0.9283581138380941,0.9289223479247648,0.9284896876037274,0.92840768751006,0.928204956536355,0.9255817831224046,0.925398422696875,0.9254266951253691,0.9256872995780103,0.9210741444487861,0.9209908168318277,0.9210290974816436,0.9210992523288685,0.9213470518568154,0.921361965922522,0.9212556362605727,0.9213105332573078,0.9211999906694402,0.9212228863872477,0.9213823414548501,0.9213727406285637,0.9213322557819154,0.9213765318509323,0.9213939629823376,0.9214347818491239,0.9215701659740992,0.9220405276439568,0.921940471693002,0.9219640451987006,0.9196647180011264,0.9197376891863492,0.9198561512160282,0.9198201304468714,0.9199057290326192,0.9199987842859942,0.9182652612065623,0.9182557605064416,0.9183558353728811,0.918314939370399,0.9192832291921303,0.919277293657634,0.9192484220415112,0.9191592700677079,0.9190427671046338,0.9190127118667639,0.9190779101149299,0.919046013582888,0.9190769207198881,0.9196907944644804,0.9194947937879044,0.919520347656522,0.9195595836387813,0.9195985224671601,0.9195803523912812,0.9196303092182821,0.9196256332069763,0.919382106223973,0.9178062468985988,0.9177918268986089,0.9178081763867191,0.9178198364225877,0.9178006640595369,0.9177866910434226,0.9178123505526397,0.9178157070915895,0.9178204089307216,0.9178569518276856,0.9178432412442773,0.917847532059504,0.9179384529509285,0.9197115876431495,0.9197359803889141,0.91972658594705,0.9197175077720356,0.9197396172827902,0.9197095957851555,0.9196951662045317,0.9196911592517859,0.9199077087332163,0.9198793043663069
34,0.9094096010308551,0.9075550214725212,0.9074395538382403,0.9070615974872059,0.907870475010943,0.9137770382911469,0.9193166831551509,0.9191649705128971,0.9396351168987233,0.940399872814847,0.9404181022473627,0.9416493814116446,0.9415642566937504,0.9424907503845843,0.943058934396098,0.9426206185563827,0.9425389386767333,0.9423311758964285,0.9399590665266246,0.9397981246041969,0.9398227408375928,0.9392785234667553,0.9347164799035592,0.9346382033343922,0.9346745656413633,0.9347421243586437,0.9349756204084023,0.9349892625274596,0.9349627260799618,0.9350162767207999,0.9349091734662267,0.9349314106474471,0.9350881115595908,0.9350768536552251,0.9350376513923269,0.9350809399331176,0.9350994505761997,0.9351388687982569,0.9352692973004665,0.935711216521016,0.9356164729920541,0.9356390859579947,0.9332974688611162,0.9333746212753014,0.9335006008873222,0.9334626058998745,0.9335527810099525,0.933650397380625,0.9307557881310726,0.9307475240119447,0.9308446302334619,0.930804734039004,0.9318501522986782,0.931840224143635,0.9318138482729424,0.9317712021623221,0.931640688968348,0.9316075646373654,0.9316795165326185,0.9316443323480749,0.9316783556090287,0.9323759734735123,0.9321503290168719,0.9321794146280399,0.9322241636948694,0.9322685125721089,0.932247686984366,0.9323617444088225,0.9323564263963372,0.9320796857870847,0.9292042453521139,0.9292042448644363,0.9292042511114124,0.9292042565377899,0.9292042585633455,0.9292042581097211,0.929204266515753,0.9292042701335902,0.9292042736070679,0.9292042804824281,0.9292042807616301,0.9292042828697581,0.9292042985500556,0.9292046000783711,0.9292046086511955,0.9292046133813594,0.9292046184761816,0.9292046270996691,0.9292046301132113,0.9292046350387465,0.9292046409245197,0.9292046605596698,0.9292046637972823
35,0.9101861001192098,0.9085147405385786,0.9084101042633209,0.907975894036993,0.9087264692251711,0.916880064732427,0.9245150694825633,0.924300898374089,0.9523304907214856,0.9527304689150119,0.9527453934734444,0.9533640603951955,0.9532867773550016,0.9537245523710131,0.9539946923117464,0.9537903408619178,0.9537544369249008,0.9536626372362412,0.9525977872445468,0.9525201974907473,0.9525331616291786,0.9503858505248882,0.9469362035669833,0.946872319897874,0.946902437128681,0.9469583403822741,0.9471492138331187,0.9471601466752703,0.9471638462181653,0.947208370569671,0.9471202549385467,0.9471387488350315,0.9472687804327246,0.94725763329992,0.9472254366460481,0.9472615499080911,0.9472804762325795,0.9473130464684802,0.947420418914202,0.9477769035829657,0.9476994820450279,0.9477181580866711,0.9456822158364386,0.9457508369687135,0.9458631344977751,0.9458294585314275,0.9459095210005669,0.945995936234719,0.9426358110367539,0.9426307837823257,0.9426983137302992,0.9426707029775849,0.9434349472706,0.9434265525534256,0.9434093356092083,0.9433908258954183,0.9432982352402192,0.9432754615383836,0.94332527170331,0.9433010356651041,0.9433246793633626,0.9438098034581099,0.9436557169706249,0.9436752713910098,0.9437054294507468,0.9437345325231975,0.9437205863923795,0.9438699281538152,0.9438661592709984,0.9436667054477963,0.9421239940023349,0.942114207776119,0.9421253136882636,0.9421333468240164,0.9421350906918508,0.9421248658861825,0.9421437338796416,0.9421462394876657,0.9421499492334056,0.9421650144371365,0.9421570969475141,0.9421603005613881,0.9422344976232444,0.9422090604229196,0.9422089233477814,0.9422090697167804,0.9422090826801783,0.9422090261895063,0.942209194231285,0.9422094672090113,0.9422095464950029,0.9422067692880306,0.9422069100740116
36,0.9104496811290821,0.9089159292616614,0.9088214930055744,0.9083826021958927,0.9090895980333471,0.918188700942992,0.9265778363642907,0.926342030017774,0.9561831935996808,0.9563456905520434,0.9563587735056456,0.9565498723819155,0.956487525825195,0.9565554096971615,0.9565856702927482,0.9565712451174169,0.9565716822234633,0.9565746537698732,0.9564250107083376,0.9564017443836594,0.9564072379169344,0.953229543883617,0.9503020688207341,0.9502534271648728,0.9502768321999866,0.9503192504863425,0.9504624505609883,0.9504705101120929,0.9504767647785071,0.9505095766656337,0.9504448630697235,0.9504588132701813,0.9505544170659692,0.950544662741956,0.9505214394481413,0.9505483582815653,0.9505608481171983,0.9505846411227737,0.9506618295625908,0.9509001864182048,0.9508488139937925,0.9508614578578302,0.9492526696943789,0.9493108930485412,0.9494057721693625,0.9493774445990725,0.9494449955958275,0.9495175392226963,0.9461682749246392,0.9461648744244188,0.9462122206659768,0.9461930767212572,0.9467654979695118,0.9467594175014481,0.9467485954620222,0.9467355807204945,0.9466761600218405,0.9466621053641728,0.9466931757810647,0.9466781877615449,0.9466930634953915,0.9469843096003118,0.9468975006748914,0.9469083739281823,0.9469251502173085,0.9469403813230396,0.946932804468361,0.9470926724185131,0.947090381832369,0.9469644593223889,0.9458218912727092,0.9458159771478891,0.945822690700895,0.9458275892840514,0.9458306979247617,0.9458244753912631,0.9458359285712951,0.9458374082021885,0.9458394349685494,0.945848368349815,0.9458353820926777,0.945837167605423,0.9458800818885893,0.9456735064188925,0.9456709627831622,0.9456720341296239,0.9456729414618809,0.9456707367732724,0.9456738723240974,0.9456756040433971,0.9456760928968491,0.9456591127147084,0.9456621384272913
37,0.9110570031220857,0.9097133891871193,0.9096302921580772,0.9090749232505874,0.9097343033018425,0.9208937379908618,0.930698680054195,0.930423805059448,0.9645141906020634,0.9642211183519573,0.964228556406329,0.9636237675583464,0.9635993370716699,0.9629993411222098,0.9626027301314366,0.9629244340308477,0.9629880811591843,0.9631604702663988,0.9646780296264775,0.9647618281429791,0.9647529035677356,0.9601429554479847,0.958607942712805,0.9585953906374056,0.958602363208325,0.9586125127818813,0.9586429977883015,0.9586445172624809,0.9586471459783681,0.9586522115298552,0.95864224035479,0.9586452361516898,0.9586595707880545,0.9586552238613031,0.958652804586993,0.9586575542570517,0.9586529741263797,0.9586560177273987,0.9586626824379325,0.9586410639703344,0.9586486911755444,0.958647416135187,0.9582328018399268,0.9582608400732764,0.9583052788008113,0.9582921944666197,0.9583236709696903,0.9583566590290591,0.9562294376717492,0.9562292198381824,0.9562367146580554,0.9562341935082845,0.9564311368117981,0.9564302432961614,0.9564316194690368,0.9564252057276349,0.9564324306394338,0.9564354172670975,0.9564295895868856,0.956432679959223,0.9564302654048965,0.956331050175605,0.9563761824831022,0.956370408067027,0.9563614733899184,0.956350831711294,0.9563554171070083,0.9566058216891128,0.9566065942453896,0.9566379383514558,0.956043427130387,0.9560519780404184,0.956042271636191,0.9560353886026,0.9560426876245605,0.9560514302980715,0.9560352020874926,0.956032908250892,0.9560289681273358,0.9560158547906505,0.955996695227587,0.955993479694431,0.9559230536580411,0.9556786512743409,0.9556685356806136,0.9556724278826337,0.9556761871311074,0.955667230696805,0.9556797116681636,0.955685915226664,0.95568764933972,0.955627261271857,0.9556393124487742
38,0.9111907611055985,0.910154941060839,0.9101047807010334,0.9096297826631313,0.9101861579716655,0.9229076812375514,0.9335575546158109,0.9332622135691924,0.9661323085443612,0.9654921023106954,0.9654976251470936,0.9642751486153991,0.9642657856047441,0.9631335537702872,0.9623978153674588,0.9629882788089977,0.9631031213092494,0.9634146225595516,0.9662901013482292,0.9664626138526438,0.9664422934993376,0.9594772956339165,0.9582963505411585,0.9582997639403253,0.9582995474308845,0.9582954957982021,0.9582776281555161,0.9582763361708048,0.9582783129447187,0.9582717158188894,0.9582847806316408,0.9582831851854328,0.9582636569253722,0.9582604679744606,0.9582666761039411,0.9582624326747109,0.9582506447790669,0.9582453205215302,0.9582239699289126,0.9581043886817285,0.9581330799673277,0.9581268124283198,0.9581580961650721,0.9581725677090096,0.958194511642454,0.9581882267008258,0.9582037799051281,0.9582194004521588,0.9561381859410233,0.9561389157081273,0.9561276606368883,0.9561329328720981,0.9561397060122111,0.9561412107734163,0.9561478911726684,0.9561440906881983,0.9561806379962391,0.9561912583426133,0.9561689345571466,0.9561800879540812,0.956169933963478,0.9559079903804669,0.9560083253219793,0.9559955041325788,0.9559757142171112,0.9559542096055197,0.9559638948087992,0.9561709346104729,0.9561729460861825,0.9562687155102907,0.9559115823664225,0.9559255612044822,0.9559096977073702,0.9558984197369276,0.9559073122835091,0.9559216599843774,0.9558951001078925,0.9558914193661052,0.9558853428330211,0.9558640650755836,0.9558413866759397,0.9558363845015476,0.9557258821783015,0.9554863250859574,0.9554752000789685,0.9554794364283097,0.9554835937705344,0.9554737414057648,0.9554874819224787,0.955494210973982,0.9554961082852171,0.9554309479431635,0.9554442219219189
39,0.9088017574110516,0.9111020343105725,0.9113587937946819,0.8824479030930733,0.8821865419406958,0.8812563284785693,0.8799386324921805,0.8799630371186424,0.8793510872860505,0.8792187972236066,0.8792021547163078,0.8790622214216558,0.8817085501062364,0.8818501723067661,0.8819550162889829,0.8818727712063877,0.8818588592480734,0.8818824950152394,0.8815837141096698,0.8815642647217388,0.8815650528974797,0.8816304964269784,0.8807753851373148,0.880771004655276,0.880774456917306,0.8807897564542619,0.8808300721457568,0.8808321639499407,0.8796944630754804,0.8796837981491615,0.8796977394640455,0.8796942415059522,0.8796667474491868,0.8796669736238115,0.879672290287945,0.8796670817648012,0.8796571918402519,0.8796510560320194,0.8796331284834956,0.879573517831302,0.8795845958162964,0.8795835279480868,0.8798866599625661,0.8798755917049464,0.8798650280965412,0.8798700209016149,0.8798573896119616,0.8798433812891827,0.879867870819853,0.8798681628673407,0.8798557458891211,0.8798598222404269,0.8798600284640803,0.8799460248692456,0.8799494977999456,0.8799303424050338,0.8799646172865131,0.8799733371726675,0.8799553148046482,0.8799649413277016,0.8799531913695352,0.8797753632955277,0.8798331549725071,0.8798251091483249,0.8798122730780298,0.8797987404224502,0.8798044714917441,0.8798283419877082,0.879830507852787,0.8799084704774547,0.8799482387982608,0.879959144560923,0.8799467519081503,0.879937753347871,0.8799699161125272,0.8799803771879572,0.8799616997559793,0.8799596862447993,0.8799724267135058,0.8789008374858479,0.8788897269520626,0.8788853321577924,0.8787855914504749,0.8788217426420359,0.878812388523106,0.878816794049917,0.8788203435583966,0.8788128315633454,0.8788245040846207,0.8788298788911603,0.8788313628083327,0.8686849753274626,0.868684986584194
40,0.9078916540652349,0.9099396482462293,0.9101601844133117,0.8900087679470747,0.8893004230854175,0.887659084012333,0.8844047844605176,0.8844495106868839,0.8825446295871134,0.8826546295769586,0.8826502496064975,0.8828945800071808,0.8853494880431763,0.8858179680770983,0.8861409297665778,0.8858933967288141,0.8858498891742389,0.8857886770400076,0.8846232643411094,0.8845537677336672,0.8845645602502189,0.8848679530807007,0.8832714940745899,0.8832291196537102,0.883248945287012,0.883287266132696,0.8834307532608114,0.883440041502621,0.8820258633562577,0.8820340905841221,0.8820148002602313,0.8820186616638108,0.8820398215926312,0.8820382997886778,0.8820312223476074,0.8820392484572699,0.8820430295371153,0.8820504391122068,0.8820764552611432,0.8821808694735808,0.8821569657473414,0.8821628552425901,0.8818263730587924,0.8818319729532441,0.881843402599173,0.8818403587987929,0.881847652137583,0.8818558947009373,0.8818414996219365,0.8818400102025226,0.8818474644082395,0.881844309432901,0.8818044550134626,0.8818546713334656,0.8818538069100594,0.8818165603413176,0.8818344128409558,0.8818393194037938,0.8818294702488606,0.8818345729200181,0.8818292633955287,0.8817445064950775,0.8817699131015749,0.8817661551434345,0.8817604496909425,0.8817542159996,0.8817568340215837,0.8817646212368994,0.8817655125742729,0.881803650104136,0.8818351878066955,0.8818407856097675,0.8818344534302696,0.8818300614827592,0.8818007060763855,0.8818057636144122,0.8817966511876998,0.8817955395201238,0.8817985093711771,0.8814069792951938,0.8813979712337057,0.8813955925996476,0.8813471488138193,0.8812976139475761,0.8812923963677657,0.8812945739738693,0.8812965282713371,0.8812925106116098,0.8812989886974643,0.8813021691262393,0.8813030545682203,0.8757840549789866,0.8757777580891895
41,0.9073975454905595,0.909186071211253,0.9093779952782809,0.8945896462196145,0.8936662623528103,0.8917244551976078,0.8875498174014684,0.8876075866596641,0.8849536280468248,0.8852596548538173,0.885262926708924,0.8857999960265537,0.8878999242039937,0.8885689441620516,0.8890132174642216,0.8886732869845996,0.8886122489764683,0.8885022345649678,0.8867655768758617,0.8866593590999522,0.8866768556439286,0.8871448908669547,0.8849596650579827,0.8848909165676627,0.8849221198686523,0.8849786619341995,0.885196044636191,0.8852101738595649,0.8837923270087474,0.883816738849426,0.8837663550732137,0.8837767082880488,0.8838429883390089,0.88383936614948,0.8838206137675172,0.883840866217106,0.8838556283068597,0.8838749877480917,0.8839405282044149,0.8841905822464189,0.8841362520823653,0.8841487122891328,0.8832232074732581,0.8832446012345825,0.8832795767106852,0.8832686676454516,0.8832949086741271,0.8833242252251224,0.8832773157640984,0.8832734475656289,0.8832998034242774,0.8832892989572275,0.8832060780820736,0.8832428316313975,0.8832371841257467,0.8831750609745445,0.8831794320270051,0.8831810167024355,0.8831782892612,0.8831796379460879,0.8831788607548027,0.8831699643893965,0.8831694991552517,0.8831691686534234,0.8831689638994775,0.883168401071615,0.88316853451311,0.8831655400959237,0.8831655798817462,0.883171820034516,0.8831996431289719,0.8832009301235525,0.8831995033823523,0.8831987371338788,0.8830715435599378,0.8830726378321493,0.8830706726321845,0.8830703588897071,0.883069420798242,0.8830774236715815,0.8830680373761837,0.8830675516442292,0.8830632625743164,0.88293519054154,0.8829334595372655,0.8829340299053036,0.8829346659881768,0.8829339964839608,0.8829361381300771,0.8829373619587974,0.8829377082359577,0.8795265600052526,0.8795154393751231
42,0.9070139162832676,0.9083887123018485,0.9085416254411623,0.8992686407682432,0.8982153536951996,0.8961566478055983,0.8914495596434922,0.8915182979383914,0.8883347074539085,0.8888714635702328,0.8888823018824055,0.8897483919158228,0.8913314045828744,0.8921888184395456,0.8927353795947808,0.8923175503117242,0.8922409835198336,0.8920882925524342,0.8897742491211496,0.8896267828828704,0.8896512892647521,0.8902865316967054,0.8873396337476456,0.8872432507100262,0.8872864359275916,0.8873637556287667,0.8876598308275779,0.8876788894374649,0.8864683890209082,0.886514642772989,0.8864203156146311,0.8864395723249677,0.8865677526721621,0.886560826443079,0.8865254551645841,0.886563024397912,0.8865917903261304,0.8866277793964057,0.8867493730572296,0.8872129319776824,0.8871129631198444,0.8871356614042961,0.8853874878035933,0.8854304096756485,0.8854992921977446,0.8854775098654233,0.8855296052067604,0.88558761688305,0.8854873473896268,0.885479882029247,0.8855323208291118,0.8855113604299996,0.885363485231239,0.8853959710586994,0.8853826906842825,0.88527540852043,0.8852627721400745,0.8852599883632554,0.8852666262477357,0.8852631999747863,0.8852675262165343,0.8853530550285117,0.8853209734815586,0.8853248368692377,0.8853311962369028,0.8853374220072425,0.885334524158297,0.8853201593235829,0.8853192923655049,0.8852862280725766,0.8853090559291759,0.8853049603352118,0.8853096431879228,0.8853132944751865,0.8850515789584633,0.8850484348741856,0.8850541811156557,0.8850548132015617,0.8850528640538201,0.8852341145366015,0.8852220148737477,0.8852229933756544,0.8852516905755994,0.8850503674383114,0.8850512052583367,0.885050639434738,0.8850503106816305,0.8850523627211058,0.8850513180198445,0.8850510718321076,0.8850510102424096,0.8830661213607568,0.883054100386722
43,0.9073395106679937,0.9083844109518839,0.9085094637541107,0.901511366491103,0.9005161519221647,0.8986072346541158,0.8940165355601679,0.8940889975508345,0.8907861323386604,0.8914579759326523,0.8914732616480124,0.892516914800042,0.8936341795670291,0.8945655620897526,0.8951429274773488,0.8947019104498783,0.8946201751545714,0.8944477302215149,0.8918707891410124,0.8917011960690574,0.891729416923364,0.8924458454820315,0.8891221845134466,0.889010677928339,0.8890605212434614,0.8891502027691869,0.8894889048459937,0.8895105061019215,0.8885746203883967,0.8886355733646278,0.888512138797573,0.8885372922410242,0.8887073402431177,0.8886982844036231,0.8886520277582948,0.8887010199929106,0.8887382034481741,0.8887850305676478,0.888942999058149,0.8895411049934951,0.8894126461346716,0.8894418895473474,0.887125544276833,0.8871848610737492,0.8872800969232726,0.8872501065027262,0.8873216187212531,0.8874009701576187,0.8872213884849877,0.8872118893718673,0.887284781229619,0.8872555307588839,0.8868644544064039,0.8868916306005119,0.8868718600521149,0.8867125208556828,0.8866937031596888,0.8866892989345223,0.8866994350091686,0.8866942782508763,0.8867003172299244,0.8868201808738249,0.8867765772889493,0.8867819609764833,0.8867906780201688,0.8867993449130773,0.8867953462534989,0.8867743660761132,0.8867731945193028,0.886725541247973,0.8867495109065184,0.8867433276003126,0.8867503822329342,0.8867557372414963,0.8865230942846437,0.8865180784396556,0.8865272795609143,0.88652835512396,0.8865268518160281,0.8867031927116594,0.8866930946650545,0.8866946557042839,0.8867362775978942,0.8864839857880082,0.8864857225044385,0.8864847896341291,0.8864841246185476,0.8864867435454765,0.8864845922910616,0.8864838346532454,0.8864836332482762,0.8850555141206456,0.8850463902180797
44,0.905823960250389,0.9062224974199393,0.9062930655324066,0.9042972872518399,0.9034556528725475,0.9020484215182706,0.8980078631101908,0.8980701638197716,0.8955784847058429,0.8964067608721962,0.8964242898861599,0.8977175088234692,0.8987224383120979,0.8997935250356855,0.9004465432741232,0.899947090740743,0.8998534072073502,0.8996602420281745,0.8966913007858535,0.8964943871413416,0.896525785807402,0.8972872508643843,0.8927859815776086,0.8926691650355133,0.8927211020547379,0.8928147935981733,0.8931706517894527,0.8931932495268642,0.8922923914866169,0.8923595344783993,0.8922210629432292,0.8922489607676577,0.8924379574060841,0.8924270877407492,0.8923746700981187,0.8924297212470863,0.8924741243274744,0.8925267025178251,0.8927055041512516,0.8933988681056482,0.8932483803074022,0.8932826339133424,0.8907475747059133,0.8908093984801359,0.8909092178309097,0.8908776986702965,0.8909526953096355,0.8910362095611977,0.8908772425414674,0.8908649160200737,0.8909405635065513,0.8909100526688498,0.8910134996638022,0.8910538025939498,0.8910310169659265,0.8908825746037657,0.8908408966524948,0.890830340353513,0.8908534331851259,0.8908417896861611,0.8908538579637302,0.8910951606379535,0.8910124460813752,0.8910231477093752,0.8910398995348812,0.8910570416128769,0.8910492325238033,0.8910323952429919,0.891030256012409,0.8909329558081385,0.8908974663106154,0.890885399574073,0.8908990959142311,0.8909090796265658,0.8903728729387677,0.8903654317730976,0.890379043251408,0.8903807578018097,0.8903806171845944,0.8905760324598812,0.8905593368612503,0.8905614138989877,0.890609446647366,0.890442098438937,0.890445703414361,0.8904441241654195,0.890442782125663,0.8904476263143536,0.8904431885170886,0.8904412248243534,0.8904406807437423,0.8899317089809403,0.8899210152475058
45,0.9059096391955945,0.9054687121685184,0.905473176732882,0.9050867777632268,0.9048262464288293,0.9046819457693465,0.9023489759183938,0.9023897645926574,0.9015395955939686,0.9025439433481768,0.9025650454880848,0.904120807865586,0.9046654836373993,0.9058615086507755,0.9065745275692421,0.9060284007100385,0.9059247191939985,0.9056982961874964,0.9023733188750278,0.902148647902979,0.9021834480251357,0.9029475646230516,0.897284774702631,0.8971637826568647,0.8972176044274407,0.8973161782897675,0.8976845984100068,0.8977077328052888,0.8971023692306269,0.897178179378193,0.8970225794012584,0.8970538155902984,0.8972691351427414,0.8972567238081544,0.8971978417877693,0.8972596396630792,0.8973074565995698,0.8973663236286495,0.8975666162888067,0.8983408934600933,0.8981729030865818,0.8982113702061738,0.8953408298863814,0.8954122936438229,0.895528492181634,0.8954920805752241,0.8955785052284536,0.8956745399170223,0.8953491185403153,0.895335578356245,0.895424740823147,0.895388551072208,0.8956409324810615,0.8956759851028797,0.8956473681029719,0.8954726827001065,0.8954132217795551,0.8953979598680506,0.8954310651116032,0.8954145315713279,0.8954308810177433,0.8957752738996971,0.8956570131004384,0.8956723261503848,0.8956960982880722,0.8957206388528259,0.8957094281977435,0.8956974984153897,0.8956945773504047,0.895555607454195,0.8953973940465317,0.8953821328884372,0.8953994420150967,0.8954119355053073,0.8949751043669854,0.8949647575846683,0.8949837638542265,0.8949862533293513,0.8949882668755408,0.8951358419443309,0.8951204356548357,0.8951236024077132,0.8951933586792046,0.8950723545589209,0.8950793318648569,0.8950765406917931,0.895073964964321,0.8950812753124464,0.895072734059668,0.8950687161077376,0.8950676013955188,0.8949717793693607,0.8949602402671835
46,0.9068564310206244,0.9058570132326629,0.9058157646874331,0.9057611428845657,0.905947005705831,0.9070212038467137,0.9064467108232499,0.9064569898521225,0.9082563796708739,0.9093143906588772,0.9093369574388587,0.9109764469799289,0.9112274504292818,0.9124535071981078,0.913177913848093,0.9126225033598476,0.9125167267560962,0.9122716183909698,0.9088816100907667,0.9086501875104005,0.9086858412916324,0.9093525640318811,0.9033264738906661,0.9032108720164267,0.9032626314915607,0.9033581339519028,0.9037093337302988,0.9037311620135952,0.9033559092275014,0.9034314828481069,0.9032776064174218,0.9033086379021155,0.9035258265151866,0.9035135497254458,0.9034557373198656,0.9035169547222865,0.903554830373367,0.9036129159944463,0.903809768332175,0.9045581863633135,0.9043961213501773,0.9044334825527189,0.9015156861538016,0.9015920398533149,0.901716451728676,0.9016778297208379,0.9017695007953438,0.9018708466267586,0.9011151253814881,0.9011026279886237,0.9012030909670357,0.901162153273875,0.901581947639676,0.9015973312658959,0.9015643532309334,0.9013827032944179,0.901301041179874,0.9012799772417156,0.9013255542510159,0.901303016920668,0.9013248100668666,0.9017899021194102,0.9016320535623824,0.9016524937638681,0.9016840749837133,0.901716500841861,0.9017015986091615,0.9016991691078623,0.9016953724664395,0.9015082712543773,0.9010502823088558,0.9010326985235221,0.9010526415671869,0.901066959742016,0.9008743950165121,0.9008597738789006,0.9008867001375648,0.900890278835187,0.9008948673520094,0.9009825198811888,0.90096101403843,0.9009657696304102,0.9010692951474915,0.9011142950329432,0.9011275973571029,0.9011224229699487,0.901117495261546,0.9011302095652362,0.901113877723092,0.9011060771526317,0.9011039075845619,0.9012462009948055,0.9012296844899864
47,0.9067522394919204,0.9051807288523672,0.9050967323918563,0.9050661951625272,0.9056572815790793,0.9082086627383359,0.9097201118893773,0.9096848989448878,0.9152402126146661,0.9164034695567211,0.916426853336048,0.9182626407704415,0.91831013667048,0.9196697544143444,0.9204831618181267,0.9198564381324537,0.9197368881104414,0.919447357795371,0.9158094943693953,0.9155643060549099,0.9156005953593023,0.9160133140771104,0.9085478888613601,0.9084531354056956,0.9084957638870521,0.9085748868843315,0.9088631527708699,0.9088808551823966,0.9086680994579631,0.9087318488318227,0.9086014944964916,0.9086277930810913,0.908813661508034,0.9088024539809288,0.9087536776068345,0.908805721697574,0.90882971628984,0.9088788443949595,0.9090452594086881,0.9096736124124355,0.9095371533507535,0.9095687893140317,0.9070468370682949,0.9071149080399463,0.9072262227016411,0.9071919142841516,0.9072733025787084,0.9073629545752172,0.906121588598625,0.9061102671541398,0.9062036137575668,0.9061653605001575,0.9068446084415059,0.9068523754841554,0.9068227409155836,0.906710239922438,0.9066055243064073,0.9065785322802432,0.9066369158964666,0.9066081322786972,0.9066358715222993,0.9072235789055871,0.9070256315320239,0.907051296674478,0.9070908842511357,0.907131375587889,0.9071127270409965,0.9071422649049817,0.9071375530756669,0.9069023956597274,0.9061391466444237,0.906120025761409,0.9061417099526285,0.9061572358980973,0.9060089514153452,0.9059922376859977,0.9060230059542815,0.9060270958523078,0.9060326239139129,0.9061083592784404,0.9060743685458524,0.9060797672259903,0.9061963960472723,0.90621032378591,0.906225020678456,0.9062193217568054,0.9062138786734696,0.9062280487568011,0.906210004875924,0.9062013701020948,0.9061989698393544,0.906362898636489,0.9063453915826002
48,0.9078147762110066,0.9060589806474122,0.9059600771026337,0.905953860564685,0.9066722589390364,0.9110539935873428,0.9150051201805559,0.9149019291292287,0.9274674441631363,0.9285282221288719,0.9285506564500242,0.9302583415050018,0.9301494031888127,0.9314287442165127,0.9322156147122201,0.9316070668106717,0.9314924445615013,0.9312004391934772,0.9279498987555402,0.9277328316578655,0.927764362478455,0.9273005457749002,0.9198758176642181,0.919807671131273,0.9198391786175566,0.9198971538672807,0.9201018901241566,0.920113985464062,0.9200635619146906,0.920109942212624,0.9200157357655953,0.9200352175034212,0.9201726020214636,0.9201612816304949,0.9201266739753703,0.9201649152725228,0.9201759891919409,0.9202112135235309,0.9203286265956074,0.9207399850938653,0.9206510562440047,0.9206721251379923,0.9186212659213038,0.9186855960751492,0.9187905755446131,0.9187587434345655,0.9188344033800444,0.9189166245321141,0.9158303699802074,0.9158203525316025,0.9159091204023678,0.9158725243077375,0.9167117160910039,0.916705136362249,0.9166793412869135,0.9166277608754857,0.9165071308561419,0.9164761657953578,0.9165431033321908,0.9165102417900819,0.9165418075703479,0.9171954393445158,0.9169797899696376,0.9170078290221022,0.9170509328511176,0.9170945353797224,0.9170743437846939,0.9171875592495337,0.9171824689174527,0.9169222235986562,0.915603886647087,0.9155884319087527,0.9156059553440428,0.9156184193743448,0.9155974301435358,0.9155822221561031,0.9156101799636195,0.9156138961968268,0.9156193002274671,0.915656574479639,0.9156371724051031,0.915642011891665,0.9157452891723117,0.9155049476810023,0.9155149965795482,0.9155111184488007,0.9155073935697322,0.9155174636833827,0.915505112258442,0.9154990140663937,0.9154973622630084,0.9155991641337211,0.9155877785294668
49,0.9079016644345613,0.9061920776883068,0.9060962964148761,0.9061341463828827,0.9068337116067172,0.9114421436546976,0.9156970431285295,0.9155844603641825,0.9289211914967327,0.9299401776166826,0.9299622148963852,0.9316052226613507,0.9314776578901323,0.9327082084311372,0.9334694962230288,0.9328806918778494,0.9327702075013402,0.9324857722060179,0.929400347213751,0.9291940155499452,0.9292236549772415,0.9284780451453132,0.9210038846957191,0.9209427654856877,0.920971230577697,0.9210234988998043,0.9212074851834431,0.9212182686839079,0.9211887029317176,0.921230788268892,0.9211456247370863,0.9211633362754507,0.9212881074982046,0.9212763700207132,0.9212450525160036,0.9212799233464176,0.921292050997835,0.9213240951512589,0.9214308337541027,0.9218026084520378,0.9217217153126874,0.9217409615599739,0.9198228578522877,0.9198835626135778,0.9199826650875389,0.9199526906853255,0.9200240314009325,0.9201014364247031,0.9165649971783474,0.916555293750914,0.9166365674163894,0.9166030274006989,0.9173807415821491,0.9173736805308441,0.9173502221354318,0.9173097299701046,0.917196027755151,0.9171669127876899,0.9172298737769514,0.9171989617170795,0.9172286365647618,0.9178439809606819,0.9176407179811287,0.917667138366854,0.9177077609258042,0.917748862046215,0.9177298295556897,0.9178556212885681,0.9178508134070583,0.9176049458193887,0.9163868224589921,0.9163716165050307,0.9163888587512931,0.9164011399979157,0.9163915220765629,0.9163762847752195,0.9164043243837119,0.9164080605594879,0.9164135792438137,0.9164472770164522,0.9164372499755326,0.9164421621559456,0.9165474482448208,0.91621712659456,0.9162261417259023,0.9162226641539368,0.9162193237252437,0.9162285098848139,0.9162174285924609,0.916211872020794,0.9162103960245855,0.9162973162124193,0.9162871324913269
50,0.9087097949084939,0.9069692954778482,0.9068686624296836,0.9067547950623073,0.9074870211927193,0.9130924137319684,0.9183850860813528,0.9182412472091026,0.9358238005120704,0.9366860861752774,0.9367068810008562,0.9380972258903815,0.9379779970634888,0.9390208723529119,0.9396688385271488,0.9391686331771941,0.9390757605290182,0.9388370822243843,0.9362433532966212,0.9360684429782866,0.9360944357180492,0.9349333375893886,0.9287893139334783,0.9287194347710184,0.9287521144836085,0.9288124606257545,0.9290228504919694,0.9290351014452602,0.929018503059967,0.9290672042098179,0.9289695883788177,0.9289899350382299,0.9291335036979661,0.9291203398215311,0.9290844428045593,0.9291244774483218,0.9291414950863612,0.9291781032118285,0.9292998109431084,0.9297196480234675,0.9296280487625577,0.9296499261488587,0.927423872680659,0.9274949646636916,0.9276112101781677,0.927576159198387,0.9276595916199988,0.9277499966469721,0.9236035135688032,0.9235947981884255,0.9236852122046693,0.9236479247338344,0.9245560742541356,0.924546596764789,0.9245211851490331,0.9244849616870232,0.9243567176014823,0.9243240941620658,0.9243947823775697,0.9243601448660965,0.9243934805333652,0.9250828328921427,0.9248563460344436,0.9248856796324236,0.9249308047132909,0.924976132164278,0.924955036413064,0.925117077782819,0.925111750236177,0.9248374241864767,0.9231304101964887,0.9231162633132453,0.9231323111007337,0.9231437874527985,0.9231413606044877,0.9231269387343514,0.923153537239841,0.9231570957644905,0.9231624626957907,0.9231895075351592,0.9231809699061575,0.9231856507531622,0.9232875538096909,0.9228452054459038,0.9228526670940088,0.9228498056875494,0.9228470386871518,0.9228543591953409,0.9228451938517912,0.9228407163866305,0.9228395083811287,0.9229036087944161,0.9228951124176465
51,0.9094055758028196,0.9080072436909324,0.9079299526563873,0.9078460024291973,0.9084689083815448,0.915538059347776,0.9222789780379735,0.9220909838146566,0.9429153112036939,0.9433189659237712,0.9433365437744947,0.9439259269646633,0.9438113652161967,0.9441849125847758,0.9444108618811519,0.9442439407011317,0.9442161417338107,0.9441410794437808,0.9432827399608499,0.9432107342356725,0.9432218092382576,0.9400483374967122,0.9350616383824368,0.9350197187277648,0.9350403946066874,0.9350770055028231,0.9352051508376832,0.9352123520626927,0.9352258419997831,0.9352561967524774,0.9351966747304165,0.9352096815420478,0.9352987775813559,0.9352837765321605,0.9352618217869517,0.9352879878192376,0.9353053939998653,0.9353289382524239,0.9354070118428817,0.9356713263878105,0.9356098015153008,0.935624729240015,0.9338709070764203,0.933924609365036,0.9340123378455273,0.9339861333196431,0.9340491944894577,0.9341171289522476,0.9277257537960532,0.9277218261264002,0.9277671481557059,0.9277485050273688,0.9282242560982678,0.9282184388338268,0.9282061066509508,0.928194089695886,0.9281276394733289,0.9281112174802401,0.9281469735086251,0.9281295180736081,0.928146418788306,0.9284969823497906,0.9283825895851818,0.9283972604352685,0.9284198627542061,0.9284422365662232,0.9284317055776268,0.9286019289059897,0.9285991522977898,0.9284542283596297,0.9276339645729333,0.9276232864698201,0.9276354054514326,0.9276441227307521,0.9276478000934084,0.9276366927637467,0.9276572111637752,0.9276599656975715,0.9276641592365963,0.9276818168015798,0.9276759967458721,0.9276796479834731,0.927761334630378,0.9273708344002743,0.9273756753648863,0.9273738460207875,0.9273720431212984,0.9273767025638835,0.9273707606142074,0.927367899436337,0.9273671303873258,0.9274007704967508,0.9273951637314445
52,0.9105597831785394,0.9095391566535016,0.9094942383207031,0.9092255376154106,0.9097584332010342,0.9202224759200874,0.9294748985056607,0.9292168697629988,0.9562407970587243,0.9558795626962154,0.9558907533608495,0.9551325291796467,0.9550898872802279,0.9543331764135239,0.953836449254835,0.9542403247065379,0.9543220184696528,0.9545390359424151,0.9564657669793432,0.9565668595151426,0.9565550927438338,0.9502436485756541,0.9477277462396635,0.9477192089574334,0.9477252319436311,0.9477321029263962,0.9477554666471358,0.9477563678227665,0.9477644271177481,0.9477685541810967,0.9477613666734809,0.947764242248357,0.9477763762926732,0.9477666833712919,0.9477649796243611,0.9477706330869142,0.9477668521341388,0.9477705236311723,0.9477800306286733,0.9477720617335303,0.9477697764730286,0.9477709713694463,0.9469351663279129,0.9469629592022898,0.9470073219370923,0.9469944399336403,0.9470264333996331,0.9470599659653377,0.942350840212452,0.9423480611684382,0.942348934574939,0.9423491578813238,0.9424684578671649,0.9424677982455395,0.9424699668307036,0.9424652735943436,0.9424771882563303,0.9424813124555452,0.9424733308693151,0.9424775056599481,0.942474078937086,0.9424102470555222,0.9424482096424746,0.9424425364364365,0.9424339099837895,0.9424228503373874,0.9424272231867428,0.9421232831241064,0.9421235240782899,0.9421266699810221,0.9416955847810973,0.9416978866140084,0.9416952888977536,0.9416935705941423,0.9416983874432396,0.9417006323907265,0.9416964600356633,0.9416958505766566,0.9416946055075924,0.941690795370727,0.941670247645096,0.9416693193405348,0.9416554149507246,0.9413740119224018,0.9413705837952326,0.9413719984574426,0.941373234154147,0.9413702423147402,0.9413744662380327,0.9413764519354496,0.9413770795989682,0.9413557314875287,0.941359819837406
53,0.9107068779500005,0.9100506364554318,0.9100479292617276,0.9098324405218562,0.9102441745564743,0.9220389519760436,0.9318492510729897,0.9315792827765214,0.9568427943600347,0.9561601577216167,0.956169195231492,0.9548375362315613,0.9548197073755874,0.9535771649157877,0.952771198934262,0.9534197855068649,0.9535487370679787,0.9538919857798817,0.9570064254790169,0.9571845640283237,0.9571623244957415,0.9493190848692568,0.9474849528321629,0.9475047675216034,0.9474984466859958,0.9474801653866002,0.9474198685117471,0.9474158724210748,0.9474199621753242,0.9474041324200574,0.9474369578151548,0.9474320826724087,0.9473863670578923,0.947377090105777,0.9473902114581779,0.9473813058165362,0.9473639542378659,0.9473537711316119,0.9473171009375184,0.947148862152377,0.9471776805508577,0.947171577186889,0.9467153806326201,0.9467179380601508,0.9467204430784167,0.9467203232152036,0.9467228780167822,0.9467242097151916,0.9421039104080557,0.9420957275507578,0.9420803935097981,0.9420873313171707,0.9420525371446982,0.9420536861069788,0.9420590191344926,0.9420580792513853,0.9420899168850568,0.9420974857294614,0.9420823956936495,0.94208988324922,0.9420831664453483,0.9420289140281435,0.9420711144530262,0.9420641196004195,0.9420536879310283,0.9420404831979887,0.9420455665675742,0.940662598392081,0.9406626826259818,0.9406649951149066,0.9405172833227897,0.9405181788344118,0.9405171875487358,0.9405167741643856,0.9405198118688913,0.9405205278310202,0.940519316648725,0.9405191660593262,0.9405187203600923,0.9405179968186003,0.940508199252867,0.9405081277384605,0.9405194038560402,0.940320503362052,0.9403195816426475,0.9403200499105325,0.9403203366027603,0.9403196548206165,0.9403207649617469,0.9403207624975163,0.9403209921311685,0.9403144830240603,0.9403153562821033
54,0.9112920137908523,0.9109549657373818,0.9110195433218115,0.9106958484961614,0.9109916218817284,0.929116376555013,0.9412875478536806,0.9409637392461081,0.9698329048460532,0.9686084969976293,0.9686098673075867,0.9663478597932895,0.9663794719873995,0.9643521329136282,0.9630407902521151,0.9640872356602759,0.9642877622570114,0.964835367623373,0.9699274608724817,0.9702582888207669,0.970218550181714,0.9582191163247337,0.9579735343729887,0.9579869206098097,0.9579817868571997,0.9579696515395849,0.9579289487945504,0.9579264358666382,0.9579248538912063,0.9579145727032466,0.95793552789097,0.9579319253659339,0.9579020443556066,0.9579008685447539,0.957909033351118,0.957902147389213,0.9578919192159797,0.957884787886959,0.9578598726357135,0.9577564669531855,0.9577761946140125,0.9577717875679959,0.9578588329318638,0.9578513171643143,0.9578382445274145,0.9578424448151815,0.9578334569820728,0.9578231411808116,0.9569432122756996,0.9569411154863445,0.9569292280188395,0.9569344311518008,0.9568776853485186,0.9568787845625866,0.9568824757072246,0.9568821128403203,0.9569044600448314,0.9569096537349552,0.9568990272638671,0.956904316053793,0.9568995004246712,0.9568401391795998,0.9568696849288942,0.9568650925305777,0.9568581959670838,0.9568499748324236,0.9568532832673041,0.9563274325654813,0.9563280328685236,0.9563569819271468,0.9563265728782876,0.9563311150089361,0.9563259810135809,0.9563224792539715,0.9563249205074538,0.9563294715504911,0.9563211401228641,0.9563200334389604,0.9563181781908835,0.9563116844477353,0.9563061926417752,0.9563048147358387,0.9562826175942551,0.9562398499977521,0.9562371993307347,0.9562382814816376,0.9562392368097892,0.9562369262494209,0.9562401788248812,0.9562416044968756,0.9562420770685331,0.9562261199716829,0.9562290961176458
55,0.9113830657602784,0.9110947286221537,0.9111762393310675,0.9108182200856405,0.9110925489657675,0.9310969874300845,0.9436936291188396,0.9433613798258381,0.9726841545982096,0.9713852591785878,0.9713844874558674,0.9689931058104713,0.9690301995955037,0.9668881417196017,0.9655005377179118,0.9666065620016532,0.9668164761805146,0.967393830564095,0.9727845706708905,0.9731443784214482,0.9731020118289944,0.9600025914634612,0.9600026094579935,0.9600026224667202,0.9600026275600413,0.9600026301979361,0.9600026214048685,0.9600026283966402,0.9600026357859583,0.9600026391830893,0.9600026566119951,0.9600026630961842,0.9600026559611686,0.9600026634285174,0.9600026754876114,0.9600026775676581,0.960002679903974,0.9600026818775765,0.9600026740977792,0.9600026191389261,0.9600026377023708,0.9600026406295459,0.9600027913280299,0.960002794650324,0.9600027932389663,0.9600028047888144,0.9600028056150991,0.9600028041688584,0.9600026519662915,0.9600026567311348,0.96000265333004,0.9600026625223778,0.9600025949180515,0.9600025990108405,0.9600026060641745,0.9600026103799717,0.9600026338360265,0.9600026416706475,0.9600026394518405,0.9600026470221585,0.9600026478625597,0.9600025781997539,0.9600025960715852,0.9600025966994016,0.9600025956936049,0.9600025928673298,0.9600025985127293,0.9600024881513375,0.960002490666038,0.9600025254641453,0.9600025286883707,0.9600025352218667,0.9600025326400725,0.9600025315011992,0.9600025358975135,0.9600025429139891,0.9600025362452731,0.9600025373209508,0.9600025372245072,0.9600025307593162,0.9600025287019834,0.9600025279021176,0.9600024897310686,0.960002499023011,0.9600024980398301,0.9600025005733309,0.9600025032442452,0.9600025025417255,0.9600025076368178,0.9600025110201592,0.9600025132626987,0.9600024967551423,0.9600025016236813
56,0.9068629285859094,0.9092060836911235,0.9094442299082199,0.890853188469202,0.8901543478674482,0.8884765917961686,0.8858089422454082,0.8858363126945474,0.8850304776928716,0.8848537120278754,0.8848304695168343,0.884669421959695,0.8890863675870952,0.8893617707615983,0.8895707964292175,0.8894090750787073,0.8893812458018844,0.8893714435741236,0.8887503753628077,0.8887169473655807,0.8887207126275379,0.888863688310944,0.8878381974501341,0.887826754732772,0.8878329627585879,0.8878503574861646,0.8879078512217412,0.8879114255599412,0.8863964454978894,0.8863812436601766,0.8864049084438096,0.8863997068899286,0.8863509176720719,0.8863519193148015,0.8863603842083936,0.8863514607708113,0.8863349996461062,0.886325845987723,0.8862970128721189,0.8861960335792191,0.8862161667483333,0.8862123154049592,0.8866798795287374,0.8866651144983766,0.8866457176764494,0.8866527623761781,0.8866354818286089,0.8866163226085364,0.8866577149939346,0.8866584675006438,0.8866412738080199,0.886647601206212,0.8866612033936851,0.8866795717516573,0.8866838006228303,0.8866901666205368,0.8867128557157335,0.8867185917926954,0.8867069038340878,0.8867132335862807,0.8867054723669323,0.8865864562948265,0.8866255014467713,0.8866201289126621,0.8866115606588126,0.886602574283307,0.8866064025270765,0.8866249178299537,0.8866263615924457,0.8866783774982393,0.886697067059734,0.8867043192439074,0.8866960578214187,0.8866900387397687,0.8866979231925206,0.8867051023011974,0.8866920632676091,0.886690659910303,0.8867111263684582,0.8836485700930858,0.883640801007621,0.8836383998345749,0.8835836246349982,0.883643780136865,0.8836390150582162,0.8836411905088556,0.8836430122413752,0.8836405125268163,0.8836465020533125,0.8836492602075302,0.8836500217069249,0.8816633829211852,0.8816715352471347
57,0.9060388315984921,0.9082831110177536,0.9085045338660004,0.8941550537919268,0.8932134795539938,0.891221886088623,0.8878473363427068,0.887874489085706,0.8868129390128813,0.8866805929449058,0.8866599630897095,0.8865803599413117,0.8911432160195043,0.8914916551461542,0.8917554453510561,0.891552866495405,0.891518003383181,0.8914758984655786,0.8906602290809466,0.8906172333877039,0.8906232383700151,0.8908170859931062,0.8897038871712716,0.8896847497251914,0.8896939621531916,0.8897135224363095,0.8897866217894179,0.8897915161074296,0.8883504975193377,0.8883392404792679,0.8883569856367731,0.8883533542896396,0.8883135797429491,0.8883142657724922,0.8883199272332296,0.8883136866252692,0.8882965004919525,0.8882903717039368,0.8882708041851906,0.8882025009931863,0.8882156841405802,0.8882127356462889,0.8885552325004104,0.8885435728999359,0.8885259080235449,0.888531576181196,0.8885179961788491,0.8885030097353779,0.8885446590712553,0.8885445276274628,0.8885310444724984,0.8885363024835451,0.88856804974085,0.8885146871859306,0.888518497348803,0.8885240833718138,0.8885437782059159,0.8885489768169829,0.8885384223938415,0.8885439395327114,0.8885380424529077,0.8884370772041659,0.8884694734831814,0.8884649807410596,0.8884580412549831,0.8884506683171624,0.8884538513451613,0.8884705663495468,0.8884716048268776,0.8885158929694013,0.8885317650021411,0.8885380864151438,0.8885308880116699,0.8885257534284595,0.8884635405839262,0.8884703329260619,0.8884576541520768,0.8884561345116498,0.8884775435623368,0.8849162487582324,0.8849071927437786,0.8849062351266055,0.8848869204923665,0.8849085585762448,0.8849068101279302,0.8849074683865595,0.8849081646167755,0.8849094738775487,0.8849117653173466,0.8849129049202624,0.8849132238862809,0.8842269044555946,0.8842286039857326
58,0.9065288254310316,0.9086922516083915,0.9089107537216886,0.8935059520100594,0.8925854581183075,0.890611797212308,0.8870390662716927,0.8870753652444869,0.8856227395635714,0.8855980610373974,0.8855844961589026,0.8856557490308476,0.8893792978340674,0.8898049986259027,0.8901132932210083,0.8898766033436902,0.8898354114950474,0.8897853210485527,0.8887622245775545,0.8887049884589173,0.8887134643626562,0.8889645089934709,0.887525870904748,0.8874960593173874,0.8875101088436248,0.887537895434568,0.8876443276064682,0.8876513248137067,0.885862847955012,0.8858554537600984,0.8858671398328887,0.8858646535050673,0.8858402215332996,0.8858407665405559,0.8858449022182677,0.8858405907332321,0.885832004065531,0.8858276808558191,0.8858139920187325,0.8857669308013937,0.8857760365501957,0.8857741922636971,0.8860048510519404,0.8859972524558287,0.8859866061769144,0.8859902782149491,0.8859813975336381,0.8859715768033884,0.8859938655521999,0.8859942297321595,0.8859853897798101,0.8859887475887845,0.8860059812795116,0.8860095097916482,0.8860118152747425,0.8860153170758256,0.8860273476589814,0.8860304533782108,0.8860241012565285,0.8860274677024208,0.8860236110898161,0.8859608130067768,0.8859812512768155,0.8859784321060048,0.8859739999485071,0.8859693251180578,0.8859713334169231,0.8859809037513107,0.8859816074132979,0.8860090277615527,0.8860191279393304,0.8860229709844684,0.8860185976403616,0.8860154450792397,0.8860121361232698,0.8860159441020471,0.8860089560131915,0.8860081588284104,0.8860175768222778,0.8845695375906207,0.8845645831582255,0.8845632382128849,0.8845336427368877,0.8845649316698551,0.8845623317266721,0.884563444412087,0.8845644336386298,0.8845633078019881,0.884566572201028,0.8845681168020807,0.8845685441442214,0.8834054342065866,0.8834090565234166
59,0.9063283549764476,0.9083091275212474,0.9085100146913683,0.895565787497242,0.8945169770200688,0.8923868578696666,0.8882313812269816,0.888276533227013,0.8863036734139675,0.8864210201032955,0.8864147890554385,0.8866973304408212,0.889844977582596,0.8903977170234004,0.8907837124822187,0.8904879936172074,0.8904357952014386,0.8903552283699652,0.8889781371593052,0.8888984246513173,0.8889110525932484,0.8892606665157713,0.8874205365434755,0.8873742184735417,0.8873953965948969,0.8874340207853301,0.8875864159706318,0.8875964728107463,0.8855509393250928,0.8855509422033854,0.8855509412312668,0.8855509435994782,0.8855509477785327,0.8855509492883503,0.8855509499438341,0.8855509526794428,0.8855509545309252,0.8855509573306412,0.8855509638000642,0.8855509827026192,0.8855509802647515,0.8855509834955844,0.8855509247518192,0.8855509264693444,0.8855509287201657,0.8855509293555883,0.8855509313230179,0.8855509333313459,0.8855509362330197,0.8855509368651723,0.885550938969895,0.8855509396849268,0.8855509529750062,0.8855509566922176,0.8855509578213278,0.8855509548636117,0.885550957472294,0.8855509592068546,0.8855509597673392,0.885550961374929,0.8855509621743881,0.8855509542505401,0.8855509541829522,0.8855509550558465,0.8855509558189664,0.8855509559776336,0.8855509572802662,0.8855509571581291,0.8855509582943979,0.8855509620277785,0.8855509667833364,0.8855509683255788,0.885550968969659,0.8855509698223737,0.8855509296347033,0.8855509309622254,0.8855509302953605,0.8855509307947635,0.8855509331336413,0.8855506413906369,0.8855506355830065,0.8855506342429322,0.8855506335704063,0.8855506346636997,0.8855506314151548,0.8855506293387234,0.8855506271197032,0.8855506245249586,0.8855506229190087,0.8855506207461912,0.8855506182772139,0.8855500770694131,0.8855500685389458
60,0.9045978901304694,0.9059614544781487,0.9061022219201824,0.9012057989649922,0.8999792559463509,0.8978027974264369,0.8931012020346374,0.8931519242907915,0.8907490768165136,0.8911288658434263,0.891132643040793,0.8918060792195044,0.8941364031031255,0.8948897327543034,0.8953891996284083,0.8950069770236321,0.8949376184411351,0.8948119600158431,0.8928368113271431,0.8927165721815632,0.8927359565851223,0.8932438147810645,0.8905166373934598,0.8904468569889429,0.8904778561456491,0.8905311681730493,0.8907468183200311,0.8907609952629493,0.8893387080082361,0.8893647136507734,0.8893075104974877,0.8893191113203418,0.8893919696386502,0.8893871229607753,0.8893647136546834,0.8893880402998299,0.8894035722210708,0.8894261631402735,0.8895038078111257,0.8898208939366298,0.8897500259110582,0.8897656563630999,0.8887654878359975,0.888785820204737,0.8888170900722708,0.8888066316082263,0.8888318138499249,0.8888602168482465,0.8888715500254211,0.8888647801015377,0.8888896679914037,0.8888798613355953,0.8890352564263353,0.8890354067029322,0.8890283354052722,0.8889932069243365,0.8889735334892047,0.8889686779520449,0.8889793631340379,0.8889738208688664,0.8889801570340603,0.8890945055987561,0.8890551942556479,0.8890602664054562,0.8890683660694357,0.8890765520340842,0.8890728512912772,0.8890666773675268,0.8890655458402473,0.8890198716224638,0.8890190832518519,0.88901309313043,0.8890198849294196,0.8890248973095141,0.8884787748527327,0.8884768452391968,0.8884801269588405,0.8884804615515424,0.8884835897080305,0.8881379178631665,0.8881207148058189,0.8881210111273453,0.8881311433480517,0.8880894924408241,0.8880898965091597,0.8880894902118102,0.8880893393425908,0.8880940726272852,0.888093572185083,0.8880934962545708,0.8880934751696337,0.8882401855888982,0.8882383089445309
61,0.9044662778005141,0.9053121850394581,0.905413894714637,0.9027082614756565,0.9016569223571644,0.8998632348681698,0.895482386752371,0.8955372589669613,0.8930431686431786,0.8936424115610861,0.8936529972407778,0.8946357240146329,0.8962685046940775,0.8971736816867517,0.8977477202452862,0.8973083104305801,0.8972270038437395,0.897075031983978,0.894630719984034,0.8944752252203915,0.8944998612195048,0.8951260173973764,0.89149412222815,0.8914050323526259,0.891444497846778,0.8915135611630317,0.8917865464530289,0.8918041924549537,0.8906269197096085,0.8906707064894593,0.8905768297314994,0.8905957194518316,0.8907182972722468,0.8907104613572033,0.8906743412969134,0.8907120488334058,0.8907448551899164,0.8907810069801347,0.8909048854719307,0.8914007442396618,0.8912914160272336,0.8913159586358098,0.8896616828709712,0.8896981234900682,0.8897560391604401,0.8897373149078692,0.8897820774688308,0.8898323027893819,0.8898244091818905,0.8898138039837017,0.8898580160343736,0.8898403440273691,0.8900477797695422,0.8900845295135834,0.8900714464889425,0.8900031565244626,0.8899690408224039,0.8899604733905552,0.8899792222210422,0.889969633933498,0.8899799217115179,0.8901779237115071,0.8901099310218232,0.890118728938573,0.8901325948537148,0.8901467570592382,0.8901403320051396,0.8901290042752605,0.8901271737629227,0.890047672745465,0.890038241179051,0.8900280251376894,0.890039613425935,0.8900480920150539,0.8892434752911912,0.88923911004692,0.8892469874509321,0.8892479443029456,0.8892486755425772,0.8892580911777112,0.8892377107069114,0.889238596575766,0.889261063033389,0.8891805287243879,0.8891818715116138,0.8891811432023717,0.8891806348530356,0.8891851741239456,0.8891834837077822,0.889182838824947,0.8891826569141772,0.8890514401576793,0.8890461351334944
62,0.902619726912124,0.9024326157324098,0.9024517213768475,0.9020837804512722,0.9017270464604057,0.9012771901250478,0.8989244811677366,0.8989570985352526,0.897483787726913,0.8982298607386731,0.898243174301896,0.8994364067814993,0.900300172677221,0.9012379781373955,0.9018120437614547,0.901371523211358,0.9012881316168858,0.9011310766322687,0.8985673636093106,0.8983999834991674,0.898424130986362,0.8990294436497145,0.8945078060823904,0.8944298946822252,0.8944641975809092,0.8945243661957358,0.8947616639185966,0.8947768664827236,0.8940551802355142,0.8940994541970717,0.8940035315059706,0.8940226846330381,0.8941419367216235,0.8941327559065472,0.8940951118129249,0.8941336212879454,0.894194612478349,0.8942309256003407,0.8943559521354557,0.8948605661242593,0.8947491151820881,0.8947742448496021,0.8931576335989752,0.8931932157993474,0.893250031307289,0.8932316776045349,0.8932754327642126,0.8933245361051811,0.8933847110746261,0.8933684153154035,0.8934113044969355,0.8933941022843702,0.8936768822719344,0.8937529740830514,0.8937395807850111,0.8936825964125968,0.8936400645110831,0.8936292945953718,0.8936527707053898,0.8936407326217277,0.8936531744440237,0.8939010896261351,0.8938156998327595,0.8938267437772407,0.8938440460205168,0.8938618602282722,0.8938537611865399,0.8938529708187346,0.893850766328648,0.8937521667613674,0.8937383300967414,0.8937258823644689,0.8937399909102893,0.8937502460754889,0.8922455008511682,0.8922455012618072,0.8922455045658563,0.8922455063392079,0.8922455081893632,0.8922455003422965,0.8922455124268023,0.8922455132785961,0.8922455160152377,0.8922454985329321,0.8922455003596198,0.8922455013719165,0.8922455025086291,0.8922455047692444,0.8922455055265098,0.892245506625004,0.8922455079278633,0.8922455330727121,0.8922455339081488
63,0.9039234503999044,0.9030063262605136,0.9029725940363293,0.9028800052931388,0.9030077399395235,0.9036141447169826,0.9025292695000865,0.9025497281709394,0.9023197662689676,0.9033542568304209,0.9033734247298807,0.9050023609166411,0.9054114217458943,0.9066282482841105,0.9073581456636357,0.9067968205831112,0.9066894373804797,0.9064558690252422,0.9031421839339255,0.9029218786768067,0.9029532058537216,0.9036354351873237,0.897109718798685,0.8970163566496123,0.8970576085451566,0.8971331769363574,0.8974189838804185,0.8974369905279453,0.8969142484943352,0.896974319163239,0.8968497837349931,0.8968745408023514,0.8970395406389422,0.8970283233419941,0.8969800586748428,0.897029627569697,0.8970972033448815,0.8971441412086976,0.897305265176738,0.8979452646208349,0.8978051357078857,0.8978371043188422,0.8956665817048223,0.8957170607317766,0.8957992759755372,0.8957732751057124,0.8958349500672337,0.895903895464282,0.8958810220053381,0.8958649946863775,0.8959258979355906,0.8959011898516949,0.8962535692938627,0.89632022305608,0.8963004177138927,0.8962108496882474,0.8961512375583526,0.8961360160599404,0.8961690805776487,0.8961523806106103,0.8961689660316926,0.896519527895785,0.8963978538236582,0.896413561217016,0.8964380084320388,0.8964633559176621,0.8964517966405289,0.8964504541311865,0.8964474470416557,0.8963069399065773,0.8962196610630011,0.8962035584735033,0.8962218165078518,0.896235020446864,0.895384771953742,0.895376573110395,0.895391647498304,0.8953936396619598,0.8953954461190381,0.8955382662310449,0.8955712595174212,0.8955735673899714,0.8956247169940571,0.8955264928402406,0.8955312322004064,0.8955293763351861,0.8955276742970326,0.8955313117689709,0.895525673978681,0.8955228985862506,0.895522167279337,0.8955274563743445,0.8955204538193801
64,0.9036576037248902,0.9025689690266232,0.9025209209258396,0.9025097377660322,0.9027871902736913,0.9037058622960029,0.9031695275187425,0.9031815096961283,0.9033935946304201,0.9044531568773713,0.9044720695636371,0.9061461139902164,0.9064287968268768,0.9076663936183682,0.9084104063956714,0.9078372470268078,0.9077273526829076,0.9074800913568885,0.9041429456013607,0.9039219507033265,0.9039522399398418,0.9045964932094961,0.8976850398713586,0.8976023252445117,0.8976388630319707,0.8977061872718812,0.8979595658338793,0.897975516857752,0.8975353327384271,0.8975900503567497,0.8974777078897329,0.8975000137571978,0.8976468995703163,0.897636274193499,0.8975922730281053,0.8976370043090585,0.8977139077280165,0.897756074291049,0.8979010179222782,0.8984785754710953,0.8983520061272876,0.8983808989823568,0.8964567887139265,0.8965015214424935,0.8965743846506063,0.8965513301404935,0.8966060175019908,0.8966671605482548,0.8966910338570893,0.8966745689394644,0.8967282577219134,0.8967064915977019,0.897043106839807,0.8971143412418452,0.897096800881694,0.8970221255018037,0.8969664768961617,0.8969522980656813,0.8969831519503071,0.8969675210367914,0.896983009689451,0.897311127472428,0.8971970014031951,0.8972117162471361,0.8972346320445208,0.8972583981717478,0.8972475575169537,0.8972525381962236,0.8972497331016577,0.8971187398788618,0.8970452897667484,0.8970302452289343,0.8970473035791753,0.8970596559703831,0.8962410992484401,0.8962330029119254,0.8962479095361678,0.8962498880774671,0.896252134613868,0.8963856472283609,0.8964525533179089,0.8964548099328925,0.8965048720749094,0.8964131164415657,0.8964177133181774,0.8964159454651134,0.8964143225522556,0.8964166064114863,0.8964112428107975,0.8964085210871375,0.8964078326343092,0.8964393102865795,0.8964331470419
65,0.9055733578719204,0.9041908998148632,0.9041170428873001,0.9045922449061605,0.9051315975191794,0.9076365684779771,0.9097117239766404,0.9096615787295808,0.9150414885578927,0.916228538342656,0.9162483278859063,0.91815948990688,0.9179969963779616,0.9194171801557209,0.9202958872993083,0.9196139869406251,0.9194839511266447,0.9191324360864626,0.9155689973485526,0.9153356990686751,0.9153643995879214,0.9153770213985913,0.9041839242589395,0.9041839260718643,0.9041839341671634,0.9041839447989831,0.9041839681178028,0.9041839767436572,0.9041839767431603,0.9041839889709965,0.904183987733948,0.9041839971294902,0.9041840169329193,0.9041840230490331,0.904184027033535,0.9041840370093649,0.9041840580623242,0.9041840684303182,0.904184089412927,0.9041841364953073,0.9041841341514927,0.904184145559728,0.9041839409060164,0.9041839509642151,0.9041839644943571,0.9041839666627046,0.9041839779714665,0.9041839894693233,0.904183803149358,0.9041838027147886,0.9041838102318068,0.9041838097323298,0.9041838598224808,0.9041838666431287,0.9041838674764118,0.9041838654323906,0.9041838595589154,0.9041838599148222,0.9041838671801371,0.9041838670467224,0.9041838716551404,0.9041839185086199,0.9041838971362949,0.9041839021071034,0.9041839084018553,0.9041839135271671,0.904183914745947,0.9041839139171923,0.9041839162048879,0.9041838958526299,0.9041838553366562,0.9041838549350327,0.9041838593738015,0.9041838632269557,0.9041838291996643,0.9041838286072102,0.90418383385366,0.9041838359326643,0.9041838380605364,0.9041838530328987,0.9041839010583284,0.9041839026001341,0.9041839123910174,0.904183874165077,0.9041838772729511,0.9041838785021781,0.9041838798666478,0.9041838827496694,0.9041838830571373,0.9041838840040048,0.904183885692,0.9041839001230619,0.904183900590332
66,0.9064644811996354,0.904977704837292,0.9048974016311864,0.9052553628475343,0.9058439552428951,0.9090600257948159,0.9119153947744115,0.9118431542310018,0.9197028895095305,0.920848636987489,0.9208695758928055,0.9227152035366794,0.9225523088556892,0.9239260827796304,0.9247768313273119,0.9241172219532156,0.9239921323511922,0.923658490905069,0.9202303291504952,0.9200036311791218,0.9200330060087141,0.9197090609554925,0.9098273705455031,0.9098046035342886,0.9098152434300373,0.9098348041880966,0.9099040549125579,0.909908106158258,0.9099013711835154,0.9099175649199828,0.9098849218699702,0.909891714177423,0.909939550287376,0.9099335920578374,0.9099213525318764,0.9099348795795352,0.9099455360071151,0.9099581270834969,0.9100003870815826,0.9101520722608115,0.9101186564635767,0.9101265868153429,0.9093830288567295,0.9094063848117933,0.9094445067246548,0.9094329633122096,0.9094604707439603,0.9094903323656878,0.9079139812756657,0.907907637129093,0.9079351433357166,0.907923811080648,0.9081815577302185,0.9081801785598349,0.9081720498734551,0.9081567133504012,0.9081181214239384,0.9081082731834058,0.9081296138584186,0.9081190756085846,0.9081291611766193,0.9083431971100759,0.9082720035107538,0.9082812151151644,0.9082954091742359,0.9083098351056919,0.9083031623040424,0.9083270826495026,0.9083252961861695,0.9082349892187732,0.9079122286760277,0.9079052201102586,0.907913166872998,0.9079188354014759,0.9079191098321722,0.9079120320110431,0.9079250521685198,0.9079267866292126,0.907929317921717,0.9079473221550559,0.9079704378527349,0.907972819339572,0.9080237674934036,0.9078796706078434,0.9078839771527523,0.9078823062131723,0.9078807132463731,0.9078857318371693,0.9078804310665927,0.9078774533220105,0.9078767506807306,0.9079195195903126,0.907914666026907
67,0.9074816725825544,0.9061265720390153,0.9060511254363784,0.9063670020077707,0.9069299301888009,0.9109646309270499,0.9148647000766377,0.9147604274272383,0.9255371155146715,0.9264638272548438,0.9264831149885835,0.9279672509316091,0.927780584702666,0.9288725945763442,0.929553040913435,0.929026976511633,0.9289285404978054,0.9286555422994257,0.9260254292371747,0.9258463629274613,0.9258688974207497,0.9246652108166179,0.9165522925126204,0.9165188518229054,0.9165347191280306,0.9165651909824858,0.9166720654686704,0.9166782632803183,0.9167038537258976,0.9167319958722285,0.9166787898845433,0.916689795628469,0.9167684702257184,0.9167543651417086,0.9167331231902328,0.9167559308375526,0.9168081807408831,0.9168298804672262,0.916904389664949,0.9171946681863998,0.917127721463423,0.9171434930588361,0.9158362704396436,0.9158727368407856,0.91593302255364,0.9159148217169555,0.9159583159871784,0.9160057507842507,0.9123670113308864,0.9123548474991021,0.9123810157542808,0.9123702151467107,0.9126430369317619,0.9126438138591932,0.9126359666999778,0.9126294947901872,0.9125873844364856,0.9125767712817136,0.912599886082821,0.9125883335926603,0.9125992845081057,0.9128437492851784,0.9127625898390963,0.9127729213446735,0.9127889162140679,0.9128051478817993,0.9127975881392741,0.9127484206473794,0.9127461135600703,0.9126315534023309,0.9122810541616033,0.9122708338599358,0.9122824204017104,0.9122907156265964,0.9123070736347348,0.9122964323524482,0.9123160327616354,0.9123186600182334,0.9123228106627161,0.9123458293674582,0.9124722029689298,0.9124761623780192,0.9125617804745373,0.9123120078169298,0.9123184053131318,0.9123159246190518,0.9123135637160081,0.9123208738947297,0.9123130147145931,0.9123078953131672,0.9123068557327757,0.9123579426388131,0.9123507025683394
68,0.9087867861067597,0.907601207807703,0.9075363191361976,0.90765733691203,0.9081909004092961,0.9138368294677429,0.9193397464337161,0.9191875864451148,0.9344014883799996,0.9348818406725671,0.9348988969983594,0.9356133732579336,0.9354659290835687,0.9359325491108873,0.9362183855141054,0.936003890913624,0.9359667489394534,0.9358570437720931,0.9348138552722519,0.9347284319594251,0.9347392391495601,0.9319545880730485,0.9261693160921507,0.9261425912869976,0.9261562408258778,0.9261804746687028,0.9262673254007137,0.9262721596033623,0.9262996694250695,0.9263224012000361,0.9262799368974652,0.926289307896296,0.9263532755061994,0.9263346925166137,0.9263178485588492,0.9263377491382077,0.9263799888464435,0.9263984827307613,0.9264616505792692,0.9267023130678451,0.926643401312659,0.9266574744604505,0.9251393157943656,0.925179250939031,0.9252448313474064,0.92522522115762,0.9252726269685158,0.9253238774262559,0.9187117537355897,0.9187006290434622,0.9187154629533798,0.9187093705319468,0.9188710281535375,0.9188717949118842,0.918867481600043,0.9188649655432286,0.9188411317322938,0.9188351242220105,0.9188482791393285,0.9188416816867888,0.9188479356406362,0.9189935971182922,0.9189474631236781,0.918953245925671,0.9189622119846473,0.9189711636053263,0.9189669376735939,0.9188109908553517,0.9188093985417929,0.9187305147793059,0.9185051580901353,0.9184970764243183,0.9185062399925511,0.9185127871476637,0.9185219574375614,0.9185135744657299,0.9185290108817855,0.918531083737621,0.9185343695163884,0.9185508290465074,0.9186359177505168,0.9186390268024451,0.9187062256976937,0.9185129877974665,0.9185180665723343,0.918516099865248,0.9185142227191195,0.91851984676279,0.9185135978489075,0.918509386240912,0.9185085559564508,0.9185448318189385,0.9185390296121202
69,0.9095656181656386,0.9085145474396501,0.9084624112033066,0.9084409074846954,0.9089516077091707,0.9162020076331985,0.9230649746825108,0.9228734912928815,0.9417297582033032,0.9418396964363748,0.9418548308068134,0.9419173964168209,0.9418133413004367,0.9417392127526529,0.941680469248438,0.9417384819808077,0.9417544798120167,0.9417894180853276,0.9420635444920582,0.9420577923519553,0.94205873904995,0.9378636779950511,0.9335127720506715,0.9334997570789959,0.9335078061336426,0.9335192764459581,0.933562380481674,0.9335645166333786,0.9335849383554802,0.9335957207272284,0.9335762753043633,0.9335814753202973,0.9336122876354058,0.9335948718227891,0.9335874565949961,0.9335989407382687,0.93361697094469,0.933626843646386,0.9336596416922966,0.9337707870905719,0.9337390322094756,0.9337469425160987,0.9323972441137197,0.9324303353467814,0.9324840225812498,0.9324681986683898,0.9325071746529052,0.9325487489788116,0.9236369364092935,0.9236369419064281,0.9236369532465356,0.923636960737284,0.9236369939992828,0.9236370002168804,0.9236370084454858,0.9236370169678592,0.9236370214037725,0.9236370292943636,0.9236370409161632,0.9236370478117708,0.9236370571202062,0.9236370805254845,0.9236370585406514,0.9236370681398179,0.9236370784824424,0.9236370845929115,0.9236370924033318,0.9236369071451389,0.9236369125402405,0.9236368931448459,0.9236368287331933,0.923636830325649,0.9236368382300486,0.9236368454801989,0.9236368515640025,0.9236368533106956,0.923636863014954,0.9236368685518653,0.9236368736011233,0.9236368796633279,0.923636896339982,0.9236368992527537,0.9236369112705801,0.9236368282638113,0.9236368338996951,0.9236368369941153,0.9236368403317456,0.9236368461587661,0.9236368481162013,0.9236368509982501,0.9236368548572871,0.9236368646553205,0.9236368666947165
70,0.9104683388409026,0.9100809893100318,0.9101089003720082,0.9099985220602179,0.9103017999268906,0.9212131580003678,0.9300427538193962,0.9298023374749209,0.9498455597727773,0.9491808589794957,0.9491897457983846,0.9478671216093847,0.9478510041664809,0.9466107027102133,0.9458045264865755,0.9464533163094908,0.9465830166307949,0.9469254173275432,0.9499427682891358,0.9501156344805175,0.9500932971321624,0.9433546068548113,0.9415612855271316,0.9416006879342845,0.9415861578430373,0.94155038427979,0.9414308908003516,0.9414233465161628,0.9414275991547087,0.941396937712476,0.9414591492904733,0.9414488014453316,0.9413603599306987,0.9413457567717438,0.9413698794617752,0.9413509680998546,0.941323772702393,0.9413034367079537,0.9412324328674926,0.9409425953475844,0.9409960119924142,0.940984223176721,0.9401177742734278,0.9401105467915948,0.9400963581358028,0.9401013858297999,0.9400921367696788,0.9400801835415439,0.9348650866866316,0.9348396637873725,0.93483165256849,0.93483541368217,0.9348227270377264,0.9348240944965803,0.9348263247665445,0.9348288067386505,0.9348456128834554,0.9348459544407726,0.9348464773594963,0.9348457866840023,0.9348463228062146,0.9350424815151152,0.9350211077674692,0.9350218625389211,0.9350234043613613,0.9350222491672214,0.9350215974801304,0.9314143372446271,0.9314121473920752,0.9313120581486367,0.9313158412253971,0.931302145301137,0.9313176899394133,0.9313290667941334,0.9313273215956654,0.9313130357124384,0.9313395304038639,0.9313431550018465,0.9313488383587054,0.931371976781351,0.9314032728787902,0.9314084756075568,0.9315341814743189,0.9313036562088102,0.9313122822680628,0.9313090319323426,0.9313057717774897,0.9313139537341869,0.9313032662920533,0.931296266868237,0.931294898552741,0.931345465159241,0.9313349808126875
71,0.9106297635829147,0.9105444761613873,0.9106925931702384,0.9104897876243564,0.9106571486584165,0.9288144101460264,0.939149411897136,0.9388791269830795,0.9593942436315663,0.9582941346982312,0.9582983973785741,0.9562128832608298,0.9562516657782988,0.9543684338627438,0.9531469826316944,0.954124306221012,0.9543146962696846,0.9548310668668485,0.9592637451621223,0.959555706841132,0.9595192367760585,0.9513331574637373,0.9509674679246196,0.9510313974848013,0.9510061470010719,0.9509481933807614,0.95075134250652,0.9507394608974117,0.9507315717057713,0.9506806259097612,0.9507821275752845,0.9507641931863293,0.9506179863801769,0.9506080665490881,0.9506473473384718,0.9506138935479816,0.9505576014915171,0.9505220043600449,0.9503982361762576,0.9499128733452006,0.950012527438707,0.9499900334963461,0.9490786420591204,0.9490372410622656,0.9489654957233535,0.9489880971718059,0.948937964228184,0.9488807911995415,0.945950487807164,0.9459225954918248,0.9458887747329129,0.9459035867605214,0.9457039104115762,0.9457078267442237,0.9457178871761431,0.9457195252375905,0.9457914178697251,0.9457987739145657,0.9457849384596724,0.945791152211597,0.9457851407150718,0.9459679399616472,0.945976838180927,0.945972399795391,0.9459662090089697,0.9459555379932522,0.9459585515218861,0.9398714026176668,0.9398709005384822,0.9398556928260997,0.9398789366861937,0.9398785140344643,0.9398790311509873,0.9398799334880253,0.9398818889278059,0.9398810890647799,0.9398828621966357,0.9398832016209923,0.93988361481154,0.9398866666376012,0.9398942946819242,0.9398952342241322,0.9399396190476919,0.9398353065681518,0.9398364557551001,0.9398361478265792,0.9398356331115431,0.9398369858227388,0.9398354902749798,0.9398331379526169,0.9398330479283219,0.9398396972510439,0.9398377349961846
72,0.9107903628388083,0.910653918236782,0.9108463322792464,0.9104657354697054,0.9106680685508188,0.9345848487937521,0.946194448785059,0.9458932309201699,0.9691512108500752,0.9678036530841553,0.96780466795296,0.9653243192313595,0.9653796323969698,0.96317575784776,0.9617532448810222,0.9628884578174556,0.9631063442425236,0.9637041503964221,0.9690679299184205,0.9694349303227874,0.9693903500514881,0.9595179148147186,0.9596803258327562,0.9597394529590396,0.9597153327668362,0.9596616567180161,0.9594779627209997,0.9594671500598473,0.9594572212393885,0.9594097394600567,0.959503729410524,0.9594866761755134,0.9593500406970766,0.9593448778707433,0.9593812870740832,0.9593489015298258,0.9592975396761635,0.9592636189514487,0.9591459880014285,0.9587102371625253,0.9588084286139628,0.9587860119184595,0.9586701758039641,0.9586192145024642,0.9585316931740715,0.9585588463258522,0.9584973112911881,0.9584280395863063,0.956954925556126,0.9569381830766404,0.9568880413730204,0.956909587028346,0.9565680769866387,0.95657397200146,0.9565891388136236,0.9565897587962631,0.9567002393282069,0.9567109741020928,0.956689583586383,0.956699920587939,0.9566903216918035,0.956728538219166,0.9567679466921362,0.9567600652612303,0.9567485199224776,0.9567330692228382,0.9567385812634771,0.9528844282555191,0.9528862003327363,0.9529774244788398,0.9530179922859396,0.9530325501506847,0.9530160809910656,0.9530048649966218,0.953011320302002,0.9530259215412074,0.9529992462786486,0.9529957312510711,0.9529899870120994,0.9529694529639343,0.952961748207848,0.9529574986910293,0.9528904956521984,0.9529456647016642,0.9529378299506847,0.9529410053453726,0.9529438226616082,0.9529370319537335,0.9529466138031776,0.9529503519727731,0.9529517511273123,0.9529053266991789,0.9529140239618433
73,0.9105023222625832,0.9101921022364321,0.9104718776627027,0.9097386098068279,0.910050054251116,0.9419522415861307,0.9533286658638909,0.953035395199371,0.9749846047607178,0.9735764211917047,0.9735748265085091,0.9710128198716257,0.9710766628453177,0.9688152759238463,0.9673597705032747,0.9685197393472399,0.9687394642265408,0.9693515230232946,0.9748710043754714,0.9752729154664379,0.9752256136473908,0.9659761883114413,0.966500329211852,0.9665646298618128,0.9665376750292807,0.9664789726149275,0.9662749087646301,0.9662632359111999,0.9662516788351222,0.966198127131469,0.9663027473351905,0.9662833593343344,0.9661294036721721,0.9661246772157679,0.9661653716645966,0.9661280505875715,0.9660693432311481,0.9660302798894831,0.9658947647051299,0.9654221075815239,0.9655404737266164,0.9655131904900516,0.9655764611962822,0.9655130295147822,0.9654036523576967,0.9654373165175543,0.9653598493337282,0.965272728282786,0.964493790797838,0.9644779171774838,0.9644102125810103,0.9644390631599744,0.9639299434889288,0.9639386960113608,0.9639601424119495,0.9639606110061938,0.9641232386908083,0.9641345680471011,0.964111685541453,0.9641228327669334,0.9641124817387763,0.9641161629511574,0.9641662248411009,0.9641573139269508,0.9641440966531437,0.9641272900074087,0.9641336076424856,0.9608560895819099,0.9608587608718534,0.9609920248246063,0.9610414311387541,0.961061402490339,0.9610387816789616,0.9610231024552534,0.9610311549895245,0.9610513826150099,0.9610142553716444,0.9610093016966441,0.961001285937178,0.9609719406670868,0.9609606246390858,0.9609543847877967,0.9608417316832512,0.9609738299749275,0.9609625278144591,0.9609670188240949,0.9609711308235268,0.9609612037964457,0.9609750626750502,0.9609811087526436,0.9609830738309942,0.9609163461892896,0.9609292731129301
74,0.9101581055325376,0.9095308907735394,0.9099024440699006,0.9086704631292679,0.9091678065221843,0.9528250455129017,0.963565238353764,0.9632901339043037,0.9837516994702977,0.9824083274033737,0.9824023751615459,0.979967273413561,0.9800248806524771,0.9778641065766899,0.9764707922225543,0.9775784029650125,0.9777817348136597,0.9783640545230461,0.9837685142827328,0.9841947380347302,0.9841490075952887,0.9759014965445238,0.9766823874923128,0.9767410103052477,0.9767145580985871,0.9766600358427067,0.9764666084248578,0.976456369430409,0.9764472316563131,0.97639541749226,0.9764935155609579,0.9764743318517713,0.9763261644245702,0.9763215942009141,0.9763599685557107,0.9763218599568892,0.97626535199258,0.9762266320571314,0.97609327234485,0.9757106970336799,0.975834158907827,0.9758050245620904,0.9765981972735509,0.9765350524793137,0.9764252249027877,0.9764583630735821,0.9763798221961474,0.9762919588151846,0.9762289051665151,0.9762168590345212,0.9761426546425129,0.976173673806119,0.9755407162260262,0.9755516139231261,0.9755761605924934,0.9755769342610113,0.9757871554560851,0.9757871577324818,0.9757871524950426,0.975787154870073,0.9757871523153597,0.9757871163490358,0.9757871370959103,0.9757871344560558,0.9757871304519596,0.975787126864745,0.9757871281690732,0.9757868090401677,0.9757868053260198,0.9757868504019546,0.9757868614332907,0.9757868632932111,0.9757868535198713,0.975786845207271,0.9757868437262629,0.9757868457227071,0.9757868318358018,0.9757868265715065,0.9757868211713592,0.9757868119698618,0.9757868044625325,0.9757868010659296,0.9757867659696858,0.9757868271680722,0.9757868204288334,0.975786818321416,0.9757868160809949,0.9757868095107509,0.9757868100649153,0.975786808168956,0.9757868050992123,0.9757867868730088,0.9757867872946732
75,0.9056752756206521,0.9079913553119343,0.908216702742838,0.8945185023133658,0.8936313578289844,0.891738710673344,0.8888558016357624,0.8888704211159887,0.888332945059381,0.8880633118248867,0.8880318329993125,0.8877525318465495,0.8936574984102271,0.893884315481877,0.8940720571042602,0.8939283187128213,0.893904205294146,0.8938643486089046,0.8933499613896606,0.8933261139089326,0.8933287357222812,0.8934456277154668,0.8928133204360265,0.8928060608964521,0.8928098871191441,0.8928211231343947,0.8928545225590545,0.8928569215022172,0.8919065490814485,0.8918953539549291,0.8919158707933502,0.8919118178328402,0.8918704828856135,0.8918710979606415,0.8918764755261936,0.8918696227044112,0.8918467169418882,0.8918401240600442,0.8918189218153812,0.8917445638454498,0.8917586919264543,0.8917552184655737,0.892133100343818,0.8921200688899342,0.8920985355559956,0.8921049107444142,0.8920897158347721,0.8920729373505432,0.8921176080941017,0.8921170578080633,0.8921021264823434,0.8921080739881833,0.8921333996663557,0.8919379043158938,0.8919423877406714,0.891948370121443,0.8919716673916249,0.8919778991646651,0.8919653589913485,0.8919718932605093,0.8919652557379977,0.8918474424837863,0.8918848069296061,0.8918795984091595,0.8918716743726076,0.8918631855331098,0.8918668596687124,0.8918858574307597,0.89188698222568,0.8919386053762315,0.891956426430284,0.8919638592913416,0.8919553920062496,0.8919493914369723,0.8918895862866437,0.8918979079153242,0.8918821581794388,0.8918802198281423,0.8919157800033254,0.8856316568573401,0.8856254213856771,0.8856264833180462,0.8856527072322808,0.8856174009580312,0.8856195860819933,0.8856184983407956,0.8856177531725254,0.8856216537019168,0.8856191645174017,0.885618096346149,0.8856178084110315,0.8856198411530228,0.8856168290770222
76,0.9064165804763031,0.908886013745794,0.9091331871193341,0.8914374585249644,0.8909165406524672,0.8895070614475621,0.8878160308436701,0.887830901377863,0.8878904871902379,0.8875024907132547,0.8874591329576775,0.8869888776674895,0.8938580476201297,0.8939709613807107,0.894069399164961,0.8939917464330663,0.8939783286847067,0.8939865021833688,0.8937673385792198,0.8937585916082621,0.8937579740952567,0.8938007603894736,0.8934225211511204,0.8934279039207214,0.8934265582197318,0.8934330831189903,0.8934380964171306,0.8934381725687188,0.8926594508041537,0.8926433425315543,0.8926690084752318,0.8926633803298635,0.8926053054669181,0.89260605851217,0.8926142165098335,0.8926047826263301,0.8925823769100566,0.8925726462955453,0.8925421249953106,0.8924335400064686,0.8924555032652269,0.8924512231797411,0.8929468734197318,0.8929311611193793,0.8929102025618499,0.8929176383447478,0.8928992966591048,0.8928789430580499,0.8929261286629121,0.8929261430151797,0.8929079994397402,0.8929146264838435,0.8929056749367624,0.8928131837343034,0.8928176617971006,0.8928247238118902,0.8928488638487975,0.8928550020889056,0.8928428892400357,0.8928496213712368,0.8928412624757752,0.892717975539521,0.8927577573544245,0.8927522280501278,0.8927434605859814,0.8927342267294616,0.8927381303677344,0.8927581497445146,0.8927596724052528,0.8928139053349218,0.8928325622482395,0.8928402752115073,0.8928314784988955,0.8928250905184301,0.8928094670963815,0.8928175543590215,0.8928027322967735,0.8928011553939361,0.892841727488169,0.884310442483292,0.8843104498077884,0.884310453358352,0.8843104391146192,0.8843104177964985,0.8843104262335317,0.8843104334712572,0.8843104411576835,0.8843104502039968,0.8843104576580324,0.884310465757924,0.8843104739178701,0.8843103424628508,0.8843103488863001
77,0.9039184244884402,0.9058415143563554,0.9060204535313873,0.8992540101751801,0.8980061074453033,0.8957356572750005,0.8917434261035967,0.8917581711236157,0.8905968334460923,0.8904876127389172,0.8904688457279006,0.8904427055148383,0.8950375215388736,0.8953449995698897,0.8955959184880958,0.8954060675410557,0.8953743911172858,0.8952722304335411,0.8945276942686263,0.8944914081439131,0.894496363240397,0.8946740669214069,0.893856465081307,0.8938388980431549,0.8938469888206737,0.8938637161861162,0.8939172582935911,0.8939214313206303,0.8930483200226004,0.8930466810974194,0.893056390073858,0.893055088665044,0.8930606113778563,0.8930603591893249,0.8930595529683876,0.8930578507705568,0.8930331079974553,0.8930321204017175,0.8930286221203115,0.8930222930701486,0.8930211183985565,0.8930201063596449,0.8931613470608373,0.8931541516817137,0.8931362067298979,0.8931399682587673,0.8931316595515906,0.8931226023232333,0.8931629240387416,0.8931606833374641,0.8931528369846667,0.8931566294530375,0.8932125629498302,0.8928035857025656,0.8928076061484735,0.8928089450700326,0.8928306596635465,0.8928368112094356,0.8928243198729457,0.8928304331155898,0.8928258939510977,0.8927151153441119,0.8927500556455435,0.892745207213576,0.8927382527079631,0.8927305628775607,0.8927340052617562,0.8927535149622022,0.8927541911768138,0.8928024049443932,0.8928194355557375,0.8928263728123582,0.8928184853381442,0.8928130632064553,0.8926488780317484,0.8926583516582555,0.8926399978628692,0.8926374353070267,0.8926728797825791,0.8889306790895023,0.8889137455269138,0.8889156680128717,0.8889622584318676,0.8888993876464735,0.8889036414505833,0.8889015465251855,0.8889001379677973,0.8889080438175944,0.888903329853015,0.8889013208382971,0.8889007712456262,0.8892991902573057,0.8892934321033905
78,0.9035224092356727,0.905258530412589,0.905420014393877,0.9002151083786079,0.8989419787978672,0.8966802197433009,0.8924357677235611,0.892458859676662,0.8909759457571813,0.8909886293679338,0.8909774262837318,0.8911300114602181,0.8948458889274707,0.8952593594115179,0.8955720638996184,0.8953341243471524,0.8952931103486542,0.8951893332817638,0.894166779933622,0.8941124437835343,0.8941208188808176,0.8943714501375316,0.8931586219223077,0.8931306734557178,0.8931431971650414,0.8931653236570579,0.8932506087147724,0.8932567645847742,0.8922622688889232,0.8922642516742583,0.8922611755703446,0.8922623258075733,0.8922752452854275,0.8922741475358791,0.8922695702675029,0.8922726564013296,0.8922537771886703,0.8922573601252329,0.8922697500250156,0.892329651909988,0.8923138649870533,0.8923163151882486,0.8922467177530375,0.8922441204881743,0.8922348071808829,0.8922361889715088,0.8922335252503423,0.8922308268499094,0.8922729722069618,0.8922698205889124,0.8922675102367889,0.892269006159637,0.8923529734936001,0.8920780626836133,0.892080323733305,0.8920774687823819,0.8920916106599465,0.8920957603154794,0.8920874408016478,0.8920914160846096,0.8920889241157235,0.8920187241864554,0.8920403993157762,0.8920373333756347,0.8920330920973967,0.8920282617301445,0.8920304262472373,0.8920463595763528,0.8920467038920141,0.8920780371895929,0.8920925100642243,0.8920970880397665,0.892091879337202,0.8920883701227726,0.891818219769438,0.891826242522295,0.8918106924276069,0.8918084917905285,0.8918346957198016,0.8891125520477748,0.8890941912530957,0.8890954961990156,0.8891283625162156,0.8890826571702937,0.8890855955482291,0.8890840446978094,0.8890830776343082,0.8890924665850038,0.8890892398183443,0.8890879283847131,0.8890875722538406,0.8895055558744673,0.889501326945864
79,0.9013176005439013,0.9025074169039436,0.9026147792109481,0.901026289912898,0.900013821839632,0.8982657178488642,0.8948305145261922,0.8948447497676494,0.8936140037379774,0.8936600425239307,0.893653220509107,0.8938353371997098,0.8963842356942882,0.8966967461104228,0.8969405740000824,0.8967554033920442,0.8967236730664276,0.8966089190267261,0.8958388468895125,0.8957989677625778,0.8958044348756881,0.895989734870631,0.8950902140079122,0.8950716089329486,0.8950800817383155,0.8950974384139443,0.895151617622466,0.8951557587020591,0.8945754488991737,0.8945807174586546,0.8945769695697938,0.8945783317119217,0.8946159487729205,0.8946145187635877,0.8946083027543724,0.8946118561374745,0.8945898708081332,0.894593919599233,0.8946076571569853,0.8946720668076152,0.8946553019284105,0.8946578724882488,0.8945601208031257,0.8945589527012313,0.8945506176025909,0.8945513615420981,0.8945502645410541,0.8945492506004805,0.8945875413711569,0.8945836091256367,0.8945830785238411,0.8945839662537356,0.8946528330513311,0.894241598784613,0.8942440448348602,0.8942396514055485,0.8942554874140204,0.8942600887770488,0.8942508043651741,0.8942552454582923,0.894252482816433,0.8941702494274986,0.8941964557236963,0.894192831202125,0.8941877911283254,0.8941820631939655,0.8941846569932205,0.8942032871024466,0.8942036843929455,0.8942397618667195,0.8942550851549664,0.8942601957050381,0.8942543891036022,0.8942504515166709,0.8939774214120938,0.8939868067226284,0.8939687406059208,0.8939661559498484,0.8939958494454787,0.8923679911297276,0.8923460333173794,0.8923461786556662,0.8923526451552605,0.8923395638385936,0.8923407324133622,0.892339996993176,0.8923397846798236,0.8923471076461541,0.8923463402223395,0.8923461939420858,0.8923461588954746,0.8927219785349029,0.8927210065417213
80,0.9003895490272081,0.9006874496641124,0.900729467578099,0.900421992683552,0.8999380163660377,0.8991915052876458,0.8970438883390994,0.8970631388479325,0.8959033205129163,0.8962451463549306,0.8962497952318597,0.8968304808536103,0.897885680982132,0.8983851817587937,0.8987086222280994,0.8984605786668514,0.8984146204767121,0.8983396535380938,0.8969977679791657,0.8969136364816793,0.8969257089217231,0.8972534700012896,0.8950768780326332,0.8950390272771447,0.8950555486260228,0.8950820440497155,0.8951949624433174,0.8952024231105616,0.8946809190679906,0.8946964836709056,0.8946566114783687,0.894664745873191,0.8947103666700283,0.8947058494979231,0.8946892056100263,0.8947058704474233,0.8947343414980542,0.8947499508496122,0.8948038885840657,0.8950275577032979,0.8949770634948366,0.8949880647140164,0.8943475971049919,0.8943602217497983,0.8943785184195024,0.8943720442621986,0.8943877536926669,0.8944054907001142,0.8944657629040307,0.8944543915491336,0.8944699613564547,0.8944639633935755,0.8946172167605521,0.8946242781112038,0.8946201646092768,0.8946028439475665,0.8945892953036064,0.894586053141184,0.8945933139423874,0.8945894017028883,0.894594074114,0.8946740742050134,0.8946464036201426,0.8946499313820329,0.8946556702143028,0.8946613689222545,0.8946587798034925,0.8946677873927251,0.8946669749225653,0.8946367075169896,0.8946455343404061,0.894641524112814,0.8946460576639097,0.894649445248855,0.8940143819229656,0.8940168598453395,0.8940119381234416,0.8940111931140029,0.8940192046909935,0.8935000897661882,0.8935362910227289,0.8935365435845312,0.8935428280274809,0.8935301321009111,0.8935308277669831,0.8935304044597272,0.8935302237707221,0.8935376119908636,0.8935370129162766,0.8935366708642877,0.8935366226780853,0.8937706955263914,0.8937711289979016
81,0.9007801492041679,0.9007073829063168,0.9007261864471292,0.9005065592248941,0.9002057750671433,0.8997999376040345,0.8979873094237263,0.8980083180441698,0.8968291614469185,0.8973317461014849,0.8973397794776312,0.8981591196182848,0.8989674358419714,0.8996134538991231,0.9000157095555905,0.8997069286856076,0.89964871162774,0.899550246312001,0.8977931819624784,0.8976801872490225,0.897695655072908,0.8981170776384818,0.8950533962849879,0.8950048572663121,0.895026118157292,0.8950616455312129,0.8952076523367273,0.8952171256650625,0.8946733397101342,0.8946980414689524,0.8946409100295988,0.8946524064365856,0.894715647226591,0.8947092369527968,0.894685982633719,0.8947092711065407,0.8947656369990772,0.8947871930921354,0.8948616335754959,0.8951661599308068,0.8950982672009024,0.8951133804294815,0.8942046823936,0.8942240028642852,0.8942537753954022,0.8942438356983792,0.8942677035451373,0.8942945399865769,0.8943704251878166,0.8943549321081288,0.8943783232361258,0.8943691059879854,0.8945678213755328,0.8946350595967134,0.8946281158388133,0.8946019022864417,0.894577571459999,0.894571522353855,0.8945848315375214,0.894577846296318,0.894585391821107,0.8947271090842442,0.8946784146588679,0.8946846885156629,0.8946946284836285,0.8947047447092682,0.8947001463788561,0.8947087902378628,0.8947074851992368,0.8946524464431378,0.8946597269071246,0.894652453807755,0.8946606899458731,0.8946667304470356,0.8937936349059432,0.8937943023790564,0.893792831279646,0.8937925749056461,0.8937972972944449,0.8935172965528884,0.8935809587159712,0.8935812331223995,0.8935877891889368,0.89357477499289,0.8935754721843372,0.8935751361366365,0.8935749737641572,0.8935777267412867,0.8935772011879969,0.8935768032330726,0.8935767593017854,0.893755842544525,0.893756493915525
82,0.9006360637717595,0.9000817836665874,0.9000526945236179,0.9007611125575067,0.9009758233503415,0.901246139238529,0.9010722535389186,0.9010774374642068,0.9007792855429995,0.9014788700191073,0.9014865905081861,0.9026324274869745,0.90252372970483,0.9033817172436972,0.9039235303577451,0.9035022671837905,0.9034213230292055,0.9031591646709578,0.9010354091089077,0.900907362756027,0.9009161369356938,0.9013523629934769,0.8971915573801683,0.8971649090288292,0.8971772126449071,0.8972055790265597,0.897286401652698,0.8972914933230415,0.8971165461677191,0.8971495179781834,0.8971096091109702,0.8971177239589601,0.8971494664316607,0.8971406866089395,0.8971193065691107,0.8971353531094481,0.8973688232129864,0.8973815599618267,0.897425224367966,0.8975922070050503,0.8975563756965667,0.897564538754938,0.8971037481259199,0.8971187366356849,0.8971421368410238,0.8971345600250097,0.8971525792230738,0.8971724667255704,0.8972625493710978,0.8972342773090964,0.8972499951500299,0.8972438416310619,0.8973804861158027,0.8974953258619242,0.8974909109488004,0.8974749619398671,0.8974585475588522,0.8974544886577228,0.897463568741479,0.8974584529680637,0.8974635162150992,0.8975542225572212,0.8975245501776669,0.8975283888526729,0.8975343197868576,0.8975403444788747,0.8975375743051627,0.8975800961850787,0.8975793627088611,0.8975472081832273,0.8975816382854479,0.8975765592993102,0.8975823253219823,0.8975865274751813,0.8970209886609641,0.8970184429821373,0.8970229567426764,0.8970235290458112,0.8970298018633673,0.8971233626080614,0.8974994808041588,0.8974996983687022,0.897504130154519,0.8974857545717341,0.8974871550659725,0.8974870109871647,0.8974869903538896,0.8974545034366022,0.8974547126566225,0.897453847343274,0.8974538920882179,0.8975146480961887,0.8975158618162631
83,0.9024519531694493,0.9016673934420503,0.901623872164424,0.9024729762446224,0.9027972703832708,0.9034893709343343,0.9038026580229068,0.9037968943991832,0.9044345315305943,0.9053992595658873,0.9054103930085129,0.9069845581866237,0.9067956008763864,0.9079777809221488,0.9087224841830972,0.9081428493199734,0.9080314785210807,0.9076795780946728,0.9047635306378722,0.9045845401852473,0.904598875372419,0.9050714276756668,0.8987454433425884,0.8987192868485271,0.898731438601894,0.8987602392939903,0.8988391899680334,0.8988440858192196,0.8987164648896866,0.8987496314079515,0.8987095866531848,0.8987177428689399,0.8987533128715314,0.8987443138179317,0.8987224225716315,0.898738412763537,0.8990025920898196,0.8990154283855427,0.8990591062377918,0.8992205035303942,0.8991868490156976,0.8991945896783715,0.8987539913933369,0.8987711335814694,0.8987981171627419,0.8987895054978815,0.8988098927247765,0.8988322454258407,0.8988967648128113,0.8988741012959628,0.8988896529045667,0.8988835727345156,0.8990144141522802,0.8991128344785048,0.899108693341361,0.8990929156505045,0.899077702604892,0.8990739604229844,0.8990823531421515,0.8990773992136588,0.8990820727049293,0.8991643720906397,0.8991382918765198,0.8991416694431176,0.8991469169313999,0.8991521368798359,0.8991497214011418,0.8992003345626327,0.8991996968149136,0.8991717980363946,0.899224457654932,0.8992195569809802,0.8992251140705683,0.8992291676606342,0.898736345942522,0.8987324880096687,0.8987394283771912,0.8987403247776874,0.8987454489921626,0.8988649121942812,0.8994093533457309,0.8994095553821305,0.8994136791719426,0.8993883405535213,0.8993893656810541,0.8993892538351851,0.8993892527776313,0.899367542193124,0.899367779879504,0.8993665618094442,0.8993666149894164,0.8994074155222838,0.8994083189821964
84,0.9045613265575573,0.9037095954429987,0.9036542708776079,0.9045078293570997,0.9048966117519018,0.9060657944987774,0.9072499537966323,0.907220917374016,0.9097621587867368,0.9108218510551827,0.9108334218226815,0.9125654447322231,0.9122970268798856,0.9136071482782,0.9144361395617381,0.9137900250530958,0.9136660587326176,0.9132596658763733,0.9101113191724742,0.9099166450518176,0.9099313982001513,0.9101229625668527,0.9025640037753415,0.9025425640168745,0.9025526913562337,0.9025801255205341,0.902649540426204,0.9026537420391457,0.9026494889149391,0.9026831382062516,0.9026442465868811,0.9026520106459104,0.9026950951831257,0.902685073201423,0.9026625947887059,0.9026784063662645,0.9029796191223174,0.9029935545604645,0.9030421061948424,0.9032380085465352,0.9031954636008199,0.9032053053789133,0.9027694736074018,0.9027862786943943,0.9028138302637808,0.9028052259636339,0.9028254732670415,0.9028477896322186,0.9024816721689379,0.9024741516938722,0.9024783458331931,0.9024768281009736,0.9025308085823387,0.9025892436396628,0.9025885586469878,0.9025886727295097,0.9025839425361467,0.9025829390647893,0.9025853914287153,0.9025831078396854,0.9025846960417667,0.9026144624908701,0.902606694474778,0.9026075815497301,0.9026090330808132,0.902610268104089,0.9026096259655289,0.9026121137200039,0.9026118322578531,0.9026018765999371,0.9026746520719338,0.902671756180575,0.9026750368981152,0.9026774542272754,0.9024885879092599,0.9024849693383311,0.9024914924759242,0.9024923423348695,0.9024961028391749,0.9025757262266909,0.9033761114716953,0.9033768414819695,0.9033923610364617,0.9033447738115485,0.9033460943466406,0.9033456974370118,0.9033453933097104,0.9033373648870441,0.9033364741212021,0.9033338645872144,0.9033337612471105,0.9033566815772558,0.9033562698639214
85,0.906270875499183,0.9052760220944556,0.9052124509468418,0.9058201998047617,0.906261003346658,0.908459760589504,0.9107482407920657,0.9106892604027135,0.9160607037768119,0.9170535997619542,0.9170676151638387,0.9186711783986762,0.9184264168435816,0.9196195149371693,0.9203678831928165,0.9197862099433696,0.9196754171501622,0.9193296505977586,0.9164937409747728,0.9163086464795847,0.9163258024508174,0.9158934918723206,0.9081349727717284,0.9081032329888122,0.9081178601488733,0.9081518909029656,0.9082574735776604,0.9082637405634865,0.9083009494528719,0.908337864501653,0.908281079520694,0.9082922898214589,0.9083698834810837,0.9083548750089877,0.9083277649733332,0.9083513040667461,0.9085627409642679,0.9085855232551162,0.9086655281902584,0.9090005152413799,0.9089250767776997,0.9089425709409943,0.9079601179298621,0.9079864722049817,0.9080310714412553,0.9080173699753804,0.9080497069244156,0.9080856744836215,0.9065959156063478,0.9065855339073835,0.906588427352847,0.9065873146854669,0.9066474906448793,0.9066755392847268,0.9066745188086989,0.9066804706703744,0.9066710366143009,0.9066687893151728,0.9066739341296283,0.9066705520762224,0.9066732135935782,0.9067480853609831,0.906725471873137,0.9067281018973607,0.9067322967579757,0.9067363827813019,0.906734380798454,0.9065526804334861,0.9065517166488711,0.9065092198164654,0.9065292244341352,0.9065230958610718,0.9065300391455665,0.9065350720557286,0.9064917940056164,0.9064850209907013,0.9064974345726333,0.9064990963370894,0.9065027017420074,0.9065465909576362,0.9071454541817447,0.9071484145161995,0.9072124173489394,0.907079322866278,0.9070841109393012,0.9070822769218568,0.9070805672396921,0.9070849270148434,0.9070792541035133,0.9070736698696555,0.9070729243867994,0.9071092778322897,0.9071041205577955
86,0.9077651800148845,0.9070470029508091,0.9069889808339703,0.9073207582191817,0.9076779941104252,0.9098388865630391,0.9123598337541831,0.9122948911453357,0.9176168866572416,0.9182387275813244,0.9182478288201774,0.9192264474881273,0.9190363704306101,0.9197362486836357,0.9201702076608786,0.9198349444391093,0.9197716056488248,0.919549677443706,0.9179834233385764,0.917873339642203,0.9178802288237404,0.9169298058869791,0.9122212643628119,0.9121902998419698,0.9122049286505589,0.9122388048156678,0.912342721812398,0.9123487482761696,0.9123899827511252,0.9124267780432103,0.9123713903110061,0.9123825354640098,0.9124590829102394,0.9124389042210375,0.9124117143351579,0.9124352979596331,0.9126726261629066,0.9126956337578654,0.912776363258627,0.9131155379395973,0.9130389733701463,0.9130568071151473,0.9118977704500738,0.9119298352353361,0.9119838294033705,0.9119673460925226,0.9120063521242784,0.9120494343194062,0.9099241993895854,0.909909929987044,0.9099140892667802,0.9099124850964048,0.9099759821254422,0.9099999397166622,0.9099986985908748,0.9100049364030237,0.9099944094883605,0.9099914892400349,0.9099981890855435,0.9099937208138419,0.9099971095634805,0.9101112906241716,0.9100835766676518,0.9100866561081499,0.9100915595874337,0.9100960214849767,0.9100937117637059,0.9093225722044213,0.9093212539916034,0.9092662003131587,0.9093071752865166,0.9092982333735045,0.9093083619708695,0.909315699426676,0.9092966023388876,0.9092869947562171,0.9093046495462398,0.9093070232489437,0.909311400719828,0.9093522826554985,0.9100500978966869,0.9100544342915005,0.9101489911795616,0.9099886010216606,0.9099960408875551,0.9099931910201217,0.9099904901126641,0.9100009717343592,0.9099919783477134,0.9099828463408036,0.909981664511897,0.9100299444458073,0.9100215294829804
87,0.9086987096601961,0.9080680859943567,0.9080219094590959,0.9081775647540088,0.9085079274548916,0.9116152906284678,0.9148877384604183,0.9148011651261116,0.9218010105383071,0.9221406172319573,0.9221497064922777,0.9226372821190458,0.9225003447849408,0.9228016346491992,0.9229829241801143,0.9228471301902545,0.9228234312466076,0.9227253915075779,0.9221353918057312,0.9220804262117306,0.9220829343239964,0.9204159364085502,0.9167202389329314,0.9167036367792218,0.9167122270357451,0.916730595125246,0.9167882142126941,0.9167912905461807,0.916824070797008,0.9168446145313084,0.916814186068148,0.9168207664531649,0.9168634048451763,0.9168398748619695,0.9168247339769369,0.9168392430360726,0.9169823561383706,0.9169963637734937,0.9170455497236684,0.9172531901609388,0.9172036871949897,0.91721535215146,0.9159529005966276,0.9159831392342892,0.9160334509750202,0.9160182557828543,0.9160544821715494,0.9160939713052029,0.9133114096351381,0.9132755531722477,0.9132817060069016,0.9132792946437803,0.9133521859728161,0.9133670856888678,0.9133653705316859,0.9133710320112421,0.913358788866475,0.9133547707419535,0.9133639135805585,0.913358524917161,0.9133630085250566,0.9135314540169107,0.9134953687629705,0.9134993160058525,0.9135055547422483,0.9135110579027402,0.91350813523167,0.911944758283317,0.9119428475726568,0.9118619222124654,0.9118986822570413,0.9118857425479442,0.9119003987515063,0.9119109579154407,0.9119040413257844,0.9118905058998179,0.9119154323041991,0.9119187938512656,0.9119244587707933,0.9119613452281725,0.9124194937939812,0.9124250223499979,0.9125459972617386,0.9123553529441271,0.9123648337018063,0.9123611559826106,0.9123576443590762,0.9123695344912909,0.9123578606591627,0.912346863309486,0.912345324424345,0.9124049428696376,0.9123939235880958
88,0.9095100365443863,0.9089556967822624,0.9089319608105825,0.9089649745773032,0.9092917663885265,0.9147020985820102,0.919815701429676,0.9196759381306504,0.9310274182354108,0.9310072324412355,0.9310173589435935,0.9308502275887024,0.9307623342354694,0.9305096872658143,0.9303386326241199,0.930482778083791,0.9305148193271463,0.9305819095220801,0.931276877423757,0.9312990669503497,0.9312941584911926,0.9281075244757782,0.9249835929739769,0.9249894237924635,0.9249888560606058,0.9249846773499516,0.924970624620546,0.9249692935639917,0.9249921249731763,0.924990355960966,0.9249980684190351,0.9249977718594541,0.924987134049945,0.9249629787459551,0.9249648072147753,0.9249658173482584,0.92501315540253,0.9250132017207522,0.9250133899519503,0.9250158555169169,0.9250081812960657,0.9250103468865468,0.9235436963493798,0.9235676808982437,0.9236065115248115,0.9235950878669875,0.9236231249750673,0.9236527849954047,0.919345789202484,0.9193009592590782,0.9193074216185848,0.9193049428202453,0.9193777754198957,0.9193844993197477,0.9193827256151301,0.919387770831413,0.9193769407234219,0.9193721466646672,0.9193831597946982,0.9193769660041541,0.9193823074840438,0.919620516859997,0.919575443822824,0.9195801590883763,0.9195876102041242,0.919593770708074,0.9195902980690984,0.9168170882127412,0.9168142541121369,0.9166898861287324,0.9167255618494367,0.916706396954067,0.9167281129337762,0.9167437032758007,0.9167423914970352,0.9167225933089275,0.9167591052254689,0.9167640397595425,0.9167720224857246,0.9168099652879224,0.9170354406341442,0.9170427851968509,0.9172044856870379,0.9169633568527915,0.9169759602143925,0.9169710643390895,0.9169663546361102,0.9169797106737531,0.9169640864935551,0.9169521804504538,0.9169501134186956,0.9170272847839287,0.9170124147925857
89,0.9099273470998561,0.9098010539659096,0.9099889449151627,0.9096755381911674,0.9098410164848428,0.9261913010636654,0.9329241912870045,0.9327520220971725,0.944430139502658,0.943845844170823,0.9438495120509183,0.9426045602036571,0.9426272960673961,0.9414262731800456,0.9406259892450792,0.9412695865728389,0.941393534402648,0.941740538220319,0.9439592179425913,0.944145374498456,0.9441239574284769,0.9395772279292309,0.9390692969675561,0.939104346433652,0.9390920582280667,0.9390599670737092,0.9389475203954869,0.9389406733511784,0.938940210512852,0.9389079351974072,0.9389705447166757,0.9389603418689931,0.9388706330226312,0.9388539073696338,0.9388782831629342,0.9388610845807189,0.9388085839992264,0.9387865169841234,0.9387075799971967,0.9383602676772985,0.9384280006024805,0.9384131505416279,0.9344058266411331,0.9344020148487716,0.9343927296812139,0.9343963214325196,0.9343897643496312,0.9343799917050932,0.9317229713568496,0.9316760663852384,0.9316859766057035,0.9316823792626575,0.9317755721511756,0.9317757162083546,0.9317740313593413,0.9317772624824192,0.9317746283561406,0.9317657446081082,0.9317863298517488,0.9317740170933858,0.9317838942639396,0.9323564002769968,0.9322634490085685,0.9322728719900746,0.9322876065022982,0.9322987156159308,0.9322919668783959,0.9225195529562756,0.9225164331350627,0.9223928848377381,0.9223950390136472,0.9223748948222269,0.9223977443403119,0.9224141699266636,0.9224098410238027,0.922389065578724,0.9224274620137176,0.9224326777277155,0.922440968738017,0.9224737037059385,0.9225070549008343,0.9225142016490843,0.9226743951003218,0.9224534607524674,0.9224657389642613,0.9224610289081482,0.922456459310839,0.9224679077278629,0.9224527845542732,0.9224450105577301,0.9224430087031995,0.9225159049061273,0.9225012815502706
90,0.9088858792443305,0.9080482198285973,0.9084461553774043,0.907269171747439,0.9077797029862764,0.9403889467926787,0.9458907535138931,0.9457520163585361,0.9552468996086946,0.9547838945502993,0.9547851616304901,0.9537527932889961,0.9537780510331646,0.9527536651338373,0.9520669908710403,0.9526214709425755,0.9527229954709764,0.9530348624836997,0.9542929310282589,0.9544966011645931,0.9544754843682887,0.9500989157908365,0.950047423272839,0.9500664474297651,0.9500616974750644,0.9500445235038318,0.9499805463350768,0.9499771823178311,0.9499765856604293,0.9499554738638706,0.9499957877820865,0.9499900978030958,0.9499334402772607,0.9499192542841705,0.9499343662018795,0.9499283386307954,0.9498775038167236,0.9498631931572872,0.9498101001434005,0.9495393198704101,0.9495850585048194,0.9495754907712646,0.9428865350544793,0.9428645662085122,0.9428241793341461,0.9428373879507236,0.9428085882524181,0.9427737551360453,0.9411220731679079,0.9410842427686064,0.9410764344199736,0.9410804994974121,0.9410342709971478,0.94103584133572,0.9410403793977185,0.9410422656065581,0.9410810736838802,0.9410785554447466,0.9410859208886208,0.9410798437822535,0.9410836180216225,0.9416216781550609,0.9415508710843191,0.9415566142070793,0.9415657244095588,0.9415696140325217,0.9415656283726839,0.9254224597021938,0.9254224744971679,0.9254224818597169,0.9254224971949666,0.9254225095412725,0.9254225264759659,0.9254225435027106,0.9254225582535831,0.9254225716083707,0.925422587717691,0.9254226031394327,0.9254226158767271,0.9254226211015651,0.9254226343015258,0.9254226403291327,0.9254226194215346,0.9254225788845869,0.9254225932682725,0.9254226056392871,0.9254226188127944,0.9254226335520873,0.9254226463678867,0.9254226605345209,0.9254226745598829,0.925422674725446,0.9254226874048229
91,0.9088219263440801,0.9077844580304593,0.9082639856845477,0.9067940907872569,0.9074208667411545,0.9504620028502182,0.957365840761305,0.9571882645520208,0.9694259150881285,0.9686093946920913,0.9686096253576332,0.9670431737683153,0.9670884059583262,0.9656656259818821,0.9647449145574487,0.9654831820646991,0.96562099595938,0.9660266778099909,0.9686929488013492,0.9689710827747665,0.968939182907895,0.9635453698487815,0.9639223062267744,0.9639719288233298,0.9639534151116778,0.9639086285008907,0.9637505980296978,0.9637416918125329,0.9637327607904658,0.9636891442424957,0.9637748067244674,0.9637601544186316,0.9636363829170695,0.9636254155486891,0.9636582697995304,0.9636336801221399,0.9635714345970255,0.9635401731112336,0.9634295726443354,0.9629731053031318,0.9630666465288074,0.9630457690109097,0.9588581359825691,0.9587919980882901,0.9586767691937271,0.9587128324351799,0.9586309885098832,0.9585373868219695,0.9574413611006246,0.9574108937011546,0.9573484818831833,0.957375617361296,0.956919422019433,0.956927631421223,0.9569488895681212,0.9569492304167495,0.9570958517817337,0.9571131955521708,0.9570782756446968,0.9570942896834526,0.9570784646256326,0.9572031319447005,0.9572668863908858,0.9572546591598041,0.9572363496749859,0.9572112688700838,0.9572202575014772,0.9473758502160281,0.9473791468384222,0.9475360306983913,0.9475798310429847,0.9476025748703438,0.9475767856027898,0.9475587717232482,0.9475676572449431,0.9475907885207894,0.947548161871258,0.9475424333573028,0.9475331764032929,0.947498836768255,0.9474826440662508,0.9474753192799451,0.9473440881554114,0.9475184951916125,0.9475050858748764,0.9475103856364102,0.9475152558496261,0.9475034041376482,0.9475198452697835,0.9475263293544263,0.9475286397501476,0.9474492401771761,0.9474648266379436
92,0.9085110373864088,0.907212329246134,0.9077737693582368,0.9059849572519162,0.9067394085557002,0.9608410025425368,0.9678288213359438,0.9676477282838836,0.980164911325794,0.979216956824537,0.9792154066505282,0.9774977906297688,0.977548494643607,0.9760430840553207,0.9750845572327654,0.9758502302348375,0.9759924903294883,0.9764098374969953,0.9796492575424042,0.9799588133865091,0.9799232015202971,0.9746244211922296,0.9752688095356032,0.9753329808538364,0.975307085927035,0.975248921772781,0.9750454723865515,0.9750340963081009,0.9750213139470522,0.9749671744106782,0.9750733842690535,0.9750542028338723,0.9748989222027357,0.974891727703028,0.9749325821866778,0.974897908333861,0.974833765039454,0.974794394650343,0.9746570722141369,0.974151275552254,0.9742679381926321,0.9742413164421501,0.9721604046966313,0.9720727419631542,0.9719211149364777,0.9719680496517502,0.9718602523074183,0.9717382787216421,0.9712159210704651,0.9711952195443819,0.971101439691034,0.9711416182980009,0.9704322389236008,0.9704445755723914,0.9704754683612626,0.9704748928942216,0.9706854404581927,0.9707133462470562,0.9706553424820623,0.9706833411571953,0.9706567088947873,0.9705030557552983,0.9706630853234941,0.9706393956414463,0.9706033798063435,0.9705613214291317,0.9705786681515388,0.9649693985443057,0.9649745702072752,0.9652288961588334,0.965293693623582,0.965328651824092,0.9652889890992795,0.9652611272602463,0.9652746889447561,0.9653103674099008,0.9652445816100471,0.9652357027845659,0.9652214329356229,0.9651684948032295,0.9651454341968376,0.9651339910272742,0.9649152811997206,0.9652046110408758,0.9651839173495126,0.9651919861177097,0.9651995640363583,0.9651812448720091,0.9652066458981576,0.9652174436325422,0.9652209679109083,0.9650990439597327,0.9651232445178819
93,0.9076334481738476,0.9058903120757119,0.9065768554046076,0.9043147145523647,0.9052659785693807,0.9794703007073137,0.9845513365063402,0.9844200899887188,0.993637089631252,0.9929147584988613,0.9929104836191958,0.9916388788945485,0.9916715856318897,0.9905645492579724,0.9898636066423596,0.9904202868486417,0.9905189488934791,0.9908186356093638,0.9935471637770997,0.9938139516053781,0.9937875039893759,0.9901455973517141,0.9907248994795259,0.9907691504437908,0.9907493507293346,0.990708245443525,0.9905628710950316,0.9905553565421849,0.9905474945279746,0.9905085689767313,0.9905823757623459,0.9905680227067707,0.9904568398622081,0.9904524406107023,0.9904810674874356,0.9904534860801574,0.9904104665659363,0.9903815412397878,0.9902820247173449,0.9900249864663764,0.9901147891346741,0.9900935985704329,0.9900996461980128,0.9900376551670472,0.9899297830930499,0.9899625428942433,0.989885256691032,0.98979845399206,0.9897921195189769,0.9897821319340625,0.9897101759393433,0.9897403979985308,0.9891442797749089,0.9891546924624584,0.9891790379495563,0.9891787048419298,0.9893472502085036,0.9893676060395233,0.9893234300552382,0.9893446338723085,0.9893240405293935,0.9890614573584419,0.98923967874398,0.9892185712600727,0.9891857679250463,0.9891536443308996,0.9891693225123351,0.9874393860317469,0.9874442373213337,0.9877471688864149,0.9878112728066787,0.9878412830689652,0.9878071930385587,0.9877826943622567,0.9877948058716483,0.9878258619696679,0.9877684775200014,0.9877606254883547,0.9877482216191659,0.987702620627323,0.9876826509394185,0.9876723042156018,0.9874294615033898,0.9877272632053886,0.9877093063885966,0.9877159322108452,0.987722740807152,0.9877067878458605,0.9877289168087642,0.9877383244107688,0.9877412472124021,0.9876376169747697,0.9876590954463165
94,0.906463112593148,0.9087927750750775,0.9090328425438794,0.892769438087305,0.8925198645670066,0.8915614339318227,0.8909600739479158,0.890974706735075,0.8916268918249931,0.8911367586939514,0.8910742314397269,0.8904336673889943,0.9005946744385624,0.9005946612687399,0.9005946502173674,0.9005946464036502,0.900594640559415,0.9005946342229244,0.9005946555294191,0.9005946547267062,0.9005946485698316,0.9005946376459488,0.9005946460212004,0.9005946444212718,0.9005946395475556,0.9005946385640061,0.9005946292675685,0.9005946240418387,0.9005945994256843,0.9005945928474601,0.9005945908222449,0.9005945845303052,0.9005946068978306,0.900594602341226,0.9005945984151122,0.9005945933090286,0.9005945859435339,0.9005945804747144,0.9005945708848466,0.9005945538368391,0.9005945530502865,0.9005945473643159,0.9005946282876671,0.9005946230974479,0.900594617944416,0.9005946153995651,0.9005946099647382,0.9005946046590118,0.9005946075602117,0.9005946041121999,0.9005945984912529,0.9005945958053181,0.9005945853437756,0.9005945052380633,0.9005945006678424,0.9005944963534206,0.9005944933046518,0.9005944887930076,0.9005944838921569,0.9005944799404167,0.9005944746092555,0.9005944721650475,0.9005944823109946,0.9005944773710601,0.9005944720428213,0.900594468718051,0.9005944645917237,0.9005944717292255,0.9005944677469979,0.9005944695783517,0.9005944670202599,0.9005944638291685,0.9005944589082991,0.9005944540000841,0.9005944511745345,0.9005944477334734,0.9005944430297993,0.9005944388506522,0.9005944494359247,0.9005940178483914,0.9005940077009307,0.9005940040423127,0.9005940144753879,0.9005940412212153,0.900594032453299,0.900594025474794,0.9005940178660357,0.9005940093396773,0.9005940023039781,0.9005939942867038,0.9005939860980815,0.9005939637654378,0.9005939565809079
95,0.9060004965167973,0.9082090399442722,0.9084338512238128,0.894728657070785,0.8942491395036726,0.8929955201287721,0.8917686372052535,0.8917714014256124,0.8921701611909945,0.8917228996711248,0.8916655584331201,0.8910951486279505,0.9003994876121933,0.9003651698732494,0.9003650180965461,0.9003674314016816,0.9003692146640436,0.9003189761115218,0.9003654962252693,0.9003699932397444,0.9003669461058413,0.9003519625990661,0.9003917419409665,0.9003959575946378,0.9003953074674562,0.9004075643122689,0.9003981260951376,0.9003977907929288,0.9003631915292782,0.9003668185737648,0.9003743094904427,0.9003731915505818,0.9004876655799046,0.9004877557575774,0.900487340917114,0.9004854386346687,0.9004795709871377,0.9004779326999904,0.900471583674639,0.9004429321901496,0.9004488433553788,0.900446890679824,0.9005401116351027,0.9005381704564358,0.9005300906438415,0.9005312341825712,0.9005287598594182,0.9005259270473025,0.9005299945769673,0.9005289597799814,0.9005266088814395,0.900527960873609,0.9005256361002881,0.9001041468599147,0.9001044582991846,0.9001047641248636,0.9001057837037765,0.9001061807493529,0.9001061056257899,0.9001063880859684,0.9001067210088101,0.9001013154765954,0.90010300557482,0.900102762826536,0.9001026206342198,0.9001022674693367,0.9001024427838853,0.9001029017682098,0.9001027937791809,0.9001050717460466,0.9001055817581843,0.9001058925393973,0.9001055284818493,0.9001053346034856,0.9001020192534734,0.900102504681241,0.900101106895545,0.9001008527372195,0.9001154937655521,0.8997425798196935,0.8997376850337837,0.899736510293664,0.8997134393321731,0.8997403105723232,0.8997385914451667,0.8997390894295277,0.8997397926971664,0.8997384498225963,0.8997407993189515,0.899742026331516,0.8997423666694959,0.8998286022386008,0.8998303048309947
96,0.9050010606729464,0.9069763214558599,0.907172947028547,0.8977735758120184,0.8969100140335788,0.8951738921323101,0.8928792365043581,0.8928661322112535,0.8927930251289743,0.8924292054573474,0.8923817827463199,0.8919472366678138,0.8997144970009503,0.8996477420691186,0.8996588321029184,0.8996560606283849,0.8996589848292555,0.8995156733533519,0.8996141649341867,0.8996253409315187,0.8996181026904689,0.899583152870311,0.8996696007922631,0.8996781903643954,0.8996767266654716,0.8997016964954411,0.8996785595692904,0.8996778241879382,0.8995659441847842,0.8995763098321837,0.8995954151022836,0.8995925933480537,0.8998178203689149,0.8998178888037577,0.899816036335056,0.8998112497039226,0.8997957069397245,0.8997916404759678,0.8997758802809988,0.8997062502688538,0.8997203293348796,0.8997154263367471,0.8999560005801295,0.8999505595424899,0.8999282771716197,0.8999314426620423,0.8999245938130186,0.8999168175318627,0.899928768650301,0.8999258419380312,0.89991937211974,0.8999230648039448,0.8999167590785283,0.8987767314758676,0.8987784586487777,0.8987793399854784,0.8987872690600456,0.8987897451024109,0.8987857684576258,0.8987880091482228,0.8987875839038315,0.8987473451172654,0.8987597703854042,0.8987580427994859,0.8987559821781873,0.8987533579403004,0.8987545919657591,0.8987598231812831,0.8987597451801522,0.898776857419059,0.8987812989936583,0.8987837773145989,0.8987809543768832,0.8987791223370917,0.8987687974483534,0.8987718312779118,0.8987650329642811,0.8987639433472995,0.8987994311794023,0.8977405697224625,0.8977276363632521,0.8977251083180975,0.897677467210032,0.8977325761106487,0.8977291058758187,0.8977300587057584,0.8977315638754584,0.8977271245786729,0.8977320822430168,0.8977347374307935,0.897735483292357,0.8979441434688683,0.8979477175431555
97,0.9031776402354823,0.9047166479152204,0.9048667487701331,0.9005147134129232,0.8993919602368438,0.8973371306825557,0.8941833470159931,0.8941644612270727,0.8935480226086246,0.8933062475731386,0.8932722043560701,0.8930254873600483,0.8985600636357733,0.8985028997088788,0.8985412098175479,0.8985196702730476,0.8985205424747212,0.8982595707418024,0.8983690425130121,0.8983855092267861,0.8983744744138749,0.8983320840936637,0.8984526523169357,0.8984640872748654,0.8984620618965299,0.8984962656512353,0.8984636993559736,0.8984627356367761,0.8982638068037753,0.8982857679241636,0.8983130366283144,0.89830902412448,0.898559947317799,0.8985593124142242,0.8985538570346083,0.898546945817577,0.8985223486106398,0.8985163879056897,0.8984936751403506,0.8983966894879897,0.898415788761465,0.8984089387934984,0.8987704919851864,0.89876157891322,0.8987273512426107,0.8987324101413635,0.8987213396787804,0.8987088518764345,0.8987302220386009,0.8987243200761482,0.8987139655967238,0.8987197175472692,0.8987086268507868,0.8968034003978133,0.8968079630601022,0.8968093741413881,0.8968329175036991,0.8968397287646283,0.8968267350576268,0.8968333803072243,0.8968293711598436,0.8967077469904362,0.8967461138447941,0.8967408555101624,0.8967336898310144,0.8967254949857633,0.8967292495864233,0.8967469341253909,0.8967473742586064,0.8967991562443836,0.8968127617676758,0.8968202028669492,0.8968117662084509,0.8968060231184354,0.8967846583529012,0.8967932758072186,0.8967759987489652,0.896773430695659,0.8968456517792434,0.8953001616347893,0.8952772492507717,0.8952746106331563,0.8952273415393701,0.8952807311817947,0.8952780479462981,0.8952788378081015,0.895280390924377,0.8952669752886673,0.8952718834602723,0.8952746313011358,0.8952754057139514,0.8955766389608337,0.8955801611652225
98,0.9018914473158509,0.9031580616870023,0.9032792281058042,0.9009171951049542,0.8998505422392248,0.8978924227199057,0.8947103840726996,0.8946982972580256,0.8938815157971189,0.8937156310876843,0.893690586965637,0.8935528251025509,0.8977134911341847,0.897707045348562,0.8977738253825198,0.8977295484871117,0.8977259601976313,0.8974562467525101,0.8974872364802522,0.8975002290612243,0.897490386012906,0.8974691658982719,0.8975384550152321,0.8975475438312228,0.8975461350427081,0.8975768119143287,0.897550383899443,0.8975497965714356,0.8972965725649419,0.8973203190046848,0.897345734689115,0.8973420095570114,0.8975240113412077,0.8975229221409099,0.8975165847339076,0.8975101688626141,0.8974838521771097,0.8974782920526604,0.8974573790473986,0.8973712443847154,0.8973876270263229,0.8973815505786256,0.8977308007983811,0.8977214160704025,0.8976881800877649,0.8976934321257063,0.8976819077096143,0.8976689801125088,0.8976942872051504,0.8976874840131344,0.8976768153136376,0.8976825995374618,0.8976747247943351,0.8958972850644594,0.8959032948807983,0.8959047352634092,0.8959367191357976,0.8959457588960766,0.8959278717862378,0.895936875322362,0.8959304785278238,0.8957619791217263,0.8958160637027314,0.8958087097479985,0.8957982904740573,0.8957866998336002,0.8957919741535089,0.895817511965909,0.8958183905556256,0.8958900343495226,0.8959089392982252,0.8959190910333679,0.8959075921959027,0.8958996607100267,0.8958627723090231,0.8958746094341881,0.8958515862756931,0.8958482510405207,0.8959283026303803,0.8942918700278898,0.8942632162889742,0.8942612316683805,0.8942265113128953,0.8942641483206653,0.8942632017417709,0.8942635994068573,0.8942647366799875,0.894243353892239,0.8942467415054871,0.8942487507659203,0.8942493146602647,0.8945714995433892,0.894573951380507
99,0.8993653109667377,0.8997320538008062,0.8997764574968118,0.8995120182940602,0.8990196075642299,0.8978939622775765,0.8961998519092393,0.8961918312707666,0.895544255199634,0.8954664274257252,0.8954493598743689,0.8953939660846758,0.8974283938500086,0.8973737860911422,0.8973831187178997,0.8973822029523655,0.8973850769835079,0.8970603111516214,0.8972637630218485,0.8972864267491798,0.8972729165963153,0.8972227782693974,0.8974360984890605,0.8974496724595675,0.8974467789542641,0.8974818975456825,0.8974476815777979,0.8974463270166011,0.897338351903953,0.897380939097325,0.8973999978604414,0.8973972376829101,0.8975456442921361,0.8975427233828468,0.8975318396831093,0.8975267944516361,0.8975263665900719,0.8975213832537793,0.897503050763931,0.8974277760358984,0.8974423678365155,0.897437316159049,0.8977426933963765,0.8977346666781129,0.8977066463713659,0.8977110410817691,0.8977012440616895,0.8976902600931024,0.8977106690339939,0.8976995014162038,0.897690542571341,0.8976953331886506,0.8976768304247114,0.8959684555083821,0.8959735571890965,0.8959749890274278,0.8960023610234502,0.896010022848612,0.8959950745364413,0.896002726112726,0.8959968232881672,0.8958522035684212,0.8958988426869839,0.8958925197864475,0.8958832962779383,0.895873282921536,0.8958778222163521,0.8959003532077566,0.8959012229174461,0.8959626385631951,0.8959784329568165,0.8959871066124622,0.8959773220312071,0.8959705120956472,0.8959664683025336,0.8959761218443542,0.8959576031990951,0.8959549511380039,0.896027186533835,0.8952859168811054,0.8952619075189843,0.8952603378654285,0.8952308464261756,0.8952634273192377,0.8952646811929453,0.8952651618276827,0.8952661226630749,0.8952025971628204,0.8952051193650106,0.8952065901716809,0.895206996782903,0.8953919046510224,0.8953943003715726
100,0.8980050955317287,0.8977536312436153,0.8977432721725935,0.8978544346803742,0.8978781820843568,0.8974160997697462,0.897088410181343,0.897084431340453,0.8966893799870674,0.8966777081537,0.8966643900085862,0.8966801608089167,0.897477137723961,0.8974377191055388,0.897433115509696,0.8974412480862383,0.8974440675013257,0.897085282054955,0.8973142782471166,0.8973391533233988,0.8973233166608233,0.8972794226028026,0.8974382212558866,0.8974546634029009,0.8974505801960412,0.8974849891371279,0.8974460509896197,0.897444111301717,0.8974484307360228,0.8975056962242602,0.8975188753938681,0.8975169630824942,0.8976075633401274,0.8976024865839174,0.8975896903496681,0.8975859069204773,0.8976526894628771,0.8976479573694991,0.897631044409912,0.8975607099694636,0.8975749902296968,0.8975707252690378,0.8978520810256464,0.8978454233461757,0.8978242186149556,0.8978277702616932,0.8978196907024067,0.897810625073752,0.8978284211510762,0.8978112126508084,0.8978037835134056,0.8978075864721784,0.8977801369240741,0.8965507996880645,0.8965538613716874,0.8965555530601842,0.8965715739251856,0.8965760975364271,0.8965676938595288,0.896572056451348,0.8965685720500267,0.8964863972306473,0.8965124010553844,0.896508838518601,0.8965033442854573,0.8964977212891224,0.8965002575579322,0.8965163619688132,0.8965168852065871,0.8965518745558632,0.8965621827962263,0.8965671502265278,0.8965616075904629,0.8965577258478734,0.8965819979879527,0.8965870279981879,0.896577333015413,0.8965759442839693,0.8966247821274412,0.896392226200695,0.8964001027288607,0.8963993757712904,0.8963855510085663,0.8963995296521194,0.8964033016176914,0.8964034915271141,0.8964039804948062,0.8962818098932511,0.8962827337622749,0.8962832543846285,0.8962834134719811,0.8963603918204067,0.8963615801732829
101,0.8971267077861447,0.8971266839809278,0.8971266063008451,0.8971265574424472,0.8971265708015298,0.8971263266599024,0.8971262593960844,0.8971262615145483,0.897126217300624,0.8971262271654239,0.8971262264878397,0.8971262495753918,0.8971263012050952,0.8971263240264734,0.897126343656068,0.8971263366476991,0.8971263386383121,0.897126320520105,0.897126269647314,0.8971262678671424,0.8971262686496946,0.8971262835134896,0.897126189195893,0.8971261877102439,0.897126186769699,0.8971261880924403,0.8971261878013509,0.897126186621756,0.8971261673666812,0.8971261696961438,0.8971261676276632,0.8971261660445523,0.8971261698007797,0.8971261675190153,0.8971261642030073,0.8971261633096886,0.8971261762741155,0.8971261754204326,0.8971261748692917,0.8971261782990596,0.8971261763115574,0.8971261752515947,0.897126182764056,0.8971261815840375,0.8971261794190115,0.8971261785230877,0.8971261773673797,0.8971261763292807,0.8971261830879177,0.8971261786913379,0.8971261776304048,0.8971261768220293,0.8971261826832578,0.8971260956961004,0.8971260937350678,0.897126090878635,0.8971260906256704,0.8971260889464402,0.8971260856112229,0.8971260840822982,0.8971260817239126,0.8971260746603613,0.8971260812059121,0.897126078602658,0.897126075726018,0.8971260737942306,0.8971260719802958,0.8971260795740309,0.8971260776680161,0.8971260813274414,0.8971260831205838,0.8971260820769374,0.8971260794196294,0.8971260769258496,0.8971260341310895,0.8971260330270211,0.8971260285609172,0.8971260258418711,0.8971260310905472,0.8971259561412138,0.897125970610423,0.8971259693803609,0.8971259732460778,0.8971259802568807,0.8971259779888346,0.8971259755455966,0.8971259730041214,0.8971259537344484,0.8971259511590716,0.8971259482633148,0.897125945370178,0.8971259779675936,0.8971259759013875
102,0.8997355920821319,0.8997675335698786,0.8997546102935943,0.9010639874665684,0.9011843264766005,0.9003510099129592,0.8998861638057473,0.8998940797111208,0.899362395572421,0.8997426696105334,0.8997363027224746,0.900443954540859,0.9002373546316671,0.9008588490453341,0.9012930377493933,0.9009532688477492,0.9008886967319072,0.9003827296965555,0.8991909343364684,0.8991459628213976,0.8991311656353717,0.8994115227480083,0.8975068181494527,0.8975143180781474,0.8975134798515847,0.8975432365572101,0.897531266307605,0.8975307297198447,0.8975540910462526,0.897618016397546,0.8976140432959476,0.8976152662538923,0.8976133228914606,0.8976026831722332,0.8975849911077282,0.8975873711945778,0.8980211535911988,0.8980193383081524,0.8980133331469874,0.8979850231482877,0.8979906174733002,0.8979891590946197,0.8982119378128471,0.8982106563811181,0.8982061590116746,0.8982068984778687,0.898205216064227,0.8982031669808551,0.8982489855861383,0.8982041044587891,0.8982012886805956,0.8982027743566624,0.8981987721287652,0.8980625080269092,0.8980640510328213,0.8980623384702188,0.8980715617085523,0.8980742018409603,0.8980693451073448,0.8980713558771946,0.8980693560503739,0.8980157458229048,0.8980345950508645,0.8980320530649284,0.8980276061775936,0.8980233597104897,0.8980252389088964,0.8980780985794539,0.8980785716557924,0.8981033587427814,0.8981342136803933,0.8981367834295034,0.8981339719651987,0.8981319737729062,0.8979950502688615,0.8979984252021613,0.89799197444677,0.8979910611148985,0.8980129967027177,0.8981541649665887,0.8985076219627384,0.8985063250206592,0.8984778409353951,0.8985059070156503,0.898507509104066,0.8985083597533768,0.8985093371226445,0.8983463577591171,0.8983501181153174,0.8983509461901238,0.8983514673278988,0.8983470120130197,0.8983510396158813
103,0.9029084095150249,0.9027305004372242,0.9026876108194256,0.9038789750385496,0.904104382906833,0.9031092636606062,0.903119516034286,0.90311718516756,0.9029964553563387,0.9036876619829501,0.9036820746152753,0.9048859325715715,0.9045906293637644,0.9055796181468584,0.9062406698769023,0.9057232053595645,0.9056231188538755,0.9050847832272346,0.9028749470453545,0.9027763029901774,0.9027598691122365,0.9032113480428609,0.8994627121607832,0.899451697373441,0.8994587363159413,0.8995007871071591,0.899545672666335,0.8995488515030408,0.8995821151524146,0.8996510804773666,0.8996186445190987,0.8996252967696298,0.8996503270725461,0.8996475657107276,0.8996155767594457,0.8996290713001471,0.9004482280870232,0.9004563697256817,0.9004851466070546,0.900603124522011,0.9005776488408173,0.900583482751253,0.9004759585238208,0.9004864113093634,0.9005029720112369,0.9004976606759528,0.9005101504742393,0.9005238183790298,0.9004615120996797,0.9004672040452035,0.9004687280487935,0.9004683449312807,0.9004997141249677,0.9005349411975855,0.9005353431291399,0.9005357456079711,0.900536939452773,0.9005375425851243,0.9005366528025461,0.9005354114457851,0.9005354322075604,0.9005259362555006,0.9005311557998261,0.9005303876124088,0.900529188224281,0.9005277370764878,0.9005283214357418,0.9006324537149724,0.9006326477462524,0.900645877339694,0.9006984966812679,0.9006988316812704,0.9006984776225998,0.900698282045061,0.9005574685872384,0.9005572815149141,0.9005574053057602,0.9005573820508858,0.90056655751342,0.9006692704859094,0.9019345547790991,0.901933815449034,0.9019176047411447,0.9019300168754777,0.9019302007931344,0.9019307130944811,0.9019312970027127,0.9018768275686825,0.9018791648020473,0.9018789240492913,0.9018792468825513,0.901879154080083,0.9018817189523892
104,0.9033247619379575,0.9030986516004414,0.9030522860270617,0.9041756414299074,0.9044135657430292,0.9035155447904394,0.9036357667209005,0.9036311139914402,0.9036589640757258,0.9043802192094228,0.904375604590419,0.9056213119080367,0.9053268044873988,0.9063393831243387,0.907011526747959,0.9064854864334698,0.9063835775031825,0.9058655912846062,0.9035676635766415,0.9034618985714197,0.9034473542026437,0.9038909209219486,0.8999399137703654,0.8999252994919518,0.8999337494881292,0.8999764894671493,0.9000320997283825,0.9000359509846585,0.9000701087225469,0.9001368836044927,0.9000995691665061,0.9001071288459794,0.9001398786664792,0.9001384576300959,0.9001049927413952,0.9001203835246319,0.9009245952663798,0.9009350852651813,0.9009720767562929,0.9011255640440924,0.9010925890562396,0.9011001657717252,0.9009062293493547,0.9009189418180826,0.9009394718285286,0.9009329745584127,0.9009482507867609,0.9009650399118847,0.9008626466513283,0.9008866202179027,0.900888787609573,0.9008881295841452,0.900925184145732,0.900969467654727,0.900969656691562,0.9009706079137728,0.9009702472620302,0.900970466059252,0.9009703722079756,0.900968452124103,0.900968862075573,0.900969045494377,0.9009711205258043,0.9009707498429385,0.9009702336479967,0.9009694251390666,0.9009697112953609,0.9010782663147316,0.9010783909291656,0.9010888517167296,0.90114431831355,0.9011442129454491,0.9011443521624922,0.9011445209524298,0.9010091258581129,0.9010083464307961,0.9010095720058202,0.9010096982746137,0.9010172019276745,0.9011135918406799,0.9025648171238704,0.9025641299955288,0.9025492231742339,0.9025603588584176,0.9025602391992976,0.902560720808676,0.902561258996836,0.9025220119977981,0.9025241113036009,0.9025238187935174,0.9025241111010166,0.9025239442722376,0.902526237276662
105,0.9047053826679513,0.9044334455424498,0.9043761723660247,0.905216157803558,0.9054585782207233,0.9045196388811079,0.9049117958931322,0.904901839450542,0.9051975521525117,0.9058884770900303,0.9058835641861639,0.9070579544823734,0.9067985635016184,0.9077329895776082,0.9083443544205294,0.9078662455263973,0.9077726026385863,0.9073344723041418,0.9051022718822471,0.9050021566229332,0.9049882385867479,0.9053718406811614,0.9016399966037817,0.9016157630866037,0.9016281033727688,0.9016749587177814,0.9017606958977358,0.9017666404402337,0.901810010279301,0.9018743115929955,0.9018231169897357,0.9018332128115534,0.9018899295367163,0.9018994495230155,0.9018605858534149,0.9018813925126328,0.9026656748150916,0.9026826196528759,0.9027423412936866,0.9029997254758374,0.9029455550737291,0.902958044743913,0.9025152827359911,0.9025333934019049,0.9025636297448086,0.9025542249133527,0.9025763184867179,0.9026008439076092,0.9023615778865705,0.9024779590786323,0.9024814207560304,0.9024801589602807,0.9025275811350704,0.9025758853153414,0.9025754164212598,0.9025783234028721,0.9025731966411727,0.9025722295014614,0.9025745816423619,0.9025701550197598,0.9025716803142471,0.9026038958282171,0.9025955560615964,0.9025964990246371,0.902598086889588,0.9025994260728137,0.9025987132334159,0.9027269487767142,0.9027268363265718,0.9027281118099753,0.9027803824052115,0.9027790259516737,0.9027805881359185,0.9027817788350668,0.9027004652826934,0.9026982284004048,0.9027021803991357,0.9027026830585696,0.9027063026009026,0.9027727371574077,0.9049863136551503,0.9049863128342793,0.9049863188618942,0.9049863192359388,0.9049863175850269,0.9049863156098261,0.9049863135149779,0.9049863099515034,0.9049863078251302,0.9049863057011419,0.904986303497386,0.9049863055277784,0.9049863034897111
106,0.907711522550886,0.907308156938254,0.9072528249540969,0.9074983575662121,0.907733882325384,0.9079557833190101,0.9090319282671974,0.9090079651476943,0.9105771724378773,0.9110654657833048,0.9110666352499421,0.911856829555226,0.9117072108013049,0.9122924274083414,0.9126573932872167,0.9123734379555314,0.9123176903104315,0.9121058826272294,0.9107131085002832,0.9106340525596321,0.9106329917741247,0.9105020893379481,0.9078071985218306,0.9077784075458339,0.9077918300539863,0.9078270895676783,0.9079231987347557,0.9079292682283612,0.907962794830353,0.9080021634825577,0.9079503335644589,0.9079604893876283,0.9080294847106324,0.9080295532446058,0.9080001953092748,0.9080213047184452,0.9083603211753121,0.90838020306113,0.9084499255062125,0.9087494529577909,0.9086862502251989,0.9087009077990734,0.9080716010136706,0.9080938598260117,0.9081315860749748,0.9081199686875625,0.908147293543752,0.9081777099683371,0.9073997122912136,0.9074804466405512,0.9074857279104545,0.907483604704547,0.9075443514645137,0.9075702240915042,0.907568599601556,0.9075725779969549,0.907560855016445,0.9075579486707054,0.9075644481320967,0.9075587886854847,0.90756207551324,0.9076540046489825,0.9076275636911434,0.9076307097832822,0.9076356388623787,0.9076404773944313,0.9076381159884747,0.9074099865254138,0.907409403692846,0.9073899987794088,0.9074291755064465,0.907425356034996,0.9074297002995073,0.9074328981137776,0.9074112768751427,0.9074068604073394,0.907414943529579,0.9074160290769775,0.9074181321815897,0.9074496894141155,0.9082909520183897,0.9082926852663409,0.9083314639934308,0.90826679755474,0.9082707045127326,0.9082695741441593,0.9082685023325261,0.9082782640422103,0.9082747079306804,0.9082721091597789,0.9082716515878115,0.9082908626411013,0.9082875217446614
107,0.9096228582079331,0.9096228209681422,0.9096229074054142,0.9096229647865244,0.9096229646599546,0.9096234475288649,0.9096234819291162,0.9096234987404913,0.9096235194827621,0.909623558297492,0.9096235777161407,0.9096236174832331,0.9096236308124079,0.909623661938058,0.909623690504347,0.9096237065882056,0.9096237248101972,0.9096237410389485,0.9096236143104174,0.9096236212500436,0.9096236353728289,0.9096236108778241,0.9096235181411233,0.9096235231715155,0.909623532592425,0.9096235445043809,0.9096235659505923,0.9096235765018799,0.9096235888523181,0.9096236027335673,0.9096236058932277,0.9096236172602811,0.9096236366067116,0.9096236509252439,0.9096236573832653,0.9096236686287333,0.9096237017237836,0.9096237131250856,0.9096237326315291,0.9096237662437202,0.9096237698145508,0.9096237825605169,0.9096232916293935,0.9096232967643371,0.9096233046031749,0.9096233040391578,0.909623310210998,0.9096233167672334,0.9096232149795574,0.9096232450151555,0.9096232495377466,0.9096232481508553,0.9096232811983924,0.9096232832384037,0.9096232828816256,0.9096232842512947,0.9096232774049876,0.9096232760051024,0.9096232816272641,0.9096232786823675,0.9096232817356797,0.909623355766299,0.9096233366186837,0.9096233402766416,0.9096233451459469,0.9096233493161326,0.9096233493837242,0.9096230300463649,0.909623027350581,0.9096230240684926,0.9096230242592663,0.9096230206752944,0.9096230195662776,0.9096230179888517,0.909623014754658,0.9096230108555108,0.9096230112415103,0.9096230091018918,0.909623007630612,0.909623010909518,0.9096230679098887,0.909623067706951,0.909623081783386,0.9096230709123299,0.909623070430227,0.9096230686294483,0.9096230667473031,0.9096230669257273,0.909623064373929,0.909623067224628,0.909623065447394,0.9096230710464296,0.9096230685390589
108,0.9087526700081197,0.9081498954895895,0.9083826591080322,0.9076300514772478,0.9079599844759721,0.9240697342627053,0.9254532588751989,0.92542355694714,0.9276785026438996,0.9278160731731875,0.9278154298501002,0.9278744520307852,0.9278618247617035,0.9277771094960111,0.9276852409473126,0.9277655302792278,0.9277728531909717,0.9278380546412968,0.9266776187416569,0.926744816764836,0.9267431522186195,0.9252752365574574,0.9248762809016916,0.9248492018377453,0.9248630740712985,0.9248874705150937,0.9249686231828991,0.9249742850630014,0.9249844892829288,0.9250005819144616,0.9249656142039423,0.924973461431327,0.9250264304038345,0.9250264889733976,0.9250111057977854,0.9250312191851413,0.9250157379588467,0.9250291952192958,0.9250732073534674,0.9252112639518797,0.92517506134513,0.9251841273630119,0.9186607485081437,0.918689142375549,0.9187354165930048,0.9187216412417832,0.9187542595592166,0.9187888658450782,0.9176713777623915,0.9176764624288497,0.9177168284466647,0.917700105579305,0.9180024002311228,0.9179980810495755,0.9179868933440134,0.9179893560875875,0.9179268817236479,0.9179069382218591,0.917950364006283,0.9179237127488524,0.9179440279577926,0.9186724489847901,0.9185169878110175,0.918536032727036,0.91856524127138,0.9185933799162093,0.9185796580942686,0.9130425014496629,0.9130411741406732,0.9130419480381975,0.9130434385047993,0.913034014139708,0.9130447196788589,0.9130523575581027,0.9130524852602908,0.9130428361235716,0.9130605878272069,0.9130629761016318,0.9130667011593773,0.9130811332967884,0.9130667295476369,0.9130699853164949,0.9131427941183767,0.9130482633477826,0.91305429570082,0.9130521646036482,0.9130501355581259,0.9130557155789513,0.9130489639067716,0.913059453350347,0.9130585153235216,0.9130930068347128,0.9130862534657093
109,0.9074355018526321,0.9062226854199972,0.9066647670769096,0.9053255697762154,0.9059026245570397,0.9355300888145394,0.9355485542206035,0.9355597804850317,0.935665939198258,0.9361762215407545,0.9361735411259396,0.9368134164050445,0.9367756543969761,0.9371160437393409,0.9372724702061696,0.937159982848606,0.9371218971430297,0.9370981305668583,0.9338611830666899,0.933915884212299,0.933920130954847,0.9325413055252242,0.9320008373096308,0.9319343867957114,0.9319663321854643,0.9320270983487094,0.9322303612397458,0.9322442540385178,0.932263499985408,0.9323092244207798,0.9322156046604476,0.9322351138130169,0.9323748811320863,0.9323784103324186,0.9323386751497608,0.9323854437760136,0.9323926953321012,0.932427887361938,0.9325457517104433,0.9329268746069299,0.9328266055091947,0.9328508458954238,0.9213975033774213,0.9214334945742209,0.9214925561544767,0.9214749243920854,0.9215166423197657,0.9215611821475075,0.920590225954771,0.9206137228107297,0.9206665167210382,0.9206446409401802,0.9210388706732116,0.9210327592706633,0.9210180129436751,0.9210205276189423,0.9209388828675469,0.9209126477329143,0.9209697915636775,0.9209345415836755,0.9209612560210074,0.9219398977700279,0.9217247714540586,0.921751136454431,0.9217915685272768,0.921830649666961,0.9218116401690069,0.9145068071720232,0.9145052104020955,0.9145222398401308,0.9145100215512973,0.9144979122392184,0.9145116707968786,0.9145214520705596,0.9145197929168756,0.9145074103987623,0.9145301675817606,0.9145332215286618,0.9145379812212315,0.9145557573719002,0.9145296037694423,0.9145337083455076,0.9146260982080269,0.9145146876443051,0.9145224222067334,0.9145197416503421,0.914517168851283,0.91452402322836,0.9145155119341752,0.9145307769316905,0.9145295841116537,0.9145729314509543,0.9145643901842149
110,0.9069075983548206,0.9053145723263595,0.9059319729539347,0.904170293400389,0.9049266918288428,0.950073083039653,0.9507519277028118,0.9507470432017324,0.9519778758091748,0.9524333674701958,0.9524322656770313,0.9529325918741408,0.9529007670965594,0.9530985017963919,0.9531588117964617,0.9531245728564334,0.9531020969805932,0.9531172189786863,0.9500863484287371,0.9501519086908191,0.9501530429919701,0.9481230154584266,0.9476269336918581,0.9475599064670895,0.9475931057201968,0.9476545848352507,0.9478564076784719,0.947870066059885,0.9478886519172669,0.9479330160558936,0.9478431767641322,0.9478625940320723,0.9479970670890384,0.9479818831076107,0.9479451923678167,0.9479930319056,0.9479949396380405,0.948028138090283,0.9481372943643382,0.948390013849092,0.9482989038472509,0.9483213448252572,0.934825032527907,0.9348380156271048,0.9348570661569245,0.9348519812189453,0.9348650674995369,0.9348768565469594,0.9339326519161713,0.9339107674046265,0.9339386676392286,0.9339275837114472,0.9341304197717012,0.9341276311412218,0.9341217396779367,0.9341235786182052,0.9340963808482176,0.9340808882423569,0.9341155583545596,0.9340945988885644,0.9341109268864815,0.9347975369850595,0.9346277874185508,0.9346473272044258,0.9346772863541006,0.9347034518701449,0.9346896649257019,0.9251339471260019,0.9251303195774953,0.9249882070398272,0.9249381400330827,0.9249099578712682,0.9249418725838954,0.9249644719263467,0.9249546362679382,0.9249258097755686,0.9249787089398317,0.9249857831309056,0.9249969788217911,0.925038430799657,0.9250343073106916,0.9250435192726663,0.9252502407971782,0.9250092948779813,0.9250254294235568,0.9250193466485231,0.9250133830895659,0.9250276132434344,0.9250080801907252,0.9250039541126611,0.9250013118559801,0.9250945504986274,0.9250760528274286
111,0.9057294397287824,0.903616712987122,0.9044536585876244,0.9021769123663524,0.9031558943762936,0.9723290209378003,0.971687167072563,0.9717167366111215,0.970928570089549,0.9715401136617213,0.9715408022967511,0.972330706518113,0.9722906449900305,0.972744451214639,0.9729687879138008,0.9728040534755797,0.972758821292819,0.972696539084654,0.9692650141283727,0.9692516215183833,0.9692582674764854,0.9679627170361992,0.9673990645520955,0.967315683692304,0.9673560965449369,0.9674327151482758,0.9676834305095824,0.9676999527298271,0.9677210210187489,0.9677780518549971,0.967664759952354,0.967688722295414,0.9678571125905897,0.9678300609579049,0.9677859579135349,0.9678433395998438,0.9678629356064664,0.9679038187130935,0.9680384362480983,0.9682470975887865,0.9681381188759504,0.9681647427951661,0.9558332023026042,0.9558379636387486,0.9558417906291108,0.9558416421629801,0.9558432972180565,0.9558411785308294,0.9553649011143871,0.9553307840247157,0.9553420602310758,0.9553382228417998,0.9553918212561979,0.9553918744446145,0.955393120478588,0.9553938450392516,0.9554069544721276,0.9554013361612309,0.9554148707469791,0.9554054851231885,0.9554119272611558,0.9550391849209945,0.9549094477152043,0.9549248779830005,0.9549481705098003,0.9549654285133804,0.9549552159076389,0.9497601817262499,0.9497543861121335,0.9492299972433831,0.9491427785226033,0.9490955947583231,0.9491489082721533,0.9491864443423975,0.9491684992503648,0.9491203487127116,0.9492082589022919,0.9492198933502897,0.9492382632528654,0.949305804265168,0.9493203832500224,0.9493352241878349,0.9496819619979405,0.9493022668270876,0.9493277716145992,0.9493180600233074,0.9493083337547071,0.9493308618203069,0.9492993620927951,0.9492811723227786,0.9492769353597759,0.9494233309704864,0.9493944781306041
112,0.904647618399427,0.9022716985069599,0.9032217475069978,0.9007256882247523,0.9018077751150713,0.9848732196930343,0.9810680322241023,0.9811727583064591,0.9765384123603881,0.9775291532560826,0.97753084068438,0.9790053605784298,0.9789386051502009,0.9799825584545503,0.9805839424897669,0.9801191886287717,0.9800170356945692,0.9797940784715709,0.9749728752918237,0.9748420555772774,0.9748608528592129,0.9748174058271608,0.9739176892684808,0.973797050194649,0.9738533154197058,0.973963906654025,0.9743321447375158,0.9743561590017261,0.9743860442047734,0.9744735380115764,0.9743005473406205,0.9743356878890611,0.9745917410779489,0.9745575634498698,0.9744909034806858,0.9745721581990734,0.9746215559725696,0.9746843423483625,0.9748948718085428,0.9752471101236434,0.9750738364006463,0.9751152348365927,0.9631365856984742,0.9631800143486291,0.9632505376499189,0.9632297861705276,0.9632791188694881,0.9633307147547813,0.9630250954841506,0.962990800196984,0.963044177717695,0.9630224332721655,0.9633954803437096,0.9633900214692422,0.9633773653240517,0.9633787615718764,0.9633073171712034,0.9632837859204207,0.9633354598864678,0.9633055913064802,0.9633297269844544,0.9618641990564057,0.9615659033740255,0.9616048069860541,0.9616641316877037,0.961719040896576,0.961691682106553,0.9589729545075402,0.9589627698383444,0.9579799185915873,0.9578445347684271,0.9577710941418071,0.9578541266858436,0.9579127920481176,0.9578845088060127,0.9578094085034305,0.957946921415648,0.95796523586864,0.9579942693290759,0.9581016219157242,0.9581338283244293,0.9581574729966552,0.9587090548787028,0.9580985097767907,0.9581392408821371,0.9581236472812867,0.9581081755514167,0.9581442024609017,0.9580938869211111,0.9580657581345989,0.9580589836027884,0.9582945757839231,0.9582478151540587
113,0.9051010517219782,0.902767446622716,0.9036764360207341,0.9010819825591949,0.902203304289087,0.99822949978209,0.9969252790724121,0.996960573590999,0.9954123341004748,0.9957337540442284,0.9957349566558161,0.9962160975952957,0.9961947402705552,0.9965358622392231,0.9967332073293932,0.9965804594847651,0.9965476566213496,0.9964730148992867,0.9950072453340858,0.994959888197767,0.9949666079651648,0.9949819082080996,0.9946706392423482,0.9946293310991181,0.9946485567035064,0.9946863836617322,0.9948122408728866,0.99482027202167,0.9948303780546689,0.9948603340055092,0.9948011798035754,0.9948131568111048,0.9949006135464925,0.9948889414108392,0.994866348069938,0.9948940596946683,0.9949115367540465,0.9949329054730535,0.9950045435393664,0.9951225650806419,0.9950652887650149,0.9950789507393047,0.9916571699594214,0.9916770022698904,0.9917095323948583,0.9916998586476636,0.9917227058201371,0.9917468935279462,0.9916451534355183,0.9916335102201427,0.9916573059934556,0.9916475308434403,0.9918170595606933,0.9918144932750717,0.9918084924375002,0.991809059647078,0.9917752905717363,0.9917645672178291,0.9917879796415352,0.9917747473972353,0.9917856707368258,0.9908762821057048,0.9907248937414402,0.9907443114299257,0.9907739543491666,0.9908018851928059,0.9907881180583236,0.9899737034137516,0.9899690673075967,0.9895952124216845,0.9895340502783323,0.9895009009482282,0.9895383136249591,0.9895647540560809,0.9895519372456059,0.9895180257496236,0.989580037927169,0.9895882692260773,0.9896013368468607,0.9896497533243566,0.9896651371473203,0.9896757965109427,0.9899239756256137,0.9896470788199124,0.9896654945036005,0.9896584196814971,0.9896514034870314,0.9896676877372904,0.9896448877482418,0.9896326697978923,0.989629577753609,0.989736184577608,0.9897149748678723
114,0.9053178725823131,0.9030246057819528,0.9039049842160797,0.9012931834468385,0.9024190507987173,1.0028050451388935,1.0028050621147706,1.0028050095795102,1.0028050835374653,1.0028050385126124,1.0028049911056347,1.002804972488815,1.0028049322962695,1.0028049061278526,1.002804867375827,1.0028048169093051,1.0028047723490578,1.002804727459343,1.0028046444265337,1.0028046347971455,1.0028045908511949,1.0028044781511865,1.0028044414679251,1.0028043985372301,1.0028043620553124,1.002804325259927,1.002804286643386,1.002804243315076,1.002804199052302,1.002804154958746,1.0028041084045074,1.0028040633840796,1.0028040245585186,1.0028039790848933,1.002803932378681,1.0028038996178894,1.0028038553754823,1.0028038205784824,1.0028037837503812,1.002803807144332,1.0028037620731232,1.002803721195593,1.0028034205935799,1.0028033701939103,1.0028033198570758,1.0028032741062622,1.0028032265684186,1.0028031854138377,1.002803166069126,1.0028031182235104,1.002803069691476,1.0028030228763138,1.0028030247539028,1.0028029923878425,1.002802946755236,1.0028029001226444,1.002802861155248,1.0028028142478815,1.0028027669959843,1.0028027237394415,1.0028026819109865,1.002802031922935,1.0028020990791604,1.0028020487110827,1.0028019987532555,1.0028019741569614,1.0028019204006062,1.0028018318570704,1.002801780097536,1.0028017162569136,1.0028016600287326,1.0028016083623945,1.0028015599930926,1.0028015085818291,1.0028014555200124,1.002801399769259,1.0028013619504528,1.0028013112179304,1.0028012711692056,1.0028012679127745,1.0028012206922643,1.002801203302989,1.0028013507404407,1.0028013944518273,1.0028013503236588,1.0028013056890648,1.0028012583009174,1.002801212596001,1.0028011616553358,1.0028011098317224,1.0028010605656192,1.0028010934009421,1.0028010433743693
115,0.9060259444605075,0.9078133127489277,0.9080048055282607,0.8975276620668586,0.8970772463725143,0.8959681668568376,0.8949954866981233,0.8949876582500982,0.8954141608450464,0.8950056081876255,0.8949439919832337,0.8944115564256684,0.9017802479763997,0.9016858537791684,0.9016699486856543,0.90168111764459,0.9016826087180254,0.9014978419907601,0.9015507532691429,0.9015567685701474,0.9015400962850585,0.9015427946866957,0.9017154943938894,0.9017456142247426,0.9017432189375943,0.9018486023335701,0.901838713743454,0.9018374072678194,0.9018829618566049,0.9019086537701247,0.9019101797627673,0.9019094460679001,0.9028131384561324,0.9028115456278053,0.9028051258472213,0.9028041759865714,0.9027963372441267,0.9027945252900428,0.9027897824782704,0.9027703342663158,0.9027748116834396,0.9027748877130263,0.9028267770932477,0.9028262200791646,0.9028279472150027,0.9028277564881995,0.9028270203684177,0.9028259073765952,0.9028297746496852,0.9028261306739673,0.9028252917434321,0.9028250459154433,0.9028221112327495,0.9015765047013322,0.901570834658689,0.901571960642318,0.9015406027511674,0.9015317756704667,0.9015573621015802,0.9015484408318363,0.901553856460279,0.901717143166725,0.901665514502565,0.9016724467905799,0.9016829533093064,0.9016935761882079,0.9016886275474363,0.9016637550264051,0.9016629453587882,0.9015943961287723,0.9015769671324239,0.9015670635901741,0.9015782738331553,0.9015861039125963,0.9015893094919314,0.9015791508905323,0.9015981714004587,0.901601118433981,0.9016339200596124,0.9017327109532214,0.9017333403425319,0.9017366937511897,0.901796903078909,0.9017214179922596,0.9017271153609653,0.9017256912995336,0.9017237840897048,0.9017338533000891,0.9017276254144738,0.9017242509987307,0.9017233001461133,0.9017512890554318,0.9017446752219457
116,0.9054174328525956,0.9068635083672417,0.9070225033617407,0.9000367457535522,0.8993463969365354,0.8979493899804657,0.8963335487920133,0.8963043406509509,0.896381908207182,0.8960489507794764,0.8959936289055922,0.8955764287883353,0.901895266477773,0.9017700920130248,0.9017570291249791,0.9017703692540069,0.9017738501049078,0.9014476484538443,0.9015061363105952,0.901513842626289,0.9014930287364825,0.9014983404246193,0.9016942986047533,0.9017226607850741,0.9017217692937404,0.9018429340765002,0.9018320829267988,0.9018311294066664,0.9018780384975201,0.9019179360454433,0.9019200563639482,0.9019198004827013,0.9030408262454696,0.9030388541154383,0.9030274894703977,0.9030273287908055,0.9030188073008559,0.9030183329581211,0.9030165630606075,0.903003433538147,0.9030061588847798,0.9030050460524567,0.903020096940146,0.9030209654782428,0.9030130316412561,0.9030123213375589,0.9030131267555392,0.9030137023067704,0.9030139580026191,0.9030090335640922,0.9030097664667402,0.9030096406003518,0.903029262001237,0.901175218615647,0.901169305864602,0.9011702071062576,0.9011362016449452,0.9011269390260546,0.9011519972323753,0.9011423687786325,0.9011503775294704,0.9013297144700342,0.9012721516876778,0.9012798749952088,0.9012915270322458,0.9013036271477419,0.9012981029130277,0.9012699637001138,0.9012687296294771,0.9011930625686222,0.9011736557894946,0.9011628402150847,0.9011750784063373,0.9011837289980986,0.9011842765296533,0.9011732569863694,0.9011925167716881,0.901195350194215,0.9011254412003494,0.9012131197910883,0.9012137463290898,0.9012171363097297,0.9012822593057603,0.901198513515635,0.9012046513566613,0.9012026074098385,0.9012005306714129,0.9012120942899118,0.9012053870035434,0.9012019263274516,0.9012009602602339,0.9012754615470535,0.9012681772354064
117,0.904068900111209,0.9049934324961999,0.9051051530779648,0.9019249182292268,0.901075492616383,0.899392245084785,0.8971932417650437,0.8971504757321838,0.8967817358536103,0.896543729712015,0.8964964877155766,0.8962231954986778,0.9013142232013835,0.9011622223208062,0.9011419808299326,0.9011671036665732,0.9011749579634605,0.9006203802725243,0.9007763203393706,0.9007925521826886,0.9007669212552005,0.900746159449983,0.9009965042028935,0.9010210243356654,0.9010206569979671,0.9011386007816389,0.9011147158093264,0.9011136468626995,0.9011490807529238,0.9012097853016278,0.9012185375555287,0.9012178686037534,0.9022820151969028,0.9022792982011572,0.9022598925254152,0.902258179770696,0.9022460153491365,0.9022445782220019,0.9022377650757316,0.9021966549890961,0.9022048999539146,0.9022004323210929,0.9022935481663671,0.9022933937457264,0.9022668239875189,0.9022668404885508,0.9022661685356607,0.9022650384712003,0.9022661716986058,0.902258653693091,0.9022580744635368,0.9022595665603316,0.902284919775659,0.8991329470539361,0.8991286334072113,0.8991292038870732,0.8991031221928227,0.8990962719352219,0.8991127515204401,0.8991053942356024,0.8991134948044893,0.8992510847907729,0.8992066776897347,0.8992126508331888,0.8992212292716566,0.8992307526175739,0.8992264920612374,0.8992042762532834,0.8992032058073712,0.8991447756063011,0.8991295165444994,0.8991211699085903,0.8991306090093889,0.8991373602338164,0.8991360107571397,0.8991276056706197,0.8991405790611696,0.8991424075537895,0.8989081851919047,0.898921832616929,0.8989199528197437,0.8989219376867728,0.8989628476322047,0.8989078611222324,0.8989119689233193,0.8989102544700701,0.8989089334907187,0.8989191999310644,0.8989150059378612,0.8989129609440918,0.898912397856381,0.8990157411430805,0.8990108261129564
118,0.9022800733613155,0.902574640427118,0.9026326095816648,0.9016383305133376,0.9009997059933643,0.899394984490621,0.8974262891866216,0.8973935719569892,0.8967688701971103,0.8966084187478741,0.8965670741517665,0.8964010900886722,0.9002274652061935,0.900075242585835,0.9000391454401957,0.9000801591627184,0.9000918612638455,0.8993089081263665,0.8996356236837431,0.8996662279759524,0.8996362036671826,0.8995672061550248,0.8998964796311227,0.8999232442629512,0.8999208450652545,0.9000301202003086,0.8999835697580613,0.8999815518244967,0.9000027773483084,0.9000896403454841,0.9001075917096206,0.9001056119656294,0.9008974961573786,0.900893507107466,0.9008666589034429,0.9008616009704877,0.900849423128714,0.9008447465530223,0.9008263022543934,0.9007363556744046,0.9007546978482379,0.9007471221084293,0.9010160983077932,0.9010119094229739,0.9009711087930953,0.9009732305997092,0.9009676100883011,0.9009609379368634,0.9009696947420733,0.9009584449878042,0.9009531800768603,0.9009571441117743,0.90095804010945,0.8960342656862009,0.8960326113703679,0.8960329898780793,0.8960223949750536,0.896019704123843,0.8960260976087058,0.8960231089871286,0.8960269704162043,0.8960829120072176,0.8960647972606703,0.8960672353471726,0.8960708042333141,0.8960747227470531,0.8960729951936757,0.8960636985798457,0.8960631757855821,0.8960393738954209,0.8960330430774361,0.8960296400247939,0.8960334931320129,0.8960362850092323,0.896035895882034,0.8960325343282535,0.8960373069391621,0.8960379352863637,0.8959251593908935,0.8958505696062725,0.8958465116885054,0.8958468141369308,0.8958542076365034,0.8958424260478198,0.8958435901140047,0.8958430454337626,0.8958428055863422,0.8958449393840963,0.8958441913287111,0.8958438801016045,0.8958437997971425,0.8959159023127086,0.8959146671372071
119,0.901253870539521,0.9010089475983857,0.9010216544155033,0.9007958598931863,0.9004999505897529,0.8991288282194544,0.8978191815564462,0.8978011532465807,0.8971392491174005,0.8970265452832479,0.8969857648215607,0.8968774749393612,0.8997986402868798,0.8996769950976452,0.8996346034335558,0.8996820815823671,0.89969454746597,0.8986782180416922,0.899086132331907,0.8991244109860328,0.8990905352487188,0.8990042000798506,0.8993580945828478,0.8993888491514589,0.8993851596665163,0.8994999959554504,0.8994421693562638,0.8994395376117147,0.8994718866687458,0.8995873320180352,0.8996063905331865,0.899604261919063,0.9002904378292308,0.900285156728031,0.9002517647631367,0.9002456193895066,0.9002399430060846,0.9002340316373756,0.9002115673211104,0.9001055676655552,0.9001273173604996,0.9001189275506397,0.9004491437395216,0.900443498935749,0.9003985434595656,0.9004012206465564,0.9003939015110229,0.9003853393536354,0.9003969947087767,0.9003835034394304,0.9003765907388551,0.9003812888357406,0.9003690920882831,0.8941022287395662,0.8941022351657141,0.8941022413542306,0.8941022491131654,0.8941022558808921,0.8941022608091818,0.8941022669978547,0.8941022723348699,0.8941022526300593,0.8941022478290979,0.8941022528771423,0.8941022572260363,0.8941022594877845,0.8941022652771774,0.8941022604236322,0.8941022657930784,0.8941022735468432,0.8941022797045467,0.8941022851477166,0.8941022898260632,0.8941022948796755,0.8941023019300952,0.8941023078308584,0.8941023105427288,0.8941023155569703,0.894102205685877,0.8941021901442172,0.8941021917601777,0.8941021927197946,0.8941021759964966,0.8941021796787477,0.8941021834726022,0.8941021868314685,0.8941021904817692,0.8941021859021197,0.89410219012915,0.894102194142333,0.8941021977568945,0.8941022082469198,0.8941022125060105
120,0.8996444290331949,0.8990324009292231,0.899006605349269,0.8992570890368086,0.8993286403705355,0.8982071503431805,0.8976476726256627,0.8976471610237736,0.8969973859676955,0.896940857986688,0.8969046953494753,0.8968719352416707,0.8987072462265727,0.898632512629068,0.8986023166849268,0.8986388133082253,0.8986483006611783,0.8975428588204544,0.8980555898257223,0.898106545017562,0.8980726085097962,0.8979610257619001,0.8983161964575533,0.8983534346181875,0.8983462334315392,0.898452169733722,0.898375334568942,0.8983715828049326,0.8984102421074592,0.8985606610738722,0.8985827291058005,0.898579840795975,0.8989660631853476,0.8989586154783665,0.898923918190065,0.898916759052254,0.8989518682765504,0.8989444502478551,0.8989170152049012,0.8987953536702113,0.8988204596868,0.8988121375574505,0.8992290159994276,0.8992206467692827,0.8991790294461247,0.899183296695118,0.8991728258714915,0.8991608532785254,0.8991798095172742,0.8991613835208149,0.8991514903859615,0.8991571346584758,0.899120839069103,0.8950588522418974,0.8950603257289172,0.8950612085205145,0.8950686417274235,0.8950708545442774,0.8950677817909385,0.8950698264480242,0.8950686648376825,0.8950333576684188,0.8950438382935304,0.8950423588350009,0.8950387572682089,0.895036462556831,0.8950375041186034,0.895044387224606,0.8950448516657623,0.895060025671459,0.895064440057324,0.8950667092960247,0.8950642572194686,0.8950625380637608,0.8950787008347804,0.8950808806706354,0.8950759285984877,0.895075247520355,0.8949737829761618,0.8948929610824151,0.8948890380551545,0.8948879655148816,0.8948671573431456,0.8948910826243657,0.8948976058122332,0.8948981185783899,0.8948988717862433,0.8947878089303641,0.8947896688469519,0.8947908177134721,0.8947911278330953,0.8948244931195897,0.894826545976918
121,0.8988632597954899,0.898355176948678,0.8983301952669578,0.8988204092534062,0.8989222127975334,0.8979111164932843,0.8975214987773033,0.8975224145764427,0.8969130169092516,0.8968937980062865,0.8968648626903921,0.8968900225881494,0.8981401578733036,0.8981049279340397,0.8981062251281792,0.8981147251621939,0.8981183664536397,0.8972044579806745,0.8976447374237932,0.897693532825459,0.8976626921989075,0.8975715041801795,0.8978399220103214,0.8978750080171359,0.8978670116863364,0.8979507439176254,0.8978748463674869,0.8978710125416813,0.8979121941757993,0.8980522165857358,0.8980733235201226,0.8980703704624209,0.8982932621246655,0.8982842986921236,0.8982551037416442,0.8982485357035479,0.8983410438393031,0.8983334544668801,0.8983059879983584,0.8981883699674429,0.8982125873603249,0.8982052119436613,0.8986413026928801,0.8986318020988631,0.8985961258363931,0.8986011259514344,0.8985894641860562,0.8985762811984145,0.898600125583808,0.8985772244209793,0.8985662680548443,0.8985720449546452,0.8985258195758752,0.8958074982642372,0.8958102352216291,0.8958117296901866,0.8958259633220247,0.8958300678472431,0.895823402221937,0.8958272079647347,0.8958243372414766,0.8957542931932002,0.8957757972721568,0.8957728068854401,0.8957674858616718,0.8957627919188218,0.8957649063378745,0.8957795323027453,0.8957800666031382,0.8958099596137998,0.8958189773138053,0.8958233226657313,0.8958185657638457,0.8958152148289616,0.8958417372974226,0.8958460022136867,0.8958374653974852,0.895836248603084,0.895845218964193,0.8957238870316724,0.8957275751024977,0.8957263559847594,0.8957026888259256,0.8957289317320365,0.8957367305689634,0.895737263886614,0.8957381279403931,0.8955376271603822,0.8955394936909554,0.8955406092224137,0.8955409139010901,0.8955930911669282,0.8955952037546944
122,0.8988945838265244,0.8988222164483278,0.8988061395000165,0.9002263369758701,0.9003083078743612,0.8985623026068863,0.89812160607802,0.8981381449057623,0.8975168580108737,0.8975880942925484,0.8975588049771979,0.8977539421834164,0.8981842964949729,0.8983826125283372,0.8985406711246531,0.8984232953746744,0.8984022596169265,0.8972937051639365,0.8974470616948425,0.8974946202302045,0.8974605395624495,0.8974505638049745,0.8973491465199142,0.8973902460042943,0.8973798526933897,0.8974633684687883,0.8973770357801727,0.8973724660688724,0.8974428333892772,0.8976279835527631,0.8976452954498427,0.897642777782494,0.8977207039043177,0.8977055649216859,0.8976786874840887,0.8976732264614324,0.8979522659600482,0.8979443443767374,0.8979167381966096,0.8978025927488681,0.8978260357610937,0.8978197408338957,0.8982820212742092,0.8982722386578222,0.8982444220149661,0.898249410168907,0.8982375666961708,0.8982242459802204,0.898255236746031,0.8982267791383642,0.89821536138788,0.8982208796276304,0.8981598666382535,0.8967667366370198,0.8967680621433055,0.8967695374354104,0.8967756778079258,0.8967775295200319,0.8967756872857702,0.8967767172586469,0.8967757758807497,0.896745216038461,0.8967549414538963,0.8967535853771946,0.8967497413458076,0.8967475223190201,0.8967485047208976,0.8967639388835523,0.8967642172968332,0.8967766715870316,0.8967834284952519,0.8967850163992189,0.8967835136289084,0.896782334052437,0.8968025802498005,0.8968041512776126,0.8968007214973839,0.8968002040828305,0.896820964762005,0.8968507267636487,0.8968887154524665,0.8968883193941539,0.8968796173477498,0.8968864639455723,0.8968960111023513,0.896896098716896,0.8968964796658616,0.8964723437539779,0.8964726079374687,0.8964728030690423,0.8964728595428252,0.8964893051323255,0.8964897877977126
123,0.8993447413347118,0.8995148028440383,0.8994964215098099,0.9011503759347081,0.9012210494998381,0.8988716471908095,0.8984100940339628,0.8984298320549217,0.8978195214590167,0.8979424001059191,0.8979118732366295,0.8982052554029356,0.8983507908255303,0.8986797079951874,0.8989264417872307,0.8987382154038196,0.8987029806911384,0.897540101403317,0.8974656505985021,0.8975112833160661,0.8974738563729864,0.8975378146907186,0.8971278184096843,0.8971697276821516,0.8971588838476118,0.8972403259504392,0.897154856730845,0.8971503430713857,0.8972227046016658,0.8974222106045096,0.8974362851265348,0.8974342103542704,0.8974453756985769,0.8974249187397508,0.8974072584622542,0.8974031859607162,0.8978809910550067,0.8978734295147428,0.8978478649242001,0.8977448972403992,0.8977658147086325,0.8977605464911989,0.8982087352424238,0.8981995323321685,0.8981771768431585,0.8981815918663811,0.8981705134210557,0.8981580678286248,0.8981927191812168,0.898171339296598,0.8981601938000117,0.8981653575107903,0.8981008768750611,0.8973729153733964,0.8973738796213817,0.8973750743424914,0.8973792278320785,0.8973804985810682,0.8973801411700283,0.8973799655257798,0.8973794149316355,0.8973569808654661,0.897364578609559,0.8973635289606572,0.8973586482811187,0.8973568467001743,0.8973576310857158,0.8973755097306773,0.8973757464748267,0.8973842267844143,0.897390766909125,0.8973916465984318,0.8973910598132746,0.8973904312109502,0.8974010705132369,0.8974020792375855,0.8973998920463775,0.8973995365054773,0.8974519314480428,0.8975157886874336,0.8975636739636258,0.8975635625999387,0.8975599275611852,0.8975604593332391,0.897564604951809,0.8975645643300447,0.8975647847779086,0.8969129499070111,0.8969129505645269,0.8969129510694277,0.8969129517428244,0.8969129528045475,0.8969129535265283
124,0.9012482669197617,0.9015083873692324,0.9014721945105529,0.9028809440938205,0.9029826607600802,0.9004253962856631,0.900144397794442,0.900149725235316,0.8995368592039036,0.8998683524758685,0.8998454496048413,0.9004748330664564,0.9002984482045288,0.900880399658982,0.901296140839582,0.9009719811130952,0.9009087126298134,0.9001576905187639,0.8990702197491609,0.8990668062213868,0.8990221445401729,0.8993642291197597,0.8977644246305808,0.8977784999258933,0.8977768666826149,0.8978340036648337,0.8978154227796613,0.8978151109457851,0.8978762850350436,0.8979957385938205,0.8979878510476266,0.8979898722915893,0.8979813590860032,0.8979800166443603,0.8979551438776145,0.8979594836806669,0.8991180219403844,0.8991144512341771,0.8991028308212456,0.8990570737442544,0.8990656889650271,0.8990635917513639,0.89933233382169,0.8993285537410298,0.8993204769299887,0.8993222747648368,0.8993177050643858,0.8993125460160398,0.8993350394481977,0.8993001966942454,0.8992947870179602,0.8992972393185424,0.8992666931087218,0.8991575494054866,0.8991587803134334,0.8991592219927674,0.8991655815848206,0.899167382644715,0.8991645440827092,0.8991654429690868,0.8991640256347402,0.8991276560113662,0.8991399501137062,0.8991382854928825,0.8991338612413098,0.8991310733775115,0.8991323040139508,0.8991626112769122,0.8991629384632809,0.8991776119671502,0.8991906969918095,0.8991923084939688,0.8991907152110983,0.8991894636259532,0.8991685195463102,0.8991702891019546,0.8991668831706415,0.8991663925635214,0.899194240405149,0.8992520370775381,0.8994488832937936,0.899448799844803,0.8994461993070774,0.899446339851193,0.8994485317230515,0.8994485663630702,0.8994487289731427,0.8992688278435648,0.8992693652898207,0.8992681870192276,0.8992682759785084,0.8992668925380685,0.8992675469450025
125,0.9021134461606276,0.9024266349610426,0.9023813731856097,0.9035092338334167,0.9035862536004374,0.9006945005545748,0.9007052465112781,0.9007033891528764,0.9001080134443611,0.9004447790490266,0.9004206773612659,0.9010161756060427,0.9008353264964413,0.9013501825928223,0.901708539956852,0.9014296443009302,0.9013726489673037,0.9007942553661491,0.8994844651134254,0.8994821842563852,0.8994332351076466,0.8998507500310687,0.8982031041475468,0.8982031854520434,0.898206925316651,0.898263989845459,0.8982832842910459,0.8982860589119916,0.8983410378579209,0.8984421502195233,0.8984194994067363,0.8984241895951494,0.8984335144092725,0.8984686981491609,0.8984348671143284,0.8984445611363012,0.9000358366471871,0.9000358356880049,0.900035835313038,0.9000358425277226,0.9000358404406388,0.9000358393705739,0.9000358394419884,0.9000358383426872,0.9000358372703393,0.9000358359240677,0.9000358349755226,0.9000358342149074,0.9000358389586127,0.9000358831378356,0.9000358821076277,0.9000358820608123,0.9000358787755763,0.9000358761395748,0.9000358758785761,0.9000358755797201,0.9000358760467783,0.9000358758932766,0.9000358750208312,0.9000358740156488,0.9000358734156608,0.9000358690887295,0.9000358716497073,0.9000358709441619,0.9000358696067033,0.9000358688846092,0.9000358686183048,0.9000358884274852,0.9000358882811677,0.9000358906682481,0.9000358934085803,0.9000358935001517,0.9000358932259637,0.9000358929397586,0.9000358893773625,0.900035889406331,0.900035888871765,0.9000358886448349,0.9000358928485691,0.9000359014018607,0.9000359939429303,0.9000359943088414,0.9000359915934386,0.9000359901791434,0.9000359930159282,0.9000359938862951,0.9000359948255816,0.90003597658246,0.9000359773492406,0.9000359781550474,0.9000359789356756,0.900035978694933,0.9000359794883468
126,0.9042237307271409,0.9044827840264961,0.9044431710183211,0.9050612622473846,0.9051214158539486,0.9026985148103002,0.903003429427283,0.9029971721735613,0.9022848401860003,0.9026449404434322,0.9026249196383165,0.9031991557629455,0.9030419946716431,0.9034745797778145,0.9037545613862807,0.9035375805459113,0.9034882662484179,0.9031912096976623,0.9014080103021667,0.9014021896883185,0.9013663290691255,0.9018659210167019,0.9001829115543637,0.9001600773478704,0.9001723371518596,0.9002251241400541,0.9003057380614573,0.9003137296206826,0.9003573399576228,0.9004256912493273,0.9003790651178596,0.9003879597682226,0.9004383367104267,0.9005409498074209,0.9004941024342468,0.900512791804048,0.9014694139283987,0.9014797323935597,0.9015156866121592,0.9016990727114541,0.9016716631653761,0.901678069630315,0.9010881677582041,0.9010972597917835,0.9011123657362162,0.9011077430021914,0.9011187256500569,0.9011307565046723,0.9011584368702265,0.9017520621186922,0.9017547721793738,0.9017537334753674,0.9017812808522357,0.9018166596867186,0.9018162118378075,0.9018176199032139,0.9018136330814128,0.9018129001412962,0.9018145618060274,0.9018057522593385,0.9018068186663817,0.9018372916983469,0.9018339431960479,0.9018343872069181,0.9018344289408191,0.9018348323921811,0.9018345239945855,0.9020550668011651,0.9020549159383123,0.9020565165169443,0.9020718340501888,0.9020705113741766,0.9020722064844104,0.9020733152035065,0.9020591505668369,0.9020574297258783,0.9020604716782348,0.9020608600623798,0.9020618464458412,0.9020809086867421,0.9027984529217113,0.9027981050903907,0.9027904544694288,0.9028006225546491,0.9028087048792349,0.9028089231344814,0.902809071454921,0.9028246961375093,0.9028254747929512,0.9028384320081245,0.9028385414108374,0.9028349878484966,0.902835710777789
127,0.9055257670973321,0.9056800935107739,0.9056441852916193,0.9060732452426065,0.9061496260607877,0.9042173703701311,0.9045235662291042,0.9045178399428225,0.9039227516419447,0.9042726973882335,0.904257509714143,0.9048090679840948,0.9046710951460206,0.9050778120405577,0.9053362145569969,0.9051358782482632,0.9050902251067352,0.9048681399726675,0.9031438799969077,0.9031332829997876,0.9031080369808072,0.903561070426561,0.9019111810448053,0.9018852243771587,0.9018982410819798,0.9019444937065637,0.9020321535010263,0.9020402676522281,0.9020775781563807,0.9021324889658141,0.9020841711649042,0.902093348175808,0.9021502184453761,0.9022429886330787,0.9022002141715878,0.9022196884809403,0.9029276788875913,0.9029405893938531,0.9029855621180115,0.9032072401690775,0.9031720655711251,0.9031802758167604,0.9024561667412209,0.9024687822377907,0.9024898404263585,0.9024833696002128,0.9024986498044371,0.9025154689559438,0.9025080223041085,0.9030604132535375,0.9030660245671295,0.9030637788225679,0.903114511828066,0.9031480130777865,0.9031467338646915,0.9031486492947071,0.9031394791595259,0.9031374645135438,0.9031418961870505,0.9031314168950781,0.9031337988244391,0.9031971145008507,0.9031856063756553,0.9031871492117657,0.9031891295339444,0.9031913070855642,0.9031901923020819,0.9034652398072961,0.9034649334223923,0.903460989363385,0.9034794878858196,0.9034770014507405,0.9034799648111891,0.9034820191415917,0.9034648940172423,0.9034619138172162,0.9034672684319367,0.9034679639316946,0.9034690387493081,0.9034927691648531,0.9043327293680116,0.904332331956965,0.9043242112950567,0.904334161079963,0.9043400348728983,0.904340305007741,0.90434053568395,0.9043553915834809,0.9043563477940553,0.9043750773761063,0.904375207565944,0.9043712009638613,0.9043720313038186
128,0.9067737510197502,0.9065085065748051,0.9066484553329682,0.9062536503118479,0.9064361767497056,0.9125688247788035,0.9110261584269885,0.9110693359354476,0.9083257654338553,0.9087496027759105,0.9087367742608637,0.9094003846931631,0.9093443998848536,0.9098287698992488,0.910116833744431,0.9098930126362995,0.9098344337870368,0.9097246206743533,0.9068037008711187,0.9068238749674565,0.9068200560067416,0.9073100938493859,0.9068219375709535,0.9067741314897336,0.9067959468554553,0.9068468921620114,0.9069985040978804,0.907011364287945,0.9070320358285915,0.9070769309172859,0.9070012611711086,0.9070154797061921,0.9071227593130032,0.9072413879938334,0.9071967483659202,0.9072292165836923,0.9074537648653442,0.9074793615758037,0.9075676732941853,0.9079745122659408,0.9079018916933113,0.9079189149128389,0.9048000246262686,0.9048110013859985,0.904829436047439,0.9048237768510332,0.9048371417002181,0.9048518777011815,0.9049835851920899,0.9055033674573206,0.9055182940248808,0.9055120613960491,0.9056291940935686,0.905637581597798,0.9056329564313186,0.9056337439841741,0.905606637759778,0.9055997470768739,0.9056146606459115,0.9055966415685847,0.9056037597160285,0.9058625179627898,0.9058113259711168,0.9058181602575137,0.9058283814295314,0.9058390421566884,0.9058339936880415,0.9056681025628668,0.9056679185936257,0.9056812609790866,0.9056814767781992,0.9056794301830855,0.9056819041650301,0.9056835841377038,0.9056825494673529,0.9056803579890219,0.9056843177421997,0.9056848338000488,0.9056853035619038,0.9056916520536136,0.9058585606595319,0.9058585398119732,0.9058600022425615,0.9058628244614375,0.9058671251942055,0.9058671917481088,0.9058674169200401,0.9058741107047119,0.9058744988373757,0.9059293486455701,0.9059293090840633,0.9059314156065534,0.9059310378081126
129,0.9044942475066021,0.903062435353578,0.9036075625443851,0.9022105347647372,0.9028042769885339,0.9305627130906476,0.9250877323181849,0.92523309703705,0.9179157164857477,0.9191900431362403,0.9191738978625209,0.9212047768277362,0.9210983794999664,0.9226218640919789,0.9235291451482815,0.9228223244949426,0.9226508576929552,0.922338583153738,0.9144166115801522,0.9144180173469622,0.9144360462413943,0.9151170424161007,0.9142399675777292,0.9141131909602702,0.9141703757789269,0.9142897065509543,0.9146893596648835,0.914718959003227,0.9147552003551357,0.9148550474642324,0.9146582387420553,0.9146960933429141,0.9149856431623414,0.9151157349974611,0.9150243621179992,0.9151111156404965,0.915250567485506,0.9153237405603027,0.9155755692917362,0.9166004430388576,0.916381490743504,0.9164328361351641,0.9053941497494061,0.9054180441098179,0.9054585543110646,0.9054461540302842,0.9054753903560039,0.9055077815704531,0.9054906389064701,0.9059283811961101,0.9059623891511513,0.9059481472921852,0.9062144697698711,0.9062127960208151,0.9062018350745111,0.9062029422182234,0.9061404440934276,0.9061236588429441,0.9061600680151551,0.9061230416711086,0.906140167358722,0.9068379367968061,0.9067026855193612,0.9067205395289627,0.9067477550314379,0.9067754634236649,0.906762257894937,0.9050893860942462,0.9050892525318078,0.9051109279298867,0.9051074638767894,0.905105039964778,0.9051080173299819,0.905110096477281,0.9051122137519159,0.9051097007933626,0.905114334578956,0.9051149652069415,0.9051155804814641,0.9051192352018487,0.9051074306867346,0.9051083364350956,0.9051354586800636,0.9051136614297473,0.9051188612235748,0.905118415853633,0.9051183242869809,0.9051228067284044,0.9051216253652369,0.9052168037144283,0.9052164205303005,0.9052316614550474,0.9052285986560897
130,0.9039249355985103,0.9019833223158579,0.9027583098457345,0.9009179809575667,0.9017054741787621,0.9456722279016357,0.9389728783914579,0.939150748088258,0.9306736416391037,0.9322724820276789,0.9322601885907859,0.9347479739866549,0.9346262788666179,0.9364669228833638,0.9375511544337081,0.936708659339065,0.9365098250566204,0.9361288784889352,0.926627832506648,0.9265870156484016,0.9266113301501762,0.9270393223477181,0.9259019750200199,0.9257430176125265,0.9258155234914017,0.9259622049642061,0.9264579861535462,0.9264925314472042,0.9265347996321287,0.9266551303056754,0.9264150240352227,0.9264623627702381,0.9268175132867013,0.9268584004216082,0.9267562895263718,0.9268649607173133,0.926960628735015,0.9270502659460239,0.9273563263695037,0.9283770309922385,0.9281082885800274,0.9281716797657921,0.9092543182141083,0.9092890760168368,0.909347704405958,0.9093298446945812,0.9093717125778207,0.9094178265188112,0.9091912552081381,0.9093543838835542,0.90940100106246,0.9093814874619146,0.9097361051782442,0.9097309137681419,0.9097166109677912,0.9097181298624851,0.9096368752311351,0.9096141403794038,0.9096633512940232,0.9096233484054284,0.9096463463034283,0.910536713540885,0.9103570985641461,0.9103803346160645,0.9104159076158964,0.9104516419149121,0.9104346547731778,0.9076866144205235,0.9076849422557487,0.9076539722188918,0.907632319630989,0.9076197311624088,0.9076341230232398,0.9076444084682775,0.9076417367646181,0.9076287842388916,0.9076527179997206,0.907655970754459,0.9076609844974978,0.9076802427183976,0.9076588493662197,0.9076633771683935,0.9077695531473907,0.9076492415242107,0.9076586961078865,0.9076557978859553,0.9076530904422906,0.9076611210751541,0.9076520337358286,0.9076983223452992,0.907696973041108,0.9077464597291199,0.9077365061995885
131,0.9021873338032801,0.8997650670218061,0.900800583630138,0.8985525043223122,0.8995304097341823,0.9618519450330193,0.9515063550790189,0.9517613333422473,0.9401746433386309,0.9422009330728709,0.9421901016516964,0.9453678117813127,0.9452180075713291,0.9476343915173882,0.9490820267635904,0.9479545209815426,0.9477019790506621,0.9471716800378693,0.9354305650260866,0.9352367472324247,0.9352679154951089,0.9360987807611887,0.9346445600475147,0.9344501946123548,0.9345393699857949,0.9347180198322601,0.9353209673534241,0.9353631280416119,0.9354129163232798,0.9355589491654486,0.9352692292153092,0.9353269914991941,0.9357560074313759,0.9357291765928353,0.9356123389321878,0.9357467381732957,0.9358460496131367,0.9359532106039086,0.9363173500224665,0.9370533410927923,0.9367283293822743,0.9368051389873988,0.9079581262162207,0.9079581544077994,0.9079581887131812,0.9079582025262063,0.9079582320784306,0.9079582604179369,0.907958236745671,0.90795826060951,0.9079582915164992,0.907958305329249,0.9079583888113518,0.9079584014027187,0.9079584175565139,0.9079584378610019,0.9079584348790428,0.907958448538888,0.9079584816420031,0.9079584895496043,0.9079585134800598,0.9079584603796096,0.9079583919150258,0.9079584152569923,0.9079584424452244,0.9079584615845656,0.9079584741227311,0.9079581183612285,0.9079581290265035,0.9079578969662935,0.9079578903036348,0.907957889904885,0.9079579084848766,0.9079579247641221,0.9079579303514292,0.9079579300104358,0.9079579546892275,0.9079579659380995,0.9079579768793364,0.9079579925333144,0.9079580031523532,0.9079580096566542,0.9079580617616055,0.9079579681190528,0.9079579816894299,0.9079579874407502,0.9079579936901218,0.9079580070087953,0.9079580088966949,0.907958018808409,0.9079580265203958,0.9079580560708608,0.9079580581328209
132,0.9016527352667263,0.8991137113056434,0.9002107397612076,0.8978538635021464,0.8988875014423764,0.9659845080439978,0.9548736693431357,0.9551436379851409,0.9429109897544392,0.9450058566535211,0.944996175547717,0.9482819218022794,0.9481289761463448,0.9506421975972198,0.9521524860986443,0.9509757438133124,0.950716615729624,0.9501567958692845,0.9381951637842851,0.9379201085188389,0.9379526009146779,0.938947576970193,0.9374418030692603,0.9372426371020869,0.9373342791657201,0.937517258843431,0.9381337371864175,0.9381774787621872,0.9382279347111051,0.9383771045708994,0.9380818920836494,0.9381409679205832,0.9385781878854373,0.9385310901116473,0.9384138475400007,0.9385529180005513,0.9386517496602133,0.9387604662930036,0.9391291054175561,0.9395976366390709,0.939268577492536,0.9393464177408206,0.9133265770110325,0.9133750650798187,0.9134573909399636,0.9134323233723866,0.9134910714035871,0.9135559889354796,0.9134616186568005,0.9134415122232394,0.9134990662222482,0.9134749783045466,0.9139072897718732,0.9139001445308595,0.9138825046066958,0.9138839699770043,0.9137818444233273,0.9137549926972578,0.9138130949909434,0.913776532417673,0.9138036244871077,0.9131166701314953,0.9129411075064847,0.9129680060953772,0.9130094812421122,0.9130507009192285,0.913031076387446,0.912703985132665,0.9126982493290889,0.911476147494216,0.911419015802358,0.9113881808490212,0.9114231074632776,0.9114480308910963,0.9114359914300327,0.9114042945603006,0.9114627138295288,0.9114706099181616,0.9114832035819714,0.9115303407429096,0.9115457461710769,0.9115562611350926,0.9118160951758199,0.9115394976713181,0.9115573113318634,0.9115504439288424,0.9115436464076936,0.9115594349691585,0.9115374499572247,0.9115257318713553,0.9115227919156164,0.9116274334626776,0.9116063753342348
133,0.9022802015104036,0.899672128022706,0.9007551188354629,0.8981627357930702,0.8993122116230778,0.9760783634686503,0.9708930751195151,0.9710443667232532,0.9631975473005974,0.9645778815132431,0.9645757751089138,0.9666777010625626,0.9665862011226057,0.9681174912607753,0.9690081772216789,0.9683173153523992,0.9681656420148356,0.9678244123453106,0.960814838556022,0.9605560362199936,0.9605792712918434,0.9614546124426789,0.9604379192009374,0.9603007571291993,0.9603645646182655,0.9604902506111602,0.9609062003819785,0.9609366916494984,0.9609697476116537,0.9610683979254017,0.9608737320657261,0.9609132474001336,0.961200447787336,0.9611481625983981,0.9610738558018562,0.9611729963385075,0.9612336029851045,0.9613033562692203,0.9615365012681804,0.9612634022113078,0.9610793532054388,0.9611233083267015,0.9478516921659852,0.9479263646767813,0.9480513440886627,0.9480135964363582,0.9481022724411807,0.9481987381903425,0.9480322276705123,0.9479914825638964,0.9480791858732613,0.9480427460463672,0.948684922073558,0.9486747080399542,0.9486497690567258,0.9486518334372305,0.9485054075471709,0.9484669356558032,0.9485503848002951,0.9484971842699691,0.9485360868279838,0.942501430030119,0.9421339867809753,0.9421865565458037,0.9422673031760672,0.9423443628437547,0.9423065418864821,0.9414302964346524,0.9414183486170956,0.9394915469835384,0.939361580989495,0.9392913166723923,0.9393707777708965,0.9394271398854456,0.9393999134389069,0.9393278960122243,0.9394599368758005,0.9394776020256094,0.9395056382939161,0.9396095500779179,0.9396439139455537,0.939667005641335,0.9402555321123096,0.9396603167573604,0.9396995678562563,0.9396845332801126,0.9396694778637922,0.939704234762851,0.9396557319184381,0.9396283583283744,0.9396218629124474,0.9398497081137576,0.9398042512237882
134,0.9019019984781337,0.8993485336006206,0.9004009636663224,0.8978198823371424,0.8989729670385036,0.9684213510310318,0.9669184727204839,0.9669845546248395,0.9625182833704807,0.9633347324562508,0.9633299010275606,0.964533832771923,0.964482823233463,0.9653042490156503,0.9657606600842145,0.9654107191507334,0.9653251660511493,0.9651539543373903,0.9605991692123753,0.9604571676105809,0.9604643751626898,0.9609471713574175,0.9605709770678962,0.9605096877807,0.9605392099305935,0.9605952923505716,0.9607726479504917,0.960789640102915,0.9608032463123347,0.9608425724531743,0.96076480929647,0.9607813560389356,0.9608949771980657,0.9608519236649381,0.9608231961340067,0.9608775803056279,0.9608966766335321,0.9609227589821029,0.9610065056060918,0.9600656169177267,0.960020477833699,0.9600317768408694,0.9519736162342612,0.9520046302363813,0.9520556149879339,0.9520402569074198,0.9520763924998292,0.9521150950606411,0.9520865418064981,0.952054741654552,0.9520901202645019,0.952075537308755,0.9523268877162144,0.952323158350966,0.9523139388931964,0.9523147039919844,0.9522586386646098,0.9522447015004442,0.9522750125929832,0.9522467737426,0.9522609151539138,0.9416673378838739,0.9414577404263506,0.9414890955204076,0.9415372866510054,0.9415813050122269,0.9415588705299619,0.9411839861087381,0.9411768914226419,0.9397782429175487,0.9397063914689301,0.9396677552874876,0.939711405837104,0.9397423590252374,0.9397274303826567,0.9396878355853812,0.9397602086752332,0.9397698451009695,0.9397850766772774,0.9398411868730564,0.9398599364957838,0.9398724963790429,0.9402355569579387,0.9399179811848505,0.9399390193680992,0.9399310193059565,0.9399228294954658,0.9399414598792264,0.9399154447857458,0.9399004957414465,0.939897044067023,0.940018229365552,0.9399941302484102
135,0.9017675793252343,0.8994316882912102,0.9003663864830096,0.897911922019569,0.8990125791112916,0.9579257312322698,0.9598276802137362,0.9597993987493322,0.9601826929616958,0.9601071196127927,0.9600956443656521,0.9600134886487274,0.9600128075180264,0.9598983065269631,0.9598200360560974,0.9598845003369306,0.9598744975320859,0.9599188717479475,0.9590094758039813,0.9591587672050677,0.9591396638108499,0.9587978185053998,0.9593708182568665,0.9594246559991341,0.959400477769148,0.9593504879202998,0.9591730725352376,0.9591699875876842,0.9591558379136433,0.9591090526269613,0.9591991825877002,0.9591817500499957,0.9590458828598362,0.9590202411480522,0.95905541513604,0.9590426591955498,0.9590016281730531,0.9589661841311232,0.9588436557078654,0.9574060851384346,0.957538469274179,0.9575072939232441,0.9562507260124629,0.9561819513925819,0.9560657558828756,0.9561004445203379,0.9560184947011533,0.9559294300157485,0.9561475908350172,0.9561323183936998,0.956052745829957,0.9560857103382151,0.9554995167700862,0.9555091860260095,0.9555322291775024,0.9555304070178725,0.9556647468063946,0.9557007015818463,0.9556222396589773,0.9556479432820368,0.9556113748663182,0.9369540304922539,0.9369540522295541,0.9369540652119944,0.9369540761932288,0.9369540795536356,0.9369540990972849,0.9369541231541154,0.9369541401687534,0.936954080513563,0.9369541085885612,0.9369541299502803,0.9369541379792408,0.9369541486413445,0.9369541669670867,0.9369541900321748,0.9369541897799013,0.9369542033702951,0.9369542127873782,0.9369542043168645,0.9369542146393409,0.936954217603157,0.9369541437495016,0.9369541902083184,0.9369541998374857,0.9369542146512186,0.9369542303525634,0.9369542407610887,0.9369542608422812,0.9369542783665222,0.9369542939017802,0.9369542613581757,0.9369542809681325
136,0.9064193582898662,0.9072303969312333,0.9073351290329719,0.9028694833716552,0.9024405192293943,0.9015354463128136,0.900638614196916,0.9006054287254797,0.9007111988631027,0.9004771716594109,0.9004256942866027,0.9001255146316398,0.9040521774304012,0.9039225860650021,0.9039073418529412,0.9039194824653543,0.9039207267866326,0.9035022466851739,0.9034591508155856,0.9034575478615224,0.9034306707147526,0.9034766683189801,0.9036120232966298,0.9036512053709649,0.9036510761303852,0.9038155755729583,0.9038187942344464,0.9038179487175615,0.9038727825777644,0.9039143451346228,0.9039070909425212,0.9039079608175796,0.9062525962696019,0.9062525939568449,0.9062525903030869,0.9062525885249076,0.9062525854892909,0.9062525834677498,0.9062525810169173,0.9062525803559067,0.9062525786293724,0.906252576548525,0.9062525845416942,0.906252582600561,0.9062525794929118,0.9062525773919975,0.9062525755933071,0.9062525740368229,0.906252573228834,0.9062525710090061,0.9062525691258841,0.9062525670613558,0.906252568233487,0.906252454231163,0.9062524503751843,0.9062524466640034,0.9062524428125279,0.9062524389108622,0.9062524349032922,0.9062524313687903,0.9062524277067796,0.9062524347713369,0.9062524394520739,0.9062524360662243,0.9062524320999027,0.9062524302638719,0.9062524267991385,0.906252430694595,0.906252427826747,0.9062524252790414,0.9062524220685254,0.9062524190268894,0.9062524157814618,0.9062524124061417,0.9062524098751599,0.9062524065760714,0.9062524024839389,0.9062523993134434,0.9062522837876387,0.9062522931933962,0.9062522893843391,0.9062522882276969,0.9062523062599935,0.9062523034608947,0.9062523002592466,0.9062522963949804,0.9062522921899699,0.9062522895546105,0.906252284533912,0.9062522798350011,0.906252275539636,0.9062522748026074,0.9062522699324703
137,0.9054442277125223,0.905624210812337,0.905670681220489,0.9044500188976377,0.9040250244977622,0.9029136247310453,0.9017503580463221,0.9017136470458319,0.9014173453936665,0.9012897908106028,0.901245941387703,0.9010996305742425,0.9039442331618566,0.9039045095124166,0.9039171074056495,0.9039164920973669,0.903917546530623,0.9031404897512666,0.9030029433045196,0.9029964437055744,0.9029666945447796,0.903042226489419,0.9031253262356883,0.9031406761662244,0.9031449950487512,0.903244568630398,0.9032545928500421,0.9032550253478152,0.9033062234837868,0.9033624813873886,0.9033522018938344,0.903354754659872,0.9050606224837234,0.9050585826778872,0.9050386375348858,0.9050395566493007,0.9050336992338336,0.9050337344729715,0.9050369587358446,0.9050400885505698,0.9050386495337042,0.9050361100321545,0.9049996237768062,0.9050015014475746,0.9049720049992661,0.9049700025300033,0.9049723901370038,0.9049748734433629,0.9049702517498027,0.904968138637056,0.9049703768621563,0.9049705870640843,0.9050011086360167,0.9042503564007,0.9042528351701998,0.9042524650833214,0.9042676340098018,0.9042720730788142,0.9042376840888137,0.9042418558038192,0.9042419813739666,0.9041612710545966,0.9041877117233271,0.9041841838943541,0.9041724295521155,0.9041670165738105,0.9041695449287248,0.904181656759436,0.904185221548377,0.9042183946175006,0.9042265023221137,0.9042310461934275,0.9042258735402398,0.9042222833448683,0.9042236433021511,0.9042283697288482,0.9042069244542174,0.904205178849683,0.9029885527904523,0.9030163411525955,0.9030165154512337,0.9030165972174742,0.9030204434281294,0.9030137629147593,0.9030149531122149,0.9030143147668263,0.9030142006400792,0.9030168090268496,0.9030147676157972,0.9030147297596135,0.9030147272633359,0.9030343299600745,0.903033848435964
138,0.9035356696936937,0.9031734996719138,0.9031750621389564,0.9030456121275717,0.9028731035755981,0.9016209962583088,0.9008389691391406,0.9008465847552339,0.9004120328999383,0.9003219635701185,0.9002748839398667,0.900171148657643,0.902578215006492,0.9026539854577743,0.9026621333084413,0.9026720757541451,0.9026760869344744,0.9013967811585368,0.9013456555851804,0.9013464566117527,0.9013100256907809,0.9013644207221025,0.9014829491411507,0.9014910201164903,0.9014957146822464,0.9015589625874129,0.9015538936904055,0.9015539401368716,0.9016052140076275,0.9016879401947434,0.9016832211820808,0.9016854337859848,0.9029408281705664,0.9029367921611587,0.9028994956916384,0.9028983427846013,0.9028834592578283,0.9028809562890178,0.9028771173986888,0.9028461581811996,0.9028516322095371,0.9028461793290243,0.9029193178679139,0.9029189229421405,0.9028757152622894,0.9028740508797423,0.9028739349237859,0.9028735552466287,0.9028719458407328,0.9028668591794071,0.9028666986256304,0.902868646531332,0.9028927749043804,0.9010824536528175,0.9010877376037765,0.9010870733237863,0.9011185832610089,0.9011275733117531,0.901074163231818,0.9010830680860897,0.9010804217170397,0.9009088335142702,0.900965093851741,0.9009575845778319,0.9009346721187107,0.9009229923104088,0.9009283846058626,0.9009545529022503,0.900960518428841,0.9010315339579336,0.9010490591965816,0.9010588671690226,0.9010477474584365,0.901039971598671,0.9010438067402058,0.9010539258108136,0.901019677723365,0.901016360952068,0.8984163553305713,0.8984507013711721,0.8984499802783285,0.8984496071799669,0.8984440163685066,0.898449303872556,0.8984498908240917,0.8984496261908188,0.8984498125822862,0.8984526597795021,0.8984522500779069,0.8984526944615089,0.8984528272880252,0.8984677384675234,0.8984682182609361
139,0.9019790453417251,0.9012474978015691,0.9012112268035695,0.901611205604823,0.9017685334294816,0.9004309662711034,0.9003655022468848,0.9004476744210672,0.900084399986872,0.9000219057046994,0.899968865143089,0.8998803672159951,0.9015793509998634,0.9018464206830439,0.9018560730262564,0.9018689097595993,0.9018728341756213,0.900012663546229,0.9000315230270087,0.9000377468874938,0.8999976227172533,0.9000311717213108,0.9001529156716838,0.9001577525295679,0.9001613584476875,0.90017646446604,0.9001576255131105,0.9001569707065644,0.9002024459664238,0.9003022867232835,0.9003020295336539,0.9003035371964278,0.9011563861178122,0.9011508251633028,0.9011024825376991,0.9011001914654703,0.9010793284772727,0.901074844092952,0.901067167250317,0.9010212459676413,0.9010297948141327,0.9010237547252034,0.9011576434844096,0.9011555456226702,0.9011140700542078,0.9011121268170988,0.9011104050061903,0.9011082257311456,0.9011089387575779,0.9011025482977786,0.9011008283512655,0.9011035114332373,0.9011170977982609,0.8992517404902736,0.8992576269019946,0.8992569283751833,0.899293020011635,0.8993032641748682,0.8992360207134678,0.8992462734416078,0.8992426277400912,0.8990461826352004,0.899110417865743,0.8991018334834208,0.8990713297640304,0.8990579843169659,0.8990641215846935,0.8990940826405764,0.8991022295969053,0.8991833222874079,0.8992034561741333,0.8992147035609236,0.8992019830961048,0.8991930555726435,0.8991980108620029,0.8992095753851463,0.8991711322393167,0.8991674444607385,0.8949457909883526,0.8949457981135022,0.8949458014530796,0.8949458026074577,0.8949457837282768,0.8949457875991104,0.894945791455883,0.8949457953335317,0.8949457995689916,0.8949458037648226,0.8949458078349036,0.8949458125920662,0.8949458168974513,0.89494581380575,0.8949458187378256
140,0.9008640308353795,0.9000592276608332,0.9000141019856344,0.9006307464756458,0.900870897972822,0.8993648566195291,0.8994391048495106,0.8995271167606077,0.8991337322097231,0.8990783043286127,0.8990231515280205,0.89894595256391,0.9004587230962808,0.9007071461212852,0.9007085635968437,0.9007281281130873,0.9007329867763809,0.8986169911596503,0.8988179677607816,0.8988406731935479,0.8988016257172717,0.8987800973386935,0.8989724073097759,0.8989927691418054,0.8989927446077494,0.8990699426250438,0.8990287858414113,0.8990269252556222,0.8990734064278832,0.8992085402990907,0.8992145612790965,0.8992147872547156,0.8998639275860477,0.8998577657117146,0.8998118196301083,0.8998074069697198,0.8997827313970708,0.8997774521785699,0.8997626427114735,0.899690136148906,0.8997045103167081,0.8996976800389171,0.8999366857255354,0.8999316866215475,0.8998846369795921,0.8998841546654343,0.8998788182028437,0.8998726393310857,0.8998789539525934,0.8998701063722857,0.8998649589072817,0.8998688555401512,0.8998573115690831,0.8976148564956882,0.8976204183376911,0.8976198387007381,0.8976526760762202,0.897661970317652,0.8976187266624006,0.8976282251465438,0.8976237824295465,0.8974457541796413,0.8975031141227579,0.8974953950615868,0.8974661128496265,0.8974541681723127,0.8974596364182676,0.8974865491946867,0.8974932947608603,0.8975669561180074,0.8975854920118546,0.8975958879600118,0.897584177729372,0.8975759527849234,0.8975817958660903,0.8975924101825338,0.897560367850458,0.8975571115017176,0.8946642889786702,0.894686418082817,0.894684436365085,0.8946837897952039,0.8946710380295625,0.8946867525439928,0.8946874391737232,0.8946877587099209,0.8946882040615939,0.8946859687061536,0.8946857073965482,0.8946865339040911,0.894686764128017,0.8946802865418,0.894681767368866
141,0.8993521297556987,0.8987887891221632,0.8987492906282715,0.8999861593086818,0.9001888168612849,0.8980881030835549,0.8982480554684814,0.8983408268493106,0.8979577599717491,0.8979233611092631,0.8978684072093223,0.897827595648024,0.8988028162457451,0.8990535579046687,0.899073208812079,0.8990765999336455,0.8990773887928282,0.8966668687809795,0.897141598325218,0.8971945128589963,0.8971710706941377,0.8970692472729574,0.8973270458214491,0.8973721134118793,0.897364469475132,0.8975031349386152,0.8974253916088767,0.8974218202672918,0.8974693841753782,0.8976916535542815,0.897703252032108,0.8977018502159946,0.8980009962092372,0.8979953338949831,0.8979778958960666,0.8979718612661045,0.8979473687873394,0.8979418549439674,0.897921844757832,0.897834574641514,0.8978524476099865,0.8978462899810096,0.8981583860200839,0.8981510516384197,0.8981103686351022,0.898111167863855,0.8981027883351327,0.898093286623053,0.898104743572057,0.8980935105166211,0.8980854916906251,0.8980899291021797,0.8980495788596263,0.8963018460415362,0.8963045182704311,0.8963043552732313,0.8963190293190335,0.896323257857124,0.8963152657971597,0.8963195481837755,0.8963176421477349,0.8962393594254814,0.8962638844501474,0.8962605453618642,0.8962399308371795,0.8962348984905008,0.8962371991091445,0.8962486771960382,0.896252445388131,0.8962844438939332,0.896292654744739,0.8962973018529764,0.896292154753797,0.8962885197754344,0.8962939113152457,0.8962985653315858,0.8962841582376052,0.8962826866966486,0.8950151462783775,0.8950444815286884,0.8950427376050306,0.8950429213363605,0.8950468809053723,0.8950412897919939,0.8950415786073337,0.8950412809324875,0.8950411794478375,0.8950304531946679,0.8950276763856796,0.8950276942709058,0.8950276912791095,0.8950293282581765,0.895029209579062
142,0.898533385014279,0.8984012713596884,0.8983735016691555,0.900032602871471,0.9001278813854732,0.8972935428887848,0.8974532135444133,0.8975520401665131,0.8972652764273881,0.8972435590510822,0.897190543832993,0.8971678455274872,0.8977239832728268,0.8980227961638453,0.8980699511361147,0.898050121948063,0.8980451547348245,0.8954887780875486,0.8960418343959082,0.896112034584112,0.8961232548935836,0.8960040341212305,0.8962278695632,0.896283952309255,0.8962717384668341,0.8964171412473149,0.896327435090665,0.8963240175809931,0.8963673645785986,0.8966530324719795,0.8966606347433985,0.8966590700343494,0.8967450741017342,0.8967407196296513,0.8967938708761211,0.8967894990162192,0.8967645678007836,0.8967605728380648,0.8967466976897842,0.8966913416565608,0.8967024746365072,0.8966991334477923,0.8969287990735778,0.8969224702309346,0.8968955808502811,0.8968949182639465,0.896887828806665,0.8968798737836129,0.8968893277972358,0.8968782087130821,0.8968715210641607,0.8968747779652619,0.8968345367967249,0.8962284242962764,0.896229507133721,0.8962294365066829,0.8962344919918689,0.8962359958194734,0.896242321491723,0.8962433455094164,0.8962428422433092,0.896215285847898,0.8962237061934807,0.8962225373073772,0.896204806655525,0.8962032272188009,0.8962039539117729,0.8962075347791159,0.8962097623461331,0.8962202496075522,0.8962228918723728,0.8962244681147974,0.8962227115520339,0.896221505365992,0.896223668081786,0.8962252340868865,0.8962197294461519,0.8962191881804086,0.8956888007057762,0.8957071772518975,0.8957052055926548,0.8957062314055174,0.8957263711024389,0.8957005394736705,0.8956774373250477,0.895676532049468,0.8956757976998321,0.8956855233544835,0.8956807346432891,0.8956795365680569,0.8956792205859306,0.8956909756812654,0.8956887591807501
143,0.8985677050647414,0.8986144411260742,0.898590909765925,0.9003211153869974,0.9003757822594761,0.8973963373215302,0.8973632207681207,0.8974268312059033,0.8970837598301052,0.8970791585028219,0.8970328766251968,0.8970623527136448,0.8974856798437018,0.8977217614639263,0.8978051164493035,0.8977530976717595,0.8977425642749244,0.8956549636072018,0.8962032906517542,0.8962827241647141,0.8962855089124228,0.8961793008798504,0.8963406004992108,0.8963999850608744,0.8963856127642125,0.8965186379946103,0.8964158147195842,0.8964114800065072,0.8964636987214214,0.8968596758150463,0.89685967724829,0.896859676546206,0.896859681560965,0.8968596789814273,0.8968596871098247,0.8968596862714847,0.8968597008682533,0.8968597002306143,0.896859697595643,0.89685968584449,0.8968596882472423,0.8968596875331959,0.8968597320146521,0.8968597318796584,0.8968597290618392,0.8968597297960419,0.8968597292750349,0.8968597284468268,0.8968597312606357,0.896859729956581,0.8968597293943492,0.8968597306808462,0.8968597227630537,0.8968596081886495,0.8968596069031317,0.8968596056204785,0.8968596043301916,0.8968596029941557,0.8968596033078647,0.896859601821475,0.8968596007689119,0.8968596022127721,0.8968596042781951,0.8968596030334448,0.896859598926266,0.8968595981953004,0.8968595969782279,0.8968595991314398,0.8968595982300093,0.8968595975621532,0.8968595964658916,0.8968595953884635,0.8968595942389788,0.8968595930327661,0.8968595933892035,0.8968595922316823,0.8968595909717353,0.8968595898017936,0.8968595391524286,0.8968595449887207,0.896859541423439,0.8968595409527247,0.8968595472399303,0.8968595464429369,0.8968595367163612,0.8968595350909992,0.8968595334110291,0.8968595065422911,0.8968595040010613,0.8968595017936909,0.8968594998148555,0.8968595021511593,0.8968595000380315
144,0.8983590734590071,0.8987042715181534,0.898681402134338,0.9004219386281918,0.9004114228115964,0.8969269722684798,0.896937057900246,0.8969836750964366,0.8967451509869867,0.8967482401359828,0.8967081228223912,0.8967530255505637,0.896955722661069,0.8971799587791112,0.8972792494441589,0.8972123005007702,0.897198201274924,0.8954072688958511,0.8958945235749645,0.8959805765740209,0.896000224174178,0.895927613323084,0.8959770648696394,0.8960351606239463,0.8960197988506371,0.8961298336230152,0.8960300147564115,0.8960262459733705,0.8960744361214253,0.8963688010314181,0.8963795945864419,0.8963769257133771,0.8963299334636399,0.8963053348716189,0.89640683179796,0.8964037799163029,0.8965843637535198,0.8965808252212965,0.8965710729394787,0.8965295969560206,0.8965388299924133,0.8965367172471989,0.8966905210002881,0.8966882489180378,0.8966817727196332,0.8966799449590195,0.8966771859916578,0.8966739508382218,0.8966838805737372,0.8966860865419457,0.8966833800331635,0.896684584896768,0.8966667783950985,0.896724058809262,0.8967244919363639,0.8967247238466243,0.8967259607921467,0.8967263175374209,0.8967326341779411,0.896730317596012,0.8967301731067263,0.8967202121438939,0.89672428521692,0.8967237041459807,0.8967093348752596,0.8967083669356262,0.896708802093729,0.8967154633080762,0.8967162881772232,0.8967197503236887,0.8967204203705054,0.8967207395496286,0.8967203792148433,0.896720152013274,0.896725322685384,0.8967256616415878,0.8967251053058639,0.896724970456568,0.8967875592213417,0.89680327129564,0.8967850244647547,0.8967850168551548,0.896782257337917,0.8967846284608216,0.8967073988642421,0.8967072847612325,0.8967072767098982,0.8966029410801158,0.8966018926350882,0.8966009199680304,0.8966009328346152,0.8966005434126672,0.8966005831308975
145,0.899077341900865,0.8996911401944789,0.8996623402621361,0.900879759323332,0.9007878477298337,0.8971892165592811,0.897518671898251,0.8975195202544207,0.8972772422380253,0.8973536903381426,0.897322480140204,0.8974605341588667,0.8974170176983052,0.8975787141942521,0.8976858413920085,0.8976067030865691,0.8975879844014634,0.8968535278888918,0.8966611341765063,0.8967176538757844,0.8966751415363527,0.8968133213171535,0.8964144463272982,0.8964373627660348,0.896432405538839,0.896491575925442,0.8964556938845247,0.8964546527825505,0.8964944141246175,0.8966196926535509,0.8966212985663318,0.8966210283283603,0.8965893254117896,0.8965809496880992,0.8966163012783225,0.8966174862712138,0.8972519527550498,0.8972497511321968,0.8972437950017352,0.8972303697522717,0.8972378120193528,0.8972361187843395,0.8973234793233213,0.8973204484845246,0.8973135436998404,0.8973135544025879,0.8973098142931748,0.8973054459505936,0.8973406142644509,0.897608849710896,0.897603932166813,0.897606117441872,0.89757410540193,0.8976006262705774,0.897601433336588,0.8976017388996783,0.897605072832334,0.8976060025765213,0.8976080538667061,0.8976027677355185,0.897602203263839,0.8975798468903076,0.8975877993381884,0.8975866972257446,0.8975728149595288,0.8975707149831696,0.8975715824077355,0.8975991771378486,0.8975997295110115,0.8976062451730313,0.8976064645329015,0.897607046663428,0.8976074876465804,0.8976070629039246,0.8976172216025987,0.8976178457157484,0.8976166349208373,0.89761641781267,0.8976709744094332,0.8976881896357919,0.8976346660182665,0.8976344581956912,0.897627013037829,0.8976348913930094,0.8976052328365479,0.8976054270773538,0.8976057260583242,0.8974840908920053,0.8974837257459929,0.8974798980724633,0.8974799619521385,0.897477842424062,0.8974782231671269
146,0.8999154103832654,0.9004998039315085,0.9004766640268201,0.9014201972415926,0.901325750224056,0.8982385176944696,0.8986562044451443,0.8986521025378637,0.8980599586926541,0.8982260581086823,0.8981944906663667,0.8984500606390039,0.8983664281295136,0.8985685805936405,0.8986980231479138,0.8986005051861611,0.8985743189866342,0.8981186315578396,0.8971863157571529,0.897219638325635,0.8971618370046037,0.8974667567260803,0.8968058539638321,0.8968054513226877,0.8968094098578997,0.8968673587917562,0.896888696866726,0.896892635291543,0.8969326222242067,0.8970282746888016,0.8970072241885441,0.8970112754682275,0.8970188470757067,0.897103167629771,0.8970825084523228,0.8970911252137042,0.8978907367736362,0.8978926863281872,0.8978998919661855,0.8979586710730039,0.8979562778865531,0.8979568982033028,0.8977870256781957,0.8977855965392217,0.8977821193769396,0.8977824021286904,0.8977805094945863,0.897778132820141,0.8978312544262103,0.8984255493613246,0.8984213331123383,0.8984232087377534,0.8983943924162485,0.8984173979582376,0.8984183412075968,0.8984185723507108,0.8984229720645786,0.8984241901941135,0.8984233698062026,0.8984163958502791,0.8984154913843891,0.8983875503917658,0.89839746792058,0.8983961271081647,0.8983861413392787,0.8983835705642919,0.8983846229392828,0.8984355034935723,0.8984357451022466,0.8984436248020626,0.898443644864427,0.8984442213844386,0.8984448213344891,0.8984443981015109,0.8984544398146834,0.8984550470297241,0.8984538040663521,0.8984536050039489,0.8984846572628364,0.8984930779090742,0.8984565395610827,0.8984564504249984,0.8984521481578066,0.8984566109187478,0.8984736771954173,0.8984737429050142,0.8984739299027539,0.898407268710061,0.8984068894412359,0.89840246731851,0.8984024826683261,0.8984022682752539,0.8984023129001308
147,0.9005267550560025,0.9010318095909646,0.9010376731827935,0.9016518859105692,0.9015683555646551,0.8997351494431114,0.9000100104943168,0.9000107801624334,0.8988236771877033,0.8990819486811215,0.899050347153254,0.8994344723367489,0.8993378813812044,0.8996008948351216,0.8997589540988512,0.8996389564923174,0.8996020625194033,0.8993295405335214,0.8975014063522588,0.8975203047555725,0.897469576369622,0.897920601507139,0.897130758596043,0.8971094230834412,0.8971216717983516,0.8971828281026173,0.8972612103506578,0.8972714683858948,0.8973098512630633,0.8973884073032624,0.897342974985902,0.8973511724499666,0.8973992225474047,0.897609428904964,0.8975584508073906,0.8975757357879744,0.8983601356960442,0.8983678927813632,0.8983949962312361,0.8985654627207604,0.8985471168932704,0.8985514645338577,0.897979496989843,0.8979792918302116,0.8979782357508801,0.8979783552939928,0.8979779122091425,0.8979770718653944,0.8980568638580406,0.8991098045611225,0.8991061832566176,0.8991077952385912,0.8990823840265676,0.899108461857482,0.8991095427694762,0.89910976485277,0.8991151409165102,0.899116653185032,0.8991141366572477,0.8991051550138931,0.8991039157882803,0.8990726764863786,0.899084406445564,0.8990828195502379,0.8990753454463712,0.8990723572832896,0.899073575131356,0.8991581937487441,0.8991583204294804,0.8991683786089721,0.8991695650857336,0.8991701697170276,0.8991705330006772,0.8991700852398621,0.8991779293135737,0.8991785413409141,0.8991772819842851,0.8991770920779746,0.8991921864354611,0.8991946729286864,0.8992214919149554,0.899221485199381,0.8992192660764752,0.8992216098446509,0.8992497680730726,0.8992497351876757,0.8992497879318041,0.8992274568461341,0.8992271405542454,0.8992244113788118,0.8992244099518729,0.8992249877591072,0.8992249144458049
148,0.8991019284150225,0.8987506065449833,0.8991553734317107,0.8985925183460314,0.8988193879038908,0.9101762506597777,0.9050971697356509,0.905194365916985,0.9001658075681994,0.9008432211785447,0.9008085321315028,0.9019578686551772,0.9018568308009083,0.9027601795114412,0.9033429954071349,0.9028877019934253,0.9027556976692902,0.9025803357806702,0.89661577414251,0.8965838505016808,0.8965970953928459,0.8973459381727803,0.8966322076806523,0.8965637957140777,0.8965955231182391,0.896676091322206,0.8968978781411271,0.8969287406616594,0.8969610076865403,0.8970296134414056,0.8969165277019655,0.8969349049678403,0.8970925018189395,0.8977826294228761,0.8976950744948863,0.8977413003328338,0.8981332925009139,0.8981669248169186,0.8982850985742619,0.8989525073450336,0.8988522275587442,0.8988755306653996,0.8964482264634842,0.8964498963646221,0.896451770881736,0.8964513827366634,0.8964529370627684,0.8964539250481811,0.8965917125181632,0.8993146529556273,0.8993146504921856,0.8993146477370336,0.8993146504116943,0.8993146503970196,0.8993146478407924,0.8993146453009204,0.8993146426610186,0.8993146400493874,0.8993146375136203,0.8993146361889388,0.8993146338979893,0.8993146474383441,0.8993146519973014,0.899314649731714,0.8993146470021971,0.8993146458387129,0.8993146437182948,0.8993146567943495,0.899314654913838,0.8993146607875175,0.8993146594084958,0.8993146578860961,0.8993146560445417,0.8993146539923652,0.8993146527953692,0.8993146511558577,0.8993146492017451,0.899314647325074,0.8993146461553225,0.8993146456376816,0.8993146507833638,0.8993146500816894,0.899314652686893,0.8993146580238834,0.8993146602962384,0.8993146589345663,0.8993146579396746,0.899314656905575,0.8993146556136833,0.8993146670311544,0.8993146655944529,0.8993146660345787,0.8993146646819365
149,0.8998969726375438,0.8986067596661794,0.8993278589533723,0.8980696533730474,0.8985891904304109,0.9249826850044698,0.9156598833301202,0.9158584037646743,0.9066879589761773,0.9079936659025833,0.9079576317985232,0.9101689882241645,0.9100351684499657,0.911826900263949,0.9129608538294564,0.9120732074505035,0.911845705739301,0.9114786999641444,0.9010449412165561,0.9010578455245553,0.9010815708910022,0.9021190755279354,0.9011988794325034,0.9010831663293566,0.9011352011494252,0.901250411587149,0.9016226004172034,0.9016594578155605,0.9016977422650431,0.9017954071139966,0.9016075683282514,0.9016412101375,0.9019142855321962,0.9024200255709778,0.9023147918717154,0.9023972915889785,0.9026474505315951,0.9027152002549756,0.9029513448230241,0.904121623595615,0.9039140243449802,0.9039622873941774,0.8975684153537163,0.8975696960863402,0.8975712126329902,0.8975708691548919,0.8975723728802588,0.8975735263084637,0.8977435806688399,0.899091603562459,0.8990956450538053,0.899094026931519,0.8991293813670571,0.8991328851955777,0.8991317268780057,0.8991319151091781,0.8991246371943588,0.8991230759575675,0.8991266535745492,0.8991257891425313,0.89912744641247,0.8993460937116177,0.8993432878900807,0.8993450250162137,0.8993468966299558,0.8993502074183266,0.8993487977494897,0.8991934241805081,0.8991942649089274,0.8992333728807038,0.8992411288234514,0.8992452243864377,0.899241281643132,0.8992380389506301,0.8992416258168687,0.8992458223757394,0.8992379695450536,0.8992368823715331,0.8992343641144281,0.8992283079000223,0.8992424993553273,0.8992409728886324,0.8992128735350412,0.8992604617595488,0.8992665301800327,0.8992677267053474,0.8992711730300907,0.8992734038221857,0.8992775561083909,0.899519692488219,0.899519699772299,0.899519589164343,0.8995196279631077
150,0.8993146513684287,0.8978887615195945,0.8986914363178914,0.8973460752936214,0.8979025026940461,0.9272023159613503,0.9168333338267812,0.9170518934525161,0.9071409515233151,0.9085540618430162,0.9085164815018524,0.9109109778590503,0.9107702635796121,0.9127236617219247,0.9139617271615893,0.9129925116111615,0.9127456705821172,0.9123427618276376,0.9009202911324321,0.9009323041496224,0.9009599259737845,0.9020129826571238,0.9010711148288983,0.9009512768206022,0.9010050888226147,0.9011231395846191,0.901508724627227,0.9015466806793176,0.9015851164883925,0.901685085863664,0.9014904729449151,0.9015253584392037,0.9018090623205921,0.9023199965516449,0.902213464225727,0.9022994878896139,0.9025266401254204,0.9025976480403649,0.902845135710876,0.9040667505228992,0.9038481254326821,0.9038989449720553,0.8971336486627055,0.8971341085281885,0.8971341891446981,0.8971342961034494,0.897134752989497,0.8971346972796141,0.8972968634755191,0.898543512118295,0.898545762509709,0.898544907301959,0.8985660835907472,0.8985690691924701,0.8985685482493051,0.8985686663532896,0.8985649436238276,0.8985643206592961,0.8985659028512503,0.8985692382541753,0.8985699402060503,0.8987727882067882,0.8987804922800575,0.8987811639592708,0.8987813147367442,0.8987830389933922,0.89878241553644,0.8986281246174851,0.8986291326803946,0.8986634131900357,0.8986729671110582,0.8986781415906353,0.8986730458561902,0.8986689370334843,0.8986729385979593,0.8986782476010149,0.8986683395541611,0.8986669726793027,0.898664019080719,0.8986561736073091,0.8986596941930972,0.8986578733005033,0.8986240757492554,0.8986803085908953,0.8986862205423286,0.8986876321198652,0.898691656037578,0.8986929228809196,0.8986977697920179,0.8989768056632588,0.8989768054458809,0.8989768033413754,0.898976803517311
151,0.8996882711925059,0.8974300807516536,0.8985076231352228,0.8965195382023453,0.8973789904054172,0.9475351352213754,0.9345084557846416,0.9348050719156876,0.9215306322426104,0.9236344165246044,0.9236066476697765,0.9270099012860495,0.9268396787285152,0.9295510000082197,0.9312176869324139,0.9299164017984766,0.9296141642222042,0.929022670092129,0.9141644506347337,0.914117361185856,0.9141437209602618,0.9152227122051886,0.9139855461155167,0.9138207497627165,0.9138954462115806,0.9140484812638198,0.9145676770283423,0.9146066920493574,0.9146510244935143,0.9147793422535626,0.9145248027297797,0.9145744175818248,0.9149509490008734,0.9150312260391589,0.9149205604177436,0.9150369705346595,0.9151583009561127,0.9152539168134262,0.9155824322568387,0.9165593023590618,0.9162572726129539,0.9163281288004389,0.8996170357748758,0.8996355340964366,0.8996658785586216,0.8996567790071638,0.8996782954089745,0.8997012678115486,0.8997520204068244,0.9000436762425907,0.9000657898647932,0.9000567162318809,0.9002128162774026,0.9002115696979013,0.9002058683032323,0.9002063667686965,0.9001718179671198,0.9001629831941234,0.9001822380427985,0.9001366761061022,0.9001457390680789,0.900279641956959,0.9002742796710608,0.9002802758518333,0.9002891028350745,0.9002967242624907,0.9002924481790093,0.9000447151597293,0.9000444501273365,0.8994199930816974,0.8994181813466726,0.8994171737880594,0.8994185513415885,0.8994194159874257,0.899420557415363,0.8994195459104986,0.8994213713807686,0.8994216061654727,0.8994217341483377,0.8994231917196954,0.8994096476389236,0.8994101444893692,0.8994424115430747,0.8994386212902211,0.8994419898542301,0.8994419130573288,0.8994420356439038,0.8994438549800636,0.8994438284643096,0.8995272818504777,0.8995270896975259,0.8995348900320663,0.8995333786100856
152,0.8973422138695791,0.8948005213408226,0.8960183290475227,0.893807183683899,0.894804482762258,0.9487782777187385,0.9363975297529084,0.936694539455374,0.9232132638012764,0.9253454426423743,0.9253178713692414,0.9286639932339313,0.9285016970687664,0.9312206676330015,0.9328815000859365,0.9315900603056654,0.9313069071334317,0.9307040698617204,0.9149849335196644,0.9144983521129686,0.91451581617297,0.9154800900738285,0.9144493602879281,0.9143136206242812,0.9143772342907279,0.9145028745129324,0.9149265178154062,0.9149641272028287,0.9149988056864417,0.9151017401174041,0.914899867599535,0.9149408291313503,0.9152413285249622,0.9151809523373475,0.9150999558752517,0.9152054599868676,0.9152772897122752,0.9153521673000069,0.9156059053007047,0.9148176298606524,0.9145620167645131,0.9146225496423851,0.8982960262193583,0.8983775440990495,0.898516469535074,0.8984740187482899,0.8985734699257064,0.8986837585849028,0.8986099904846744,0.8986456390471808,0.8987405354329528,0.8987007252180579,0.8994190664472604,0.8994074087803836,0.8993776527249132,0.8993800490120056,0.8992072958808124,0.8991628110139169,0.8992590121794536,0.8991796413224825,0.899224721379705,0.8986498842703952,0.8985199811158905,0.8985548869629378,0.8986088036806898,0.8986648844118595,0.8986392302934797,0.8988157164882573,0.8988092459087982,0.8958708975671934,0.895840303117474,0.8958238309810842,0.895842549012461,0.8958560018565878,0.8958499048786733,0.8958328993115143,0.8958643540646347,0.8958686459288239,0.8958754884635748,0.8959016363080721,0.8959064431150421,0.8959124569993812,0.896110201677936,0.8959544192522405,0.8959647170761288,0.8959609284179534,0.8959580802046981,0.8959670884143045,0.8959551487684102,0.8959698457298997,0.8959682222881932,0.896027224189309,0.8960152501652899
153,0.8979777325286336,0.895376976235523,0.8965546663518857,0.8942284864879937,0.8952915964181254,0.9501495370825169,0.9413364720755084,0.941577501347324,0.9297464153022671,0.9317148648409496,0.9316973549324915,0.9346932402487043,0.9345549460933907,0.9369045695739914,0.9383029850465564,0.9372203360585649,0.9369904387566272,0.9364712926954893,0.9235124412244365,0.9228028936712256,0.9228223377411747,0.923858164611452,0.9227937086758429,0.9226525393871503,0.9227198647470305,0.9228505582718457,0.9232869611343217,0.9233278980624336,0.9233629860555879,0.9234677219530633,0.9232634835209458,0.9233055884639353,0.9236099550998093,0.9235287389955658,0.9234493981868953,0.9235636317452737,0.923629568583208,0.9237045175629763,0.9239560387419562,0.9222235244745971,0.9219799932332979,0.9220380179723902,0.9052118321108018,0.9053319217986912,0.9055361875914287,0.9054738973113952,0.9056198919994216,0.9057813155682034,0.905624916395524,0.9055933694766878,0.9057333210057202,0.9056746808884055,0.906727368690018,0.9067100595519326,0.9066668147985705,0.9066703263622906,0.9064187998754446,0.9063537652812547,0.906494456440891,0.9064004242791323,0.9064662618630468,0.904270898830656,0.9040593961408387,0.9041103384304257,0.9041890971306041,0.9042682555155557,0.9042309455882529,0.9042939725726558,0.9042841972067343,0.8991438721123849,0.899107379004709,0.8990877118319096,0.8991100058469156,0.8991259799613838,0.8991183220378298,0.899098057311983,0.8991354906927972,0.8991405791393872,0.8991487095544719,0.8991793377509136,0.8991891259536304,0.8991960203323606,0.8993933493493979,0.8992128885598922,0.8992243932669222,0.8992199702781458,0.8992157846302937,0.8992259909255731,0.8992118908536086,0.899207736176801,0.8992058491256676,0.8992735781934728,0.8992598709955767
154,0.8972524914975969,0.8947375311407649,0.8958553733105864,0.8936122495309538,0.894652224667029,0.9434716148675554,0.9368338712250613,0.9370329818030326,0.9267307780405719,0.9284723391125953,0.928455106360056,0.9310343070153551,0.9309164472337558,0.9329421458829014,0.9341328708530339,0.9332157460503981,0.9330271267364971,0.9325859362797557,0.9207416898519623,0.9198428530842289,0.919856669155418,0.9207464946612645,0.919899965012479,0.9197867476583257,0.9198423425530168,0.919947852144912,0.9202981372455812,0.9203369347972632,0.9203649105369625,0.920448423633826,0.9202873181601753,0.920321285692924,0.9205628317420941,0.920481137357302,0.9204190915281939,0.9205198553993177,0.9205696079853551,0.9206289598013356,0.920826784577868,0.9181114148655227,0.9179120630848396,0.9179597931506421,0.9039146074219052,0.9040329370945818,0.9042339372634932,0.9041727596013295,0.9043164495234924,0.9044748947603738,0.9043177179507176,0.9042771030921272,0.9044145761686848,0.9043570931337048,0.9053898328757403,0.905372913158831,0.9053307337979613,0.9053341914950023,0.9050882190758793,0.9050247646271746,0.905162318512273,0.9050719124477393,0.9051364273968667,0.9023457354999019,0.9022031018279342,0.9022503439592541,0.9023234780668821,0.9023964151160279,0.902361845432197,0.9024204340351739,0.9024113724241188,0.8959761049583536,0.8959761021879445,0.8959761028841607,0.8959761138424247,0.8959761236570694,0.895976127543723,0.8959761283033841,0.8959761424626405,0.8959761494974118,0.8959761561894988,0.8959761648729121,0.8959761729356589,0.8959761768927044,0.895976219236934,0.8959761587907733,0.8959761674812325,0.8959761713033275,0.8959761756463109,0.8959761842341154,0.8959761856061298,0.8959761894342153,0.8959761945114719,0.8959762128732394,0.8959762143853738
155,0.8978846552259919,0.8962321715999111,0.8969069663392184,0.8953337888634662,0.8960720707584008,0.9226973604051338,0.9229410521012199,0.922962807908669,0.9206316156263302,0.9211122081276831,0.9211059159881303,0.9217266479980312,0.9217013734335264,0.922112926122655,0.9223243241539922,0.9221693338138345,0.9221373283000917,0.9220627967329913,0.9186769608617226,0.9182518798475349,0.918248960293612,0.9183964536539276,0.9184001160611192,0.9183896065897785,0.9183976393821447,0.9184082497125945,0.9184334442903876,0.918446361607708,0.9184479797442153,0.9184509222626001,0.9184474366318717,0.9184498293588462,0.9184561100712554,0.9184196404844276,0.9184194328273823,0.9184507999738507,0.9184458686417146,0.9184460348166269,0.9184421179558392,0.9156353539424649,0.915674060849044,0.9156656608581891,0.9123519677248797,0.9123732295052993,0.9124076368344105,0.912397505603327,0.9124220438810399,0.9124473928644683,0.9124569890608094,0.912433714840602,0.9124560300691864,0.9124471000366334,0.9126001971958154,0.9125981240027686,0.912592835330924,0.9125933870886975,0.9125598001898573,0.9125518082713858,0.912569802931792,0.9125436548311077,0.9125521623789346,0.9061799994581116,0.9062736174748774,0.9062823373048929,0.9062960651788642,0.9063048083916151,0.906298484234819,0.9063741499406822,0.9063724335682688,0.904743556765949,0.9047482391126026,0.9047509719861504,0.9047477546959906,0.9047457265239551,0.9047468211134869,0.9047494382628792,0.9047442965278726,0.9047435897175692,0.9047424188521361,0.9047380887131584,0.904736567135525,0.9047362029885571,0.9048408369374679,0.9048121724168222,0.9048138146735842,0.9048131434553324,0.9048122082884372,0.9048136908838235,0.9048116201564863,0.9048092056598458,0.904809013362971,0.9048183365373983,0.9048164766997921
156,0.8992631944436574,0.8979419523224644,0.8984619910623606,0.8970656905706802,0.8977033894388952,0.922323292714891,0.9249390816226597,0.9248835782962728,0.9270157494753515,0.9266087474455699,0.9265937951757093,0.9260560535616196,0.9260722719292956,0.9256402021202718,0.9253870207240941,0.9255838645054139,0.9255980361193406,0.9257093670147131,0.9263249981460188,0.9265899938348403,0.9265636169045252,0.9259383254093643,0.9267336369476317,0.9268190274242222,0.9267785646852128,0.9266988354215945,0.9264262229001898,0.9264181343310421,0.9263966007144803,0.9263279442000782,0.9264593017247716,0.9264326826231514,0.9262346877263699,0.9262197980274065,0.9262701097031113,0.9262397297523971,0.9261854739386434,0.9261353841839566,0.9259661147117916,0.9245113563621717,0.924683480049475,0.9246422856010222,0.9261818035412948,0.9260930636082836,0.9259445969604233,0.9259884162811357,0.9258836834134193,0.925771729549205,0.9260187900258299,0.9260115899372146,0.9259103680335757,0.9259517446239672,0.9252150455661635,0.9252268975869139,0.9252549226457855,0.9252525676345609,0.9254189513710632,0.9254624453460579,0.9253663521541994,0.9254018322797023,0.9253569110298138,0.9164851377929547,0.9168262275030681,0.9168089328064076,0.9167818683885929,0.9167655345727591,0.916777893493358,0.9170493729944269,0.917052801211527,0.9168115643617645,0.9168727375293455,0.9169041671793939,0.9168687618299963,0.9168429848451352,0.9168554333152019,0.916888254560962,0.9168284781030658,0.916820414491305,0.9168077576132737,0.9167617255060877,0.9167447822117704,0.9167338432041923,0.9165580193825886,0.9168415825065316,0.9168240637907621,0.9168304101997078,0.9168372549442748,0.9168216772485694,0.9168433975205788,0.9168525839087498,0.9168553186997527,0.9167550900630039,0.9167757793141984
157,0.9083550111582348,0.9083551621729072,0.9083552017923975,0.9083549947455191,0.9083549699629568,0.9083552026737577,0.9083552417168744,0.908355251286274,0.9083552741599578,0.9083552634924706,0.9083552557734321,0.9083552427306274,0.9083552837377429,0.9083553365903154,0.9083553338899933,0.9083553340270779,0.9083553330804475,0.9083553116373122,0.9083553123764678,0.9083553114976473,0.9083553084726371,0.9083553081947429,0.9083553101433048,0.908355310515288,0.908355308683256,0.9083552682432999,0.908355266832886,0.9083552642355888,0.9083552628824334,0.9083552609766458,0.9083552575820865,0.9083552550128574,0.9083552962135841,0.9083552943830472,0.9083552911269733,0.9083552904333552,0.9083552889933761,0.908355287085118,0.9083552871723439,0.9083552949470447,0.908355292247478,0.9083552924470061,0.9083552694907189,0.9083552683963947,0.9083553454033461,0.9083553447528273,0.9083553450252924,0.9083553453716651,0.908355344764496,0.9083553444810856,0.9083553447301953,0.9083553442095875,0.9083553470428427,0.9083553502002909,0.9083553497561133,0.9083553496780061,0.9083553490207874,0.9083553487128561,0.9083553421774542,0.9083553416732517,0.9083553412383493,0.9083553471268482,0.9083553456162698,0.9083553456861131,0.9083553449358995,0.908355345182733,0.9083553448511228,0.9083553442029785,0.9083553451461837,0.9083553426694688,0.9083553419070938,0.9083553413875984,0.9083553416014051,0.9083553417015406,0.9083553416459824,0.908355341077355,0.9083553363022081,0.9083553362527135,0.9083552956613334,0.9083552948177218,0.9083552943123284,0.9083552942675618,0.9083552987694957,0.9083552965499041,0.9083552963048642,0.908355295741414,0.908355295038726,0.9083552947498007,0.9083552929047677,0.908355292044228,0.9083552913242708,0.9083552887215113,0.9083552877747931
158,0.9070184084114904,0.9069621017260631,0.9069703554595876,0.9067231516876394,0.9066196670883022,0.9061434419641211,0.905839826926617,0.9058436589861176,0.9057173708053522,0.9056804599253063,0.9056591921910022,0.9056142494575569,0.9065677796131548,0.9066611092412675,0.9066871014432215,0.9066728904591079,0.906670775784875,0.9062134570013723,0.9060451774927688,0.906034628628027,0.9060201423541938,0.906086393152665,0.9060712537673569,0.9060636004848164,0.906066923076682,0.906001399669788,0.906015398781248,0.9060162583342088,0.9060366266569865,0.9060569247032527,0.9060482447373317,0.9060502587890773,0.9066958720351389,0.9066939772308901,0.9066788034294795,0.9066822829327454,0.9066819819589794,0.9066827383177773,0.9066945638784804,0.9067374531353383,0.9067274440089553,0.9067279002216412,0.9065683492690197,0.9065727747490904,0.9065654840995254,0.9065614404826287,0.9065674358742289,0.9065739246972544,0.906565084928751,0.9065642967895143,0.9065699325096405,0.9065682399393297,0.9066161782732799,0.9064952401459493,0.9064942081188146,0.9064942324031756,0.906492874945603,0.9064927635433396,0.9064423623604042,0.906441311141452,0.9064459641742347,0.9064655478467214,0.9064592145879289,0.9064600668247583,0.9064544226606688,0.9064559237478803,0.9064552841173293,0.9064518229170626,0.9064566724798936,0.9064475994486392,0.9064452305882353,0.9064438488417089,0.9064453759145762,0.9064464686982194,0.9064460723043676,0.9064447257862207,0.9064282161688066,0.9064281661399085,0.9058364351879947,0.9058491287757015,0.9058504668371192,0.9058513329303517,0.9058697520228243,0.9058455449704017,0.9058482637950794,0.9058471947529433,0.9058466583595072,0.9058490070123634,0.9058424996487855,0.9058417230773531,0.9058415144878933,0.9058530977146172,0.9058512653302968
159,0.9045602495102819,0.9041981061148151,0.9041723659573011,0.9045016636785467,0.904630196926049,0.9037724635353286,0.9040894449683675,0.904268693638753,0.904245298580346,0.9042041231786222,0.9041667812877618,0.9040816270226661,0.9049013839462905,0.9055426423889679,0.905596175088457,0.9055707623656045,0.9055670093307481,0.9043845016228047,0.9041287417660276,0.904112419434516,0.9040879841528299,0.9041847118088322,0.9041375886974437,0.9040902560973633,0.9040947290265028,0.9036694591198052,0.9036799694407629,0.9036811991548307,0.903703858713485,0.9037328220635331,0.90372568635309,0.9037281223724312,0.9043231152333581,0.9043195704249116,0.9042902182325178,0.9042938158794492,0.9042892033288759,0.9042846975190121,0.904297898878497,0.9043432596395947,0.9043313408787511,0.9043307764686863,0.9041883445674799,0.9041916584128696,0.9042594784867769,0.9042539742406849,0.9042597575254827,0.9042660386713559,0.9042559264852343,0.9042549616314851,0.9042603909906288,0.904260249063175,0.90432055842834,0.9039600660885926,0.9039598540940641,0.9039595784040494,0.9039691403682852,0.9039724309286649,0.9038244035702351,0.903825571241187,0.903834079364236,0.9038101841689339,0.9038182419764235,0.9038172233133657,0.9037998397206247,0.9037985820046909,0.9037993138477964,0.9038022298066859,0.9038140328312284,0.9038220865962463,0.9038237649649431,0.9038246503841222,0.9038235695788908,0.9038228405941333,0.9038222593339095,0.9038233485065069,0.9037964304709752,0.9037951482835704,0.9025789607642307,0.9025957781473785,0.9025945959337146,0.9025935548480052,0.902577125625156,0.902594624764942,0.9025957973939642,0.9025950218225346,0.9025955849518282,0.9025959846186992,0.9025870068254961,0.9025882819553396,0.9025886576561445,0.9026031024460875,0.9026047392477645
160,0.9024592242207845,0.902213623153745,0.9021699198366665,0.9028074195712036,0.9031389877806605,0.9019638355576127,0.9027985266930392,0.9032022185007305,0.9033117184979834,0.9032710816004388,0.903215128615265,0.9031027204260001,0.903582830351326,0.9049024940462044,0.9049712462851619,0.9049396460813112,0.9049333726168748,0.9031308857740741,0.9028643069377075,0.9028467944771944,0.9028198923645838,0.9029149769956485,0.902849322653713,0.9027570972426668,0.9027572466960154,0.9018001870498908,0.9018008242987343,0.9018016784526451,0.9018172379393657,0.9018366416850417,0.9018350957428651,0.9018363329780568,0.9021854683310798,0.9021811252975424,0.9021541598884792,0.9021563791695443,0.902149182382447,0.9021352503369405,0.9021444527075315,0.9021779048214404,0.9021678138988618,0.9021680347508699,0.9021152220147872,0.9021146595086272,0.9023162251481267,0.90231128965289,0.9023115521240579,0.9023118317676839,0.902309334127397,0.9023093853301283,0.9023094472631934,0.9023120590187866,0.9023382818585222,0.9020173608850489,0.9020165847441171,0.9020162046345228,0.9020338344655366,0.9020394668854519,0.9017580891620798,0.9017600325890687,0.9017692965336962,0.9017326831066264,0.9017445961445472,0.9017430563782562,0.9017193441929552,0.9017172594053003,0.9017183715048337,0.9017232343808341,0.9017419596559113,0.9017552870684521,0.9017583939844428,0.9017600740349666,0.9017580934872244,0.9017567251050407,0.9017563263048166,0.9017582345985755,0.9017395410495802,0.9017380870747578,0.9006419927923351,0.9006537603837519,0.9006511243675558,0.9006491330101711,0.9006135625669606,0.900654990351527,0.9006558932188736,0.9006555842932676,0.9006567658402814,0.9006557486541483,0.9006425578179553,0.9006448945711705,0.9006455679366551,0.9006516632334951,0.9006553002429567
161,0.8999445091882027,0.8995540290857417,0.8995070200277204,0.9005780243482363,0.9009107185055822,0.8989769260563493,0.8997988563095751,0.9001256928226178,0.9001298792184917,0.9000880366340634,0.9000149058634006,0.8999001593786643,0.9005223309011618,0.9015358961361039,0.9015775739273861,0.9015707420331395,0.9015674681246512,0.8985297223569637,0.8984007137937019,0.8983913294003593,0.8983593284502801,0.8984202632216114,0.8984062310192152,0.8983654863177127,0.8983671241196499,0.8979619906531406,0.8979517325766871,0.8979513893116597,0.8979685948000473,0.8980067478149354,0.8980081400174821,0.898008704646151,0.8983009777283725,0.8982958655859908,0.8982552852958273,0.8982547117098506,0.8982405591268312,0.8982303288046167,0.8982285312662153,0.8982134914640867,0.8982153877127893,0.8982129265907007,0.8982648277323637,0.898263935227898,0.8983007222358841,0.8982969585062188,0.8982966615936232,0.8982961373667041,0.8982953440810373,0.898293734774727,0.898293247376614,0.898295061058179,0.8983068366546914,0.8977877554655461,0.8977891524183045,0.8977887745673748,0.8978086231958784,0.8978144491522844,0.8976450827142964,0.8976496980176949,0.8976508102895882,0.8975617536970163,0.8975911260373242,0.8975872336148084,0.8975624106440205,0.8975563711456761,0.8975591863354275,0.8975727631451139,0.8975841507178121,0.8976204027984048,0.8976293051156505,0.8976342368149886,0.8976286772615897,0.8976247515329875,0.8976264861144655,0.8976316152999773,0.8976047269561958,0.8976028221684063,0.896175071733767,0.8961788465817625,0.8961762931796671,0.8961747360308723,0.8961448185373808,0.8961812427855994,0.8961839543348022,0.8961843587064845,0.8961853808944993,0.8961861167697808,0.8961794279193954,0.8961812675771186,0.896181789985149,0.8961758078362125,0.8961789706332914
162,0.8977534290589749,0.89782116935821,0.8977924764031214,0.8993854246349232,0.8995321714182175,0.896703263866337,0.8974827300938928,0.8978006868179942,0.8977982823050713,0.8977788030245031,0.8977022841337707,0.8976141327718637,0.8979551741838633,0.8989295912352682,0.8989604876780862,0.8989620335413454,0.8989573000196823,0.8946081567359896,0.8946081639624667,0.8946081670626654,0.8946081754628049,0.8946081772346504,0.8946081832435336,0.8946081844635916,0.894608186151571,0.8946081514475951,0.8946081506198873,0.8946081526379059,0.8946081556656486,0.8946081630546628,0.8946081659109979,0.8946081678017429,0.8946081772755944,0.8946081795772997,0.8946082060899262,0.8946082077746143,0.8946082083640053,0.8946082078872366,0.8946082083933874,0.8946081987576663,0.8946082028200083,0.8946082048002019,0.8946082337638398,0.8946082357820084,0.8946082396249899,0.8946082423375399,0.8946082438616672,0.8946082447887006,0.8946082480411437,0.8946082503028598,0.8946082518122095,0.894608255437433,0.894608245720233,0.8946082150776279,0.8946082172957559,0.8946082194174945,0.8946082244990484,0.8946082276076927,0.894608205314988,0.8946082076696987,0.894608209083554,0.8946081939565417,0.8946081954836469,0.8946081965308872,0.8946082000813537,0.8946082000608803,0.8946082020488276,0.8946082021795364,0.8946082041056518,0.8946082108852617,0.8946082139437714,0.89460821628582,0.8946082170803618,0.8946082181063604,0.8946082200820614,0.894608222603806,0.8946082190130146,0.8946082202952585,0.8946081140158044,0.8946081152458457,0.8946081151763067,0.8946081152550055,0.8946081132325102,0.8946081140842144,0.8946081142778012,0.8946081145471942,0.8946081149128173,0.8946081164000658,0.8946081185990675,0.894608119031203,0.8946081194196069,0.8946081196365173,0.8946081200844584
163,0.8974323931387346,0.8975490972558462,0.8975250948435137,0.8992496139465529,0.8993023277015219,0.8961083600432147,0.8966583701423241,0.8968569403224766,0.8967724130017357,0.8967561838291056,0.8966962459116447,0.896633489861704,0.8969705392541597,0.8975781761403681,0.8976048096982281,0.8976060645031604,0.897601684400402,0.8941470298188797,0.8944043172496344,0.894450105244176,0.8945354412357034,0.8944814049027779,0.8945867036140736,0.8946226330306865,0.8946134282758308,0.8946895549662021,0.8946509355043107,0.8946518485461901,0.894667390117818,0.8947747977522637,0.8947791116596924,0.8947767841689288,0.894784904395492,0.8947856193760481,0.8950309645598888,0.8950269583825303,0.895013001835916,0.8950067299543653,0.89499421081798,0.8949465016077022,0.8949559798319052,0.8949535297382992,0.895170288633336,0.8951638514496503,0.8951353590504421,0.8951313230235671,0.8951243251969545,0.895116483278735,0.8951259776404094,0.8951140288102315,0.8951073571536823,0.8951103851440857,0.8950674147745437,0.8949068018470105,0.8949079338355788,0.8949078435472573,0.8949137892745218,0.8949155235644991,0.8949301501841698,0.8949310785356299,0.8949298752288793,0.8948966224764181,0.8949065446541263,0.8949051474342514,0.894884704126685,0.8948829177449217,0.8948837285849397,0.8948880699471913,0.8948899407310734,0.8949021623224093,0.8949053620756279,0.894907244982416,0.8949052772026075,0.8949038498857563,0.8949051663501405,0.894907060970302,0.8949005145455885,0.8948999305180602,0.8945944618072695,0.8946072199971746,0.8946049182647345,0.8946061599312424,0.8946294017364063,0.8945996464134683,0.8945518718164922,0.8945507774889183,0.8945498821820649,0.894561518052888,0.8945576390964667,0.8945560157046574,0.8945556066239281,0.8945706650323403,0.89456780140748
164,0.8970675037418102,0.8973263957116027,0.8973058304226688,0.8990588320768487,0.8990458599562738,0.8955861316770631,0.896031498037753,0.8961756625360894,0.8960737734779145,0.8960622490889428,0.896015383831115,0.895972211774214,0.896236251640988,0.8966908892582238,0.8967183862614707,0.89671634349744,0.8967112972283399,0.8938034313243005,0.8941374991924332,0.8942054463074891,0.8943468742123002,0.8942850168132046,0.8944051949025973,0.8944519999864459,0.8944387769774674,0.894515944131177,0.8944650445994107,0.8944671225953966,0.8944880280917611,0.8946414651222235,0.8946455087456858,0.8946422111479017,0.8946216262171947,0.8946233147737052,0.8950058639908257,0.895001891027535,0.8949972563637016,0.8949904924138264,0.8949787020892719,0.8949326814693601,0.8949419744888834,0.89493969266152,0.8951434940912787,0.8951380245052425,0.8951120714593134,0.8951046615532653,0.8950988222577397,0.8950921667792917,0.8951000092692717,0.8950795070103824,0.8950740184773296,0.8950764952738255,0.8950410620478297,0.8949753825400821,0.8949760712349273,0.8949760411465527,0.8949784971137568,0.8949792711379444,0.894998965334413,0.8949976852104797,0.8949972615751509,0.8949804284777981,0.8949855188866985,0.8949847575877065,0.8949543663319544,0.8949536999673405,0.8949540227937935,0.8949562817542884,0.8949583140373604,0.8949631202782952,0.8949642854025361,0.8949650538873575,0.8949639939533273,0.8949634600400362,0.8949646425278468,0.8949654047399415,0.8949616108364625,0.8949613105962111,0.8947611863715191,0.8947758308344842,0.8947705827896246,0.8947720688257824,0.8947989638410041,0.8947644215677173,0.8946553551569515,0.8946539676719015,0.894652809040146,0.894665050799377,0.8946597893483292,0.8946576133451888,0.8946570948361976,0.8946760157395262,0.8946723998422751
165,0.8966515185769487,0.8971139312438644,0.8970961426424849,0.8987263941209812,0.8986380062858184,0.8949255614613493,0.8952842755683309,0.8953579553986474,0.8952828088721901,0.8952736400424747,0.8952484963990704,0.8952286726528321,0.8953744346175331,0.8956374869950764,0.8956649410236155,0.8956583630688255,0.8956528014290107,0.8935767211348031,0.8939835986170849,0.8940745791234386,0.8942697340353291,0.8942107120430215,0.8943139306404799,0.8943669256414357,0.8943510700363838,0.8944205093560326,0.8943602798098015,0.8943636769723761,0.8943885784426769,0.894566302638124,0.8945719412412436,0.8945672807420935,0.8945127184115141,0.894511561389271,0.8949844342232195,0.8949812125195422,0.8950284148607136,0.8950231762577167,0.8950152471937491,0.8949799862828668,0.8949877522854532,0.8949859145385533,0.8951137678086462,0.8951125136308957,0.8950993569551858,0.8950883794961663,0.8950873139136504,0.8950857621952275,0.8950875985619091,0.8950522112702404,0.8950514327548643,0.8950518298803195,0.8950474363806622,0.8951494733477451,0.8951496470986925,0.8951497248748619,0.895148262809185,0.8951479253731424,0.8951699502922374,0.8951642791681095,0.8951648043129176,0.8951661593114176,0.8951665484948024,0.8951663309594993,0.8951286708317536,0.8951289561087202,0.8951289126468861,0.8951307249337522,0.8951332610811691,0.8951307361885138,0.8951297239643515,0.8951292851854025,0.8951282068278806,0.8951286071149475,0.8951304240883536,0.8951299914151293,0.8951302561727565,0.8951302699408041,0.8951010048221756,0.895114483959519,0.8951009003630793,0.8951020191270584,0.895119572385448,0.8950965703084051,0.8948293693373489,0.8948281118906347,0.8948270406168548,0.8948209391559704,0.89481467706571,0.894812345221414,0.8948119093684722,0.8948280175814055,0.8948249583661483
166,0.8960254055779615,0.8965400366980889,0.8965309068670445,0.8975215301583073,0.8973781618502553,0.8943952662322744,0.8947633409239338,0.8947695054167925,0.8948283322892964,0.8948137022313484,0.894813037441016,0.8947980236409948,0.8948158456855605,0.8948688243284374,0.8948723644472284,0.8948765982029648,0.8948748151734301,0.8940518709213147,0.8943955014628904,0.8944729243557035,0.8946252960865898,0.8945997679139253,0.8946200982634387,0.8946535689686658,0.8946431508549666,0.8946777018906406,0.8946359477542869,0.8946391491742492,0.8946556763109127,0.8947472556220449,0.8947551355294369,0.8947506076528543,0.8947036355069362,0.8946934858333391,0.8949807091437808,0.8949781162760614,0.8951052815239244,0.8951006707806437,0.8950941137697153,0.895064714062639,0.8950718797363757,0.895070203172677,0.8951728184314226,0.8951735832021627,0.8951705049648345,0.8951626706851141,0.8951636736034078,0.8951644056300525,0.8951657880899309,0.8951347100116258,0.8951361838579359,0.8951356132080344,0.8951467260657592,0.895244305904353,0.8952441010170883,0.8952442532670274,0.8952424522638247,0.8952420030668897,0.8952547240831319,0.895245205710565,0.8952459232060739,0.8952513782026941,0.8952505481731515,0.8952503331958265,0.8952356104123306,0.8952362258499655,0.8952360969360035,0.8952405623174512,0.8952426166044843,0.8952375244743049,0.8952358029061194,0.8952350185809377,0.8952327556459941,0.8952333773948596,0.8952366497154218,0.8952359295257994,0.8952376754834978,0.895237791520266,0.8952779122967832,0.8952879720002587,0.8952655888127983,0.895266042420604,0.895270343918585,0.8952641216086171,0.8948326875334417,0.8948322830054878,0.8948318734597677,0.8947978052637767,0.8947950140406835,0.8947930381910679,0.8947929264813163,0.8947976496381933,0.8947967772611849
167,0.8950617649667275,0.8950618310327413,0.895061842515925,0.8950618588111771,0.8950618581300189,0.8950618317824476,0.8950617608558641,0.8950617624600589,0.8950617098525965,0.8950617133762043,0.8950617119797175,0.8950617245138462,0.895061721672654,0.8950617317265683,0.8950617390589052,0.8950617323480945,0.8950617292069988,0.8950617055127943,0.8950616235866848,0.895061623398973,0.8950616341028146,0.8950616425400858,0.8950616296900878,0.8950616266866702,0.8950616236161439,0.8950616231392893,0.8950616214806876,0.8950616196594733,0.895061617374912,0.8950616183064132,0.8950616132516223,0.8950616094874081,0.8950616064811057,0.89506165381509,0.8950616667499857,0.8950616656131116,0.8950616828158016,0.8950616813415097,0.8950616806511974,0.8950616898378784,0.8950616881054125,0.895061687063163,0.8950616807292714,0.8950616793721822,0.8950616777135275,0.8950616756919967,0.8950616743925329,0.8950616732097182,0.8950616752730517,0.8950617122264347,0.8950617120053603,0.8950617112616096,0.8950617142406363,0.8950617210641884,0.8950617205524333,0.8950617201517381,0.8950617192728807,0.8950617187155704,0.8950617194894345,0.8950617151437643,0.8950617149059986,0.8950617179081546,0.8950617181078796,0.8950617177001824,0.8950617174830937,0.8950617175435328,0.8950617170830413,0.8950617196409238,0.8950617195103655,0.8950617182084153,0.8950617173062229,0.8950617167025556,0.8950617157270534,0.8950617155355085,0.8950617156644924,0.8950617150498342,0.8950617152371431,0.8950617149269186,0.8950617188706214,0.8950617199686366,0.8950617153216327,0.8950617153207673,0.8950617177446096,0.8950617161962175,0.8950616379660462,0.895061636933022,0.8950616360352078,0.8950616315304376,0.8950616303691509,0.8950616286104327,0.8950616274100217,0.8950616273421745,0.8950616262823246
168,0.8954242503880185,0.8954072918063622,0.895711265132026,0.8955615436459857,0.8955927044371225,0.9012095261890576,0.8977789191686711,0.8978247264513189,0.8954629819768294,0.8957392796241821,0.8957281876445489,0.8962437569070012,0.8961915198114486,0.8965929516956695,0.8968760569342328,0.8966545866115592,0.8965816778625705,0.8965292187485144,0.8937970716198145,0.893735384836623,0.8938054232831804,0.8941049878337042,0.8938328678697511,0.8938077312301618,0.8938200846627951,0.893854801508979,0.8939395938475238,0.8939629165240165,0.8939761863740817,0.8940008662163427,0.8939571251444722,0.8939613234648948,0.8940194266209527,0.8947481669205959,0.894708315768097,0.8947215780927346,0.8948965491602268,0.8949041930468841,0.8949352813998455,0.8951583719818299,0.8951306913525635,0.8951371093090245,0.8946262018697537,0.8946258563745928,0.8946246127485976,0.8946243579376211,0.8946235071205169,0.8946220767966147,0.8946675067170007,0.8954372456013607,0.8954397027300524,0.8954387238770853,0.8954544803553487,0.8954613951328002,0.8954609568699313,0.8954610343373322,0.8954582059643108,0.8954574359372364,0.895459172998626,0.8954464341557692,0.8954471664426599,0.8954617395323093,0.8954616591556455,0.8954616732803129,0.8954610415510424,0.8954620514119671,0.8954619132277976,0.8954818176830865,0.895481769511871,0.8954857593146688,0.8954831816097014,0.895481961185837,0.8954830205066583,0.8954839626812201,0.8954856474920431,0.8954844838336519,0.8954865011782205,0.8954867554265818,0.8954907205396989,0.8954926508971167,0.8954762992855937,0.8954768315632393,0.8954853251374075,0.8954753961362205,0.8954566911755354,0.895456618803914,0.895458522425334,0.8954564102844449,0.8954563641980404,0.8954551436250753,0.895455137141972,0.8954559747057864,0.8954559019600521
169,0.8938619577736119,0.8934303908141219,0.8941551163564833,0.893618955657946,0.8937897797750125,0.9089119876480248,0.9003418651417437,0.9004644358850461,0.8952057078474527,0.8957955395061411,0.8957776539813678,0.8969103669182381,0.8968236441908524,0.897783337551215,0.8984613666876209,0.8979292484440756,0.8977633260286149,0.8975988597420271,0.8915475007818577,0.8913326602116247,0.8914875208650909,0.8919684756697329,0.8915893724920095,0.891545901434294,0.8915668559315698,0.8916185477155774,0.8917665483262055,0.8918109827450511,0.8918281589484922,0.8918626362929634,0.8917859162600904,0.8917923540291995,0.8918974180866586,0.893386484118805,0.8933348276177295,0.8933615808433076,0.8935155391592504,0.8935334547137808,0.893600508121317,0.8940470825005145,0.8939856732054373,0.8939998686734911,0.8929047281674065,0.8929073515013285,0.8929106696629332,0.8929093967879816,0.8929117100862616,0.892913343309809,0.8929743723182325,0.8940961202815427,0.8940995534329441,0.8940981064806733,0.8941184467114949,0.8941208044426232,0.8941203875447276,0.8941204318396834,0.8941173866273011,0.8941165140512181,0.8941183983761005,0.8941451584989989,0.8941453179543405,0.8941704579037106,0.8941818838679818,0.8941809039587887,0.8941788809636684,0.8941805620841734,0.8941810748118659,0.8942022961675503,0.894202441990852,0.8942371648845342,0.894235821577171,0.8942352033436216,0.894236472398712,0.8942369216942689,0.8942378944475163,0.8942373326168787,0.8942381695017321,0.8942382482386353,0.8942389174211147,0.8942392609944949,0.8942192058488428,0.8942195602467422,0.8942245094446231,0.8942230717452405,0.8942006635305493,0.8942007882617902,0.894206007192116,0.894207703334447,0.8942084522022522,0.8942239586637848,0.8942240023437763,0.8942230989154983,0.8942234397226352
170,0.893464376911565,0.8921637090327771,0.8932530710946119,0.892078500617813,0.8925465273080803,0.9214937950714682,0.9082014926731625,0.9084328606951066,0.8989533536276408,0.9001488416787118,0.9001003204380703,0.9022146315782104,0.9020830620014136,0.9039495503659477,0.9051965256004298,0.9042193726794424,0.9039468774109218,0.9035688592575563,0.8914201371894598,0.8910331045436373,0.8911251361967069,0.8918187130204432,0.8912493992500409,0.891178368844382,0.891211103580863,0.8912848080836038,0.8915184391944443,0.8915638890253287,0.8915871798100237,0.8916441256400377,0.8915238883852564,0.891539839905335,0.8917116707409933,0.8929451674134414,0.8928694971390458,0.8929278755852387,0.8930627298203668,0.8931031167914292,0.8932451337802387,0.8940642893949113,0.8939363719110008,0.8939659532163751,0.8914646029033622,0.8914711705919032,0.8914809232662863,0.8914781784922478,0.8914851313029756,0.8914915224707253,0.8915706762979584,0.8926975234695045,0.892695849692255,0.8926962984147055,0.8926853059400987,0.892685797989272,0.8926868273246807,0.8926867656005792,0.8926915015913768,0.8926928212660885,0.8926899954367656,0.89287814232848,0.8928754528920892,0.8929405958563006,0.8929878626076566,0.8929842699761315,0.8929764963252145,0.8929803799095748,0.8929828494913743,0.8930082020154482,0.8930089342481348,0.8931352421417761,0.8931406915020872,0.8931436778492409,0.8931423583456963,0.8931399542892015,0.8931420897912087,0.8931451564475292,0.893139238204702,0.8931383881350732,0.8931363942208748,0.8931313332725964,0.8931126799557236,0.8931118495427675,0.8930997638774848,0.8931352075232555,0.893152302689402,0.8931530950627842,0.8931653684604616,0.8931659379933576,0.8931689101686797,0.893256653087116,0.8932568207980969,0.8932514271683395,0.8932530245750032
171,0.8923857797076541,0.8904716340183446,0.8917113096633484,0.8901197228797618,0.8908177791255222,0.9278966188283571,0.9138883691285422,0.9141638018791141,0.9027615765277929,0.9043145096056986,0.9042551562330955,0.9067922192252482,0.9066469290089396,0.9089583390020695,0.9104518972983655,0.9092874505841662,0.9089967200844711,0.9085039212962,0.8909324195730512,0.8906008166621342,0.8906321689074473,0.8909896540801509,0.8906817294275176,0.8906428251721432,0.8906605701306227,0.8906991018813989,0.8908260882937159,0.8908469117712703,0.8908586383905082,0.8908897237254508,0.8908246053595132,0.8908340449281054,0.8909282486451446,0.8913773852242793,0.8913412130114956,0.8913781498018791,0.8914260118460555,0.8914488347170608,0.8915291704108882,0.8919689272407377,0.8918962490209943,0.8919130732516501,0.8903849639065451,0.8903875528297557,0.8903912528959141,0.8903901042918196,0.8903927875122283,0.8903950574950409,0.8904313375918748,0.8907933374957658,0.8907913622911062,0.8907919403641082,0.8907809716474595,0.89078143868753,0.8907822052636012,0.8907821583365604,0.8907859198457222,0.8907869883578302,0.8907847667315546,0.8909524658829918,0.8909509945939628,0.8910254750920523,0.89105724288099,0.8910553767968336,0.8910514937131195,0.8910578167806444,0.8910591651672413,0.8910755182534187,0.891075926061008,0.8911691454490787,0.891171608813528,0.8911729085966863,0.8911723000290035,0.8911712346458467,0.8911722823411946,0.8911736078305126,0.8911709609040137,0.8911705691477784,0.8911696895096828,0.8911674429361136,0.8911593788687782,0.8911590437227666,0.8911635810603227,0.8911820590726856,0.8911910920923523,0.8911914713637675,0.891201377278098,0.8912014824972805,0.8912029462379235,0.891252516501063,0.8912526068914458,0.8912495535155551,0.8912505183023519
172,0.8923165200495863,0.8902098727340727,0.8914225717904599,0.8896926625285867,0.8904788735429958,0.928995294963748,0.9162652469972994,0.9165359405955313,0.9050635453548848,0.9066813651980753,0.9066241278841097,0.9091568286251349,0.9090152375251885,0.9113491652437848,0.9128335735934082,0.9116805134025592,0.9114131664257926,0.9109113317041729,0.8909845189419738,0.8909844358023103,0.8909844429611214,0.89098449007887,0.8909844551669761,0.8909844551461479,0.8909844621007238,0.8909844719551948,0.8909844956139239,0.8909845048746835,0.8909845128155723,0.8909845240811701,0.8909845202556919,0.8909845282895849,0.8909845499860453,0.8909845900129318,0.8909845921928163,0.890984605908871,0.8909846189154381,0.8909846293848824,0.8909846519813551,0.8909845428423474,0.8909845308376658,0.8909845399491292,0.8909839606321436,0.8909839568254037,0.8909839552497122,0.8909839476841587,0.8909839452880073,0.890983944211331,0.8909839426153184,0.8909839693206122,0.8909839668926082,0.8909839601185257,0.8909839878891122,0.8909839840567115,0.8909839780920131,0.8909839732488968,0.8909839619881255,0.8909839552534201,0.8909839538510095,0.8909839826820772,0.8909839805669235,0.8909839968957552,0.8909840059296718,0.8909840034940477,0.8909840017438593,0.8909840057705173,0.8909840009042471,0.8909840168891665,0.8909840132041358,0.890983900479922,0.8909838952606608,0.8909838905246856,0.8909838860665412,0.8909838812455134,0.8909838764310435,0.8909838712979723,0.8909838676363528,0.8909838628966883,0.8909838591059135,0.8909838586913114,0.8909838529811793,0.8909838514034651,0.8909838857774379,0.89098389043513,0.8909838878897224,0.8909838839786742,0.8909838827705439,0.8909838788566424,0.890983874517749,0.8909838777998773,0.8909838735779418,0.8909838763559425,0.890983872110709
173,0.8934778474173198,0.8911935568545656,0.8923785914549983,0.8904848109257656,0.8913586204431035,0.9328629918353581,0.9212196525787859,0.9214882878815418,0.9096980320182895,0.9114358287297185,0.9113879814454345,0.9140567569161454,0.9139148709138758,0.9163052415965294,0.9177981781788515,0.9166410636385158,0.916388361360363,0.9158697348174089,0.8978612249289648,0.8972278923964443,0.8972279378963786,0.8975648501244368,0.8972485209636344,0.8972081742596584,0.8972281959336929,0.8972662020585706,0.8973960606396151,0.8974154509072879,0.8974261690595655,0.8974581653420415,0.8973968117573935,0.8974096422763602,0.8975027147409977,0.8974571875062136,0.8974322741180553,0.8974747457184481,0.8974948266538466,0.8975185185869403,0.8975992161967402,0.8963092505229433,0.8962033273366189,0.8962283979131841,0.8906245045710307,0.8906637757531811,0.8907306654603145,0.8907102060823104,0.8907581563037106,0.8908112782444834,0.8907734500413376,0.8907801551995963,0.8908251413329096,0.8908061900945636,0.8911501689327012,0.8911446126835612,0.8911303347543423,0.8911314982174551,0.8910486852785052,0.8910273879311356,0.891073544476433,0.891060569464937,0.8910827191099518,0.8909914113720261,0.890967297015416,0.8909842713238176,0.8910104928098632,0.8910455287017909,0.8910330989215925,0.8911103608742658,0.8911072195422838,0.8898083644221645,0.8897973920835781,0.8897913792393434,0.8897982100655717,0.8898030879108358,0.8898009693047625,0.8897947521645281,0.8898060958599185,0.8898076193946692,0.8898100561473026,0.8898193205129906,0.8898201580565953,0.8898223922425806,0.8899582792618219,0.8899042044030107,0.8899079262667041,0.8899065493319605,0.8899092750800285,0.8899125476663959,0.8899082607193273,0.8899162309717857,0.8899156590597253,0.8899365024078385,0.8899323326560026
174,0.8931478126411017,0.8912652134250229,0.8918667392311705,0.8904017495972213,0.8911319685102016,0.918014232920373,0.9153291778713389,0.9154370530793967,0.9095951327513434,0.9105312684605512,0.9105044982168273,0.9115958114105001,0.9115383222021436,0.9126632986426868,0.9133281007903615,0.9128320208416727,0.9127773033981513,0.9125523148090416,0.9026843687834812,0.9004873363961029,0.9004768066715139,0.9006495240862623,0.9006226375635004,0.9006212331263812,0.9006293877358946,0.9006348432456804,0.9006548670276329,0.9006917567685566,0.9006936083656921,0.9006989523741732,0.9006969863021627,0.9007001735633862,0.9007125782899409,0.9006617669381651,0.9006597565005167,0.9006987160862185,0.9006933632460362,0.9006985564878298,0.9007148794589971,0.8935853969385712,0.8934765641679215,0.893502631449843,0.8872771543931772,0.8873405869370703,0.8874488642147685,0.8874159819013007,0.8874940084741259,0.8875799460545698,0.8874939217710585,0.8874527078222981,0.8875265845819084,0.8874957715768621,0.8880683449522098,0.8880588585807633,0.8880352740105146,0.888037272834034,0.8878997036329974,0.8878647592179109,0.8879412845230431,0.8879200942708158,0.8879569833474846,0.8867200942928232,0.8868437449865983,0.8868691664739194,0.8869088215920784,0.8869576579183426,0.8869388743475248,0.8870102736614383,0.8870055275009568,0.8840852980312596,0.8840787231753945,0.8840755720087378,0.8840790855059547,0.8840819388430813,0.8840806601683511,0.8840771187012376,0.8840834599580021,0.8840843587145563,0.8840858137352352,0.884091446895444,0.8840931194981987,0.8840950260723156,0.8840615715093373,0.8839335629303487,0.8839415598400039,0.8839384915220505,0.8839403635384334,0.8839474051888343,0.8839375983259118,0.8839306236491177,0.883929393098393,0.8839757489589485,0.8839663060802739
175,0.8934820705304656,0.8921201815686468,0.8923253141343133,0.891373539127929,0.8918662893370037,0.909396761756474,0.9095413804622069,0.9095787279603408,0.9069556038886931,0.9073849133903084,0.907368961969306,0.907647726096618,0.9076323175707968,0.9080793818945011,0.9083329123873899,0.908159109723659,0.9081819884833788,0.9081109928933181,0.9021243852378478,0.9000651204254351,0.9000485733754167,0.8999237739642671,0.9002286720263665,0.900267870180637,0.9002590335839096,0.9002280111396934,0.9001226827376497,0.9001499601276798,0.9001415757213881,0.9001157448376498,0.9001770761123169,0.9001685525361391,0.9000888822629578,0.9000506165555766,0.9000731754434422,0.9000788462499103,0.9000524987438464,0.9000347090371071,0.8999715771663939,0.8917230356460528,0.8917081292750022,0.8917123657966352,0.8884068733132013,0.8884287741706643,0.8884661820481601,0.8884552852653962,0.8884831299987362,0.8885125582090693,0.8884890925709779,0.8884619914474364,0.8884874271993695,0.8884773804426608,0.8886923399699109,0.8886887964931943,0.8886803007547699,0.8886811580028322,0.8886299096454794,0.8886180776053689,0.8886457078089808,0.8886161341804321,0.8886297572522319,0.8868574127249744,0.8870028053977004,0.8870094786216915,0.8870205603583432,0.887030806004405,0.8870256054721236,0.8870996868750328,0.8870984948945306,0.8850369752400702,0.8850497796587494,0.8850577139257241,0.8850485659609894,0.8850427453100315,0.8850456775751783,0.8850532780492146,0.8850390031386901,0.8850371584174997,0.8850342029054192,0.8850234678060586,0.8850199492974574,0.8850186749107879,0.8840653454825431,0.8839202745045592,0.8839288651048955,0.8839255562217768,0.8839232761883883,0.883930958024023,0.8839202687103135,0.8839134280165236,0.8839121442318236,0.8839625871716063,0.8839521488365444
176,0.8947738401980689,0.8939615857504406,0.8939656198146483,0.8934422354179314,0.8937194707217462,0.9035841711444829,0.9047470487125262,0.9047467199697478,0.9041472047586792,0.9042444013622829,0.90423862283784,0.9041388958639699,0.9041455772912481,0.904186303592404,0.9042014872483121,0.9042075018734842,0.90425158563298,0.9042647587705589,0.9015193361843713,0.9002614148503586,0.9002465000674581,0.900007924638615,0.9004017316421192,0.9004509082272956,0.9004361003014469,0.9003951014045396,0.9002546729705649,0.9002675205843862,0.9002561831657583,0.9002213856376678,0.9002988097274429,0.9002867118388651,0.900181293590406,0.900157957120676,0.9001871594930919,0.9001816348681325,0.9001513341219853,0.9001263301662181,0.9000384240332935,0.8942967637721024,0.8943452846173401,0.8943347984168772,0.8932276302031327,0.8932205519749886,0.8932080855598066,0.8932126600620048,0.8932049303734748,0.8931940943247223,0.8932141578150923,0.8931994648559161,0.8931903284609127,0.8931950090024036,0.8931484299169964,0.8931493053688517,0.8931519712851458,0.8931519814400893,0.8931645006668524,0.8931695132797687,0.8931613161080963,0.8931427176740215,0.8931393498476107,0.8912228062984944,0.8912240435375204,0.8912179152204406,0.8912093502003438,0.8911985544743448,0.8912027242950922,0.8912725244467631,0.8912737357719821,0.8901128138611881,0.8901390875249098,0.8901544895378296,0.890136814241794,0.8901250251902347,0.8901308729339381,0.890146045203775,0.8901176198471815,0.8901138542039626,0.8901077949101188,0.8900853573599882,0.8900779015616764,0.8900742729780444,0.8879292063517494,0.8877765017360368,0.8877856748071318,0.8877821699481729,0.8877783871801761,0.8877865993319234,0.8877751775232812,0.8877688554725089,0.8877675060654864,0.8878208717956575,0.8878098577008899
177,0.8969085837833125,0.896908444159016,0.8969082608223519,0.8969083380235057,0.8969083260647616,0.8969089656852529,0.8969092734024615,0.896909299570387,0.8969093740503526,0.8969093930259923,0.8969094243551058,0.89690941535728,0.896909441950615,0.8969094369438096,0.8969094467745904,0.8969094899933967,0.8969095196001023,0.8969095553615258,0.8969096021542394,0.8969095985170452,0.8969096239532705,0.8969096018858367,0.8969096699443693,0.8969096995892663,0.896909718934254,0.8969097361501461,0.8969097428205047,0.8969097682912742,0.896909792513427,0.8969098133141579,0.8969098487173529,0.8969098728711011,0.8969098812057957,0.8969099046563512,0.8969099348547076,0.8969099540469329,0.8969099743193454,0.8969099900048201,0.8969099968560997,0.8969096660451001,0.8969096982942377,0.8969097114717183,0.8969098619324506,0.8969098758822865,0.896909884489691,0.8969099069153352,0.896909917431333,0.8969099244026243,0.8969099519269553,0.8969099699653231,0.8969099807304824,0.8969100035967924,0.8969099321775086,0.8969099457939328,0.8969099661402675,0.8969099839040563,0.8969100166568642,0.8969100391072584,0.8969100483326091,0.8969100668721601,0.8969100786820173,0.8969095864436155,0.8969095943674193,0.8969096020130052,0.8969096081252518,0.8969096129978414,0.8969096253366895,0.8969096413737074,0.8969096520137275,0.8969096314832501,0.896909648572173,0.896909661668994,0.896909667223184,0.8969096742343556,0.8969096856615857,0.896909699876911,0.8969097004735218,0.8969097091710447,0.8969097153098164,0.8969097107395062,0.896909717516789,0.8969097194935569,0.8969087102788056,0.8969087321290576,0.8969087296410055,0.8969087288679487,0.8969087280568862,0.8969087256287124,0.8969087258827912,0.8969087251137033,0.8969087239845979,0.8969087171747875,0.8969087173571715
178,0.9046750633664395,0.9068397042559202,0.9068620816923978,0.9064701282152828,0.9065395167260926,0.9063403718408779,0.9065034102658611,0.9076412529466296,0.9073495735162279,0.9074170572761436,0.9073524690549559,0.907427729640837,0.9074213135884583,0.9107827269241117,0.9107520083797435,0.9107695070003907,0.9107664846927674,0.9105205727307271,0.9105473725733946,0.9105428073458798,0.9105205804579201,0.9105307209266693,0.9105395660399912,0.910533799176127,0.9105149352350504,0.9089086448170421,0.9089854960903019,0.9089878529881673,0.9089939850583871,0.9090046933791741,0.9089647254397235,0.9089698796503166,0.908997113637772,0.90899017182515,0.9089634274090326,0.9089780194115252,0.9089884690125765,0.9089793159559425,0.9090216884530309,0.9092022947666105,0.9091674270048059,0.9092009985388612,0.9084498925132397,0.9084712956254856,0.911086485840121,0.9110864827653078,0.91108648156082,0.9110864807961694,0.9110864783213629,0.9110864759450433,0.9110864746702279,0.9110864715928663,0.9110864790213205,0.9110864828310928,0.9110864796325361,0.9110864775590143,0.9110864735132392,0.911086470719954,0.9110864629564038,0.9110864601815515,0.9110864578809015,0.9110864751501484,0.9110864735567819,0.9110864722208135,0.9110864699598424,0.9110864698064636,0.9110864674648043,0.9110864675679108,0.9110864689239897,0.9110864619120608,0.9110864586029715,0.9110864560451458,0.9110864550821128,0.9110864539341064,0.9110864519359122,0.911086449150382,0.9110865347858373,0.9110865343361663,0.9110865388476274,0.9110865380821902,0.9110865376268994,0.9110865376776033,0.9110865443196594,0.9110865400011441,0.9110865396843004,0.911086539117368,0.9110865382440124,0.9110865379071555,0.911086535434279,0.9110865343117215,0.9110865334339052,0.9110865329699681,0.9110865317259754
179,0.9041073371312024,0.9057039813325477,0.9056998932317427,0.9059337916447093,0.9061166918843765,0.9057031989352637,0.9060702146651098,0.9070850300676538,0.906746202916995,0.9068344841169548,0.9067793029988007,0.9068751368600907,0.9067654765182331,0.9099596992622805,0.9099957392709034,0.909971410778901,0.909963224384993,0.9094381681887619,0.9092645701945304,0.909250301166684,0.909230087882031,0.9092947658887701,0.9092323587415434,0.9091469657655084,0.9091342399822901,0.9072781869042201,0.9073575643049594,0.9073613723271944,0.9073683957785282,0.9073824581357641,0.9073423971673314,0.90734889759405,0.9073774548150079,0.9073711356033797,0.9073447204738239,0.9073605785563903,0.9073725383400015,0.9073651158335904,0.9074153095444434,0.9076232730610512,0.9075795759357158,0.9076059202219381,0.9068362567076581,0.9068557683524284,0.9087916177798051,0.9087887518476243,0.9087917849240805,0.908795294672992,0.908789826159042,0.9087899548927659,0.9087929158471979,0.9087930358780957,0.9088283719467278,0.9088052997856665,0.9088018271683667,0.9088018709055585,0.9087970770197881,0.9087963318746834,0.9087095405405636,0.9087069533192283,0.9087212500105076,0.9087796579974047,0.9087588396715043,0.9087615675748278,0.9087587244072192,0.9087634266161174,0.9087613978656809,0.9087511476196951,0.90876349894116,0.908738469398637,0.9087324614301925,0.9087291227656717,0.9087328131259704,0.9087355248204584,0.9087335528430608,0.9087302420686257,0.9088662943629987,0.9088668392768988,0.9088020701335815,0.908818008154385,0.908820337556175,0.9088215571443248,0.9088516655557467,0.9088118182766933,0.9088143407076967,0.9088122402040932,0.908811317422052,0.9088135941531894,0.9088047285942505,0.9088035486117774,0.9088032355389646,0.9088315711171945,0.9088286263212827
180,0.8996204760431602,0.9015122112130294,0.9014879025769144,0.9022558823201696,0.902665303725494,0.9013839445221017,0.9023723456402908,0.903702590902158,0.9033794910825566,0.9034938888496343,0.903422469335777,0.9035090856012046,0.9033669888996388,0.907704910352393,0.9078151712122248,0.9077513284432949,0.9077356173242084,0.9063459048509767,0.9060313505644385,0.9060089075147397,0.9059857978801203,0.906095156982779,0.9059746941629759,0.9056001144915782,0.9055827406346355,0.9017741498525522,0.9018251971904498,0.9018288056008208,0.9018344620401667,0.9018431876004349,0.9018183892339366,0.9018228647718696,0.9018579403986463,0.9018531349136578,0.9018486111132799,0.9018597461357265,0.9018669797824609,0.9018452557272794,0.901884218980658,0.9020468102725938,0.9020095471480376,0.902025011755261,0.9015290574212148,0.9015386811883446,0.902463693498703,0.9024579190108521,0.9024560832756033,0.9024544041663174,0.9024553755759874,0.9024563649630669,0.9024545392987371,0.9024575443170788,0.9024703335252623,0.9024408173721372,0.9024310969360183,0.9024310591070335,0.902433548222985,0.902435150682039,0.9021020166995171,0.9020987569296451,0.902123165083773,0.9022067678819492,0.9021756322014624,0.9021796326249798,0.9021691576095623,0.9021759982019495,0.9021729949388543,0.9021580746733994,0.902196909562335,0.9021619117870696,0.9021539235093299,0.9021495466455977,0.9021543905593881,0.9021582084940021,0.9021557459686088,0.9021513582727353,0.9026066631433756,0.9026077621878693,0.9025271687331807,0.9025485408891691,0.9025521041042092,0.9025541409572259,0.9026018423162826,0.9025397199835585,0.9025434974077854,0.9025405610324111,0.9025391434245358,0.9025426989525106,0.9025382234129979,0.9025364653898484,0.9025359977199927,0.9025730351561293,0.9025687736338023
181,0.8993391125805839,0.9004869257769526,0.9004550685811481,0.9013996432376291,0.9018055114327267,0.9002123258985507,0.9013377494443374,0.9023471377000076,0.9022909465810847,0.9023399126394746,0.90225832130395,0.9022467968809487,0.9022098528092597,0.9054702430159447,0.9055669229192446,0.9055177471740765,0.9055045265394138,0.9035934139681332,0.903361338089593,0.9033457996809822,0.9033319722886114,0.9034119063690395,0.9033268751613788,0.9030178978840916,0.9029997522211884,0.8998552708870255,0.8998523995391032,0.8998534890482551,0.8998561069402955,0.8998518844521144,0.8998543323091335,0.899853532859779,0.8998892687023389,0.8998863083200819,0.8999129087683081,0.8999137184990084,0.8999094424403898,0.899873764663788,0.8998792529658421,0.8999065851416317,0.8998975779861499,0.8999023966696448,0.8999203725632243,0.8999164550326095,0.9005063085409309,0.9005034888602687,0.9004893993606142,0.9004741395051069,0.900492583512138,0.900494974461881,0.9004811484085505,0.9004896858522558,0.9004178712301109,0.9003646985867073,0.9003598983666682,0.9003595142521735,0.9003856338105939,0.9003936773326967,0.8998068640799056,0.8998069150807829,0.8998191935431044,0.8998280699133409,0.8998233974194776,0.8998239694044525,0.8998061845157461,0.8998074587604677,0.8998069729388309,0.8998044178862474,0.8998322398136812,0.8998272665731867,0.8998263445714365,0.8998258316477881,0.8998263110196567,0.8998267785906094,0.8998258927808441,0.8998254687503747,0.8999526085688047,0.8999525001882781,0.899788785079947,0.8998001624534253,0.8998005516060912,0.8998005924057542,0.8998055203376636,0.8997972823467996,0.8997979311970764,0.8997966235361418,0.8997965141016738,0.8997971101149216,0.8997929113633278,0.8997931582839932,0.8997932444597819,0.8998084758492073,0.8998082951684997
182,0.8974240463123045,0.8985157073678511,0.8984932091486189,0.8997910177723017,0.9000832587874135,0.8978670027146722,0.8989774380762428,0.8998428878596257,0.899853346961834,0.899885829564016,0.8997872228136334,0.8997478105179199,0.8997576955749982,0.9024810447376935,0.9025474901622245,0.90252531216547,0.9025147869624736,0.9000372791048873,0.899972808929921,0.8999713484185804,0.8999908418314406,0.9000202779463946,0.8999909617754464,0.8996859789287714,0.8996596478948737,0.8967601924275074,0.8967192373056945,0.8967190673737908,0.8967172547377491,0.8967005589952501,0.896722527742727,0.8967169226591722,0.896709236803683,0.8967095525534753,0.8968193216908283,0.896811660954736,0.8967989138670788,0.8967448464879844,0.8967214661285007,0.8966300557664474,0.8966470589814386,0.8966457638901874,0.8970606027165388,0.8970477373784941,0.8973252430822115,0.8973252638156257,0.897303151393617,0.8972789795684161,0.8973096807037843,0.897313142473094,0.897291328419078,0.8973028300254566,0.8971671862804733,0.8971470854178353,0.8971456360857843,0.8971451024621437,0.8971841813674594,0.8971955282540589,0.8962569507958714,0.8962569523195677,0.8962569539202054,0.8962569402450706,0.8962569430354604,0.896256943241804,0.8962569514761348,0.896256950926095,0.8962569522179545,0.8962569535117773,0.8962569517471849,0.896256958995473,0.8962569616009164,0.8962569634035239,0.8962569632572945,0.8962569633942314,0.8962569645883323,0.8962569665334128,0.8962569634508928,0.8962569639719516,0.8962569432921456,0.8962569430687399,0.8962569430815184,0.8962569429381262,0.8962569343218407,0.8962569422815371,0.8962569446393028,0.8962569452554134,0.8962569460675344,0.8962569461931352,0.8962569656591233,0.8962569669106663,0.8962569678325385,0.8962569653465028,0.8962569668888669
183,0.8967065833234973,0.8972318443431245,0.8972116770746326,0.8987998201853952,0.8989290920842751,0.8961098568411378,0.8970583294038699,0.8975525026205997,0.8975990111525192,0.8976025659701022,0.8975105105837605,0.8974389387579503,0.8975819653992719,0.8991166597746566,0.8991526427968561,0.8991527004571556,0.899145471250077,0.8957563063970277,0.8957813934993318,0.8957978519277776,0.8958862740615615,0.8958775967130406,0.8958922551399447,0.8957854680013966,0.895763581469547,0.8945542037369189,0.8945232662749332,0.894524781200804,0.8945223437870425,0.8945094304667024,0.8945253552207375,0.8945202628129414,0.8944927297505941,0.8944978938457137,0.8947288666880512,0.8947218886982441,0.8947106663710475,0.8946654910785266,0.8946431774186601,0.8945561021631386,0.8945731112777442,0.8945711172309635,0.894946840785432,0.8949355089063827,0.8950050698120379,0.8950119377367791,0.8949957100766405,0.8949780722778926,0.895001021156173,0.8950040601690141,0.8949879686453005,0.8949960312291018,0.8948921939435991,0.8949177622869644,0.8949157585381047,0.8949153982563285,0.8949428245144617,0.8949506809851927,0.8945616669346739,0.8945647164340299,0.8945638310122097,0.8945089857426828,0.8945263923029744,0.8945238656122527,0.8946189666032761,0.8946136104778164,0.8946160100429189,0.8946280669072245,0.8946145218123523,0.8946503094641718,0.8946595840369042,0.8946647399549806,0.8946596991261818,0.8946556439394548,0.8946574961683033,0.894662755558632,0.8946191901585597,0.8946177152881717,0.8945926241872297,0.8945879592185982,0.8945856426864248,0.894584253162598,0.8945544056700586,0.8945918434715847,0.8946131681748511,0.8946138990100004,0.8946149392068715,0.8946135085682899,0.8946692891542045,0.8946707667737053,0.8946711833097878,0.8946602253549486,0.8946629091577505
184,0.8941783233848962,0.8947564602933726,0.8947490025621844,0.896267675796382,0.8961983430908089,0.893120985295126,0.8938019383620404,0.8940817294584823,0.893936604011265,0.8939801165568348,0.8939402666487473,0.8939516669322399,0.8940068115717412,0.8949306445173663,0.8949473539744868,0.8949582649364332,0.8949514737733244,0.8924426467504163,0.8923271228250382,0.8923873296630048,0.8927620586686962,0.8927944158814453,0.892776681823407,0.8927392074910463,0.8927064304224144,0.8919210503882747,0.8919171078647047,0.8919271613162145,0.8919285017622581,0.8919463232261411,0.891942958571965,0.8919384880085941,0.8918850782569614,0.8919163099612095,0.8926897024275541,0.8926886227788786,0.8926824255290275,0.8926334291826109,0.8926289335537277,0.8926091386124608,0.8926127807631141,0.8926146718736326,0.8926930479371221,0.8926908385580232,0.8927083642041956,0.8927331816066159,0.8927280729021052,0.8927230914806592,0.8927306173192714,0.8927319358333397,0.8927265167234498,0.8927295042326966,0.8926969006453078,0.8927641328843383,0.8927563846948833,0.8927563292082679,0.8927637337598374,0.892765990733844,0.8925840098567459,0.8925830679514285,0.8925856589380071,0.892600153005265,0.8925953140596802,0.8925954321753782,0.892905252585871,0.8929028181910684,0.8929038646153308,0.8929091230598444,0.8928841284417486,0.8929022729146583,0.892906928903251,0.8929094957136445,0.8929083067978963,0.892906349284725,0.8929073201416659,0.8929098953927197,0.8928731134406033,0.8928723513463989,0.8929682158566635,0.8929656663313582,0.8929640694715985,0.892963431870852,0.8929469427268115,0.8929676060167492,0.8930107260956727,0.8930109898267524,0.8930115449166269,0.893012256318039,0.8930914074406092,0.8930918951527383,0.8930920379426787,0.8930883716282039,0.893089222531794
185,0.8950101226335189,0.895509009700968,0.8954974962620421,0.8971075773446056,0.8970520875615311,0.8938076359428415,0.8944926959246547,0.89475055683596,0.8946423086523903,0.894671179592078,0.8946271177052955,0.8946166910023038,0.894716390629765,0.8955595661982663,0.8955770667441821,0.8955871645608017,0.8955807854476462,0.8927667456442502,0.8926747234939758,0.8927280597193217,0.8930447557070383,0.8930810902379619,0.8930608457995953,0.8930460936878466,0.8930221378945444,0.8925114971331835,0.8925079312635297,0.8925167268592424,0.8925197721841296,0.8925499805764465,0.8925453533136188,0.8925415737988459,0.8924903335140927,0.8925170871767635,0.893245079673488,0.8932438874813268,0.8932385270474681,0.8932056718416616,0.8932008492600211,0.893179324432836,0.8931835287345437,0.8931842658109863,0.8932619178215838,0.8932600240404845,0.8932682099638312,0.8932761048879101,0.8932725057048244,0.8932687840793748,0.8932740941403681,0.8932731451603138,0.8932693024053218,0.8932713594555969,0.8932472392074662,0.8933170983227182,0.8933125695787962,0.8933125410234904,0.8933171254821396,0.8933185319536787,0.8932018516477732,0.8932014478273208,0.8932027346174666,0.893208812855141,0.8932066645004302,0.8932066962815473,0.8933662900293691,0.8933650098982395,0.8933655436719343,0.8933683138597469,0.8933552577702354,0.8933649660252961,0.8933674390905152,0.8933688043950067,0.8933687072025088,0.8933676989791812,0.8933682903065697,0.893369644136408,0.8933464077307004,0.893345968078359,0.8934380977911691,0.8934379619282371,0.8934362845761346,0.8934360423327069,0.8934282438642234,0.8934379394979031,0.8934587342945282,0.8934587668844473,0.8934590368114125,0.8934612820310875,0.8935061456885156,0.8935062481753724,0.893506292525534,0.893505998061001,0.8935061717311138
186,0.8925518296495121,0.8929508580387814,0.892980888416384,0.8939561727623122,0.8938628608607135,0.8913932426985532,0.8915294934132794,0.8916022171963324,0.891184948154118,0.8912528250506137,0.8913319486821633,0.8914475334181599,0.8914730966358291,0.8918385985894861,0.8918655635851922,0.8918625151059557,0.8918554051991278,0.890226030008546,0.8900083166299135,0.8901281682094159,0.8908559405928449,0.8909069260735434,0.8908911204698748,0.8909277205022255,0.8908991982354479,0.8906540546513557,0.8906663849414854,0.89068674711064,0.8906936426957429,0.8907447304790953,0.8907271804476898,0.8907219950752547,0.8906811721210126,0.8907884692509891,0.8923640304495581,0.8923640294960048,0.8923640271183144,0.8923640231348591,0.8923640223251285,0.8923640253971641,0.8923640235968231,0.892364022426846,0.8923640152098942,0.8923640141966273,0.8923640130386141,0.8923640150964771,0.8923640143816445,0.8923640140019028,0.8923640122409772,0.8923640073210057,0.8923640064425205,0.8923640047307994,0.8923640100305651,0.8923640180940752,0.8923640156939062,0.8923640144608935,0.8923640121661278,0.8923640105968517,0.892364005386181,0.8923640026310135,0.8923640019569256,0.892364011373145,0.8923640108602066,0.8923640097801904,0.8923640624629934,0.8923640627872962,0.8923640621620255,0.892364061685868,0.8923640612333237,0.8923640580105137,0.8923640567892696,0.8923640559228022,0.8923640551356283,0.8923640550089709,0.8923640544393106,0.8923640535248619,0.8923640529191812,0.8923640525505085,0.8923640603885387,0.8923640614747372,0.892364060798762,0.892364060874536,0.89236406479959,0.8923640614340758,0.8923640153074456,0.8923640144366506,0.8923640135617696,0.8923640133129049,0.8923640140560738,0.8923640130457975,0.892364012179364,0.8923640139889203,0.8923640129350348
187,0.8901580180310034,0.8904231126911567,0.8906506417328907,0.8909541256244715,0.8908643764086976,0.8909865128699591,0.8894587188126741,0.8894523107150245,0.8885521217003307,0.8886466898129005,0.8888467963204177,0.8891157399999303,0.8891051094085642,0.8892747207669562,0.8893650172809306,0.8893066215713403,0.8892914730999402,0.8885026247317662,0.8879775515487324,0.8881404238534882,0.8892170963233684,0.8892740543159287,0.8892668575716474,0.889309794192498,0.8892903729332254,0.8892257024507852,0.88924733882389,0.8892813212643759,0.8892871825761094,0.8893268882361038,0.8893050040547203,0.8892951763690782,0.8892742071711227,0.88960875810316,0.890494291405829,0.8904949998356442,0.8904716715102571,0.8904613483662029,0.8904627122096843,0.8904764615316817,0.8904767502476801,0.8904769980022996,0.8904388672355754,0.8904444651825207,0.8904476247679323,0.8904549879202465,0.890462669242542,0.8904707745787814,0.8904576884214801,0.8903956174371087,0.8904022743791375,0.8903995584242845,0.8904483908710847,0.8904912708957696,0.8904859766505216,0.890486162940654,0.890477152333003,0.8904747625906887,0.8904921382237039,0.890469882839664,0.8904726922616465,0.8905156162854319,0.8905042758779452,0.8905036049182946,0.8906958286398232,0.8907029886242122,0.8907008253918733,0.890691081527973,0.8906983776520213,0.8906673454447226,0.8906593645438314,0.8906548744058872,0.8906378712719109,0.8906410668292529,0.8906399803488211,0.8906360481934428,0.8906459769413058,0.890646886845386,0.8906603764864772,0.8906683934792713,0.8906661862079744,0.8906679003669442,0.8906937735573706,0.8906610938805437,0.8897991983203652,0.8897990741688987,0.8897992409429953,0.8898001673688372,0.889791943994166,0.8897917703983871,0.8897917961695134,0.8897918715379611,0.8897920855977842
188,0.8913038089492283,0.8914899006915515,0.8917389693823052,0.8918966108574933,0.8918177831047355,0.8931843589700138,0.8911786722634693,0.891178740847099,0.8902208265000895,0.8903121368310462,0.89043527936617,0.8906949344007579,0.890681458373602,0.8908310522129959,0.8909406808213275,0.8908620191979683,0.8908353792557252,0.8903753515369439,0.8897038416501784,0.8898008173796758,0.8905437541156382,0.890605236468691,0.8905986324944544,0.8906219775054842,0.8906139781380735,0.8906104295129265,0.8906320483957003,0.8906647801763778,0.8906696214965658,0.8907010191340254,0.8906828655789428,0.8906735409032481,0.890664844712785,0.8911584637792562,0.891646208217501,0.8916464108013417,0.891615681690306,0.8916048706337882,0.8916052409512394,0.8916206407503993,0.8916218653613546,0.8916216931760698,0.8915984986829809,0.891605095099114,0.891610607012148,0.8915960943225211,0.8916044947547511,0.8916131198501557,0.8915978739778712,0.8915122534799237,0.8915203567517701,0.8915169862434654,0.8915748852600498,0.8916259543079815,0.8916226761830657,0.8916228784830332,0.8916125413216013,0.8916097899772162,0.8916286305138198,0.8915973637830121,0.8916004802548769,0.8916496617031466,0.8916369454261103,0.8916374241579079,0.8917065238637814,0.8917136406165183,0.8917116562501161,0.8917029683193274,0.8917075741749642,0.8916783627203527,0.8916707342453776,0.8916664424318332,0.8916480462212895,0.8916510468519353,0.8916502060485237,0.8916465295993906,0.8916548385395027,0.8916556851228908,0.8916727776487231,0.8916808099195165,0.891676384857058,0.8916779894026193,0.8917016076219525,0.8916714788789595,0.8899107450563768,0.8899107465361503,0.8899107483373253,0.8899107505007154,0.889910751178305,0.8899107527014588,0.8899107544440498,0.8899107554873968,0.8899107569444215
189,0.8889389460668589,0.8889440060559636,0.8897309414573324,0.8896648623077923,0.8895807278554922,0.899452776152747,0.8917437977387794,0.8918043331190638,0.8888081753369512,0.889045044622957,0.8891525250407183,0.8898043103073279,0.8897549554118721,0.8902468510501752,0.8906607752933953,0.8903381758077764,0.8902309978646558,0.8900537399355292,0.8873044675683595,0.8872293589558892,0.8879243310373898,0.8880428768918318,0.8880154114436489,0.8880188675902878,0.8880199826177012,0.8880310465387546,0.8880670894365905,0.8881242142789139,0.8881265735086153,0.8881308070395834,0.888107700477856,0.8880960549793496,0.888111822137609,0.889705966442947,0.8898526844129857,0.8898519451716282,0.889829214903647,0.8898173307290345,0.8898145972555095,0.8898639408360157,0.8898648002346369,0.8898646612869853,0.8898913406021887,0.8898936074299949,0.8898948019510442,0.8898810008645296,0.8898836191156381,0.8898860956015329,0.889883508268987,0.8898955178336606,0.8899006905308231,0.8898985069261706,0.8899356557638534,0.889950541465272,0.8899486060792767,0.8899487302319499,0.8899421796942955,0.889940433059256,0.8899490081613538,0.8899060634663467,0.8899080785207614,0.8899385484196566,0.8899336824476786,0.889934360193408,0.8899707961252659,0.8899770354651224,0.8899760001770792,0.8899747362872492,0.8899768855375909,0.8899619831131601,0.8899573365556965,0.8899546999921724,0.8899313086385369,0.8899327723911147,0.8899322056115068,0.8899304967130939,0.8899342287714829,0.8899346244745729,0.8899388299908338,0.8899418243045156,0.8899381839707301,0.8899390622234443,0.8899496648400032,0.8899356981391726,0.8893812373413513,0.8893810218572927,0.8893846785919934,0.8893892937880291,0.8893885648765447,0.8893872755239149,0.8893872378580007,0.889389320705616,0.8893895596612545
190,0.8865449592897918,0.8860477457181077,0.887218090227689,0.8867307979425374,0.8868423653973287,0.9050692277239187,0.893349798302723,0.8934874880513802,0.8880815260477741,0.8886030871391332,0.888629680910847,0.8897637890530384,0.8896842656700783,0.8906945940238296,0.891458272311534,0.8908596225849209,0.8906521027466368,0.890431871351155,0.884281601966247,0.8836118665989592,0.8840863220020023,0.88435672661362,0.8841969360445306,0.8841772479804378,0.8841889485056644,0.8842190986893355,0.8843035258372463,0.884377585709838,0.8843848153222963,0.8843981187040719,0.8843510077168106,0.884343157250419,0.8843994670324075,0.8877320820305176,0.8877320802482954,0.8877320802534244,0.8877320786633033,0.8877320760656219,0.8877320755083687,0.8877320877853302,0.8877320833213427,0.8877320812405554,0.887732067263093,0.8877320651712747,0.8877320635718994,0.8877320594098272,0.8877320576884449,0.8877320563306539,0.8877320555455878,0.8877320828350911,0.8877320813816686,0.8877320787792352,0.8877320862304083,0.8877320852047765,0.8877320829315384,0.8877320808998247,0.8877320775734852,0.8877320751152048,0.8877320740425425,0.8877321095720899,0.8877321084612801,0.8877321184186592,0.8877321236156062,0.8877321224043018,0.8877321221309258,0.8877321235855427,0.8877321223718541,0.8877321252244259,0.8877321242231446,0.8877321275954893,0.8877321259450895,0.8877321246118036,0.8877321217132761,0.8877321208214856,0.8877321196954682,0.8877321183941177,0.8877321179893761,0.8877321169890371,0.8877321163081058,0.8877321165547264,0.8877321143616032,0.8877321141235129,0.8877321196819898,0.887732119130498,0.8877321016225768,0.8877321004903466,0.8877321009640334,0.8877321004224384,0.8877320990832125,0.8877320990279679,0.8877320978506961,0.8877320994956089,0.8877320986592311
191,0.8856225067368787,0.884574604886206,0.885803378909176,0.8849285160841436,0.8852727728473376,0.9081361639292933,0.8962034705406148,0.8963829034153871,0.8894604527354772,0.8902475542589461,0.8901969637398529,0.8915574974565609,0.8914633842425833,0.8928496020290572,0.8938161979486287,0.8930620425487744,0.8928185762646815,0.8925313207903065,0.8828477492534053,0.8811369679728053,0.8813539429006013,0.8816962900169903,0.8814532124407253,0.8814204928895597,0.8814379707367533,0.8814761964419596,0.8815885751317358,0.8816432171552152,0.8816530868176157,0.8816752391597003,0.8816156801138894,0.881612908620267,0.881691102661549,0.8836304357363086,0.883602817644652,0.8836509885837345,0.8836696489683132,0.8836764348835,0.8837045944641424,0.8835303894395664,0.8835111326615324,0.8835156696620037,0.8834016585136096,0.8834126535894804,0.8834302855104843,0.8834234220780157,0.8834361387549912,0.8834484036796362,0.8834507868844793,0.8837175681680834,0.8837211135947173,0.8837184089317872,0.8837662405462847,0.8837652498409136,0.883763717432404,0.883763901276675,0.8837538996129357,0.8837513494845519,0.8837570512319006,0.8844854779071134,0.884486334836689,0.8845703356263891,0.8846148949852577,0.8846142089560188,0.8846111014942942,0.8846369280146278,0.8846367635745648,0.8846508451398893,0.8846506795634075,0.8847178028097362,0.8847135381250271,0.8847110911746339,0.8847142408005825,0.8847161687947306,0.8847155586201345,0.884713391687356,0.8847176522164392,0.8847181930510881,0.8847188106935535,0.8847223257401422,0.8847166934232595,0.8847177764198694,0.8847609770566857,0.8847438114216896,0.8847770800504005,0.8847764834415114,0.8847918275883658,0.8847939206327153,0.8847922847539361,0.884807071140625,0.8848068180725186,0.8848165383500504,0.884816974178549
192,0.8862714938570476,0.8847994783538803,0.8859153219472766,0.8847682491387914,0.8852878634804792,0.9105650460643412,0.8999734824560224,0.9001670244864813,0.8924258033623342,0.8933956068686358,0.8933210503641864,0.8947468594914042,0.8946470775051839,0.8962408725271765,0.8972997892236015,0.8964797336103439,0.8962634869818323,0.8959346193621347,0.8833107187574623,0.8808485606213965,0.8809366117824482,0.8812155961402651,0.8810167087304335,0.8809902199524843,0.8810046088670216,0.8810341661000238,0.8811230348870692,0.8811575378250076,0.8811652942892351,0.8811836094189538,0.8811377253833006,0.881136799440113,0.8811986611938945,0.8822884587928032,0.8822645072591487,0.8823285374717436,0.8823427362349087,0.8823493567336832,0.8823755904586243,0.8816305423795824,0.8816112430719697,0.8816157863540561,0.8817306393134287,0.8817419923147335,0.8817602979336798,0.8817537020973341,0.8817670921118463,0.8817802103853071,0.8817816678281336,0.8820322754548984,0.8820339553123849,0.8820317147704296,0.882077164342254,0.8820762981717477,0.8820747235930676,0.8820749247422048,0.8820649329899111,0.8820625311318232,0.882068096910841,0.8830270700652875,0.8830289790979767,0.8831614091522625,0.8831945573698118,0.8831962398194286,0.883197329636869,0.8832442422596946,0.8832427822887813,0.8832561665839562,0.8832556854197031,0.8833159188686186,0.8833086681200314,0.883304542597904,0.8833103261482889,0.8833136278946084,0.8833123573068746,0.8833080872182808,0.8833155892883761,0.8833165583283576,0.8833179255685866,0.8833240012148562,0.8833196500259346,0.8833213514285249,0.8834181686190034,0.88338762440768,0.8834125472812662,0.8834116071918864,0.8834446444337011,0.8834473091113269,0.8834447198442654,0.8834597626400204,0.8834593966030018,0.8834731598773382,0.8834718517090839
193,0.8840462896890354,0.8825843490424289,0.8829725351752985,0.8820993093765168,0.8825674241411974,0.900568259694865,0.8959854532351622,0.8961087423256267,0.8907648045020923,0.8914789569339853,0.8913996034381179,0.891887191344117,0.8918231204178814,0.8929756873214734,0.8937083212428794,0.8931577689041907,0.893110855721806,0.8928858933788043,0.8815027570728599,0.8766027362577252,0.8766262558294995,0.8768399292283652,0.8766869719096142,0.8766709905586868,0.8766815472185623,0.8767000301852621,0.8767606767628409,0.8767826848904825,0.876787950377345,0.8768017008659195,0.8767706389215578,0.8767696028338708,0.8768140211276981,0.8773566016139556,0.8773425275183255,0.8774330626820708,0.877433620980106,0.8774390659230951,0.8774624752508506,0.874847217794701,0.8748302062426138,0.8748340720946994,0.8753799064699659,0.8753763038649167,0.875369910537133,0.8753708157122889,0.8753671506876213,0.8753617350282689,0.8753728533874661,0.8754363493780448,0.875422632978325,0.8754263104674077,0.8753827225967395,0.8753833038647388,0.8753849726699706,0.8753849381662061,0.8753943589831507,0.8753974761145252,0.8753916686447843,0.8766620944107112,0.8766626120078832,0.8767211671593996,0.8766755131265541,0.8766798099400032,0.8766859147457073,0.8767742147420233,0.8767713476158798,0.8767834441818524,0.8767826463249245,0.8767072647451923,0.8767030745594051,0.8767006262624869,0.8767040629344304,0.876706032213374,0.8767052214020349,0.8767023525383725,0.8767067778555262,0.8767073382148146,0.8767082184996661,0.8767117803322713,0.8767105966810165,0.8767117743451748,0.8768839612490538,0.8768650652395332,0.8768760618774654,0.8768754658388249,0.8769230855253974,0.8769244112425475,0.8769228676649569,0.876922799619115,0.8769226221732461,0.8769298396220934,0.8769289606667814
194,0.8872110758785642,0.8856144115475368,0.885817130257509,0.8848860215287432,0.8853937903400596,0.9049401925275067,0.902057761301349,0.9021663448567724,0.8970064987252564,0.8977412392759238,0.8976805442890833,0.8981338412227914,0.898079383560246,0.8991512782172604,0.8998125406018752,0.8993235955437149,0.8993148637986113,0.8991100019656525,0.8872140762851602,0.8827044751261192,0.8826965749143328,0.8827468539710184,0.882787506241748,0.8827995321918428,0.8827992571039016,0.8827920089263641,0.8827731059109535,0.8828174832302266,0.8828165881046939,0.8828134498946221,0.8828234545255945,0.8828200965942236,0.8828112337232168,0.882961935547707,0.8829631913670981,0.8830119778371274,0.8830013874207129,0.8830003494313081,0.883000093538404,0.8773585536160196,0.8773048429815754,0.8773172879799764,0.8767356981041892,0.8767281739423372,0.8767167937212367,0.8767198450467323,0.8767132770262716,0.8767061147493931,0.8767182118363475,0.8766958395356935,0.8766849505892691,0.8766883173663474,0.8766706929523719,0.8766705980900462,0.8766704584981625,0.8766705630502745,0.8766706719896752,0.8766718331146448,0.8766705559662502,0.8771777150281411,0.8771807469465528,0.8770951872839019,0.8769354231409435,0.8769452395097533,0.8769603765378238,0.8770587413664852,0.8770516954922177,0.8770813821130939,0.8770795751294749,0.8765298028611725,0.8765294123517603,0.8765291996913768,0.8765297815116377,0.8765300574203909,0.8765300109187846,0.8765293997374614,0.8765298107215852,0.8765298565424605,0.8765299822357981,0.8765305675255372,0.8765297477666157,0.8765304140365348,0.8768407002389438,0.8768325742547127,0.8768362503469411,0.8768360361040348,0.8768719269500557,0.8768722258278167,0.8768718131964792,0.8768663195465838,0.8768663251288026,0.8768679634781039,0.8768676795996546
195,0.8883388284140926,0.8876393317695538,0.8859535518216026,0.8862856282953236,0.8861911543883217,0.8912092423178862,0.8969863977810529,0.8969505687570591,0.8977285208545945,0.8976009022310945,0.8975749188985,0.8964040286608993,0.8964344133362044,0.8962113175592267,0.8960589164695434,0.8962163908309222,0.8964021902257862,0.8964967925176913,0.8918403649317685,0.8873638012515125,0.8873318027024227,0.8867043813589088,0.8875273567133544,0.8876336150280195,0.8875969024409742,0.8875060089620568,0.8872006986031978,0.8872380813049826,0.8872138388716639,0.8871395027525433,0.8872994303509281,0.8872717817947872,0.8870498653083707,0.8870507333662813,0.8871102512554071,0.8869996088730275,0.886940176780276,0.886888974656104,0.8867126967698051,0.8711927904205816,0.8711928081391136,0.8711928209560692,0.8711928056219298,0.87119281655322,0.8711928249911441,0.8711928395172825,0.8711928488117722,0.8711928554711956,0.871192867104198,0.8711928771410362,0.8711928861060656,0.8711929008591629,0.8711928717966323,0.8711928808582767,0.8711928941734375,0.8711929065485527,0.8711929242471622,0.8711929386661511,0.8711929477608734,0.8711929716313264,0.8711929814663171,0.8711928953202451,0.8711926679571927,0.8711926745972555,0.8711926808880126,0.8711926944120995,0.871192702774647,0.8711927027847536,0.8711927103596209,0.8711926295416451,0.8711926399770703,0.8711926482997407,0.8711926519893176,0.8711926567551532,0.8711926640531477,0.8711926728995114,0.871192673681359,0.8711926793638358,0.8711926834198754,0.8711926807407014,0.8711926853055935,0.8711926869689108,0.8711923925787556,0.8711924040730276,0.8711924057485336,0.8711924089586148,0.8711924153543069,0.8711924172132184,0.8711924218595152,0.87119242547379,0.8711924288243668,0.8711924198127758,0.8711924242187585
196,0.8887871839946727,0.8882536259717007,0.885900192648267,0.8863574810646949,0.8861879643480542,0.8881068789857075,0.8959209024034661,0.8958627520141804,0.8977481693531583,0.8974385158902648,0.897420467265706,0.8960449043600616,0.8960900544157624,0.8956210194312053,0.8953235226018114,0.8955927594312454,0.8957925341842871,0.8959408917370183,0.8929573855136588,0.8890864054264459,0.8890523172208449,0.888294259004825,0.8892564568461568,0.8893793734094501,0.8893357506800561,0.8892298700385554,0.8888732240125121,0.8889006185813708,0.88887215703157,0.8887848906733129,0.888971290250409,0.8889390152133678,0.8886787776566739,0.8886731394021533,0.8887429919301695,0.888606455666883,0.8885383485862467,0.8884773334156982,0.8882669146508888,0.8755321769276868,0.8755671334030128,0.8755594377087896,0.8761405031843572,0.8761213804549263,0.8760887917854734,0.8760992232540183,0.8760770336697334,0.8760508153696176,0.8760814308148234,0.8760798140321626,0.8760568251463081,0.8760668120737245,0.8759161350905749,0.8759186022448762,0.875925036293884,0.8759247198033876,0.875960512455492,0.8759709568407713,0.8759503181787248,0.8759387496655668,0.8759293172758582,0.8757211258596693,0.8748624629833922,0.8748502914549282,0.8748320671207573,0.8748362652549126,0.8748448007782018,0.8748888713944486,0.8748911926820022,0.8748403971303302,0.8748688553276192,0.8748848390535314,0.8748665625503367,0.8748540354454409,0.8748601991717495,0.8748761407522115,0.8748462877100983,0.8748423007686512,0.8748359238752719,0.874812281541667,0.8748042214774452,0.87479997877073,0.8726334781705584,0.8727474880151356,0.8727389739353485,0.8727422320102771,0.8727473836609544,0.8727399580567153,0.8727503127499224,0.8727554939757777,0.8727570367065752,0.8727077997719128,0.8727172706049193
197,0.8905139289967524,0.8900130077660481,0.8870637020640071,0.8871146730666303,0.8871184694761939,0.8867543504752272,0.8959602622756153,0.8958980231263947,0.8982735695269028,0.8978663103167861,0.8978582557993254,0.8966831284067959,0.896731692483382,0.8961480989782318,0.8957924962969694,0.8960976021480368,0.896258227953294,0.8964224486683815,0.895361789838998,0.8929886179356276,0.8929580787721607,0.8922058584265653,0.893140622706827,0.8932592448566008,0.8932158718273883,0.893112936536052,0.892765802156345,0.8927786935354127,0.8927508772166752,0.8926657881155498,0.8928460606950114,0.8928146394020277,0.892561422958228,0.8925535371890506,0.8926213846036074,0.8925282449040884,0.8924626080036266,0.8924020306655777,0.8921933128490381,0.8838074717625815,0.8838822990728481,0.8838654889690198,0.8851355795398136,0.8850947227019227,0.8850253381204313,0.885047246296688,0.8849995775345166,0.8849443740141557,0.8850111280096294,0.885008898787185,0.88496052373062,0.8849814286725878,0.8846579706107959,0.8846632352064389,0.884676859276875,0.8846760498820407,0.8847527708783953,0.8847747235853802,0.8847304257616846,0.8847195916359714,0.8846992840246526,0.8842740450340941,0.8833183344568041,0.8832928536170378,0.8832545086578382,0.8832450259533902,0.883262993194928,0.8833575877371049,0.8833624313836286,0.8832821705732112,0.8833400789755391,0.8833725140996331,0.8833354724854909,0.8833099099938482,0.8833224348617614,0.8833549802696927,0.8832942318380478,0.8832860947226399,0.883273086997765,0.8832248655556313,0.8832083298748309,0.8831993607278699,0.8769209996809405,0.8770708923738673,0.8770593584996302,0.8770638032241418,0.877069316103138,0.8770592546375343,0.8770732888596241,0.877080410263052,0.8770825667531515,0.8770155409819759,0.8770283127324412
198,0.8909212191535446,0.8894416788717723,0.8829955210650935,0.8811061557637729,0.8819569992612324,0.8823909007495419,0.8991308052673451,0.8991084199202357,0.8996958522437537,0.899637725975679,0.8996279367111774,0.8994536404535889,0.8994594562989217,0.8993214170226826,0.8992278072407688,0.8993054058302117,0.8993440534364534,0.8993807829015366,0.8991258477340922,0.8983793214696336,0.8983682656961417,0.8981485427952085,0.8984146231271924,0.8984443868787569,0.8984306838762361,0.8984028468343962,0.8983082689713668,0.8983229757710197,0.898315173356869,0.8982912125225023,0.898337446162158,0.8983280561205536,0.8982587523987245,0.8982509792179989,0.8982684486873312,0.8982858035175467,0.8982667185359471,0.8982491303303258,0.8981901191062946,0.8953382348830298,0.8953580788310993,0.8953525504074414,0.8960301578006012,0.8960225518340688,0.8960099488239375,0.8960129291711676,0.8960037574874306,0.8959954569147277,0.8960211558104505,0.8960190274943352,0.8960097476649281,0.8960124954940615,0.8959448051430839,0.8959459261814227,0.895948169123705,0.8959477490870499,0.8959629531325105,0.8959660430001766,0.8959573326780393,0.8959400226105647,0.8959355560199523,0.8960713358938102,0.8954946127115403,0.8954799884688713,0.8954567758044522,0.8954848617719103,0.8954952156357137,0.8955869250381507,0.8955896187726435,0.8957754791632422,0.8958023635094501,0.8958163621301934,0.8958006421546937,0.8957888034184244,0.8957943874515267,0.8958093140148385,0.8957821933589741,0.8957784783188384,0.8957726646896192,0.8957517303306901,0.8957437531352946,0.8957387276579585,0.8788522624413658,0.8788522622314103,0.8788522769272148,0.8788522928103434,0.8788523099398048,0.878852325248742,0.8788523440862805,0.8788523625204354,0.8788523799026305,0.8788523637885612,0.878852382333599
199,0.8969132061632806,0.9022859522783313,0.9023026498173154,0.9025562732635062,0.9028673192554856,0.9019430069127804,0.9023532663043583,0.9051320449808047,0.9040258953350472,0.9043078370458966,0.9042775447542752,0.9045982758637242,0.9044492713325069,0.91337421658408,0.9134545600536133,0.9134015093058799,0.9133879739090944,0.9129088868789537,0.912621263455805,0.9125982153919079,0.9125704742447344,0.9126777371145761,0.9125631528084335,0.9120578076719922,0.9120462068708373,0.9090465513012813,0.9091450844828506,0.9091502620227144,0.909158473881299,0.9091800503171868,0.9091304744936555,0.9091391474569765,0.9091922490098902,0.9091865392044417,0.9091538328608778,0.9091731313893586,0.9091904376086115,0.9091914935813861,0.9092526539889336,0.9095055691465139,0.9094510430338391,0.909487561322669,0.908575860736301,0.9085984573292423,0.9092309066625591,0.9092158388359394,0.9092400245945833,0.9092663930801361,0.9092326930627908,0.9092305899195167,0.9092534433075586,0.9092423616678238,0.9094097737576259,0.9094205860351501,0.9094164819944693,0.9094171025471399,0.9093769738502401,0.9093662001998345,0.9093956702936418,0.9093847821340495,0.9094561165381915,0.9096770878876951,0.9096026009905646,0.9096124112537742,0.9096155812503802,0.9096312836233668,0.90962407831151,0.9095882269269777,0.9095361027632317,0.9094283319394812,0.9094013280376331,0.909386289819734,0.9094032406981859,0.9094179451979079,0.9094124821195709,0.9093971185245396,0.913510392356711,0.9135103883692051,0.9135103870797417,0.9135103876222342,0.9135103841874328,0.9135103830443477,0.9135103994004106,0.9135103972943588,0.9135103940359527,0.9135103902970118,0.9135103863695817,0.9135103830216783,0.9135103763487029,0.9135103719840902,0.9135103679475529,0.9135103724166224,0.9135103679569799
200,0.8969112859625663,0.901582320823001,0.9015896569318452,0.9020933652551034,0.9024481577172031,0.9013297918511645,0.9018788525934969,0.9043322611840259,0.9032971751706025,0.903569574246392,0.9035381886524728,0.9038424252430798,0.9036605629367777,0.9115509746743922,0.9116466724507688,0.9115883014616992,0.9115736689221894,0.9108782227322842,0.9105585646628778,0.9105322812317651,0.9104997607244263,0.9106214310459589,0.9104876147593735,0.9098254896370662,0.909811935712699,0.9058172244833257,0.9059157099201283,0.9059212097384924,0.9059295176958522,0.9059514618752939,0.9059024239790018,0.9059113875709559,0.905963383249989,0.9059579098035291,0.905925080111678,0.9059444349463482,0.9059619604962722,0.9059633201535408,0.9060255191299245,0.9062792005306982,0.9062239023818065,0.9062556148383655,0.9053453503112966,0.9053678531802203,0.9059943831771614,0.9059800702227889,0.906003226492851,0.9060285195286574,0.9059958096537508,0.9059939577257003,0.9060159112452357,0.9060061644091971,0.9061703135777545,0.9061743361881158,0.9061703592478489,0.9061709632994929,0.9061326747726022,0.9061226201590554,0.9061361969506306,0.9061257590505828,0.9061926327170573,0.9064049485443213,0.9063331463190537,0.9063426200736306,0.906343649523686,0.9063589426072555,0.9063519967944512,0.9063173621541546,0.9062680357751988,0.906164896720142,0.9061391427122857,0.906124756426518,0.9061409220588472,0.9061545094592471,0.9061490084367751,0.906134375182003,0.9089892993883858,0.9089901315525867,0.9089893196670854,0.9090002825009976,0.9090030875258349,0.9090048032472249,0.9090412076012314,0.9089945112816197,0.9089972545351102,0.9089953252392159,0.9089941726498589,0.9089969161935081,0.9089833263997624,0.9089815980865522,0.9089811235661512,0.9090034004460436,0.9089997749373974
201,0.8967188094947974,0.9011875671292494,0.9011926309080334,0.9017917862873559,0.9021576957366769,0.9009396410029045,0.9015455916686912,0.9038939676873219,0.9028926148797212,0.9031609699419094,0.9031302207464891,0.9034257420401443,0.9032352365568491,0.9107622016040017,0.9108574404000815,0.9108021359750987,0.910787941563739,0.9100043469549005,0.90969700956503,0.909670745933669,0.9096365536780397,0.9097569351264979,0.9096231487359429,0.9088931737529677,0.9088786198146561,0.9044709317240486,0.9045617328664913,0.9045669037926696,0.9045746023810067,0.9045949244577878,0.9045498856564282,0.9045582329165169,0.9046058750156896,0.9046008636129411,0.9045701643702059,0.9045880388494905,0.9046042594033198,0.9046053385435309,0.9046629591416437,0.9048969964571958,0.9048457524383253,0.9048741146376906,0.9040359519496209,0.9040566451790298,0.9046299681484942,0.9046168224565431,0.9046377783615467,0.9046606727228726,0.9046309490279362,0.9046293273382732,0.9046492005638687,0.9046406299035679,0.9047904608034174,0.9047921265741181,0.9047889434213972,0.9047894941993648,0.9047549119594416,0.9047459073155208,0.9047519080735092,0.9047424667675974,0.904804167710117,0.9049962477140991,0.9049311829248684,0.9049397711660111,0.9049393768215189,0.9049532813457146,0.904946986808611,0.9049155752339146,0.9048669082613521,0.9047729445606619,0.9047495050594658,0.9047363951568074,0.9047511072114196,0.9047634117828072,0.9047583142490974,0.9047450015449762,0.9071416366231941,0.9071424490047508,0.9071402923620032,0.9071525594515905,0.9071555795360409,0.9071574061118274,0.9071964486933564,0.9071462188249009,0.9071490915363445,0.9071469081773045,0.907145671152353,0.9071486157729974,0.9071322772505948,0.9071304470192504,0.9071299464219279,0.907154575205441,0.9071506912379949
202,0.8948228801926237,0.8985177632062458,0.8985266661027212,0.8996264741243294,0.8999243817547778,0.8980466773836326,0.8988281203842705,0.9006335922126714,0.8999047399950744,0.9001274612431601,0.9000940005094326,0.9003094856841651,0.9001245814117008,0.9056251987048387,0.905672718053623,0.9056652186475597,0.9056573171878953,0.9044307856398209,0.9043627243594965,0.9043472828449158,0.9043100287886949,0.9043712381581237,0.9042986722465399,0.9032864973255242,0.9032635895526372,0.8961871613215355,0.8961871675010632,0.8961871732357929,0.896187179045478,0.8961871847097826,0.8961871900432147,0.8961871957697163,0.8961872001586224,0.8961872054872118,0.8961872136451405,0.8961872183233711,0.896187224019356,0.8961872281651526,0.8961872335667179,0.8961872313958887,0.8961872364295256,0.8961872439089493,0.8961872289588457,0.8961872342720871,0.8961872717300148,0.8961872753590958,0.8961872802582034,0.8961872842422695,0.8961872878577023,0.8961872933819415,0.8961872983046424,0.8961873042902615,0.8961872982712034,0.8961873025232591,0.8961873122744859,0.8961873178066012,0.8961873243171969,0.8961873303192831,0.896187312824811,0.8961873177642534,0.8961873285563496,0.8961873173558618,0.8961873111656374,0.8961873158266768,0.8961873225496813,0.8961873249565521,0.8961873298653766,0.8961873246467251,0.8961872868124534,0.8961872877328791,0.8961872911947107,0.896187294598041,0.8961872989675809,0.8961873035698873,0.8961873074016341,0.8961873111102534,0.8961874445261641,0.896187449779297,0.8961874561206525,0.896187457484576,0.8961874625246398,0.8961874644141506,0.8961874487575324,0.8961874436430757,0.8961874488900912,0.8961874534102352,0.8961874584534122,0.8961874633953492,0.8961874885433149,0.8961874942717998,0.8961874997461133,0.8961874974874233,0.8961875030312489
203,0.8939843674349618,0.8970963604704157,0.8971100463830547,0.8984322999173718,0.8986255106338664,0.8964152371980737,0.897230355826115,0.898672480631924,0.8981800510665828,0.898349838963006,0.8982951901549091,0.8984388823800463,0.8982865588999689,0.9025781790125064,0.9026024993265908,0.9026143345130018,0.9026079045750066,0.9011554257709778,0.9012021893883839,0.9011960213542057,0.9011745030512871,0.9012004545464092,0.9011675766810278,0.9002358231325606,0.9002066592076149,0.8946926676451965,0.8946741533621874,0.8946743923342896,0.8946727857496055,0.8946655610234476,0.894674958932246,0.8946711642018584,0.8946493031127033,0.8946496764896309,0.8947112149566455,0.8947081786766425,0.8947036570529385,0.8946936015172725,0.8946807644948161,0.8946343428287561,0.8946426122879769,0.8946502080023923,0.8948266523230382,0.8948221194099889,0.8948502652651162,0.8948364279892351,0.8948289670204298,0.8948206466483549,0.8948315973323776,0.894832791702635,0.894825076361328,0.8948286787717096,0.8947795451553862,0.8947882633578244,0.8948134535267646,0.8948133371973515,0.8948251798182526,0.8948286915256062,0.8946375855038285,0.894638944879989,0.8946494609843427,0.8946242385654393,0.8946320519268286,0.8946308833366459,0.8946795192628303,0.8946774841757322,0.8946784160317017,0.8946829925184023,0.8944517616219517,0.8944626027807726,0.8944656430473319,0.8944673196252408,0.8944656418833072,0.8944644761920202,0.8944650468161435,0.894466774077107,0.8943670590936917,0.8943665690810904,0.8943944023818883,0.8943944361671597,0.8943940087946688,0.8943938506222453,0.8943890203545114,0.8943949857603075,0.8944008318079671,0.8944006183862695,0.8944008206341842,0.8944005089625467,0.8946161029739388,0.8946165128192636,0.8946166326874353,0.8946144288052308,0.8946151043723911
204,0.8920453376825385,0.8942896636592943,0.8943100556488099,0.895743748731715,0.8957299868602676,0.8932790059062716,0.8940016536249273,0.8948934960390635,0.8946694182531753,0.8947710844596034,0.8946877556510199,0.8947540885347925,0.8946604612689938,0.8972193812999316,0.8972128954613379,0.897244823767881,0.8972395333228078,0.895789901432152,0.8959220140282508,0.895934108043413,0.8959818318586367,0.8959700049995699,0.8959825543495995,0.8953148791842152,0.895276014386603,0.8920123770955006,0.8919868014898318,0.8919888289593952,0.8919863516426099,0.8919764218690034,0.8919889346145874,0.891981813293627,0.8919426574939155,0.8919462260714534,0.8921290016348707,0.892125260906886,0.892118391090696,0.8920830590754069,0.8920661148140545,0.892006271421984,0.8920166282331053,0.8920298148990261,0.8922466197320957,0.8922414276061102,0.8922424899026994,0.8922225511947437,0.8922139555524548,0.8922045981266866,0.8922175488391858,0.8922191882547984,0.8922100006367497,0.8922142784222291,0.8921567141638509,0.8921817291350521,0.8922191565256928,0.8922190645349304,0.8922316765368606,0.8922355506004586,0.8919683968622644,0.8919681901400104,0.8919846628953622,0.8919848496265279,0.8919845329475781,0.8919841720024735,0.8921857466702077,0.8921845277524105,0.8921850813803722,0.8921876634780074,0.8918144022825352,0.8918262652004251,0.8918295969727427,0.8918313975495367,0.8918301053490866,0.8918289084599343,0.8918295619578799,0.8918314198025379,0.8917020633610293,0.8917015566545419,0.8917598131622744,0.8917599593304281,0.8917596202183425,0.8917596694810802,0.8917560147609503,0.8917605981965097,0.8917803061124012,0.891779905218016,0.8917800809477155,0.8917801152398104,0.8924571832423243,0.89245718253491,0.8924571818402136,0.8924571822746117,0.8924571815883848
205,0.8907962799132957,0.8918180189223833,0.8918256838987462,0.8929361454580138,0.8928546516841468,0.8907464915654061,0.8912941751326622,0.8916923311670092,0.8915259785773615,0.8915931910873567,0.8915266677332795,0.8915750793796092,0.8915332870436681,0.8927391130811322,0.8927396655526347,0.8927595888345166,0.8927544256794484,0.89148783063485,0.8914862943276032,0.8915293346297692,0.8917910845856253,0.8917876428018272,0.8917980035458987,0.8915664620873892,0.8915148704904001,0.8898889079848552,0.8898822093774629,0.889889002007978,0.8898881468849035,0.8898861260679322,0.8898879331677636,0.8898834681003601,0.8898485468415294,0.8898626148044354,0.8902310144941481,0.8902310738526217,0.8902260593634408,0.890135267141476,0.8901336412415672,0.8901274554747481,0.890127655121551,0.8901370989743206,0.8901505724756373,0.8901507599704211,0.89015955457679,0.8902115704534754,0.8902072940934777,0.8902040243965248,0.8902104987860844,0.8902112656207637,0.8902064118129471,0.890209354934873,0.8901841022595777,0.8902193775794588,0.8902157012575935,0.8902157072135508,0.8902213816707994,0.8902233559971966,0.89000578568939,0.8900026357934462,0.8900136749264953,0.8900558145736251,0.890041923168791,0.8900427501923605,0.8905585356472068,0.8905581665543763,0.8905583021922837,0.8905588617918777,0.8903804929384457,0.8903899988761433,0.890392556128821,0.8903939150000463,0.8903937487555387,0.8903928228003166,0.8903933183478768,0.8903947075480304,0.8903109890750309,0.8903105672543242,0.8903701565456541,0.8903700725631443,0.890369762224564,0.8903698284535856,0.8903653489186232,0.8903709150333179,0.8904044126220697,0.8904040571866573,0.8904042422985242,0.890404485392307,0.8907294030143749,0.8907294783745705,0.8907295020129855,0.8907295483211081,0.8907296592075036
206,0.8892798079889876,0.8895997249259244,0.8896304592103512,0.8902172946412726,0.8901807155770775,0.8888928011781617,0.8889019775720701,0.889025493874288,0.8886315071172912,0.8887055594231306,0.8887891677747433,0.888900046052869,0.8888780295308045,0.8893909353602227,0.889411418798594,0.8894113552727771,0.8894092096232067,0.8884358263136293,0.8882814471741698,0.8883701465231355,0.88895229261768,0.8889655321469128,0.8889642709083804,0.8889454038316355,0.8888920284840853,0.8880905141568818,0.8881089629441256,0.8881218148166772,0.8881234031458307,0.888131984638349,0.8881168825895335,0.888119871786293,0.8880993239476695,0.8881297787615372,0.8886540238601045,0.8886585888287096,0.8886558669071741,0.888589501135505,0.888603719187326,0.8886580408089696,0.8886466806495377,0.8886543297234419,0.8884309392743839,0.8884377891174757,0.8884512336727353,0.8886333186421205,0.8886356535400023,0.8886414573237795,0.8886384435235473,0.8886368945567509,0.8886383794528969,0.8886387166308908,0.8886577631684331,0.8886907702730789,0.88866593846183,0.8886660727755475,0.8886625097362862,0.8886617877551187,0.8885283701749532,0.8885221681170739,0.8885303679790061,0.8886035123695881,0.8885798432924226,0.8885810716270632,0.8895104454412691,0.8895110899914803,0.889510722417058,0.8895089586865257,0.8894529683218098,0.8894519310570494,0.8894516691979685,0.8894514771318868,0.8894531079637736,0.8894533658172451,0.8894532683147605,0.8894530685134227,0.8894154756143188,0.8894154667036553,0.8894514885679714,0.8894528176774407,0.8894531178459909,0.889453501223784,0.8894563525562195,0.8894526572898033,0.8894844221172571,0.8894839553681801,0.8894839179009985,0.8894846218491198,0.8896205071525684,0.88962032084048,0.8896202708495603,0.8896228684876424,0.8896225900442416
207,0.8881453436964787,0.8883493332304339,0.8885028755416673,0.8888784368055787,0.8888094529751525,0.8881843313359771,0.8873345724926652,0.887346501563336,0.8866651984515971,0.8867464460328452,0.8870214147415385,0.8872240380828732,0.887206401415854,0.8874569885692323,0.8875079054154245,0.887483684525947,0.8874853233498692,0.8865964914313749,0.88629246382769,0.8864448525972527,0.8874683509644358,0.8874972429099621,0.8874887133768244,0.8875445604698062,0.8874957369701115,0.8870849506119939,0.8871136390823822,0.8871344427068018,0.8871375595945828,0.887155006109137,0.8871296980174354,0.8871360420137085,0.88711775872804,0.887191421371682,0.8879439622420687,0.8879495496654207,0.8879440943032421,0.8879310103237353,0.8879497333234861,0.8880258704897079,0.8880106775807005,0.8880170606920876,0.8877188570138814,0.8877279567531655,0.8877415763788481,0.8879825270220526,0.8879892058176467,0.8880006472358577,0.8879913644774612,0.8879848102438598,0.8879903056268214,0.887988777885939,0.8880345447976058,0.8880631130158263,0.8880374558726859,0.8880376679265886,0.8880284586595107,0.8880260557231999,0.8879523314948107,0.8879429869449099,0.8879496417035307,0.8880341516751549,0.8880071618951451,0.8880077022738303,0.8895969762990594,0.8895969757694797,0.8895969740775851,0.8895969753049655,0.8895969732321898,0.8895969707296331,0.8895969688771262,0.889596967263766,0.8895969656398959,0.8895969642414131,0.8895969626563306,0.8895969609415242,0.8895969572983384,0.8895969558045655,0.889596959113636,0.8895969592778886,0.8895969579913096,0.8895969575914862,0.8895969625713933,0.8895969629006927,0.8895969571528649,0.8895969557924861,0.8895969544431325,0.8895969531675737,0.8895969602259431,0.8895969588293755,0.8895969574729873,0.8895969582265645,0.8895969570015682
208,0.8861406005316332,0.8864460654297551,0.8869230850491144,0.8872840471998885,0.8870229188011918,0.8885333010439471,0.8854494640409467,0.8854160129140063,0.8842278206716258,0.8843183627618217,0.8847698830444168,0.8851335353464963,0.88510834455608,0.8852485108967967,0.8853778145912938,0.8852906205597636,0.8852947907151948,0.8846864559893953,0.884102759685944,0.884340118683067,0.8859917434334239,0.8860213490941645,0.8860285095272059,0.8860916871024593,0.8860597974531588,0.8859461952778779,0.885968530745616,0.8860030779436835,0.8860062538836484,0.8860265959938073,0.8860022388051761,0.885998702887174,0.885981232315937,0.88622926159478,0.8869850597820546,0.886986935337435,0.8869675820752619,0.8869739217457715,0.8869802939090108,0.8870180702281106,0.8870126451502032,0.8870151366750332,0.88690650886839,0.8869115609153897,0.886914913620708,0.8870503024121268,0.8870569595113987,0.8870661458238117,0.8870557989103294,0.8870246102699129,0.8870298718550813,0.8870279990463917,0.8870704222592684,0.8870927644737192,0.8870785957622929,0.8870787867998294,0.8870705188388336,0.8870683312632567,0.8870618596584215,0.8870454927246108,0.8870490576284759,0.8871008856333282,0.8870854001559182,0.8870829459877668,0.8877056823384784,0.8877110395594406,0.8877094304866966,0.8877025924742016,0.8877154499257623,0.8876937918739932,0.8876882856251489,0.8876851602161845,0.8876688595893533,0.8876709334876859,0.8876700622860284,0.8876675926715948,0.8876755225665189,0.8876760805703983,0.8876802215731694,0.887684692560025,0.8876848551184885,0.8876861022371378,0.8877025018822103,0.8876821148806461,0.8873659285651405,0.8873659948314108,0.8873663899784007,0.8873668674495404,0.8873536782964001,0.8873540297725901,0.8873541782884481,0.8873502214173986,0.8873517238431556
209,0.8831389030784834,0.8835088561032514,0.8843594787898547,0.8847885299853274,0.884376638461869,0.8890778248280171,0.883091260836602,0.8830705671234427,0.8813199650331476,0.8814137856940535,0.8819793415027081,0.8824910479433018,0.8824557165596172,0.8826425904963485,0.8828733444852294,0.8827046390803341,0.8827161979408367,0.8823706272323733,0.8814584173642926,0.8817458986272203,0.8838539223214216,0.8838751712723781,0.8838957438430126,0.8839378961162004,0.8839206591631,0.8838891878488933,0.8839030463161636,0.8839479052104464,0.8839494043829931,0.8839595857362338,0.8839413062074623,0.8839278052719381,0.8839162610580407,0.884372359659628,0.8848106724934658,0.8848118465596425,0.8847870493135181,0.8847822782001797,0.8847838563622352,0.8848075132443167,0.8848068729722391,0.8848077305217107,0.8847620686428902,0.8847673388690337,0.8847714156008163,0.8848199831037791,0.8848276949182555,0.8848365538706575,0.884823907817465,0.8847749236062734,0.8847811138905435,0.8847786074978913,0.8848275296955672,0.8848469994588434,0.8848381928104777,0.8848383958822341,0.884828922565978,0.8848264363006475,0.8848335194057051,0.8848124394044816,0.8848157457910201,0.8848671904037517,0.8848541639246603,0.8848524106744057,0.8851583999630986,0.8851668601877684,0.8851650783722889,0.8851576264945734,0.885167194324682,0.8851424682159886,0.8851360781637009,0.8851324296413411,0.88509123011748,0.8850931069878303,0.8850923342298447,0.8850900803419485,0.8850965087235236,0.8850970091596818,0.885101130538066,0.8851053103107015,0.8851051974644197,0.8851064066851114,0.8851214230319975,0.8851027354198505,0.8847246575763632,0.8847246244927846,0.8847249343978234,0.8847259012817206,0.8847172841942362,0.8847173281335491,0.884717423254009,0.8847153240001192,0.8847162354282424
210,0.8790928870998089,0.879322094563504,0.8805128782358678,0.8808166733874698,0.8804495984917353,0.8890752536284151,0.8802868489115848,0.880313737513182,0.8778597285152163,0.8779790908254149,0.8784949942916581,0.8791652748828516,0.8791225828890137,0.8794699777709054,0.8798345059383453,0.8795575655614758,0.8795671446714621,0.8793882500932283,0.8778473950748372,0.8780968941453403,0.8800735568042465,0.8801132974746672,0.8801196593822567,0.8801319074344474,0.8801273774415543,0.8801300546784152,0.880143806146417,0.8802059799748102,0.8802065299989673,0.8802078172308779,0.880195094795226,0.8801831843615301,0.8801833375432307,0.8810451400171763,0.8811775341978,0.8811827142887507,0.881161702044352,0.8811352374538914,0.8811348341187977,0.8811447959465086,0.8811487580499919,0.881147974800418,0.881123760230421,0.8811314466465331,0.8811413174095069,0.8811012838146624,0.8811104485508908,0.8811250950508248,0.8811096039020196,0.8810472060696418,0.8810539001900877,0.8810505579845082,0.8811080940329428,0.8811181020543767,0.8811145428375609,0.8811147622465704,0.8811034369072865,0.8811003685587774,0.8811112378460167,0.8811073484471175,0.8811110916260749,0.8811725534238581,0.8811662824637326,0.8811784086782056,0.8812440301161301,0.8812602061379662,0.881258603713386,0.8812522460419312,0.8812549878696626,0.8812328561953872,0.8812265878314768,0.8812229706543605,0.8811125427390705,0.8811125431151928,0.881112543117461,0.8811125430123087,0.8811125437771476,0.881112543970866,0.8811125444878843,0.8811125450640213,0.8811125452463069,0.8811125454269357,0.881112547165704,0.881112544413417,0.8811125124910756,0.8811125121796899,0.8811125146774351,0.8811125148743136,0.8811125140856161,0.8811125135834538,0.8811125133441712,0.8811125148085217,0.8811125154041577
211,0.8808720101044991,0.8806131483966042,0.8818427124797845,0.8816168395035885,0.8815933754973923,0.895762505425616,0.8854519319979021,0.8855494427773988,0.8816234790462455,0.8819567555067654,0.8820634636746056,0.8829217093877467,0.8828632070670993,0.8835794438881597,0.8841584875334411,0.8837062901423545,0.883543079099386,0.8833634948127337,0.8792143051021962,0.8785996034845838,0.8793522881608963,0.8794973180805943,0.8794311282172226,0.879424827907713,0.8794303532078632,0.8794483182557576,0.8794930095102163,0.8795803046054228,0.8795835245163524,0.8795885479448735,0.8795607380513067,0.8795483156856364,0.8795748695052394,0.881560048257276,0.8815938222949683,0.8816093893084405,0.8815917841037021,0.8815779224877416,0.8815730803990673,0.8814775855993469,0.8814884672180552,0.8814860333320459,0.881646440471108,0.8816517315629965,0.881659057973546,0.8816383413059868,0.8816444129312024,0.8816508306174713,0.8816394730285829,0.8815739022294045,0.8815771442592615,0.8815749928099155,0.8816119341580484,0.8816157708284154,0.8816142924566205,0.8816144407483791,0.8816073013068347,0.8816054199477025,0.8816116554087694,0.8818549193745076,0.8818572885303713,0.881901377601301,0.8819217398503879,0.8819255213160279,0.8819364817675458,0.8819533304919536,0.8819524589607493,0.881950346406458,0.8819510022056823,0.8819452898875244,0.8819405611768867,0.8819377903902896,0.8819078710804273,0.8819092029600636,0.8819085938772175,0.8819078381106408,0.8819107391898601,0.881911099882185,0.8819121962695324,0.881914707971765,0.8819151790487022,0.881915787784113,0.8819274774158541,0.8819155404585975,0.881864293652335,0.8818635908260875,0.8818682913019212,0.8818706568020087,0.8818684632671591,0.8818660535321753,0.8818657597974031,0.8818766168899678,0.8818807919151427
212,0.8778057067440536,0.8771616610880592,0.8779734494714259,0.8775285419040111,0.8777164563618995,0.8894506328969564,0.8833243648030927,0.8834123043033747,0.8799628970975159,0.8803509540885821,0.8803011118925553,0.8807791591759034,0.8807308798286866,0.8814562228594043,0.881964420101435,0.8815730573751825,0.8814323477221806,0.8812834858947616,0.8758229066548667,0.8733180735218586,0.873540641361767,0.8737830240728713,0.8735908913263246,0.8735664951275965,0.8735808616635379,0.8736094095043317,0.8736953336795618,0.8737027524829083,0.8737099468771966,0.8737277906764561,0.8736795074478897,0.8736722565561008,0.8737332826924117,0.8749622153637121,0.8749526590428289,0.8750126806238955,0.8750092161091143,0.875008358147214,0.8750221838807626,0.8746301543545065,0.8746348856804679,0.8746338495705639,0.8749325137027321,0.8749373294197079,0.874944536136431,0.8749351108070804,0.8749409354156217,0.8749446396342856,0.8749384588044566,0.8749411143699171,0.8749391604793821,0.8749377779511188,0.8749675529060674,0.8749678270422206,0.874966879254573,0.8749670429563609,0.8749608348815878,0.8749594194300108,0.8749634509884131,0.8760284577682936,0.8760309552211006,0.8760984210256195,0.876166336666251,0.8761652547124954,0.8761656400650719,0.8761746510975815,0.8761732843911934,0.8761705237535964,0.8761702512905641,0.8761751874894494,0.8761678510860755,0.8761636363156713,0.8761601200365695,0.8761632507657005,0.8761618333234559,0.876160027305976,0.876167061292605,0.8761679780250962,0.8761694970209537,0.8761752890321511,0.8761760445200727,0.8761775706093354,0.8762112012308443,0.8761799104129792,0.8761976878982668,0.8761966419704219,0.8761202360363343,0.8761234320610721,0.8761194248478199,0.8761185420487614,0.8761179982724187,0.8761376263162214,0.876141229096472
213,0.8787247540883227,0.8777996895372846,0.8783185448149319,0.8777687481623478,0.8780502525901361,0.890080518755584,0.8854098477889718,0.8855010922898858,0.8817875980017605,0.8822437930017167,0.8821660374619579,0.8824633836969267,0.8824133087989761,0.8832354053191793,0.8837803097508665,0.8833670409307917,0.8832891811122424,0.8831285834247813,0.876150265752351,0.8722498703035252,0.8723580800792206,0.8726462886616175,0.8724051701705444,0.8723750434431083,0.8723920591449692,0.8724248798631571,0.8725281978417311,0.872495020018242,0.8725036537792582,0.8725260823236494,0.8724705261353898,0.8724663417995159,0.8725395886582533,0.8735667348105739,0.8735493035657018,0.8736359312465032,0.8736374522041748,0.8736418483089912,0.873667291298134,0.8729245469856493,0.8729249192226884,0.872924864496325,0.8733204970579526,0.8733251812284233,0.8733321659865318,0.8733259285751446,0.8733316357813301,0.8733352700250037,0.8733318415998089,0.8733706960097894,0.8733660382823974,0.8733653470055227,0.8733860601854911,0.873385969696509,0.8733854073365028,0.8733855598960604,0.8733813416977012,0.8733805544100677,0.8733831122932152,0.875047601240286,0.8750491674064484,0.8751056885789955,0.8751748524026852,0.8751736241312754,0.8751732008207089,0.8751837912763534,0.8751828397599175,0.8751832573952479,0.8751830010996199,0.8751981223053883,0.8751928535284587,0.8751898310267547,0.875190505743693,0.8751928370457133,0.8751918125810207,0.8751904096679476,0.8751956452058336,0.8751963258771224,0.87519741663212,0.875201753412988,0.8752016760182593,0.8752029236497398,0.8752369483227463,0.8752127547445021,0.8752296213912711,0.875228845387898,0.875168024687235,0.8751703187706299,0.8751674770064352,0.875168129736108,0.8751677485204441,0.8751817040061921,0.8751834822475875
214,0.8782316236671739,0.8772567252661202,0.8766768947801268,0.8765318692056886,0.8766740948187,0.8850292990677725,0.8843183291686736,0.8843787102604201,0.8816888651378667,0.8820530601229808,0.881974462934951,0.8815245226570265,0.8814905865476069,0.8821672551147667,0.8825859266409198,0.882285407304048,0.8824130081082288,0.8822898712298812,0.8750420920364408,0.8685911501146963,0.8686082763224038,0.8688796964618638,0.8686410180482327,0.8686127980029208,0.8686287757087057,0.8686583799085885,0.8687570213749176,0.8686607804189391,0.8686687872666835,0.8686906286218634,0.868640481716151,0.868639270913932,0.8687075836737493,0.8692912992197845,0.8692734090907955,0.8693874828471275,0.8693912220191958,0.8693989471730519,0.8694320449700096,0.868047590595699,0.8680513415933727,0.8680504663178348,0.8686276504898374,0.8686268080956441,0.8686244104535499,0.868622882347848,0.8686219647474049,0.8686187140127879,0.8686237308810592,0.8686518509932992,0.8686399787045018,0.8686421338423255,0.868615463685999,0.8686160131406144,0.8686173775995287,0.8686173879143909,0.8686243001565479,0.8686265524499416,0.8686226209372585,0.8712214149164734,0.8712214125824455,0.8712214217283298,0.8712214498565987,0.8712214477311897,0.8712214457410694,0.8712214464767375,0.8712214443335887,0.8712214469567775,0.8712214450690632,0.8712214439954488,0.8712214415017318,0.8712214393839952,0.8712214379523463,0.8712214363543775,0.8712214343735999,0.8712214325415639,0.8712214317143154,0.8712214299836514,0.8712214286770537,0.871221428996577,0.8712214272769114,0.8712214268853757,0.8712214469238638,0.8712214452339,0.8712214457358441,0.8712214441978172,0.8712214164822376,0.8712214149430332,0.8712214127767766,0.8712214107533787,0.8712214088565008,0.8712214112329658,0.8712214098588019
215,0.881693406705906,0.8808052791485789,0.8787272961918404,0.879181424201825,0.8790537318600109,0.8846628186179146,0.888838461851273,0.8888487301428134,0.8878428207978922,0.888002403843747,0.8879453600682503,0.8865888988156408,0.8865852501326971,0.8869016954222954,0.88707362141546,0.886982388740487,0.8872493270296931,0.8872170585547912,0.8798863793901184,0.8710461904867124,0.8710336060588715,0.8709714866238759,0.8711093108330582,0.871130380419201,0.871125892002972,0.871110081002019,0.8710581129724179,0.8710986096851403,0.8710947672112391,0.87108212743808,0.8711100323450445,0.8711024522805508,0.8710654323919907,0.8712324449137409,0.8712419288918645,0.8712712603696241,0.8712557345076811,0.8712463967586229,0.8712167791483958,0.866108090013405,0.8661326181476109,0.8661269960456941,0.8672216458770233,0.8671938523460128,0.8671468450338664,0.8671608770052752,0.8671287572895645,0.8670917776467643,0.867137587505228,0.8671348549043179,0.8670960628207459,0.8671103844244221,0.8668901140703669,0.866893629719942,0.8669024939392505,0.8669019376308332,0.8669528164287194,0.8669672344843163,0.8669377746373178,0.8677095058802871,0.8676987846114814,0.8675529396420463,0.8666765907981572,0.8666797502269579,0.8666845807786732,0.8668349897667098,0.8668332175836042,0.8668418901532009,0.8668414223179205,0.8667641728636157,0.8667630308407701,0.8667622859494948,0.8667634624257703,0.8667641152048496,0.8667638914681157,0.8667627135701966,0.8667640363572445,0.8667641901361797,0.8667644692543569,0.8667655117739791,0.8667652794732226,0.8667660716723098,0.866947329190608,0.8669490163227295,0.8669508055833484,0.8669507824608295,0.866990006054673,0.8669896648441506,0.8669901516516375,0.8669876929061263,0.8669878113389297,0.8669851335759194,0.8669857080462561
216,0.8825272679993377,0.8818482142139321,0.8777807743241364,0.8785553070987862,0.8782578761191626,0.8790059558992537,0.8886303387978044,0.8885879701817678,0.889827708139185,0.889659194625543,0.8896226350295715,0.887443844996217,0.8874740378210614,0.8873008481087477,0.8871702150518673,0.8873216060844894,0.887665341070147,0.88774549488445,0.8828680131585365,0.8744024385567234,0.874377689018431,0.8739062294088779,0.8745066482119703,0.8745839696405605,0.8745579051674984,0.8744921038228032,0.8742706122811846,0.8743215481510793,0.8743040298254775,0.8742496014881812,0.8743667372321653,0.8743457838902328,0.8741832673307419,0.874222141586505,0.8742658183547509,0.8740504559897441,0.8740084908984985,0.8739722818495487,0.8738475242339316,0.8659467830140939,0.8659915420168616,0.8659816652821871,0.8673583062655595,0.8673217121813651,0.8672595078855421,0.8672789910925833,0.8672367339732747,0.8671869599332852,0.867244722076112,0.8672368600422455,0.8671897115012722,0.8672084707277733,0.8669213145074548,0.8669259582375549,0.866937808746242,0.8669371997665329,0.8670041152068485,0.8670233274264376,0.8669849118129227,0.8672332120070373,0.8672163966990607,0.8670559779879284,0.863788663521946,0.8637899279863512,0.8637919851938471,0.863923075953813,0.8639224596002923,0.863924070871922,0.8639239359404246,0.8639383707207504,0.8639376330909478,0.8639371596983701,0.8639377126539971,0.8639382473922419,0.8639381132094214,0.8639369946939879,0.8639379108700046,0.863938028448651,0.8639382352757028,0.8639390313958579,0.8639390689666459,0.8639401361325086,0.8638141531593934,0.8638566601982403,0.8638543347833324,0.8638554200163877,0.8638966102426943,0.8638939389375571,0.863897663051989,0.8638977991513486,0.8638983927388609,0.8638804170020935,0.8638837566150472
217,0.8829318325812222,0.881803791722258,0.8735534060364596,0.8729305866203909,0.8732639320311784,0.8714267275735099,0.8904135182870532,0.8903507406568493,0.8930807351122898,0.8926392355618287,0.8926249776519358,0.8900976598102798,0.8901505291082384,0.8896243294746109,0.8893053711742928,0.8895989045302037,0.8899195486921233,0.8900698738418079,0.8882977477285756,0.8825217169424526,0.8824938199875977,0.8818331333822217,0.8826408027935262,0.8827450788424099,0.8827102632305402,0.8826215639418118,0.8823258750172192,0.8823388417022068,0.8823153110675377,0.882241716586694,0.8824019642192451,0.8823748875554811,0.8821538701412898,0.8821467448472231,0.8822068502092121,0.8816507759802218,0.8815971726403063,0.8815476380188558,0.8813758278269261,0.8742685838139191,0.8742765287940033,0.8742761453984789,0.8749026622048199,0.874891326413365,0.8748703443865148,0.8748781449964383,0.8748657015091423,0.8748455317053586,0.8748576226592643,0.8748546786909508,0.8748356680187275,0.8748436170286072,0.8747495139940139,0.8747511866010347,0.8747559779512779,0.8747562853199132,0.8747794096793723,0.874787722562571,0.8747748551122616,0.8747750426309931,0.8747694004687024,0.8749823984767733,0.8682301704840069,0.8682148257664846,0.8681917786911952,0.8682880962094872,0.8682990784249988,0.8683406791195423,0.8683435808385271,0.8685773038107333,0.8686113708356388,0.8686300201076981,0.8686085392741262,0.8685938845031542,0.8686012153694034,0.86861941701623,0.8685842376580678,0.8685794836515406,0.8685718609587608,0.8685433531558397,0.8685334980280232,0.8685291111249168,0.8663514777333442,0.8666723891640072,0.8666504377880021,0.8666588514298721,0.8666847725952572,0.8666653840126047,0.86669237975672,0.8667057682492236,0.8667096443501682,0.8665805809851125,0.8666059410824343
218,0.885407203051485,0.883868366328332,0.8747807365493502,0.8731202622874854,0.8738982026504016,0.8729647407607131,0.8953043704574366,0.8952505289803886,0.8977617917285678,0.8973209235512624,0.8973165353058418,0.8957547675841407,0.8958037271334053,0.8952427958790993,0.8949154940601963,0.8952009163509753,0.8954050851074471,0.8955549822358664,0.8951496055503113,0.8921034517443677,0.892076219734154,0.8913644163507648,0.8922219456729797,0.8923324697369082,0.8922933280198416,0.8921981275628076,0.8918806472514968,0.8918884208132284,0.8918633064689556,0.8917853374669815,0.891952567380103,0.8919237836439241,0.8916909876216463,0.8916852884159757,0.8917479935533477,0.8914661744845678,0.8914075302939353,0.8913523252414285,0.8911623744933236,0.8852022868690594,0.8852364714801945,0.8852295732638467,0.8863406990394984,0.886314662496214,0.8862694250788115,0.8862843546521683,0.8862544419048932,0.8862164491084503,0.8862552524217767,0.8862557369328775,0.8862219632001698,0.8862364987178625,0.8860265845789029,0.8860300585997432,0.8860392924260913,0.88603909653336,0.8860890577093782,0.8861042466915748,0.8860757895491534,0.886059062837787,0.8860461660637087,0.8861424182671002,0.8824452755996021,0.882412823976819,0.8823636824872402,0.8823966938872918,0.88241971174713,0.8825252041597034,0.8825312574648416,0.8828831823974944,0.8829545940905892,0.8829937610971614,0.8829489066228566,0.8829177909841162,0.8829331075242177,0.8829722778570198,0.882898313953009,0.8828883225657445,0.8828723410252,0.882812789395268,0.8827921404769766,0.8827813940207963,0.8766235635945434,0.8771319306556233,0.8770969489016602,0.8771103475106129,0.8771302673669062,0.8770994368266191,0.877142351948081,0.8771640050880174,0.8771701134161565,0.876965271109112,0.8770056568188611
219,0.8850668329555704,0.8828792969118042,0.8708101281705273,0.8679315544078602,0.8692269893271789,0.869864769123825,0.8999265501527643,0.8998939015520157,0.9012933587919956,0.9010661016219541,0.9010629141857553,0.9003360945482812,0.9003616973289581,0.9000353912865935,0.8998410665104013,0.9000084697682391,0.9001182616571688,0.9002035608323457,0.9001628032293213,0.8986030202145807,0.8985862622021952,0.8981569113708188,0.8986696423247429,0.8987342140050499,0.8987103615599716,0.8986539850368245,0.8984661203076296,0.8984738580380881,0.8984589592947372,0.8984125282479948,0.8985105166253178,0.8984931963081964,0.8983553113115936,0.8983497584778593,0.8983864912068876,0.8982759930448011,0.8982402193949943,0.8982063527337447,0.8980905436113851,0.8947574563419072,0.8947820768832738,0.8947765918351026,0.8956318592572543,0.8956150779477828,0.8955861156743584,0.8955952346450714,0.8955758959977219,0.8955523487888529,0.8955828597686547,0.8955828254773419,0.8955611753706201,0.8955700066821846,0.8954326544207128,0.8954349186831402,0.8954406737085207,0.8954404298920087,0.8954726726153193,0.8954819430354468,0.8954635797460945,0.895447426247336,0.8954389244707783,0.8955470273986206,0.8933161091515273,0.8932882287586786,0.8932454820346698,0.8932690552932768,0.8932888787342027,0.8933976246495812,0.893402780127233,0.8937332452430082,0.8937925004547389,0.8938245572911061,0.8937879614879258,0.8937621062645662,0.8937747176486598,0.8938072008771308,0.8937462215335684,0.8937379386428378,0.8937247436089939,0.8936758089614497,0.8936584986182706,0.8936490903536913,0.8861548205396798,0.8864949202067941,0.8864718496065332,0.8864806038906436,0.8864928688638589,0.886472511784799,0.8865008410295737,0.8865150155442778,0.8865189933155807,0.8863840263133991,0.8864108023527191
220,0.8937550874170196,0.9020443522621425,0.9020856195558165,0.9017963601910318,0.9020295541096257,0.9013025007357934,0.9015787930013835,0.905649378725128,0.9043780086212527,0.9047018745293196,0.9047141215659024,0.9050739525127408,0.905001718941502,0.9178431814433129,0.9178431708488877,0.9178431645881248,0.9178431570939042,0.9178431433735473,0.91784315147317,0.9178431485806222,0.9178431398148807,0.9178431320394497,0.9178431307218159,0.9178430667881029,0.9178430577322256,0.9178429852520013,0.9178429744275599,0.9178429636519914,0.9178429526968487,0.9178429414096454,0.9178429308524603,0.9178429196534819,0.9178429084906666,0.9178428977908141,0.9178428860031084,0.9178428774302467,0.9178428664556718,0.9178428541331891,0.917842843518188,0.9178428488299939,0.9178428382353466,0.9178428298981127,0.9178428491129488,0.9178428393624521,0.9178428518422026,0.9178428418417383,0.9178428333367515,0.917842826121683,0.9178428209593363,0.9178428118707525,0.9178428030404941,0.9178427926299804,0.9178427987734323,0.9178427945427273,0.9178427848459592,0.9178427757122565,0.9178427661872659,0.9178427566699652,0.917842749976207,0.9178427414158037,0.9178426427321178,0.917842650119455,0.9178426673872782,0.9178426573873053,0.9178426462729725,0.9178426403021565,0.917842630998079,0.9178426438492714,0.9178426275063726,0.9178426242209672,0.9178426159708742,0.9178426079434113,0.9178425982399062,0.9178425889565771,0.9178425801394033,0.9178425714487566,0.9178427254491726,0.9178427178801372,0.9178427138900093,0.9178427107223306,0.917842703545022,0.9178427008262681,0.9178427140606178,0.9178427299051699,0.9178427230827982,0.9178427173402521,0.9178427109704428,0.9178427039936288,0.9178426971189004,0.9178426902903037,0.9178426835088302,0.9178426823264352,0.9178426761190276
221,0.8933543630686244,0.9011454801731298,0.9011797770228297,0.9012975890373633,0.9015818172168159,0.9006171612145887,0.9008736842135887,0.9046174905777788,0.9031674209378219,0.9035366172372741,0.9035793543638488,0.9039955359312637,0.9038710943727152,0.9150818632902901,0.9150723630168854,0.9150916498767301,0.9150956130415508,0.9149335476375868,0.9149826774665,0.9149806672469641,0.9149653255225032,0.9149645974883843,0.9149629519435547,0.9142419676399028,0.9142356733973187,0.9133112825580143,0.913300813888062,0.9133005904878521,0.9133000049426913,0.9132973513361861,0.9133037245770675,0.9133028653893936,0.9132892501674931,0.9132897397033081,0.9132877704153477,0.9132858901818512,0.9132841321321215,0.9132729981232015,0.9132657005321065,0.9132326392390605,0.9132371068314699,0.9132364776564815,0.9133623148350135,0.9133593692995405,0.913415819282967,0.9134144669048536,0.9134105754631152,0.9134058873019592,0.9134119135960247,0.9134124342294047,0.9134082503742585,0.9134101487217982,0.9133829614663694,0.9133825660389792,0.9133938991941559,0.9133938970008894,0.9134018669390032,0.9134043806572685,0.9134076886933744,0.9134100498607859,0.9133647001368679,0.9132774311740581,0.9133070893863507,0.9133031758748604,0.9132936446616098,0.913287386827352,0.913290254051289,0.9133042605562677,0.9132140894118334,0.9132383670109893,0.9132441798981487,0.9132470341623019,0.9132435627000213,0.9132418810737092,0.9132429068774713,0.9132461015291086,0.914024996340816,0.9140218428645577,0.9140169799182845,0.9140124882214306,0.9140098881323562,0.914008106279228,0.913971254048798,0.9140160163718793,0.9140129600809228,0.9140123862521751,0.9140134706281674,0.9140108389441349,0.9140114126208955,0.9140134383244367,0.914014012576034,0.9140012304882337,0.9140047143313095
222,0.8913381721843864,0.8991741388528726,0.8992144592405665,0.8997915809385715,0.9000775222358849,0.8987346030351332,0.8989124310396869,0.9023187785552496,0.9006656585733323,0.9010974193321698,0.9012211458778399,0.90169916891053,0.9015301449750074,0.9103510053752456,0.9102937354804191,0.9103641734351611,0.9103772670213653,0.9100661173144233,0.9103440280670764,0.9103500937995416,0.9103128792654219,0.9102541414771593,0.9103135331827747,0.9083400479695573,0.9083250716537017,0.9067035287521213,0.9066344893941829,0.9066312686602896,0.9066260854241246,0.9066093001661325,0.9066452644953501,0.9066388288797967,0.9065808865722705,0.9065836924765324,0.9065907103592945,0.9065779056299962,0.9065658303663746,0.9065470559649326,0.9065007585047703,0.9063165099250368,0.9063498230422644,0.9063426475357598,0.9070717140316615,0.9070522218854463,0.907029149795155,0.9070326566603715,0.9070093539884236,0.9069829007667981,0.9070172514995222,0.9070195792505171,0.9069961581231045,0.9070054017943333,0.9068435133498586,0.9068423652381414,0.9068853776654822,0.9068850069898695,0.906926181433449,0.9069379582987859,0.9069278156061068,0.9069395868878365,0.906762438706464,0.906448729407126,0.9065532559313497,0.906539358235128,0.9065128388498286,0.9064906694829132,0.9065007696748426,0.9065506386004382,0.90628563097629,0.9063906854599943,0.9064167764548332,0.9064305945172472,0.9064145078897354,0.9064046226754469,0.9064097704974606,0.9064244290756609,0.9071799410928689,0.9071719638175928,0.9071590190026395,0.9071385532629046,0.9071295877695515,0.9071236948037544,0.9070011315222155,0.9071525647467845,0.9071422066653615,0.9071430403812072,0.9071467822149366,0.9071378028151179,0.9071437352273277,0.9071502723051632,0.9071521154112965,0.9071011915367417,0.9071130510457999
223,0.8895071378271182,0.8972975258009217,0.8973553506135853,0.8982562314456538,0.8984609671781029,0.8968273579213056,0.8968577066058734,0.89980918984572,0.8980992246539821,0.8985585281184127,0.8987670470486542,0.8992585112552568,0.8990774238562437,0.9060485352344333,0.9059680916487584,0.9060617564060921,0.9060765466437618,0.905683915063761,0.9060698417563716,0.9060789757539991,0.9060239821448779,0.9059379953613966,0.9060265642649218,0.9030852345252826,0.9030745628262192,0.9011566935615627,0.9010607496492428,0.901055995847509,0.9010485603299123,0.9010251067135807,0.9010725494700533,0.9010631214588921,0.9009867256975056,0.9009899222368715,0.901001271627726,0.9009836749746123,0.900966957327159,0.9009886725124816,0.900920468617857,0.9006667199348883,0.9007136151688874,0.9007227142214004,0.9017658581401617,0.901736422723617,0.9016629145327495,0.9016695484256724,0.9016349104556334,0.9015958452106266,0.9016469925278676,0.9016502986578022,0.9016155163254573,0.9016280644218133,0.901387187862858,0.9013878026334317,0.9014804432172936,0.9014798203459479,0.9015393204629105,0.9015560216352371,0.9015358087605515,0.9015528107332291,0.9014163267046489,0.9010184329690202,0.9011492514413497,0.9011317489248019,0.901099822165074,0.9010720384407059,0.9010846543375143,0.9011472587445567,0.90067126298326,0.9008002923579119,0.9008327906477327,0.900850256071472,0.9008300624619198,0.9008192801159963,0.9008258475329018,0.9008441930938155,0.9013658247530648,0.901357049338807,0.901343258467287,0.9013156926421692,0.9013044888099815,0.9012972688018885,0.9011470719814387,0.9013339510350353,0.9013210159818509,0.9013230398525369,0.9013277204655865,0.901316530962402,0.9013242044020934,0.9013322076260561,0.90133445793182,0.9012682671632706,0.9012829410809821
224,0.8875447506648826,0.8959775933035193,0.896057136438767,0.8970574957615832,0.8971790297132842,0.8954886339132809,0.8952744053253127,0.8980823087813086,0.8962506958430403,0.896744934382377,0.8970579434693736,0.8975775469453352,0.8974034230990162,0.9033557137470931,0.903262904484374,0.9033663685130549,0.9033815502871124,0.903049479991745,0.9034662135296244,0.9034768813070194,0.9034167607079715,0.903319590667864,0.9034206582397376,0.8995611600180841,0.8995588660977473,0.8981794808102378,0.8980899963551011,0.898085547475815,0.8980786039854567,0.8980567966993263,0.8980996135729709,0.8980907378761338,0.8980212677270627,0.8980239385761035,0.8980345741310125,0.8980183304215794,0.8980028655726043,0.8980588734553555,0.8979922313080759,0.8977547658030925,0.8977979816431588,0.8978135343588092,0.8988214691662183,0.8987919835480945,0.898703429949804,0.8987123796015951,0.898678180268109,0.8986396720116135,0.898690299537759,0.8986935348114458,0.8986591241289895,0.89867030705001,0.8984329689208357,0.8984339479931075,0.8985461134706343,0.8985454901870118,0.8986032383898866,0.8986193690469103,0.8985961064670746,0.8986125903552782,0.8984620351820698,0.8980913342489785,0.8982120609538995,0.8981958413081369,0.8981665704509476,0.8981408936858536,0.8981525373313648,0.8982105003297168,0.8977349135610279,0.8978609953145626,0.8978931806790228,0.8979106558805364,0.8978905442343128,0.8978804192926941,0.8978870035863755,0.8979052449869286,0.8981671091436009,0.8981591489322363,0.8981469470137227,0.8981212089734525,0.8981110146285752,0.8981045085572553,0.8979695128541366,0.8981380848249038,0.8981262617049842,0.8981282729089903,0.8981325395850871,0.8981223556124834,0.8981269590358324,0.898134233420373,0.8981362758945439,0.8980750906274231,0.898088405213569
225,0.887457723960925,0.8926380916734846,0.8927216588822672,0.8939459903360003,0.8938694787127072,0.8919537869063612,0.891934853681557,0.8933726042536912,0.8922205033272325,0.8925531527161923,0.8928221286922996,0.8931359920892149,0.8929948628272728,0.8964620030070682,0.8963837299337655,0.8964672025398166,0.8964691590151885,0.8959256410016011,0.8962955850459166,0.8963008277710546,0.896219017782348,0.8961424955494175,0.8962220623208472,0.8939141834614261,0.8939670262858449,0.8915277492125152,0.8914701505312416,0.8914678729331589,0.8914632211296049,0.8914478707718686,0.8914658612000622,0.8914579521817431,0.8914093239479292,0.8914077810526689,0.8914213895563671,0.8914117942692299,0.8914020559399217,0.891764285222857,0.8916970687759583,0.8914997932093135,0.8915339966364083,0.8915659196699177,0.8923978554901636,0.8923745758458782,0.8922668727445858,0.8922710451542472,0.8922449455601035,0.8922148990048598,0.8922562167437473,0.892259009575605,0.8922309021054169,0.8922371814360921,0.8920414731178214,0.8920476003575657,0.8923494839083997,0.8923490180136241,0.8923918258914117,0.8924035272083651,0.8923647672377792,0.8923770685382,0.8924188679724433,0.8921767977023447,0.8922550155660353,0.8922444197430657,0.8922365810411724,0.8922202368469166,0.8922276237776199,0.8922644284385463,0.8905321629953127,0.8905321721353908,0.8905321759245421,0.8905321787123165,0.8905321792123136,0.8905321806172,0.8905321828232869,0.8905321858359617,0.8905321972807652,0.8905321986265181,0.8905322006377764,0.8905321989226866,0.8905321998728994,0.8905322000638831,0.8905321852325254,0.8905321955429013,0.8905321967269797,0.8905321984886736,0.8905322005271095,0.8905322014697302,0.8905322178919858,0.8905322204115723,0.8905322224988241,0.8905322171160391,0.8905322199526788
226,0.8874590461944792,0.8903530792666351,0.8904096705286575,0.8913804168789093,0.8912584840688613,0.8896544147021939,0.8898193953137962,0.8905635050187025,0.8900234834271371,0.8901941532512662,0.8903243916309437,0.890468806339312,0.8903838895407243,0.8922567245846512,0.8922066817460468,0.8922603013441144,0.892256451886922,0.8917397048729709,0.8919794866122588,0.8919821691577073,0.8919230773467326,0.8918782967815784,0.8919252697752064,0.8907704770164577,0.8908097031253719,0.8890227793756643,0.8890015926330933,0.889001695186076,0.8889998465976136,0.8889929001042066,0.8889949386887742,0.888989225362309,0.8889651918634757,0.8889631615056102,0.8890006601674079,0.8889978466888996,0.8889941134385883,0.8892835964367127,0.8892498790073022,0.8891592245319158,0.8891737699727782,0.8891937611994771,0.8895305079255088,0.889523007936396,0.889460720670413,0.8894458303467419,0.8894379146434029,0.8894283453573175,0.8894427751159968,0.8894440539799902,0.8894341633209337,0.8894351081677486,0.889364651264215,0.8893729863588977,0.8895900838846956,0.8895900010330057,0.8896019176339122,0.8896050879298564,0.8895496184494432,0.8895526212543345,0.8895811273011303,0.8895204606199473,0.8895403680867489,0.8895375751525937,0.8895795874595519,0.8895758339683518,0.8895775262376173,0.8895858362485447,0.8887983980991536,0.8887849178299568,0.8887815286528246,0.8887795212445082,0.8887819328365578,0.8887840815373113,0.8887833308120238,0.8887813712018132,0.8887199066782288,0.8887204846208475,0.8887362425756935,0.8887406162571759,0.8887419315744651,0.8887429852590312,0.8887604524988346,0.8887383604412756,0.8887458982493881,0.888744998992071,0.8887444524386701,0.8887459024592889,0.8889020422207561,0.8889009878372637,0.8889006909189212,0.8889114068533984,0.888909315718289
227,0.8860513259583681,0.8860516145408271,0.8860516459491126,0.8860516927455424,0.8860516713142769,0.8860516103773491,0.8860515825011599,0.8860515890440918,0.8860515684317734,0.8860515684483834,0.8860515895821213,0.8860515947396317,0.8860515915384773,0.8860516216050307,0.8860516206557014,0.886051621885394,0.8860516217634871,0.8860516025485724,0.8860516076452564,0.886051610956522,0.886051629424697,0.8860516290784473,0.8860516301103093,0.8860515969608287,0.8860516012456101,0.8860515496551561,0.8860515493568986,0.8860515478471659,0.8860515459418792,0.8860515442540695,0.886051539327001,0.8860515386129705,0.8860515367693994,0.8860515343279293,0.886051544046681,0.8860515431405293,0.886051541554545,0.8860515958606097,0.886051595812267,0.8860516017882548,0.8860515999123441,0.8860516011672344,0.8860515759331394,0.886051575992951,0.8860515740064839,0.886051613052145,0.8860516134995053,0.8860516144054517,0.8860516138966454,0.8860516137551157,0.8860516139392038,0.8860516134899317,0.8860516158927967,0.8860516170862478,0.8860516350808755,0.8860516353508159,0.886051634384967,0.8860516341236926,0.8860516291396675,0.886051628701469,0.8860516310113378,0.8860516395450356,0.8860516362982767,0.8860516367528516,0.8860516727517329,0.8860516738299185,0.8860516742028111,0.8860516717693501,0.8860516402941456,0.8860516340432638,0.8860516325771772,0.8860516318130065,0.8860516331197398,0.8860516341734258,0.8860516339689507,0.8860516331416639,0.8860516285924765,0.8860516289570767,0.8860516315710328,0.8860516333643316,0.8860516340770976,0.8860516345824364,0.8860516415622812,0.8860516320727851,0.8860516344786884,0.8860516342933794,0.8860516342241933,0.8860516349701394,0.8860516508675185,0.8860516508357442,0.8860516510502897,0.886051654671896,0.8860516543390576
228,0.8818368800979113,0.8824919432535184,0.8829666678483924,0.8834359039465312,0.8829634580988852,0.8833237371803035,0.881378623727406,0.8813205682425027,0.8808573498618262,0.8808241467875294,0.8816216161572061,0.881761148000664,0.8817484226024819,0.8816750357109591,0.8817103713465331,0.8816880092137374,0.8817080986880556,0.8815713826478303,0.8815066577430756,0.8816255698147281,0.8823596482997058,0.8823925392449975,0.8823621068545037,0.8824086545397645,0.8824185490909473,0.882457172141109,0.8824926195181979,0.882501838207226,0.88250451975484,0.8825131592332262,0.8824742301715893,0.8825144017343464,0.8825228984104305,0.8825200316982493,0.8826935110732999,0.8826995491218839,0.8827008179553264,0.8830848182072624,0.8831129543801902,0.8832459243623381,0.883217556524993,0.8832273640283186,0.8827190000347371,0.8827330425327207,0.8827519512684613,0.8834516402999477,0.883459146117077,0.8834743953421348,0.8834645291015946,0.883462713330959,0.8834690474839689,0.8834666173641998,0.8835162151850101,0.8835237132137455,0.8835216559306643,0.8835218838891108,0.8835093451499646,0.8835050885819655,0.883494485224776,0.8834884587183401,0.8834927498313009,0.8835741714425289,0.8835468053979748,0.8835485411891181,0.8839539867377579,0.8839591442547446,0.8839563489342427,0.8839445612147817,0.8839816926811127,0.8839513277232592,0.8839438590275784,0.8839398660581047,0.8839450705165349,0.8839486937310617,0.8839470835504334,0.8839429283123813,0.8839472069924267,0.8839482188521267,0.8839520002139447,0.8839589465559241,0.8839611235429838,0.8839629465349019,0.8839930182716067,0.8839554594904027,0.883959894915457,0.8839586200661401,0.8839581063895446,0.8839603123765174,0.8839606183173461,0.8839593899721714,0.8839590443739932,0.883972113998169,0.8839705760903641
229,0.8797239724201553,0.8804335137195455,0.8812218301110013,0.8818948102145375,0.8812435680186367,0.8827754080025553,0.8789055412587338,0.8788357865105202,0.8778901831185718,0.8778597951810994,0.878967476237611,0.879277029367444,0.8792538314841972,0.8792283026175204,0.879332189188393,0.8792636471096247,0.8793293204986004,0.8790986249361774,0.8788672215465185,0.8791089677641448,0.8807283910109548,0.8807730101423733,0.8807350573091196,0.8808086966001836,0.8807769304351492,0.8807919958150268,0.8808356406840843,0.880851144623569,0.8808544936307552,0.8808663061600294,0.8808269152558418,0.8808861147285947,0.8808920988278109,0.8809083937087143,0.8812045378552624,0.8812109547228771,0.8812087993721669,0.8814845287180154,0.8815144575383517,0.881653833849462,0.8816247900448968,0.8816346104586118,0.8811093299500563,0.8811243353599524,0.8811437178835159,0.8819359336499567,0.881946860524271,0.8819715293569127,0.8819563371915443,0.8819510730371811,0.8819606282567939,0.8819571194285396,0.8820287798618968,0.8820395672481687,0.8820172679687922,0.8820175636640311,0.8820015386709725,0.8819967392122732,0.8819864567212087,0.881976086580024,0.8819818128618547,0.8820793163241611,0.882047858274036,0.8820495017842827,0.8826529933004178,0.8826560549869863,0.8826540683660599,0.8826470499199793,0.8826758715539318,0.8826569037115688,0.88265215519755,0.8826494602157253,0.88265150940667,0.8826537397817101,0.8826527582251319,0.8826504278750136,0.8826556245010634,0.8826561836792082,0.8826565792851978,0.8826610904897799,0.8826622708518144,0.882663472090422,0.882681433101447,0.8826591754910539,0.8826332370461185,0.8826324899517031,0.8826331319164044,0.8826342496543415,0.8826250455822742,0.8826246042640938,0.8826244941599127,0.8826297870244116,0.8826316696488619
230,0.8744208608870976,0.8749038191001092,0.8761019624297551,0.8767914010985329,0.876139278905337,0.880983233388646,0.8738066028122642,0.8737878328504621,0.8721087303551099,0.8720794467077563,0.8732363492054855,0.8737885803220332,0.8737557106402213,0.873921602640087,0.8741705606306908,0.873994143732529,0.8742240023708366,0.8740906153301481,0.8735633084208777,0.8739741207303382,0.8775067323338165,0.8775067319111336,0.8775067298399817,0.8775067297724026,0.8775067249741411,0.8775067248704436,0.8775067241087775,0.8775067221105436,0.877506719800018,0.8775067176210798,0.8775067149731981,0.8775067195512108,0.8775067174267763,0.8775067346513625,0.8775067443459916,0.8775067437750391,0.8775067414983487,0.8775067454819395,0.8775067451362634,0.877506751586845,0.8775067497352295,0.8775067488655934,0.8775067310213222,0.8775067304540531,0.8775067302665566,0.8775067512791798,0.8775067514622029,0.8775067552071608,0.8775067529419149,0.8775067494514984,0.8775067493232861,0.877506747886774,0.8775067563597517,0.8775067564356243,0.8775067543705319,0.8775067535581806,0.8775067509422941,0.8775067494807259,0.8775067497043652,0.877506745064725,0.8775067448408788,0.877506755958171,0.8775067551639626,0.8775067588658442,0.8775067774396705,0.8775067783145908,0.8775067776686838,0.8775067774164266,0.8775067780057623,0.8775067755140427,0.8775067745267467,0.8775067738049114,0.8775067693045899,0.8775067689954099,0.8775067684730891,0.8775067680294293,0.8775067681201228,0.8775067677131455,0.8775067674248377,0.8775067676985312,0.8775067673572693,0.877506767213911,0.8775067695523608,0.8775067686299249,0.8775067638103285,0.8775067633244417,0.8775067645623265,0.8775067642395923,0.8775067629263235,0.8775067624047546,0.8775067619360455,0.8775067626760376,0.8775067640863842
231,0.871766945901552,0.8720188898350067,0.8731259309735737,0.8736978229667001,0.8731718280897398,0.8779217056277704,0.8711638271294929,0.8711646914535971,0.8695245894323204,0.8694917770526335,0.8705030961318713,0.8710393543720976,0.871009981405561,0.8712160602123559,0.8714705247371849,0.8712901133354229,0.8716214309593096,0.8715347105020473,0.8710198271467365,0.8714369494350046,0.8739074229932154,0.8738965758915525,0.8739182865206704,0.8739252388440358,0.8739044881841573,0.8739160789137915,0.8739212362278126,0.8738960646017218,0.8738957429398557,0.873893516259745,0.8739028715020638,0.8739616642820214,0.8739605965688642,0.8741504826680885,0.8741461690646849,0.8741528287532383,0.8741485317698046,0.8741339525990168,0.8741342082692269,0.8741529213970819,0.8741552006014158,0.874154799702567,0.8740894906922261,0.874095104630858,0.874103372236814,0.8740845663350815,0.8740907774905478,0.8741249883591599,0.8741150465900379,0.8740976935758196,0.8741003217506205,0.874097945621326,0.8741376504221829,0.874138439647254,0.8741364057011988,0.8741365659118868,0.8741283437551041,0.8741256686489467,0.8741323900562447,0.8741025861588642,0.8741051224008304,0.874146539674362,0.8741480645297872,0.8742016235302396,0.8741907763851016,0.874201598553681,0.8742006091974411,0.8741979684209932,0.8741979120121446,0.8741888114445474,0.8741861425260051,0.8741845938119434,0.8741595718328908,0.8741601474307442,0.8741598839888505,0.8741605194493882,0.8741615746348379,0.8741617202702227,0.8741618766577862,0.8741628858511328,0.8741632727405201,0.8741629300178505,0.8741667248542934,0.8741620692850978,0.8741939630321806,0.8741937030024127,0.8742102127103059,0.8742106582986927,0.8742103807172229,0.8742099569195929,0.8742098702739777,0.8742132089221061,0.8742246837446106
232,0.8728003891174042,0.8729785066054385,0.8740786360063143,0.8744956346507005,0.8740867441728045,0.879942660404577,0.8728928602807874,0.872908791748167,0.8711207593937096,0.8711411773606635,0.87187139870716,0.872428102885536,0.8723974871877135,0.8726469785474734,0.8729247282581419,0.8727208493284139,0.8729372025224748,0.8728432804374652,0.8720551048212704,0.8724274475504097,0.874403287388916,0.8744018051391729,0.8744241373278976,0.8744309153090274,0.8744164187720659,0.8744250809547961,0.8744307777416996,0.8744352061299544,0.8744349343890367,0.87443268681686,0.8744352871440793,0.8744698093237312,0.874468772988473,0.8748679917032017,0.8748817140381192,0.8748895593037723,0.8748810307456747,0.8748570502533463,0.8748554918166195,0.874863418487161,0.8748688847018449,0.8748677105416869,0.8748231077743336,0.874830363267304,0.8748408438430633,0.8747997450444749,0.8748077457699693,0.8748388887555075,0.8748260307346721,0.8747942155668573,0.8747981327081442,0.8747951405793183,0.8748441583556243,0.8748465389793022,0.874844398851754,0.8748445898260063,0.8748347406755138,0.8748317410281586,0.8748400292708298,0.8748165058813068,0.8748197936648819,0.8748731532631164,0.8748747327586952,0.8749226616861242,0.8749217352809993,0.8749399190876549,0.8749387814256742,0.8749350561508573,0.8749352856369016,0.8749220741974514,0.8749180131732461,0.8749156450719852,0.8748720466130574,0.8748728524291153,0.8748724818695024,0.8748726660602544,0.8748742380638319,0.874874455335906,0.8748746985137207,0.8748761365681458,0.8748766906292854,0.8748766284460622,0.8748821706236857,0.8748753467414884,0.8749132766701542,0.8749129568943199,0.8749362814529933,0.8749368795030825,0.874936517342367,0.874935867193535,0.8749357580606429,0.8749399605351302,0.8749492896582424
233,0.8684828403411656,0.8684827697912643,0.8684826893072676,0.8684827104132038,0.8684826975819682,0.8684827580169481,0.868482666877556,0.8684826708947153,0.868482616239665,0.8684826183404118,0.868482630477254,0.868482624187746,0.8684826231896529,0.8684826387761855,0.8684826518290224,0.8684826439860035,0.868482674528368,0.8684826725742208,0.8684825640596583,0.8684824695465105,0.868482494903426,0.8684824935796288,0.8684824901295073,0.8684824862933972,0.868482482021094,0.8684824788640193,0.8684824763323857,0.8684824434566776,0.8684824383790875,0.8684824333264871,0.8684824272890965,0.868482424252668,0.8684824204076526,0.8684824491149401,0.8684824441112184,0.8684824443646341,0.8684824397090973,0.8684824349032708,0.8684824310084733,0.8684824280644283,0.8684824248647136,0.8684824206121986,0.8684824411343838,0.8684824379004467,0.8684824350116606,0.8684824290208282,0.8684824260944033,0.8684824263748204,0.8684824236182225,0.8684824175049654,0.8684824129934983,0.8684824091078555,0.8684824146091368,0.8684824121860354,0.8684824085460814,0.8684824050409471,0.8684824008394634,0.86848239703161,0.868482394094523,0.8684824321631384,0.8684824300623619,0.8684824434265279,0.8684824565223103,0.8684824592009786,0.8684824566675166,0.8684824548259086,0.8684824521387992,0.8684824532848224,0.8684824509830177,0.8684824456120771,0.8684824420477015,0.868482439155065,0.8684824358943517,0.8684824340659762,0.8684824314838345,0.8684824290912603,0.8684824284884107,0.8684824263840818,0.8684824248551831,0.8684824256266903,0.868482423869116,0.8684824237483691,0.8684824350811114,0.868482431751829,0.8684824327435646,0.8684824306441921,0.8684823814210632,0.8684823793475128,0.8684823761423236,0.8684823730635322,0.8684823703520053,0.8684823745761532,0.8684823677134135
234,0.8710343659538728,0.8706369809842014,0.869537682155291,0.869870628883043,0.8697615363801182,0.8714356853571266,0.8719694940698757,0.8719942169649694,0.8710715969988636,0.8711882221479914,0.871162916294231,0.8705682584672473,0.8705560032962528,0.8708543821122225,0.8710385052430591,0.8709137489305598,0.871210821594582,0.8711518830178794,0.8684196373819756,0.8651069783167595,0.8650776571171007,0.8651715188895283,0.8650928236681801,0.8650842035860827,0.8650905488200563,0.8651014891499005,0.8651445111556408,0.8648014487639628,0.8648047315999049,0.8648133548096708,0.8647897145233677,0.8647856276648505,0.8648131026771732,0.8651066256031967,0.8650997919999903,0.8651461611654389,0.8651454967775694,0.8651458389438917,0.8651544030547278,0.8649683414178246,0.8649756838329997,0.8649740480312166,0.8652415795002126,0.8652407456199014,0.8652386088419519,0.8652360296491106,0.865235254222736,0.8652344985063529,0.8652361717174218,0.8652300594198493,0.8652196960594267,0.8652207402687346,0.8652107148376617,0.8652110334179149,0.8652116652967629,0.865211725803434,0.8652144974166996,0.8652155533318767,0.8652140997802633,0.8659751681059232,0.8659763272128025,0.8660024641794246,0.8661127694450532,0.8661117359686544,0.8661118450000426,0.8660101076747758,0.86600765499938,0.8659951397224571,0.865994502175148,0.865969865620067,0.8659603297881666,0.8659548924765522,0.865960457469969,0.8659648170472247,0.8659627790155058,0.865963981170116,0.8659739062941004,0.86597521046752,0.8659773700189732,0.8659853734723818,0.865987930938919,0.8659910353057965,0.8660348110959912,0.8659889497418168,0.8659975501183844,0.8659961809737091,0.865501357706469,0.8655050528726722,0.8654999892362855,0.8654972757843361,0.865496595743916,0.8655206581231754,0.8655170976673143
235,0.8727103779996445,0.8721469570746988,0.8699044725873923,0.8705823403727831,0.8703361264729167,0.8720469847799852,0.874138402053561,0.8741662182886324,0.873103880774919,0.873242954481908,0.8732129585928047,0.8719960701784697,0.8719825835131745,0.8723854329074233,0.8726273646316088,0.8724713790152109,0.8729413352714063,0.8728625604739914,0.8685963657227196,0.8624414763711549,0.8624002025732173,0.8625215532387749,0.8624187863242633,0.8624079269065874,0.8624161159874516,0.8624297952780658,0.8624848473395949,0.8620435259144107,0.8620473553994119,0.862057379011231,0.862031260346278,0.8620269863397801,0.8620585345939399,0.8623643615776709,0.8623560789644731,0.8624207861784979,0.8624201823255014,0.8624213775516981,0.8624323184253743,0.8620320615425664,0.862046371413013,0.8620431491528983,0.8625416836972059,0.8625363669920916,0.8625264337715209,0.8625270122647031,0.8625211007456928,0.8625135921346999,0.8625234386004511,0.8625229803504681,0.8625077831001858,0.8625114474538685,0.8624614495140009,0.8624623674469082,0.8624646781627358,0.8624646603754316,0.8624768345673512,0.8624806065767016,0.8624737306074088,0.8637197539875572,0.8637181180465009,0.8636859217418476,0.8638710048729406,0.8638676645214464,0.8638643224061671,0.863655595762492,0.8636538427742035,0.8636439606321799,0.8636434970217817,0.8636283387796322,0.8636211503932388,0.8636169868743584,0.8636220728440066,0.8636254383620335,0.8636238884516476,0.8636276172013001,0.8636351988116273,0.8636361857228277,0.8636378379970668,0.8636439361748565,0.8636459458399174,0.8636487078047823,0.8636925448445651,0.8636555577830277,0.8636619032280823,0.863660762253689,0.8630548395690494,0.8630572355336203,0.8630539312441342,0.863051950125459,0.8630515159098092,0.8630671411786871,0.8630688080233113
236,0.8756559713913883,0.8749447586102735,0.8680590413315729,0.8690352041760421,0.8686608688084674,0.8667670299328393,0.8776720701272742,0.8776582584067534,0.8783137851863998,0.8782271762733692,0.8782066745810098,0.8749202992912255,0.8749319950322658,0.8751060786444979,0.8751954700132141,0.8751821907990361,0.8758171740307898,0.8757946993190698,0.8712034470005778,0.8564963548232621,0.85649636333708,0.8564963727866314,0.8564963792053525,0.8564963883972774,0.8564963971153721,0.8564964059238543,0.8564964175888126,0.8564964050582716,0.8564964145842239,0.8564964241332673,0.8564964337090009,0.8564964430345653,0.856496451853697,0.856496466758422,0.8564964766459316,0.8564964467868305,0.8564964552597049,0.8564964623329119,0.8564964705973049,0.8564962450552376,0.8564962493852535,0.8564962529138017,0.8564962951153035,0.8564962986272258,0.8564963010667792,0.8564963059991968,0.8564963090218589,0.8564963107002078,0.8564963145558965,0.8564963182327128,0.856496321141222,0.856496326264471,0.8564963147660515,0.8564963177867027,0.8564963222922597,0.8564963264002097,0.8564963327057946,0.8564963377188658,0.8564963404873676,0.8564964169296466,0.8564964207854836,0.856496409942232,0.856495989947187,0.8564959877615526,0.8564959852088083,0.8564958992802261,0.856495897290579,0.8564959016251322,0.856495899562352,0.8564959056278518,0.8564959050179963,0.85649590390059,0.8564959009793249,0.8564958982195314,0.8564958964869213,0.8564958958309074,0.8564958925179263,0.8564958902570864,0.8564958882746553,0.8564958866993633,0.8564958843190461,0.8564958835947649,0.8564958997470112,0.8564959092021445,0.8564959070814899,0.8564959056584858,0.8564958751392542,0.8564958725318389,0.8564958712859201,0.8564958694365779,0.8564958674905416,0.8564958643784722,0.8564958637552307
237,0.8775853365659207,0.8763835490471302,0.8653057008215818,0.8648081305421821,0.8651007157578043,0.8626619550913517,0.882771316865279,0.8827398012655712,0.8844264944854991,0.8841673067537835,0.8841486613251509,0.8801800205112723,0.8802090614616777,0.880131842548108,0.8800872698474326,0.8801750133754761,0.8806552088944017,0.8806885051133865,0.8777434666984626,0.8686741882509023,0.8686628078297384,0.8685779504004996,0.8687106598180968,0.8687324452989132,0.8687312189879788,0.8687160712766406,0.868676113121715,0.8686213745066234,0.8686178030777444,0.8686046887895816,0.8686411104371206,0.8686363144722359,0.8685934003990252,0.8685689365670084,0.8685819416106652,0.8675208348086871,0.8675154053818948,0.8675117311027195,0.8674973318238818,0.8644280248409205,0.8643794818103847,0.8643924587141631,0.8639857172420614,0.8639948062431348,0.8640087374481773,0.8640059087948945,0.8640190927233562,0.8640264121302883,0.8640037795147053,0.8639977585105185,0.864004379183293,0.8640020207847973,0.8640967662940084,0.8640952068623199,0.8640919145632862,0.864092982758046,0.8640694327259425,0.8640656994476068,0.864079288729983,0.8640414939772907,0.8640480891835884,0.8644041897072303,0.8535967058726784,0.8535982935174107,0.8536011856480529,0.8534295750177696,0.8534287622380803,0.8534218228979041,0.8534216451569592,0.8534399488047876,0.8534376332214423,0.8534362739967494,0.8534376896077388,0.853438931258594,0.8534384441737467,0.8534369985097773,0.8534396306591979,0.8534399950311498,0.8534405747959999,0.8534427634170759,0.8534435188705903,0.8534449512483505,0.8533459480180992,0.8533651728213862,0.8533638522708848,0.8533643132252043,0.8533761236312979,0.8533748700298379,0.8533766415770677,0.8533774010779844,0.8533777203737732,0.8533691566342797,0.8533710675500059
238,0.8771165960860908,0.8755086635480389,0.8613592944321122,0.8598534709337782,0.8605848669768297,0.858874674916186,0.8845839867226476,0.8845664746501597,0.8859178872398079,0.8856863727120898,0.8856676386396408,0.8814233913269509,0.8814466309377929,0.8814455758222425,0.8814644519067875,0.8814954711987603,0.8818933981046052,0.8819006926105817,0.8795861189044687,0.8724913581233429,0.8724835596647529,0.872535244195356,0.8725152158663354,0.8725198577877703,0.8725263949767217,0.8725271219899353,0.8725446123488371,0.8724733549768815,0.872474351046609,0.8724749951225033,0.8724845631513634,0.8724849212047041,0.8724820867458571,0.8724524289070402,0.8724549801338463,0.8708521353153265,0.8708577108825309,0.8708646268463279,0.8708867410268247,0.868453096350776,0.8683667145040486,0.8683889300347604,0.8672992848383672,0.8673260066630756,0.8673694170509644,0.8673578364600242,0.8673923558728175,0.8674219648444996,0.867367964412842,0.8673615491058411,0.8673872943914249,0.86737678787649,0.8676187745867613,0.8676148162603523,0.8676056798135187,0.8676073744668583,0.8675490064732466,0.8675364113991751,0.8675699687075494,0.8675028819461188,0.8675189950728133,0.8680884256523183,0.8519254682442017,0.8519254839361974,0.8519255002186836,0.8519254508641617,0.8519254653400093,0.8519254464048022,0.8519254600544918,0.851925474340141,0.8519254875589366,0.8519255000490352,0.8519255141874799,0.8519255288644948,0.8519255425174963,0.8519255559593873,0.8519255683694318,0.8519255821664247,0.851925593319643,0.8519255960987608,0.8519256091738145,0.8519256147058379,0.8519255244873285,0.8519255142279458,0.8519255254886158,0.8519255368461098,0.8519255503794545,0.8519255620456484,0.851925575116658,0.8519255883706921,0.8519256010137091,0.8519255923923886,0.8519256053146392
239,0.8799704714380294,0.8778394320950376,0.8626026114877633,0.8598864534088932,0.8611256334747097,0.8610237228995482,0.8941939253956069,0.894173752236947,0.8954821062455242,0.895252490172123,0.8952438144617557,0.8927828272595901,0.8928100146288562,0.8926349975104148,0.8925452003160567,0.8926459824907886,0.8928608070738789,0.8929103470660125,0.8919473279413443,0.8882647304756475,0.8882546088100932,0.8880851141047371,0.8883131400524786,0.888346974239342,0.8883402541404442,0.8883142111165709,0.8882345746429949,0.8882198856003457,0.8882136566405336,0.8881926881417933,0.8882451203107186,0.8882377913503924,0.8881719184974762,0.8881561617608619,0.8881752655796095,0.8870980688280289,0.8870842167126429,0.887071864092715,0.8870279531878833,0.8843413582695463,0.8842974657782163,0.8843095786458712,0.8837844351293828,0.8838025906170187,0.8838310677877996,0.8838239233200441,0.8838465983348771,0.8838644567672771,0.8838261404375051,0.8838225704056638,0.8838366506310843,0.8838306125952691,0.8839766315043376,0.883974424504786,0.8839696399759083,0.8839708179991496,0.8839376411935637,0.8839311138632004,0.8839505547397175,0.8839071211716604,0.8839166371926067,0.8843625057647749,0.8767032540461599,0.8766936315029437,0.8766793688891559,0.8767423213407733,0.8767498368603905,0.8767728094080701,0.8767747316884816,0.8769043572545357,0.8769254698675196,0.87693671066597,0.8769234966878163,0.8769147121423417,0.8769192484973107,0.8769299657489036,0.8769084722179684,0.8769055136159478,0.8769007255734405,0.8768825686671062,0.87687628575218,0.8768745505510572,0.8753194795116666,0.8755218594194868,0.8755079582753593,0.8755131917939868,0.8755255976954899,0.8755133489982714,0.8755303948331663,0.8755393398904028,0.8755418780000784,0.8754597942532174,0.8754758941854134
240,0.8803839617348292,0.8774848616955304,0.8581372529550048,0.8537156734664884,0.8556636102900063,0.8586279222625399,0.9069978193990705,0.9069977975307724,0.906997851750748,0.9069978282003525,0.9069978093644692,0.9069977003140328,0.9069976820328289,0.9069976544266812,0.9069976252218982,0.9069976078248885,0.9069975875475251,0.9069975691394644,0.9069975795392055,0.9069975109162984,0.9069974883025946,0.906997465247486,0.9069974600979499,0.9069974420414268,0.9069974234536474,0.9069974041054027,0.9069973783665889,0.9069973590573858,0.9069973372990335,0.9069973144431949,0.9069972954874653,0.9069972732560787,0.9069972489049605,0.9069972271431144,0.9069972063054459,0.9069970859610668,0.9069970608191114,0.9069970400922989,0.9069970129168827,0.906996935083715,0.9069969114910413,0.9069968870809628,0.9069969713522836,0.9069969486843404,0.9069969271070334,0.9069969047426156,0.9069968836766935,0.9069968667869139,0.9069968564519387,0.9069968347517909,0.9069968131639177,0.9069967902969136,0.9069968033618286,0.9069967881114491,0.906996766306839,0.9069967445166102,0.9069967228042588,0.9069967002662072,0.906996678902291,0.906996655750509,0.906996636415923,0.9069966803073721,0.9069964264560836,0.9069964021366227,0.9069963768124989,0.9069963854822981,0.9069963627180714,0.9069963983134905,0.9069963765774245,0.9069963814254975,0.9069963617724759,0.9069963427193345,0.9069963197750455,0.9069962960295741,0.9069962747735123,0.9069962546318311,0.9069962337255572,0.9069962117844291,0.9069961939132226,0.9069961886063366,0.9069961675378518,0.9069961586545345,0.9069957561851396,0.906995795120802,0.9069957710364095,0.9069957482557727,0.9069957248142214,0.9069956999966268,0.90699567489779,0.9069956485409749,0.9069956230143486,0.9069956333687745,0.906995608679458
241,0.8873283991681501,0.900010721051223,0.9000584737021504,0.8995373706554989,0.8997352631071964,0.8991253296778847,0.8993849404134256,0.9052811027922972,0.9041052327430232,0.9044078659756271,0.9045058310771855,0.9048429103269505,0.9047952758871093,0.910095861272405,0.9101368819065975,0.910115821708738,0.9101120851865286,0.9100971653266213,0.9098371180379287,0.9098148855134899,0.9098072895556,0.9099111769944429,0.9097982983677485,0.908457959787143,0.9084244639988184,0.9086226570133664,0.9086979684992332,0.9087024688824122,0.9087091667976174,0.9087270497495752,0.9086934182369004,0.9087003825551112,0.9087529656268732,0.9087505429968824,0.9087365186730012,0.9087506351908445,0.9087634687544067,0.9087175067689264,0.9087620830698484,0.9089201896976891,0.9088772151867348,0.908728548811931,0.9079509765061812,0.9079771855780793,0.9080307790369071,0.9080142880616608,0.9080446964979485,0.9080766554393458,0.9080356833249376,0.90803315423694,0.9080612405049201,0.9080357907283952,0.9082281732193481,0.9082332632229332,0.9082047497575652,0.9082055310933195,0.9081597192002163,0.9081472327813681,0.9081784271780485,0.9081653614949465,0.9042134440004663,0.9042134631257259,0.9042134490104796,0.9042134539855533,0.9042134595566627,0.9042134634491928,0.9042134665530078,0.9042134578630783,0.9042134628173055,0.9042134544087341,0.9042134551095047,0.904213456811153,0.9042134621303383,0.9042134627125945,0.9042134655613934,0.9042134672809746,0.9042134686701597,0.9042134706117939,0.9042134747135527,0.9042134776034912,0.9042134817581554,0.9042134836747224,0.9042134872193095,0.9042134675599107,0.9042134716425789,0.9042134739844747,0.9042134767026191,0.9042134807822201,0.9042134825739557,0.9042134852400787,0.9042134882834633,0.9042134925942577,0.9042134945393522
242,0.884300567119565,0.8956850773258973,0.8957845329990405,0.8965607894946976,0.8966652456269748,0.8952517262417481,0.894652797992702,0.8980774938460118,0.8960564974134728,0.8965941305209453,0.8970202620753228,0.897594670044948,0.8974475405400689,0.9024668286406742,0.9024119626102832,0.902487026886834,0.902500722138564,0.9023527565385918,0.9024838682578273,0.9024784782918228,0.9024413242021165,0.9024361207923925,0.9024357587750806,0.8977204862068617,0.897677870998594,0.8976537901886895,0.8976548506786401,0.8976559516970007,0.8976569142620151,0.8976577232532909,0.8976620076914286,0.8976627515659074,0.8976598585442329,0.8976612603802465,0.8976621075315054,0.8976622880777686,0.8976625757794581,0.8976006690073881,0.8976021557724455,0.8975813889271199,0.8975778300806756,0.897353367853475,0.8974003629692657,0.8974031544708787,0.8973850079186422,0.8973806878101651,0.8973831878460241,0.8973847717315112,0.8973824977231974,0.8973827082744432,0.8973842989598583,0.897381774784459,0.8973908684628845,0.8973882125943788,0.8973730321855542,0.897373290409196,0.8973733232318933,0.897373837722439,0.8973762819486327,0.8973762025651781,0.8965992756234428,0.8965613260372574,0.8965747112061038,0.8965729835302223,0.8965698469532805,0.8965670311298576,0.8965683861663216,0.8965747540845044,0.8965573197854573,0.8965739830697766,0.8965781691020516,0.8965805445567928,0.8965782087407755,0.8965300560662064,0.896530611676949,0.8965326715457037,0.8965382058354429,0.8965318557013762,0.8965284568983638,0.8965291755829902,0.8965284591619959,0.8965279402270665,0.8965161147948331,0.8965294235450104,0.8965285384468616,0.896526093082336,0.8965264086991627,0.8965256416550862,0.8965250816662266,0.8965259487076678,0.8965261952301197,0.8965251824261095,0.8965262353359486
243,0.8843984009865463,0.8950581230736766,0.8951663954752301,0.8960743203103719,0.8961373123647285,0.8946171119294006,0.8939821298826675,0.8970455192577724,0.8949982337924629,0.895544057051717,0.8960027691770276,0.8965794870882136,0.8964248974607394,0.9013901405426437,0.9013162818979443,0.9014046549158345,0.9014186432231931,0.9012392118420257,0.901476807813168,0.9014776943703217,0.901431626524329,0.9013905721345576,0.9014298566257918,0.8960661697013991,0.8960447747548882,0.89589738095521,0.8958896835057196,0.89588977314094,0.8958895533565543,0.8958878746084517,0.895894295078946,0.8958937772947958,0.8958856450890504,0.8958866042409059,0.8958879629452933,0.8958864507619075,0.8958850746561249,0.895845621304022,0.8958406662549453,0.8958077893500699,0.8958104012300498,0.8957232091793516,0.8958257858622928,0.8958255345657835,0.8958082657307415,0.8958061491403854,0.8958053827027933,0.8958039239341298,0.8958057127806567,0.8958060054524744,0.8958048080254997,0.8958041207024634,0.8957935900798066,0.8957920908473433,0.8957900889747453,0.895790170268322,0.8957941970143039,0.8957956102616665,0.8957957331301287,0.8957968236593725,0.8954301409081441,0.8953704619716601,0.8953910355097218,0.8953883422828184,0.895383346415094,0.8953789946186954,0.8953810119665235,0.8953907808934151,0.8953328393123271,0.8953567739451093,0.8953626981250257,0.8953657594291382,0.8953622194663379,0.8953432161318196,0.8953443036736509,0.8953475782594358,0.8953745872262943,0.8953707207546064,0.8953675051312673,0.8953650297271644,0.8953635030230249,0.8953624875538772,0.8953405484586265,0.8953670409823911,0.895365246562239,0.895364270522534,0.8953649156936512,0.8953633691493708,0.8953633666015456,0.8953646349080242,0.895364997621956,0.8953575551152745,0.8953596384908097
244,0.8830820730477804,0.8936367401869062,0.8937717215758593,0.8947779680069226,0.8947478833554348,0.8931962716710516,0.8923544270944981,0.8949883296261455,0.8928989527765351,0.8934546826646552,0.8940183013475487,0.8945971685202116,0.8944456357373946,0.8987360809083677,0.8986555778516349,0.8987449466349152,0.8987562694160528,0.8985820897502667,0.8988289891972138,0.8988307554118845,0.8987800609337295,0.8987337053669755,0.8987792018043894,0.8924889930139004,0.8924889968036849,0.8924889699481567,0.8924889708790161,0.8924889746346972,0.892488978364964,0.8924889815596296,0.8924889866421112,0.8924889903203842,0.8924889912030446,0.8924889950029964,0.8924889989538054,0.8924890013088238,0.8924890044574734,0.8924890313833244,0.892489029906074,0.892489012289425,0.8924890180058964,0.892488993528707,0.8924890597559839,0.8924890623567521,0.8924890590443333,0.8924890639810859,0.8924890656818368,0.8924890662224982,0.8924890720984234,0.8924890763763705,0.8924890778101168,0.8924890822542931,0.8924890615665964,0.892489064082853,0.8924890860282868,0.8924890900367672,0.8924890984824676,0.8924891038600865,0.8924891059304608,0.8924891110283389,0.8924890549971114,0.8924890233449222,0.8924890279683787,0.8924890295030379,0.8924890299433523,0.892489029501646,0.8924890329786377,0.8924890341018157,0.8924890066104174,0.8924890192788673,0.8924890244687284,0.8924890285588761,0.8924890290880978,0.8924890225991835,0.8924890254334426,0.8924890294092752,0.8924890344150809,0.8924890348551386,0.8924890354712303,0.8924890337358585,0.8924890349265472,0.8924890351778414,0.8924890179935048,0.8924890295505886,0.8924890305345313,0.8924890323112342,0.8924890347044023,0.8924890358562725,0.8924890379378272,0.8924890407945267,0.8924890430919095,0.892489036802363,0.8924890400448063
245,0.8801358183424859,0.8878014413698933,0.8880303154259398,0.8888222669880492,0.8885309529772422,0.8873545479978846,0.8862015905545442,0.8874209639515229,0.8854861081881307,0.8859705492518821,0.8869229128463242,0.8874085565530031,0.8872901591720154,0.8896979367024301,0.8895913116908273,0.889673422776381,0.8896672385906258,0.8895518621329039,0.8898557780010629,0.889864655121366,0.8898047820093654,0.8897345376338276,0.8898088098860364,0.8864235099877406,0.8867018628287558,0.8861379432415128,0.8861388652571577,0.8861401354717867,0.8861405124307437,0.8861403099639252,0.8861096261609167,0.8861109877142407,0.8861102638803237,0.8861042528972719,0.8860829162458781,0.8860842704153585,0.8860852017741364,0.8872902519187056,0.8872141030446897,0.8870841865284484,0.887098839325623,0.8870513844133598,0.887716729899238,0.8876973760187448,0.8876276035459092,0.8876735026458417,0.8876538020922197,0.8876292384528677,0.8876644165150226,0.8876667139941663,0.8876428026103054,0.8876364600271988,0.8874712573050129,0.887473090543943,0.8880490794177976,0.8880488164329957,0.8880743608431024,0.8880800539708512,0.8880672410370057,0.8880745361248873,0.8881254440914008,0.8879910708447347,0.8880333427224544,0.8880275967414635,0.8880131630488273,0.8880039798842044,0.8880081204374114,0.8880288157826295,0.8876998850986583,0.8877477634067074,0.8877604778409153,0.8877703042928955,0.8877622407180017,0.8877499468427886,0.8877526517548984,0.8877599470030899,0.8877449221633105,0.887740021054788,0.8877361196895264,0.8877257486510957,0.8877219747589741,0.8877198939106058,0.887672193494643,0.8877326046134049,0.8877281421728255,0.8877287205384575,0.8877303180040547,0.8877265551356389,0.8877233495230534,0.887726055730519,0.8877267442847998,0.8877028959922377,0.8877077314601557
246,0.8776560806475283,0.8833318681754774,0.8836958134926337,0.8841517585213613,0.8836796151688696,0.8830992083662219,0.8816103678064017,0.8822117878347334,0.8805205457268915,0.8808844012014887,0.8822145949555107,0.8826000953234137,0.882519235558386,0.883837600678952,0.8837398198224015,0.8837970570364694,0.8837762857203494,0.8837743620423151,0.8840201770790169,0.8840350976143578,0.8840153402600522,0.8839680299076581,0.8840189103932639,0.8819873852506065,0.882529044515848,0.8821387351638631,0.8821730140180042,0.8821766024367728,0.8821794948799447,0.8821866561174514,0.8821170728209765,0.8821272121273175,0.8821493175590354,0.882137603735408,0.8821016315437631,0.8821088874823187,0.882115166043891,0.8842573466504076,0.88419135627503,0.8841006318983011,0.8841078774139438,0.8840945678233812,0.884502265228083,0.8844922519666509,0.884440380865608,0.8845766991568411,0.8845686916131874,0.8845577656711573,0.8845786615959355,0.8845801455431407,0.8845659283111927,0.8845561842435448,0.8844540633084973,0.8844549508248261,0.8854694751961794,0.8854694741918797,0.8854694747350527,0.8854694735719527,0.885469472255182,0.8854694718185289,0.8854694759494798,0.8854694683091713,0.885469472571054,0.8854694712495755,0.8854694671647007,0.8854694660044573,0.8854694653072224,0.8854694678391722,0.8854694311043088,0.8854694307783052,0.8854694296104983,0.8854694288824457,0.88546942746727,0.8854694256587113,0.8854694243594192,0.8854694231075521,0.8854694190999969,0.8854694174525369,0.8854694161994227,0.8854694159464317,0.8854694146188262,0.8854694141907337,0.8854694169504227,0.8854694195205748,0.8854694182896319,0.885469416990739,0.8854694157789775,0.8854694144846322,0.8854694120859766,0.8854694107947437,0.8854694094924426,0.8854694098896828,0.8854694086843077
247,0.8749141956322619,0.8791545186083192,0.8797839826037798,0.8804111989476116,0.879569635613055,0.879281261803297,0.8771767292739308,0.8774240560434307,0.8760620919558558,0.8762577970440251,0.8780588091872248,0.8783387739154055,0.8782888340689774,0.8788863059730615,0.8788140529006738,0.8788444493780959,0.8788168039325203,0.8788890673086319,0.8790873182947646,0.8791196721052772,0.879206882520605,0.8791926968996266,0.8792085663146214,0.8780751066968162,0.8787514274698891,0.8786261416460649,0.878686702664341,0.8786922274306823,0.878697017444071,0.8787098963832312,0.8786083422798664,0.8786346625443252,0.8786733146901985,0.8786557871544599,0.8786186747602285,0.8786301799019781,0.878640138263335,0.8813767100937747,0.8813556628813751,0.8813988930082413,0.8813829027901529,0.8813906583202479,0.8811795615854301,0.881188277503582,0.8811781541141306,0.8815179641016919,0.8815314632577678,0.8815483927053018,0.881539189467157,0.8815389162067953,0.8815450765248036,0.8815329959982725,0.88157185936938,0.8815703389718899,0.882123954135831,0.8821242514051125,0.8821046984551194,0.8820945661525146,0.8821115547091976,0.8821061880091818,0.8821152946681609,0.8822104294878219,0.8821810877352511,0.8821845180195785,0.8821756771443588,0.8821822334733854,0.8821786942661523,0.8821633486229123,0.8821496931695889,0.8820966288653409,0.8820825124628464,0.8820756808229986,0.8820848111324755,0.8820923884275832,0.8820893312440957,0.8820812148656554,0.8820891349717275,0.8820911953022003,0.8820935439058203,0.8821057646480717,0.8821097917044965,0.8821129010028541,0.8821636568331652,0.8820990832618832,0.8821042402260793,0.8821020069869336,0.8821003360000872,0.8821043994902057,0.8820912101957957,0.8820885102750212,0.8820876762216697,0.8821146595609318,0.8821097551636776
248,0.8735166169782496,0.8755081279756893,0.8764854322241382,0.8774390042379219,0.8763906712399484,0.8768994320710816,0.8732685452297062,0.8732429326776256,0.8724598743929902,0.8723328818052927,0.874444865336069,0.8746310987542758,0.8746111923850605,0.8745877865732415,0.8746115213639469,0.8745918686673595,0.8746424655414083,0.8746658932162501,0.8747587711595258,0.8748981982545398,0.8756410644135119,0.8756947189055426,0.8756374772821096,0.8754868506728499,0.8756642415516621,0.8758200178778216,0.875882687165485,0.8758888759457715,0.8758934621689987,0.8759061821628488,0.8758225039735479,0.8759173451211483,0.875946107022827,0.8759168257147208,0.8759588964911221,0.8759687761238403,0.875975410264809,0.8772901804363409,0.8773309214222,0.8775592166012115,0.8775089447757819,0.8775268096738965,0.8766791160892389,0.876701440776225,0.8767301285411324,0.8781699782003792,0.8781843633348969,0.8782064608619847,0.8781901948404,0.8781891347179162,0.8782000062613797,0.8781942693094011,0.878273815449129,0.8782733757036205,0.8783489590990247,0.8783492859479035,0.8783283506053999,0.8783187885495958,0.8783348916480015,0.8783287811955781,0.8783351670717046,0.8784496643764629,0.8784113264979618,0.8784147998483992,0.8785006320857744,0.878509399193569,0.8785046188183357,0.8784845105454229,0.8785076555994207,0.878452293380898,0.87843838833831,0.8784316843711921,0.8784407533416051,0.8784476705781472,0.8784446632365026,0.8784367707084696,0.8784503350862463,0.8784523042493305,0.8784542787937127,0.8784664912679391,0.8784705254551788,0.8784737195511526,0.8785276362156799,0.8784599270775346,0.8784653672526849,0.8784631740497935,0.8784616176742917,0.8784656607731853,0.8784476028002237,0.8784449632843306,0.8784441890417456,0.8784710583146981,0.8784664988193703
249,0.8688808775432982,0.8706081811491747,0.8718138891273709,0.8729866144198773,0.8717904108947613,0.8725580587916422,0.8678028335831951,0.8677626245033598,0.8668053444692926,0.8665594410544071,0.869325646035501,0.869592196871606,0.869572191951682,0.8695602130121728,0.8696345202847489,0.8695871948251618,0.8697718081137159,0.8697764933524152,0.8698430326219153,0.8700514457602057,0.8711737125054219,0.8712516353362849,0.8711667307129326,0.871113863853969,0.8711595187211386,0.8713079121353327,0.8713782805028574,0.8713782521571394,0.8713830806936131,0.8713961216375763,0.8713398311195824,0.8715162991223512,0.8715432034477022,0.8715025741486429,0.8715437869624804,0.871552763544331,0.8715585969020528,0.8725244936623202,0.8725631484558166,0.872772508416954,0.8727270527483513,0.8727426176333689,0.8719741010217046,0.8719942852328632,0.8720216626015306,0.8743783331964385,0.8743783331387318,0.8743783349068515,0.8743783317122782,0.8743783295339805,0.874378328842265,0.8743783260325131,0.8743783377709607,0.8743783364002145,0.8743783373034986,0.8743783354707316,0.8743783309532907,0.8743783272564636,0.8743783271774436,0.8743783243812979,0.8743783235005326,0.874378341231776,0.8743783387707821,0.8743783379069309,0.8743783481465683,0.8743783482564463,0.8743783463005875,0.8743783457764339,0.8743783471893707,0.8743783403389298,0.8743783374376055,0.874378335435986,0.87437833513179,0.8743783344108846,0.8743783326444015,0.8743783304025081,0.8743783308349985,0.8743783296411541,0.8743783287557774,0.8743783299913869,0.874378329158799,0.8743783290981559,0.8743783388392521,0.874378332834111,0.8743783324247475,0.8743783309516462,0.8743783297709321,0.8743783289742986,0.8743783256123849,0.8743783239265257,0.8743783224945232,0.8743783263701299,0.8743783256144746
250,0.8670192612921693,0.8680474736977308,0.8692268517946988,0.8703717184954927,0.8693057092452118,0.8704181728812153,0.8651408841326772,0.86510112682254,0.8639949768306743,0.8637030102634125,0.8663252282646106,0.866699070957489,0.8666776464479927,0.8667288670099143,0.8668732243579498,0.8667865550718505,0.8672255144223643,0.8672037613758286,0.8672177835143061,0.8675165412279381,0.8691913217552167,0.8692721459849058,0.8691825319170519,0.8691924611989293,0.869116942419747,0.869229323307459,0.8692920548119019,0.8692711865565071,0.8692749625976013,0.8692843867668786,0.8692976257747851,0.8695669953515733,0.8695840640007855,0.8695325316372124,0.8695642175109098,0.8695705695225732,0.8695739117484691,0.870002565556861,0.8700262761658707,0.8701520114680034,0.8701258955279886,0.8701348363946547,0.8696658073359569,0.8696788046339777,0.8696964201169325,0.8709315475854237,0.8709368748037055,0.8709714701941952,0.870965507149272,0.8709655854936867,0.870968689841644,0.870967336500114,0.8709932174984519,0.8709937242283856,0.870981631551186,0.8709817400752768,0.8709765280426114,0.8709722495856476,0.8709748048672273,0.8709675332523428,0.8709691616319519,0.870991006097326,0.8709867710743505,0.8709999704278668,0.8710494893976963,0.8710483809384465,0.8710477452777715,0.8710479262814644,0.871053305238088,0.8710536370523898,0.8710535460586372,0.8710535007091337,0.871055806259848,0.8710560052952198,0.871055949410724,0.8710569727632494,0.8710575052097836,0.8710574588029844,0.8710572631944438,0.871057657578228,0.8710576323371139,0.8710572211077232,0.8710571092264296,0.8710574744323684,0.8710611758983623,0.8710608876862886,0.871064964320499,0.8710650557749936,0.8710625150105202,0.8710625386771286,0.8710625530223214,0.8710630133424968,0.8710727505557415
251,0.8652485451310987,0.86541236516562,0.8661770677201412,0.8670798714970198,0.8663404413908119,0.8671265404209882,0.8625854078048302,0.862565719051461,0.861360098232505,0.8610990809633576,0.8630674026209134,0.863461506992694,0.8634415598784669,0.8635804720448989,0.8637708008519316,0.8636593866720506,0.8645275916368435,0.8645046800391982,0.8645175345189138,0.8648708548046535,0.866869116746806,0.8668835367170468,0.8668658694320586,0.8668854343793875,0.8668001375080177,0.8668539608818008,0.8668904593792964,0.8667859396754621,0.8667869323809032,0.8667876200131845,0.8668507863093105,0.8671419970203252,0.8671477300204654,0.8671078039815739,0.8670926131967326,0.8671017176402404,0.8671034056220859,0.8671683869242442,0.8671762402545103,0.8672335951908158,0.8672264517667486,0.8672288575152154,0.8670397893920636,0.8670464446708067,0.8670560182909326,0.8673201035835673,0.8673239668560203,0.8673960522913515,0.8673891976280391,0.867388162831737,0.8673885859487309,0.867387013622421,0.8674163669806745,0.8674156599222209,0.8674095376217907,0.8674096831807644,0.8674035180719212,0.8674001009696195,0.8674043834117914,0.8673757896236373,0.8673775915141229,0.8674032789841811,0.8674102356934597,0.8674897753423892,0.8674929218571523,0.867493537482155,0.8674921163023633,0.8674928430813198,0.8674945328130614,0.8674963185496751,0.8674966968458073,0.8674968543662054,0.8674980788905444,0.8674979849868989,0.8674980600836102,0.8675013170426787,0.8675008485575972,0.8675007320878121,0.8675005049812196,0.8675002693332086,0.8675001000810685,0.8675003533463038,0.8674980332139832,0.8675012780681294,0.8675149383251308,0.867514787413971,0.8675262393221375,0.8675262007461436,0.8675253860287278,0.8675254465646889,0.8675254728183917,0.8675253714512839,0.8675260999294586
252,0.8629656058745967,0.8625175801576376,0.86208472169501,0.862799766858599,0.8623469812473333,0.860833627806189,0.859158913938894,0.8591550462986646,0.8581785237645909,0.8579506103154612,0.8593376840641305,0.8594559266594609,0.8594449547253213,0.8596052040611348,0.8597655692104075,0.8596838006440753,0.8610552559065082,0.8610494497604746,0.8610859199298968,0.8612207404985304,0.8624884974863919,0.8624817447287575,0.8624886429464399,0.862503157766335,0.8624402418621138,0.862468593410566,0.8625082384959606,0.8621912593653136,0.8621918426487194,0.86219155200484,0.8622376567167984,0.8624547622105921,0.8624635039483618,0.8624325001385167,0.8624093590608356,0.8624314148455129,0.8624335468495111,0.8624173858703333,0.8624256606649628,0.862509814227323,0.8625032123361402,0.8625049358307997,0.8622843094029493,0.8622931190002323,0.862306562948281,0.8623171852025578,0.8623250796485835,0.8624217449478908,0.8624092645148483,0.8624038980189503,0.8624042177208535,0.8624012888060113,0.8624548288740921,0.8624537263960375,0.8624500875703293,0.8624503561174047,0.8624386488057151,0.8624342714432791,0.8624422422044188,0.8623837580942899,0.8623871245872735,0.8624429725036683,0.8624652406752066,0.8626737422825613,0.8626737407847087,0.8626737465169352,0.8626737461548777,0.8626737456770269,0.8626737455082364,0.8626737435885645,0.8626737429538465,0.8626737425028999,0.8626737421909807,0.8626737422387406,0.8626737419633093,0.8626737415099113,0.8626737419212196,0.8626737418223834,0.8626737418117572,0.8626737422779871,0.8626737422828017,0.862673744146145,0.8626737466565999,0.8626737443459451,0.8626737469091884,0.8626737467028426,0.8626737434024214,0.8626737433757434,0.8626737430899525,0.8626737428701178,0.8626737427110216,0.8626737435475532,0.8626737163397088
253,0.8629512315224407,0.8624500418001468,0.8600229861439878,0.8610424092262674,0.8605682693610227,0.8579049539834233,0.8583313954323294,0.8583469425216265,0.8575762994235154,0.8574373896103223,0.8581859393759214,0.8576873762263775,0.8576840490956287,0.8578800550094317,0.8580364930013109,0.8579584899282491,0.8595552229745497,0.8595254811523468,0.8591402334137404,0.8584581629854645,0.8589378882565928,0.8589131413028169,0.8589400570869785,0.858950211896405,0.8589190977189072,0.858929774575513,0.8589637978910192,0.8582129176860513,0.8582133143640026,0.8582133224851858,0.8582160239947562,0.8583112589354654,0.8583161496934238,0.8582485262477194,0.8582342914820142,0.8582667908858278,0.8582683193149714,0.8582512250363749,0.8582552282548431,0.8583396325947186,0.858338262737884,0.8583387229458765,0.8581582734122865,0.8581674358252853,0.8581814164353185,0.8581586640422437,0.8581674813512574,0.8582522862941,0.8582384525344386,0.8582341601902485,0.8582324862283105,0.8582291959900714,0.8582867448095277,0.8582857274955596,0.8582831785288403,0.8582834651928312,0.8582711641002426,0.8582672018795996,0.8582751312513034,0.8582348112702655,0.8582388154202217,0.858304967849022,0.8583531592942695,0.8584469949433203,0.8584466266359893,0.8585068116145746,0.8585048657340106,0.8584962934862267,0.8584957484589991,0.858472992100874,0.8584670431739052,0.8584634722825181,0.8584672668358457,0.858470151798573,0.8584688451014361,0.8584558037490958,0.8584631144316495,0.8584640629126724,0.8584656604585557,0.8584715622852073,0.8584735013806858,0.8584862514757571,0.8585149155865468,0.8584821361308195,0.8584894750841294,0.8584883756468722,0.8583102776934872,0.8583110670468537,0.8583100437009686,0.8583095342594614,0.8583094166016865,0.8583145816726424,0.8581420598354815
254,0.8646931398890286,0.8641924362061582,0.8594748883303243,0.8608362385267048,0.8602646914798676,0.8574702536711118,0.8598848367270051,0.8599182233138982,0.8591342880739852,0.8590740074009543,0.8594256272155838,0.8579524222186017,0.8579495559361259,0.8582701156567303,0.8584996074630699,0.8583699659702643,0.859938676131419,0.8598565512653701,0.8582856093201476,0.8555968715416545,0.8556498166854825,0.8555659760329145,0.8556647769832089,0.8556819460184761,0.8556679699072228,0.8556625204945378,0.8556669278162337,0.8543501638667029,0.854348401910354,0.8543423869631132,0.8543462759276941,0.8543698550692593,0.854353416455483,0.8543202974650916,0.8543182269629335,0.8543383153849325,0.854334346427246,0.8543230419692718,0.8543096346653904,0.8543349206448416,0.854348855855864,0.8543457605914707,0.8545529718011565,0.8545502682160672,0.8545448430771843,0.8545386120910511,0.854534605743164,0.854561682664652,0.8545665450594812,0.854565188791173,0.8545432109751534,0.8545451851546305,0.854517111246605,0.8545174479584368,0.8545186822854965,0.8545186972813326,0.8545258574551207,0.8545277614081536,0.8545239319968415,0.8546675327718286,0.8546669620030694,0.8546498528050304,0.8547324454828298,0.8547589101335807,0.8547560960359545,0.8546740814694861,0.8546728144957805,0.8546671008738266,0.8546667940403646,0.8546562626372269,0.854652911381172,0.8546508776236815,0.8546552755105525,0.8546570097938262,0.8546562571919248,0.8546571694121944,0.8546612711320242,0.8546617955287953,0.8546627291435512,0.854666191780597,0.8546673035625186,0.8546753958273056,0.8547017042058619,0.8546795620022605,0.8546834301578751,0.8546826453128151,0.8539847527535668,0.8539840534904349,0.8539850363857636,0.8539855103934768,0.853985664201717,0.8539810707224521,0.8539035204241338
255,0.8672561050453524,0.8666936885263303,0.8603343527504236,0.8617582875579023,0.8611812709310335,0.8583921539584107,0.8633463274768443,0.8633793698586177,0.8627705591766957,0.8627509837765203,0.8629102773658218,0.8604479084382326,0.860443739194821,0.860853446023842,0.8611257994075103,0.8609679009474116,0.8622954764729397,0.8621894807626196,0.8593346204392929,0.8538480063700379,0.8537965174308064,0.8537374424556543,0.8538154910012163,0.8538298223133496,0.8538261393498812,0.8538204136893223,0.8538303937010313,0.85245028009447,0.8524483359309237,0.8524413845658964,0.8524507875137551,0.852449403519479,0.8524289744874011,0.8524629438476592,0.8524659614641321,0.8524211954602636,0.8524146537599867,0.8524064923829368,0.8523874646179371,0.8524206713940878,0.8524404921328956,0.8524361638766608,0.8529218537430753,0.852909832715794,0.8528886188129261,0.8528929675078033,0.8528793215569611,0.852870169576032,0.852890138710831,0.8528880606986804,0.8528703357868733,0.8528771131125175,0.852780464691777,0.8527819678131571,0.8527860741736792,0.8527860009582502,0.8528085022782966,0.8528152866977194,0.8528024602458132,0.8532133862773932,0.8532077838691574,0.8530981969110235,0.8531022267524287,0.8531004361526958,0.8530903094908588,0.8525061704738903,0.8525055436965977,0.8525013505480012,0.8525012061434323,0.8524999047929037,0.8524979964449996,0.8524967490402454,0.852499876050803,0.8525009964154027,0.8525005617642243,0.8525148092358864,0.8525169979708708,0.8525172644250442,0.8525177814970132,0.8525196986933411,0.8525203056290276,0.8525240619695458,0.8525593205592632,0.8525429608213702,0.8525458429162486,0.8525452079147652,0.8508658475217958,0.8508658492720085,0.8508658508634235,0.8508658525554416,0.8508658542645865,0.8508658540932575,0.8508658538936138
256,0.8697647039142373,0.8688125704770763,0.8560820900005748,0.8565402591870069,0.8564262397492822,0.8530094465030412,0.8669242523557699,0.866944422405725,0.8672241309986272,0.8671085011840244,0.8671564252547336,0.8618692710786986,0.8618693781786996,0.8623302279171686,0.8626377935535933,0.8624607634894306,0.8634713057308416,0.8633537602000882,0.8597834093521838,0.8505673415832157,0.850538871280101,0.8507617069615141,0.8505250414775021,0.8505041084010638,0.8505220114122237,0.8505472611700446,0.8506692116983071,0.8498279678395689,0.8498349857879268,0.8498535530507298,0.8498217437016408,0.8498251026648461,0.849876005168465,0.849858501917011,0.8498461650638913,0.8491200611218549,0.8491335407673928,0.8491470998991706,0.8491940549336314,0.8494434681699495,0.849401794824505,0.8494128386829983,0.8490604679175275,0.8490631246766688,0.8490658467318379,0.8490660324768927,0.8490722328469316,0.8490729647560469,0.8490661786315417,0.8490632072578447,0.8491084664401513,0.8491088033198235,0.8491577634381271,0.8491568659231168,0.8491551441886062,0.8491560927194146,0.849142134434619,0.8491410318310006,0.8491490392461678,0.8492579219046307,0.8492606363625174,0.8493743532069163,0.8472494726288439,0.8472312726831661,0.8472074817930452,0.8447601443852268,0.8447645849290377,0.8447836854074322,0.8447848835419526,0.8448493431726628,0.844864634793084,0.8448726714331897,0.8448636786085977,0.8448573675461776,0.8448606124556561,0.8448761232399958,0.8448606641102824,0.8448585620068851,0.8448552404848005,0.844842845514066,0.8448385663533058,0.8448390638717816,0.8448675809367334,0.8449253334322726,0.8449216194635257,0.8449228952880646,0.8445555962693324,0.8445521724822482,0.8445569570461673,0.8445596003569531,0.844560368700829,0.8445376251728883,0.8445507665552402
257,0.8705159954826392,0.8692395506046572,0.8528786405495776,0.8522616026870715,0.8526191342357604,0.8499664813873703,0.8694259324852363,0.8694420213257008,0.8699867528304165,0.8698267427776304,0.8698372781081792,0.8632247382722817,0.8632251537651142,0.8636766385581934,0.8639927810519097,0.8638022715157669,0.8645624087761835,0.8644457940213992,0.8612756032683122,0.8530094717406337,0.8529985501357599,0.853421608482158,0.8529658637385504,0.8529190938412188,0.8529493849161264,0.8529978494189576,0.8531980097440395,0.8526558795134304,0.8526697830550002,0.8527086468591508,0.8526397831449803,0.8526520284161861,0.8527612093513195,0.852725265917014,0.8526982065557799,0.8511361703985758,0.8511658988307376,0.8511956876337168,0.8512971554890051,0.8513214670016416,0.8512282768605377,0.8512520134250596,0.8500858902979904,0.8501084916087988,0.8501445218378115,0.8501352396075589,0.8501659663081469,0.8501903953904943,0.8501479401345222,0.8501434838440238,0.8502020550790058,0.8501932211802388,0.8504152046585256,0.8504114563510098,0.8504028049934444,0.8504045987370773,0.8503490253748867,0.8503376576356804,0.8503695054417796,0.8503339748255188,0.8503490063115258,0.8507594917439621,0.8461329699498852,0.8461161231285156,0.8460942368435926,0.8431926923739944,0.8432010660013046,0.8432390839536954,0.8432413666272695,0.8433619513157791,0.8433930205493413,0.8434098209312201,0.843390452433548,0.8433772717261955,0.8433838956695916,0.843404675656394,0.8433729981832132,0.8433687485606293,0.8433619828731304,0.8433368684895729,0.8433282803946743,0.843325996763748,0.8433521653053382,0.8434753450399904,0.8434666744251744,0.8434697524507949,0.8433467948827472,0.8433390736057013,0.8433498571080492,0.843355661816343,0.8433573098506142,0.8433062540656324,0.8433203409140663
258,0.8725715626648525,0.8708944320215988,0.8523120004420623,0.8505148534663616,0.8513716405870203,0.8500196467353666,0.8761903557193608,0.8761986286511726,0.8768303649471183,0.8766618642037429,0.8766361755283201,0.8699338385913012,0.8699367458791316,0.8702725657125129,0.8705245402823888,0.8703704038410872,0.8708374017647048,0.8707491423539148,0.8682427493527191,0.8615043951206945,0.8615022096045776,0.8619375674038131,0.8614740677698027,0.861425446984709,0.8614539605231357,0.8615024571442139,0.8616935029968052,0.8614527048176184,0.8614666051936464,0.8615065623419831,0.8614347485413322,0.8614486439933563,0.8615619213990448,0.8615233331438177,0.8614948269153936,0.8588706660260053,0.8589047097871965,0.8589389834993781,0.8590556114696294,0.8586181879024966,0.8584920985561305,0.8585237025772325,0.8567871181864725,0.8568254494024091,0.8568883091495656,0.8568709443790473,0.856920299193884,0.8569645854874968,0.8568929645231802,0.8568870947991142,0.8569362559525722,0.8569200549290368,0.8572699236136708,0.8572640840666482,0.8572502778652522,0.8572525049552102,0.8571668763131801,0.8571475163744984,0.857196533949144,0.8571158664275946,0.8571394456991925,0.8577734496144794,0.8496278674426824,0.8496264324444772,0.8496266295242059,0.8481052354160243,0.848107834124212,0.8481162644117344,0.8481170794432327,0.8481632400490757,0.8481775994449181,0.8481852289960992,0.8481760331332484,0.8481703338238908,0.8481733806181105,0.8481817546407517,0.8481675633547341,0.8481656950078033,0.8481627216161844,0.8481518745946113,0.8481482953406547,0.8481493259840742,0.8483073622495546,0.8483430312274283,0.8483398718576358,0.8483407748174859,0.848316643989521,0.8483138195391341,0.8483178062941659,0.848320424314903,0.848321189133382,0.8483026669797802,0.8483072512513772
259,0.8731613696821269,0.8708554841081646,0.846983802325642,0.8432641529423106,0.8449189527700769,0.8466413954069281,0.8828516078360221,0.8828148900530024,0.8837551194396617,0.8835540213123536,0.8834743694629641,0.8764439103824829,0.8764445880577258,0.8764454813077908,0.8764650538892347,0.8764537130742308,0.8765790752301625,0.8765695954216968,0.8759202748279501,0.8728755297089098,0.8728694157115781,0.8731437607143657,0.8728472887481168,0.8728109558740756,0.8728189970721736,0.8728484596951168,0.8729573384433448,0.8729042032525586,0.8729104478293745,0.8729337234353816,0.8728761458060882,0.8728827306595645,0.8729550042418921,0.8729265425572377,0.872905008551291,0.8687304786546467,0.8687432386414833,0.8687561362343353,0.8688015176564972,0.8686405485666379,0.8685793766463429,0.868593924376043,0.8676319419305142,0.8676568450205709,0.8676988884876582,0.867685927560696,0.8677162197623157,0.8677496497436105,0.8677040489276566,0.867699833352682,0.8677237328631227,0.8677115166322508,0.867927867751299,0.8679243062801022,0.8679154978602578,0.8679162549673355,0.8678650530178711,0.8678516309513474,0.8678807951281532,0.8678380259023468,0.8678516929470255,0.8682135711497818,0.8638105524624398,0.8638332178430341,0.8638677036269135,0.8637758260921427,0.8637614697331399,0.8636900769296026,0.863686296490446,0.8635007637118308,0.8634521169369855,0.8634254705915515,0.8634558878492966,0.8634770260297057,0.8634666520035547,0.8634407591942117,0.8634908580955916,0.863497580805671,0.8635083389380512,0.8635486659740464,0.8635624694452345,0.8635708535742432,0.8639517943674319,0.8637160630192144,0.8637320412884093,0.8637258584896104,0.8637220087065784,0.8637360921423806,0.863716491117678,0.863706591773326,0.8637038164206509,0.8637972610249253,0.8637789815699985
260,0.8838072592529369,0.899468746962062,0.8995024442907791,0.8984038488247134,0.8985326567597401,0.8983213323247541,0.8989688725632051,0.9066073755928062,0.9066073685345996,0.9066073668874011,0.9066073631263749,0.9066073631687547,0.9066073606180158,0.9066074454951477,0.9066074476836152,0.9066074461445706,0.906607445637634,0.9066074466985389,0.9066074344022196,0.9066074334523376,0.9066074329760574,0.9066074376413978,0.9066074327529509,0.9066074053647054,0.9066074005154442,0.9066074086507412,0.9066074102235379,0.9066074094809459,0.9066074088436865,0.9066074085326895,0.9066074062371781,0.9066074055245997,0.9066074069252548,0.9066074059214321,0.9066074043670451,0.9066074043222029,0.9066074039694462,0.9066073998014388,0.9066073994160777,0.9066074076568567,0.9066074052478422,0.9066073701148207,0.9066073327033674,0.9066073316858279,0.9066073342850898,0.9066073314256003,0.9066073310338745,0.9066073312006081,0.9066073281411744,0.9066073260461897,0.906607325682934,0.9066073176062416,0.9066073279970964,0.906607328153626,0.9066073246083314,0.9066073227759975,0.9066073182540613,0.906607315298391,0.9066073154955384,0.906607313004802,0.9066071805520909,0.9066071883761788,0.9066071930515467,0.9066071897232729,0.906607186049683,0.9066071841906362,0.9066071807668177,0.9066071845051873,0.9066071828694626,0.9066071801892661,0.9066071767232481,0.9066071739544984,0.9066071707995982,0.906607164982059,0.906607161853861,0.9066071585158404,0.9066071559305009,0.9066071807836441,0.9066071797435821,0.9066071781202124,0.9066071754353615,0.9066071745853661,0.9066071827959089,0.9066071859669818,0.9066071834843691,0.906607183482565,0.9066071808856608,0.9066071783347753,0.9066071755445513,0.906607172468615,0.9066071696664534,0.9066071692655848,0.9066071665403655
261,0.880828546522973,0.8968556987689725,0.8969151532993332,0.8968740964172034,0.8970407396434198,0.8963192400526463,0.8961042480744226,0.9010116993698459,0.9000189918841023,0.9002947143990987,0.9005460268459167,0.9008371437129725,0.9007674279643747,0.9026063155950174,0.9026632672466124,0.9026462256857793,0.9026475868062422,0.9025932269383713,0.9022264214001997,0.9021975634563817,0.9021964531246253,0.9023348029846363,0.9021780414355163,0.9008115597563593,0.9007419512256055,0.9008652492384627,0.9008949878499045,0.9008995268433372,0.9009045788624741,0.9009140554863928,0.900908434496485,0.9009135657688359,0.9009302992332141,0.9009325474696317,0.9009309164359058,0.9009375057262224,0.9009440915798843,0.9008853381926113,0.9009195730065501,0.9009561551688885,0.9009233960318257,0.8998996598014503,0.8997681183880203,0.8997729844895355,0.8997635595140063,0.8997604501932926,0.8997659164293199,0.899770448315238,0.8997643805052589,0.8997647479003033,0.8997688721912082,0.8997466165053277,0.8997809367535873,0.8997761296881245,0.8997676995040457,0.8997682907724169,0.8997619148655597,0.8997614381836134,0.8997653916972234,0.8997635950909754,0.8988800700135166,0.8988627870804962,0.898866455617075,0.8988658653771683,0.898865847611599,0.898865039191253,0.8988655103626241,0.8988677097349596,0.8988828713469416,0.8988897780276626,0.898892384223905,0.898893837741404,0.8988926342232063,0.8987879550169681,0.8987878189144295,0.8987882585911805,0.8987760664741022,0.898857029845039,0.8988540191853049,0.8988597193017758,0.8988604298473535,0.8988607417024363,0.8988690671249339,0.8988569490156411,0.898857598414233,0.8988503109132361,0.8988500556514867,0.8988506290671696,0.8988499066755096,0.8988502292379511,0.8988503588960455,0.898859872714491,0.898859019605068
262,0.8780426241331648,0.893365051055324,0.8935159993071121,0.8942124713185202,0.8941736663082898,0.8930492060299945,0.8918380832925312,0.8947752609166348,0.8929601589598134,0.8934394512243768,0.894004171259838,0.8945179075868319,0.8944112195540602,0.896882002338503,0.8969020502122735,0.8969154169183894,0.8969206424830894,0.8968443923365806,0.8965248916491778,0.8964951502874435,0.8964836461574219,0.896616033227759,0.8964651299360403,0.8938919444659772,0.8937690093713585,0.8939321885149957,0.8939444360968575,0.8939483765979138,0.893952452264643,0.8939578831003749,0.8939607348541959,0.8939644316413856,0.8939683343836996,0.8939715581128287,0.8939727887916125,0.8939764109241735,0.893980046403302,0.8939507721780457,0.8939815112907821,0.8939669498116348,0.8939620367335843,0.8926130768739962,0.8928592001110162,0.8928560217395085,0.8928283294760615,0.8928283837726375,0.892823166254993,0.8928148329134977,0.8928255087930779,0.8928268923826624,0.892819819708483,0.892851917282313,0.8928054933147863,0.8928020872692595,0.8928114441512925,0.8928117970943029,0.8928236411517858,0.8928275121162712,0.8928212085459262,0.8928245150021601,0.8921428471428228,0.8921187863866452,0.892124590189309,0.8921237002779978,0.8921227817341643,0.8921214029020028,0.8921221029489758,0.892125443262191,0.8921582776392314,0.8921693558531586,0.892173036536623,0.8921778681466126,0.8921759449983596,0.8918733320409162,0.8918733323571316,0.8918733327873213,0.8918733297962049,0.8918733283335112,0.8918733281429941,0.89187332857059,0.89187332879172,0.8918733288961155,0.8918733280210452,0.8918733278418791,0.8918733280391669,0.891873327231566,0.8918733274543169,0.8918733276443186,0.8918733278457484,0.8918733281794183,0.89187332841522,0.8918733288409798,0.8918733290838166
263,0.8790159237675265,0.8920440894284016,0.8922293873544238,0.893137808792994,0.8930026029342553,0.8916799610302376,0.890354449476282,0.8928221877551099,0.8907026259051131,0.891257871175272,0.8919654059554849,0.8925516374522563,0.8924240059095434,0.8954843972138539,0.8954448956665064,0.8954970290372761,0.8955038055542646,0.8954089808437404,0.8953558237624576,0.8953414121071319,0.8953117664540706,0.8953588510356351,0.8953018235905174,0.8913247039681907,0.8912479503138478,0.8913873872860503,0.8913859197123045,0.8913878257035318,0.891389503198633,0.8913906143193723,0.8913926733682741,0.8913939477659114,0.891390552167469,0.8913921528024388,0.8913920355041884,0.8913927528077624,0.8913935074468959,0.891516731307832,0.8915072074672348,0.891469384461836,0.8914702201300524,0.8907852305529192,0.8911039256656237,0.8910975873087806,0.8910680380593486,0.8910688985912018,0.8910608647702577,0.8910495694727149,0.8910642895460343,0.891065656779903,0.8910557981574615,0.8910726246431007,0.8910089324319478,0.8910070011395005,0.8910532545901945,0.8910534294746995,0.8910670820385773,0.891070556345242,0.8910632776683565,0.891067088687431,0.8906040336979848,0.8905848863568419,0.8905893705784755,0.8905886694997895,0.8905873206742146,0.8905861875391793,0.8905867366912696,0.8905893877621911,0.8906237438970687,0.8906350567002067,0.8906385985779287,0.8906445415351854,0.8906425326023611,0.8904963994201434,0.8904967280688753,0.8904978188696434,0.8904740257169969,0.8904600434392735,0.8904588278488458,0.8904585314998358,0.8904580738106442,0.8904580070192143,0.8904520344170741,0.8904592275406683,0.8904587034075465,0.8904564067128132,0.8904566186948599,0.8904561365422916,0.8904558703881925,0.8904564130855002,0.8904564277519312,0.8904549709902109,0.8904555402696701
264,0.8728465377711918,0.8846177906213417,0.8850259955971753,0.8856691215027924,0.8850603953802717,0.8841443374907304,0.8823154074730746,0.8834622364808198,0.8812623895906047,0.8818063563184443,0.8830455114000101,0.8836337547573401,0.8835316132476624,0.8853504093349472,0.8852533506684034,0.885298641322974,0.8852948730229324,0.885263666249031,0.8852657326624104,0.8852594287293402,0.8852352316473845,0.8852542291948433,0.8852307877562696,0.8829226116360426,0.8830053879328976,0.8830429657470494,0.8830577201112231,0.8830602057408581,0.8830626015662697,0.8830671135217105,0.883045821091302,0.8830482585306983,0.8830580434671705,0.8830563856385144,0.8830466652878974,0.8830505685386576,0.8830541683766493,0.8837615030484719,0.8837159807206312,0.8836899684188864,0.8836918155418084,0.8832486669204243,0.8834906154647904,0.8834863432441122,0.8834635621729252,0.883462782393887,0.8834583845574283,0.8834497235585849,0.8834614390688338,0.8834624547801132,0.8834545612529926,0.8834652090452368,0.8834195791272469,0.8834185854603114,0.8835674757614214,0.8835676596912857,0.8835711202660139,0.8835692940544602,0.883567944637599,0.8835688816989112,0.8834893721132885,0.8835038846548607,0.8834969926566981,0.8834977895697718,0.8834976942175029,0.8834988866297763,0.8834983201000899,0.8834955705880033,0.8835038913038531,0.8835022213816041,0.8835024707440287,0.883512671387633,0.8835124828619323,0.8834431579701316,0.8834429607973613,0.883442543496869,0.8834267535126332,0.8834106631343338,0.8834104906459636,0.8834117744653144,0.8834119957855745,0.8834126857752491,0.8834165995587654,0.8834117598011396,0.8834119948119249,0.883408615431864,0.8834085657276749,0.8834087428036734,0.8834062929562442,0.883406393650287,0.8834061080810606,0.8834087947545777,0.8834083845701551
265,0.8694178750243755,0.8774773224450376,0.8782065409964548,0.8788981319444459,0.8777457393336584,0.8771118569057753,0.874844523462887,0.8753251187688728,0.8733212441367083,0.8737237151287574,0.8757165408080004,0.8762098714455,0.8761356240147437,0.8771992175055011,0.8770811279009556,0.8771025051763423,0.8770668316575765,0.8771033976463842,0.8772076555720346,0.8772118782757509,0.8771993965471752,0.8771992559223055,0.8771998280862976,0.8757421051141641,0.8769393549715055,0.87688447466661,0.8769175276184786,0.8769209071448287,0.8769236903787694,0.8769307964681142,0.8768545895718884,0.876860914785169,0.8768819478811393,0.8768734134558253,0.8768490827544962,0.8768557074836748,0.876861345993085,0.8798128879973903,0.8797530358596228,0.8796662152351439,0.8796695337823569,0.8796374880651487,0.8799763710410498,0.8799709781145908,0.8799459016228558,0.8799567347561004,0.8799546640936929,0.8799452781971709,0.8799590552062471,0.8799599739953777,0.8799506448419055,0.879925319590184,0.8798552953601294,0.8798557255330353,0.8801664893841123,0.8801664883336002,0.8801724788003624,0.880166098420365,0.8801637290215015,0.8801653460244492,0.8801770026163882,0.880143341094353,0.880154708960451,0.8801531962947688,0.8801485662379088,0.8801458989013365,0.8801469824427982,0.880152618401985,0.8801702309391657,0.8801860629435204,0.8801900443400227,0.880206516345855,0.8802040249598999,0.880191666455076,0.8801924636413507,0.8801945921868342,0.8801821435694406,0.8801777669196439,0.8801766896823532,0.8801740248742792,0.8801729204763346,0.8801728786900636,0.8801579566041974,0.8801765459464173,0.8801753452052065,0.8801742143875184,0.880174692658981,0.8801736096942487,0.8801725295238243,0.8801734206852405,0.8801739860282058,0.8801662837117388,0.8801679231521109
266,0.8638431781615921,0.8697398227295079,0.8708818125843373,0.8720315675678059,0.8703425975796765,0.8696615116296965,0.8665620817209521,0.8667175171351028,0.8650696329012658,0.8652112401184081,0.8682379308701754,0.8686033748895496,0.8685593753445857,0.8690385239453601,0.8689704587444148,0.8689391419951521,0.8688697134665652,0.8689338900866149,0.868980968197119,0.8689907985010968,0.869028327874973,0.8690631432373689,0.8690278747742535,0.8683311396273689,0.8704455669713561,0.8704635759206859,0.8705297796492693,0.8705355533746626,0.8705407088808362,0.8705549620523739,0.8704374315052208,0.87045265030208,0.870492967911898,0.870479831874995,0.8704523017536143,0.8704641073043826,0.8704743386050341,0.8763935121673678,0.8763935058993888,0.8763935155367626,0.876393507905064,0.8763935051751878,0.8763934915976462,0.8763934873112453,0.8763934824113697,0.8763934898136687,0.8763934865010234,0.8763934856618125,0.8763934816419279,0.8763934767283429,0.8763934727998685,0.8763934652718757,0.8763934752526852,0.8763934716663775,0.8763934896616017,0.8763934852220713,0.876393478677182,0.8763934740866333,0.8763934710980776,0.8763934663624613,0.8763934640137894,0.8763934820609778,0.8763934842896718,0.8763934807522046,0.8763934763793509,0.8763934749829932,0.876393470518344,0.8763934733674669,0.8763934732163553,0.8763934660052997,0.8763934611126751,0.8763934612312144,0.8763934582091555,0.8763934548497185,0.8763934508508957,0.8763934463791306,0.8763934439619105,0.8763934402848128,0.8763934375335818,0.8763934380573527,0.8763934349420842,0.8763934341036624,0.8763934481361307,0.8763934470182841,0.8763934441696909,0.8763934406305695,0.8763934371243522,0.8763934340755006,0.8763934295476407,0.8763934256955469,0.8763934221607982,0.8763934260399545,0.8763934222156354
267,0.8630062375645541,0.8672779153515738,0.8685321460782807,0.8698504508340745,0.8681942499790625,0.8675828394740126,0.863939520877276,0.8639964815803691,0.8626616306637093,0.8625779859487991,0.8662525444285691,0.8664776530646745,0.8664497339628383,0.8666592907231123,0.8666184157906619,0.8665985054197941,0.86654506713289,0.8666119590933534,0.866721566648489,0.8667587468907935,0.8669105336500155,0.8669437789045303,0.8669096223071642,0.8664665381844344,0.867866098643198,0.8679312037512638,0.8680169397743049,0.8680237125490707,0.868030270167972,0.8680488361478043,0.8679086780276378,0.867947954658333,0.8680011239128551,0.867982610253005,0.8679571038985623,0.8679723160450561,0.8679856731147968,0.8716216304908191,0.8716347818940138,0.8717937248305819,0.8717586875679962,0.8717731670192231,0.8711354350074049,0.8711554208393713,0.871180947264102,0.8715245111750113,0.8715495604641389,0.871597696653368,0.8715667926578262,0.871565184725036,0.871586026226986,0.871574581719401,0.8717212766611871,0.8717184851244553,0.8717971846783649,0.8717976886011445,0.8717647957340885,0.8717589804730675,0.8717809009317965,0.8717719513060067,0.8717815744198527,0.8719511374050065,0.871896407861949,0.8719028212643224,0.8719015316763147,0.8719131911927122,0.8719061125220735,0.8718786331388155,0.8718919058355594,0.8718171090388623,0.8717979186590954,0.8717979041133788,0.8718102347482287,0.87182005352813,0.8718158826687779,0.8718049095341873,0.8718238784759764,0.8718266666311256,0.87183059416547,0.8718470645279416,0.8718525873858454,0.8718573446302135,0.8719291219732693,0.8718385763429352,0.8718456327637966,0.871842572618342,0.871840350979356,0.8718458681380263,0.8718337955804792,0.8718301337784442,0.8718289776012902,0.8718660072678414,0.8718598476017518
268,0.8606751492531468,0.8636772462835739,0.8649594346278731,0.8664054410778512,0.8648235201494716,0.8641074264066277,0.8600464540439711,0.8600488133076272,0.8589450076729217,0.8586247355677855,0.8630195265836241,0.8631593190846327,0.8631436415395207,0.8631940503332399,0.8631867431938595,0.8631724712608628,0.8631958367901048,0.8632430589212451,0.8633701700203381,0.8634405388084425,0.8637447997294364,0.8637792953397396,0.8637424989965299,0.8635480327339026,0.864149663286212,0.8642362536794408,0.8643109823447704,0.8643151902217341,0.8643206855537771,0.8643362271093429,0.8642149695038747,0.8642971916520057,0.8643409205493069,0.8643205124601323,0.8643073744692726,0.8643198381741809,0.8643307109588828,0.8662112413383687,0.8662341042170403,0.8664145544370992,0.8663752423177751,0.8663899785302969,0.8656771345557195,0.8656982025096904,0.8657274673384305,0.86636296711786,0.8663931534310746,0.8664346906346844,0.8664037090535174,0.8664021296524222,0.8664229131690092,0.8664127119982233,0.8665589715046016,0.8665561591529526,0.8665971590895264,0.8665976509316393,0.8665650800606054,0.8665481619184489,0.8665699723548436,0.8665613059016926,0.8665707070208306,0.8667384912255031,0.8666842718370737,0.8666898752934232,0.8666831896255952,0.86669461575312,0.8666878895814892,0.8666608772769069,0.8666708126987115,0.8665974655318087,0.8665786494599893,0.8665758245701648,0.8665880281112376,0.8665974288418012,0.8665933193763533,0.8665828209321284,0.8666018406346937,0.8666045297776404,0.8666084528672751,0.8666246697582951,0.8666301034937829,0.8666350321700937,0.8667056695295726,0.8666166272123886,0.8666240389762286,0.8666210190810435,0.8666190071747177,0.8666244405421247,0.8666129540611693,0.866609347356995,0.8666082470639672,0.866644685905925,0.8666403119009017
269,0.8560202720348107,0.8568551409419874,0.8574312711878025,0.858840965940913,0.8576512040592978,0.8559106486837761,0.8524479214912722,0.8524302529354326,0.8515414543462567,0.8508412104562298,0.8551881725941589,0.8553869322395466,0.8553806168089169,0.8554402310346456,0.8555365828381986,0.8555006822295029,0.8562902914856745,0.8563032736264052,0.8564062522870632,0.8565701375279028,0.8572027317952927,0.8572423793994748,0.8571989641718915,0.857205190585217,0.8570700702390401,0.8571375788178988,0.8571727784431651,0.85716435594026,0.857166692479832,0.8571707141801852,0.8574214387751381,0.8577311686522958,0.8577384186551278,0.8577242856186673,0.8577249618198938,0.8577275769943598,0.8577292313210975,0.8579466689012443,0.857947852500534,0.8579663714711704,0.8579624382074283,0.8579647253939797,0.857826283077009,0.8578338071269284,0.8578419573423168,0.8584123518348995,0.8584335306170087,0.8582946167412677,0.8582933786642386,0.8582936464346111,0.8582927156623917,0.8582927074498118,0.8582940955135441,0.8582939172665308,0.8582942454637603,0.8582943187037446,0.858295237321477,0.8582894512577111,0.858290386328776,0.8582914457531631,0.8582917587606369,0.8582809028522363,0.8582844153616243,0.8582798352930977,0.8582658693478347,0.858264965286856,0.8582804214948988,0.8582879320670664,0.8582901101714737,0.8583099196151368,0.8583148020670466,0.858319071546664,0.8583165532390016,0.8583147150013883,0.8583157005238413,0.8583215517637988,0.8583164933670209,0.8583157707682179,0.8583147133494063,0.8583109605068513,0.8583095588750389,0.8583180979519205,0.8582982267603813,0.8583235354229142,0.8583234721682204,0.8583236571470841,0.8583255425727754,0.8583241029965027,0.8583255453979478,0.8583266178899175,0.8583269097562798,0.8583175345413778,0.8583275661993826
270,0.8570901282894527,0.8568446556885942,0.8565269270961128,0.8577252460947272,0.8568770969998976,0.8546196200650314,0.8520522483602438,0.8520406766686687,0.8510354938942623,0.8503895701679492,0.8534266350829006,0.8536383743725011,0.8536321066853899,0.8537484624594066,0.8538999864771087,0.853842492868873,0.8554838236918907,0.8554995156677697,0.855700658964754,0.8559366760186222,0.8569453748568815,0.8569513225742983,0.8569446530606337,0.8569735225705531,0.8568362095864709,0.8568948619283706,0.8569308636389231,0.8568491047669471,0.8568500489068699,0.8568492053424068,0.8571388779282569,0.8577878967072577,0.8577878961863113,0.8577878926311652,0.8577878913506672,0.8577878914847795,0.8577878908607636,0.8577878940783735,0.8577878933410953,0.8577878946949014,0.8577878942128783,0.857787893764914,0.8577878894798678,0.8577878893321951,0.857787889171216,0.8577879248560951,0.8577879266144467,0.8577879133457482,0.857787913383114,0.857787913304248,0.8577879124372908,0.8577879124009138,0.8577879117138656,0.8577879116052014,0.8577879109536499,0.8577879108186416,0.8577879109301618,0.8577879104610948,0.8577879102944015,0.8577879086563879,0.8577879084890896,0.857787906854762,0.857787908958558,0.8577879132908984,0.8577879120905223,0.8577879130227536,0.8577879147474784,0.8577879158306283,0.8577879159432417,0.8577879186166838,0.8577879192835133,0.8577879196738835,0.8577879194702781,0.8577879191868818,0.85778791932352,0.8577879213559482,0.8577879206050316,0.8577879204971218,0.8577879203386105,0.8577879197485022,0.8577879195183842,0.8577879235022742,0.8577879203417059,0.8577879242533064,0.8577879246251183,0.8577879246966205,0.857787925534483,0.8577879253576509,0.85778792568965,0.8577879259345637,0.8577879260491139,0.8577879244397062,0.8577879157675801
271,0.8565019702878148,0.8555910334819856,0.8530774794386072,0.8543385330846048,0.8536694932177482,0.8502233141393334,0.8493263324115649,0.8493372619311922,0.8481673175622334,0.8476040389293955,0.8496718300887494,0.8496044143235314,0.8496030821462712,0.84978514265455,0.849967206033323,0.8498989460154375,0.8525913213319614,0.852602086870734,0.8527379868304479,0.8527930190636804,0.8535807982280664,0.8535448057909627,0.8535844056645845,0.8536097921870569,0.853520896170594,0.8535501138235054,0.8535898911610605,0.8532973140968289,0.8532964286830991,0.8532909417197032,0.8534765569098975,0.8538115391382894,0.8538052394700965,0.8537693902765724,0.8537595654903304,0.8537754058683752,0.8537742503936212,0.8537299287402034,0.853723938110547,0.8537298053679026,0.8537348749640467,0.8537337609484105,0.8537671010123455,0.8537681032405723,0.8537683872793691,0.853740982967807,0.8537446942438136,0.8537701249136804,0.8537717509538358,0.8537710071643191,0.8537642507854348,0.8537652958136188,0.8537543311135466,0.8537542949521094,0.8537535780039938,0.8537536535635134,0.8537565051380487,0.8537561616645717,0.8537551585320479,0.8537276524849389,0.8537271563817692,0.8537100206013888,0.853745670929158,0.8538223349376209,0.8538171599487844,0.8538494654032008,0.8538545078358112,0.8538596890500635,0.8538599260349569,0.8538742836061793,0.8538780309896691,0.8538798098527992,0.8538790704552545,0.8538776161262378,0.8538783865602471,0.8538868424499407,0.853883432743845,0.8538829354819807,0.8538822538396053,0.8538796767174498,0.8538786895900927,0.8539113613756001,0.8539000721927246,0.8539155799725798,0.8539155087998667,0.853915578321449,0.8539092925479804,0.8539081234729846,0.853909756533106,0.8539106712130252,0.853910936202332,0.8539031619638814,0.8536353461512748
272,0.8566765439570185,0.8556646445288029,0.8504208501433992,0.8519245016563196,0.8512526741032062,0.8472445471771217,0.8475720180869816,0.8476073154652934,0.8462030505683021,0.8457724392223839,0.8472081787280432,0.8466440742006792,0.846645273949656,0.8469126509836901,0.84714415885175,0.8470424162223874,0.8504221335664052,0.8503970249456049,0.8500794494047555,0.849655818444513,0.8501069349905568,0.8500928675842829,0.850108673500202,0.8501214867373799,0.8500723729739338,0.850089229670693,0.8501461178661056,0.8494565926006363,0.8494562767613119,0.8494534625113913,0.8494961670845838,0.8496568744617321,0.8496545117612875,0.849605717871716,0.8495959163716372,0.8496293614951336,0.8496293156835096,0.8495994162381021,0.8495969462682357,0.8496256829104946,0.8496293290603348,0.8496286337328176,0.8495700552956426,0.8495752615778651,0.8495821992866629,0.849551003131474,0.8495552061567835,0.8496717904704675,0.8496668170018485,0.8496654068899979,0.849675743040621,0.8496752678741414,0.8496907515778656,0.8496903882435394,0.8496893605155789,0.8496895866966457,0.8496868522807135,0.8496852876133559,0.8496875991933127,0.8496489430329711,0.8496502290215493,0.8496614477389216,0.8497138554314827,0.849790566393054,0.8497879458373333,0.8498649701676974,0.8498659236442525,0.8498654928229947,0.8498654240929638,0.8498648705338838,0.8498648821386313,0.8498643100162266,0.8498661027039355,0.8498665259679291,0.8498664719343835,0.8498306168712679,0.8498332706474704,0.8498335733039953,0.8498341783623243,0.8498363364860602,0.849836944325676,0.849873209978408,0.8498837607378257,0.849872713701153,0.8498742051480479,0.8498734825890417,0.8498335225598768,0.8498335167299629,0.8498335565780296,0.8498337289183454,0.8498337941097195,0.8498335709369307,0.8491552932180948
273,0.8589963694778793,0.8581245330832163,0.8489436214460632,0.8505608364269467,0.8499119406208989,0.8456589419628335,0.8484597546462445,0.8485200684147503,0.8469918620049515,0.8468060167438459,0.8475577590430855,0.8457190471756119,0.8457186556312019,0.8461413511756046,0.8464679661755135,0.8462907368120838,0.8493350477289804,0.8492298004369172,0.8478220907836586,0.8459707769730895,0.8460969774749558,0.8460913861730361,0.846103478435021,0.8461129751629078,0.8460970328802215,0.8461032037648748,0.846147384124933,0.844333196608904,0.8443332301270475,0.8443319666593343,0.8443128384112074,0.8443533946900683,0.8443491984899333,0.8443101327775058,0.8443060322550104,0.8443557582031185,0.8443555389367629,0.844345284862245,0.8443433767344035,0.8443761546227243,0.8443782577039493,0.8443780251999975,0.8443572307998914,0.8443601363948037,0.8443630837213583,0.8443476799644226,0.844350126085945,0.8444265697506005,0.8444245808874167,0.8444239460528415,0.8444597014008162,0.8444602274807765,0.8444634009734767,0.8444633149568822,0.8444633215887155,0.8444635799739728,0.844463346588152,0.8444634223999321,0.8444640378331946,0.8444434261473543,0.8444443541332921,0.8444517570499828,0.844525228186579,0.8445600879018885,0.8445597533321575,0.8446682013691624,0.8446670439489868,0.8446645673611264,0.844664462628366,0.8446605141777184,0.8446600308802095,0.8446588706996568,0.8446606510757227,0.8446614922743578,0.8446613163152376,0.8445714915204923,0.8445756705386388,0.8445761902679814,0.844577114305341,0.8445805430337373,0.84458162316398,0.8446071140927487,0.8446251572701019,0.8446059182299777,0.8446082042803806,0.8446072939123015,0.8444909290285015,0.8444908716298044,0.8444909754009121,0.8444912372792158,0.8444913329810289,0.8444908315645759,0.84426599748249
274,0.8612446284676305,0.8604176680164177,0.8479660131695429,0.8493253724348273,0.8488178643317671,0.8446271307140887,0.8505163282745766,0.8505814636208627,0.8493553886752788,0.8492591645666846,0.8496795372903243,0.8462592980848542,0.8462566195651159,0.8467861606588911,0.8471767601046747,0.8469474725761533,0.8492968990602883,0.8491528295251444,0.8469701335460655,0.8435317855177071,0.8435336826847862,0.8435350513157273,0.84354517503734,0.8435563077655702,0.8435545887351379,0.8435563092975467,0.8436040506649597,0.8405907408741367,0.8405907435346487,0.8405907461838944,0.84059074729368,0.8405907505762074,0.8405907528928431,0.8405907529370774,0.8405907553287074,0.8405907515485799,0.8405907538104607,0.8405907552724283,0.8405907572439251,0.8405907679511015,0.8405907700942958,0.8405907726717826,0.8405907815944197,0.8405907835932764,0.8405907847715252,0.8405907870577894,0.8405907888395541,0.8405907938602899,0.8405907965662047,0.8405907990213467,0.8405908169861758,0.8405908204649442,0.8405908129991612,0.8405908149957667,0.8405908179904867,0.8405908207581532,0.8405908248249724,0.8405908281941211,0.8405908301424848,0.8405908401057192,0.8405908423336768,0.8405908324271821,0.8405908111069201,0.8405908141152925,0.8405908153282973,0.840590700785304,0.8405907018239828,0.8405907028823117,0.8405907036772445,0.8405907102619914,0.8405907126357945,0.8405907140941217,0.8405907140545283,0.840590714251962,0.8405907153722147,0.8405907051966894,0.8405907042350433,0.8405907046480825,0.8405907048192447,0.8405907036965955,0.8405907038258807,0.8405907072356164,0.84059070267763,0.840590708075037,0.8405907083631704,0.840590709017146,0.8405906429311746,0.8405906423794755,0.8405906429762137,0.8405906433035691,0.8405906433529733,0.8405906401144456,0.8405906289420966
275,0.8646460693899894,0.8637062658388647,0.8477703260677582,0.8483123928382196,0.8481735926557357,0.8445423275453899,0.8559897869122571,0.8560391445808265,0.8556725295736017,0.8555597682423678,0.8557242781643607,0.8498900383800452,0.8498849537763229,0.8504791002362556,0.8509010391383011,0.8506404606861183,0.8521274938397263,0.851967568456767,0.8490908934289327,0.8435001106888133,0.843466044269534,0.8436181407364298,0.8434638869578351,0.8434567640962848,0.8434716102800422,0.8434879970333401,0.843600481342261,0.8419123240718347,0.8419177825182522,0.8419310333927319,0.8419088344118648,0.841908048667527,0.8419427912482255,0.841929200793071,0.8419214339664884,0.8414631650002911,0.8414700030022504,0.8414773329955288,0.84150228007076,0.8417317437388616,0.8417039252840333,0.8417118220782408,0.8416624724818718,0.8416556774036048,0.841642195220553,0.8416474339047724,0.8416427734306414,0.8416344420854424,0.841644857489736,0.8416438029701881,0.8417765248274042,0.8417811680595442,0.8417580819266848,0.8417583544051316,0.8417595888689753,0.8417603520390885,0.8417632323233974,0.8417668170505752,0.8417652279170603,0.8418463210987204,0.8418451402134863,0.8418603432960539,0.840921439634872,0.840905862948731,0.8408878993855259,0.8380146408265082,0.8380181704254743,0.8380338046459979,0.8380347735372524,0.838084710643173,0.8380971856484233,0.8381034113690297,0.8380962007050317,0.8380912538718013,0.8380938783919563,0.8380964387731965,0.8380836452198006,0.8380818943926323,0.8380791316759115,0.8380688292711058,0.8380652435770626,0.8380701386516536,0.838056875964417,0.8381089421411093,0.8381056213938007,0.8381066367464121,0.837749905074814,0.83774787085862,0.8377507236472724,0.8377524813961716,0.8377530013890513,0.8377393761763665,0.8377548243159852
276,0.8653991466367482,0.8641699630090914,0.8411957478986516,0.8400897959572352,0.8406475064844418,0.8389244675762056,0.8574945329918549,0.8575132212145664,0.85803206488975,0.8578215831546284,0.857850658587515,0.8482187438100154,0.8482118794727639,0.8487635737039683,0.8491616511260036,0.8489020899851051,0.8497041315640778,0.8495589076546683,0.8471996289285292,0.8426798331444888,0.8426663849456282,0.8430281000340145,0.8426406590614671,0.8426046122097132,0.8426339259398931,0.842674724739542,0.8428666605253559,0.8420640995792611,0.842077496604136,0.8421135364240319,0.8420510659557419,0.8420608890066655,0.8421607862320464,0.8421363432064016,0.8421123589307085,0.8407915057954808,0.8408111720973639,0.840831126087792,0.8408985466756363,0.8411339950455474,0.8410695388260071,0.8410869329169394,0.8404647304126799,0.8404720789826003,0.8404815221803379,0.8404805684098615,0.8404936645353079,0.8404999256075636,0.8404859780055073,0.8404845232593781,0.8406326659417082,0.840630880775214,0.8407380620265686,0.8407362113826454,0.8407323987065579,0.8407339836131219,0.8407053631091838,0.8407017242106953,0.84071832012425,0.8407111518467465,0.8407192355309733,0.8409447195409021,0.839066251967981,0.8390544918646368,0.8390419029773037,0.8324074441363715,0.8324074513001956,0.8324074464289479,0.8324074527656826,0.8324074666829785,0.832407475598937,0.8324074828052528,0.8324074875235411,0.8324074930684757,0.8324074999563321,0.8324075071227774,0.8324075097344339,0.8324075156165538,0.832407520030891,0.8324075187745983,0.8324075238365954,0.8324075270771675,0.8324075122091489,0.8324075147780453,0.8324075196806746,0.8324075252964557,0.8324075162053488,0.8324075212696539,0.8324075279898067,0.832407534617041,0.8324075406733527,0.8324075338159592,0.8324075413240666
277,0.867546193865424,0.8659525805809563,0.8401954088500744,0.8377151266709173,0.8388443634308549,0.838983955640201,0.8645229316773299,0.8645001296629967,0.8655885372489515,0.8653242692594456,0.8652651012243848,0.854063411544131,0.8540605557578714,0.8543554551180965,0.8545816413310192,0.8544323384964168,0.854792512513635,0.8547110111883149,0.8532589918863293,0.8496152524427414,0.8496105627887831,0.8499761562665631,0.8495801823147227,0.8495375559503757,0.849561032294915,0.8496026105968474,0.8497732049066876,0.8494672282236384,0.8494791208428843,0.8495139403546189,0.8494477852297413,0.8494588700587548,0.8495589034628743,0.8495321508501839,0.8495063501390936,0.8463245916397235,0.8463440034608545,0.8463634720389976,0.8464292484212657,0.8465503316222637,0.8464871039575191,0.8465038057929795,0.8457508919766202,0.8457643383379287,0.8457849909365731,0.8457802560141885,0.8457993690353797,0.8458111833867427,0.8457862540529238,0.8457845823237198,0.8458206678708362,0.8458161362664083,0.8459516399692855,0.8459493519459255,0.8459442857149416,0.8459456737888664,0.8459112591343353,0.8459050888170362,0.8459249504868898,0.8458962916645276,0.8459061740785387,0.8461660965694784,0.8439771458592865,0.8439738598353855,0.8439719128706009,0.8412740454296186,0.841274424480392,0.8412726246623909,0.8412728219727829,0.8412846609979391,0.8412903029910086,0.8412929616794603,0.841289323942077,0.841287506979425,0.8412886703431669,0.8412916519392614,0.8412866060403738,0.8412859475823918,0.8412848962901965,0.8412811338465201,0.8412799620599634,0.8412827929726772,0.8413456712759139,0.8413529715238821,0.8413518929959185,0.8413519707379373,0.8413522505519155,0.8413513431400866,0.8413526505179576,0.8413539228733147,0.8413543114965162,0.8413483241902021,0.8413495773152047
278,0.8694753324415643,0.8674744806230064,0.8397207948884228,0.8360090661299994,0.8376504636808515,0.839905225331546,0.8720230272469157,0.8719355470277488,0.8738257717096093,0.8734755330071057,0.873351208516121,0.8626374126867258,0.862640776010521,0.8624498884856024,0.8623329534578807,0.8624162917366456,0.8624990428026098,0.8625360922332341,0.8625855018237253,0.8602675492441724,0.860255520905036,0.860430944636764,0.8602347653009748,0.8602058982187213,0.8602041171992307,0.8602233917826698,0.8602920781445812,0.8602283058307998,0.8602302566499022,0.8602432716608839,0.8601966141093118,0.8601982964561548,0.8602438816752183,0.8602183089215226,0.8602021027014282,0.8537636555655799,0.8537636625324616,0.853763668390664,0.8537636776241765,0.8537636869222934,0.8537636894787586,0.8537636961313095,0.8537636208655427,0.8537636271182505,0.8537636346239882,0.8537636380046743,0.853763644362914,0.8537636512237077,0.8537636502606135,0.8537636541631969,0.8537636598806869,0.8537636632854744,0.8537636783262902,0.8537636813544753,0.8537636852621892,0.8537636899705314,0.8537636902837182,0.8537636936231311,0.8537637007115867,0.8537637005865397,0.8537637058033438,0.8537637266187657,0.8537634345928848,0.8537634368972363,0.8537634400887524,0.853763356765025,0.8537633549768925,0.8537633502985303,0.8537633494096806,0.8537633332561126,0.8537633280767944,0.8537633250503314,0.853763326980497,0.8537633279382573,0.8537633261824467,0.8537633238281037,0.8537633277499388,0.8537633276276492,0.853763328062498,0.8537633319093854,0.8537633326128471,0.8537633325437571,0.8537633760727813,0.8537633533639148,0.8537633545469184,0.8537633535977744,0.8537633536698342,0.8537633546957677,0.853763352264646,0.8537633506249487,0.8537633498361802,0.8537633599971854,0.8537633577710477
279,0.8740818726471264,0.8948898916634958,0.8949079026777116,0.8946398161892519,0.8947417809928879,0.8945077208989254,0.8946328367750505,0.8974487525897517,0.8969139402587186,0.8970507893654422,0.89713893813669,0.8972938083973458,0.8972742651857871,0.897490750697186,0.8975311503988824,0.8974986276756138,0.897486773033945,0.897465433196453,0.8971760456948291,0.8971535720217508,0.8971527756666614,0.8972573356663158,0.8971405173326855,0.8968933684169447,0.8968324780067342,0.8968851029263717,0.8969044310770357,0.8969046861314645,0.8969056722798645,0.8969091981343839,0.8969002548402067,0.8969010884923736,0.8969122180664136,0.8969110259766738,0.8969072064658922,0.896910566045978,0.8969128122815669,0.8968619045426381,0.896879256287297,0.896899605786935,0.8968759970810484,0.8957041527533901,0.8956776631739154,0.8956794971183348,0.8956871778285251,0.8956845478334408,0.8956863621017883,0.8956887191265784,0.895685389646313,0.8956840799186939,0.8956857820480316,0.8956947791901457,0.8956826864309564,0.89568701549141,0.8956835836280087,0.8956827033669634,0.895684502383375,0.8956827267099657,0.8956817182883363,0.8956821522265828,0.8957596793161042,0.8957430014012348,0.8957514088501466,0.8957503745388071,0.8957469414515078,0.895744771476411,0.8957454503588195,0.8957485220494557,0.8957508712974158,0.8957586522462108,0.895758993450935,0.8957616544187752,0.8957605446821402,0.8957629007835947,0.8957636704275546,0.8957647239207858,0.8957594841105163,0.8969923559924918,0.8969923551796969,0.89699235432822,0.8969923530326892,0.8969923525959648,0.8969923546998174,0.8969923579309631,0.8969923567097149,0.8969923566274208,0.8969923555299573,0.8969923542912099,0.8969923532230037,0.8969923519223757,0.8969923506981112,0.8969923501203213,0.896992349067825
280,0.8733183246556564,0.8923544726024097,0.8924986159823237,0.8929874245431728,0.8928997529855794,0.8921485692887055,0.8909554156573731,0.8930625408548684,0.8916799532144779,0.8920431465875311,0.8924815438115827,0.8928846594531463,0.8928196251537043,0.89390880523313,0.8939774099192378,0.8939514965428674,0.8939523866977419,0.8938984313689566,0.8933663361338259,0.8933248067848317,0.893330267607449,0.8935269651606867,0.8933078692228604,0.8923440402031865,0.8922799214512779,0.8923829341385044,0.89242171406063,0.892427827890823,0.892435020599182,0.8924473636115942,0.892441320324771,0.8924483160175826,0.8924698621161374,0.8924733481351962,0.8924722186924846,0.8924812452173442,0.8924897852125342,0.8923914063244389,0.8925093159765412,0.8925345961350677,0.8925626542430668,0.8896503192061828,0.8896503028755616,0.8896503062795497,0.889650308100878,0.889650310280165,0.8896503132065382,0.8896503153575156,0.8896503162109825,0.8896503185635547,0.8896503211545609,0.8896503542915479,0.8896503532213628,0.8896503548676046,0.8896503575629461,0.8896503604412809,0.8896503631827409,0.8896503661771347,0.8896503689994127,0.8896503715964943,0.8896503584627913,0.8896503537702837,0.8896503501729068,0.8896503525071006,0.8896503549625981,0.8896503562024447,0.889650358552627,0.8896503558213399,0.8896503594563835,0.8896503611307672,0.8896503634927073,0.8896503658298444,0.8896503680515382,0.8896503602911058,0.8896503624005565,0.889650364548172,0.8896503657593381,0.8896504118919906,0.8896504137213807,0.889650414705095,0.889650417210201,0.8896504182399864,0.889650412210397,0.8896504079621883,0.8896504103334366,0.8896504086343767,0.8896504109455836,0.8896504133335618,0.889650415714493,0.8896504183442386,0.8896504208082862,0.8896504205717793,0.8896504229074408
281,0.8703907549982429,0.8870374501381315,0.8873513545355834,0.887922038336676,0.8874204055889148,0.8866243844537828,0.8850253472469235,0.8862776434988524,0.8844980579837863,0.8849630964098445,0.8857489560493743,0.8862615620664962,0.8861835918415348,0.8874953944693812,0.8874968874063572,0.8875001782857624,0.88750525616905,0.8874628518515464,0.8870643557077506,0.8870299482994943,0.8870316603921024,0.8871863142914134,0.8870146360092898,0.8858942976000063,0.8858370195243122,0.8859391017843036,0.8859658481894681,0.8859712536207999,0.8859775730877347,0.885986985862528,0.8859853668528659,0.8859911514165356,0.886004502830728,0.8860084457052695,0.8860091644839696,0.8860161258441304,0.8860225893408792,0.8859162834723217,0.8860938176765761,0.8860839746285046,0.8861837845761832,0.8845850459808569,0.8845474325330549,0.8845566903919624,0.8845496677735746,0.8845490090573389,0.884552894864129,0.8845517361360992,0.8845529032823249,0.8845539141034046,0.8845535414846092,0.8849406628696752,0.8849518133137609,0.8849497221788232,0.8849557139149892,0.8849561120366981,0.8849528191599141,0.8849520224690337,0.8849539980417311,0.8849530844500727,0.8848626231179341,0.8849057083059961,0.8848887193455234,0.8848908059102781,0.884894343261365,0.8848976896524907,0.8848961663420876,0.8848886719492713,0.8849009236019112,0.8848832551136327,0.8848797292908452,0.8848820428858202,0.884884477039356,0.8848143766659895,0.8848132694452217,0.8848104864558516,0.8848123699249816,0.884781197259872,0.8847818244123216,0.8847866014955656,0.8847879841978585,0.8847892815840568,0.884808102426116,0.884784335751539,0.8847858621915228,0.8847716573023212,0.8847711541493659,0.8847723740366137,0.8847705151753233,0.8847700384127349,0.8847699129933818,0.8847790363453549,0.8847773737917355
282,0.8684645926712073,0.8829336865638631,0.8833950160675126,0.8839185612040161,0.8830765452174514,0.882331437752645,0.8806090694173515,0.8815132360950837,0.8795999385127902,0.8800927911009228,0.881171679220173,0.8817180673615094,0.8816387160319445,0.8829290700580643,0.8828643622414745,0.8828799297519542,0.8828845397753377,0.8828589845723042,0.8826309264372871,0.8826092844057439,0.8826074703700975,0.8827000109231614,0.8825974264447326,0.8816580567928998,0.881603522470943,0.8816775380077968,0.8816936930556315,0.8816973006205048,0.8817015330552584,0.8817074944469412,0.8817059840487551,0.8817096776545869,0.8817174481858342,0.8817201575315714,0.8817204409796575,0.8817249825983587,0.8817291056225258,0.8816723063482255,0.8818286986380262,0.881814633364145,0.8818941778151103,0.8810223337610713,0.8810108401086207,0.8810191221100033,0.8810117129736081,0.8810108200407571,0.8810139339974437,0.8810120844259843,0.8810141285711182,0.8810150325398013,0.8810139872642698,0.8813525719505615,0.8813684865804248,0.8813666661603654,0.8813802710020174,0.8813806167642375,0.8813753907708358,0.8813733322611401,0.8813764212914612,0.8813749600696285,0.8813058346016266,0.881361594774536,0.8813406244970488,0.8813432571890065,0.8813473500884658,0.881351569692252,0.8813496424417627,0.8813401467750606,0.8813522550818145,0.8813297763060842,0.881324922603407,0.881328236721545,0.8813314448146238,0.8812733434067187,0.8812719625862598,0.8812684186454743,0.8812699902634518,0.8812442353966871,0.8812453166937737,0.8812511338371204,0.8812529346330099,0.881254534291723,0.8812790942206785,0.8812482294925008,0.881250235319876,0.8812391538077149,0.8812384718146781,0.8812401262908969,0.8812374929991906,0.8812366331175951,0.8812365268858083,0.8812479579957582,0.8812457889339412
283,0.8646732804907814,0.8762919812299113,0.8770367091892703,0.8776765293987815,0.8762136180431352,0.8755143137390883,0.8735207430403849,0.8740201689522908,0.872103112431801,0.8725639083090192,0.8741408524676106,0.8746895460403653,0.8746203388170259,0.8756428677166106,0.8754847266042343,0.8754847256394993,0.8754847248611232,0.8754847252384315,0.8754847166981998,0.87548471550878,0.8754847145693729,0.8754847186514426,0.8754847138703487,0.8754846642432462,0.8754847427933343,0.8754847460052901,0.8754847475147324,0.8754847484018901,0.8754847493523057,0.8754847503828413,0.8754847486879489,0.8754847495397886,0.8754847505781516,0.8754847512777529,0.8754847516493713,0.875484752498965,0.875484753424892,0.8754848266231322,0.8754848602031691,0.8754848591734022,0.8754848662204195,0.8754848381155719,0.8754848195327997,0.875484822957467,0.8754848250722971,0.8754848255830681,0.8754848292096614,0.8754848312299116,0.8754848315634457,0.8754848334321184,0.8754848357881669,0.8754848639555922,0.8754848686648625,0.875484870153648,0.8754848779695434,0.87548488052148,0.8754848811781545,0.8754848818624823,0.8754848853947212,0.875484887132473,0.8754848880649679,0.8754848958260795,0.8754848884459947,0.8754848912771893,0.8754848943719941,0.875484896440143,0.875484898392107,0.8754848937559879,0.875484897476773,0.8754848940231507,0.875484894915196,0.8754848973282308,0.875484900375225,0.8754848996148525,0.8754849013877306,0.8754849026084798,0.8754849051629111,0.8754849052051399,0.8754849072032989,0.8754849090267852,0.8754849114736434,0.8754849127039932,0.8754849135432964,0.8754849030852127,0.8754849054736262,0.8754849056496191,0.8754849073424131,0.8754849097102343,0.8754849109109206,0.875484912654458,0.8754849150422364,0.8754849161016937,0.8754849176802545
284,0.861015978443499,0.8691488191872847,0.8702564665856009,0.8713176975185645,0.8693935581088243,0.8685715401194914,0.8659089313709468,0.866131613306395,0.8642999851474176,0.8646058105876161,0.8670877446624257,0.867594539013312,0.8675414438661073,0.8682219278999991,0.8681434382397757,0.868061023326845,0.8680044646170537,0.8680383610691198,0.8679391860898037,0.8679274933128514,0.8679146454548496,0.8679691259383263,0.8679136011353663,0.8674809855123359,0.8703203197912313,0.870324158741896,0.8703385153627157,0.8703404004449695,0.8703418153728099,0.87034463733639,0.8702776467215334,0.8702786886259052,0.8702850118368686,0.8702804408404067,0.8702694322826253,0.8702722190351607,0.8702741586198516,0.872864447414924,0.8729960226963048,0.8730701275373092,0.873046621486901,0.8730839511566901,0.872802616703768,0.8728160457586145,0.8728265337557433,0.87279567997705,0.8728155760927351,0.8728282445526628,0.8728159750298422,0.872815369445591,0.8728235851262093,0.8728060804631904,0.8728702386408985,0.8728689580802115,0.8729130533459709,0.8729133609092014,0.872896755482647,0.8728817232445671,0.8728911211736489,0.8728865424285404,0.872902862607906,0.8729908839884504,0.8729610604611467,0.8729649999560999,0.8729704607079105,0.8729765298165101,0.872973445342262,0.8729592964473031,0.8729683542387986,0.8729322222179686,0.8729233821903467,0.8729486110585616,0.872954353357723,0.8729587426180679,0.872956744205891,0.8729514583897074,0.8729581658481995,0.8729579128043014,0.8729599437475991,0.8729682227889854,0.8729709443070548,0.8729739187028244,0.8730103743970804,0.8729646774554587,0.8729677408747037,0.8729637931650259,0.8729627017528234,0.8729653634060608,0.8729612046295412,0.8729595775652277,0.8729616383657424,0.8729727886323236,0.8729706451954231
285,0.8580130275144336,0.8637125424905951,0.8650293821436063,0.8664222198344353,0.864462794801388,0.8634369394985588,0.8601288958772647,0.8602131877095867,0.8586570093135861,0.8586843440511464,0.8621982228029269,0.8625807849872816,0.8625464363279478,0.862926446026807,0.862900175732519,0.8628028969933468,0.8627177022377579,0.8627589773063836,0.8626502124298324,0.8626423000725341,0.8626479893531155,0.8627179941356894,0.8626461249377956,0.8622834540358575,0.8655374273876412,0.8655705025760241,0.8656337039566122,0.8656394142993923,0.8656443488690523,0.865658052786752,0.8655810473948621,0.8655870487393669,0.865622322461501,0.8656131799531027,0.8655931055736903,0.865603459185472,0.8656124294708342,0.8692215748905145,0.8692106486020369,0.8692183975767319,0.8692133223230077,0.8692282430615378,0.8692360796456559,0.8692416975503015,0.869239737584915,0.8692369835202656,0.869229587347435,0.8692494755141598,0.8692499461326292,0.8692500667583123,0.8692497313284641,0.8692427193136637,0.8692435400456777,0.8692434308664676,0.8692249357017948,0.869225025507087,0.869225047381109,0.8692575181568927,0.8692570406696773,0.8692574248114121,0.8692605589630579,0.8692549047603759,0.8692557898689062,0.8692554421085019,0.8692527324427093,0.8692522602286467,0.8692516820007608,0.8692521669554181,0.8692563979784664,0.869259094758464,0.8692600315841685,0.8692986639301008,0.8692981500134935,0.869299006910794,0.8692991673548283,0.8692995925753009,0.8692982549146686,0.8692979391149708,0.869297747507283,0.8692974475029204,0.8692972594026112,0.8692991472368383,0.8692973292818876,0.8692999626625555,0.8692998826913406,0.8692988324087966,0.8692989542213425,0.8692987424452999,0.8692987083035736,0.8692989825015911,0.8692995136430182,0.8692971190089469,0.8692979007320435
286,0.8552423867948469,0.8590414876069774,0.8603392685641565,0.8619009696945532,0.8601157928541717,0.8587739190931873,0.8551307852444029,0.8551503779426883,0.8539408974323809,0.8536273607912334,0.8583168410771885,0.8585226999972948,0.8585061151456519,0.8586602298680811,0.8586569730509427,0.8585951209643503,0.8585214562265956,0.8585501767556304,0.8584972005274325,0.8584995978267846,0.8585337700220393,0.8585841107872817,0.8585322645163698,0.858352833960928,0.86025905205059,0.8603022033175585,0.8603685710193736,0.860374785602436,0.8603799519436938,0.8603944681922402,0.8603578280409622,0.8603672880395686,0.8604041254449799,0.8603951870522478,0.8603792831663304,0.8603899536346613,0.8603993482598068,0.8623700402188589,0.8623374897748752,0.8623652030692174,0.8623561652199538,0.862364942807175,0.8623284798304253,0.8623333507239572,0.8623307441796791,0.8624347811670222,0.8624185812708919,0.8624590606720227,0.8624584692420629,0.8624586089847699,0.8624590254083538,0.8624548779421783,0.862461236076112,0.8624609212708776,0.8624586289481988,0.862458785285636,0.8624575424167825,0.8625165571288128,0.8625179821620192,0.8625179283997214,0.862519278112819,0.8625253209479175,0.8625219593318236,0.8625217989912946,0.8625156602880347,0.8625159902599774,0.8625142350886406,0.8625123956945024,0.8625180851751587,0.8625148049059039,0.8625143056220188,0.8625378127197462,0.862538098516455,0.8625393149281358,0.8625392144628833,0.8625389548320724,0.8625390438223147,0.8625391113379404,0.8625391181594491,0.8625398851849447,0.8625400529544175,0.8625431159299538,0.8625459471595166,0.8625428191019424,0.8625433976864563,0.86254246040341,0.8625424693637971,0.86254261071428,0.8625410927635955,0.8625411407433703,0.8625410559520614,0.8625425531086449,0.8625431321252401
287,0.8519350647096465,0.8539447519012714,0.8548057619774977,0.8563876627365106,0.854906706637607,0.8529421987063976,0.8495749634321158,0.8495701011548132,0.8487083698691269,0.8480080081071605,0.8541141629382959,0.854114167204576,0.8541141645058179,0.8541141650942965,0.8541141642417899,0.8541141594686346,0.8541141797151672,0.8541141790972434,0.8541141795550365,0.8541141823602239,0.8541141919502225,0.8541141939983476,0.854114190448283,0.8541141864623364,0.8541142545013652,0.8541142588665445,0.8541142636720391,0.8541142658343589,0.8541142674062332,0.8541142694994667,0.8541143039655034,0.8541143143730279,0.8541143186033658,0.8541143201288578,0.8541143217428178,0.8541143242840061,0.8541143271662753,0.8541144016467064,0.85411440275457,0.8541144017435461,0.8541144049678028,0.8541144090874322,0.8541143963680007,0.8541144007340954,0.8541144042516745,0.8541144332447094,0.8541144363417397,0.8541144309860519,0.8541144325014478,0.8541144360775605,0.8541144398334568,0.8541144431987382,0.8541144429417823,0.854114445459324,0.8541144488176245,0.8541144524988074,0.8541144558084476,0.854114470429622,0.8541144747469102,0.8541144781648808,0.8541144818521575,0.8541144786322514,0.8541144724541091,0.8541144757276637,0.8541144780392825,0.8541144801096731,0.8541144858431688,0.8541144821091661,0.8541144859696241,0.8541144893247528,0.85411449288826,0.8541144988844006,0.8541145021620478,0.8541145056811004,0.8541145091126997,0.8541145128661831,0.8541145154692118,0.8541145187961748,0.8541145214419782,0.8541145218498009,0.8541145249412653,0.8541145276553552,0.8541145180144637,0.8541145150812981,0.8541145181278307,0.8541145208945127,0.8541145240628277,0.8541145270964138,0.8541145302519287,0.8541145336378979,0.8541145368567121,0.8541145350079318,0.8541145388471586
288,0.8489667203911642,0.8485013088486429,0.8471169200864281,0.8485233630813346,0.8476014844647859,0.8444452223163958,0.8424743379807831,0.8424718163276038,0.8418768393588957,0.8406806696892188,0.8445831108145126,0.8446001481876603,0.8446121370854317,0.8446073556684163,0.8446710490929856,0.8446930611598926,0.8465266812757416,0.8465506373752009,0.8467542939064506,0.8469020739927112,0.847235754795637,0.8472338436676894,0.8472401169379643,0.847281075642599,0.8472832962441914,0.8473146621692077,0.84730936187361,0.8473279757152926,0.8473309804826407,0.8473341090415033,0.8482588831666757,0.8485204158837207,0.8485347285414462,0.8485315552078777,0.848527096141878,0.8485343281179,0.8485382345830382,0.8484301803031687,0.8484363298174776,0.8484635922275063,0.848457012126005,0.8484588857910897,0.8482703285332331,0.8482824287391053,0.8482945968598676,0.8483879655634724,0.8484522586857126,0.8478759871826205,0.8478529568170404,0.8478520457076033,0.8478623726134458,0.847856403739027,0.8479646528433001,0.8479628915535654,0.8479550431214191,0.8479556397183798,0.8479307216467763,0.8479458113491077,0.8479622639034889,0.8479550963813045,0.8479630527764135,0.8481104934554803,0.8480605482536948,0.8480635552650805,0.8480673744326691,0.8480813388565133,0.848135064237474,0.8481318287435283,0.848131836832783,0.8481231281237321,0.8481209455097592,0.8481215911481759,0.8481232661335094,0.8481244971110534,0.848123970325,0.848129477884814,0.8481319718626895,0.8481322534333293,0.8481328244173424,0.8481349513049247,0.8481356084788004,0.8481690504072071,0.8481751671675867,0.8481679975198385,0.848168818529872,0.8481681549368073,0.848168937604714,0.8481693854863598,0.848168761604741,0.848168577388133,0.8481685281790134,0.8481715381241449,0.8481648378531388
289,0.8496066287139529,0.8483489434943757,0.8440092069506361,0.8454278715128616,0.8447234791537158,0.8409057769676908,0.8399194141382449,0.8399359516425202,0.8390406513529332,0.837855905565235,0.8405261745774668,0.8404411218461809,0.8404545872718778,0.8405343044127552,0.8406641748157417,0.8406575934134867,0.8440225059194414,0.8440461611698235,0.8442801753611978,0.8444404975943725,0.844798904272841,0.8447703100388333,0.8448051588204885,0.844838653504902,0.8447985821757918,0.8448214265676145,0.8447957207038986,0.8447850990008954,0.8447867140552959,0.8447863318217079,0.8454816130544591,0.8457504246156212,0.8457588037637017,0.8457511350347624,0.8457463377454795,0.8457554857365833,0.845757983862195,0.8456764439992167,0.8456814969830635,0.8457010957562229,0.8456974968607166,0.845698552260956,0.8455813156020386,0.8455892946250383,0.8455968365591544,0.8455669391799193,0.8456275203897633,0.8449234746469213,0.8449039312380567,0.8449030596815437,0.8449065391724462,0.8449017290233564,0.8449967298278998,0.8449951302737105,0.8449896069257216,0.8449901392284231,0.8449675680232686,0.8449644927483848,0.8449782645780052,0.8449681678531661,0.8449748093724683,0.8451039122173349,0.8450643166046335,0.845078684591235,0.8450840152276008,0.8451067697006984,0.8451370664069877,0.8451264389831536,0.8451258395575347,0.8450973767456544,0.845090310417986,0.8450854817326174,0.8450904090120542,0.8450938710153375,0.8450923079280316,0.8451049460298006,0.8451126293374785,0.8451135999996887,0.8451152716386849,0.8451214810960266,0.8451235273029756,0.8452081977917312,0.8452339747439254,0.8452025881421488,0.8452047985908749,0.845203355716459,0.8452037390165097,0.8452056118273272,0.8452030664618623,0.8452019978863126,0.8452017147762053,0.8452140270069909,0.84514415987523
290,0.8500401309578264,0.8488907525375471,0.837881959856737,0.8394841610896164,0.8388500608574011,0.8346677588873719,0.8348933604843887,0.8349469833200007,0.8334310622338199,0.8324506799712452,0.83397191298549,0.8334171191632161,0.833431792433104,0.8336366675254696,0.833853097654466,0.8337851240127568,0.8396269661207971,0.8396269614386807,0.8396269525941521,0.8396269396520435,0.8396269432403717,0.8396269368696103,0.839626938436701,0.8396269363040627,0.8396269316929522,0.8396269285303884,0.83962691142782,0.8396268801769425,0.8396268751440535,0.8396268697384978,0.8396268901370049,0.8396268928204553,0.8396268882356367,0.8396268829008654,0.839626878573255,0.8396268784164913,0.8396268742451765,0.8396268676185193,0.8396268635320742,0.8396268643435173,0.8396268605789982,0.8396268566000726,0.8396268682927102,0.8396268648947693,0.8396268612609016,0.8396268543253215,0.8396268551005659,0.839626785217798,0.8396267832705971,0.8396267786478546,0.839626776384746,0.8396267718264827,0.8396267721192482,0.8396267687996075,0.8396267641287857,0.83962675940653,0.8396267552570711,0.8396267506031497,0.8396267456217988,0.8396267394811496,0.839626735181043,0.83962674003681,0.839626748595811,0.8396267460658101,0.8396267413828808,0.8396267417436236,0.8396267386308616,0.8396267443665458,0.8396267403713163,0.8396267399288418,0.8396267367209437,0.8396267330756451,0.8396267286732144,0.8396267242896803,0.8396267204271963,0.8396266874028773,0.8396266836675377,0.8396266793111428,0.8396266758145541,0.8396266750656867,0.8396266709557559,0.83962667207416,0.8396266827572939,0.8396266890196764,0.8396266851524689,0.8396266813546606,0.8396266780320097,0.8396266740141671,0.8396266700492843,0.8396266659747048,0.8396266619326643,0.8396266632399643,0.8396266333278435
291,0.8529019182690546,0.8519128225317465,0.8391109087611279,0.8407135014861942,0.8400965858745295,0.8358163156983799,0.8371810903469963,0.8372518192902128,0.8353446987948138,0.8347976863619572,0.8359091054349623,0.8347481677221055,0.834756944262258,0.8350869884156011,0.8353778246614365,0.8352452497603016,0.8398105173714736,0.8397536614530657,0.8390885600474368,0.8384463158812049,0.8384964368626846,0.8385209272234643,0.8384977379760882,0.8384989324474409,0.838491308687402,0.8384978954220765,0.8384688380096809,0.8377116841350589,0.8377131209930532,0.8377147494231433,0.8376819518457848,0.8376993830416103,0.8377009394778762,0.8376843769867399,0.8376827220663265,0.8377256282948662,0.8377268886988692,0.8377234392561166,0.8377268221382079,0.8377421657508921,0.8377408199015958,0.837741841898032,0.837687951460819,0.8376924675303684,0.8376965250285124,0.8376834086573652,0.8376906802642355,0.837730589890949,0.8377312761174749,0.8377315689845568,0.8378070839163912,0.8378084648388222,0.8378073722098808,0.8378074910708193,0.8378081184602746,0.8378086076302388,0.8378094311902692,0.8378105782558356,0.8378107180647407,0.837789293703033,0.8377899035141001,0.8377841544817964,0.8378075265398458,0.8378227996197224,0.8378220562417706,0.8378340600917414,0.837833305614422,0.8378361340604481,0.8378363713048667,0.8378457290064916,0.8378488153007259,0.8378484875094866,0.8378476623959039,0.8378474652431159,0.8378479937011711,0.8375897883503437,0.8375943676677997,0.837594917386241,0.8375958545444683,0.8375992775899401,0.8376003433227698,0.8376232228107109,0.8376364554698756,0.8376221407205331,0.8376234897090075,0.8376225131530994,0.8376263861483202,0.837627145579391,0.8376261020839759,0.837625924108995,0.8376258965603965,0.8376306022336186,0.8374531202456886
292,0.8558762603659638,0.8551255021631711,0.8373629279639876,0.838590383813102,0.8381580454136569,0.8342344543927388,0.8383727281177455,0.8384566541687838,0.8366098193464057,0.8364234290045037,0.8370207321661127,0.8341258722314899,0.8341302462786891,0.8345833813292155,0.8349492796928856,0.8347475585473775,0.8377014662350553,0.8375944161923647,0.8362707798752703,0.8346007491953104,0.8346018517876448,0.8346134805735014,0.8346115055946138,0.8346195931284341,0.8346214999878874,0.8346245555208769,0.834607548130151,0.8329912101084969,0.8329931585211325,0.8329946024175533,0.8329747803466546,0.8329746494696741,0.8329741901412069,0.8329616462132391,0.8329626815532095,0.8330113761874895,0.8330120090890833,0.833011090035083,0.8330128913181883,0.8330305259273897,0.8330273125513076,0.8330294725623737,0.8330867261149061,0.8330858271027308,0.8330798194604047,0.833075370667805,0.8330784938970017,0.8330937749385984,0.833104316546881,0.8331054852079414,0.8333603095161476,0.8333644488765637,0.8333322508903274,0.8333329168338509,0.833335104878317,0.8333358081964184,0.8333434064394183,0.833347722219344,0.8333441118190733,0.8333185414766885,0.8333176646211585,0.8332830623842257,0.8332667463015505,0.8332704919749206,0.8332670718305212,0.8330069562739174,0.8330104871444801,0.8330315262453771,0.8330328048615232,0.8330919889412689,0.8331080135951119,0.8331138793367396,0.8331049677511811,0.833099636757755,0.8331028756339646,0.8327704909199041,0.8327605305949046,0.8327591120323194,0.8327568868097613,0.8327485133322795,0.8327455128614999,0.8327837678190736,0.8327474855457379,0.8327976982784259,0.8327945739231086,0.8327950670954962,0.8328325748548099,0.8328296153353526,0.8328337570734213,0.8328364064922583,0.8328371825694776,0.8328171216779775,0.8327368220827596
293,0.8565420890074911,0.8560691700544961,0.8301731911090059,0.8304748228446595,0.830428090466996,0.8279517812630405,0.8349241755664918,0.8349852694432558,0.8341762692219086,0.8340388761679456,0.8343104042493845,0.8289810637984569,0.828989443662966,0.8293224924709596,0.8296072555045224,0.8294496594275764,0.8310703633821898,0.8309927882475011,0.8300464934186866,0.8284310249162535,0.8284069701409356,0.8283664722334959,0.828425181572214,0.828441956780411,0.8284479019631005,0.8284418741767507,0.8284476841784477,0.8272476258496843,0.8272496081564733,0.8272502908968105,0.8272452207207831,0.8272382375451274,0.8272352683524294,0.8272283393045285,0.8272315996390976,0.8272497173918485,0.8272487569824167,0.8272480461279764,0.8272452471388542,0.8272620406498158,0.8272597670972379,0.8272623223849236,0.8274918237989989,0.8274830207717072,0.827464145485457,0.8274684425915398,0.8274627810091164,0.8274631011012431,0.8274844526846945,0.8274860251851696,0.8281502805546833,0.8281553640278458,0.8281136345475725,0.8281144566079939,0.828117117744996,0.8281179312250643,0.8281272442410422,0.8281327372259438,0.8281281261975202,0.8281165603087552,0.8281151987997498,0.8280787917423024,0.8279411021461922,0.8279357698996037,0.8279297708775682,0.827126879438643,0.8271341969752982,0.8271698229439182,0.8271719046758111,0.8272709705363938,0.8272970523964341,0.8273084745676651,0.8272930051944176,0.827283307107769,0.827288692722687,0.8270638513693809,0.8270395046868597,0.8270361430332631,0.8270307769534326,0.8270106434812358,0.827003611572351,0.8270374138143417,0.8269518840488754,0.8270667162596959,0.8270590550446214,0.8270611080216788,0.8270842234292535,0.8270774965005809,0.8270868864222858,0.8270923556964811,0.827093927038533,0.8270487605902828,0.8270435458442497
294,0.8603177058930906,0.8595501187894722,0.8319082792652822,0.831111302297193,0.8315212742832963,0.8301341062779465,0.8434034116917054,0.8434185322313854,0.8439456500703458,0.8437130635918256,0.843793742337493,0.8342311474161501,0.834234612872161,0.8345811579468793,0.8348599316503184,0.8346917921395041,0.835616735374025,0.8355288120355595,0.8343533923146744,0.8321959763217401,0.8321755251413735,0.832232124769321,0.8321828689550881,0.8321872427408693,0.8321980994644248,0.8322022786137024,0.832281346130436,0.8313409835855046,0.831345872381268,0.8313563136081029,0.8313362019875523,0.8313347475822979,0.8313606540271195,0.8313503476675539,0.8313457629534237,0.8311220736411313,0.8311250072606335,0.8311283931249431,0.8311390359561017,0.831217311369422,0.8312026993932814,0.8312080965146739,0.8313045998467603,0.831296101610197,0.8312793022224877,0.8312848963558164,0.8312780923129907,0.8312826006478664,0.831297914663251,0.8312985793760986,0.8318440665237906,0.8318470777111897,0.8318444015234727,0.8318444594633845,0.831845178372084,0.8318460551934026,0.8318450824888409,0.8318476560321962,0.8318485894493648,0.8318451023904287,0.8318460088205064,0.8318823606609235,0.8313935469730003,0.8313857999542152,0.8313782407561048,0.8289935914905875,0.8289993714398766,0.82902600838834,0.8290275890961403,0.8291050403855857,0.8291257129794518,0.8291358264611176,0.8291232114781493,0.8291150551479846,0.829119384448506,0.8290975037667689,0.8290764438743148,0.8290735654730863,0.829068972155528,0.829051825208477,0.8290458871653085,0.8290571479799429,0.8289863779316602,0.8290826086913153,0.829076020425068,0.8290779514644782,0.8290723044889684,0.82906678092315,0.8290744955164623,0.8290789469311243,0.8290802253001603,0.8290432736183131,0.8290525630182525
295,0.8624107830003205,0.8614625533732033,0.8284364148021668,0.825737683962927,0.8269297118461696,0.8287932724032254,0.8498892529330926,0.8497894708952317,0.8518642225107805,0.8514587183200274,0.8513223067229878,0.8339249851702868,0.8339249932354812,0.8339250027754543,0.8339250139664941,0.833925022689533,0.833925037006737,0.8339250458734223,0.8339250364696656,0.8339249820411355,0.8339249879640332,0.833925000960365,0.8339249959712289,0.8339250005090579,0.8339250054374203,0.8339250119347832,0.833925022596548,0.8339250137408075,0.8339250201031494,0.8339250273802075,0.833925029077301,0.8339250353070725,0.8339250449351457,0.8339250496021006,0.8339250544913341,0.8339249193168008,0.8339249223889388,0.8339249249191691,0.8339249285948543,0.8339249424701816,0.8339249447130952,0.8339249477468944,0.8339249321266623,0.8339249347652822,0.8339249375548884,0.8339249399511559,0.8339249421446925,0.8339249473694624,0.8339249485078392,0.8339249508848329,0.8339249817127813,0.8339249843445201,0.8339249890270045,0.8339249911807979,0.8339249940165782,0.8339249971718997,0.8339249987526555,0.8339250012378725,0.833925005258343,0.8339250068528676,0.8339250099852427,0.8339250141770632,0.8339250077573322,0.8339250109810795,0.8339250143034974,0.8339248626457678,0.8339248625969657,0.8339248575570055,0.8339248581212513,0.8339248463177781,0.8339248434073965,0.8339248423736673,0.8339248451552358,0.8339248471111018,0.8339248469885812,0.833924849398728,0.8339248534347545,0.8339248546122335,0.833924855969162,0.8339248591358718,0.8339248608791303,0.8339248604392757,0.833924872761234,0.8339248543613166,0.8339248561997739,0.8339248564827415,0.8339248591754097,0.8339248609289199,0.8339248601241278,0.8339248598305031,0.8339248602219979,0.833924867420085,0.8339248669604287
296,0.8676518994902721,0.892076491419307,0.8920765537230663,0.8920766245491131,0.8920765736621586,0.8920767077021488,0.8920767026964309,0.8920767317205547,0.8920767119426161,0.89207671083514,0.8920767062834515,0.8920767107516759,0.8920767060829533,0.8920767077691893,0.8920767058970509,0.8920766984565529,0.8920766927740245,0.8920766868918991,0.8920766639540769,0.8920766603335345,0.8920766550449887,0.8920766594296314,0.8920766471338378,0.892076640311875,0.8920766326774603,0.8920766307624497,0.8920766282963231,0.8920766233590349,0.8920766183586499,0.8920766137553865,0.8920766067934429,0.8920766016976968,0.8920765989093931,0.8920765937223267,0.892076587785694,0.8920765843493736,0.8920765797841953,0.8920765714599663,0.8920765710077184,0.892076579899293,0.892076638370659,0.892076582849289,0.8920765873853878,0.8920765836955192,0.8920765805084069,0.8920765761463197,0.8920765726341786,0.8920765697303934,0.8920765670848205,0.892076563015955,0.8920765593584629,0.8920765682558116,0.8920765708958751,0.8920765686798774,0.8920765645640377,0.8920765606875463,0.8920765567465228,0.892076552514768,0.8920765488984373,0.8920765453387586,0.8920765478781538,0.8920765553886847,0.8920765601742758,0.8920765568909957,0.8920765533168846,0.8920765515248431,0.8920765481661092,0.8920765518569215,0.8920765488550035,0.8920765461631324,0.892076542678384,0.892076540128482,0.8920765370312,0.8920765344212986,0.8920765312945961,0.8920765280525417,0.8920765251692168,0.892076571968246,0.8920765701966245,0.892076569491044,0.8920765671106247,0.8920765662784969,0.8920765732897762,0.8920765761081331,0.8920765738728896,0.8920765723868257,0.8920765700542165,0.8920765677538588,0.892076565267185,0.8920765625370187,0.8920765600199886,0.8920765609271561,0.8920765584888061
297,0.8638981159596645,0.8842992571169972,0.8845362950936834,0.884661636523694,0.8838390698226132,0.8836711960206689,0.8833567244817152,0.8834747411491357,0.8830577106061285,0.88318756737112,0.883429904952578,0.8835635242674096,0.8835432675029581,0.8837706033781909,0.8837602523190624,0.8837809565594553,0.8837843377468221,0.8837810177940263,0.883672573776347,0.8836597476335641,0.8836648410680168,0.8837124082157601,0.8836617215783804,0.8835524450734591,0.8836612065998506,0.8836835046820054,0.8836931934201546,0.8836959454614898,0.8836993209969539,0.8837028821634424,0.8837060350883588,0.8837089902175612,0.8837098643310641,0.8837129427925537,0.883716319090952,0.8837189464853893,0.8837209134821199,0.8836337384907362,0.8838616333308263,0.883791673681922,0.8846219600181767,0.8840967933908452,0.8841233871194308,0.8841413429506851,0.8841387083654327,0.8841413923358622,0.8841499169824345,0.88414764673643,0.884150001470214,0.8841523274402552,0.8841522398974611,0.8846945281527152,0.8846940274003464,0.8846918583455715,0.8846931843422211,0.8846943626082494,0.88469583685846,0.8846995336400844,0.8846994319160446,0.8846999096581624,0.8847187463142593,0.8847022141434578,0.8847044837765794,0.8847039007027481,0.8847049504970628,0.8847032745189196,0.8847038583270164,0.8847065633525782,0.8847059853580691,0.8847114015767708,0.8847144712087662,0.884715673403225,0.8847149690962405,0.8847192480320992,0.8847193825510811,0.8847198788489755,0.8847196324660005,0.8847574534974855,0.8847550453961494,0.8847555177482026,0.8847546183964846,0.8847556142318783,0.8847407003056595,0.8847580163269105,0.8847568851928362,0.884693733719204,0.8846939917987873,0.8846933296974865,0.8846943348649831,0.8846966967805682,0.884697283532936,0.8846962610409059,0.8846971084280485
298,0.8607202248337991,0.8764454346420432,0.8770288558721742,0.8774252803974536,0.8757503459816391,0.8753060505502419,0.8742418598417663,0.8744893513186835,0.8734565036738173,0.8737539692112598,0.8745078438716825,0.8748343014258577,0.8747973961517159,0.8753354997085344,0.8752959895818083,0.8752913226237825,0.8753007337817448,0.8752966446967466,0.8750646467560906,0.875037245401988,0.8750459800360686,0.8751444559164502,0.875042033463094,0.8748912239561701,0.8754449296690954,0.8754895776338403,0.8755210003937327,0.875526963086996,0.8755348927419474,0.8755450473321278,0.8755416859647186,0.8755487086567897,0.8755609386717357,0.8755667080813051,0.8755710573607217,0.8755790929347645,0.8755855845206961,0.8754115442319005,0.8761469645087735,0.8760306033080937,0.8764888190924361,0.8758942844358208,0.875890974657185,0.8759253964033118,0.8759233364878055,0.8759249829628626,0.8759384172956566,0.8759359649528595,0.8759378272143388,0.8759402248568824,0.8759405159450753,0.8777616128552573,0.8777616143997645,0.877761612973817,0.8777616107367745,0.8777616090859505,0.8777616073636151,0.8777616054617532,0.8777616037801543,0.8777616021611829,0.8777616025619859,0.8777616043025323,0.8777616066248634,0.8777616050018753,0.8777616035341252,0.8777616025090317,0.8777616009567453,0.8777616030035672,0.8777616016987645,0.8777616009786006,0.8777615997664406,0.8777616009321233,0.8777615994389207,0.8777615977147605,0.8777615962475106,0.877761594759941,0.8777615935292303,0.8777615916716835,0.8777615902965195,0.8777615902229056,0.877761588791918,0.8777615885483836,0.877761591178125,0.8777615942663773,0.877761592893399,0.8777615856684109,0.8777615842810299,0.8777615828745803,0.8777615814451556,0.8777615801849387,0.8777615789969501,0.8777615794237027,0.877761578108868
299,0.8554070355606349,0.8669261286964679,0.867922934581112,0.8687769546170724,0.8662627502220399,0.8655495319709026,0.8638938414660653,0.8640412746916627,0.8628181231173702,0.8631358159669724,0.8644851984332037,0.8648981023892836,0.8648608042995458,0.8653874462736357,0.865334723811209,0.8651621503658828,0.8651536722940745,0.8651549673480886,0.864878321762922,0.8648483980110041,0.8648489480821265,0.864946476456374,0.8648489483903558,0.8649309610783077,0.8669126214193553,0.8669458112235311,0.8669969435411071,0.8670027357925113,0.8670114139128576,0.8670255271698463,0.8669922437006734,0.8669997898435878,0.8670269986585586,0.8670309659893977,0.8670302258260121,0.8670420064678739,0.867051630890314,0.8670332988645661,0.8684366617655926,0.8684276495843646,0.8685367346055358,0.8684112276255571,0.86820172815672,0.8682303580093829,0.8682424408544315,0.86823664967987,0.8682626564111323,0.8682700032310675,0.8682591253615093,0.8682595415047883,0.8682675866488829,0.8688326727523679,0.8688847651996843,0.8688837312426868,0.8688722740749167,0.8688727075054656,0.8688619119209228,0.8688506295170599,0.8688569954311807,0.8688539967700029,0.8688651778672243,0.8689120684433083,0.8688970913534744,0.8688990389745543,0.868902387378602,0.8689048387239401,0.8689034092161201,0.8688965207465598,0.8688975556764034,0.8688768913623864,0.8688716577511539,0.8688338173344975,0.8688393482757489,0.8688456247440003,0.8688437427773789,0.8688386152854743,0.8688479337811047,0.868840780359759,0.8688425621842853,0.8688503723357396,0.8688528241944268,0.8688559384890578,0.8688860204891298,0.8688476018179989,0.8688503923679518,0.8688300576793951,0.8688290690152757,0.8688314322187124,0.8688282121930501,0.8688270190150711,0.868834170768008,0.8688300533509155,0.8688309704984248
300,0.8527401471895323,0.8621992851051995,0.8633978811510976,0.86453092638324,0.8619668921575391,0.8610119144115245,0.858925865268005,0.8590255364722608,0.8576534017304188,0.8579495992191423,0.8597438208081001,0.860221087164092,0.8601839515908235,0.8606879716557331,0.8606692548518186,0.8603881676961952,0.8603596151038193,0.8603592924667477,0.8600002609351296,0.8599658889105999,0.859956163980033,0.8600711747358696,0.8599556713601337,0.8600515664555465,0.863645489680151,0.8636713331778431,0.8637247554018571,0.8637295720261955,0.8637371257032423,0.8637510357490122,0.8636982347076817,0.8637045850460855,0.8637351763767085,0.8637371372497428,0.8637329378006372,0.8637446555712582,0.8637543404384713,0.8640024500888984,0.8652739922820046,0.865382809682346,0.8653847861477959,0.8653793125473918,0.8648019392103272,0.8648169845709653,0.8648493377148397,0.8648339068136307,0.8648829500040595,0.8649057406379258,0.8648752856278938,0.864874165410184,0.8648951005310005,0.8650846270792591,0.865228811253884,0.8652264126635018,0.8652127445056816,0.8652134883920565,0.8651808779564015,0.865162356838747,0.8651811988125004,0.8651720615896279,0.8651910323771996,0.8653539172771328,0.8653007329481616,0.8653077786854829,0.8653188287184717,0.8653291774079266,0.8653239264209013,0.8652986388863673,0.8652993340887737,0.8652293781817103,0.8652116877462576,0.8650411549120774,0.8650558627784221,0.8650703799049598,0.865065393446329,0.8650520140437676,0.8650762903405464,0.8650755567635091,0.8650806294508968,0.8651003623807614,0.8651069599354257,0.865113063099226,0.8651978525599259,0.8650906598872986,0.8650980955777055,0.8650835168216713,0.8650808109626936,0.8650872786265346,0.8650783278521559,0.8650742809124932,0.8650892050351391,0.8650892093885454,0.8650892085560852
301,0.8472330961588638,0.8532865748470733,0.8546429633018171,0.8561704958967986,0.853980950657679,0.8524317399019191,0.8496908274573008,0.8497223238486091,0.8483302054253772,0.8483810157797265,0.8511187348675282,0.8516276651791123,0.8516002667440651,0.8520019074105241,0.8520729898412517,0.8517296812765719,0.8517056621765253,0.8516928626543473,0.8511981786791172,0.8511553215887473,0.851123267138362,0.851275007604267,0.8511198322653768,0.8511168901528704,0.8590847512042423,0.8590847471913149,0.8590847443429612,0.8590847387535947,0.8590847329991457,0.8590847275813533,0.8590847306515441,0.8590847245423183,0.8590847205825796,0.8590847149619734,0.8590847085728873,0.8590847047802097,0.8590846996094667,0.8590847610269312,0.8590848017447898,0.8590848070883236,0.859084802061137,0.8590848009736771,0.8590847860032035,0.8590847820864274,0.8590847802819678,0.85908477392869,0.8590847685225219,0.8590847703094038,0.8590847668651956,0.8590847636168816,0.8590847615876754,0.8590847583688949,0.8590847687433605,0.8590847664049287,0.8590847614245063,0.8590847583707254,0.85908475323642,0.8590847695682579,0.8590847680408608,0.8590847647560781,0.8590847635950138,0.8590847787765081,0.8590847788136772,0.8590847767654112,0.8590847749450392,0.8590847741332569,0.8590847713081422,0.8590847725718191,0.8590847704088529,0.8590847641017054,0.8590847605578047,0.8590847027363966,0.859084700258368,0.8590846978020948,0.8590846944754514,0.8590846907088848,0.8590846891556364,0.8590846861004073,0.8590846838551534,0.8590846842976754,0.859084681714875,0.8590846814468771,0.8590846928263578,0.8590846921751861,0.8590846897723302,0.8590846862594039,0.8590846833507075,0.8590846808134305,0.8590846775024443,0.859084674350957,0.8590846719114579,0.8590846737796816,0.8590846708382117
302,0.8446016648321588,0.8489004713216926,0.8500919226615811,0.851709962393895,0.8498435882274971,0.8479330804252642,0.8451006195421585,0.8451154549557882,0.8439656163867025,0.8437064512739921,0.8470099311475598,0.84743708853293,0.8474204839794234,0.8477271458235219,0.8478183072656351,0.8475499201623614,0.8476075806145843,0.8475904028292874,0.8471419721293975,0.8471046873242318,0.8470614056364393,0.8471955700007248,0.8470592855443387,0.8470463503352965,0.8523930128631881,0.8523991588379747,0.85241286743868,0.8524195331746736,0.8524213223789464,0.8524229274774079,0.8527678823060507,0.8527606948844146,0.8527564946203622,0.8527574999583744,0.8527580595584101,0.8527591488587188,0.8527587388028957,0.8530829379305791,0.8530559759731925,0.852963248044561,0.8529751053597275,0.8529756629603882,0.8533482823381766,0.8533466213668447,0.8533282864675862,0.8533043130203352,0.8531781760915388,0.8532172182599242,0.8532315131291948,0.8532329205769915,0.8532234600153904,0.8532172288836932,0.853150023586686,0.8531510941690508,0.8531417758909375,0.8531421172974629,0.8531579666842033,0.853463048914011,0.8534557208562419,0.8534594550174168,0.8534570048503453,0.8533812563216883,0.8534051938544713,0.8534016840075903,0.8533960646234212,0.8533898764580725,0.8533938723625317,0.8534065163503917,0.853408062252233,0.8534413909503632,0.8534499149946033,0.8533161939711883,0.8533080071854189,0.8533027046403444,0.8533055247535067,0.8533128836648189,0.8532991913795982,0.8532973070380351,0.8532943331222057,0.8532834315704232,0.8532795595192048,0.853282309488499,0.8532295254864333,0.8532958816025615,0.8532915855218725,0.8532921094383836,0.8532937501708041,0.8532898916455554,0.8532952295283175,0.8532980428844444,0.8532984814918481,0.8532738796060385,0.853279174648265
303,0.8409370093864184,0.8414200722598271,0.84084241912265,0.8422592422315827,0.8411977389824659,0.8385462035829777,0.8365472039918057,0.8365455275775726,0.8363952809549883,0.8350786631768451,0.8388785561554162,0.8388973025591867,0.8389133619999997,0.8388887153352251,0.8388980015717448,0.8389075572608703,0.8397613555030184,0.8397723264909676,0.8397832194317564,0.839807760565184,0.8397942658410738,0.8398128571182992,0.8398026989856544,0.8398423309784225,0.8412999779277475,0.8413001313949922,0.8412856023098942,0.8413126157671024,0.8413149105116717,0.8413137221714897,0.8428991804094434,0.8429199145080655,0.8429058510360248,0.8429085570745563,0.8429123961900691,0.8429120955375118,0.842909429882101,0.842849020169928,0.8428167503010032,0.8427272489817851,0.842739737344101,0.8427378919030161,0.8431175564732482,0.8431216298563368,0.8431018087015861,0.8430564753805722,0.8428853005011339,0.8428232195143862,0.8428394386621062,0.8428410689989566,0.8428292005822624,0.8428304165325878,0.8427585584290623,0.8427596626848386,0.8427531722551577,0.8427536122993305,0.8427696321631751,0.8431315642081983,0.8431287593161884,0.8431303871567555,0.8431297145401776,0.8431106096671753,0.8431127503426001,0.8431109253216741,0.8431090981363056,0.8431079121521072,0.8431376453831392,0.8431497065379508,0.8431504869715294,0.8431837984542174,0.8431925906102099,0.8432316369534787,0.8432260224151906,0.8432224189894151,0.8432243349284062,0.8432298787213043,0.8432206984039574,0.8432193784957576,0.8432174034220846,0.8432102179939679,0.8432076638860133,0.8432358396564472,0.8431989617618392,0.8432459451355464,0.8432427918370323,0.843242787561099,0.8432440294475586,0.8432412030822005,0.8432452280349341,0.843247395597988,0.8432478796848903,0.8432296202905376,0.8432348658575235
304,0.8433761774998945,0.8422875204203949,0.8389398462753553,0.840214316021457,0.8395116722581205,0.8362532935499871,0.8349312051767099,0.8349316389650009,0.8348236354818855,0.8330802836578861,0.8363837160083659,0.8363010972893957,0.836325211183125,0.8362549811449378,0.83628091282701,0.8363482749507717,0.8384872387804303,0.8385100834005108,0.8387007082443124,0.8388177487236153,0.8389436851782901,0.8389290883575224,0.8389540159909831,0.8390021636694138,0.8392892788415887,0.8393032131870466,0.8392418600837842,0.839291683649769,0.8392962197595231,0.8393009145979637,0.8410986000410227,0.8412298480685202,0.8412515281071584,0.8412506100242182,0.8412448366303642,0.8412560001686955,0.8412620520756667,0.8411414773806795,0.8411545455161414,0.8412069845935323,0.8411941305607963,0.8411975914632506,0.8409057153673777,0.8409232064274633,0.8409399635792952,0.8409312699152853,0.8410295786379531,0.8400514237933205,0.8400140929449947,0.840012460393315,0.8400325591728443,0.8400223778649825,0.8402013891257466,0.8401985135560371,0.8401872110221678,0.8401881613533047,0.8401461660343348,0.840190009009537,0.8402169977335496,0.8402043827783336,0.8402173966815711,0.8404694092886869,0.8403833665956267,0.8403919720503963,0.8404059248848315,0.8404260945900571,0.8405315515378474,0.8405315486324423,0.8405315483235298,0.840531539937836,0.8405315376032594,0.84053153748269,0.8405315386022657,0.840531539367907,0.84053153863555,0.8405315379813656,0.8405315402066477,0.8405315402976051,0.840531540652088,0.8405315426231911,0.8405315431251674,0.84053156080295,0.8405315689368484,0.8405315588066663,0.8405315594988713,0.8405315590847919,0.840531558958265,0.8405315595742395,0.8405315586998644,0.8405315582899725,0.8405315581598857,0.8405315624285469,0.840531561244871
305,0.8428459374919423,0.8414692288428192,0.8343105369541916,0.8355982222554095,0.8350450410319008,0.8315854188655658,0.8307623682478837,0.8307697921614939,0.8306828814343085,0.8286284801561958,0.8310527491679127,0.8309226068089941,0.8309502124628856,0.830901355187514,0.830953541307652,0.8310184755716797,0.8340316721547111,0.8340496319515663,0.8342511876902133,0.8343914097953946,0.8344886713439302,0.8344509932367087,0.8345020165180747,0.8345442361244423,0.8346946770899992,0.8347025481291667,0.8345230496940114,0.8345900909185124,0.8345951015048804,0.8346005792567098,0.836286437288365,0.8363965462127212,0.8364267382686025,0.8364257890905012,0.8364184895441439,0.8364361514160825,0.8364447418449066,0.8363688521757616,0.8363960085624708,0.8364887762665262,0.8364666747317163,0.8364724084152907,0.8360671975341305,0.8360860574466563,0.8361053461753558,0.8360815870877817,0.8362290955408881,0.8342629531821184,0.8342143307642524,0.8342121015140307,0.834238028691567,0.834225237162795,0.8344637657793843,0.8344598587768929,0.8344480802498586,0.8344492429187579,0.8343923355482896,0.8343880134055446,0.8344217180888491,0.8344055870101852,0.8344217041510346,0.8347454704826809,0.834632905610265,0.834645684799794,0.8346657984334378,0.8346914560480669,0.8347394892956774,0.8347076365505063,0.834705992184537,0.8346237667843078,0.8346039038459535,0.8345912796951171,0.834603917414341,0.834613200047543,0.8346088815488781,0.8345953759258635,0.8346168332920187,0.834619676015949,0.8346242864074538,0.8346416145566761,0.8346475664252335,0.8348059985954741,0.8348843176598425,0.834787246840856,0.8347936722785141,0.8347904403989951,0.8347892388939703,0.8347949213309639,0.8347870435544185,0.8347834684530305,0.8347824935067062,0.8348201453474519,0.8348094755657346
306,0.8439756332039292,0.8432766177774952,0.8289956043976994,0.8304925388470771,0.8299096462960311,0.8264218673563621,0.8259709190981457,0.8259921750938183,0.8256342461431152,0.8235942272321253,0.8250597021173625,0.8248097692737061,0.8248365850378259,0.8248298656605182,0.8249164779928417,0.82494940138937,0.8285898450324728,0.828616183243861,0.8289914474041868,0.8291156147162821,0.8291155111957782,0.8289772395899022,0.8291378726351827,0.8291746041848206,0.8292060280686941,0.8291936642641806,0.8286702174157773,0.828708425672973,0.8287109772164551,0.8287100810988614,0.8295702218167995,0.829603913415883,0.829602645439084,0.8296054227937185,0.8296082694289386,0.8296287964514416,0.8296300898497209,0.8295982070023754,0.8296029724474543,0.8295847055842288,0.8295846755372418,0.8295858748294683,0.8295761797091779,0.8295845808060176,0.8295866941766432,0.8295688386389949,0.8296874147605007,0.8271721095709375,0.8271677446877144,0.8271681732833807,0.8271681974628656,0.8271683344041386,0.8271946549448795,0.8271942716258462,0.8271930859522424,0.8271936895830692,0.8271870236634002,0.8271853289559497,0.8271896135702799,0.8271876555268334,0.8271901678717415,0.8272312497720821,0.8272053403601987,0.8272047903839056,0.8272076993291738,0.8272055353845351,0.8272176926700809,0.8272148612724802,0.8272148037218855,0.8272104992180513,0.8272105908166795,0.8272079954311926,0.8272083473564001,0.8272093899558489,0.8272092833739759,0.8271026287158705,0.8271046106968735,0.8271048095396425,0.827105191548315,0.8271067634318086,0.8271072564886778,0.8269757495852933,0.8269880285865616,0.8269753181736489,0.8269760402932126,0.8269745390499337,0.82697671328101,0.8269773824569383,0.8269764836887249,0.8269766341865902,0.8269767110090012,0.8269810580375357,0.8269907008227932
307,0.8490790935115993,0.8487244811121386,0.8286735798684755,0.8300728722025821,0.8295529924712622,0.8260890282496822,0.8267666821957761,0.8268322448522577,0.8252188454626944,0.8243324912714127,0.8251992397386608,0.8243751616077303,0.8243910912893795,0.824585027300113,0.8247914812254997,0.8247166497410466,0.8281413185803248,0.8281380830347056,0.8281670856928502,0.8278856586663244,0.8278429269251429,0.827697304044125,0.8278653981394498,0.8278899225377548,0.8278829017510552,0.8278660290786413,0.8273592061533911,0.8269743690027561,0.8269736799697515,0.8269644651081391,0.8270997636174617,0.8270863523170466,0.8270573547329589,0.8270573229737325,0.827068095614702,0.8271121185028101,0.827106852235725,0.8270978997961331,0.827079147856914,0.8269718767089907,0.8269907572370033,0.8269882780581884,0.8273520479019728,0.8273476454829668,0.8273319135232904,0.8273328261745503,0.8273541091067858,0.8268581669892969,0.8268907825516677,0.8268937637718161,0.826953787886289,0.8269647849392049,0.8268245569019083,0.8268270676374526,0.8268340249997289,0.8268345982472928,0.8268679287963123,0.8268795144121525,0.8268613952163238,0.8268613941496358,0.8268539213914323,0.8266720417336865,0.8267109150543098,0.826702100014242,0.8266908626755547,0.8266350462288519,0.82664128431859,0.8266729170687613,0.8266747836242252,0.8267628196663659,0.826786591363987,0.8267950979469174,0.8267813202295615,0.8267731495966761,0.8267779738725016,0.826150276038654,0.8261377577200228,0.8261360007208612,0.8261332244150084,0.8261228728081227,0.8261192173193888,0.8260090205879312,0.825947792663312,0.8260273831814865,0.8260221585277954,0.8260232185241199,0.826033436261329,0.8260288089999795,0.8260352627449656,0.8260389818003003,0.8260400477757961,0.8260090688193483,0.8260012508241146
308,0.8497838266716317,0.8500126082899296,0.8227840979900862,0.8237417212863416,0.8233982767483715,0.8209492700321133,0.8219301354563661,0.8219915043163413,0.8205024257647536,0.8199797049501096,0.8204557344479133,0.8194448144766239,0.8194571516366534,0.8196226022577872,0.819790639327391,0.8197220241256927,0.8217213047725554,0.8217116397989438,0.8216411885407096,0.8212781312496652,0.8212424539319892,0.8211238659133375,0.8212627670917793,0.8212837412411215,0.8212776857729723,0.8212642684159551,0.8207057592550521,0.8202732168538998,0.8202738729310876,0.8202676839716898,0.820344507759288,0.8203340878980193,0.8203111118309633,0.8203115151747287,0.820321397534254,0.8203792918135622,0.8203758912429763,0.820370892644719,0.8203583275192681,0.8202731796979915,0.8202862648631191,0.8202856189899975,0.8205906147195287,0.8205871893374718,0.8205727502543088,0.8205753565609212,0.8205900599321042,0.8203210001807104,0.8203488119131964,0.8203517715513583,0.8204871787355088,0.8204965619772161,0.8203959288542453,0.820397803832456,0.8204033461895744,0.8204043030779221,0.8204278465873641,0.8204381823194739,0.820425816316271,0.8204228213216512,0.8204182355870067,0.8202957867599133,0.8202975318883758,0.8202911431211316,0.8202840874111907,0.820195641513,0.8202003082358371,0.820224268375388,0.8202257794136766,0.8202957584955015,0.820315650195699,0.8203211136107099,0.8203099278834799,0.8203040103577723,0.8203079472553051,0.8191266627352025,0.8191266620491549,0.8191266629766468,0.8191266635200508,0.8191266622184289,0.8191266627668095,0.819126658792913,0.8191266472144917,0.8191266577092976,0.8191266579347019,0.8191266589471844,0.8191266622195175,0.8191266625615616,0.819126664654272,0.819126666464451,0.8191266677696157,0.8191266623046891,0.8191266626167846
309,0.8541362898732959,0.8543209420274809,0.8201940373780592,0.8199302377140995,0.8200804489888993,0.819281786864331,0.8248434236615519,0.8248557654043095,0.8250724028352244,0.8249164972394264,0.8250190761675411,0.8202646859567456,0.8202769241660391,0.8202986424046722,0.8203514604873791,0.8203429693206554,0.8210609299635637,0.8210648245542443,0.8211020786090645,0.8205282613354075,0.8205071222722323,0.820373840270172,0.8205290114115772,0.8205519756327884,0.8205476192617845,0.8205304725851905,0.8205061639993907,0.8199881915572561,0.8199855258243719,0.8199753817169407,0.8199870819683658,0.8199777311217195,0.8199469836713836,0.8199446538569497,0.8199536698109362,0.820016855646573,0.8200096792731807,0.8200027174059622,0.8199793475930226,0.8199107872531965,0.8199284267038162,0.8199252487765374,0.8203949923907896,0.8203803221860496,0.8203540005183974,0.820360406314739,0.820345547576015,0.8203483709314446,0.8203767358477464,0.820378063910769,0.8212108780603044,0.8212142223976587,0.8211733349283777,0.8211740448513702,0.8211760490126153,0.8211762570066276,0.8211856892961495,0.8211893403895043,0.8211842066522066,0.8211821165583306,0.821180074410096,0.8211337701104802,0.8211426991405978,0.8211401396293865,0.821137016021693,0.8210831506313988,0.8210855836521352,0.8210976947635501,0.8210984155357502,0.8211332881517596,0.8211427597375609,0.8211466540620819,0.8211410255987907,0.8211375777396756,0.8211395250484075,0.8209798529947675,0.8209724913518475,0.8209714791903971,0.8209698738603946,0.8209639277089569,0.8209618561257918,0.8209863641662818,0.8209633777664808,0.8209948940446585,0.8209927349658765,0.820993230925834,0.8210016235398152,0.8209996744649868,0.821002397125632,0.8210039795011447,0.8210044343309736,0.8209914531148955,0.8209911479860296
310,0.8558956838030103,0.8558783569375696,0.8214797733117498,0.820646185683988,0.8210368022772633,0.8207725802559501,0.8294789098095741,0.8294626684207076,0.8303361654716656,0.8301073752694886,0.8301434295905089,0.8229194079307449,0.8229305327806575,0.8229090979431364,0.8229294051209973,0.822937981318141,0.8234932134576336,0.8235044063189292,0.8236213123414118,0.8229807824664457,0.822957658234536,0.8228119793153987,0.8229796602164625,0.8230035915836978,0.8229938599826169,0.8229742549167595,0.822961527782601,0.822431491850147,0.8224279521790302,0.8224172966730865,0.8224206268368093,0.8224109186226656,0.8223805579484981,0.8223768107279447,0.8223846817576421,0.82244628912982,0.8224384365759657,0.8224308663833243,0.8224059311471414,0.8223519797136506,0.8223703915495972,0.8223664224670498,0.8228542226460014,0.8228375597180841,0.8228098201920172,0.8228162778090578,0.8227969643795946,0.8228172640041539,0.822845246966746,0.8228459009675754,0.8241204981659286,0.8241204974102442,0.8241204886062451,0.8241204877735687,0.8241204867698406,0.824120485331495,0.8241204863624204,0.8241204856051916,0.8241204828399122,0.8241204812920562,0.8241204793908032,0.8241204684672183,0.8241204743460605,0.8241204720903254,0.8241204694705527,0.824120405469618,0.8241204039108841,0.8241204102435595,0.8241204083527137,0.824120416869316,0.824120417394736,0.8241204169966303,0.82412041346371,0.824120410263485,0.8241204088732583,0.8241203948321982,0.8241203902190738,0.8241203877202082,0.824120385404072,0.8241203827758151,0.8241203799504236,0.8241203821015708,0.8241203778522691,0.8241203929382527,0.8241203902543699,0.8241203887893168,0.824120389199735,0.8241203865406262,0.8241203856321312,0.8241203840849275,0.8241203822556941,0.8241203780250744,0.8241203769803352
311,0.8595040271962358,0.8795750581073057,0.8797992387903444,0.8799198785622628,0.8784743065321617,0.8785491621452254,0.8785365167072864,0.8784883045544987,0.8782804880143315,0.8782920183685907,0.8782324075134788,0.8782939545185429,0.8782754237074597,0.8782618945152109,0.8782547950329377,0.8782140399647718,0.8781755512488404,0.878158422639211,0.877975152827933,0.8779630864797476,0.8779499695646586,0.8780154105762716,0.8779303482632813,0.8779802992916172,0.8779057881390594,0.877918635994899,0.8779372011864757,0.8779316151963846,0.8779255770458017,0.8779242555931466,0.8778897454907317,0.8778843804979983,0.8778992685208972,0.8778909398977601,0.8778782670421801,0.8778781495807269,0.8778772362524585,0.8778358127686163,0.8778799669295949,0.8779301573939626,0.880294047667463,0.8802940434995619,0.88029402703487,0.8802940251943062,0.8802940240339673,0.8802940208337748,0.8802940189654972,0.8802940181994524,0.8802940152534671,0.8802940125275375,0.8802940110606156,0.8802940183830714,0.8802940284952123,0.8802940270736043,0.880294024264184,0.8802940219426223,0.8802940176102284,0.8802940141105176,0.8802940130999951,0.8802940104095263,0.8802940096768634,0.8802940258042604,0.8802940251861056,0.8802940238461237,0.8802940223966171,0.8802940223195685,0.8802940201029764,0.8802940202741546,0.8802940184961805,0.8802940119860188,0.8802940084333818,0.8802940078448853,0.8802940068810938,0.8802940054614021,0.880294003355358,0.8802940007367018,0.8802940002450664,0.8802939976350376,0.8802939966916487,0.8802939971706938,0.8802939958904332,0.8802939953151111,0.8802940054259145,0.8802940008575518,0.8802939997145981,0.8802941132085874,0.8802941125982413,0.8802941125310261,0.8802941115092275,0.8802941105934586,0.88029410997545,0.8802941126237823,0.8802941116531054
312,0.8561429086902884,0.8719007646639726,0.8724855417934266,0.8728740222100159,0.8705466445346354,0.8702856694373627,0.8696814518436703,0.8697184059893003,0.869215896862245,0.8693646386895681,0.8697683723645231,0.8699350106243846,0.8699180786295158,0.870147423797139,0.8701319616441416,0.8701257654625855,0.8701303651915446,0.870130171936238,0.8699945745489966,0.8699776180619243,0.8699845411091661,0.870037096636075,0.8699854844832036,0.8699681678242889,0.8704038246811638,0.8704276650445221,0.8704551531521142,0.8704596023737888,0.8704658825770468,0.8704742614699393,0.8704708732994683,0.8704764841043522,0.870487647490325,0.8704918097908177,0.8704945475014466,0.8705014556395307,0.8705067801621515,0.8703977575936526,0.8710842953908211,0.8710007236329949,0.871765110630984,0.8715080795837795,0.8715663323429598,0.87159940142348,0.8715956779766266,0.8715994756072032,0.8716118896480303,0.8716068677528513,0.8716119576353043,0.8716149479076637,0.8716134322009186,0.8723905601939956,0.8723934339483496,0.8723918039134555,0.8723927646490094,0.8723941054027965,0.8723944882240453,0.8723969571184859,0.8723976406036098,0.8723978735970591,0.87240546353502,0.8723950581300838,0.8723941371860222,0.8723938571714664,0.8723954620391191,0.8723937806819944,0.8723941518628607,0.8723957415540348,0.8723951606037889,0.8723979277782463,0.8724006383778797,0.8724183067853907,0.8724180268351132,0.8724222463174585,0.8724222881905305,0.8724221927907269,0.8724233947074961,0.8724121471834724,0.8724108259788731,0.8724127019997585,0.8724124844370182,0.8724154036681303,0.8724100102933358,0.8724160814714207,0.8724157178418421,0.8724887404799577,0.8724879717110471,0.8724897354513224,0.8724873947297013,0.8724885589096436,0.8724890567333355,0.8725025554266904,0.8725002900884625
313,0.8531538549022625,0.8669870186365991,0.8677332264914934,0.8683019207280922,0.8654211237548904,0.8650613140956107,0.8643153898841659,0.8643527162757092,0.8639013932041947,0.8640438135143854,0.8645774650575784,0.8647383816121919,0.8647241204993941,0.8649500693378029,0.8649290338610158,0.8648468930654934,0.8648555276957325,0.8648563910816662,0.8646890532919456,0.8646681966139241,0.8646765900649321,0.8647377853135371,0.8646801369844013,0.864693688800962,0.8654438391612288,0.8654708390205931,0.865514638432798,0.865520881631921,0.8655298979498418,0.865542990214504,0.8655336234634513,0.8655418538546291,0.8655633861503065,0.8655685412245068,0.8655703978779953,0.8655812820510994,0.8655900580496891,0.8654821591664108,0.8666015187858025,0.8665272004120681,0.8669235244928144,0.8667463123613054,0.866819330204333,0.866856851398219,0.8668534657115495,0.8668570183504996,0.8668703018509268,0.8668648056551292,0.8668701511496342,0.8668729177767496,0.8668710956840822,0.8675916410878854,0.8675708088890796,0.8675700183231708,0.8675711702912643,0.8675723284051505,0.8675783892108807,0.8675806225526268,0.8675780505351406,0.8675798839875617,0.867584004308823,0.8675405881775599,0.8675511649868044,0.8675493584276724,0.8675484521704794,0.8675441376831717,0.8675456221035265,0.8675526646546543,0.8675525848063628,0.8675693348327005,0.8675752619235064,0.8676075973517817,0.8676053131103546,0.8676077047815209,0.8676084683212204,0.8676101192325877,0.8676079723174256,0.867596284053086,0.8675945987172947,0.8675934873927574,0.8675923808202065,0.867595275587603,0.8675779377512864,0.867599225266851,0.8675978955563478,0.867585558186419,0.8675854680218067,0.8675856141961537,0.867585507154448,0.8675874115627258,0.8675884270587829,0.8675895953583429,0.8675896825989846
314,0.8460204645538826,0.8555016641526807,0.8566132694851638,0.8576510304421013,0.854812987421186,0.8539729500876249,0.852755647276916,0.8527567684867136,0.8522516295497055,0.8523982446358596,0.8533946896453178,0.8536259638992834,0.8536045580090784,0.8538354495297829,0.8538259464544887,0.8532625386147772,0.853259811079343,0.8532460356432807,0.8528568709239144,0.8528209136261684,0.8528233212957496,0.8529370535047965,0.8528268893791714,0.8529112430179941,0.8551802833327576,0.8552182396889583,0.8553187340325481,0.8553280503964554,0.855342331513452,0.8553693229249705,0.8553258899946976,0.8553393312012008,0.8554011409040118,0.8554050230546508,0.8553972524950202,0.8554201551713447,0.8554395737974427,0.8553459159836375,0.8585318998309989,0.8585319079629093,0.8585319048445312,0.8585318998968033,0.8585318750650942,0.8585318660919953,0.8585318648002918,0.8585318610073365,0.8585318639021065,0.8585318626118534,0.858531859176722,0.8585318561986595,0.8585318544785787,0.8585318808921298,0.8585318898246082,0.8585318878899747,0.8585318847694698,0.858531882433149,0.858531878134463,0.8585318765275497,0.8585318752616756,0.8585318724101509,0.8585318714535255,0.8585318853442319,0.8585318844864556,0.8585318827585636,0.8585318814906876,0.8585318807222632,0.8585318782176818,0.8585318791232828,0.8585318770088037,0.8585318710988361,0.8585318681271079,0.8585318192727868,0.8585318173566056,0.85853181559202,0.8585318126217713,0.8585318090489938,0.8585318083642975,0.8585318050967635,0.8585318032052074,0.8585318041256278,0.8585318020344335,0.8585318022913755,0.8585318140871954,0.8585318111411759,0.8585318092007356,0.858531797351991,0.8585317946765773,0.8585317925370799,0.858531789383864,0.8585317866426112,0.8585317845610859,0.8585317870265722,0.8585317842158249
315,0.8435812505686704,0.8509896020488951,0.8522597340603796,0.853562184482758,0.8511359114993067,0.8498929863056719,0.8480677546656296,0.848070648175756,0.8471236732334476,0.847308397243996,0.8488375321268203,0.8492323264355568,0.8492067049896694,0.8495253057618494,0.8495713248359434,0.8489698277309637,0.8489609134681152,0.8489377691742215,0.848414855587596,0.848369973944768,0.8483594007861359,0.848509581631073,0.8483592125302044,0.8484457047951779,0.8525291110166964,0.8525653280083935,0.8526719215118084,0.8526804417285057,0.8526933311331157,0.8527203157791887,0.8526901460762675,0.8527019517340458,0.8527696415563708,0.8527714230732134,0.8527599239086201,0.852783045668896,0.8528028212336336,0.8527039657040282,0.8543511965877786,0.854453796400619,0.8544131308087859,0.854429476412092,0.8539250674889292,0.8538370064164154,0.8538711491196361,0.8538587499550668,0.8539249785471966,0.8539536168778514,0.8539220511780883,0.8539212917299189,0.8539432936827869,0.8539581942104235,0.8541022156185949,0.854099835002243,0.8540909268497423,0.8540922482253375,0.854059270461171,0.8540989104527043,0.8541195875994554,0.8541098256082956,0.85412360259064,0.8542998914384667,0.8542387533713806,0.8542464420093095,0.8542593212603319,0.8542689821340674,0.8542631741639349,0.854235542386653,0.8542345274387199,0.8541583579671332,0.8541399414142065,0.8532842003060498,0.8532987613284162,0.8533109805664179,0.8533060529754932,0.8532925557850699,0.8533171273713288,0.8533191616944023,0.853324218772065,0.8533437737929856,0.8533503242190019,0.8533583835501471,0.853442843668646,0.853336435990041,0.8533437777593674,0.853326969756957,0.8533242630952389,0.8533306821372392,0.8533217887446474,0.8533180320912704,0.853321504427916,0.8533520365850009,0.853345954427562
316,0.8383833717388424,0.8430408854625298,0.8441831682423836,0.8456304783393659,0.8438225485365048,0.842139968194237,0.8400319899725083,0.8400324552904401,0.8389854906243847,0.8389812862586323,0.8409555099622927,0.8413940445474459,0.8413763866981955,0.841679403546959,0.8417839164550953,0.8413089728686868,0.8413726124263126,0.8413394213241266,0.8407609739154562,0.8407133658638304,0.8406885754838537,0.8408555651867354,0.8406854060481376,0.8407300408618177,0.8454976678024939,0.8455066240695587,0.8455395416337174,0.845545268774436,0.845550247601807,0.8455569122101716,0.8457974706053937,0.8457982278444977,0.8458137759448641,0.8458166645264888,0.8458164521480753,0.8458249923990264,0.8458307092137193,0.8456782484728438,0.8461501339432222,0.8461311469396096,0.8461161114333685,0.8461230565736402,0.8461053917532521,0.8460295918107367,0.8460370932309995,0.8460254184887802,0.8459677847662906,0.8460070310400255,0.8459976647361901,0.8459984418626126,0.8460055863888791,0.8459931339197709,0.8460367221167673,0.8460359984882815,0.8460307244134292,0.8460320573185456,0.8460223654999812,0.8462877358638745,0.8462985872818092,0.8462937044756893,0.8463004863632118,0.8463856595902944,0.8463530743452804,0.8463567655669639,0.8463636491704258,0.8463663171987557,0.8463631880254698,0.8463497737329481,0.8463491052732981,0.8463114730219616,0.8463029782893217,0.8450018342139809,0.8450023011678317,0.8450032534043274,0.8450031343814507,0.8450024037945976,0.845003396109712,0.8450032355066653,0.8450033195195694,0.8450038950277867,0.8450039716651033,0.8450083763937103,0.8450073960502517,0.8450084989317149,0.8450085944488607,0.8450043261667526,0.8450042977296197,0.8450043491157697,0.8450042961006398,0.8450046274279926,0.8450054511756859,0.8450037890186206,0.8450042003066582
317,0.8335745167413161,0.8344523353726775,0.8341959262921764,0.8353590886810257,0.8344455462855128,0.8324749943992359,0.830948515546821,0.830949377510175,0.8309194410039831,0.8299011919656948,0.8321779880596162,0.8323032026423736,0.8323140870303416,0.8323666646422332,0.8324015387420974,0.832329633025838,0.8328045967131009,0.8328027842176018,0.8326718825489531,0.8326641136865407,0.8326328885946745,0.8326717024944399,0.8326421475849809,0.8326810133456506,0.8350336110185697,0.8350197347740702,0.8349869121164214,0.8350011203793231,0.8350005674906958,0.8349895326234564,0.8362982034539167,0.8362905993522044,0.8362589553438309,0.8362635271013209,0.8362737489148082,0.8362700216777845,0.8362637270924769,0.8361936537605696,0.8362107388706977,0.8360800774852766,0.8360955268909049,0.8360931132150674,0.836689696855451,0.836691221596997,0.8366572226524847,0.8366352211071919,0.8360024379579878,0.8361064436627804,0.8361255801453973,0.836128118959047,0.8361157297924043,0.8361150740833826,0.836031758998007,0.8360330464266336,0.8360298127058947,0.8360308578815768,0.8360494716130625,0.8371029586293667,0.8371029570192552,0.8371029563745145,0.8371029552874332,0.8371029514199863,0.837102953788451,0.8371029525144067,0.8371029512329569,0.8371029498907525,0.8371029495991841,0.8371029517669961,0.8371029508795342,0.837102953022788,0.8371029530014913,0.8371029136912833,0.837102911309966,0.8371029092702414,0.8371029082128474,0.8371029075759107,0.837102904781693,0.8371029031290134,0.8371029016232074,0.8371029000479311,0.8371028982162483,0.8371029039916381,0.8371029006828711,0.8371029110692989,0.8371029092976531,0.8371029077799327,0.8371029067671595,0.8371029049999922,0.837102904467517,0.837102903640875,0.8371029024813363,0.8371028995116816,0.837102899014033
318,0.8351193204756941,0.8341254427435526,0.8271685680104185,0.8281123340674563,0.8277231640977414,0.8253155606253351,0.8247615228662705,0.8247354303740098,0.8256919161602818,0.8229197888216152,0.8248158011573851,0.8247250135673401,0.8247535610894127,0.8246380579202294,0.8246186125794893,0.8247256824805759,0.8261677421235304,0.8261863987376417,0.8263358650107169,0.8263897643412383,0.8263938928498654,0.826365423238902,0.826408955983672,0.8264504936974197,0.8270283133511455,0.8270237024202454,0.8269302360156927,0.8269709865285306,0.8269738535142583,0.8269713758270674,0.8308342127345119,0.830834210964616,0.8308342075959125,0.830834204457489,0.8308342011334252,0.8308341990932325,0.8308341958144136,0.8308341874056732,0.8308341837157481,0.8308341846179416,0.8308341809783171,0.8308341777807156,0.8308341874663827,0.8308341857830076,0.8308341825525776,0.8308341773164138,0.8308341437990402,0.8308340525539988,0.830834050567643,0.8308340456792664,0.8308340399255016,0.8308340349401839,0.8308340347423493,0.8308340311508199,0.8308340258603751,0.8308340207639924,0.8308340163179819,0.8308340317050082,0.8308340268128966,0.8308340224313798,0.8308340181795222,0.8308340249933447,0.8308340306790911,0.8308340261212516,0.8308340216310978,0.8308340187022659,0.8308340174114872,0.8308340237049613,0.8308340196342445,0.8308340201431317,0.8308340171236577,0.8308340166590861,0.8308340119901818,0.8308340074611136,0.8308340036084338,0.8308340005432067,0.830833996194688,0.8308339920063527,0.8308339885386125,0.8308339870909732,0.8308339829909257,0.8308339907748632,0.8308339986457676,0.8308340066403804,0.8308340029260568,0.8308339991549011,0.8308339956426073,0.8308339918318468,0.8308339883554653,0.8308339847564978,0.8308339810843538,0.8308339814723381,0.8308339782456879
319,0.8382784965509235,0.837456633345901,0.8271783217244968,0.8284038787958461,0.8279138320864741,0.82504218299374,0.8244459925686835,0.8244275897732949,0.8251579304088041,0.8222571368736676,0.8240142805189249,0.8238915779177475,0.8239222723340854,0.8238181926436952,0.8238245244992378,0.8239206006041346,0.8260837597220237,0.826105983300941,0.8263718514367471,0.8264767548967936,0.8264950561944259,0.8264154581197333,0.8265152909284854,0.8265594712938897,0.8268166697106338,0.8268114124272377,0.8265416771993919,0.8265980297133013,0.8266019957879419,0.8266025435376535,0.8289728793369545,0.8290083595629693,0.8290191487043093,0.8290204043524658,0.8290192110795095,0.8290321781469545,0.8290360680658609,0.829002253410924,0.8290159027408402,0.8290474443079197,0.8290378779995546,0.8290407664504496,0.8288896249554055,0.8289007795717273,0.8289075274279054,0.8288928773468229,0.8290470867447687,0.8267696282126137,0.8267477740225476,0.82674691307875,0.8267590601591895,0.8267538044897252,0.8268622416378557,0.8268604700207922,0.826855447710622,0.8268561045779925,0.8268300308314953,0.8268169135372165,0.8268321602054347,0.8268250440232995,0.8268324640879833,0.8269790916538122,0.8269257891952613,0.8269314699835079,0.8269411668634931,0.826950831004948,0.8269691047881134,0.8269537202540186,0.8269529448648572,0.8269145198529619,0.8269057500142337,0.8268993280148492,0.8269049933271753,0.8269094292058954,0.826907480925647,0.826907549239721,0.8269174318992302,0.8269187148594955,0.8269208096480759,0.8269287857983035,0.8269315184483814,0.8269609748760298,0.8270172745017156,0.8269474779811178,0.8269521457925277,0.8269492151228413,0.8269477746178792,0.8269519076037852,0.8269461742964932,0.8269437426743761,0.8269430879680975,0.8269703387083922,0.826966036309726
320,0.8397509774845535,0.8399018155803184,0.8230643486951361,0.824412593572968,0.8238722451250547,0.8211700424432195,0.8207239457951322,0.8206971137262881,0.8214980875349244,0.8184330235929311,0.8195443125742129,0.8193656748745908,0.819393914907503,0.8192718389931414,0.8192700493384546,0.8193548167444958,0.8215637617706136,0.8216079226813351,0.8221972976579675,0.8223409223832837,0.822325864377728,0.8221167650626005,0.8223569343649796,0.8224048137933251,0.8224703380669954,0.8224474810172265,0.8217570616674326,0.8218001831043282,0.821801161951959,0.8217944705827409,0.8230365757208039,0.8230527517458839,0.823026342557328,0.8230305590827044,0.8230401545928814,0.8230520008825539,0.8230471293579308,0.8230173537385354,0.8230023630501332,0.8229032719382877,0.8229198794723532,0.822917169311713,0.823235155165668,0.823234636980467,0.8232208727034309,0.8232120106508978,0.8233680794111461,0.8184163705853708,0.8184163731096112,0.818416377756232,0.8184163817551389,0.8184163867420686,0.8184163837931462,0.8184163870844993,0.8184163917750977,0.8184163964905108,0.8184164012143843,0.8184164046099737,0.8184164092023568,0.8184164135443198,0.8184164177197027,0.8184164093882608,0.818416402346523,0.8184164062789148,0.8184164104635084,0.8184164120973114,0.818416417657713,0.8184164133377313,0.8184164173531984,0.8184164219679484,0.818416426490454,0.818416430157212,0.8184164339022493,0.818416437974522,0.8184164420873676,0.8184164397090593,0.8184164425655789,0.8184164463959155,0.8184164494188758,0.8184164496499905,0.8184164531638217,0.8184161657196345,0.8184161701355139,0.8184161619205594,0.8184161630186721,0.8184161630541105,0.8184161636217492,0.8184161646970154,0.8184161647154039,0.8184161652187183,0.8184161658244766,0.8184161685457101,0.81841616956868
321,0.8426320003927941,0.8430240563995607,0.8221611246776578,0.82348281991683,0.8229610218164631,0.8202859443567174,0.8199118808573207,0.8199036397117655,0.820246465000775,0.817818393940124,0.8187058711653131,0.8184727082841053,0.8184972404694225,0.818398057158359,0.8184137389630534,0.8184732950177733,0.820909539583274,0.8209651435698484,0.8217304627078875,0.8218716203983016,0.8218312179223869,0.8215428622378951,0.8218682912745512,0.8219186890753166,0.8219096859919689,0.8218755468777892,0.8208079682332016,0.8208055544056573,0.820804861470555,0.8207940070043946,0.8214536246267783,0.8214567806652289,0.8214177690183918,0.8214229097519393,0.8214364729304721,0.8214545427274959,0.8214467348594345,0.8214218395918228,0.8213957011614423,0.8212444490410745,0.8212716981660881,0.8212669720842608,0.8217338550206846,0.8217300326530924,0.8217117330782362,0.821706550476454,0.8218129481725106,0.8189968918781171,0.8190173245907973,0.8190191269600416,0.8190049291607339,0.8190120796402677,0.8189153807176915,0.818917073588098,0.818921608366239,0.8189218389153048,0.81894486547781,0.8189501035720868,0.8189374619661515,0.8189432861838584,0.8189379500129664,0.8188115999297155,0.8188380940374518,0.8188305471061138,0.8188225889064072,0.8188027178215858,0.8188082934071929,0.818828549264565,0.8188297359057537,0.8188862446717174,0.8189014323562722,0.8189074815501467,0.8188984686101742,0.8188929873193008,0.8188960995116774,0.8187426966476288,0.8187283084505905,0.8187262928528656,0.8187231266984759,0.81871143961996,0.8187073430345243,0.8174484423025677,0.8173696244919106,0.817472120485743,0.8174651515608479,0.8174662176716928,0.8174703074377638,0.8174641712933838,0.8174727458518971,0.8174777935670579,0.8174792462199354,0.8174383241997207,0.8174563504735949
322,0.8469743197816321,0.847930188114588,0.8171808523597731,0.8179531739026478,0.8176575152774958,0.816036648145468,0.8159927117598458,0.8160013946235789,0.8158479979916345,0.8147054279124566,0.8150638537892497,0.8147927009896235,0.8148046163935879,0.8147668101662325,0.8147935384659318,0.8148068651946556,0.8161947583178745,0.8162321149731531,0.8168070892105067,0.8168070774615165,0.8167613762117355,0.816498959859032,0.8167930964624402,0.8168317333497422,0.8167927623856623,0.8167592113953698,0.8154531448380028,0.8153032005274031,0.8153022142992916,0.8152917862180056,0.8154160072662044,0.8154077053836497,0.8153722104959658,0.8153758776415463,0.8153887599167611,0.8154205205640815,0.8154138625288723,0.815404781186712,0.8153816689057483,0.8152504147617528,0.8152724696403624,0.8152693973927093,0.8157393125477559,0.8157307670006482,0.8157080204064342,0.8157137221336193,0.8157296046693654,0.8152759878690017,0.8153102964640322,0.8153134866980207,0.8153203478706588,0.8153322313695945,0.8151832970721621,0.8151858596524018,0.8151930136212918,0.8151936270946036,0.8152280347432064,0.815240723580008,0.8152218689612637,0.8152279733448324,0.8152202036965411,0.8150420420047274,0.8150661706322432,0.8150570240746924,0.8150465017408418,0.8149983360722886,0.8150041135573505,0.8150327143812477,0.8150344271557007,0.8151176107786047,0.8151409433210351,0.8151488574369319,0.8151351883802297,0.8151272962402456,0.8151320191724388,0.8145903318542826,0.8145756939516895,0.8145736647086181,0.8145704405675699,0.8145585371278813,0.8145544049217377,0.8143857643100074,0.8143060651676433,0.8144097532995842,0.8144026953114288,0.8144040604722627,0.8144066679304379,0.8144004486039133,0.8144091362758124,0.8144141894307748,0.8144156393928973,0.8143741563037951,0.8143886550299602
323,0.8501683810595717,0.8513469890111287,0.8111603230448705,0.8111601892427781,0.8111602290271768,0.8111599991694499,0.8111600907962739,0.8111601066416406,0.811160076341718,0.811160075092045,0.8111600890856111,0.8111599989709796,0.8111600050106744,0.8111600125945367,0.8111600220000597,0.8111600276793589,0.8111600551641714,0.8111600631041914,0.811160075060258,0.8111600795560155,0.8111600859108907,0.8111600874489314,0.8111600971314437,0.811160104723699,0.8111601084867807,0.811160114437343,0.8111600718090166,0.8111600664763028,0.8111600724103418,0.8111600784070391,0.8111600817481495,0.8111600872979751,0.8111600930357421,0.8111600984564151,0.8111601043191461,0.8111601113567031,0.8111601172474097,0.8111601220027016,0.8111601275054743,0.8111601297297425,0.8111601351427322,0.8111601407899908,0.8111601308717888,0.8111601359082924,0.8111601406958208,0.8111601459709311,0.8111601501991831,0.8111601581822784,0.8111601617004032,0.8111601668855473,0.8111602070292842,0.8111602128711043,0.8111602115569907,0.8111602157205379,0.8111602215021844,0.8111602274175633,0.8111602328175636,0.811160238401951,0.8111602445426025,0.8111602494565237,0.8111602547801285,0.8111602488185803,0.8111602498056109,0.8111602556090759,0.8111602615019554,0.8111602803704321,0.8111602859568072,0.8111602784666173,0.8111602839073883,0.8111602855505415,0.8111602902058517,0.8111602952340679,0.8111603011389065,0.8111603069648463,0.8111603122887491,0.811160280597824,0.8111602863423579,0.8111602915886011,0.8111602959912828,0.8111602982138781,0.8111603034528704,0.8111603126900737,0.8111603065921574,0.8111602906339129,0.8111602958313419,0.8111603001688433,0.811160305157429,0.811160310428802,0.8111603144759305,0.8111603188321591,0.8111603234949449,0.8111603253768229,0.8111603298633187
324,0.8518779609638152,0.8678385160291103,0.8681894177148783,0.8684482182582419,0.8655701725791892,0.8657651511498071,0.8661840709130968,0.8661293564751436,0.8666012752867638,0.866424681987168,0.8662472542785763,0.8660911983050466,0.8660745654827956,0.8659041896305611,0.8658358298540627,0.8657836957657692,0.8657381234882642,0.8657352825636154,0.8658264754639547,0.86583861539467,0.8658143850805022,0.8657798353757319,0.8657985003429881,0.8658550715372461,0.8656509002543321,0.8656451677642542,0.8656141846778951,0.8656030381214356,0.865589050966423,0.865573879747259,0.865545488197646,0.865532199481726,0.8655177102011238,0.8655067420664277,0.865496702720812,0.8654856511415844,0.8654752810748778,0.8654502107270485,0.8653268221673593,0.8653329261368394,0.8663153672708402,0.8663570819232255,0.8665529161070951,0.8665299192765865,0.8665176407155887,0.8665141171193863,0.866488375606283,0.8664860835860793,0.8664905714867107,0.866486086490194,0.8664791291857767,0.8664195820847485,0.8663865867044316,0.8663895788401162,0.8663856776892124,0.8663817537291029,0.8663886760096462,0.8663778915914785,0.866370957950208,0.8663726207307904,0.8663693959891298,0.866345352527575,0.8663664182090327,0.8663647708469834,0.8663563473909043,0.86635701162071,0.8663577527967734,0.8663617067559507,0.8663628263565196,0.8663770449581466,0.8663745879232627,0.866408667981713,0.8664062131281057,0.8663991963445983,0.8664000284635364,0.8664031958274981,0.8663926759381808,0.8663962932561674,0.8663971984625866,0.8663890291889916,0.8663879100658546,0.8663805979959691,0.8663720645285148,0.8663836967427395,0.8663827592334352,0.8691071417710081,0.8691071391570806,0.8691071363530691,0.8691071336960433,0.869107130298546,0.8691071273156667,0.8691071276410566,0.8691071250139784
325,0.8482797138809547,0.8614591728340956,0.8620196345351148,0.8624653413845861,0.8587512143749925,0.8587511777284967,0.8587511886850491,0.8587511883905753,0.8587512108948053,0.8587512078802044,0.8587512120433863,0.8587512060992427,0.8587512076938072,0.8587512027766351,0.8587512001772128,0.8587511881463511,0.8587511883626642,0.8587511899726719,0.8587511955331906,0.8587511965311859,0.8587511973875269,0.8587511963632194,0.8587511991379406,0.8587512029691925,0.858751210216144,0.85875121172161,0.8587512128567124,0.8587512141922293,0.8587512154952937,0.8587512167933562,0.8587512171129096,0.8587512183605645,0.8587512195215292,0.8587512207286333,0.8587512220133189,0.8587512229610798,0.8587512241952464,0.8587512213084356,0.8587512577694973,0.8587512572508142,0.8587513039909155,0.8587513063660857,0.8587513112863603,0.8587513153441163,0.8587513173217458,0.8587513203620926,0.8587513222810109,0.8587513242357149,0.8587513264542933,0.8587513292339343,0.8587513315374654,0.8587513462380977,0.8587513411148042,0.8587513433459475,0.8587513463088247,0.858751349205683,0.8587513530779124,0.8587513556522961,0.8587513580341729,0.8587513611076398,0.858751363726474,0.8587513546923645,0.8587513525751086,0.8587513551196753,0.8587513573143671,0.8587513586374712,0.8587513615038769,0.8587513589219378,0.8587513615708116,0.858751365295145,0.8587513681027179,0.8587513757492167,0.8587513781669681,0.8587513805946135,0.8587513833689836,0.8587513863950169,0.8587513878251664,0.8587513896997278,0.858751391756214,0.8587513916641615,0.8587513940238519,0.858751394613886,0.8587513866058696,0.8587513848646898,0.8587513871003186,0.8587515402897683,0.8587515442490798,0.8587515482625048,0.8587515523810817,0.858751556682332,0.8587515608213792,0.8587515592326767,0.8587515632905399
326,0.8402670216193295,0.848656563273302,0.8494551432609564,0.8501680078750539,0.847578872765263,0.8471420937591378,0.8473153454268431,0.8472303921989918,0.8480289373129319,0.847856736286211,0.8481583348514408,0.8479775190067198,0.8479579386773377,0.847824169592515,0.8477094912699382,0.8466722016314295,0.8466733829967155,0.8466602696931005,0.8464278750099025,0.8464075249671988,0.8464129486380858,0.8464786266328792,0.8464149269945618,0.8464434352230867,0.8471861094953085,0.8472066401523867,0.8472696850344293,0.8472753869162057,0.8472843285373001,0.8473013946736871,0.8472794463832415,0.8472881357354601,0.8473274669619641,0.847329696881773,0.8473244548570176,0.8473390613351077,0.8473513987214643,0.8473034628346948,0.8483869073346076,0.848466208056446,0.8484147881095813,0.8484237182019987,0.8481291123664633,0.8480964604272208,0.8481116881604752,0.8481090495085302,0.8481462088258435,0.8481546588741765,0.8481414857336629,0.8481421050740324,0.8481519097299188,0.8481906174007195,0.8482499623540972,0.8482485878563787,0.8482471401821998,0.8482483485655324,0.8482341081001374,0.8482361783596438,0.848245194471688,0.8482412538347579,0.8482468041018846,0.848326556031638,0.8482941347944045,0.848297858335502,0.8483049769500781,0.8483088547155603,0.8483062112327837,0.8482929062132757,0.848292096068257,0.8482574449462608,0.8482505810358517,0.8481437853995903,0.8481476530476812,0.8481521138464528,0.848150807433824,0.8481465753506846,0.848154454853777,0.8481529872055292,0.8481541302933913,0.8481604783661545,0.8481623232507541,0.848169778946385,0.8481937736533165,0.8481642771831563,0.8481662305690582,0.8481079249771168,0.8481070133712202,0.8481090855472455,0.8481062640207447,0.8481062310425843,0.8481060178750198,0.8481206532844411,0.8481177626326704
327,0.8349348618377889,0.8405990873660131,0.8414520238645171,0.8422552337798369,0.8403701342776886,0.8396858948735527,0.8396468815274293,0.8395613967984894,0.8402524003471601,0.8401104117972101,0.8405986605299783,0.840468912178305,0.8404475101537843,0.8403429014218478,0.8402461420199533,0.8391333096829193,0.839128434933887,0.8391154844243204,0.8389260232266657,0.8389125441711356,0.8389098153106004,0.8389433022419918,0.8389165999651569,0.8389652019315195,0.8404093806165931,0.8404235726560335,0.8404670002550879,0.8404715054030932,0.840478305550594,0.8404901740757501,0.840462488266217,0.8404683445034247,0.8404960593921839,0.840498501013187,0.8404957620895585,0.8405071988626691,0.840516482706153,0.8404238017603771,0.8414093376840157,0.8413651181451128,0.8413388874691038,0.8413458596295496,0.8416233526539622,0.8411653934621384,0.8411697189048672,0.8411704531163133,0.8412419591737462,0.8412420639385433,0.8412409234519269,0.8412426272159326,0.8412446619173765,0.8412255648426071,0.8412407640349892,0.8412401996633613,0.8412404595907601,0.841242094722527,0.8412378553168229,0.8412673263604282,0.8412720666116993,0.8412705128667609,0.8412744319718956,0.8413113976190224,0.8412881502892364,0.8412900733082317,0.841295428376754,0.8412943507431621,0.8412928620305737,0.8412859973508474,0.8412855826112211,0.84126889394898,0.8412676223733198,0.8405715767764854,0.8405675356488762,0.8405667149886688,0.8405681249015753,0.8405706238871932,0.8405659048643398,0.8405641453009237,0.8405625694303988,0.8405585203415623,0.8405567703787972,0.8405656544505904,0.8405425276702158,0.8405728575639985,0.8405707720673609,0.8405227099641908,0.8405233731864276,0.8405216282600454,0.8405241374952431,0.8405271310539628,0.8405281510083517,0.840516355183908,0.8405186436862466
328,0.8323620915937265,0.8362216658912908,0.8371443202094848,0.8382429355704977,0.8368023987508014,0.8355690075367042,0.8343872522611492,0.834363654594744,0.833834628147424,0.8338940162471878,0.8349413891686032,0.835197307886908,0.8351815492510704,0.8353438916054097,0.8353999454011745,0.8348105220756729,0.8348505858091592,0.8348196868504878,0.8343651033842387,0.8343289116990454,0.8343175916613632,0.8344426272786706,0.8343158041218633,0.8343581897054425,0.8370117299693651,0.8370270123218618,0.8370804294415968,0.8370860025682189,0.837092835464285,0.8371048092303564,0.8372191624983036,0.8372237282036064,0.8372566338921178,0.8372587426017831,0.8372543991588262,0.8372677099584661,0.8372779203010196,0.8371432517095999,0.8377358800161347,0.8377375461153502,0.8377124427770393,0.8377212720840674,0.8376562780264616,0.8373845779156377,0.8374004533909849,0.8373925359246823,0.837444320206882,0.8374719520496713,0.8374581237848251,0.8374590869408881,0.8374695848650058,0.8374497591614246,0.8375214826263583,0.8375202081191626,0.8375161381690869,0.8375179805412925,0.8375010443145047,0.8376687763842563,0.8376841781476015,0.8376773133149084,0.8376865029458064,0.8378193771005599,0.8377655112890844,0.8377715194270198,0.8377828513214431,0.8377876113944377,0.8377826540093645,0.8377608473657305,0.837759715166382,0.8377019819809639,0.8376897976153318,0.8347964638253386,0.834796467321104,0.8347964709736402,0.8347964736526648,0.8347964758322749,0.8347964795388061,0.8347964825052882,0.8347964850446756,0.834796486509655,0.8347964895390716,0.8347964925511839,0.8347964891655565,0.8347964805491014,0.8347964834738517,0.8347964831363404,0.8347964856166263,0.8347964885616823,0.8347964908704937,0.8347964936654466,0.8347964964826297,0.8347964971045883,0.8347964994275238
329,0.8250461851653172,0.8250085210386802,0.8244615369802221,0.8248185861109991,0.8245715174033051,0.8238383954981037,0.8234383993409788,0.823433950785601,0.8236988247938867,0.8230504333335597,0.8237766598903147,0.823786773577102,0.8237951520764543,0.823783859101706,0.8237823661728849,0.8237762061145464,0.8239703612003474,0.8239758779472409,0.8239993773707383,0.8239997084302568,0.8239870287427346,0.8239733041610453,0.8239955718877975,0.824019547830403,0.8249635168274914,0.824950205619708,0.824921264036996,0.8249256581788513,0.8249239574539831,0.8249138505338866,0.8255102630096718,0.825504345910259,0.8254814068136401,0.8254842242686268,0.8254916212474449,0.8254883322791114,0.8254836889286393,0.8254340765051199,0.8254582608252251,0.8253839077097371,0.8253919156296986,0.8253902539937056,0.8257753426331067,0.825774568887231,0.8257502252764739,0.825747526311178,0.8249284171114275,0.8249718314333934,0.824979375848741,0.8249809382394684,0.8249764458604092,0.8249762254228236,0.8249477441534891,0.824948151956323,0.8249478628312279,0.8249487840540389,0.8249546096359036,0.825258523263235,0.8252592658635084,0.8252592407655632,0.8252602036007591,0.8252658649436657,0.8252573921734674,0.8252577914801679,0.825259375969648,0.8252569176794416,0.8252557245650046,0.8252538823621134,0.8252537947162235,0.8252503885913401,0.8252508449882409,0.8249305451486967,0.8249307714152119,0.8249317145113738,0.8249316440828317,0.8249302668346506,0.8249315140447467,0.8249315437900765,0.8249316889487522,0.824932558603303,0.8249327878185492,0.8249572968568312,0.8249613273481815,0.8249574708918043,0.8249576400008299,0.8249537725323219,0.8249536514302362,0.8249538153036793,0.8249536254331804,0.8249542549908324,0.8249544236713984,0.8249555216029689,0.8249552136352848
330,0.8274662510118592,0.8274313341759167,0.8218090971528933,0.8224345902839257,0.8221730216392439,0.8209813744055414,0.8209113710865283,0.8208649433509297,0.8219278147885296,0.819791430781138,0.820628736866792,0.8205202803339006,0.8205331736140116,0.8204198088718524,0.8203717160021926,0.8204524794127577,0.820862550943786,0.8208775030644265,0.8210467416578556,0.8210680907219808,0.8210500057858334,0.8209980374684057,0.821060397230367,0.821089358621741,0.8216789979122894,0.8216596007506487,0.8216194310880672,0.8216308414236073,0.8216264399580545,0.8216109345251879,0.8229703378948261,0.8229593445832131,0.8229364471008194,0.8229370533109336,0.8229419624436187,0.8229360474422518,0.8229303354088551,0.8228955266624328,0.8228579788051299,0.822812245471784,0.8228185908697384,0.8228170400202462,0.8231599090215231,0.8231558614497945,0.8231298621210189,0.8231238374837411,0.8211248035490691,0.8212124728214588,0.8212204210525803,0.8212219790479796,0.8212171745008002,0.8212199384591099,0.8211899273151135,0.8211903891702875,0.8211907086955686,0.8211915768248045,0.8211976036622031,0.8214508014481511,0.8214483617601622,0.8214499313012201,0.8214493517317271,0.8214249178757776,0.8214248641076403,0.8214239173481845,0.8214235119480525,0.8214177513317643,0.8214173689082332,0.821420160302183,0.8214203285063251,0.8214295419609293,0.8214332241731772,0.8214159244235855,0.8214145078005882,0.8214145517246518,0.8214150574075919,0.8214146712859958,0.8214134754378836,0.8214131458227867,0.8214127178989719,0.8214114490268949,0.821410909299543,0.8214825746701256,0.8214747066493258,0.8214862028848995,0.821485370834621,0.8214812592109525,0.8214814711166329,0.8214807538285918,0.8214817997174211,0.8214832746254987,0.8214837256284384,0.8214787576153897,0.821479724927593
331,0.8322942875705818,0.8330963465493794,0.820096554622278,0.8211395780544922,0.8206943520597276,0.8189583643699831,0.8189335223632509,0.8188550392746778,0.8203921119285711,0.81650686531431,0.8172521572896164,0.8172032300297546,0.8172191251736993,0.817143911488267,0.8171262197694894,0.8171940548350949,0.8178939705959032,0.8179028841581787,0.8179829511595771,0.8180040537880154,0.8179993590685254,0.8179805544717823,0.8180079362880541,0.8180286294786145,0.8182863326725454,0.8182809504144688,0.8182355456110414,0.8182548985018147,0.818255681200025,0.8182521033645584,0.8198980169639237,0.8198937410740904,0.8198855097728033,0.8198865124037308,0.8198892325695226,0.8198902811639165,0.8198886214602742,0.8198809606680841,0.819866923774452,0.8198419340671538,0.8198456469639115,0.819845069744959,0.8199530560731194,0.819954526690886,0.819948251615415,0.8199471520786301,0.8194067666848477,0.8191806946697251,0.8192029913485466,0.8192048404039001,0.8191900008029128,0.8191977152232078,0.8190878699520623,0.8190897721588749,0.8190949073723592,0.819095068903076,0.8191214880136208,0.8191629537010502,0.8191477928648355,0.8191556028818217,0.819148986759296,0.8189920148963931,0.8190383229813301,0.8190313163052407,0.8190213547917085,0.8190054102158183,0.8190084589811999,0.8190328429218398,0.8190341529115917,0.8190982166758888,0.819114817039611,0.8191276356850219,0.8191177582420118,0.819111542085859,0.8191149662026047,0.8191246958573153,0.8191091218798682,0.8191068837108856,0.8191033695096077,0.8190903860163068,0.819085785477392,0.8190844356256151,0.8190246856961383,0.8191010516808039,0.8190960027960308,0.8190951280611583,0.8190968950562572,0.8190924343190806,0.8190986646216968,0.8191024814562157,0.8191035838497808,0.8190737019450448,0.8190797051716082
332,0.8364939831752701,0.8377725403557951,0.8184812143375891,0.8195566534550192,0.819101421847404,0.8172905200877941,0.8172977919073625,0.817214807403586,0.8188140372624827,0.8147464850683813,0.8153373651534804,0.815201232828924,0.8152199183558584,0.8150900337923512,0.8150525970842037,0.8151302461714133,0.816188852399255,0.8162290882992252,0.8167527989135591,0.8168630946107066,0.8168453301533868,0.8166645671256264,0.8168699416346363,0.816906504634824,0.816956542235598,0.8169347428596092,0.8163782146944293,0.8164074263240307,0.8164062921664902,0.8163970151175549,0.8173503801887628,0.8173502393006719,0.8173071772026731,0.817310956352021,0.8173236467472796,0.8173225924190921,0.8173129075183477,0.817293259403126,0.8172622939908486,0.817119906010559,0.8171468586730624,0.8171411051628785,0.8176935224112726,0.8176823736713648,0.8176556298053462,0.8176575047792005,0.8177729302301325,0.815468901517052,0.8154917261218966,0.8154928524066757,0.8154750257486888,0.815481498008662,0.8153714512737655,0.8153732005620667,0.8153777672059698,0.815377372238604,0.8154032924307546,0.8153984461823102,0.8153836669638728,0.8153909297051947,0.8153841225047016,0.8152460295688305,0.8152921202015289,0.8152858798041032,0.815276609875079,0.8152687905044231,0.815272010456587,0.815293647202182,0.815294820778572,0.8153535670760708,0.8153684775995167,0.8153767851069007,0.8153673517346012,0.8153606781344153,0.8153638852295945,0.8153802804335248,0.8153641683553734,0.8153619636186833,0.8153585127106068,0.8153458350111964,0.8153414341101495,0.8132145593780362,0.8131962891382083,0.8132204381060063,0.8132187567653731,0.8132179092574243,0.8132184242786696,0.8132169377765157,0.8132190292622465,0.8132205148994623,0.8132209559192741,0.8132110116538328,0.813212846738747
333,0.8387532501478733,0.8407698868145199,0.8151120044884794,0.8158067833043074,0.8155057834410914,0.8143990152905107,0.8147919507008494,0.8146856676856051,0.8164482545464521,0.8128280586058797,0.8131305770981685,0.8129284109864163,0.8129330323858576,0.8127420324342891,0.8126559943650665,0.8127235005637553,0.8136316791538062,0.8136886410896679,0.8145320507242211,0.8147309385501876,0.8146872693793408,0.814407097745281,0.8147131910982407,0.8147533614065936,0.8146834106571182,0.81464607003434,0.8134184776030249,0.8134467029725524,0.8134409834161679,0.8134249442515809,0.8138439490277491,0.8138360622777063,0.8137784059960644,0.8137804832902639,0.8137943250255574,0.8137858962420152,0.8137712758131493,0.8137487754003307,0.8136997743166018,0.8135221855712069,0.8135593591280401,0.8135502931762797,0.8142629104044635,0.8142399003669576,0.8142054149352378,0.8142074381218529,0.814287368283902,0.8119437018644979,0.8119482052570596,0.8119471628630626,0.8119382652112904,0.8119368719733956,0.8119107590809587,0.8119110169178512,0.8119112235943772,0.8119101738912627,0.8119169352532547,0.8119035970033296,0.8118990021242181,0.8119004846593031,0.8118977133211186,0.811861720569511,0.8118906444020574,0.811888459254778,0.8118844531852438,0.811896205116443,0.811894636612122,0.8119003442896054,0.8119006604147833,0.8119146360331209,0.8119163789450007,0.8119258946870127,0.8119238674804199,0.8119209569481697,0.8119215894413842,0.8119191232567525,0.8119129533069763,0.8119121917850441,0.811911092595172,0.8119071733102894,0.8119058666409592,0.8053410331075125,0.805341014310182,0.805341006729879,0.8053410128512638,0.8053410190487078,0.8053410254794157,0.8053410317923222,0.8053410384928537,0.8053410452206784,0.8053410518072479,0.8053410483966895,0.8053410553394235
334,0.844335227080732,0.8464959613771234,0.8112194619413806,0.8112414416426375,0.8112296312125948,0.8113194130908427,0.8119676099122143,0.8118740338583248,0.8131491863213759,0.8112572679674278,0.811312355312968,0.8110951706871175,0.8110813259528822,0.810905233596079,0.8108077666134216,0.8108380426982504,0.811324009992318,0.8113709084134687,0.8122578155027939,0.8125254414631088,0.8124678697952975,0.8121743896616045,0.8124875177633755,0.8125217051138477,0.8124109623280149,0.8123673704632666,0.8096385702074165,0.8096385737469745,0.8096385754982393,0.8096385767648553,0.8096385828529724,0.809638584314973,0.8096385837477609,0.8096385857293836,0.8096385884075779,0.8096385889857223,0.8096385902569879,0.8096385908449513,0.8096385896952878,0.8096385814963799,0.8096385852778528,0.8096385864560883,0.8096386202232706,0.8096386209948281,0.8096386213093052,0.8096386237514377,0.8096386257424241,0.8096385596034904,0.8096385613420418,0.8096385623645667,0.8096385614969688,0.8096385625976131,0.8096385561506192,0.8096385569460834,0.8096385580477835,0.8096385589082792,0.8096385614307778,0.8096385617488888,0.8096385617529138,0.8096385629839848,0.8096385632819876,0.8096385535991006,0.809638560266437,0.8096385607849612,0.8096385609465618,0.8096385665477529,0.8096385676008026,0.8096385677529426,0.809638568769372,0.80963857269373,0.8096385741904241,0.8096385765724892,0.8096385770950881,0.8096385774967777,0.8096385786689598,0.8096385624713546,0.8096385621726946,0.8096385628546496,0.8096385633298174,0.8096385629008649,0.8096385634568886,0.8096383646557136,0.8096383636234755,0.8096383707386592,0.809638369105589,0.8096383684446652,0.809638367425981,0.8096383657742506,0.8096383649094566,0.8096383634670344,0.8096383620892771,0.80963836051271,0.8096383604102458
335,0.8378965257622122,0.8453960926918944,0.8459695650085157,0.846455566768717,0.844129827356976,0.8439601628987269,0.844971247531427,0.844842182465496,0.8464488509871114,0.846066475238215,0.8461315930553979,0.8456992286552503,0.8456750044719622,0.8453328178301956,0.8451210808116495,0.8438193787882988,0.8438139267096971,0.8438097409000532,0.8437462117906058,0.8437404872775391,0.8437406677753322,0.843757452808636,0.8437404841822667,0.8437541826411719,0.843989809352369,0.8439972827540545,0.8440211442111564,0.8440225804462317,0.8440250329895608,0.8440309107835343,0.8440184699136448,0.8440209046838816,0.8440361424687101,0.8440360046795414,0.8440327972440659,0.844037819869208,0.844042052698829,0.8440224623228867,0.844447436534209,0.8445010089621333,0.844474818258152,0.8444860596847499,0.8442858734101643,0.8442935878138923,0.8443019883008549,0.8442994364292427,0.8443145374515478,0.8443207955313743,0.8443120615741342,0.8443116409808772,0.8443174469916138,0.8443213306435065,0.8443588100130246,0.8443581227265986,0.8443564543588709,0.8443565522658245,0.8443476518468556,0.8443453531519964,0.8443503876002384,0.8443478985570406,0.8443507291436593,0.8444010891987437,0.8443837456580834,0.8443859929520404,0.8443892901024657,0.8443925824930402,0.8443909262314868,0.8443826457234375,0.8443822415546097,0.8443609648672398,0.8443556735182074,0.8443292704283252,0.8443319209877634,0.8443338443313572,0.8443329321463646,0.8443303969626041,0.8443345889955111,0.8443342785228543,0.844335193611709,0.844338813210724,0.8443400470722957,0.8443425733515447,0.8443591665692792,0.8443384554619233,0.844339823053123,0.8443555101608279,0.8443549551090692,0.8443562722672788,0.8443544363188464,0.8443535059124465,0.8443530866430263,0.8443623385046926,0.8443605222718096
336,0.8346291002683877,0.8404806120725139,0.8408412344918806,0.8411150310668484,0.8392542673180946,0.839268449431029,0.8409216119876979,0.8407586279943613,0.8430354102761521,0.842478728209237,0.8424384985342558,0.8418024275523127,0.841774170233158,0.8412731708674763,0.8409759640255372,0.8392844607620813,0.8392844592777771,0.8392844616930777,0.8392844843382692,0.839284487193104,0.839284488024492,0.8392844808100547,0.8392844909665114,0.8392844952795268,0.8392845127609552,0.8392845137826408,0.8392845122427922,0.8392845140804385,0.8392845156490872,0.8392845167368509,0.8392845160983424,0.8392845174606133,0.8392845167877742,0.8392845184616322,0.8392845207346769,0.839284521163518,0.8392845221633087,0.8392845191206004,0.8392845538555553,0.8392845431109108,0.839284547299283,0.8392845507505236,0.839284591815737,0.839284563906466,0.8392845647889512,0.8392845673296093,0.8392845676513022,0.8392845691449867,0.839284571479768,0.8392845736484089,0.8392845750480106,0.8392845746624967,0.8392845667095061,0.8392845683853057,0.8392845705972279,0.8392845725701937,0.8392845764395388,0.8392845779416709,0.8392845789525644,0.8392845814715971,0.8392845828149246,0.8392845707712413,0.8392845717595528,0.8392845733001223,0.8392845742761244,0.8392845750913333,0.8392845772726936,0.8392845763724484,0.83928457830598,0.8392845835143614,0.8392845859983282,0.8392845841816897,0.8392845851429913,0.8392845860289541,0.8392845881598376,0.8392845910217076,0.8392845905409879,0.8392845921178651,0.839284593246149,0.8392845920772721,0.8392845933140533,0.8392845925670293,0.8392845826850434,0.8392845870537209,0.8392845881861748,0.8392846014515455,0.8392846033887805,0.8392846046971203,0.8392846071143054,0.8392846088844413,0.8392846106221236,0.8392846069463508,0.8392846093033919
337,0.8261823683863527,0.8278584598674031,0.8276762911319214,0.8274807996091811,0.8268959308390572,0.82718598441125,0.8290419544086555,0.8288989169057782,0.8311992443396814,0.8306050899461955,0.8305213677816331,0.8298628206865857,0.8298421835133004,0.8293367319098423,0.8290354579704636,0.8283403384710274,0.8282428730035437,0.8282840010045286,0.8288700687747391,0.8289243373368601,0.8288987726668939,0.828705675957311,0.8289074314107432,0.8289495246517263,0.8293180571446543,0.8292893787356808,0.8291826118077678,0.8291755635833609,0.8291608910996929,0.8291334027856562,0.8290595594796588,0.8290432363905526,0.8289785429970495,0.8289749462206234,0.8289838626951037,0.8289592047532641,0.8289391567697522,0.8288655397420339,0.8289811155979032,0.8287471459993605,0.8287956757432425,0.8287905901632222,0.8298334287720627,0.8284947360000786,0.828494734576143,0.8284947361157642,0.828494730671544,0.8284947306882063,0.8284947334661166,0.8284947343789543,0.8284947336021165,0.8284947328453007,0.8284947204570959,0.8284947211385609,0.8284947221435328,0.8284947226693693,0.8284947264168978,0.8284947265629604,0.8284947254196048,0.8284947269536137,0.8284947266567143,0.8284947092844059,0.8284947150324066,0.8284947148426137,0.8284947139750958,0.828494713689351,0.8284947146825498,0.8284947167028445,0.8284947173698454,0.8284947249442751,0.8284947270877584,0.8284946766156194,0.8284946750968427,0.8284946736495521,0.8284946741293113,0.8284946758527617,0.8284946727949921,0.8284946723684565,0.8284946717356334,0.8284946694508927,0.8284946686195974,0.8284946653969207,0.8284946562428422,0.8284946680492998,0.8284946671653947,0.8284946695052923,0.8284946697618151,0.8284946689563921,0.8284946698888673,0.8284946699624949,0.8284946699021545,0.8284946651362286,0.8284946660268854
338,0.8209754824192336,0.8209755817564218,0.8209751824038379,0.8209751233593567,0.8209751151890619,0.8209749381907907,0.8209749467447399,0.8209749502902838,0.8209749748887093,0.8209749520052316,0.8209749713104645,0.8209749685400387,0.8209749731124605,0.8209749705293721,0.8209749713685789,0.8209749675774407,0.8209749742709241,0.8209749795066535,0.8209749902459371,0.8209749935272936,0.8209749971711537,0.8209749973322779,0.8209750038036288,0.820975009687998,0.8209750606281291,0.8209750647821294,0.8209750673743127,0.8209750733704407,0.8209750788977442,0.8209750838625256,0.8209751137109308,0.8209751195945493,0.8209751239060954,0.8209751300808178,0.82097513695398,0.8209751412133329,0.8209751469636507,0.8209751462933917,0.8209751568459073,0.820975145989609,0.8209751531672294,0.8209751589067088,0.8209751859451752,0.8209751637387113,0.8209751679532059,0.8209751734228494,0.8209750908135781,0.8209750968853371,0.820975100021591,0.8209751041535136,0.8209751075943617,0.8209751113044452,0.8209751047061533,0.8209751076117441,0.820975111678504,0.8209751157339527,0.8209751207782708,0.8209751413319993,0.8209751453225337,0.8209751494615034,0.8209751531908495,0.8209751444056449,0.8209751393048885,0.8209751431469938,0.8209751469664704,0.8209751491062393,0.8209751529658418,0.8209751485773683,0.8209751522916979,0.8209751555919322,0.8209751594416361,0.8209750874315138,0.8209750903996728,0.8209750933397908,0.8209750960699892,0.8209750988839469,0.8209751014452462,0.8209751042515978,0.8209751065506227,0.820975107279358,0.8209751100039845,0.8209751108992296,0.8209751056881489,0.8209750997987159,0.8209751024138743,0.8209751050971926,0.8209751075930545,0.8209751102700801,0.8209751127381978,0.8209751152833653,0.8209751178572953,0.820975117618639,0.8209751200501574
339,0.8264300494945409,0.8279727595196392,0.8184009081759914,0.819104898636277,0.8187675693020586,0.8179646774705476,0.8183913546814235,0.8182956246375499,0.8194620184759095,0.817022802450562,0.8172496867129709,0.8170937258659923,0.8170876483258046,0.8169531905736108,0.8168802545349176,0.8169045028778753,0.8170168334962156,0.8170229939756601,0.8172074242366264,0.8172456207016962,0.8172232713195092,0.817167974057277,0.8172219174429884,0.8172362647897127,0.8173345928163621,0.817316688151105,0.8172682558907863,0.8172756416560508,0.8172670738580974,0.8172514480031127,0.8180060829398837,0.8179918345572644,0.8179719343045422,0.8179675880970257,0.8179665509441433,0.8179540267227476,0.817946486039807,0.8179250950993965,0.8178582866697425,0.8178483232978457,0.8178544023163115,0.8178526479573605,0.8180788487684598,0.818031199768664,0.8180110456224712,0.8180059656625134,0.8147069341259721,0.8147069495570125,0.814706951567096,0.8147069546615155,0.8147069575699077,0.8147069605263064,0.8147069571457385,0.8147069594102043,0.8147069624879499,0.8147069655880826,0.8147069691640062,0.8147069832409822,0.8147069861379135,0.8147069894073515,0.8147069921100104,0.8147069837809517,0.814706981573934,0.8147069844930104,0.8147069871608191,0.8147069893853918,0.8147069923274348,0.8147069891738524,0.8147069920970793,0.8147069952515592,0.8147069981813246,0.814707010364566,0.8147070133110745,0.8147070161778984,0.814707019232635,0.8147070229525826,0.8147070251055842,0.8147070280789017,0.8147070304512662,0.8147070307581117,0.814707033543492,0.8147070396588022,0.8147070317949809,0.8147070277696061,0.814707030509219,0.8147070340127553,0.8147070368445989,0.8147070396662546,0.8147070425750594,0.8147070453519933,0.8147070481931777,0.8147070469965053,0.8147070499031588
340,0.8302120995753303,0.8330354523844395,0.8150864490923533,0.8156780857198976,0.8153741628653945,0.8148844065635844,0.815938192752195,0.8157759042416336,0.8175807721106937,0.8134256064842763,0.813348640183563,0.8131749979710519,0.8131577051853046,0.8130302147557277,0.8129477767289646,0.8129410483333107,0.8128405717779887,0.8128451969365817,0.8130483644539576,0.8131032832532554,0.8130799880584126,0.8130259463262486,0.813071919845144,0.8130765515336206,0.8129932749052271,0.8129783589679934,0.8128940502296349,0.8129011248979738,0.8128910151624679,0.8128769024395168,0.8131882518118408,0.8131728588334671,0.8131460185774715,0.8131398320987223,0.8131383247329054,0.8131182666378023,0.8131076229731125,0.8130928492537123,0.8130287847267852,0.8129932706166128,0.8130087967071074,0.8130038588006152,0.813274882425078,0.8132203444492397,0.8132022071032098,0.8131991736032481,0.8117844095519632,0.8119193764304338,0.8119168455572017,0.8119143084187694,0.8119140363135334,0.8119070236299191,0.8119123690474516,0.8119119774618564,0.8119096562054813,0.8119076251354256,0.8119071371886178,0.8118826313862606,0.8118805589570413,0.8118802462605739,0.811877896724091,0.8118765444204445,0.8119024981047598,0.8119022902220516,0.8118988292890047,0.8119147493425001,0.8119133637236715,0.8119141134030438,0.8119141623423932,0.8119142244092296,0.8119107277702592,0.8119559221719935,0.8119560453141986,0.8119529587736718,0.8119527874782883,0.8119628466598737,0.8119595220634115,0.8119593618004842,0.8119591920486011,0.8119583827819219,0.811958354225197,0.8118734465700466,0.8118742177341041,0.8118693306210487,0.8118696417353856,0.8118794068900236,0.8118798271468829,0.8118799796414916,0.8118796203806791,0.8118764709550099,0.8118754236444046,0.8118779455876026,0.8118780478865071
341,0.8331401697625375,0.8355205980882493,0.815571532146918,0.816300278561623,0.8159607579083085,0.8150545287386785,0.8157490813353002,0.8156098242321208,0.8175269741825613,0.8123341773094702,0.8123341879214525,0.8123341832873254,0.8123341850880814,0.8123341802947609,0.8123341786083434,0.8123341822822872,0.8123342041428698,0.8123342078737483,0.8123342276974175,0.8123342348651605,0.8123342368529275,0.8123342337717829,0.812334241670962,0.8123342457033031,0.8123342471240482,0.8123342489040737,0.8123342255837674,0.8123342298735703,0.8123342320046557,0.8123342337531206,0.8123342938240024,0.8123342969627285,0.8123342979927904,0.81233430159952,0.8123343059650603,0.8123343077158113,0.8123343106257245,0.8123343122875786,0.812334310950094,0.8123343013683257,0.8123343068862287,0.8123343096732654,0.8123343398609854,0.8123343408527198,0.8123343425337791,0.8123343463266087,0.8123342888590563,0.8123342191661503,0.8123342222538376,0.8123342236401219,0.8123342231446901,0.8123342248494181,0.8123342117872726,0.8123342128348773,0.8123342144272026,0.8123342154644404,0.8123342198428647,0.8123342194799062,0.8123342186788551,0.8123342207339053,0.8123342207397914,0.8123342008208154,0.8123342080932302,0.8123342082919364,0.8123342077805907,0.8123342091312671,0.8123342103494743,0.8123342120497538,0.812334213169435,0.8123342214356759,0.8123342240879102,0.8123342295843494,0.8123342295104639,0.812334229498193,0.8123342310238374,0.8123342357027589,0.8123342341789256,0.8123342349822262,0.8123342353861688,0.8123342337336464,0.8123342341407198,0.8123340297028137,0.8123340214941567,0.8123340367322351,0.8123340347788897,0.8123340348187994,0.8123340341757054,0.812334032262569,0.8123340323481697,0.8123340315354106,0.8123340305179283,0.8123340253548181,0.8123340254258292
