Index,Iter_0,Iter_1,Iter_2,Iter_3,Iter_4,Iter_5,Iter_6,Iter_7,Iter_8,Iter_9,Iter_10,Iter_11,Iter_12,Iter_13,Iter_14,Iter_15,Iter_16,Iter_17,Iter_18,Iter_19,Iter_20,Iter_21,Iter_22,Iter_23,Iter_24,Iter_25,Iter_26,Iter_27,Iter_28,Iter_29,Iter_30,Iter_31,Iter_32,Iter_33,Iter_34,Iter_35,Iter_36,Iter_37,Iter_38,Iter_39,Iter_40,Iter_41,Iter_42,Iter_43,Iter_44,Iter_45,Iter_46,Iter_47,Iter_48,Iter_49,Iter_50,Iter_51,Iter_52,Iter_53,Iter_54,Iter_55,Iter_56,Iter_57,Iter_58,Iter_59,Iter_60,Iter_61,Iter_62,Iter_63,Iter_64,Iter_65,Iter_66,Iter_67,Iter_68,Iter_69,Iter_70,Iter_71,Iter_72,Iter_73,Iter_74,Iter_75,Iter_76
0,1.0671685672411926,1.087944016920792,1.087944017680258,1.0879440156352456,1.0879440151864321,1.0879440167163426,1.08794395003954,1.0879439447364185,1.0879439401738056,1.0879439372207471,1.0879439381785552,1.087943933380362,1.0879439291588695,1.0879439275415974,1.0879439228988916,1.0879439199726655,1.0879439195377238,1.0879439865140332,1.0879439851469055,1.0879439837299365,1.087943982437779,1.087943983879968,1.087943982583954,1.0879439816568577,1.087943980511104,1.0879439790980951,1.0879439778509183,1.087943978244029,1.0879439771542778,1.0879439759913114,1.0879439790049255,1.087943979384284,1.0879439785298617,1.0879439774561668,1.0879439771612747,1.0879439771015815,1.0879439759670826,1.0879438922021214,1.0879438939144057,1.0879438907840537,1.0879438872179055,1.0879438844721017,1.087943881442844,1.0879438865934064,1.0879438834459416,1.0879438809813,1.0879438779186061,1.0879438751013755,1.0879438758879647,1.0879438733439455,1.087943873350898,1.0879438723016706,1.0879438727810287,1.0879438721954748,1.0879439272141385,1.0879439263154365,1.0879439249704623,1.0879439242711582,1.0879439227266319,1.0879439215480078,1.0879439206067243,1.08794391923996,1.08794391790059,1.0879439174168535,1.087943916810485,1.0879439162457276,1.0879439148807148,1.0879436751674456,1.0879436707249606,1.0879436667535847,1.0879436644858913,1.087943662561126,1.0879436573589627,1.0879436531067739,1.0879436488171264,1.0879436555653126,1.0879436507267066
1,1.0673665602121447,1.0877422858165076,1.0877447864775678,1.0878107246735553,1.0878186955699287,1.087815655587088,1.0866848608625816,1.0867164038566812,1.086780586929581,1.086794958664142,1.0870138129968516,1.0870091068625434,1.0870251399048576,1.0870847687849103,1.0870714540115793,1.0870718141529574,1.0871466077469452,1.088238769336586,1.0882380837271226,1.0882367545304585,1.0882287110731292,1.0882418944803272,1.0882493468769032,1.0882542770874495,1.0882529450684477,1.088258295314095,1.0882585508626377,1.0882687041207797,1.0882597607848554,1.0882550235316848,1.0882547047388573,1.0882894124406515,1.0882851795169377,1.0882908623692116,1.0882987096629642,1.0883044571480671,1.0882951899554552,1.0880517541609454,1.0881072859729186,1.0880992809802872,1.0880841057742425,1.0880782988686069,1.0880741648708385,1.0881029684736239,1.088089769374719,1.0880784565751647,1.0880728278027794,1.0880625316050625,1.0880717548602605,1.0880717321627933,1.0880987516607625,1.0881108913637858,1.088166672871772,1.0881670540437476,1.0885686815286681,1.0885938152005827,1.088589256635201,1.0885909018493445,1.0885922029959774,1.0885961639567596,1.088591483980548,1.0885939004306053,1.0885926706776252,1.0885912725477493,1.088587485253866,1.0885805395268866,1.088580325721362,1.0883177737217347,1.0883212223965677,1.0883268543373095,1.088323061002455,1.0883256376774322,1.0883191519420892,1.0883225421482379,1.0883213511298517,1.0883208806268603,1.0883175698026872
2,1.0704066667032104,1.0859026174065571,1.0859849096749796,1.085863068833593,1.0859137908089533,1.085971676831169,1.0695215328574599,1.0699070339912902,1.0705541771199973,1.0707342131598594,1.0727845273158783,1.0727238798621197,1.0728775034084808,1.0735307277326898,1.0733697974539411,1.0734138708155256,1.074190081708492,1.0867497957545045,1.0867433993390743,1.0867325219836006,1.0866857928980624,1.0867593002432185,1.0867987094243816,1.086830751044655,1.0868236296226856,1.0868483190103624,1.0868488060642802,1.0868850421876326,1.086835020443303,1.0868209883585112,1.0868518680976942,1.0869982071414557,1.0869735622068313,1.0869999723302288,1.0870470600102826,1.0870648356931174,1.087017405932559,1.083722709274077,1.0841697901781955,1.0841002105578064,1.0839730130444272,1.0839254273510754,1.0838899190950966,1.0841010111623173,1.083993620896875,1.0838987119061532,1.0838495323653643,1.0837642804361665,1.0838070967752487,1.083805995568031,1.0840148977385633,1.0841153760794975,1.084411657006226,1.0844137217592478,1.088936564866362,1.0889365758549339,1.0889365716696906,1.088936571047549,1.0889365696957118,1.088936569360399,1.088936565540047,1.0889365647368427,1.0889365619908282,1.0889365607617028,1.0889365577305956,1.0889365535032094,1.0889365513115303,1.0889364453032797,1.0889364430519517,1.0889364411583442,1.088936438836492,1.0889364377013242,1.0889364323391524,1.088936430332943,1.0889364270762771,1.0889364317364787,1.0889364275581548
3,1.0736947209972918,1.084372813950871,1.0845059294760506,1.084061851230239,1.0841280372146838,1.0841992528287436,1.0566606660117666,1.0573981741967666,1.058540232761956,1.0588812760590258,1.0618781895095737,1.0617674704264093,1.0620329985612211,1.0631794436192183,1.0628890612455224,1.0629823391585895,1.0643252962911889,1.0895548538672652,1.0895548447672612,1.0895548353655353,1.0895548232735635,1.0895548197980016,1.0895548140837321,1.0895548084004503,1.089554799852597,1.089554793598621,1.089554785259732,1.0895547815150879,1.0895547690271123,1.0895547625191504,1.089554776530805,1.0895547792804627,1.0895547725302948,1.0895547677218491,1.089554768857366,1.0895547648132078,1.0895547544005164,1.0895546743109985,1.0895546867218622,1.089554676589151,1.0895546635757631,1.089554653637013,1.0895546437693289,1.0895546092756059,1.0895545976625312,1.0895545870057903,1.089554575970951,1.0895545654687784,1.0895545666005881,1.0895545574785075,1.0895545596122183,1.0895545584077027,1.0895546608585178,1.0895546591679302,1.0895547182456535,1.0895547286382037,1.0895547212149599,1.0895547178944656,1.0895547132209042,1.0895547097844454,1.0895547032877153,1.0895546997902101,1.0895546936784075,1.089554691798417,1.089554687133816,1.0895546817338873,1.0895546762747295,1.0895546963602911,1.089554692336975,1.089554688149055,1.089554685705228,1.0895546833129486,1.0895546772783924,1.0895546734385588,1.0895546691026339,1.0895546759349877,1.089554670756949
4,1.0781439068401697,1.0830318938020405,1.083116012382317,1.0828702107820807,1.0829248497668653,1.0829606276897896,1.064392058246879,1.0649089649792536,1.0657246866245371,1.065967287158903,1.0666598528221232,1.066558857501421,1.066802641771028,1.0678446811927669,1.0675834249972889,1.067667743761811,1.06886442985409,1.0793618823125604,1.0793318254307673,1.0792800216838527,1.0790579167827432,1.0792817837990134,1.0794527475828006,1.0795956766506007,1.0795691166703458,1.0796701036942018,1.0796730615499088,1.0797967072005932,1.0795877179200994,1.0795637887168608,1.0797587926589924,1.0800977306556465,1.080000423139035,1.0801144449806293,1.080307125208679,1.0803412347244585,1.0801701258112069,1.0811879847414645,1.0815824558124385,1.0815223324357266,1.0814110687999563,1.081368196431376,1.0813369893931288,1.0789643251523724,1.0788267639449969,1.0787065242690634,1.0786432748886243,1.078534049015751,1.0785879793475375,1.0785874303971021,1.0788589416462204,1.0789872087167725,1.0880352743790245,1.088035273331279,1.0880352747836222,1.0880352872263561,1.088035280855609,1.0880352789568106,1.0880352758043512,1.0880352747041642,1.0880352690859427,1.0880352674041047,1.0880352626753234,1.088035260917,1.0880352566877542,1.0880352512720668,1.08803524721305,1.0880352607036663,1.0880352580285921,1.0880352555439574,1.0880352533734468,1.088035252039277,1.0880352469216317,1.0880352442410397,1.0880352407906388,1.088035245875692,1.0880352417080024
5,1.0828044953500984,1.0828044930605212,1.0828044802870143,1.0828045123148244,1.0828045052753075,1.0828045054738287,1.0828044298014323,1.0828044169772713,1.082804419673034,1.0828044109282131,1.0828043632645625,1.0828043487845553,1.0828043378129253,1.0828043388745743,1.0828043241102512,1.0828043147444153,1.082804320779034,1.0828043829031988,1.082804373736857,1.0828043643900047,1.0828043529815092,1.0828043092238953,1.0828043011457091,1.0828042930778763,1.0828042831335045,1.0828042749709572,1.0828042650108787,1.082804263314712,1.082804250748774,1.0828042431414926,1.082804257201917,1.0828043674799954,1.0828043625197268,1.0828043579337183,1.0828043578348183,1.082804354619874,1.0828043470375635,1.082804363132565,1.0828043666652925,1.0828043611491704,1.0828043544373533,1.0828043488160302,1.0828043431690915,1.082804260108869,1.082804252252693,1.0828042450817328,1.0828042372905902,1.0828042301705942,1.0828042308588897,1.0828042241514815,1.0828042244427514,1.082804222748323,1.0828043327474386,1.0828043316393077,1.0828043308102961,1.0828043374172132,1.0828043319583802,1.082804329319944,1.0828043256216322,1.0828043242769199,1.082804320236387,1.0828043087037458,1.0828043036684019,1.0828043020276987,1.0828042981168056,1.082804293408068,1.0828042890594147,1.0828042926183299,1.082804289371492,1.0828042861791036,1.0828042839978136,1.0828042823427861,1.082804277056609,1.082804272662594,1.0828042688298118,1.0828042746208686,1.0828042701528664
6,1.0442272267618733,1.0447560293992098,1.044297225131443,1.05448462447795,1.0543386597408144,1.0559930631896306,1.0582538308651726,1.0587072182471056,1.0629979478413045,1.0631184792788129,1.0620446545760098,1.0619893159978013,1.062124839680078,1.062949325034971,1.0628232053417506,1.0628521285383272,1.0634310361728432,1.0639817639870077,1.0639648152334955,1.0639366391083127,1.0638088589130859,1.0602465571939992,1.0604104019481067,1.060550603199183,1.0605267942207133,1.0606265954635885,1.0606306349708592,1.060578181670544,1.0604080566637832,1.0603846669570622,1.0605506517153884,1.0745017071290053,1.0745017025030401,1.0745016986308997,1.0745016979992386,1.074501695951554,1.0745016890099628,1.0745016920567518,1.0745016949333097,1.0745016893958734,1.074501682799264,1.0745016773830174,1.0745016717104923,1.0745016690392863,1.0745016635281592,1.0745016584940248,1.074501652734204,1.074501647680698,1.074501648349137,1.0745016431719756,1.0745016456477963,1.0745016437158623,1.0745016433995098,1.0745016422110316,1.0745016402727412,1.0745016444260376,1.0745016391316504,1.0745016358799089,1.0745016316311689,1.0745016138902237,1.0745016135622454,1.0745016058035546,1.0745015993338933,1.0745015979113552,1.0745015944558565,1.0745015906557696,1.074501585870895,1.0745015880278026,1.0745015838979184,1.074501579812682,1.0745015776028521,1.074501575435812,1.0745015700088132,1.0745015629017511,1.0745015588024995,1.0745015652991736,1.0745015605314916
7,1.0218598128990142,1.022565099144917,1.0219325737412064,1.0384534736502122,1.0381880960978502,1.0406754481268226,1.0436534396069317,1.0443286125895677,1.0510338850262917,1.0511774669541096,1.0503232193835228,1.0502761146788022,1.0503669483097868,1.05095782642919,1.0508479320752417,1.0508769038324415,1.0513381407121267,1.0516225662755596,1.0516074914960991,1.051582653166266,1.0514667744176842,1.0474885120413273,1.0476323690479403,1.047757844149117,1.047737893867908,1.0478354219710952,1.0478403337047852,1.0468197524255776,1.0466865488861645,1.0467074349220329,1.046848469534937,1.0536462346801627,1.0536038743839056,1.0536778734222392,1.0537664436627299,1.0538060147338388,1.0537358195566815,1.0538677061172714,1.0540742667207836,1.0540397359720812,1.0539786364715125,1.053964770928147,1.0539483638434823,1.0539987206739356,1.0539500343417638,1.0539073997782658,1.0538848964004965,1.0538465056316024,1.0538426984790819,1.0538429014209056,1.0540536752876268,1.054097044897358,1.054136249573157,1.0541372684673511,1.0541912712490422,1.0543695293947533,1.054330882545662,1.0543504733290563,1.054360380492606,1.0536378107783224,1.0536547633929225,1.0536541722704564,1.0535987742395767,1.0535834430677593,1.0535493966347562,1.0534940433830073,1.053491310237281,1.0535340104809783,1.0535427078280597,1.0535594137645694,1.0535504101517197,1.053561001594278,1.053542672588954,1.0534919449001832,1.0534885927523918,1.0534897728094417,1.0534797363861228
8,0.9997589015310149,1.0000270854084763,0.999381705452856,1.0297846416844516,1.0295274496125766,1.0322758466594886,1.035785556380356,1.0365853142762074,1.0468337964913295,1.0468337964114771,1.0468338021016617,1.0468337996505697,1.046833799488849,1.0468337993809105,1.0468337960966412,1.046833795130198,1.046833803685359,1.046833812509169,1.0468338113912863,1.0468338100620493,1.0468338070561054,1.046833773289564,1.0468337733675441,1.0468337731747785,1.0468337709319633,1.0468337709563516,1.0468337691318519,1.0468336988293314,1.0468336907919986,1.0468336877472617,1.0468336967900942,1.046833774907299,1.0468337718766767,1.0468337729262958,1.0468337762331403,1.0468337817264988,1.0468337762567068,1.0468337844060305,1.0468337957934402,1.0468337932238014,1.0468337890793573,1.0468337875903222,1.0468337857037253,1.0468337891691222,1.0468337852094067,1.0468337818948779,1.0468337795199054,1.0468337762614102,1.0468337799138945,1.0468337789143116,1.0468337778858572,1.0468337802409535,1.0468337890045032,1.046833788961711,1.0468337933095804,1.046833807881507,1.0468338047121355,1.046833805650856,1.0468338059477966,1.046833790286333,1.0468336874242805,1.0468336866540766,1.046833681720611,1.0468336806734257,1.0468336781739773,1.04683367440475,1.0468336720987779,1.0468336753928964,1.0468336737290098,1.04683367228709,1.0468336708163501,1.0468336701094867,1.0468336668498104,1.0468336636987443,1.0468336616301095,1.0468336646043555,1.0468336621212093
9,0.9640054483553426,0.963586459396083,0.9631246351894591,1.0224175285769972,1.0222383115486562,1.0232705358195173,1.0246883978522439,1.0251372110462675,1.028212106001973,1.028287093863688,1.0287694952358444,1.0287568774200428,1.0287070152380828,1.026903061294363,1.0268216180371055,1.0268586318055721,1.0272031619908153,1.0274716282430638,1.0274614470746892,1.0274430713921718,1.0273600648539993,1.0272069199946896,1.0272651091158724,1.0273085446444494,1.02730095720105,1.027355259182893,1.027360908059722,1.024004935152637,1.0238728957599539,1.0239887331298085,1.0241392162197058,1.0241543982695658,1.0240904035582288,1.0241486924211922,1.0242729578832979,1.0239582150103006,1.0238552210070142,1.0240292750699316,1.0242834674075,1.0242437906449937,1.0241730073447948,1.0241781282115647,1.0241587731629818,1.0241835808607573,1.024092663848158,1.024040022064175,1.0240119699691594,1.0239629082770527,1.023987916418217,1.0239878157958646,1.022006186290158,1.0221069175293733,1.0223288183572943,1.0223303809789193,1.02246794119239,1.0228914660884636,1.0228074227395891,1.0228494323893367,1.022870623610998,1.0229251935171118,1.0170606456217897,1.0170693449933599,1.017054383670828,1.017046995714771,1.0170303910330092,1.017000294638491,1.016998878504657,1.0170247147471176,1.0170288962344614,1.0170363247742726,1.017030885930438,1.0170360505846219,1.0170247130801773,1.0170291134864593,1.0170254950465791,1.0170260006802667,1.0170211190274872
10,0.9460921080598105,0.9453223566325724,0.9449351860807309,1.0240060910739333,1.0240060801041824,1.024006075161246,1.024006075889352,1.0240060622580456,1.0240060642781783,1.0240060534625717,1.0240060468387773,1.0240060340355692,1.024006037119593,1.0240059859925568,1.0240059717924086,1.024005961483606,1.0240059632323908,1.024005959065906,1.0240059464737439,1.024005933875714,1.0240059209907704,1.0240059119882687,1.0240059000939454,1.0240058879933789,1.0240058761395539,1.024005864910293,1.0240058526211044,1.0240058037509003,1.024005789979983,1.024005683052064,1.0240057010226027,1.024005686641376,1.0240056777230642,1.024005662626482,1.0240056543194147,1.0240056063741076,1.0240055916677906,1.0240055819431533,1.0240055728246842,1.0240055596564415,1.024005545977952,1.0240055331556546,1.0240055184365937,1.0240055063190927,1.0240054928777507,1.0240054826383171,1.024005468418889,1.024005457909902,1.0240054617086491,1.0240054470793247,1.0240053613613367,1.024005351824008,1.0240053410768555,1.0240053370127642,1.024005323369801,1.0240053215335134,1.0240053075366005,1.0240052954409173,1.0240052806815252,1.02400526890526,1.0240051449528476,1.0240051282578289,1.024005111314436,1.0240051087877777,1.0240051023694965,1.0240050982654094,1.0240050823998457,1.0240050748846952,1.0240050589524754,1.0240050418278697,1.0240050358444552,1.0240050266958776,1.0240050103333846,1.0240049956171355,1.0240049820989745,1.0240050043498135,1.0240049897461379
11,1.0683191459060017,1.0872374801569746,1.0873659364178094,1.0867286760516115,1.0867461277247359,1.0868024541194332,1.0790522189229796,1.079058601081115,1.0790308089045264,1.079046963921167,1.079071582133825,1.0790814391573793,1.0790771982695584,1.0790703133179536,1.0790833610844723,1.0791028114173693,1.0790510990690303,1.0820095870406052,1.0820209743788332,1.08203490996165,1.0820894946963355,1.0821291266791948,1.0820926585141173,1.082071517482539,1.0820828792303483,1.0820563465996622,1.0820588962193367,1.0820464580435547,1.0820989408228368,1.0821139075898842,1.08211003476942,1.0819863922814401,1.0820083835378413,1.0819835204741874,1.0819420507776492,1.0819323486814572,1.0819774681836247,1.078069191339116,1.0780383921116838,1.0780420044981711,1.0780510889900559,1.0780577673559888,1.0780609930205574,1.0781715725739802,1.0781776757251984,1.0781844596120223,1.0781868547764377,1.0781914072389196,1.0781815752258765,1.0781828295493463,1.0781706079637845,1.0781648344069157,1.078036305086866,1.078036447090214,1.079027125507106,1.0788795592570268,1.078908579479281,1.0789011861096816,1.0788942519494926,1.0788777237431573,1.078906498560465,1.0788958514367089,1.0789049958237111,1.0789128912415924,1.0789364011358418,1.0789761116091108,1.0789787791189112,1.0718608217570802,1.0718636692540429,1.0718683577238746,1.0718658653871502,1.0718686719256054,1.071863121191714,1.0718658704728314,1.0718643339943918,1.0718648109045983,1.0718619453387077
12,1.0689030433116102,1.08689230477829,1.0870412693317022,1.0862924069290356,1.0863159460219451,1.0863857170964766,1.075341960695039,1.0754005444684014,1.0754556971792466,1.0754949735103074,1.0758012368557401,1.0758013968108897,1.0758166445848039,1.0758987912360694,1.075888260508849,1.0759139127252202,1.0759680662697457,1.0807021168611994,1.0807126200560642,1.0807258759478242,1.0807801837078594,1.0808271073135816,1.0807896936965329,1.080767322581932,1.0807779605941497,1.0807510238161562,1.0807529756367187,1.0807404727284757,1.0807925112431498,1.0808069935308118,1.0807999560586046,1.0806753140537257,1.0806971714658327,1.0806722386225045,1.0806304008270806,1.0806205321234779,1.0806650923867147,1.075596878261953,1.0756370337880803,1.0756292950579667,1.0756174818689206,1.0756156823374758,1.0756128388572932,1.0757483728089605,1.0757377886623518,1.0757292249998671,1.0757238135870493,1.0757151863918863,1.0757104966325042,1.0757111545439078,1.0757301127259822,1.075740094626473,1.0756353072168696,1.0756356185788438,1.0771072142662184,1.0769706908093537,1.076997013459662,1.0769893766266607,1.076982898140421,1.0769669746003772,1.0769931774741919,1.0769829613591742,1.0769910172390127,1.0769984887429052,1.077019948794844,1.077056874747317,1.0770590984355914,1.0691820715394433,1.0691887774388573,1.0691982914553628,1.0691925229323462,1.0691969530130312,1.0691845875542776,1.0691914643422793,1.0691890352590503,1.0691890315412689,1.0691829426034816
13,1.0715380594696844,1.0854109487805683,1.085566531127158,1.0848772585144855,1.0849283758957247,1.085010529992428,1.0620818249358985,1.0624940410816281,1.0631430252574805,1.0633393938437417,1.0654434724062525,1.0653799677165765,1.0655342721405123,1.0662131381334037,1.0660429153835478,1.066100034152802,1.0668950994816193,1.0819081736289702,1.0819064042842306,1.081902964991285,1.081890988288413,1.081937312300772,1.081948189901584,1.0819601979673126,1.0819587223752147,1.0819645820159707,1.0819649335900805,1.0819693526013863,1.0819550367817956,1.0819561973490517,1.0819762427854491,1.081988268791182,1.0819801028860492,1.081987593410803,1.0820047889259499,1.0820056926462176,1.0819918823874726,1.0768922680848994,1.0772761283372085,1.0772149265396018,1.0771038911114927,1.0770622875173923,1.0770311995626998,1.077180100263202,1.077089523803188,1.077008583862661,1.076966325844418,1.0768939826687984,1.0769181122176088,1.0769170620279387,1.0770885078946135,1.0771739673916172,1.0772664946584887,1.0772678318494717,1.0797109704711345,1.0798341508512799,1.0798080915722583,1.0798198196095994,1.0798261388745583,1.079835993082128,1.0798145613572645,1.0798238101554567,1.0798158158306663,1.079806877048045,1.0797858386799855,1.0797520443948196,1.0797499790211802,1.0787815716377884,1.078788237866849,1.0787929100865998,1.0787901652806948,1.0787912353333484,1.078784603509046,1.0787892967336352,1.07878892417473,1.0787884818722169,1.0787852929528028
14,1.073586213191884,1.0844258479815863,1.0845846268416934,1.083897896224531,1.0839605071041394,1.0840316258536817,1.0553325755783103,1.0560135245686997,1.0570558254995335,1.0573727306476821,1.0601776899154454,1.060074991861723,1.060318369672462,1.0613778927295796,1.06110755177523,1.061196141310778,1.0624391216986893,1.0852465230043948,1.0852462654060244,1.0852462893172787,1.085247608236683,1.0852498353218973,1.0852480111413683,1.0852465242738396,1.0852464570814306,1.0852459588080394,1.0852457222287675,1.0852404060234007,1.0852415494244727,1.0852444102792627,1.0852436680166346,1.0852099349446063,1.0852105263062106,1.0852114911655977,1.0852114222434976,1.0852081690876254,1.085209514692194,1.084060957172746,1.0840909020412912,1.0840859281080781,1.0840765071554432,1.0840720972846425,1.084069358665452,1.0839301499253644,1.083926273475125,1.0839223714952246,1.0839206562680712,1.0839177647042724,1.0839169212401467,1.0839165753429063,1.0839223467847858,1.0839261483685594,1.0840490653444579,1.0840489643262317,1.0842672918970166,1.0842770014413634,1.0842743406532882,1.0842746329776258,1.0842751807494333,1.084274282163871,1.084272725038143,1.0842746196916062,1.0842738320778464,1.0842733393999948,1.084271358722654,1.0842689608288807,1.0842686176908642,1.084237012571761,1.084238856751672,1.0842378729892277,1.0842385706427555,1.0842370158277244,1.0842376812937071,1.08423821816103,1.0842392795660403,1.084238858565896,1.084239271138928
15,1.0791129480749482,1.082328930010004,1.0824886355913323,1.081404551294656,1.081448408967732,1.0813599538134702,1.0657351553444536,1.0658929773993757,1.0660905591128391,1.066172311977622,1.0639610934814436,1.063900198506448,1.064036370634778,1.064631771918597,1.0644753322366383,1.0645193488739773,1.0652028410253767,1.0710367915020373,1.0710156706383012,1.070981098199797,1.0708323362182455,1.0707256053249399,1.0708232738107961,1.0709008294183977,1.070884347100659,1.0709462411811292,1.0709471766317722,1.0710197281189684,1.070898071251711,1.0708957111686874,1.0710010432878194,1.0709657652463827,1.070909690956521,1.0709787569417086,1.0710936470403543,1.0710998032745875,1.0710027951705872,1.0717239010683126,1.0719235899804544,1.0718934965508025,1.071835532429942,1.0718103221198458,1.0717937077852946,1.067804352209414,1.0677100103330783,1.0676269317857705,1.0675831431910707,1.0675080470556946,1.0675320209589683,1.0675317279242633,1.0677113322403502,1.0678000622471118,1.0721927465453787,1.0721929262296612,1.0721866684314005,1.072288837253605,1.0722669253260428,1.0722776316028864,1.0722831213643353,1.0722926428314923,1.072277323845593,1.0722350671261822,1.0722278707388095,1.0722192277456428,1.072199722732659,1.0721686439534581,1.0721669746138147,1.0721941579989591,1.0722033425488733,1.072212930992125,1.0722080769579034,1.072213751251622,1.0722031615536687,1.0722032153783172,1.0722003179202246,1.0722011654734374,1.0721955456081955
16,1.0802088174551305,1.0807043285547386,1.0808662450855833,1.0801516186075568,1.0801901002111145,1.0799426775241603,1.0747308342494792,1.074555783077153,1.074367670740868,1.0742947321799192,1.0711084525221874,1.0711062145712569,1.0711011488574338,1.0711108744019102,1.0711067465405695,1.071089759295873,1.0710858078990375,1.0721610257854854,1.072158189137704,1.0721560284834208,1.0721435055695525,1.0713682444159973,1.0713539127827367,1.0713337794719087,1.0713336873676131,1.0713327718082977,1.071331332186035,1.0713606362674457,1.071375853185071,1.0713849109917746,1.0713474479350278,1.0715646688446019,1.0715720945957516,1.0715562226272237,1.071545325709135,1.0715337651240315,1.0715457745921264,1.0717559684548021,1.0717035346831247,1.0717128261912658,1.071726540751587,1.071728013762966,1.0717313753263207,1.0692933527695263,1.069295881778312,1.0692976081770627,1.0692990770405504,1.0693012849586792,1.069293205040516,1.069293084612947,1.0692849466192667,1.0692830585851536,1.0702234776223514,1.0702231088981797,1.0701950968208103,1.0701752477577886,1.070177599096824,1.0701758953031428,1.0701753147382578,1.0701668597566667,1.0701774207947827,1.069988004989134,1.0699841933827607,1.069980962457199,1.0699738514437802,1.0699636356866238,1.0699630471674055,1.0699550881433009,1.0699611991023978,1.0699646987961897,1.0699634678798684,1.0699657216813478,1.0699622665738568,1.0699497345748543,1.0699487555912783,1.0699492578638439,1.0699473138443507
17,1.050804024809829,1.051295747018214,1.0509567317022495,1.0573518405203604,1.0572201682028446,1.0584820520488336,1.0593224367690737,1.0596034892970732,1.0626039986314044,1.062687309644136,1.0597810890249217,1.0597334672473648,1.0598302100287147,1.0605163141926979,1.0604007917131555,1.060430043094462,1.0609055606727376,1.0609651293873343,1.0609487994689177,1.0609226645647716,1.0608015485948394,1.0562236578349933,1.056358662767507,1.0564757823969673,1.0564564166208419,1.0565406110307924,1.0565442443226396,1.0564569606389256,1.0563194804433156,1.0563255573361947,1.0564677890760392,1.0647128628924185,1.0647136736829943,1.0647072912218756,1.0647130122486237,1.0647003072797798,1.0647020095443303,1.0647226386323356,1.0647230204414648,1.0647221607236321,1.0647198135359919,1.0647189550590457,1.0647183521330368,1.0642644840912099,1.0642690023014465,1.0642722232037574,1.0642743739325637,1.0642779132123656,1.064258850808707,1.0642589411439176,1.064261310784597,1.0642582882377123,1.0640103257191744,1.0640100130286305,1.063994602895878,1.0639869590817856,1.0639858476142048,1.0639861218743518,1.0639864907344745,1.0637960887263411,1.0638274345346854,1.063621629300865,1.0636034780200156,1.0635997304238052,1.063591570627156,1.0635803289110337,1.0635796926242111,1.0635731028008704,1.0635766820402666,1.0635807786606775,1.0635796065739322,1.0635823414194328,1.0635786426985432,1.0635253226476897,1.0635253609630748,1.0635258692599874,1.0635235392796007
18,1.0181315543113572,1.0188312117181453,1.0181854458799973,1.0359576174595617,1.0356738668437235,1.0382609907061586,1.0413176407565616,1.042023542246014,1.0491170813085586,1.0492568157155087,1.0484918665754799,1.0484492546835278,1.0485232683367285,1.048994252655368,1.048893799457614,1.0489210778191307,1.0493303150623923,1.0495542938468407,1.0495404607466015,1.0495177421543371,1.049410592173346,1.0456089878179362,1.0457368717435056,1.0458485121464758,1.0458309393940959,1.0459219000990476,1.0459267223516653,1.0446031849417552,1.0444899612516745,1.0445220434972806,1.0446437260043178,1.0503137839863435,1.0502726669977065,1.0503465094018407,1.050434001629364,1.0504736664998022,1.0504059709427858,1.0505310495276896,1.0507351243170417,1.0507004894272174,1.0506394435669004,1.0506269120357714,1.0506106394679342,1.0506626511514108,1.050614362167722,1.050572159633979,1.0505499469168214,1.0505121966987379,1.0505031121019455,1.0505033711595282,1.0507189939844233,1.0507615455156052,1.0507950013715621,1.0507959359963077,1.050848058944809,1.0510250079418335,1.0509858806262729,1.0510058599247059,1.0510159123819593,1.0501817615436142,1.0501616972833154,1.050163114728305,1.050102308611307,1.0500870176747252,1.0500531575210115,1.0499988297601053,1.0499961296818843,1.0500357733075776,1.050044369401579,1.0500610460867246,1.0500523576684946,1.0500629503764332,1.0500449662859443,1.0499918651520792,1.049988813329655,1.0499900498758838,1.0499800730163624
19,0.9950311049625865,0.9953878874829785,0.9948279615279937,1.021460020048752,1.0211022568060444,1.0235590777017658,1.026319596675721,1.0270805295927745,1.034005756207589,1.0341232542554424,1.0339684497282229,1.0339544184473648,1.0338937642010249,1.0325259715255846,1.0324748011329525,1.0324896689646235,1.0326136564590762,1.0325427279701287,1.0325361947523843,1.0325263914867442,1.0324682696137764,1.0299916109155465,1.0300059414078877,1.0300102871541341,1.0300089763506397,1.0300629830222845,1.0300687033320033,1.0233759362126595,1.023356058440692,1.023464847718288,1.0234948970538194,1.0242682212530514,1.024242682040867,1.0242863094132908,1.0243483009245056,1.024379694554695,1.0243401388118625,1.0244030850575747,1.0245414700680793,1.0245158489826813,1.0244716534928047,1.0244775040302214,1.0244662893877796,1.0244959634980995,1.0244588692547858,1.024429686415891,1.0244146437137427,1.024389558854457,1.0243602268505565,1.0243606718880705,1.0242810328133494,1.0243075256685195,1.0243103461227046,1.0243105573840021,1.024340562020245,1.024463320491583,1.0244330673250046,1.0244490833458582,1.0244569668930072,1.023261469631975,1.0219939542008207,1.0219974098810842,1.0219191704523216,1.0219134518769253,1.0219013225151283,1.021885961836307,1.0218851446828763,1.0218862922707894,1.0218891522468447,1.0218954562138192,1.0218937404014303,1.021897750777072,1.0218927363189307,1.0218516840937402,1.0218501470206147,1.0218507991730554,1.0218472514184465
20,0.9710706046992399,0.9707968638211867,0.9703097849466571,1.0220163563674354,1.0217837254463518,1.023234201478053,1.0251388178074596,1.0257197176586412,1.0300070862906323,1.0301048513074287,1.0306630276571787,1.030647496571447,1.0305935357275708,1.0286118192430902,1.028523517478971,1.0285631964227635,1.028923616159128,1.0291893680274378,1.0291783831145325,1.0291587217192353,1.0290680135539783,1.0287640116651193,1.0288241594679104,1.0288684181490597,1.0288606955447375,1.028921064447986,1.0289276018517413,1.0243750819792556,1.0242182235766717,1.0243500991847216,1.0245336417602775,1.02454163344807,1.0244645783889461,1.0245355365835138,1.0246883016083883,1.024441904126558,1.024318931828745,1.0245298669726346,1.0248436758691415,1.0247939984912962,1.0247054863980074,1.024706705395412,1.0246825450019919,1.0247108798033089,1.0246066448120184,1.0245409516465795,1.024505894847734,1.0244450193648185,1.0244676944668545,1.024467683474458,1.0225471591781103,1.022653283755428,1.0228814612375012,1.022883099339696,1.0230275120820953,1.0234766443073313,1.0233863954619111,1.0234317219535443,1.0234545187010484,1.0234699465736063,1.0149287911892044,1.0149287968673923,1.0149287973688736,1.0149287968467504,1.0149287958600848,1.0149287921274983,1.014928795868538,1.0149288016618714,1.0149288063762396,1.0149288119277096,1.0149288125521692,1.0149288157503933,1.0149288179054385,1.014928821811694,1.0149288246275272,1.0149288190936285,1.0149288219397419
21,0.9384957968978838,0.9377033257771631,0.9373919088604192,1.0032936262189767,1.0035463895798165,1.003283773042605,1.0033399895267845,1.0034771965120741,1.0034228263794371,1.0034286325662765,1.0035580670681052,1.0035531213215154,1.0044532211331638,1.0020292436935267,1.0019807535014487,1.002002918345265,1.002237439730135,1.0023946013420746,1.002388023936134,1.002374897322194,1.002323292836538,1.0023212636774683,1.0023739548933401,1.002402771780462,1.0023982689030329,1.002439156569691,1.0024420425310088,1.0019316776813427,1.0019138924699988,0.9985503796702909,0.9985327094721859,0.9984529607888655,0.9984541103195131,0.998447177495048,0.9984339302570657,0.996262529081868,0.9962560425101857,0.9962389302053556,0.9962039610090927,0.9962088373292474,0.9962167124951146,0.9962416638778464,0.9962440236461302,0.9962391320870619,0.9961884548041823,0.9961933247847141,0.9961959669111786,0.9961997617630386,0.9961324065139838,0.9961327264031815,0.9949987487537941,0.9950053035228368,0.9950128128554644,0.995011624152819,0.9950181934713888,0.9950305387203922,0.9950258917433321,0.995028826992256,0.9950301440199782,0.9950367902843565,0.9949869013047455,0.9949841368586393,0.9949733426067663,0.9949753088500034,0.9949794080166887,0.9949888515853832,0.9949892212478378,0.9949804868663389,0.9949794941470839,0.9949732900155865,0.9949756944021478,0.9949748835017302,0.9949771661137099,0.9949760813623331,0.9949742722641298,0.9949740383955262,0.9949749469966466
22,0.9126180316510435,0.9115165181220016,0.9113924927485705,0.9493518696105607,0.9506274246395892,0.9507399509304576,0.9513178413948227,0.9516650323409838,0.9519271029213117,0.9520259849308562,0.9528009031629023,0.9527390859042756,0.9564783782213283,0.954322492192029,0.9542258433971106,0.9542642846757703,0.9548519326833288,0.9552721102390098,0.955254681883347,0.9552208692821585,0.9550980699283096,0.9551636885165002,0.9552930392894151,0.9553702954569099,0.9553572340688266,0.9554327794540939,0.9554354195581132,0.9554383750276009,0.9553494633185284,0.9452326509308727,0.9452959287877899,0.9453362081322472,0.9452970416726802,0.9453191693405166,0.9453831928344086,0.9428339369155267,0.9428127552069101,0.9429142321568903,0.9430797178433591,0.9430490436994048,0.9429954891373408,0.9429849477894005,0.9429711014904403,0.9429795806473685,0.9428816733770283,0.9428454447683641,0.9428264775330545,0.9427917808740679,0.9425631819049811,0.9425637929436474,0.9425448750095977,0.9425804477725437,0.9426509955684276,0.9426796965474656,0.9427284678125352,0.9428772252221447,0.9428404244462325,0.9428600426380186,0.9428696132142524,0.9428859657482116,0.9429080714886628,0.9429220322559229,0.9429076934581432,0.9428942525499167,0.9428649767896814,0.9428032700420583,0.9428012361461967,0.942830374884431,0.9428372932677324,0.942847067444181,0.9428416282460177,0.9428509990535534,0.9429575648530876,0.9429648581350434,0.9429598915509496,0.9429610601776224,0.9429525812577253
23,0.9106861442031343,0.9094133181879457,0.9092677218506895,0.949496074947549,0.9510883350705639,0.9513980001461281,0.952149791589559,0.952492333547287,0.9528917374009346,0.9529957246465768,0.953934134382001,0.9538519547339038,0.9579781463568338,0.9567145642792723,0.9566082667079835,0.956645961306335,0.9574517412534219,0.9579436298403996,0.9579228053899508,0.9578843096829109,0.9577496698305717,0.9578470551897906,0.9579835184325639,0.958064696501754,0.9580484764265942,0.9581215222614207,0.9581229064703124,0.9582980406979963,0.9581895876328338,0.9450413854143751,0.9450413816589447,0.9450413900442107,0.9450413915181527,0.9450413981218448,0.9450414032974849,0.9450413396994704,0.9450413355206695,0.9450413457377581,0.9450413621325925,0.9450413636292148,0.9450413636737656,0.9450413663388587,0.9450413690609054,0.9450413732516686,0.9450413696199954,0.9450413693128693,0.945041371210731,0.9450413708819658,0.9450413786521785,0.9450413822178567,0.9450413933827055,0.9450413991700505,0.9450414101749632,0.9450414124353874,0.9450414211548571,0.9450414397718797,0.9450414402357998,0.9450414451357068,0.9450414500215618,0.9450414561354288,0.9450414605163964,0.9450414660585172,0.9450414687513202,0.9450414681653415,0.9450414670444446,0.9450414606012123,0.9450414641702385,0.9450414702356205,0.9450414748153716,0.9450414799313704,0.9450414802509146,0.9450414834010537,0.9450414910556202,0.9450414954232758,0.9450414981593378,0.9450414927436401,0.9450414954985111
24,1.0687779285567962,1.0867759999199678,1.0870113490075228,1.085873019114152,1.085903449446313,1.08597437536885,1.073931396787171,1.0738833134776846,1.0737374245721867,1.0737400131488806,1.0734496906647668,1.0734787859924309,1.0734490059948305,1.0733345030627435,1.0733857796893718,1.0734143790070785,1.0731990751762734,1.0766899080793864,1.076714181320415,1.0767448392955625,1.0768636566292324,1.0769282616033113,1.0768475368740549,1.076796451252236,1.076820073164806,1.0767631868731125,1.0767680576593897,1.0767439156976026,1.076858798592659,1.0768859131125472,1.0768601210869033,1.076608065312445,1.076657505340783,1.0766035189689438,1.0765085476604062,1.0764910268723251,1.0765894813702528,1.0699933318869688,1.0698358230867329,1.0698591806065374,1.069905850445347,1.0699294757576463,1.069943831612857,1.0701005615869346,1.0701361930560302,1.070170623511841,1.0701864221192159,1.0702138811989026,1.070191922857146,1.0701947140184263,1.0701276733913925,1.0700939370828935,1.06983726536482,1.0698372645289864,1.070736489628925,1.07044663096133,1.0705048415775027,1.0704890526553332,1.0704752606353385,1.0704445617478664,1.0705006341632626,1.0704802241900415,1.0704986539303945,1.0705148443410522,1.0705618391114131,1.0706399356988,1.0706453348115903,1.0579405567621998,1.057940562447148,1.05794056822388,1.057940571377456,1.0579405747962731,1.0579405826438737,1.0579405876561783,1.0579405932669417,1.0579405843014034,1.0579405910521615
25,1.0707003449393842,1.0857393163177618,1.0859742024629948,1.084754530440307,1.084797560860277,1.0848799775817397,1.0632144440743674,1.0633915600566044,1.0636299644003937,1.0637238495113366,1.0646938584884431,1.0646737793607306,1.064732848586735,1.065012223407991,1.0649499479166853,1.0649907397185345,1.0652798292046417,1.0748102157561694,1.074823041150253,1.074841535305084,1.074920738182743,1.0749723163262463,1.0749136352258495,1.0748718582228138,1.0748845298311103,1.0748460158002537,1.0748468237308988,1.0748256465527717,1.0749015348373785,1.0749180135997694,1.074880828452423,1.0747002488233561,1.0747337213368122,1.0746985126051434,1.0746330520515048,1.0746194730970506,1.074683714251716,1.0659188928269507,1.0660970668624323,1.0660677777829912,1.0660155061165562,1.0659966119227253,1.065982043345496,1.066108398851362,1.0660666120919553,1.0660291405274547,1.0660092325899875,1.0659756393565367,1.065980610617072,1.0659802337712347,1.0660575496346558,1.0660971838359075,1.066038696749678,1.0660392408486488,1.0677274195289792,1.0676873763789787,1.0676936012993927,1.0676916470920998,1.067689915325693,1.0676827106609024,1.067690563348165,1.0676869693140054,1.0676887451583856,1.067690588091616,1.067695914729898,1.0677068136327734,1.0677071762530639,1.0637488377866884,1.0637499643446096,1.0637436292924676,1.0637472012208176,1.0637412636572587,1.0637466865151788,1.0637460194975956,1.063749358020724,1.0637479926652724,1.0637511836234212
26,1.0731810706036007,1.084347261532001,1.0846077034808888,1.0831841436396947,1.0832433786916518,1.0832898067806604,1.0508550502574723,1.0513178972958097,1.0520006770200538,1.0522212814710283,1.05429138047184,1.0542217775223401,1.0543832638369366,1.0551044309794928,1.0549182829177088,1.0549849027704068,1.0558281080795402,1.0713653911518526,1.0713692265672534,1.0713766865410745,1.07141126148254,1.0714212576185356,1.0713922597576664,1.071368093395089,1.071371954149125,1.0713566165529962,1.0713557652825934,1.071336414428807,1.0713692176003935,1.071379197558533,1.0713503331344574,1.0712143486791965,1.0712295263567901,1.0712194901151775,1.0711920511483062,1.0711809435540705,1.0712084169903262,1.0663479753152805,1.0663884612011414,1.066381741136462,1.0663679711816598,1.0663598032119392,1.066355596164865,1.065990738886036,1.065991407752142,1.065990568422249,1.0659912762862416,1.0659923749952898,1.0659889120807147,1.0659879114583615,1.0659829461386237,1.0659826997082196,1.066223853055987,1.066223373813281,1.0666324085686378,1.066613603637377,1.0666158347036525,1.0666109966772663,1.0666100964770509,1.0666039017649092,1.0666073238188687,1.0666092147978752,1.0666099519428165,1.0666123860060566,1.0666146570205353,1.0666206832163294,1.0666203313406766,1.066506589268945,1.0665112687165788,1.0665037662962573,1.0665081352912427,1.066500147932617,1.0665070900282896,1.0665068498539398,1.0665119344073324,1.0665098906326693,1.0665137909398517
27,1.0726651449517168,1.0846248144351558,1.0848821290742006,1.0834947373098673,1.083551538057362,1.083609420479601,1.0529439692765215,1.0533417585577478,1.0539307892098722,1.0541225228158089,1.0560500216138387,1.0559905876006506,1.056130812970106,1.0567606558907519,1.0566000341476696,1.056660162198528,1.057391492623741,1.0721594226423181,1.0721661884828526,1.0721780052778864,1.0722310051401132,1.0722477714246883,1.0722053587163,1.072171032429603,1.0721775669579572,1.0721534326492963,1.072152654283389,1.0721304333930126,1.07218058781385,1.0721919800920463,1.0721510912911343,1.0719976801344486,1.0720205767322475,1.0720010680357437,1.0719577463816605,1.0719456201359119,1.0719871804524612,1.0656621603167309,1.0657731627272955,1.0657551692730707,1.065721317519231,1.0657062525312844,1.065696466954644,1.0655309337653678,1.0655127661516937,1.0654952144415024,1.0654869128888977,1.0654726600885218,1.0654737695475014,1.0654727389906136,1.0655039045489434,1.0655214529567931,1.0656121182812865,1.0656120039955,1.0663265247665088,1.0663530264750307,1.0663461662354883,1.066346179371191,1.066347566304696,1.0663460394904438,1.066341550927994,1.066345145180347,1.0663430792039763,1.0663420377559867,1.0663367922705593,1.0663301298386996,1.066329164704494,1.065946755428664,1.0659525597188555,1.065947098052352,1.0659502321001397,1.0659435756189393,1.0659480982649925,1.0659489814002379,1.0659532543779253,1.0659513692249316,1.0659540339640097
28,1.0775845049742547,1.0814884874271893,1.0817842104893247,1.0799938197286039,1.0800599279553824,1.0798285964763468,1.058296783080674,1.058320665053661,1.0583107494556676,1.058330819103239,1.0543027327926664,1.0542538729909137,1.0543556592474475,1.054804457759251,1.0546807950602015,1.0547035800784461,1.0552296741110885,1.0609199013375126,1.0609029418343279,1.0608773323794596,1.0607660609634164,1.0605245535578403,1.0605829616419387,1.0606221153310726,1.060610119097679,1.0606522979638737,1.0606516035515259,1.0607048935242256,1.0606297552915789,1.0606340029034855,1.0606797101306924,1.0605580727423782,1.0605249847015252,1.0605790338436976,1.0606483608640331,1.060644280941369,1.0605874338852632,1.0612538298529541,1.0613179491248939,1.0613102745213725,1.0612906675456222,1.0612771702116373,1.061270751627291,1.055400775686424,1.0553426257319756,1.0552909605143495,1.0552638890080723,1.0552173984367959,1.0552296039738547,1.0552292785097455,1.0553386916952312,1.0553935609172895,1.0581551609335988,1.0581548824215457,1.058103000186903,1.058113973525667,1.0581102830056486,1.0581110650789742,1.058111919274049,1.0581103890288033,1.05810991358624,1.0580908879254136,1.0580898075468088,1.0580888672390893,1.0580858979357635,1.0580828483874731,1.0580824732349106,1.0581269613077104,1.0581278779548449,1.0581293410248414,1.0581290420474618,1.058128741230599,1.058127009576444,1.0581246674651428,1.0581252821008793,1.058125023036425,1.058124117784326
29,1.076948051588852,1.0771699506222425,1.0774249604963824,1.0767049244400242,1.0767658357891037,1.0763706859376063,1.070273201234095,1.0699306707904257,1.0696922262862807,1.0695449259118022,1.0639602630972724,1.063967859530783,1.0639337124871826,1.0638547987762081,1.0638771376566047,1.063838358597157,1.0637056125208209,1.0643130299548702,1.0643126002536152,1.0643163923416217,1.0643264690620349,1.0627303995495114,1.0626866370391312,1.0626363220049797,1.0626393237918486,1.0626264714722924,1.0626237752823564,1.0626688549165102,1.0627195919860097,1.0627337544193978,1.0626462653254438,1.0632810992317667,1.0633111001683433,1.0632532964584416,1.063199132939006,1.0631793030064276,1.063228793804654,1.063413329327758,1.0632554043502103,1.0632822587565065,1.063325792054005,1.0633360879464253,1.0633474165865153,1.0599952187453543,1.0600318923994314,1.060063195780529,1.0600808075501587,1.0601101375798845,1.060090777014906,1.0600905759727177,1.0600172789570637,1.059983559079204,1.0603806752328024,1.060379784046485,1.0603159414317929,1.0601914202378222,1.060214562319024,1.0602015823652167,1.060195769818238,1.0601735524805496,1.0602069966137053,1.0598357418136222,1.059834040141919,1.059834403549141,1.0598352132432258,1.059838406100485,1.0598384611048373,1.0598190244333399,1.059823994854516,1.0598235780891225,1.0598246622249852,1.059824389505384,1.0598253768389987,1.0598028369059085,1.0598033660267978,1.0598035006396356,1.059803886497561
30,1.0478862005470007,1.048321234815413,1.0481220646091025,1.0524754569871986,1.052365281235698,1.0533004889292488,1.0520931950630998,1.052132771986611,1.0543956997542128,1.0543857812320045,1.0481941274935085,1.0481700438592907,1.0481935273180525,1.048613190138305,1.0485581101188792,1.0485488301233967,1.048716495582487,1.0483415274323402,1.0483328518939665,1.0483229149771165,1.048265450430417,1.0413862328385592,1.0414355797899744,1.0414727305666986,1.0414644652826146,1.0415045859604601,1.041505439279546,1.041458861895012,1.041418267538466,1.0414369010131446,1.0414645289748983,1.0454983441602155,1.0455309843080767,1.0454347598804876,1.0453811211971218,1.0453623945777368,1.0454137536802794,1.0454037697012306,1.045262362955946,1.045285327456566,1.0453234475840856,1.0453348530953552,1.0453450747734945,1.0442623422201271,1.0443106673722526,1.0443514683446995,1.0443742676185142,1.0444120378955764,1.0443811674597205,1.0443810625540408,1.044306798284635,1.0442630200824472,1.0438907229338907,1.0438896541558043,1.0438185071848693,1.0436454618148439,1.0436778237301698,1.0436597994416033,1.0436517335930477,1.0433954044912244,1.043461657937733,1.0429725290928507,1.042952318773964,1.0429556361391377,1.0429628860000433,1.0429772775973074,1.0429778793390163,1.0429537991672682,1.042954542488726,1.0429509597114146,1.0429540992482027,1.0429516614928303,1.0429564751981468,1.0428775483901813,1.0428818377978641,1.0428815132899583,1.042883740410982
31,1.0297934717949573,1.0305655838508818,1.0300401940725248,1.0404153665771765,1.0401770933979109,1.042162773096948,1.0437638862480687,1.0442193142143625,1.0489381639713724,1.0490597150695171,1.0462000961571785,1.0461561586754715,1.0462200952483889,1.0467824940447543,1.0466767532030545,1.0466971766182502,1.0470936201391066,1.0470313256413406,1.0470163368447885,1.0469935726908866,1.046881075999545,1.0398667318644312,1.0400044997279838,1.0401257155073949,1.040106839050558,1.0402013813729347,1.0402063036505542,1.039218471775698,1.039100333969872,1.0391343305299103,1.0392636031169808,1.045449351354411,1.045430825894569,1.0454911760484158,1.0455356617287124,1.0455467858278,1.0455191387675147,1.0455668382999457,1.0456537946698343,1.045638210159814,1.0456100377994009,1.0456069576989389,1.045599463729438,1.0454278909357242,1.045410949898064,1.04539552328562,1.045387570355624,1.045373906408786,1.0453481354794856,1.0453484400711082,1.0454690646382465,1.0454848799446577,1.0453367366989261,1.045336757325244,1.0453405102437885,1.0453904452760403,1.0453768017734155,1.045383965707455,1.04538758101348,1.044413293134017,1.0444476674329455,1.0443249614891914,1.0442757099766962,1.0442703838637333,1.044258775181998,1.044242696224088,1.0442418099565927,1.0442367762003293,1.0442405560056804,1.0442464738231394,1.0442447122133547,1.0442487115421657,1.044243436478688,1.0441421287237882,1.0441428850312962,1.0441435295165988,1.044140046523065
32,0.9930343086100734,0.993352977896949,0.9928266287683541,1.0193796613011061,1.019021339341833,1.021295428715311,1.0238476219998085,1.0245765897465764,1.0308235765425062,1.0309439832913543,1.030804467228297,1.0307928503349082,1.03071612660974,1.0288913518374139,1.0288448401027646,1.0288547963651866,1.0289474369574425,1.0288396077279263,1.0288343129496347,1.0288270912472002,1.0287775504476837,1.026181919202316,1.0261812687656289,1.0261688663254822,1.0261695550531371,1.0262211607587803,1.0262272154605194,1.0180771980844436,1.0180703754209606,1.0181732943991282,1.018186244159222,1.0187822487633333,1.0187654881912074,1.0187990842682504,1.0188419469522496,1.0188806493078992,1.0188553535807758,1.0188936145129912,1.0189867516252418,1.0189690453170837,1.0189385326853968,1.0189486968637207,1.0189410877777652,1.0189691716942066,1.0189428785141947,1.018923125588784,1.0189130798428359,1.0188962709491032,1.0188689791213665,1.018869364668412,1.0187981867858011,1.0188145351650424,1.0188026005013782,1.0188026512160695,1.0188192900117716,1.0188950172529783,1.0188752072215688,1.0188857853076445,1.0188910123532482,1.0176389121047502,1.0165281492962768,1.0165307691468188,1.0164657290490966,1.0164622936766852,1.0164551286700143,1.0164472701284575,1.0164468434251708,1.0164444647884805,1.0164461105621223,1.0164499594697294,1.0164493430412878,1.016451747937546,1.016449250086625,1.0164144472316632,1.0164114714879298,1.0164118772683657,1.0164097773117633
33,0.9736461265801456,0.9735405691851364,0.9731130614115765,1.0172433698092962,1.0169515975560823,1.0178887604430598,1.0193687460349579,1.0199114434682996,1.0235311862456045,1.0235844684854958,1.0237594131864542,1.023772221499075,1.0236174176205248,1.019203897669296,1.019165530045019,1.019177509558714,1.0192253624282077,1.019173613932838,1.0191716752062219,1.0191693675685343,1.0191404958426744,1.0182510336522324,1.018243434889828,1.018218610391465,1.0182211268349717,1.018257522049469,1.0182658804033304,1.0096202925373625,1.0095747946569338,1.0096132936492088,1.009660675127568,1.0095204046210366,1.0094999065125911,1.0095230005604299,1.0095657989426303,1.008928131909346,1.0089210776792688,1.0089227559831642,1.0089148735831608,1.008915726367758,1.0089160396381815,1.008953428199848,1.0089534844750185,1.0089519044675606,1.0089110284433653,1.0089094869394324,1.0089087226591134,1.0089061768170693,1.0088599408375232,1.008860308994938,1.0057446681132858,1.0057802246759922,1.0058431784412842,1.0058424315013816,1.005886796163102,1.0060243514598515,1.0059949933519217,1.006010306339176,1.0060178337636079,1.0059728248881548,1.002928249009671,1.0029302132261837,1.0028922132690932,1.0028900716817672,1.0028855429574,1.0028815376784357,1.0028812849767104,1.0028798459647845,1.0028808860218097,1.002881489113841,1.0028814147749057,1.0028832018551035,1.0028819220666794,1.0028703325541595,1.0028685451385222,1.0028688009833213,1.0028674732396057
34,0.9496307533084793,0.9491348503348964,0.9488020537195418,1.0132836142482338,1.0132625222798093,1.012126584475196,1.0117727811220514,1.011755131761277,1.011852726137234,1.0117282053608985,1.0112057408820567,1.0112593064154625,1.0113528146685902,1.0059321714220295,1.005968914370253,1.0059467636119244,1.0056835214510245,1.005441837148952,1.0054502604888789,1.005465060078362,1.005517856010968,1.0053378935002961,1.0052942087646108,1.0052345881252394,1.0052433773258693,1.0052508840956595,1.0052553088726581,1.0025782219592696,1.0026846972275496,1.0013861410453815,1.0012187075594892,1.0008623676378845,1.0009233323488904,1.0008657183773193,1.0007290935842224,0.9978214362395521,0.9979756081028409,0.9976718746820636,0.9971762291315529,0.9972551710958318,0.9973930744153919,0.9974950790851053,0.9975329856344874,0.9974976963446188,0.9975444461345254,0.9976444446391987,0.9976981677249004,0.9977874031826681,0.9976483556279513,0.9976488593007822,0.9932340303514783,0.9931850278020138,0.9930722832984062,0.9930711643579588,0.9930013931372282,0.9927720551139886,0.9928160184227309,0.9927944447955998,0.9927835554854904,0.9927727611996797,0.9918173898502723,0.9917878123618281,0.9917810239409414,0.9918076899311825,0.9918663380329641,0.991970229174233,0.9919750513202167,0.9918959612019871,0.9918815068783117,0.9918500512592147,0.9918687319719299,0.9918508985122655,0.9918821538485194,0.9918669854395906,0.9918719666815958,0.9918694371230896,0.9918862561585639
35,0.931833398196647,0.9310406531428018,0.9307969511128898,0.9856596288511706,0.9860888838370913,0.9856412143263464,0.9857179982896296,0.985941937414222,0.9858501524526063,0.9858564918296043,0.986042747069605,0.9860360290102227,0.9876186743540823,0.9836468523689539,0.9835838698808037,0.9836092760944305,0.9839092546206156,0.9841218501560509,0.984112963417927,0.9840945325437811,0.9840248476886229,0.9840307757710348,0.9841076945214667,0.9841458121956459,0.984139939663464,0.9842002069027839,0.984203453655726,0.9836131426615751,0.9835949709592724,0.9780505322360568,0.9780357447191492,0.9779385111502645,0.9779297557101927,0.9779235425888156,0.9779176455682149,0.9735453702601359,0.9735320071312639,0.9735346678878002,0.973528623358907,0.9735272166667044,0.9735240792316632,0.9735525550040434,0.9735521531379887,0.973548485721333,0.9734548027365286,0.9734521588029807,0.9734508879600825,0.9734478640296743,0.9733113679221184,0.9733118993695781,0.9720992017153077,0.9721078013977258,0.972118166253105,0.9721201116742034,0.9721299770205643,0.9721508913443633,0.9721421032877207,0.97214743746844,0.97214988095913,0.9721578904272986,0.9721892062644063,0.9721888632321521,0.9721754531796986,0.9721750396304857,0.9721740873041942,0.9721762565198947,0.9721763275493844,0.9721711861845884,0.9721713345862188,0.9721645935844067,0.9721666383624102,0.9721675118037802,0.9721865137248632,0.9721866919537206,0.9721830601489841,0.9721830212725542,0.9721824000228746
36,0.8944641578507477,0.8931690270159703,0.8932002547656817,0.915854008942859,0.9180766578632792,0.9186352045213892,0.9194083996159604,0.9197621866286695,0.920203263070508,0.9203587961365229,0.9213166714685757,0.9212358790957514,0.926905429198293,0.9260043832475519,0.9259435201843104,0.9259715388777893,0.92625617747879,0.9265047522338924,0.9264951978659558,0.926475387724822,0.9264018623758249,0.9264367097368399,0.9265128954906088,0.9265610985705993,0.9265537257144576,0.9265988179300494,0.9266015700578524,0.926634949575423,0.9265790699878454,0.9215906312102508,0.9216192657503421,0.9216317563987605,0.9216008945117568,0.9216109295664376,0.9216413581504233,0.9199787369176694,0.9201638278936417,0.9202056497123228,0.9202870905470009,0.92027357442382,0.920249684668092,0.9202472887995319,0.9202413236692998,0.9202445024708722,0.9201606743479437,0.9201459879173417,0.9201384696603446,0.9201166779862016,0.9197610495927021,0.9197615830395001,0.919865878055478,0.9198812088399451,0.9199080270916857,0.9199806643568557,0.9199985305820546,0.9200423176240773,0.9200275224490363,0.9200358376191184,0.9200398341550063,0.920045054039654,0.9200594716513404,0.9200651253348177,0.9200587484751253,0.9200531253519536,0.9200409968571366,0.9199519447253243,0.9199513004713096,0.9199599320305138,0.919962519157623,0.919965324207337,0.9199650465897876,0.919968979304669,0.920358682280848,0.9203611658936159,0.9203596306922799,0.9203599668394731,0.9203571045977654
37,0.8753488453343354,0.8735842103180279,0.8737428028961389,0.8905492032648282,0.8948183811931941,0.8955297919555243,0.8963958971423187,0.8966841093759158,0.8972146919721448,0.89737941189891,0.8983969043809141,0.8982989730914257,0.9067356325458564,0.9067356331058718,0.9067356293757196,0.9067356276146473,0.9067356343869666,0.9067356381577827,0.9067356360196086,0.90673563358898,0.9067356300770322,0.9067356294330771,0.906735628173438,0.9067356273629168,0.9067356252615786,0.9067356243573704,0.9067356224989008,0.9067356245779589,0.9067356208899936,0.9067355258395327,0.9067355311301263,0.9067355285863589,0.9067355248636071,0.9067355208896859,0.9067355179333159,0.9067355056746291,0.9067355345586712,0.9067355331033788,0.9067355386128548,0.9067355356902171,0.9067355325717966,0.9067355296983165,0.9067355264644406,0.9067355239017244,0.9067355176685614,0.906735515226846,0.9067355119916372,0.9067355088707135,0.9067356924175527,0.9067356925027281,0.9067356986618633,0.9067356999177325,0.9067357024983286,0.906735705412912,0.9067357071358385,0.9067357120047721,0.9067357115448484,0.9067357122425806,0.9067357128390021,0.9067357137704314,0.9067357137252391,0.9067357144960636,0.906735714532276,0.9067357142586605,0.9067357136625169,0.9067357032021893,0.9067357033559823,0.906735704680194,0.9067357051192095,0.9067357056046679,0.9067357053442361,0.9067357057595551,0.9067357218200675,0.906735722409623,0.9067357226366375,0.9067357220338128,0.9067357222254235
38,0.8376315040343201,0.8352456248721919,0.835615066561948,0.846608118388611,0.8558668422848523,0.8559284321484856,0.8563532239415719,0.8564039662155427,0.8566595240159394,0.8567400769089754,0.8572534236206214,0.8571861932188372,0.8607984595340459,0.861197970535614,0.8611639976431906,0.8611493071320624,0.8614344682342381,0.8615428549706758,0.8615417627033737,0.8615296336166788,0.8615000175069947,0.8615187413986386,0.8614840020980677,0.8615058599691192,0.8614984007561981,0.8615138397111075,0.8615132484729874,0.8615778538241932,0.8615356352702555,0.861517514138092,0.8615448436695281,0.8616092370237857,0.8615517640562546,0.8615657138639116,0.8615261931937107,0.86179479348659,0.8630936331508088,0.8631237836840882,0.8634480134889186,0.8634475029189479,0.8634474901469443,0.8634479142726708,0.8634464068611911,0.8634499419161156,0.8634107747322033,0.8634087858606561,0.8634070092201194,0.8633888271370059,0.8792846891994541,0.8792846812146511,0.8792846738702775,0.8792846674634568,0.8792846583941822,0.8792846580401881,0.8792846487157351,0.8792846408137224,0.8792846353391899,0.8792846282132927,0.8792846201711306,0.8792846122952078,0.8792846075262376,0.8792845993745729,0.8792845922089434,0.8792845914081019,0.8792845892696607,0.8792845861052372,0.879284578820853,0.8792845742315608,0.8792845666327782,0.8792845583023395,0.8792845552337801,0.8792845507097017,0.8792845439660121,0.8792845369068493,0.879284530828599,0.879284541135907,0.8792845346249538
39,1.0713400307965504,1.0844605222854777,1.084895995556782,1.0826760230214105,1.0827426812331444,1.0827546559150207,1.0520487492027988,1.0520783706796435,1.0520452389181645,1.052077505506897,1.052195422859485,1.0522080467678465,1.0522038060076864,1.05221161020068,1.0522281241177802,1.0522638034354186,1.052194758010177,1.058699395301955,1.0587317879175597,1.0587802421217307,1.058982245195395,1.0590527180351812,1.0589008989309039,1.0587841645170621,1.0588146169356198,1.0587188236123983,1.0587199431820937,1.058680241464544,1.0588748498958893,1.0589020865641008,1.0587715240279583,1.0583815559645486,1.058469290374269,1.0583802423689441,1.0582051104727979,1.0581820043237298,1.05834380686774,1.0427023365520796,1.042702332569159,1.0427023395829564,1.0427023480972166,1.0427023553468415,1.0427023625724203,1.0427023755632747,1.0427023829416278,1.042702389785478,1.0427023973633873,1.0427024040867345,1.0427024036770725,1.0427024104571545,1.0427024116829562,1.042702413888599,1.0427024067510233,1.0427024083575953,1.0427024370836082,1.0427024263805822,1.0427024347406497,1.042702438919855,1.0427024444322563,1.0427024488309322,1.042702456259308,1.0427024615762572,1.04270246861172,1.042702470627581,1.0427024758382912,1.0427024817133845,1.0427024880685436,1.0427023057202538,1.042702308476585,1.0427023110304077,1.0427023131630775,1.042702314756951,1.0427023198294951,1.0427023220760727,1.042702325285277,1.042702320306556,1.0427023244402571
40,1.0713510969172122,1.0846881768892485,1.0850846657196889,1.0830362248475371,1.0830978442720907,1.083127795981642,1.053590722654385,1.0536569423459534,1.0536890049599645,1.0537364843238777,1.054089792965641,1.0540943163569705,1.054105231248136,1.054178603079878,1.0541756939374352,1.05421245886998,1.054229979402302,1.0616594018168444,1.0616883460904394,1.0617319936137366,1.0619145692351626,1.0619768855132536,1.061839136771292,1.0617327130633099,1.0617599693540805,1.0616735093465541,1.0616742919301714,1.0616357380990955,1.0618117577283845,1.0618373297941588,1.061717694800438,1.061356909347969,1.0614365277828692,1.0613564357864378,1.06119790085025,1.0611756559585195,1.0613224683249678,1.0470504063764314,1.0470798782285744,1.0470750689642787,1.0470662473118173,1.0470627112589608,1.0470602039657617,1.0470689162353968,1.0470628514187421,1.0470571848053811,1.0470542660597537,1.0470492824494633,1.0470491889450104,1.0470490554286729,1.0470599728925678,1.0470658182839765,1.047051392671241,1.0470514150292205,1.0472923096180367,1.0472874731954434,1.0472880452023194,1.0472875309727694,1.0472873418757833,1.0472858566608212,1.0472869466829744,1.0472865374368923,1.0472867348021018,1.0472870546226432,1.047287566067168,1.0472889290908283,1.0472889097507099,1.0465612172801915,1.0465623241703412,1.0465596783196125,1.0465611809884066,1.0465587052721117,1.0465612394845265,1.0465608632138284,1.046562353698268,1.0465617608000668,1.0465631732674978
41,1.0731295548188189,1.082581562786695,1.0830852635986474,1.0804434457144576,1.0805308403826765,1.080387766847995,1.0371772919282756,1.0373234807716425,1.037518194176649,1.0375898782822572,1.0382681588180547,1.0382482289014743,1.038294469876195,1.038506805775337,1.0384520228785215,1.0384754018928979,1.0387168587646372,1.0432946793959765,1.0432987387226516,1.0433058795618704,1.043336904474373,1.04334947780334,1.0433238507040168,1.0433022253536512,1.043306159179065,1.0432922878799362,1.0432918482246425,1.0432803087187712,1.0433106978074151,1.0433176668624293,1.0432910422407211,1.0431836622633928,1.0431977881889,1.0431893038462565,1.0431627961782914,1.0431554749649028,1.043180941431891,1.0398378011060345,1.0397634390478951,1.0397758846837886,1.0397964735659582,1.039801530325089,1.0398068771734685,1.0393929834810705,1.0394192041474657,1.0394413536719018,1.03945382184883,1.03947464440741,1.039468168256871,1.039467668928902,1.0394174289638272,1.039392841678582,1.0395738039367155,1.0395730600471078,1.039520827533068,1.03940321874157,1.0394268262810764,1.03941245552865,1.0394063423458524,1.0393925160455815,1.0394135911553974,1.0394093032511602,1.0394165760182235,1.039426305324364,1.03944572945938,1.0394789304737126,1.0394802217838663,1.039635731578176,1.0396371527714083,1.0396268901434704,1.039632755468288,1.0396243245516739,1.039635187703766,1.0396317775024815,1.039636907191874,1.0396351386261475,1.0396409439507348
42,1.0749512219656705,1.0818724755059643,1.0823020078897885,1.0799068972648718,1.079990894526735,1.0797819421255561,1.0431178241345493,1.043272967103296,1.0434678842645915,1.0435440941491196,1.0419110443598962,1.041866207722537,1.0419595219658608,1.0423718454107467,1.0422568380579993,1.0422818406992047,1.0427819985890798,1.0491140651291788,1.0491024133685047,1.049085591182348,1.0490141020231065,1.0489831939992125,1.0490241467980785,1.0490513993857984,1.0490424806257677,1.049071453802046,1.0490705991401943,1.04908693277495,1.0490339438397915,1.049037611617098,1.0490685165244609,1.0489829698735214,1.0489608285012397,1.04900856162263,1.0490553310404895,1.0490505151511391,1.0490125100495968,1.0489398775972996,1.0489082958271019,1.0489157144780354,1.0489237715101996,1.048920851083579,1.0489220415247738,1.045851716280787,1.0458576296014666,1.045860995205698,1.0458636566612247,1.0458671738523533,1.0458651973039503,1.0458644297161466,1.045853827809777,1.0458484810055175,1.0470124464516055,1.0470113453682055,1.0468952070779187,1.046736119063923,1.046767795180182,1.0467480174493962,1.0467397996435106,1.0467208193259816,1.0467495544350034,1.0467563160484994,1.0467663751572736,1.0467800123921382,1.04680683658721,1.0468531207161964,1.0468548545624246,1.047011534046333,1.0469775912395043,1.0469640493034593,1.0469717108195673,1.046958404403483,1.046972290727554,1.0469695223500946,1.046978364647223,1.0469750978815686,1.0469826206001112
43,1.075796620754877,1.078470448795602,1.078966044663749,1.0766104826800103,1.0767218495817295,1.0761257480485114,1.055575276842652,1.0551945865518966,1.0546501999245474,1.0544863406229363,1.045777185616559,1.0457682000336823,1.0457726666486944,1.0458040673944955,1.045787349907542,1.045757225009128,1.0457960888650264,1.0483952348462506,1.048392431103232,1.0483935433589053,1.0483926406197914,1.0477010895257668,1.047656985841458,1.0475997227764433,1.0476010957292798,1.0475897342476876,1.0475858734621895,1.047630270086628,1.047678385491569,1.0476886991268166,1.047585490150402,1.047418571753703,1.0474459058494552,1.0474333631251849,1.047379934693612,1.0473640868116594,1.047410274263584,1.0479098302393073,1.0477116664003079,1.0477471219988341,1.0478029969390952,1.0478147141095078,1.047828787180929,1.038706845074183,1.0387068497963954,1.0387068540352085,1.0387068588403643,1.0387068630803542,1.0387068628891367,1.0387068670204105,1.0387068674651798,1.0387068686975462,1.0387069302564595,1.0387069314704507,1.0387069291544455,1.0387069173804442,1.038706924213526,1.0387069263081534,1.038706930068899,1.0387069334956773,1.0387069398298998,1.0387069296900195,1.0387069346185773,1.0387069362899124,1.0387069400740008,1.0387069445463502,1.0387069489256813,1.0387069523960517,1.0387069531191226,1.0387069565204994,1.03870695864396,1.0387069600584584,1.03870696524805,1.0387069684891135,1.0387069727204414,1.038706966606558,1.0387069710831534
44,1.0618317280413123,1.061871385600042,1.062144619510236,1.0624042367760849,1.0624502455528113,1.0622104883576946,1.0558936393249725,1.055414790565628,1.0556859491158612,1.055469475107646,1.0446805572635196,1.0446908181324492,1.0446387867340254,1.044619186582881,1.044652865353427,1.0445934447306986,1.0443827694619139,1.0440634568524743,1.0440652601720333,1.0440756715153885,1.044106538585927,1.0396501598000345,1.039581873046185,1.039504161604487,1.0395096510532353,1.0394944841173552,1.0394906819197207,1.0396203425083017,1.0397028285760948,1.0397191766051945,1.0395824920434633,1.0408440253274407,1.0409123047453206,1.0406584754409969,1.0405332756452215,1.040508002943725,1.0406157774017388,1.0406835213730727,1.0403673235409412,1.0404211550362998,1.0405103763612669,1.0405343836261025,1.0405579367897853,1.0376415994944055,1.0377377434855883,1.0378199256144836,1.0378657064072898,1.0379412379718163,1.037908588659586,1.0379080592835177,1.0377270381802275,1.0376378799540673,1.0372156651803466,1.0372138071204096,1.037088389660748,1.036736596597141,1.0368061514117857,1.0367667783888095,1.0367492957738287,1.036719781401952,1.03680011105685,1.0356948046515528,1.035694805260439,1.0356948063767004,1.0356948087474533,1.035694812569809,1.0356948133605617,1.035694811526681,1.0356948116442684,1.0356948111221034,1.0356948120198606,1.0356948113586522,1.035694813227277,1.0356948147424672,1.0356948160625146,1.035694815016511,1.0356948162557522
45,1.0456322930893451,1.046041000195356,1.0458922443231236,1.0497670533832177,1.049669047665337,1.050488625421695,1.0486138063377641,1.048568857930711,1.0506358014696642,1.0505910439851942,1.0432812182394318,1.0432668720545912,1.0432639073429653,1.0435899078507478,1.0435606027145525,1.0435347080456099,1.0435840184284249,1.043107406865142,1.0431021243322327,1.0430990407926997,1.0430691365791214,1.0352996669782562,1.0353160616805335,1.0353225331013742,1.0353185214483658,1.0353422390625524,1.035341991474199,1.035355698908172,1.0353499120628666,1.0353671263083855,1.0353523833202551,1.0382433920558527,1.0382854330148876,1.0381317732599056,1.0380601794429942,1.038042107568752,1.03810687169323,1.0380874665254454,1.0379065790100612,1.0379364435321552,1.0379863280080823,1.0380010873742902,1.038014441918947,1.0368903454353433,1.0369492098273054,1.0369991227871644,1.0370269776147532,1.0370730084037585,1.0370435150279842,1.0370433081464123,1.0369466819054756,1.036892894544867,1.0365313094059971,1.0365301086666219,1.0364483957378827,1.036233224447053,1.0362745995160272,1.0362514269478458,1.0362410792958716,1.0360397814921047,1.0361080978306119,1.0355845880506647,1.0355670221430948,1.035572895552241,1.0355854761489438,1.0356083402115313,1.03560936102491,1.0355860396694456,1.035585394560675,1.0355790779929395,1.03558346264519,1.0355787415647473,1.0355863455747552,1.0355316825473353,1.035537719607149,1.0355369381579445,1.0355407426735985
46,1.0219387188949065,1.0227779168460087,1.0222785613117953,1.0313626465042876,1.031112056945667,1.0329818290457673,1.0339521039683501,1.0343013711168902,1.03846723547454,1.038554676408779,1.0347936029940297,1.0347680532259957,1.0347716473360284,1.0350179819167526,1.034961380449711,1.0349515379250736,1.0351046356237346,1.0347718229860314,1.0347639353527025,1.0347553828285545,1.0346982689107773,1.0251729407951715,1.0252346776230465,1.0252865948613321,1.0252781253428604,1.0253408626552483,1.0253440551208517,1.023862231001404,1.023828803146499,1.0238665993856049,1.0239009167347326,1.0263489431974009,1.0263464915407055,1.0263997928059003,1.0264096283165964,1.0264347734076802,1.02643259249527,1.026432786372232,1.0264456890009888,1.026442668399492,1.0264367115313104,1.0264448494126883,1.0264433898839616,1.0263834773037028,1.0263816934699765,1.0263810786785443,1.0263810817576942,1.0263806735319174,1.0263585259583001,1.0263587280016062,1.0264644239221112,1.0264640104436222,1.026356392978766,1.0263562303171287,1.0263435094574185,1.0263253864861166,1.026326807993509,1.0263260511907961,1.0263258307340482,1.0249612915261372,1.0250036132843166,1.0249311958321061,1.0249125269517374,1.024912775274455,1.024913309420536,1.0249158339989117,1.0249158912861842,1.0249056678146566,1.024906134971349,1.0249059917881684,1.024906951494766,1.024906913619269,1.0249078002117067,1.0248543558065557,1.0248501596715336,1.024850098677932,1.0248504831142986
47,1.0039514668477783,1.004675926295885,1.0041248009987027,1.0191032118878935,1.0187665201867475,1.0210077267658826,1.0230896136625183,1.0236570516627097,1.0287615009204796,1.0288893609918097,1.02755770151845,1.027538596405894,1.0275001958282683,1.026706989978316,1.0266655384790808,1.026657108448211,1.0267272144372595,1.0264732141306647,1.026468542553071,1.0264645821731517,1.0264252326121588,1.0207740028200862,1.0207642583554393,1.0207429403003008,1.0207440500496006,1.0208107963138167,1.0208148386749523,1.015451153403769,1.0155090564673381,1.0155874452791565,1.015512741551115,1.016681180520407,1.0167055628277613,1.0167044440511648,1.016662565751532,1.016743824603685,1.0167842163588514,1.0167035107312132,1.0166031799971782,1.016618110249975,1.01664409897814,1.0166696593731206,1.016677188066615,1.0167328032841894,1.0167485738166537,1.0167694981889417,1.0167814771665085,1.0168011178195722,1.0167680637878302,1.0167682840303918,1.016940121724572,1.016914312667257,1.0167971802416835,1.0167964385291424,1.016752834714757,1.0166354900788095,1.0166562033858122,1.0166454042786193,1.0166403972314118,1.0129035268567559,1.0129035266556787,1.0129035282794487,1.012903539809778,1.0129035404254099,1.0129035418736345,1.0129035435342766,1.012903545539148,1.0129035453059618,1.0129035470985563,1.0129035488075155,1.0129035497683907,1.0129035506193484,1.0129035529362742,1.012903561551907,1.0129035603633403,1.0129035575298222,1.0129035596113944
48,0.9826016795325182,0.9826953542401541,0.9822999328922962,1.0130337498750681,1.0127256069402715,1.0138302964517232,1.0154191955758418,1.0159874598366558,1.0198138005532784,1.0198699216843676,1.019825446604965,1.0198396151871751,1.019686963708418,1.0151954764474855,1.0151908830066672,1.0151731574635903,1.015066870105821,1.0148265717364588,1.0148290191004374,1.0148363412096,1.0148438850959176,1.0129881882415082,1.012930176462508,1.0128538704536554,1.0128622391596522,1.0128750710862362,1.0128818282687355,0.9986743475627793,0.9986743551606356,0.9986743622528607,0.9986743522362548,0.9986743553209921,0.9986743595939563,0.9986743650757389,0.9986743659819745,0.9986743566491926,0.9986743634292432,0.9986743618925316,0.9986743569629113,0.9986743624540766,0.9986743691534486,0.9986743742206625,0.9986743795720514,0.9986743840821092,0.9986743867971601,0.9986743918344715,0.9986743973944457,0.9986744023764684,0.998674400324486,0.9986744050560503,0.9986743087639405,0.9986743097228098,0.998674308775587,0.9986743093821733,0.9986743104469287,0.9986743064568778,0.9986743097924483,0.9986743114533786,0.9986743138400874,0.998674262998038,0.9986742125749795,0.99867421350799,0.9986742379868039,0.9986742386628892,0.9986742402369082,0.9986742423811913,0.9986742438589069,0.9986742429715716,0.9986742440858206,0.9986742446679069,0.9986742455235011,0.99867424603779,0.9986742479896431,0.998674249074327,0.9986742476735654,0.9986742457494375,0.9986742472932276
49,0.9588238079098969,0.9585785007731585,0.9582532603708803,1.010999366044657,1.0108644325050593,1.0096353132780034,1.0094619162516163,1.009602163800141,1.010351742238395,1.0101957499164451,1.0095834749357053,1.0096554554726533,1.0095300139758958,1.0009037300143744,1.0009450550421586,1.0009162941849323,1.0006094563485675,1.0003064469534186,1.0003161628546084,1.0003345196988973,1.0003952808367556,0.999968914568037,0.9999040197633493,0.9998193170734526,0.9998304935109054,0.9998345222578251,0.999842247359556,0.9944550834567971,0.9945831968213563,0.9939484083220826,0.9937607569470437,0.9933441124289832,0.9934137622040754,0.993354507569687,0.993201022633503,0.9906902645795975,0.9908685560224616,0.9905173842396263,0.9899433591455843,0.9900362240904613,0.9901982858010544,0.990317992254409,0.9903620063537314,0.9903227239171203,0.9903812178970766,0.9904967800013713,0.9905589103941308,0.9906614580217863,0.9905454051203776,0.9905457680436569,0.9815849178249725,0.9815849170576669,0.9815849125770226,0.9815849138456268,0.9815849125229125,0.9815848970023224,0.9815849036708382,0.9815849048404611,0.9815849074947427,0.9815849119677218,0.9815848557306256,0.9815848567091777,0.9815848671141699,0.9815848692122362,0.9815848740105555,0.9815848810764985,0.9815848842057925,0.9815848806757954,0.9815848824977954,0.9815848831545484,0.9815848853407246,0.9815848858124238,0.9815848902479364,0.9815848911007427,0.9815848929836144,0.9815848889875264,0.9815848926660259
50,0.9417538141556575,0.9412220064281399,0.940953224344434,0.9983001431291504,0.9984076556327075,0.9970475049713327,0.9965673112852425,0.9966184351822229,0.9962904331596328,0.9961585532048164,0.9956517205580104,0.9957042188679792,0.9963145775882054,0.9893270342068213,0.9893467156696812,0.9893289564851111,0.9891584828319235,0.988993865470442,0.9889995428893199,0.9890080216170485,0.9890416480726525,0.9889360555338146,0.9889195136340375,0.9888745165643522,0.9888811364925041,0.9889068128280482,0.9889100429084429,0.9870788322971689,0.9871861371893605,0.9843360883877618,0.9841789517476838,0.983857658410154,0.9839039050364685,0.9838487456272904,0.9837227529406672,0.9784975491752272,0.9786296807309285,0.9783531194882517,0.9779006224158516,0.9779723848969414,0.9780977618076814,0.9782010455720233,0.9782356202954703,0.9782031381958998,0.9782385901195458,0.9783298090912204,0.9783788198952732,0.9784599023132515,0.978313760420302,0.9783142536067809,0.974798299055791,0.9747311058746573,0.974581688042975,0.9745845227351565,0.9744919146050385,0.974194448817108,0.974251708491221,0.9742233573971356,0.9742091566247583,0.9741904191178377,0.9740826383614899,0.9740543280453065,0.9740589922243625,0.9740846339253999,0.974141270220064,0.9742426207919027,0.9742473454424135,0.9741708425395423,0.9741568088562026,0.974126788028881,0.9741449061392995,0.9741279323522583,0.9741572984507549,0.9741424374440962,0.9741426562587912,0.974140127530249,0.9741564240814513
51,0.908658357237215,0.9077659686912027,0.907710345989589,0.9354848678263831,0.936568338531589,0.9364677290928466,0.9368519522703149,0.9371680085733556,0.9373029560613547,0.937382057310181,0.9379289088616591,0.937890039276978,0.9414183457126228,0.9385772591944,0.9385313392794722,0.9385428720203851,0.9387320121813112,0.9389283997357422,0.9389204919681785,0.9389020391325791,0.9388398720888695,0.9388693108905595,0.9389495062400961,0.9389858723289664,0.9389806462348396,0.9390337373103743,0.9390345598476484,0.9389261493119874,0.9388985943508771,0.9329055506292123,0.9329543677626667,0.9329601929219505,0.9329030797313609,0.9329200023776213,0.9329752530542518,0.9278887103680759,0.9280273300534302,0.9280934021150908,0.9282131091127592,0.9281906729073288,0.9281514507258972,0.9281461347066373,0.9281362999832503,0.9281414444495469,0.92807441705233,0.928052838179218,0.9280418541892465,0.9280122416724116,0.9276601529522948,0.9276609198371211,0.9277730078411993,0.9277958277232596,0.9278366341180528,0.9279443106644771,0.9279727709531769,0.9280517801523962,0.9280273771212244,0.9280408446239533,0.9280473418482658,0.9280567177601273,0.9280821374720213,0.9280912932239677,0.9280790655255872,0.9280700157685804,0.9280505607993459,0.9279568369751238,0.9279557391223382,0.9279702095254968,0.9279744128175895,0.927980558803263,0.9279792587029134,0.9279854288404266,0.9283283060618046,0.928333013820216,0.928329548315464,0.928330236018032,0.9283249345905985
52,0.8893601331263824,0.8882292807406655,0.8883392275114609,0.9027674375346338,0.9049600097564586,0.9054626313256794,0.906064750349846,0.9063387041935681,0.9066832402626662,0.9068329601729554,0.9075654299158414,0.9075066630824011,0.9124341739434578,0.9117068498144286,0.9116820973922481,0.9116915180200076,0.9115611389184014,0.911612309913273,0.9116132731078018,0.9116088218898994,0.9115906144159104,0.9115975051791607,0.911599643978283,0.911615630442933,0.9116145348539094,0.9116375460721918,0.911641312926597,0.911620352568814,0.9116089849799864,0.9092929114223605,0.9092821743055641,0.9092408024930512,0.909204672922136,0.9092007399563464,0.9091931939835907,0.9072583478305526,0.9081254042310134,0.908108626000267,0.9081214858562525,0.9081222633402442,0.9081231554925929,0.9081323903550539,0.9081333325447174,0.9081305839533513,0.9080264846036282,0.90803102482145,0.9080338784582158,0.9080195094333895,0.9079334600961134,0.9079343246825279,0.9080193425262344,0.9080225341575202,0.9080195519036954,0.9081496416824972,0.9081490889493934,0.9081213650178722,0.9081185515525197,0.9081212752024805,0.9081223837730975,0.9081207064295088,0.9081460001539086,0.9081467943805047,0.9081434911456349,0.90814221553867,0.9081396906317377,0.9079841754398105,0.9079845033775764,0.9079777132260889,0.9079776207288951,0.9079761321759471,0.90798085165335,0.9079816322024892,0.9088715181329826,0.9088715177060305,0.9088715172639625,0.9088715179345546,0.9088715174602058
53,0.8450092040083143,0.8428056432907701,0.8432917790611943,0.8518117077481503,0.8598701787479572,0.8595469897111438,0.8596632895874411,0.8595701877328892,0.8595953242758572,0.8596823782140484,0.8597702775763657,0.8597507411942986,0.8630918948995756,0.8632632031423121,0.8632353141687396,0.8632005001899753,0.8625038624438245,0.8623299704576742,0.8623504993477368,0.8623654485362517,0.8624178712302486,0.8624099290587133,0.8622217245313768,0.8622086364032289,0.8622111777871679,0.862205646097323,0.8622093621693215,0.862215002444368,0.8622349841186068,0.8625387861277883,0.8625099480243875,0.8624757794737858,0.8624052725727922,0.8623981894781705,0.8623207399412518,0.8623823097096268,0.8654911027622827,0.865465763815966,0.8654175925637446,0.8654314781549858,0.8654546367119392,0.8654650790064604,0.8654711287077363,0.8654666974387384,0.8654248197463409,0.8654400280171994,0.8654480588365318,0.865439726047003,0.8722822762798046,0.8722831422668444,0.8721820751704246,0.8721252306968738,0.8720100312600367,0.8720765698905791,0.8719993188996613,0.8716734308195715,0.8717279034545209,0.8717017368108805,0.871688399159673,0.8716589842079108,0.8717143024337823,0.8716924878768989,0.8717098302657594,0.8717297324576155,0.8717729857245511,0.872024227698156,0.8720279064283503,0.8719707424385427,0.8719601478439059,0.8719391685866024,0.8719448319388587,0.8719316101881999,0.8720266311325074,0.8720161048091903,0.8720237719480416,0.8720214387220112,0.8720336811081767
54,0.8385007123537872,0.8361721260994288,0.8366607586313325,0.8455789191221846,0.854602008359549,0.8543219114294619,0.8544623964241701,0.8543897011302269,0.8544388802929872,0.8545188659326183,0.8546483545784177,0.8546241337847009,0.8576491845664256,0.8578497417604362,0.8578190177983821,0.8577896283088838,0.857245046204559,0.8571303105609269,0.8571463226897053,0.8571557180445678,0.8571911147960667,0.8571887350531754,0.85703884354958,0.8570326562515383,0.8570333488300966,0.857031567974252,0.8570342496286215,0.8570509323149914,0.8570593725461948,0.8573011677208093,0.8572855344294444,0.8572733191775936,0.8572070855759254,0.8572049824968211,0.8571379035566781,0.8572597459832524,0.8597748067397607,0.8597574720867247,0.8597263199491328,0.859738849219292,0.8597598985437009,0.8597688745355756,0.8597741510281046,0.8597707394076357,0.8597379618834168,0.8597514724952837,0.8597585184477361,0.85974717579518,0.8686820869222704,0.8686828923052161,0.8685846302079923,0.8685287548872402,0.8684202390603935,0.8684760149121823,0.8684029413684218,0.8680895256088107,0.8681408690071241,0.8681162117602725,0.8681036355493078,0.8680759973489834,0.8681272128476728,0.8681066636657365,0.8681230586562997,0.8681418108795633,0.868182562044087,0.8685181685238499,0.8685216908731892,0.8684664830724709,0.8684562153150941,0.8684361688352927,0.868439902689463,0.8684270114438442,0.8684879301048574,0.8684776512219343,0.868485083314003,0.8684828155019991,0.8684947668096672
55,0.8007424741156987,0.7982106074073716,0.7986969213749411,0.8066556036257058,0.8207930837485968,0.8207930746763873,0.8207930730479354,0.8207930673013979,0.82079306261344,0.820793060240851,0.8207930571944393,0.8207930529253081,0.8207930668202921,0.8207930676331398,0.8207930620046052,0.8207930593774555,0.8207931751100975,0.8207931767954932,0.8207931793004146,0.8207931815402534,0.8207931837492322,0.8207931858548673,0.8207931865161613,0.8207931889385368,0.8207931909907716,0.820793193380552,0.820793195648562,0.8207931980928368,0.8207931998409139,0.8207932023534081,0.8207931997925516,0.8207932021678285,0.82079320168948,0.8207932039331738,0.8207932031722743,0.8207932088121371,0.8207932418966871,0.820793244905683,0.820793225880306,0.8207932277287221,0.820793229509236,0.8207932315374847,0.820793233655534,0.8207932357240697,0.8207932361256441,0.8207932373556793,0.8207932393110166,0.8207932391065172,0.8207934247039501,0.8207934302197069,0.8207934379818635,0.8207934417657847,0.8207934500496653,0.8207934540795901,0.8207934616588151,0.8207934646783015,0.8207934681381948,0.8207934733188411,0.8207934791092665,0.8207934850889288,0.8207934878427452,0.8207934938323864,0.8207934987008876,0.8207934990834964,0.8207935001704662,0.820793533679065,0.8207935392383789,0.8207935430804717,0.8207935488759697,0.8207935551158052,0.820793553084239,0.8207935564887652,0.8207935610061494,0.8207935663254619,0.8207935708949982,0.8207935630709033,0.8207935680101945
56,1.07253897034366,1.083426786045899,1.0838906233131305,1.0814569445940854,1.0815343068223853,1.0814728346988403,1.043080837910359,1.043195509963219,1.043326500997982,1.0433883376412048,1.044039808849395,1.044029231207239,1.0440620423131541,1.044222868179938,1.0441881138694276,1.0442170700482678,1.0443727283108213,1.0508027764384418,1.050821012044201,1.0508505331876634,1.0509760893457147,1.0510111630114112,1.050913521670916,1.0508340715518076,1.0508508452178429,1.0507931661812835,1.0507924402036444,1.0507642373106354,1.0508843725694426,1.0508997315143247,1.0508000518123395,1.050542646346123,1.0505973388727148,1.050546674944508,1.0504384230348023,1.050423150486037,1.050521076906573,1.0428219933025467,1.0426958689971222,1.0427160218348126,1.0427513489078817,1.0427625939917957,1.0427721725131613,1.0426165828527025,1.0426541490394567,1.0426866766622311,1.0427045301498084,1.042734910753709,1.0427251963869777,1.0427247906417032,1.0426523476167022,1.0426169798349538,1.0426567547335424,1.0426559675025744,1.0426260173057744,1.0424819317784852,1.0425107401711908,1.0424945084738189,1.0424870807275108,1.0424709028146018,1.0424965133201345,1.0424886941395812,1.0424973608458794,1.0425086153357648,1.0425322492157534,1.0425725600482707,1.0425742587794438,1.0427217997541234,1.042721754957671,1.0427091254933079,1.042716470404052,1.042707594654377,1.042721321820644,1.0427154518547894,1.0427204220304447,1.0427189528270473,1.0427262094073213
57,1.0728380822667054,1.0812774982832578,1.081905083073338,1.0788009430134655,1.0789116836866752,1.0786242334897196,1.0300002455523525,1.0300002574222042,1.0300002669797395,1.0300002757503721,1.0300002272793662,1.0300002346668364,1.03000024177851,1.0300002482529595,1.0300002553006056,1.030000261462754,1.0300002643207458,1.0300003608011938,1.0300003718186201,1.0300003830089364,1.030000396389963,1.0300004082916931,1.0300004166792993,1.0300004250792143,1.0300004357042725,1.030000444258246,1.030000454842401,1.030000461864581,1.0300004758668138,1.0300004839806478,1.0300004685996371,1.0300004647732743,1.0300004723656082,1.0300004804233365,1.030000480924528,1.0300004866227104,1.030000498189765,1.0300003396116872,1.0300003327222103,1.0300003388061603,1.0300003465700764,1.030000352663213,1.0300003586382336,1.030000299402243,1.030000304902454,1.0300003100028274,1.030000315028825,1.030000320017761,1.0300003194556286,1.030000323472777,1.0300003217499918,1.0300003217909552,1.0300003280767862,1.0300003290372277,1.0300003230511585,1.0300003124473984,1.0300003179811226,1.0300003198006809,1.0300003225181584,1.030000324547284,1.0300003294708273,1.0300003328012535,1.030000336903557,1.030000338377015,1.0300003421499597,1.0300003469183923,1.030000350493696,1.03000034694768,1.0300003414535148,1.0300003437255723,1.030000345538293,1.030000346810004,1.0300003511603477,1.0300003531951156,1.0300003561078184,1.0300003516457517,1.030000355236046
58,1.0734854464807926,1.0776477063851084,1.0783389210798378,1.075200787523154,1.075347429759715,1.0746497595839684,1.0443850187959962,1.0439493034131604,1.0432822491600215,1.0430936519705738,1.0334098337310882,1.033420976440485,1.0333859557100586,1.0332344337521717,1.0332682046025974,1.0332328684991843,1.0330645266579808,1.0344434955275956,1.0344509758175076,1.0344678713126458,1.034536695372595,1.0343278498024628,1.0342436435544777,1.034157379860412,1.0341663632204838,1.0341252600324193,1.0341214048789695,1.0341365490968233,1.0342356738869187,1.0342447879887526,1.0341043860407644,1.0338291990598287,1.033878818811418,1.0338740194400329,1.0337724889472233,1.0337586040453763,1.0338444760929102,1.0341981346916937,1.0339081717911636,1.0339570421225874,1.0340399811425816,1.0340655019750324,1.0340874514442733,1.0294077239995985,1.0294386947828162,1.029465650364535,1.0294798289260791,1.029503947585252,1.0294943440123634,1.0294943499774662,1.0294360720508204,1.0294068180975082,1.0293956445488188,1.029395043414754,1.0293096587200272,1.029155526541382,1.0291867007841997,1.0291708325493982,1.029162911086215,1.0291538485497123,1.0291820431370378,1.0291502291650783,1.0291588310299857,1.029169977548269,1.0291949301263272,1.0292371532051157,1.0292391668753702,1.0292366108672373,1.0290840048269476,1.0290736926860025,1.029079147363641,1.029067412771708,1.0290778428600966,1.0290774736879633,1.029086083169401,1.0290829539788682,1.0290886184130406
59,1.07343643058637,1.0765284269523785,1.0772131671971867,1.0742497209328177,1.0744028627929538,1.073603459459675,1.0481092983877753,1.0475740379278533,1.0468038798069792,1.0465722921152196,1.0350756927285394,1.0350855622364576,1.0350501189213266,1.0349003740905132,1.03493178255313,1.0348882342773502,1.034723829739366,1.0360957490351907,1.0361014388041803,1.0361165679222335,1.0361759607139522,1.0357106478686804,1.035624831213567,1.0355327985884613,1.0355408796420265,1.0355030853761804,1.0354986000477293,1.0355258494534227,1.0356255702535853,1.0356353626341426,1.0354823042036685,1.0352394571690378,1.0352910895271523,1.0352745617606025,1.035169583839343,1.0351536584023855,1.0352422328823176,1.0356232046596185,1.0353244434973097,1.035375633906141,1.0354609524924043,1.0354850002065492,1.0355073589885269,1.0296786108462246,1.0297043998845237,1.0297265027517621,1.0297384504174811,1.029758310240065,1.0297502822691367,1.0297501897322583,1.0297016954285974,1.0296774815884642,1.0295422459730614,1.0295417571675953,1.029483444229781,1.0293701335820304,1.0293931072528464,1.0293804177692152,1.0293745878993101,1.029372505691155,1.0293941294180222,1.0293223912509846,1.029327933531448,1.0293355188976085,1.0293516881512272,1.0293791126812515,1.0293803606345138,1.029387149996586,1.0292831766215387,1.0292763946001973,1.0292798809292827,1.0292707576136755,1.02927740715545,1.0292796377472728,1.0292868099995567,1.029284226155814,1.0292878243742978
60,1.0745089392508274,1.077418883818276,1.0780172562287524,1.0753231850341056,1.0754573064166453,1.0747467451158366,1.0513958611420717,1.0509245056721392,1.0502508077426167,1.050046488504092,1.0397672430838059,1.0397681822488403,1.0397509416430846,1.0396829931402791,1.039692077870092,1.0396527135582556,1.0395813353428645,1.041554900712423,1.0415566686850593,1.0415656872225252,1.0415984444268045,1.041004604446383,1.0409356011556683,1.0408563685905983,1.0408613992363107,1.040835218276362,1.040830789892464,1.040866444088725,1.040945053024573,1.0409550748866667,1.0408188994773195,1.0406068869701657,1.0406490849914878,1.0406321992551566,1.0405473427795593,1.0405310123871598,1.0406029192707844,1.0410543029305512,1.040791028077651,1.0408369845091707,1.0409118717056736,1.0409308039174552,1.040950126152051,1.0336906139546103,1.0337069073265928,1.0337206873878613,1.0337282853763916,1.0337407372745688,1.0337357796112103,1.0337356525119372,1.03370504410426,1.0336898007376367,1.0336184534809703,1.0336180873241108,1.0335798723073744,1.0335045427968812,1.033519772380345,1.0335109075399753,1.0335070409326168,1.0335057572955535,1.0335202092610802,1.0334644635943886,1.0334681372966077,1.0334732153280892,1.0334836317684621,1.0335013836271307,1.03350215629657,1.0335163235349276,1.033462075857095,1.0334575442469824,1.0334598944896944,1.0334538407470657,1.0334583030140827,1.0334599261898139,1.0334646815848108,1.0334629733897842,1.0334653864132743
61,1.0599883809819604,1.0600689365503189,1.0607367880560052,1.059192315758544,1.059357340626589,1.0584098734695102,1.0463590801207114,1.0455351149362166,1.0449726970049198,1.0446174418278473,1.026799461944742,1.0268212607684055,1.0267486990788672,1.026596305917862,1.0266582667249131,1.026587606013095,1.0262764401230016,1.0259995686031091,1.0260058238200778,1.0260238707035767,1.0260894870698598,1.0229504645329288,1.0228629046879987,1.0227674266681346,1.0227751747571112,1.0227582300943026,1.022753848283336,1.0228920080840331,1.0229923918934882,1.023001713504888,1.0228405421187972,1.0229932584405914,1.023057003253904,1.02260909780764,1.0224904440332154,1.0224739429185121,1.02257218902102,1.0226838140298644,1.0223956259833114,1.0224458327242598,1.022527763846366,1.022547745864819,1.0225692549561685,1.0201250226385772,1.0202015305597092,1.0202667970043433,1.0203042048750177,1.0203648410689168,1.0203450615962126,1.0203443092600362,1.0201986915187573,1.0201275229997737,1.01976876208232,1.0197672206829376,1.0196750078361492,1.0193973488887427,1.0194518547979143,1.0194178331400268,1.0194041635045614,1.0194286538907502,1.0194848214900905,1.01904023537488,1.0190449004333435,1.019056081042601,1.0190764526337184,1.0191113643869727,1.019112766918629,1.0191308103480357,1.01911516022083,1.0191043022549249,1.0191100282512824,1.0190951431489927,1.0191063178088988,1.0192149214922033,1.0192272561569988,1.0192237040402732,1.019228773360612
62,1.033087258492623,1.0336268507675324,1.033413326376521,1.0379357957035467,1.037808531330461,1.0387957381434012,1.0372339779517428,1.0372028408240621,1.0395787148954854,1.0395372426256793,1.0322090297807636,1.0322057149862396,1.0321683025557227,1.032403087178801,1.0324036187657954,1.032359044361797,1.0322709854693255,1.031679422776986,1.0316787057168677,1.03168438974309,1.0316884996907236,1.0206130365066317,1.020604929025876,1.020593412876858,1.020593607498482,1.0206005005572671,1.0205999309131484,1.0206571795199213,1.0206718178207352,1.0206793689956024,1.0206514343103317,1.0215642239064895,1.0215904906813906,1.0214325257375803,1.021388125210422,1.0213804727304834,1.0214189060970444,1.0213958816544937,1.021288198957409,1.021306180921634,1.0213363431060212,1.021345895530877,1.021353983966996,1.0209322142280954,1.0209650121511609,1.0209927534417444,1.0210083352396797,1.0210339104096682,1.0210208276932424,1.021020668736032,1.0209666317203565,1.0209366253830354,1.0207778038929076,1.0207771897240097,1.0207341386414126,1.0206121473708338,1.020635965500545,1.0206223502824021,1.0206163935619685,1.0205447505689005,1.0205781397079654,1.0203711261556185,1.0203597842680387,1.020365261951989,1.0203766027340981,1.0203963825928077,1.020397280380986,1.020385968465407,1.020384665626956,1.0203789029707142,1.0203824192250888,1.0203773969111727,1.0203839425124681,1.0204212742607688,1.0204270628580645,1.020426122398202,1.0204295622414388
63,1.0257907402533553,1.026456914576419,1.026153508042254,1.0314920191999861,1.0313297843259435,1.0325304650548486,1.0316953189138862,1.0317420020720125,1.0344400262404052,1.0344288813161655,1.0281767243021018,1.0281731547592665,1.028131741512117,1.0283332261242544,1.02833401394694,1.0282893146078855,1.0281967193521375,1.0276242919101473,1.0276240857004777,1.0276305502814085,1.027636684197173,1.01455977226364,1.0145597771050017,1.014559781420807,1.0145597859792068,1.0145597932693793,1.014559798208711,1.0145597692624209,1.014559774114684,1.0145597780725952,1.0145597713262795,1.014559824199601,1.0145598286768625,1.0145598179687658,1.0145598175934762,1.0145598212586993,1.0145598273378162,1.0145598282865806,1.0145598241036964,1.0145598289656355,1.0145598348252511,1.0145598402639562,1.0145598449868587,1.0145598316213853,1.014559836707864,1.0145598413559653,1.0145598462782832,1.0145598509102942,1.0145598500723072,1.014559853986927,1.0145598572551566,1.0145598576665589,1.014559849648866,1.0145598505456797,1.0145598506743558,1.0145598421070314,1.014559847050024,1.0145598485713572,1.0145598513666876,1.0145598060976635,1.0145598132929203,1.0145598033570278,1.0145598082349778,1.0145598091779775,1.0145598112388934,1.0145598136444207,1.0145598161725398,1.0145598168579728,1.0145598192356295,1.0145598212469258,1.0145598224828916,1.0145598231966546,1.0145598262101019,1.0145598736956751,1.0145598750644442,1.0145598707254153,1.014559873938575
64,1.001454257911842,1.002200168007176,1.0017526643993655,1.0105765068802754,1.0103181152449483,1.0119205041192356,1.0131127716481474,1.0134259333012743,1.0164819536622145,1.016568831447724,1.0148370750411193,1.0148290315773865,1.0147821552070366,1.0140770821757539,1.014072610100375,1.014038376472611,1.0139630652788758,1.013609166970574,1.0136104124477883,1.0136179325637158,1.0136271178986556,1.0080867616323046,1.008032387701775,1.0079665968691789,1.0079729731022644,1.0080580479488084,1.0080599811092945,1.0041967487794667,1.0042711226254062,1.00432229539439,1.004221180725167,1.0043631508817552,1.0044014861601467,1.0042633338407838,1.0041895328920991,1.004256707198815,1.0043196424404985,1.0042108374765821,1.0040336144351483,1.0040630242220039,1.004113012458255,1.0041466622048936,1.0041603363306297,1.0042325336391253,1.0042560520883397,1.0042925492929546,1.00431330034511,1.0043465811494563,1.00432442144652,1.0043243468473435,1.0043674571923207,1.0043240060232657,1.0042117218509523,1.004210416686663,1.0041480833838343,1.0039540351442022,1.0039922706845956,1.0039708893023873,1.0039614149061804,1.0024528204829375,1.0026188678854617,1.002633081965178,1.0031122371394836,1.0031159218471142,1.003122713516002,1.0031342771094924,1.0031347643423243,1.0031340808553952,1.0031332498148609,1.0031299578153823,1.003131976478167,1.003126784478646,1.0031305769660415,1.0037948537635006,1.0036886851812972,1.0036876702072786,1.0036906743309923
65,0.9863844626210836,0.9865469365687766,0.9861955233178243,1.009722223180324,1.009437559140711,1.0104707014024277,1.0119041069751085,1.0124163000258168,1.015766072517385,1.015817574727819,1.0156144300534786,1.0156279821430982,1.0154911473348682,1.0113190853590548,1.0113324844778708,1.0112973556858273,1.0111223064805122,1.0108032787876042,1.0108081047827828,1.0108206035496086,1.0108493995862309,1.0084947698846398,1.008411932032199,1.0083098504934833,1.0083208352390904,1.0083181587200047,1.008322911147328,0.9977464989912108,0.9977857745264591,0.99782423608318,0.9977687659263123,0.9978134098697186,0.9978322058372455,0.9978243861902295,0.9977886437295829,0.9977980025227813,0.9978327644550467,0.9977708282007403,0.997670206675067,0.9976868853072239,0.997715144386484,0.997682148322278,0.9976894629763163,0.9977095141809499,0.997692275725271,0.9977118523814086,0.9977229185374449,0.9977406644600955,0.9977240972213068,0.9977241278714494,0.9974950582035679,0.9974736038218842,0.9974162923415179,0.9974143909252153,0.9973830032904456,0.9972854114815526,0.99730460143357,0.9972941465941532,0.9972894341383831,0.9964576291685031,0.9966949772946925,0.9966955325167042,0.9973055766569416,0.9973108663735942,0.99732234813239,0.9973414584851423,0.9973423740242322,0.9973291609189564,0.9973264421340421,0.9973179087320504,0.997321244098442,0.9973179061715479,0.997324050610307,0.997382014033578,0.9973259921501015,0.9973253271942658,0.9973285876990187
66,0.9611597302204861,0.9609933841285103,0.9606872533556818,1.0084932577246593,1.0083509522352359,1.006950193206427,1.0067252875444772,1.0069120145090062,1.0076616357888426,1.0074816661066859,1.0068044987431954,1.0068842773772613,1.0067234892941876,0.9966814283468385,0.9967331201431239,0.9966951719635025,0.9963518225510941,0.9960146378812925,0.9960253251555401,0.9960460971291519,0.9961157948364753,0.9956151302776122,0.9955382298200255,0.995440149663524,0.99545242014185,0.99544281660993,0.995451020108295,0.9894970346647439,0.9896335361380828,0.9891339393439452,0.9889386167082966,0.9885314614943854,0.9886042046425471,0.9885461836443887,0.9883880386926387,0.9861975455378907,0.9863744773163078,0.9860281792060243,0.9854635939435816,0.9855552652914638,0.9857152984646453,0.9858169971415629,0.9858601262855968,0.9858228664638826,0.9858695087349508,0.9859827597662593,0.9860437849246824,0.9861444138476639,0.9860449271301469,0.986045189133725,0.9792378450277953,0.9792224876459732,0.9791885050135343,0.9791915217236794,0.9791697419251143,0.9790969934309693,0.9791119942439519,0.9791042261598886,0.9791004934436499,0.9791106548312516,0.9792024504743141,0.9791987201303246,0.9793763631583329,0.9793802805454349,0.9793888520934132,0.9794034332883599,0.9794041267719017,0.9793932956483212,0.9793912096849519,0.9793820668459102,0.9793846271529978,0.9793838100212944,0.9793856036736377,0.9793758426637027,0.9793701564150866,0.9793696339828333,0.9793723058722364
67,0.9440588978483768,0.9437968606917285,0.94358502629984,0.9883131257857163,0.9883152198005848,0.9859271858863319,0.9849904788878922,0.9851351295623006,0.9845465546112592,0.9842882728128799,0.9833341604439789,0.9834284188352835,0.983752201367115,0.9707051713678156,0.9707533718715218,0.9707081119272999,0.9704233913710305,0.9701735962453417,0.9701825194208503,0.9701958536519212,0.9702576965868998,0.9701469621408438,0.9701074760662939,0.970039220897222,0.970048435163803,0.9700738417916682,0.970072215846452,0.9682667952525259,0.9684037677956779,0.9666650341488914,0.9664995688635054,0.9661943190136829,0.9662274673541982,0.966171486756052,0.9660389515237793,0.9604601120337785,0.9605641641349438,0.9602997935341502,0.9598731675503509,0.9599421910726588,0.9600631195681302,0.9601867703615364,0.9602199173620172,0.9601911968094702,0.9605199884915787,0.9606060113347819,0.960652253597583,0.9607244922801915,0.9606437650459628,0.9606439782255676,0.9576121204291982,0.9575510861564733,0.9574199535462105,0.9574806356570325,0.957399390638998,0.9571447980633251,0.9571976931016336,0.9571719215496182,0.957159253259214,0.9571489917613611,0.9573709611379312,0.9573518165526689,0.957415886351168,0.957433095590776,0.9574714308368124,0.9575360457209589,0.9575392623096002,0.9574894866509555,0.9574799222813226,0.9575070592367559,0.9575187680366924,0.9575082130016013,0.9575162612156184,0.9575025193042302,0.9574751544156469,0.9574731873522574,0.9574850424971248
68,0.9256533303465934,0.9251278569936575,0.9249834605993402,0.9614008333306023,0.9617102817024834,0.960529741979498,0.9602642866515337,0.9605112659864399,0.9601655212385785,0.960085745685199,0.9598723602255123,0.9599016637627135,0.9614902374499394,0.9543269961489749,0.9543494209068996,0.9543052665323566,0.954174303129888,0.9540818265224611,0.954084684205099,0.9540843193533296,0.9541045183157811,0.9540974028885271,0.9541135838804946,0.9540830153245379,0.9540871576888434,0.9541212404842323,0.9541141475051348,0.9535526153792148,0.9536309598600766,0.9494818980162946,0.9494268014467693,0.9492784944598596,0.9492466256290134,0.9492271308511783,0.9491937032771386,0.9370760206683462,0.9370760264217431,0.9370760266312693,0.9370760243500731,0.9370760295668467,0.9370760356376103,0.9370760420427491,0.9370760474148306,0.937076051152408,0.9370760745966576,0.9370760798147438,0.9370760857992141,0.9370760903515613,0.937076079754961,0.9370760849149729,0.9370760387632207,0.9370760400733266,0.937076040049353,0.9370760491804786,0.9370760509513824,0.9370760445380134,0.9370760496331382,0.9370760521606404,0.9370760557150348,0.9370760590730259,0.9370760691346747,0.9370760724614772,0.9370760759731364,0.9370760772600696,0.9370760803218796,0.9370760818118652,0.9370760858207431,0.9370760855914494,0.9370760890491014,0.9370760950997736,0.9370760971343136,0.9370760989119534,0.9370761112003075,0.9370761144114668,0.9370761167555045,0.937076111107858,0.9370761152837365
69,0.895833225659788,0.8952252623980981,0.8952804724425811,0.905081444009753,0.9060944347880302,0.9062310407806681,0.9065181681047081,0.9066997062243382,0.9068411660259877,0.9069207690020462,0.9072847137230505,0.9072592918289277,0.9097858957954924,0.9086408208598913,0.9086365202979289,0.9086298460249683,0.9084608721781128,0.9084479158007157,0.9084506889033651,0.9084494501895688,0.908450503978335,0.9084537704404079,0.9084462231816778,0.9084456880167332,0.9084465533749894,0.9084614614248803,0.908462628920228,0.9084248563476768,0.9084346284508393,0.9067941401514293,0.9067793402720363,0.90673517745265,0.9066892968734911,0.906684378645007,0.9066732552232867,0.9042059856829263,0.9049668512419465,0.9049410136339698,0.9049421195980194,0.9049457361422754,0.9049516460555913,0.9049597556792366,0.9049618579083737,0.9049588035188161,0.9049676984979554,0.9049786164817363,0.9049848094237427,0.904969058862369,0.9048517691369676,0.9048523962318128,0.9049331370972874,0.9049261793036583,0.9049029467262121,0.9051057008070732,0.9050909287567369,0.9050276638587667,0.9050352175363525,0.9050322622258389,0.9050306778934774,0.905025532846879,0.9050542145254884,0.9050511765432341,0.9050486225169108,0.9050510700881813,0.9050567709114405,0.9049279206423316,0.904928786324218,0.9049147888689099,0.9049128429349333,0.9049167400878536,0.904922385816546,0.9049206551312698,0.9053392302332728,0.9053370230268803,0.9053364750768214,0.9053359326674575,0.9053386988219775
70,0.8685882020163462,0.8670670693102083,0.8674219921961053,0.8742913171379273,0.8788042929859687,0.8786263632428796,0.8787737872673799,0.8787117158653324,0.8787541446333021,0.8788512458191816,0.8789763717756299,0.8789589305171253,0.8825769914979966,0.8826205675371586,0.8826169129776147,0.8825803692555021,0.8818164391694132,0.8815765141077091,0.8815992485353812,0.8816201458377612,0.8816898714839551,0.8816741202886723,0.8814613039182395,0.881436986292321,0.8814420742561105,0.8814335545631788,0.8814392534150981,0.8814228079100244,0.8814586545333422,0.8814532569977453,0.8813873673733199,0.8812963409767397,0.8812431913630246,0.8812215554253406,0.8811313307181332,0.8807240751647989,0.8839278239262467,0.8838959278543257,0.8839482757432499,0.8839553977649702,0.8839674052051945,0.8839800901954377,0.883983752094522,0.8839799144350182,0.883855759421444,0.8838655708125077,0.8838710506373013,0.883856720248102,0.8851428545597313,0.8851435253095845,0.8851269094977806,0.8851055195546244,0.885055293049975,0.8850831134048025,0.8850569072895329,0.8849439590729409,0.8849616200083914,0.8849540737865562,0.8849501063381308,0.8849395740315026,0.8849667380867144,0.884959829997135,0.8849646175843163,0.8849706609826097,0.8849840074619714,0.8847621455672029,0.8847635374803152,0.8847415531873686,0.8847380139641082,0.8847274085470918,0.884735552310871,0.8847319068936411,0.8850365171164613,0.885033313762111,0.8850357410990856,0.885034941413042,0.8850381136799614
71,0.8260207199239398,0.8236277951082069,0.8243311312495891,0.8302659915027579,0.8401913075055549,0.8390996724403913,0.8386309393815561,0.8382572025140008,0.8378434364081129,0.8378519870349475,0.8371094174473149,0.8371617122063436,0.8383098728370951,0.8380394067750432,0.8379517940613004,0.8378722168279251,0.8371531419104257,0.8366906193515686,0.8367362737472641,0.8367777595025891,0.8369185763197542,0.8368957071222023,0.8365138200111654,0.8364597272418087,0.8364702578930998,0.8364394260249028,0.8364435111383867,0.8364237850548258,0.8365070813897225,0.8368035166490927,0.8367073374237333,0.8365839843070118,0.8364966100843589,0.8364656073368066,0.836304355311758,0.8363510497098172,0.8399531751597205,0.839922452506342,0.8389371630718783,0.8389556587391082,0.8389862184406301,0.8389982201510487,0.8390068294898325,0.8390002855947445,0.8389892795110099,0.8390104137547335,0.8390221239549919,0.8389810883372596,0.8410148190620317,0.8410160076628855,0.8409382079471934,0.8408508594957339,0.8407714669083556,0.8409125924023888,0.8408575829427279,0.8405394758663268,0.8405756455263534,0.8405592528929143,0.840550820709747,0.840531283862477,0.8405676667158535,0.8405533079393309,0.84056536791843,0.8405784049927921,0.8406067055214549,0.8428748521472955,0.8428778694539981,0.8428315093294177,0.8428229301836352,0.8428068092553259,0.84276752781168,0.8427567038564598,0.8427782010216069,0.8427694477223315,0.8427759724913574,0.8427736810023906,0.8427835987183409
72,0.8305861096849542,0.828192156565165,0.8287891802166037,0.836188553291987,0.8460800689331277,0.8454532050562189,0.8453043555374489,0.8451016031874719,0.8449370700318138,0.844984585283261,0.8447074173240141,0.8447215574594437,0.8466336312860485,0.8466155255758113,0.8465727231980137,0.846523284980902,0.8457207062154792,0.8454521516334782,0.845480673739971,0.8455043586170885,0.8455860454367563,0.8455734618530695,0.8453328416061091,0.8453050902469594,0.8453106185631631,0.8452956653509636,0.845299262755195,0.8452952448290311,0.8453385556999908,0.8456184707120955,0.8455671391239666,0.845503168715014,0.8454305920664066,0.8454155927713393,0.8453125242921611,0.8453855965672121,0.8484547669210863,0.8484251675563104,0.8479989389123231,0.8480161285937122,0.8480446591566568,0.8480560391267178,0.8480637755038477,0.8480580477705194,0.8480391502800838,0.8480583702575056,0.8480687574314554,0.8480500977521738,0.853171611612417,0.8531726804268835,0.8530806129375995,0.8530132712731833,0.8529144248717477,0.8530083426880598,0.85294060909158,0.8526069714425577,0.8526538763039165,0.8526318418120764,0.8526205380496318,0.8525950342706714,0.8526423963833012,0.8526236017106096,0.852638911949614,0.8526560104452134,0.8526930864112542,0.8536509129367301,0.8536544352181604,0.8535995120737208,0.8535893705302373,0.8535700174862545,0.8535553347432553,0.853542551688194,0.8535872207229657,0.8535770126741087,0.8535845096371595,0.8535820475236854,0.8535938795846295
73,0.7782214535816432,0.7757615835510802,0.7763377113688884,0.7823895484787735,0.7928593786826861,0.7918190480711438,0.7916203196779998,0.791433095981738,0.7912477724129544,0.7913030259501133,0.7910287685215501,0.7910240967009827,0.7908952603479137,0.7908092089555312,0.7905424149169417,0.7905199100842948,0.7990321384650315,0.7986263175067075,0.798655761887224,0.798691844875114,0.7988196142403688,0.7988031932342745,0.7986555222233368,0.7985748361074435,0.798589723897244,0.7985421873312509,0.7985436548246001,0.7985175843907164,0.7986403680764845,0.79872225698081,0.7985811668169478,0.798410944525808,0.7984268628769713,0.7983802112896947,0.7983201387240173,0.7982980077289386,0.7987654707476441,0.7986049306258588,0.7959696824057574,0.7960028224662953,0.796058831660711,0.7960794998963475,0.7960954543354367,0.7960835292277166,0.796120126753677,0.7961605226198082,0.796183005995669,0.7961863379675966,0.7958286061964519,0.795830132558544,0.7957403839087575,0.7956470467993607,0.7955569991181352,0.7956138145518582,0.7955546326353522,0.7952323484635283,0.7952635729430316,0.795250171404632,0.7952432075575194,0.7952264758897444,0.795257794577309,0.7952454259798141,0.7952563695845976,0.7952677468714876,0.7952919991689653,0.7963200236410174,0.7963228756198519,0.7962793282325196,0.7962714212565652,0.7962571224327988,0.7961459353784993,0.7961363663775347,0.796154185651768,0.7961463177609056,0.7961525358226548,0.7961497083936834,0.79615875524659
74,0.7513973730628104,0.7496412391308735,0.7497570473552376,0.755557721947391,0.7634667524583689,0.7629732150095845,0.763335987016013,0.7633777827602518,0.7636024161713378,0.7636788177977482,0.7642984548183507,0.7641577188532601,0.7642785912744936,0.7648629477236516,0.7644589697606406,0.7644824310990505,0.7865604898766801,0.7865604907693017,0.786560483458616,0.7865604755764515,0.7865604665203372,0.7865604607433877,0.7865604547803486,0.7865604489239264,0.7865604417622393,0.7865604354983291,0.7865604282105005,0.7865604240970091,0.7865604148702953,0.7865604079997772,0.7865604190933845,0.7865604177093429,0.7865604117526812,0.7865604062499127,0.7865604019486434,0.7865603994375535,0.7865603897107241,0.7865603904412869,0.7865603324950072,0.78656032333043,0.7865603119013974,0.7865603032378299,0.7865602944830927,0.7865602892018937,0.7865602792787222,0.7865602704487482,0.7865602611418047,0.7865602515994695,0.7865602596249461,0.7865602520431029,0.7865602541623049,0.7865602518284617,0.786560254489442,0.7865602533846416,0.7865602525051785,0.786560339851873,0.7865603318435543,0.7865603290222666,0.7865603246268693,0.7865603215769778,0.7865603142354864,0.7865603105305574,0.7865603041291979,0.7865603018456122,0.786560296631421,0.7865602919436699,0.7865602865593259,0.7865602883345798,0.7865602840843311,0.786560280198589,0.7865602697177534,0.7865602678039226,0.7865602604519017,0.7865602565532985,0.7865602515396436,0.7865602590305188,0.7865602533004061
75,1.0731965155015761,1.0778713693838504,1.078587153261533,1.0753276943711882,1.075476103427445,1.0748030082834659,1.0419424106947666,1.0415381172866875,1.0409038186039716,1.0407296860771187,1.0317446236673167,1.031759168789241,1.0317189708942054,1.0315467175059088,1.0315881298061023,1.0315573846976702,1.0313593204943943,1.032426922357052,1.0324361275036535,1.0324548132454734,1.0325324078100144,1.0324241729135148,1.0323386567600072,1.0322549307511668,1.0322651639568512,1.032220396834188,1.0322170890215605,1.0322270096424477,1.0323287864110375,1.032337911863606,1.0322055613992704,1.031928304791264,1.0319779372640292,1.0319721020256563,1.031870217278542,1.0318574284134188,1.0319440121176153,1.0322328193392354,1.0319489457706064,1.0319960143403415,1.0320773139551045,1.0321042408683077,1.0321259820911843,1.0282857325113561,1.0283190601049348,1.0283484546755652,1.0283635868589383,1.0283897497979564,1.0283788920152839,1.0283790564382451,1.028316166730941,1.0282845941268937,1.0282647789517394,1.0282642341550523,1.02817080790262,1.0280086603274554,1.0280415013130588,1.0280259485918322,1.0280176167845956,1.0280072441937735,1.028036801160231,1.0280142392142508,1.028023280963057,1.0280347322784886,1.0280614355417113,1.0281064858699067,1.028108728506606,1.028085645090499,1.027897327811155,1.027886738984353,1.0278923470898391,1.027880614260726,1.0278913761213149,1.0278907051709776,1.0278992332476484,1.0278961348958755,1.0279019846446544
76,1.0714483793914553,1.0767239465137233,1.0776059700457201,1.0738522322871815,1.074031698905545,1.0732641764613313,1.0362979828638952,1.0358949731515066,1.035215477180993,1.035056397109731,1.025586078151688,1.025616896018013,1.0255531250799736,1.0253107303319744,1.025383353580045,1.0253845077690698,1.0250648823735196,1.0246225589674,1.024636541417281,1.0246558595012054,1.0247416907177274,1.024855700368857,1.0247817552337055,1.0247302412755965,1.024745662025339,1.0246923593646315,1.024693085148687,1.0247014941094257,1.0247947724122766,1.0248094261151628,1.0247565703371218,1.0245056845103808,1.0245433399017698,1.0245238319728895,1.024445372538232,1.0244350920483027,1.0245076783522116,1.0242101181030778,1.0240030432031213,1.024032912140169,1.0240924807237175,1.0241231301879867,1.0241402920379419,1.0222692504072122,1.0222873473926302,1.0223064033345381,1.0223132053927582,1.0223284030178643,1.022314233873741,1.0223158317293655,1.022280014803287,1.022262208424304,1.0220769531365792,1.0220775421868942,1.0219943756876304,1.0219282293816037,1.0219422298649952,1.0219461610809952,1.021942725240287,1.021943965107964,1.0219573060364933,1.0219572710012428,1.0219590421851579,1.0219594028773609,1.0219707769531272,1.0219889026300586,1.0219906483009338,1.0217735794579452,1.0214019481173733,1.0214019481975365,1.0214019484156744,1.021401949053994,1.0214019495246602,1.0214019480104053,1.0214019475695786,1.0214019475645888,1.0214019478455105
77,1.0647172978711947,1.0653711470448515,1.0662292638110649,1.0636252899127214,1.063842532408661,1.0626160899087267,1.0454717981604202,1.044575316063329,1.0436008095358837,1.0432210064788778,1.0229034039548832,1.0229140576336562,1.0228753457645736,1.0227587061958696,1.022791781349924,1.0227443324223862,1.0225686754957974,1.0226031543693457,1.0226070444294713,1.0226192800029579,1.0226633947087889,1.0212713936672129,1.021201725895441,1.0211235715625901,1.0211294352758684,1.021109702766161,1.0211058683284457,1.0211725685175157,1.0212522886912332,1.0212588769963777,1.021127137047105,1.0211088903932837,1.0211562347126995,1.0209762875205723,1.0208824984268037,1.020869760865251,1.0209475237641092,1.0211001385775655,1.0208639020403159,1.0209052737962432,1.0209727188307116,1.0209888389678046,1.0210064543599704,1.018401585484578,1.0184498009098355,1.0184907831182073,1.0185143764208466,1.0185523627165434,1.0185399137580142,1.0185393995759964,1.0184475872049663,1.0184026764906897,1.0181147642569912,1.018113780863486,1.0180527273077742,1.0178784463288568,1.0179127250167557,1.017890794940627,1.0178821974229777,1.0178952745226504,1.0179299142316296,1.0176810932998568,1.0176854228404928,1.0176937088426095,1.0177086985407173,1.0177344900767744,1.0177355097101646,1.0177498785436658,1.0177062827080465,1.0176984763310684,1.0177024443968046,1.0176900712597905,1.017697792712357,1.0177389638654797,1.0177498396742561,1.0177465827947243,1.0177502880677554
78,1.060741143887991,1.0610002039093083,1.0618164296329196,1.059601582941609,1.0598084111111956,1.0586418448172306,1.0439197586538833,1.0430169908778402,1.0421802124059405,1.041796510972295,1.0212117639507519,1.0212288414359127,1.0211730580451974,1.0210401661642998,1.0210889521076745,1.021032977888993,1.0207906741111186,1.0206157619592384,1.0206209459908095,1.0206357070711234,1.0206900749685168,1.018612686816937,1.0185424265588012,1.0184651924578079,1.0184712172677266,1.0184580988976948,1.0184544872539765,1.0185533824227087,1.0186334678314488,1.0186398606982676,1.0185089662525517,1.018526235513056,1.0185751105248768,1.018207038334798,1.0181142301615882,1.0181022576566068,1.0181785236348824,1.0182913494419013,1.0180662745812445,1.018105797516978,1.0181698579356555,1.0181845627010728,1.018201327004758,1.0162520651622673,1.0163068437526213,1.0163534254584903,1.016380475978112,1.0164239555934997,1.0164105666027023,1.0164099125899095,1.0163053585333772,1.016254395571165,1.0159826327964048,1.015981480696784,1.0159165412654492,1.0157197908050222,1.0157581832466607,1.0157330501967907,1.0157234283789573,1.015743103381353,1.0157821502146378,1.0155037865231535,1.0155078758058487,1.0155171772360383,1.0155335036234205,1.0155616999844423,1.015562776352768,1.0155858022311035,1.0155655699065786,1.0155567333626556,1.015561270405095,1.0155476518874236,1.0155565018385948,1.0156331422742397,1.015644831790671,1.0156413851242834,1.0156453868658746
79,1.0368492287310078,1.0369831351023862,1.03718007906837,1.0383204287585766,1.0383377040506787,1.038346234153832,1.0331352354614922,1.032669907645108,1.0334651169150977,1.033253954114651,1.021308157338201,1.0213401678529896,1.0212317351820008,1.021208497209871,1.0212983579603074,1.0212186726804737,1.0207673731856466,1.0199575233483342,1.0199684862851577,1.0199943052251192,1.020089047029231,1.0125463716704342,1.0124881981489335,1.0124310190512822,1.0124374234373252,1.0124717687243991,1.0124702999531594,1.012678939012467,1.0127466997747443,1.0127553668737452,1.0126609130263093,1.0126113556374914,1.0126533751295312,1.0115992032320769,1.011536456384145,1.0115297328069266,1.01158063914181,1.0116070960497958,1.0114673862162427,1.0114922528852754,1.0115314687776777,1.0115479048376212,1.0115581605618242,1.0109226715457373,1.0109651340103107,1.011000595184246,1.0110220406412116,1.0110555349932822,1.0110449145975844,1.0110443073732698,1.0109709333543195,1.0109321542194634,1.0107615659943605,1.0107607393595732,1.010713173519098,1.0105651694820346,1.0105931250378557,1.0105728940352863,1.0105659576986883,1.0106078735346944,1.0106455515152757,1.0104081588687392,1.0104135262264735,1.0104202694588476,1.0104305337046107,1.0104491487108096,1.0104497718270893,1.0104734258052417,1.0104759785270852,1.0104701633924589,1.0104731456266376,1.010460438659191,1.010466176037769,1.0112800673025806,1.0112865127372417,1.0112839459890197,1.0112855114211001
80,1.0442481413958455,1.0442438681760289,1.0446270175836259,1.0447354575834642,1.0448102528972087,1.0444504856740608,1.0371850810213221,1.0365667715328268,1.0368458510934455,1.036571741429931,1.0221521078271851,1.0221879317136553,1.0220753777999243,1.0219631044865292,1.0220617925153794,1.0219796123176026,1.021499629175677,1.0207328509207718,1.0207444680981228,1.020771321614068,1.020872715155171,1.0148519702520657,1.0147732296543426,1.0146953528560076,1.014703915672157,1.0147164174247973,1.0147139026143448,1.0149371392809101,1.0150284021360674,1.01503788202748,1.014909280654329,1.0149436846453106,1.0150005894169918,1.0139645968063487,1.0138720383307755,1.013861020573696,1.0139366800833365,1.0139594248853712,1.013748937061156,1.0137855724873521,1.0138450140116906,1.013862744887338,1.013878463476789,1.0128933563819014,1.0129539237220588,1.0130052860904806,1.013035423628262,1.0130835985372422,1.0130685224888503,1.0130678192992333,1.0129552447198489,1.0128993570124596,1.012658404080583,1.0126572091341817,1.0125877642356704,1.012374160640647,1.0124152511703581,1.0123878373867208,1.0123775820565208,1.0124262872692718,1.0124728997121246,1.01215565810289,1.0121583222214192,1.0121679972079365,1.0121845252553243,1.0122135213218582,1.0122146255617275,1.0122358950980583,1.0122366420396651,1.0122276280365812,1.0122323717267294,1.0122175973217902,1.0122268078421068,1.0127114570074562,1.012722219172192,1.0127190857031216,1.0127221840818568
81,1.0106100130417275,1.0113890540998398,1.0110421829808147,1.0154280048991755,1.0152635796683567,1.0163727494075305,1.0160239601451653,1.0160404487623413,1.0181561727078776,1.0181504395448477,1.013628877409028,1.0136356018868173,1.013573654471376,1.0136578300338375,1.013685717090377,1.0136301808846255,1.0134333024827549,1.0129073186119542,1.012911678201228,1.0129256072921733,1.0129640936924862,1.005353104866461,1.0053297225170885,1.0052998540298421,1.0053019174057847,1.0054228849404048,1.0054241499240952,1.0043232905187978,1.0043529542514813,1.0043749949242293,1.0043294132277643,1.004133147081178,1.0041467608239014,1.0036624236602847,1.0036394277376766,1.0036686475102652,1.0036874153165085,1.003679148597865,1.0036310885288928,1.0036400140428337,1.0036530235923304,1.0036986367055625,1.0037020417915024,1.0037467403265643,1.0037561120793128,1.0037665588425384,1.003773953548326,1.0037840232123336,1.0037763896414396,1.003776143387392,1.0038286215796213,1.0038148465124848,1.0037794316907753,1.003779283592027,1.003761452543804,1.0037021417773857,1.0037126012521818,1.003703544154536,1.003701052280601,1.0031633517057978,1.0032301804064,1.0032357161987762,1.0033955778327772,1.0033950726044334,1.0033907990387962,1.0033847118107055,1.0033842505524864,1.0034084282109688,1.003411743499648,1.0034138809859197,1.0034127635177377,1.0034071009311405,1.0034047665893882,1.0052052709505555,1.0051384256352844,1.0051373209552756,1.0051386242448295
82,0.9979603917891458,0.9985401894317938,0.9981604846829394,1.0070743617289504,1.0068358147496874,1.008228197339558,1.0093872917204578,1.009692097060638,1.0123620267714604,1.0124446306826045,1.011271421585268,1.0112659636198311,1.0112148119408126,1.0101311558923554,1.0101333969398216,1.0100982038742414,1.009999168341997,1.0096745681840742,1.0096770815484284,1.0096864279023336,1.0097044538039395,1.0053720219452795,1.0053083455102392,1.0052318808907026,1.005239458799631,1.005314755140609,1.0053165851336692,1.0011032164272882,1.0011756216599577,1.0012265236449616,1.001126913309441,1.0011711882167786,1.00120830771167,1.0010874379100299,1.0010150346996074,1.0010814920542797,1.0011433784492019,1.0010376864264345,1.0008617636726846,1.0008911613555342,1.000940967596448,1.0009566111437431,1.0009701671668678,1.0010308037695743,1.0010454936224822,1.001081752334006,1.0011023756410535,1.0011353655527562,1.001114395086002,1.0011143115755359,1.0011074111293432,1.0010644763863412,1.0009576944746972,1.0009560223213474,1.0008949388538075,1.0007030470423177,1.0007410729530894,1.0007197530482455,1.0007103422454813,0.9994360786883535,0.9996282574022876,0.9996394853223921,1.000331682987302,1.0003355773524036,1.0003429304259404,1.0003554161862773,1.0003559583624844,1.0003541673605105,1.0003531257730667,1.000349546102157,1.0003517173221181,1.0003464890556715,1.0003505985417143,1.0009713365582344,1.0008443251521102,1.0008433841382163,1.0008459836720804
83,0.9813708213162655,0.9814413967806028,0.9812699469097916,0.9994238769126031,0.9992980590443182,0.998707702121767,0.9988845730133281,0.9992332142017017,1.0001822732477157,1.0000784692003166,0.9997836229761343,0.9998309932253779,0.9996615984905523,0.9934753510123018,0.9935509312273464,0.9934654826910195,0.9930825808627828,0.9926982526571719,0.9927100105562674,0.9927348319540289,0.9928238456154305,0.9919294102924738,0.9918219248982382,0.9916843582162455,0.9916972232658575,0.9914836449274292,0.9914805028794318,0.9868004726915703,0.9868477261330384,0.9869102778883918,0.9868255102374225,0.9867166585875361,0.9867408620312028,0.9867574460577971,0.9867074339115096,0.9867160509499305,0.9867629510673909,0.9866874056066571,0.9865482768902216,0.986572475547142,0.9866117957503512,0.9862470899946295,0.986256610528504,0.9862659662690154,0.9861715379418097,0.9861976622693629,0.9862133139815287,0.9862373857213433,0.986217198030776,0.9862171300422334,0.9855742530048601,0.985561186047556,0.9855294918991503,0.9855238671983257,0.985505251508213,0.9854423589570075,0.9854550795525964,0.9854468521172615,0.9854440724078063,0.9850840113898954,0.9853222410466174,0.9853250967521323,0.9879106754629603,0.9879106753463549,0.9879106749602365,0.9879106749599996,0.9879106736804539,0.9879106730384242,0.9879106717200579,0.9879106692275103,0.9879106688039504,0.9879106688502169,0.9879106676351244,0.9879106683227917,0.9879106885958742,0.987910689947644,0.9879106891458412
84,0.9663106838925857,0.9662955342630086,0.966073596046686,1.000807588529704,1.0006859367361658,0.998791268701767,0.9982810218804754,0.9986228450068947,0.9989896532962751,0.9987451367388838,0.9979649310953137,0.9980588853684476,0.9978316512037193,0.985090531104634,0.9851856367635439,0.985102579768475,0.9846265156782068,0.9841925715386475,0.984207022712299,0.9842363263210735,0.9843430649889955,0.9838720351510128,0.9837608443561111,0.9836235541868549,0.9836379834955067,0.983497843409422,0.9835006700855937,0.9785861800275294,0.978690588975205,0.978593581621606,0.978439626050277,0.9781795679760988,0.9782334897202482,0.9782125273780334,0.9781031810269134,0.9773731810636241,0.9774833563806279,0.9772817581254184,0.9769541958776555,0.9770076523736959,0.9771002502223313,0.976907487174556,0.9769306737713132,0.9769153823146745,0.9768228707069345,0.9768853359193993,0.9769200112983151,0.9769769658870032,0.9769307033673489,0.9769307468205712,0.9745265948145221,0.974514785247385,0.9744883324907124,0.9744844553528862,0.9744683308579228,0.9744132259389852,0.974423972215444,0.9744173952006772,0.9744148558040093,0.974331728605197,0.9745969196879009,0.9745961138787844,0.9755309421908099,0.9755324210263688,0.975535379551341,0.9755407356065015,0.9755409741853597,0.9755381185647493,0.9755374455528986,0.9755113112436716,0.9755122178098166,0.9755221958170984,0.9755206167863991,0.9754892093106321,0.9755864642502122,0.9755858374204969,0.9755878456104842
85,0.9418538598830188,0.941680530825794,0.9415044008458597,0.9796481393435851,0.9796028613562766,0.9770161335060829,0.9759773264749,0.9762456934115656,0.9755331454934846,0.9752542809975705,0.9742543786961035,0.9743529624944975,0.9746445035994894,0.9599094920178813,0.9599770221491772,0.9599007488596392,0.9595716701394177,0.9592988292936984,0.9593087044011541,0.9593214601918761,0.9593958839147627,0.959346614939614,0.9593019518469699,0.9592322075182395,0.9592414425230278,0.9592567337442415,0.9592428721399974,0.9583052769518554,0.9584316616253794,0.9570414167811376,0.9569036454053673,0.956672242217431,0.9566766256517576,0.9566300405557568,0.9565225151450861,0.9516580438248742,0.951680698911596,0.9515339687861776,0.951300641290631,0.9513385656374636,0.9514050233876492,0.9514604130349986,0.9514784383461578,0.9514627167273809,0.9521696762698131,0.9522136765045324,0.9522373012996911,0.9522668999518549,0.952215416165347,0.952215603605606,0.950651461047911,0.9506196705736873,0.9505496356170882,0.9506744195989196,0.9506323998978949,0.9505002120711106,0.9505317970848284,0.9505185282560731,0.9505120600231343,0.9505127855609855,0.9506674309630082,0.9506580884600185,0.9506808491372127,0.9506888657415947,0.9507069573398306,0.9507322556667506,0.9507338453568628,0.9507097418136965,0.9507051402091915,0.9508217332097049,0.950827869762054,0.9508236448570397,0.9508270112319526,0.9508196536742823,0.9507738214114964,0.9507726541746845,0.9507792680178887
86,0.932336207687936,0.9320757056233031,0.9319266789549918,0.9656517843615681,0.96567021391209,0.9636573429556601,0.962928171585847,0.9631966475492076,0.9625805838583888,0.9623820122049979,0.9616745709116344,0.961746186070279,0.9624725437005177,0.9515543470345986,0.9516410232836284,0.9515339770997647,0.9511348178399491,0.9508143807995085,0.9508259406291555,0.9508388080145853,0.950929087455034,0.9509133902305202,0.950868685560231,0.9507877271651161,0.9507984233246729,0.9508022003791398,0.9507793667611529,0.9502277841833728,0.9503668565125818,0.9481646884998356,0.9480329515691598,0.9478125029988562,0.9477889660673746,0.9477445203435378,0.9476464434972672,0.9403280289507674,0.9402885435412109,0.9402246534774892,0.9401240191270902,0.9401407461398982,0.9401697378958984,0.9401603225343017,0.9401679326780786,0.9401607941961523,0.9411614234941532,0.9411808324130184,0.9411911509258204,0.9411943089132287,0.9411451072275498,0.9411452981775648,0.9404022341613438,0.9403837150361878,0.9403395228224175,0.9405175453546741,0.9404906022151953,0.9404012538466148,0.9404250911621435,0.9404161265454957,0.9404117563233797,0.9404131154893757,0.9405101328929287,0.9405038629643606,0.9404906679920813,0.9404960515716665,0.9405082486014158,0.9405151324190889,0.9405162321787868,0.9404994670594093,0.9404962795175008,0.9406286859234726,0.9406333418618661,0.9406303593188362,0.9406445209302938,0.9406401566443562,0.9406060674889387,0.9406051423610441,0.9406103681488782
87,0.9061960876889168,0.9058817479877407,0.905854899507912,0.9180854894756121,0.918374751347557,0.9178016143443232,0.9177482548281335,0.91789361202686,0.9177734990317232,0.9177513314153102,0.9177265141675908,0.917733344135066,0.9190571343635968,0.9162047953430391,0.9162524981114143,0.9161943244458717,0.9159607398903122,0.915816565425552,0.9158215992031741,0.9158246691509613,0.9158656231857002,0.9158709777965984,0.9158649063791389,0.9158277439418823,0.9158328009467172,0.9158302008016767,0.9158185148981102,0.915762872700025,0.9158211908026184,0.914209039262619,0.9141624782043615,0.9140824004412001,0.9140361803579838,0.9140215684024127,0.913993068528919,0.9105199954716059,0.9106587890770627,0.9106223764354493,0.9105847511676675,0.9105917973252516,0.9106040603256098,0.910587583226164,0.9105912081295375,0.9105874833158613,0.9113516907115453,0.9113744279330248,0.9113868590621274,0.9113846993345528,0.9112491747381725,0.9112495207170864,0.911298372226271,0.9112781775751702,0.9112271789845283,0.911490435986006,0.911456197520464,0.9113416463804738,0.911363807164349,0.9113537147811305,0.9113487341681392,0.9113394804969073,0.9113778857215391,0.9113699445279353,0.9113655400417405,0.9113727083219493,0.9113888890015467,0.9113397353448105,0.9113413382638371,0.9113165998015341,0.9113121117508912,0.9113461890695649,0.9113529403030665,0.9113475553889571,0.9115371568242608,0.911532265416701,0.9115285018553373,0.9115274644276598,0.9115338983165415
88,0.8828581532138559,0.8820918694213831,0.8823088850357172,0.8849186861847291,0.8870531554811817,0.8867437693032851,0.886682548845322,0.8865493818105604,0.8864595562251222,0.8864887374915252,0.8863558914093582,0.8863608791834005,0.8878153205585916,0.8878277732076922,0.8878401422270343,0.8878006993566603,0.8872375941342733,0.887003595615269,0.8870230016015691,0.8870437418635182,0.8871125392432354,0.8870996524604596,0.8869018140274252,0.8868705538143365,0.8868754977324997,0.8868639526659986,0.8868681904646077,0.8868590475355963,0.8868972173793176,0.8868195405800433,0.8867588971088864,0.8866825924398621,0.8866678022813194,0.8866476604226801,0.8865757406882973,0.8862954654972952,0.8879988206434685,0.8879413015874953,0.8879187311847497,0.8879321282216778,0.8879560085921013,0.8879747017647263,0.8879814419394805,0.8879756096784697,0.8879066253483474,0.8879255132655743,0.887935830658901,0.8879338514633364,0.8879041947284071,0.88790439946315,0.8878859201483952,0.8878540871656866,0.8878043483871043,0.8875421085245692,0.8875270324331973,0.8874685744578159,0.8874823474834604,0.8874778495789774,0.887475503856456,0.8874698714452713,0.8874847699482818,0.887480931768856,0.8874836386900139,0.8874869865198884,0.8874945763487223,0.8874789216371759,0.8874792388783561,0.8874745023143351,0.8874739553393737,0.8874641241450834,0.8874675046859657,0.8874682925608662,0.8876260765333144,0.8876254132194077,0.8876259746911614,0.887625708478889,0.8876243608294865
89,0.8476608230763013,0.8456882697214225,0.8462895161559043,0.8513589847278289,0.8584973325748606,0.8575172182073996,0.8571338822431752,0.8567610895363604,0.8563989733694207,0.856424820591919,0.8557958942152399,0.8558342062422608,0.8577299863092233,0.8575891994429647,0.8575485171919502,0.857460400488893,0.8563155788617,0.8558107975130592,0.8558577940702407,0.8559031131863762,0.85605469727354,0.8560284485195206,0.8555666795820127,0.8555119852920491,0.855521643211291,0.8554931127085058,0.8554979941639357,0.8554810264647569,0.85555824769724,0.8558828825942577,0.8557829690634946,0.8556562545110468,0.8555654504632072,0.85553293498041,0.8553698534683015,0.8553892489269129,0.861827609094046,0.8618276047208348,0.8618275833570901,0.861827581465019,0.8618275801722297,0.8618275780757347,0.8618275754446937,0.8618275723707386,0.8618275682103979,0.8618275673508424,0.8618275650764249,0.8618275595251406,0.8618276461592953,0.8618276446231251,0.8618276373750752,0.8618276309267398,0.8618276223994462,0.861827620321282,0.8618276144149786,0.861827595374064,0.861827596346671,0.861827593249339,0.8618275904097141,0.8618275868136658,0.8618275881191866,0.861827584822813,0.8618275836523294,0.8618275843589684,0.8618275858295389,0.8618277023514285,0.8618277020589741,0.8618276998441664,0.8618276990387369,0.8618276975603727,0.8618276966614917,0.8618276959799746,0.8618277020487032,0.8618277013054932,0.8618277012581196,0.861827701714005,0.8618277016521865
90,0.8161282953208352,0.8136554944449818,0.8144275674610134,0.8198130677244032,0.8302283864070634,0.8288248170172091,0.828174897660656,0.8277168318001077,0.827167973580315,0.8271480357012887,0.8261536424999437,0.8262265222631565,0.8267758272766927,0.826336754153164,0.8261823506939955,0.8260930825564622,0.8260252842336818,0.8254708051051579,0.8255245476492533,0.825574311999643,0.8257442141475119,0.8257178247623576,0.8252982266316026,0.8252258087721172,0.8252395917369781,0.8251972391144823,0.8252008249161891,0.8251736829442703,0.8252848783388838,0.8255415585189879,0.8254145737658648,0.8252535138947069,0.8251730601429818,0.8251310828325613,0.8249407130333498,0.824971638325712,0.8278140791155099,0.827752384807854,0.8259643709873937,0.8259921071450722,0.8260387698452946,0.8260566276571537,0.8260698200087905,0.8260597395491761,0.8260604678027892,0.8260935611093587,0.8261119717277806,0.8260639444871849,0.8270641314352817,0.8270655419737707,0.8269777088213711,0.8268531804847254,0.8267657335995295,0.8269472771723472,0.8268870548511569,0.8265089297563734,0.826546579619787,0.8265298902503143,0.826521304111078,0.8265012595296296,0.8265385867241055,0.8265238092361306,0.8265363991038889,0.8265498113772947,0.826579002301537,0.8302152387515679,0.8302185284498013,0.8301679533114315,0.8301585518161707,0.8301408432263219,0.8300722281329524,0.8300604399860031,0.8300770817034873,0.8300674696326649,0.8300746319126284,0.8300720246626948,0.8300827749755526
91,0.8088560924431409,0.8062937503636164,0.8069907285173182,0.8134047552665986,0.82529309952325,0.8243179443291102,0.8238759118203298,0.8235709027547161,0.8231983188406583,0.8231924579451346,0.8225174382657977,0.8225689968980714,0.8229647580230898,0.8226551803310317,0.8225545553587986,0.8224962088353197,0.8228621187941311,0.8224933277431462,0.822529027729274,0.8225626528520515,0.8226765096223067,0.822658606099812,0.8224127495746218,0.8223609854226714,0.8223716564422285,0.822341175655436,0.8223443517472991,0.8223222855622111,0.8224049203309224,0.8226042830223805,0.8225129775252374,0.8223955495464816,0.8223476684704143,0.8223177837091782,0.822203566715879,0.8222213253090865,0.8240511712836797,0.8239940075183069,0.8224457747507385,0.8224700701293924,0.8225105318726731,0.8225260253603388,0.8225375802492533,0.8225287839046166,0.8225335464320337,0.82256205178915,0.822577955367367,0.8225498516026611,0.8239945099923086,0.8239960527370905,0.823939034074553,0.8238555314062531,0.8238010547086854,0.8239226022750183,0.8238845544521717,0.8235809835622323,0.8236038662380485,0.8235947528504518,0.8235898425282169,0.8235765322106593,0.8236021534170194,0.8235929614792142,0.8236013401249613,0.8236095337437199,0.8236270316624472,0.8256448716882786,0.8256474102519763,0.8256078819834142,0.8256009092797634,0.8255883891190438,0.8255175742915152,0.8255088786031429,0.8255252958922935,0.825518191717662,0.8255237637169036,0.8255214384205908,0.8255295262684853
92,0.7606670001116753,0.7583632424645316,0.7589547570163961,0.7637599036698854,0.7717628418697144,0.7702370093071419,0.7699291253365722,0.7696575835730399,0.7693776083449512,0.769437753508542,0.7690034756519321,0.769007730452676,0.7688319931241498,0.7686518578573852,0.7682471344510513,0.7682156372321087,0.7793366724992341,0.7786406841279666,0.7786826430976977,0.7787409582642755,0.7789580428178922,0.7789310207652175,0.7787150374538024,0.7785679561653887,0.7785929083658152,0.7785068308459,0.7785072694178584,0.7784672028800901,0.7786838424693804,0.7787763473973655,0.7785236062323728,0.7782267679348459,0.7782725903438676,0.7781891985500382,0.7781884422965637,0.7781537862832486,0.7786718105098885,0.7783675285370439,0.7728931491080838,0.7729375955810399,0.7730141686494298,0.7730420112745141,0.7730635556774853,0.773047001602573,0.7731025775143037,0.7731591489917606,0.7731903902809713,0.7732065535881377,0.7728571873412711,0.7728586507554803,0.7727306052544419,0.772603727900429,0.772475760559289,0.7725289332831704,0.7724467243776758,0.7724326096249162,0.7724759672897901,0.7724566884027214,0.772446784367849,0.7724239931447893,0.7724661274636762,0.7724489872465556,0.772463789171826,0.7724796411590658,0.7725136233493124,0.77353814231349,0.773541434137442,0.7734906204085211,0.7734813740560363,0.7734646141266139,0.7732915119573984,0.7732801717151848,0.7733022459185623,0.7732929299541499,0.7733002697528957,0.7732968921710559,0.7733076221525091
93,0.7508624008671633,0.7488258123011009,0.7492401936659621,0.7540950481705204,0.7614409397651261,0.7602574081919483,0.7601940992982873,0.7600381353275046,0.7599451900806258,0.7600414320404355,0.7600076417733893,0.7599575465492805,0.7598753398653262,0.7599800784326505,0.7595746436426362,0.7595651517652817,0.7745671010227265,0.7740959337427283,0.774123432880185,0.774161870643331,0.7743078180367017,0.7742891791338312,0.7741544490614931,0.7740530270199835,0.774069822548354,0.7740105719140221,0.7740104704677979,0.7739826104328875,0.7741315283844034,0.7741919059190182,0.7740182551179193,0.7738155361512148,0.7738500070685098,0.7737930048653086,0.7738017829563693,0.7737746866684037,0.7740631145140456,0.7738461950614931,0.7698851673146633,0.7699070376689888,0.7699447264081082,0.7699584406599577,0.7699689193834497,0.7699604416527904,0.7699882349695935,0.770016201359118,0.7700315610531402,0.7700364012796456,0.769761521904974,0.7697622674385021,0.7696934140163683,0.76962100613639,0.7695522707879888,0.7695771056150045,0.7695330354990603,0.7700327117353793,0.7700568206464883,0.7700466785728097,0.7700413610260192,0.7700283063373132,0.7700527804620968,0.7700432007053946,0.7700517875044307,0.7700606068648698,0.7700791063335715,0.7705228778485934,0.7705246599450952,0.7704963835225165,0.7704914218720434,0.7704827811184337,0.7703730322216285,0.7703667690706593,0.7703798968403054,0.7703747231117144,0.7703789949187416,0.7703766670640759,0.7703826253236571
94,1.0704158824676842,1.0728908852140067,1.0737607341859745,1.0704535395818724,1.0706566220700575,1.069579637861487,1.0443654590130647,1.0436415932380798,1.0426357546814182,1.0423296177861743,1.0264734290178585,1.0264969458656745,1.0264354202737498,1.0261790202999235,1.0262419448593132,1.0261986761466413,1.02590716404721,1.026144434345812,1.026154432291224,1.0261747823693514,1.026258078854815,1.0259034199417723,1.0258074964533408,1.025713233406696,1.0257247510259018,1.0256767121232206,1.0256731306233309,1.025694665648311,1.0258080480603406,1.025817843232225,1.0256701447332974,1.0254450753390185,1.0255011850825266,1.0254822035667506,1.025367456201703,1.0253534129559385,1.025450802265256,1.0256017968101003,1.0253053272968773,1.025354542925938,1.0254394165890626,1.0254669385280968,1.0254897107431244,1.0218505460032468,1.0218816436400215,1.0219090057047169,1.0219232864889733,1.021947625051294,1.0219365422310511,1.0219367380473126,1.021877744714355,1.0218484254790983,1.0215897794887574,1.021589458132539,1.021527745725088,1.0214123344287545,1.021435823654195,1.0214246352637673,1.0214187196725066,1.0214212153155813,1.021443935208359,1.0213468946939255,1.021351355361295,1.0213575852440884,1.0213724771852746,1.0213974936402148,1.0213987930094162,1.0213608546129858,1.0212124035393404,1.0212067670226475,1.0212096627925724,1.0212017713042594,1.0212073486911788,1.0212088832454151,1.0212153157551356,1.0212130949820468,1.0212160113241946
95,1.0661213147818234,1.0676449957854095,1.06865081819218,1.0652779790147113,1.0655243114949333,1.0642080612328528,1.0417268066406138,1.0408499320679425,1.0397053502807352,1.0393420490790293,1.0182378352097556,1.0182579549514696,1.0182084423477762,1.018007444320433,1.0180587825230134,1.0180307414669805,1.0177999480247395,1.017668374863391,1.0176759659683607,1.0176902513114,1.0177495179665212,1.017498917054531,1.0174341062500063,1.0173731966389,1.0173817743255786,1.0173478382537398,1.0173458909746194,1.0173630805891145,1.0174399650006063,1.0174468960129568,1.017355225832017,1.017220072991277,1.0172574314836351,1.0172436649305359,1.0171671385485404,1.017158281067373,1.017223685979974,1.0172289504312648,1.0170377366582344,1.0170688295563688,1.0171235563051209,1.01714263795408,1.0171575263112862,1.0153452848699405,1.0153680063448294,1.015388331443218,1.0153987624581504,1.015416813188262,1.0154081139089797,1.0154083713656925,1.0153648630921774,1.0153433838374113,1.015148839867848,1.0151486975058601,1.0151063764277948,1.015028234272162,1.0150440776830976,1.0150373980932335,1.015033424320241,1.01503816862506,1.0150537975436578,1.0149761582990662,1.0149783625069646,1.0149816883331069,1.0149906826799233,1.0150056890634818,1.015006550210731,1.0149616976602838,1.0148688052050954,1.0148655460807274,1.0148673610342795,1.0148637883868925,1.0148672533651153,1.0148665897927736,1.014869378446269,1.014868538903271,1.0148702244944525
96,1.0602239148822103,1.0609557832365244,1.062028810097273,1.0587787248043958,1.0590483385481968,1.0576231143387613,1.0382285461526402,1.0372705241217368,1.0361118406822671,1.0357192274432043,1.0090760275914814,1.0090760357844322,1.0090760408076194,1.0090760410852462,1.009076050128351,1.0090760552303688,1.009076047330932,1.009076033308435,1.0090760390888878,1.0090760450101544,1.0090760529282414,1.0090760221895332,1.0090760242702155,1.0090760269635348,1.0090760314053342,1.0090760340581333,1.0090760382173225,1.0090760448864966,1.009076052230026,1.0090760558247254,1.0090760489607857,1.0090760440592468,1.0090760477499947,1.009076028018071,1.0090760263615275,1.0090760280605184,1.0090760335677367,1.009076028083672,1.009076021491633,1.0090760250549369,1.009076030019952,1.0090760339983456,1.0090760374359475,1.009075984595998,1.0090759871461616,1.0090759895942405,1.0090759917764738,1.0090759941198892,1.009075993551783,1.0090759953004826,1.0090759940432477,1.0090759938143539,1.0090759834321448,1.0090759838234384,1.0090759823690318,1.0090759785142998,1.009075980603814,1.0090759816349615,1.009075982630779,1.009075985161361,1.0090759871156576,1.0090759829946443,1.0090759839719912,1.009075984148914,1.0090759851539963,1.0090759862169256,1.0090759874631903,1.0090759812041774,1.0090759774487261,1.0090759783989462,1.009075978901326,1.0090759802693459,1.009075981506758,1.0090759794109498,1.0090759790333501,1.0090759779095777,1.0090759788948547
97,1.0384568766992441,1.0383791627004193,1.0388632841909071,1.038405110799284,1.0385133056416969,1.0379799023293712,1.0301382115725313,1.0294559510513415,1.0294875754693755,1.029191582078599,1.0143373264269853,1.0143837404398348,1.0142521303492926,1.0141305379840153,1.0142537621120238,1.0141854598742015,1.0136129240170166,1.0127426024349129,1.012758364706406,1.012789024081516,1.0129132737888713,1.0077691976795289,1.0077061322736922,1.0076556680258895,1.0076648507993038,1.0077021318871855,1.0077020187630197,1.0079086607157821,1.0079830597537616,1.0079937939212895,1.007914920182927,1.0076910786920206,1.0077278026807757,1.0060097227205123,1.0059592453033406,1.0059547832574447,1.0059952909011107,1.0060138792429085,1.0059041735819814,1.0059236953079327,1.00595448812186,1.005965334183929,1.0059734287732174,1.005572174223776,1.005602664047936,1.0056282505707996,1.0056439813800266,1.0056683977375929,1.0056614681263025,1.0056609685012097,1.005606934153722,1.0055790168303167,1.0054651810354862,1.0054645647843377,1.0054324155631327,1.0053302750415885,1.0053491679237845,1.0053344616605446,1.005329788943316,1.0053555205962987,1.005379783284933,1.0052441581013056,1.0052468816157407,1.0052524291264398,1.0052605591904145,1.0052753759168154,1.0052758435364162,1.0052992618767485,1.0053029167744,1.0052982474188978,1.0053005755629552,1.0052896779768503,1.0052941848566561,1.005872409241774,1.005880065076224,1.005877885207351,1.00587814415636
98,1.0308607615155105,1.030830851686001,1.0312119098338002,1.0311231801153191,1.0312046216235307,1.0308423119543122,1.0244517501549009,1.0238536689304123,1.0240751677211668,1.0238164856607324,1.0111267307440195,1.011173098664223,1.0110410830236056,1.0109984066262803,1.0111208074476694,1.0110603755794305,1.0104909811367486,1.0096025410219465,1.0096186669547564,1.0096488731563311,1.0097723426050706,1.0044147058894637,1.0043707002388935,1.0043422875381929,1.004350047120863,1.004420948587653,1.004422351701508,1.0045980784455715,1.004650515130061,1.0046623811236723,1.0046216646317665,1.004324324911785,1.0043453586011561,1.0023109309410767,1.002291643531265,1.0022916076182298,1.0023063541629194,1.0023411393149004,1.0023022137273614,1.0023101843522377,1.0023208369064944,1.0023313637766758,1.0023339669302782,1.0021549156271088,1.0021673658006325,1.0021769216699126,1.0021838964117815,1.0021934376654804,1.0021909460184155,1.0021905365863122,1.002177256930291,1.0021663908706113,1.0021184494220698,1.0021181774332506,1.0021073893539858,1.002068822531599,1.0020750527044038,1.0020672419254801,1.0020657697698672,1.0020670173865018,1.0020811662352682,1.0020137418086157,1.002016890008677,1.0020192642430727,1.0020205376737088,1.00202382379968,1.0020237532670218,1.0020502344670597,1.0020541601648745,1.0020529868661794,1.0020533703815653,1.0020445704765073,1.0020452714432164,1.0030378052954878,1.0030423476715136,1.003040742614753,1.0030395319758996
99,1.0118499383051967,1.0122621113835057,1.0121908031894482,1.0137491130906104,1.0137061155991203,1.0140666732263621,1.0119482757393432,1.0116875557377665,1.0126543269208221,1.0125483869232386,1.006198252127509,1.006224458089688,1.006134181287375,1.0063136974814413,1.0063856035872734,1.006324983253855,1.0059661703695355,1.0053403502458502,1.0053500791325096,1.0053714797037943,1.005449343577003,0.9999870954962874,0.9999754203423133,0.999963624179129,0.9999650707101084,1.0001245521458617,1.0001265632429717,0.9999349751236203,0.9999441094625496,0.999956908910426,0.9999475416354574,0.9996574926043128,0.9996566478850759,0.9985449358767087,0.9985514656168846,0.9985642061319399,0.9985580134262627,0.9986067739837964,0.9986305207695194,0.9986281495346974,0.9986205492510984,0.9986659869640947,0.9986636486743248,0.9986745455880265,0.99867235880879,0.9986680933301454,0.9986679546236252,0.9986648297711648,0.9986638790767134,0.9986635523914792,0.9987178176814547,0.9987207329975165,0.9987228210540997,0.9987231821116235,0.9987297167751774,0.9987454103878397,0.9987402476843911,0.9987379866065136,0.9987394381999178,0.9986025698265847,0.9986225854006376,0.9986164537742638,0.9986444021573522,0.9986421943738315,0.9986331117908535,0.9986193069020061,0.9986184059769285,0.9986543189912601,0.9986595885995478,0.9986638815577852,0.9986614037110023,0.9986553376701555,0.9986503127983831,1.002682187821994,1.0026821815599334,1.0026821846657903,1.0026821824243213
100,1.0015180602111515,1.0022181058234643,1.001935529627159,1.0039315551119243,1.0038240562206768,1.004529275762039,1.0041643493635473,1.0040884494946665,1.0051860446557075,1.0051655148480805,1.0019755365731797,1.0019865902855065,1.0019338987055932,1.0021685387207042,1.0022017687713618,1.0021520130023425,1.0019653806971804,1.0015907565040776,1.0015955265293133,1.0016085741795182,1.0016492471537892,0.997662250307029,0.9976536846955568,0.9976373082661876,0.9976371548787851,0.9978038889743776,0.997805593872437,0.9972880831667528,0.9972881940424134,0.9973017951863513,0.9972914186898393,0.9971064015425964,0.9971042266852131,0.9965176133107266,0.9965233353085075,0.9965422848397968,0.9965370478783867,0.9965742663018572,0.9965962364609229,0.9965939186442174,0.9965867330150535,0.9966452598566559,0.9966431220192948,0.9966855085284436,0.9966821033612329,0.9966775241853016,0.9966772702135162,0.996673910732525,0.9966721608486975,0.9966718753922952,0.9967409496639417,0.996743601920743,0.996749347202159,0.9967497242236409,0.9967556877799759,0.99677185690688,0.9967664307391997,0.9967647202353503,0.996766237092075,0.9965430894506638,0.9965714355914631,0.9965815525747964,0.9966526780696784,0.9966493094526945,0.9966380364616322,0.9966204699866568,0.9966194107247971,0.9966531603399587,0.9966580733857457,0.9966636256232478,0.9966605599670871,0.9966553224752562,0.996649103508942,0.999034093698312,0.9989696764335293,0.9989690913884468,0.998966536209497
101,0.9924628219438267,0.9924628180979921,0.9924628094823758,0.9924628976133425,0.992462898649094,0.9924628990853653,0.9924629050342507,0.9924629115143961,0.9924629263175451,0.9924629284509697,0.9924629228248485,0.9924629263152,0.9924629274032378,0.9924628815157608,0.9924628831417152,0.9924628817635639,0.9924628761859656,0.9924628696316605,0.9924628697976599,0.992462870252264,0.9924628718867775,0.992462831992825,0.9924628288158067,0.9924628244752267,0.9924628232366316,0.9924628111919169,0.9924628092348029,0.9924627519670685,0.9924627494224891,0.9924627487845727,0.9924627504563517,0.9924627444664722,0.992462742880369,0.9924627361222446,0.9924627337027576,0.9924627346743119,0.9924627326554661,0.9924627305659471,0.9924627268483609,0.992462724513393,0.9924627221285723,0.9924627067652537,0.9924627036504892,0.9924627016974056,0.9924626970216954,0.9924626952313405,0.9924626925149744,0.9924626907180494,0.9924626900064905,0.9924626867271287,0.9924626798849514,0.9924626770148388,0.9924626727179588,0.9924626717274129,0.9924626676624276,0.9924626633782699,0.9924626609432958,0.9924626576990551,0.9924626543526022,0.9924626380069135,0.9924626407893983,0.9924626377650033,0.9924626785690586,0.9924626782901643,0.992462677242116,0.992462676814759,0.9924626741874545,0.9924626738037994,0.9924626712520641,0.9924626680167306,0.9924626670885146,0.9924626653317582,0.9924626628306555,0.9924627050661868,0.9924627424833944,0.992462744565306,0.9924627429866819
102,0.9785207285640776,0.9785056084534859,0.9784539119916764,0.9936877390863528,0.9936348530027022,0.9922637305760096,0.9917893002861805,0.9922345491681085,0.9922308622516918,0.9920427614582487,0.9917038276891598,0.9917674167417717,0.9915824470324766,0.9848081716047214,0.9848977210704799,0.984786933897357,0.9843827499512273,0.9840537024568669,0.9840654527399703,0.9840889470159768,0.9841826023132986,0.9841573648842767,0.9840703485398699,0.9839370209198641,0.9839463475885962,0.9833573899703314,0.9833430333221806,0.9812921711384655,0.9813139228932081,0.9813992426949284,0.9813282418754026,0.9812651334186238,0.9812718906645151,0.9813303322845961,0.9813094387484359,0.9814403490533679,0.9814579456639071,0.9814436772828031,0.9813951906063769,0.9814055551407646,0.9814184114505071,0.9805668977876354,0.9805703130324094,0.9805677522976269,0.9804416735043315,0.9804520183094919,0.9804605683174664,0.9804713142266568,0.9804608624673492,0.9804606985324652,0.9801279796172893,0.9801300719655349,0.980135295756113,0.9801295849883996,0.9801345939351847,0.9801496118061805,0.9801466617420881,0.9801455325806939,0.9801472459188936,0.9800563119033741,0.9801669859450232,0.980170792292508,0.9813726973128913,0.9813735313831029,0.9813729843602601,0.9813729585740665,0.9813728810177603,0.9813792975916332,0.9813796410462485,0.9813653111955325,0.9813651432117939,0.9813806177144287,0.9813801139766353,0.9812751091251137,0.9824122523405803,0.9824112390910895,0.9824122884090959
103,0.9662110425405779,0.9662234035946752,0.9660870465899232,0.9945547055897256,0.9944663713214587,0.9920697003201399,0.9911502152165312,0.9916755093938918,0.9914795088155479,0.9911804218059931,0.9903295523958695,0.990432521461752,0.9901877900933299,0.9763425968081653,0.9764482915597656,0.9763300447104054,0.9758499800027463,0.9754469839630002,0.975461209150561,0.9754893562841813,0.9756006731818302,0.9754560476278493,0.9753527320355732,0.9752116786107895,0.9752234745361369,0.9748670950310373,0.9748538024019081,0.9722458261855168,0.9723097700617531,0.972381457390838,0.9722679201408424,0.9721230572086214,0.9721499233470646,0.9721638146895399,0.9721019830265129,0.972096394855255,0.9721510796382947,0.9720632064326826,0.9719125584156377,0.9719381480006948,0.9719799641573641,0.9711606797692698,0.9711694751531795,0.9711639816130027,0.9710099313414758,0.9710346468457349,0.971049781217599,0.9710737371300433,0.9710535365743072,0.9710534858228843,0.9701684297728319,0.9701724282260671,0.9701811450567654,0.9701737969811648,0.9701811075369169,0.9702040642531541,0.9701997702072128,0.9702008809755583,0.9702027094672653,0.9701374928006854,0.9702903270888508,0.9702944411041489,0.9712919178726397,0.9712884566775886,0.9712799553337361,0.9712667886697524,0.9712661124256079,0.9712788781395894,0.9712810463943865,0.9712666373389137,0.9712641334501214,0.9712962503533287,0.9712900410440675,0.9712332280125046,0.9717643737740669,0.9717639790323063,0.9717635212181446
104,0.9523455160444759,0.952340304732719,0.9521962405555864,0.9852332555084011,0.9851273886915428,0.9820471533991786,0.980727925296316,0.9812636430691293,0.9805418713266382,0.9801939251650731,0.9790587699073794,0.9791753732542311,0.9790551697049319,0.9572593360961176,0.9572593452901409,0.9572593466782708,0.9572593375036832,0.9572593313383395,0.957259337165322,0.9572593431463616,0.9572593516577762,0.9572593558104814,0.9572593589567212,0.9572593606824396,0.9572593661110599,0.9572593643968947,0.9572593680074071,0.9572593257478981,0.9572593334702866,0.9572593226225451,0.9572593128658304,0.9572593077150748,0.9572593095124213,0.9572593113980706,0.9572593087105045,0.9572592455435865,0.9572592477238498,0.9572592433945476,0.957259235742632,0.95725923790762,0.9572592411613239,0.9572592036868495,0.9572592043774736,0.9572592040325971,0.9572592324917982,0.9572592341198737,0.9572592354619767,0.9572592366239423,0.9572592351154054,0.9572592358176958,0.9572591814249807,0.9572591813776508,0.9572591813551566,0.9572591870242543,0.9572591872216798,0.9572591884387572,0.9572591887306239,0.9572591887680926,0.9572591887510438,0.9572591887314807,0.9572591960974274,0.9572591962900178,0.9572592144584404,0.9572592142536007,0.9572592138180269,0.9572592128179723,0.9572592129984354,0.9572592137933532,0.9572592141553444,0.9572592292996207,0.9572592293220992,0.9572592323008,0.9572592321626564,0.9572592311023994,0.9572592406127103,0.9572592398363697,0.9572592402609926
105,0.9358300374894483,0.9357988040446994,0.9356711985800642,0.9628216456804585,0.9626422341682466,0.9601231109072104,0.9591171695624164,0.9595895935792949,0.9588586150758951,0.9586014944184982,0.9577131455910926,0.95780059985822,0.9580031054254037,0.945005818891168,0.9451289889464407,0.9449400064393922,0.9444264403923536,0.9440122507746576,0.9440274893917827,0.9440405336755644,0.944165333389369,0.9441901508418781,0.9441133860836838,0.9440202933013089,0.9440322694111345,0.9439742825096646,0.9439097001946695,0.943870069523367,0.9440088411523793,0.9430881584631892,0.9429458691218058,0.9427619286051805,0.9427036477176433,0.9426599288252566,0.9425557777583762,0.9391551072260655,0.9390677130382199,0.9390289703231771,0.9389737281829486,0.9389841538664382,0.9390016113229078,0.9387008237726969,0.9387051207692,0.9387008982083758,0.9409036141622741,0.9409034468045845,0.9409031223233013,0.940878882185729,0.9408456028987254,0.9408458131446701,0.940630029303226,0.9406331375116329,0.940633386242053,0.9409205875585163,0.9409225673784077,0.94092622843287,0.9409432875304955,0.9409439933764393,0.9409444202361839,0.9409560636222478,0.9409980915260548,0.9409989406164736,0.9409429913657565,0.9409418325023513,0.9409397614589394,0.9409228198277729,0.9409227574136063,0.9409241644370244,0.940924514743467,0.9413726727009334,0.9413739813866954,0.9413782403396983,0.9413830558071842,0.941382707784152,0.9413351559678615,0.9413347355755233,0.9413370446674376
106,0.9045311384493062,0.9044939730024986,0.9044771598889025,0.9089987912913282,0.908858252156084,0.9083273708304106,0.9081864156955428,0.9082657617137008,0.9081308410940682,0.9080918910895224,0.907943802594386,0.907957922528555,0.9080690389902879,0.9061723845231281,0.9062193803187795,0.906141734098185,0.9059299029918312,0.9057619394354062,0.9057692134360417,0.9057725924409878,0.9058238173957807,0.9058287726016774,0.9057848868808697,0.9057436776979798,0.9057487025069711,0.9057303992133239,0.9057079561618713,0.905721842125197,0.9057751409474822,0.9054076725766748,0.9053542837012882,0.9052877117890435,0.9052591208344939,0.9052424921234231,0.9052015035325985,0.9039968789926033,0.9039099964378356,0.9038726425155046,0.9038316909124798,0.9038409502464679,0.9038578517667526,0.9038099519620026,0.9038147606413381,0.9038107379699507,0.9058078244262259,0.9058218861676798,0.9058294140272899,0.90584515534204,0.9057906177814238,0.9057906248786376,0.905787085054888,0.9057694561335776,0.9057378037819867,0.9055221544032074,0.9055009867562668,0.9054340854042857,0.9054560520392106,0.9054492731022991,0.9054459429448038,0.9054406146033397,0.9054589459325447,0.9054538479567131,0.9054510182026608,0.9054557158141361,0.905466341925871,0.9054562127783721,0.9054571711259368,0.9054429915117691,0.9054402225650063,0.9054670507633604,0.905470292965656,0.9054680406983288,0.9054849259704987,0.9054820089425246,0.9054793703334234,0.9054787306481826,0.9054806128901651
107,0.8961113621789412,0.8961113540768888,0.8961113545893222,0.8961114324823497,0.8961114548479395,0.8961114469790449,0.8961114476678608,0.8961114537252715,0.8961114570318073,0.8961114614757083,0.8961114617889585,0.8961114675853157,0.8961114980184087,0.8961114670429338,0.8961114732465812,0.8961114744935165,0.8961114607807553,0.8961114543000778,0.8961114584408626,0.8961114625562315,0.8961114690388396,0.8961114719415856,0.896111469725099,0.8961114709118926,0.8961114744394879,0.8961114769442204,0.8961114798204696,0.8961114823262758,0.8961114885911802,0.8961114706056789,0.8961114635028293,0.8961114607914957,0.896111461687474,0.8961114628140888,0.8961114602204894,0.8961114012523171,0.8961114391496231,0.8961114357564437,0.8961114326234025,0.8961114350161903,0.8961114384448826,0.8961114393086502,0.8961114413736246,0.896111442122099,0.8961115221997696,0.8961115261244544,0.8961115300414904,0.896111533982025,0.8961115256771516,0.8961115285626796,0.896111530263964,0.8961115294222679,0.8961115274666525,0.8961114909369642,0.8961114910556786,0.896111485358567,0.8961114891282898,0.8961114900640627,0.8961114916320134,0.8961114928121694,0.8961114960742228,0.8961114974429709,0.8961114993682705,0.8961115001840011,0.8961115021135989,0.8961115005175442,0.8961115024221391,0.8961115020572662,0.896111503618573,0.8961115055962836,0.8961115066608872,0.8961115076070992,0.8961115186618532,0.8961115201526038,0.8961115216956368,0.8961115189371436,0.8961115207308781
108,0.855940839937081,0.8543020461841575,0.8548786703587425,0.857982743026077,0.8636713873794507,0.8625207330978363,0.8619642404142883,0.8614773561568524,0.8609792237176225,0.8609724950592906,0.8600983872512484,0.8601515910039492,0.8613859058441704,0.8611672693933072,0.8611315784374559,0.8610208446328961,0.8597892613274052,0.8591652924994717,0.8592208358035921,0.8592801001912869,0.8594676310773403,0.8594372099791183,0.8588187089463636,0.858750385740297,0.8587609178583245,0.8587271329011106,0.8587307772588183,0.8587182846717422,0.8588048208741121,0.8590820368635077,0.858967734667076,0.8588299080759324,0.8587758644972672,0.8587375824788971,0.8585673809753501,0.8586550857615001,0.8625448165449968,0.8624426025930848,0.8621957249918847,0.8622259387458482,0.8622788307874427,0.8623016719688998,0.8623160279853389,0.8623046852618086,0.8624215932463732,0.862459030819224,0.8624791298640724,0.8624498125507905,0.8621383730023259,0.8621383914620872,0.8620657595458618,0.8619899768986264,0.8619028276865781,0.8613963529478685,0.861363465023972,0.8612282731371921,0.8612599043732367,0.8612479656556253,0.8612419185338998,0.8612296303145706,0.8612521587990346,0.8612427132289198,0.8612505263837926,0.8612590981191155,0.8612780615137483,0.8625013683080165,0.8625006599575181,0.8625120526515792,0.8625144675210521,0.8625107799911407,0.8625072254395825,0.8625119350168994,0.862535242580036,0.8625375823707673,0.8625361740507808,0.8625364178970945,0.8625296974580112
109,0.8226875232311639,0.820385935307864,0.8211991587262062,0.825374523045993,0.834302926165902,0.8325787741550529,0.8317471646420291,0.8311545536599516,0.8304557790722706,0.8304159969762648,0.8291529543745407,0.8292407908142126,0.8297372573373726,0.8291974269882302,0.8289870402868793,0.8288725575592658,0.8283912844259912,0.8276943163256012,0.8277623453072918,0.8278260505163234,0.8280382264400717,0.8280058885663413,0.8273843099408728,0.8273052463179811,0.8273192313877962,0.8272732441829157,0.8272762868279301,0.827250292008154,0.8273676104558618,0.8276122881491403,0.8274745600499792,0.8273025218933496,0.827196137187455,0.827150312878322,0.8269078706906432,0.8269514716652523,0.8300005929708122,0.8299322056264583,0.8283281845091266,0.8283564122896845,0.8284044667353454,0.8284229975079115,0.8284363239753554,0.8284260713048138,0.8284284297921564,0.8284625126097703,0.8284813203668492,0.8284191459686988,0.8285977720919754,0.8285986629742897,0.8285046022643178,0.8283628199281906,0.8282662560329979,0.8284673919737143,0.8284025303760335,0.8280441576878584,0.8280865982171737,0.8280673179101953,0.8280576003709177,0.8280365726209947,0.8280749068745511,0.8280588534661244,0.8280720703115492,0.8280867241432543,0.8281189925784386,0.834011435602378,0.8340129425013871,0.8339896419829773,0.8339852741040787,0.8339762353483726,0.8339359495378359,0.8339305434540046,0.83393202638896,0.8339274743850218,0.8339308512871253,0.8339295794595354,0.8339337762351798
110,0.8256213419599792,0.8232817080262322,0.8240399567783676,0.8290426043011894,0.8384486080687018,0.83704174660539,0.8363846332160801,0.8358958369642315,0.8353324141928778,0.8353176746354738,0.8343021759914637,0.8343735095686011,0.8352152774536927,0.8348091068229921,0.8346747465115341,0.834574859365385,0.8339279467082291,0.8333364747931669,0.833393985274633,0.8334473529824056,0.8336273787572739,0.8335988453585045,0.8330946221734716,0.8330257055309732,0.8330384187452822,0.8329987761474827,0.8330026026822708,0.8329782790874485,0.8330819806946702,0.8333688503854223,0.8332477182265291,0.833093972878976,0.8329933819628546,0.8329534895087662,0.8327487726457037,0.8327945711699151,0.8364971008248814,0.8364589429561007,0.8352048033612467,0.8352248686598468,0.8352584410720114,0.8352716288355702,0.8352810951943297,0.8352738161459111,0.8352680797134129,0.8352917659907316,0.8353049421777873,0.8352458883368,0.8360528995000787,0.8360539004743472,0.8359760454800672,0.8358681056748402,0.8357898733878789,0.8359525357218566,0.8358992986623401,0.8355884250983533,0.8356224713833316,0.8356071244953053,0.8355993013631057,0.8355816902744106,0.835614145538043,0.8356009708744233,0.8356119688657274,0.835623940549105,0.8356501796229162,0.8393012689830062,0.8393035221473051,0.8392683824810696,0.8392618243766008,0.8392490818766197,0.8392056038353588,0.8391973370987661,0.8392045374446938,0.8391977667910955,0.8392027370997162,0.8392009394117707,0.8392081468340844
111,0.7659039037666767,0.7635055049432676,0.7642667541618852,0.7680088525319654,0.7751116915070657,0.7728910047332712,0.7721931309837011,0.7717194974587867,0.7711365733214551,0.7710449589909415,0.7699639159713438,0.7700507113872521,0.7697797329723122,0.769170250530174,0.7686020180235356,0.7685405168859829,0.7740637861609442,0.7732159634104514,0.7732681733513468,0.7733383084980774,0.7736028963387344,0.7735704880282245,0.7732707593284153,0.7730951268432666,0.7731242395336385,0.7730213742013644,0.7730216313841999,0.7729768289039758,0.7732358335553638,0.7733438997299935,0.7730408669366822,0.772687365025472,0.7727163288881068,0.7726162130367842,0.7727651278718424,0.7727361215369706,0.7734833297673078,0.7731358898429055,0.7647456644853379,0.7647992444099191,0.7648930214522004,0.7649266723788132,0.7649527801883261,0.7649327428509151,0.7649950239256863,0.7650644567906516,0.7651027060212034,0.7651099712704774,0.7649082674024563,0.7649092931061308,0.764758764532945,0.764570655316214,0.7644212398703654,0.7645189656934871,0.7644232931768574,0.7640037184695099,0.7640587635765709,0.7640324506852084,0.7640192489149469,0.7639914465881141,0.764041822089032,0.7640202475875078,0.7640377733328895,0.7640577689427169,0.7641017065020642,0.7661882065792195,0.7661915606076207,0.766140731181332,0.7661311222392881,0.7661129583240374,0.766021392723007,0.7660102610701637,0.7660300301224167,0.7660209410958391,0.7660276642945469,0.7660251516424132,0.7660355369639609
112,0.7533137953724001,0.7510650432227428,0.7517210628566583,0.755480418314557,0.7619663831332286,0.759989123233229,0.7594588469025899,0.7590725976031937,0.7586214643263152,0.7585870647984833,0.7577881480818103,0.7578426218096431,0.7576027165422398,0.7571632363826133,0.756663074083687,0.7566135034979962,0.7645997411268207,0.7637783959816927,0.7638202946232135,0.7638873318007898,0.764143831133665,0.7641129708892704,0.7638642814115371,0.7636870759494966,0.7637161479380818,0.7636125954695835,0.7636124829550828,0.7635684219004826,0.7638303722142455,0.7639220164318477,0.7636158504447504,0.7632617060890908,0.7633082422088364,0.7632078206344863,0.7634679371458681,0.763433710083078,0.7640000064820617,0.7636247621751074,0.7544360342624374,0.7544686741225695,0.7545253148365926,0.7545457372594137,0.7545614377488131,0.7545491706541324,0.754589373053944,0.7546313224338554,0.7546544092095524,0.7546611552975008,0.754462150918765,0.7544629403521502,0.7543693665730546,0.7542573932190596,0.7541646893580013,0.7542096530389589,0.7541502964607523,0.754233998423538,0.7542672095676729,0.7542520477224524,0.7542443228345773,0.754227137447058,0.7542586723253492,0.7542455934994104,0.7542566459840274,0.7542687541188501,0.7542948476388566,0.7551982997331673,0.7552004284963068,0.7551668683869263,0.7551607017111821,0.7551494192772236,0.7549676556226179,0.7549601008166688,0.7549745257089104,0.7549683285897973,0.7549731544821809,0.7549709193417863,0.7549780360892188
113,0.7265187793434084,0.7248513854180202,0.7252658783404514,0.7281481201053743,0.7324490620268187,0.7309499604430821,0.7306486885854108,0.7303900877018894,0.7301240435230907,0.7301255477847772,0.7297121856717271,0.7297258685765489,0.7295785865165196,0.7293801887112945,0.7289820770452181,0.7289490144870188,0.7371855908728476,0.7367158742808673,0.7367282604881297,0.7367632950914035,0.7369089596370149,0.7368912158267074,0.7367694076469603,0.7366622399042025,0.7366784583786272,0.7366160458115817,0.7366151492010923,0.7365900182429431,0.7367530891673332,0.7368007220103368,0.736612147954872,0.7364007361162725,0.7364212963776617,0.7363609360914273,0.7368774176005561,0.7368555220230225,0.7371223318118518,0.7368575994975616,0.7294397381086888,0.7294432724435921,0.7294503993266597,0.7294525524791803,0.7294535811478288,0.7294514910771471,0.7294570914132994,0.7294628616053715,0.7294655922886666,0.7294526625091474,0.7293598127964714,0.7293592716832428,0.7293424322036711,0.7293125333621373,0.729294062341812,0.7292968314922178,0.7292854252839038,0.7310828083209635,0.7311075454158293,0.7310967399289621,0.7310911735123078,0.7310784623228914,0.7311020383961229,0.7310923150152432,0.7311008907004553,0.7311100353537662,0.7311286910903027,0.7311160543628721,0.7311175957957761,0.7310933793030033,0.7310889231372989,0.7310810833438096,0.7313929424950028,0.7313844572029304,0.7314012538553254,0.7313943497079706,0.7313996962155208,0.7313967927788873,0.7314048076177576
114,0.703592956307597,0.7027346493290668,0.7028501681685881,0.7048548323518782,0.7074078108567473,0.7067632845526975,0.7068078771318791,0.7067493054388722,0.7067562814951578,0.7068382287796802,0.706969539586555,0.7069170777676879,0.7068962967485343,0.707068646715025,0.7067689612498,0.7067703560009355,0.7136336570479384,0.713751611868387,0.7137443475539683,0.7137257784882515,0.7136823085384348,0.7136834501879945,0.7137134853286488,0.7137353441457204,0.7137281463687136,0.7137409872366436,0.7137383164643832,0.7137427840023218,0.7137121462416234,0.713718909045595,0.7137578319972563,0.7138092839254335,0.7137589518886933,0.7137726759900246,0.7140713418606025,0.7140744053128012,0.7140780538042145,0.7141056175557069,0.7104883148197142,0.7104436399569775,0.7103709426091066,0.7103438770664836,0.7103220741752795,0.7103354398569942,0.7102752264863738,0.7102252635663278,0.7101967279148751,0.710133742827382,0.7101230751422632,0.7101201220694241,0.7102241905862332,0.7102537834382688,0.7103680371814765,0.7103688454944114,0.710444756756535,0.7150975825195426,0.7150955990024772,0.7150977757957478,0.7150987675791617,0.7150996956778499,0.7150990299243036,0.7150998678054944,0.715099987283756,0.7150993756452565,0.7150966881310314,0.7149819018221258,0.7149816360013962,0.7149837384263337,0.7149843428972775,0.714986298790919,0.7153352384982005,0.7153327457496016,0.7153381649006112,0.7153360882113565,0.715337945166374,0.7153360312497541,0.715338448957831
115,1.031326214751627,1.0312487488431403,1.0316939639080451,1.0312823899025423,1.0313828268477365,1.0309150988206883,1.0239828654878944,1.0233466405011753,1.0234193269844805,1.0231457487457305,1.0099377393856301,1.0099861036033364,1.0098520091376857,1.0098022620671903,1.0099285087626184,1.009876670143985,1.009295959206605,1.008398027220176,1.0084147868983964,1.008444701820921,1.008570063314664,1.003681704260294,1.0036381277817596,1.0036149373259724,1.0036235912020262,1.003689346383516,1.003691302705736,1.003876668497455,1.0039290799468312,1.0039416779968469,1.003911335279421,1.0036095700539922,1.0036289002352512,1.0013899818071332,1.0013741969759056,1.0013739910602981,1.001386081214169,1.0014121841135906,1.0013801427366589,1.001386653108623,1.0013954545024382,1.0014029853246667,1.0014051576466312,1.00127126029004,1.0012811207929875,1.001288730567904,1.0012942757884578,1.001301877245514,1.0013000046960376,1.0012996924047226,1.001288275607264,1.0012796572327198,1.0012429120085744,1.0012426971073733,1.001234250537557,1.0012039031384343,1.0012088033677238,1.0012026644538952,1.0012015192715398,1.0012040130220867,1.001214491393776,1.0011644535791275,1.0011661508878473,1.0011681547310904,1.0011693931389962,1.0011723638093297,1.0011723388913853,1.0011930645520473,1.0011962120032205,1.001195188394671,1.00119554751333,1.0011885463154149,1.0011892581263493,1.001911459656883,1.0019155962428645,1.0019143095895504,1.0019133542233989
116,1.034521415676302,1.0343729472190828,1.034953465187416,1.0339527846737542,1.0340907093603042,1.0334151339595699,1.0250870767008349,1.0243692662347275,1.024170248168595,1.0238639835907057,1.0090861170304721,1.0091367404625904,1.0090017025480191,1.0089239676169217,1.0090538248518226,1.0090167278358322,1.0084289963028434,1.0075234138715081,1.0075407844982283,1.0075695084125647,1.0076948799416061,1.0035345577914097,1.0034889132429397,1.0034714001120277,1.0034818043047367,1.0035269280133585,1.0035295175478494,1.0037306268683162,1.0037864462321657,1.0038000294168,1.0037818556372082,1.0034903035289082,1.0035094346846107,1.001121617533343,1.0011035104554926,1.0011020925599121,1.0011167569621295,1.0011141696938037,1.0010756391194628,1.0010822528790584,1.0010930543033276,1.0010975819634234,1.0011004757608446,1.0010065089971367,1.0010165965592945,1.0010252105686723,1.0010303916873367,1.0010385993759077,1.0010360955562703,1.001035969559563,1.0010179695799242,1.001008696328856,1.000972333051163,1.000972180775952,1.0009615344738663,1.0009291406513225,1.0009351070462105,1.0009306701371452,1.0009291978302854,1.0009382337872452,1.0009459497661026,1.0009088697995483,1.0009093765034813,1.000911150073722,1.0009139760464558,1.000919101196356,1.000919286776171,1.000924952756688,1.0009265303022272,1.0009249802064168,1.0009257962482927,1.00092277935035,1.0009243559496006,1.0011342343974718,1.0011359241296085,1.0011354048553425,1.0011352749067337
117,1.0309969231388036,1.0308345847698641,1.0314077234906942,1.0303557492247057,1.030492721226637,1.029838024554832,1.0219245340879766,1.021231016091069,1.0210217431148023,1.0207273061954998,1.0068571053111446,1.0069079232496774,1.0067743286618551,1.0067446952724781,1.0068734186925263,1.0068518613441673,1.0062730945683758,1.0053663895312293,1.0053839266777544,1.0054108869332627,1.0055327354883452,1.0016288413038632,1.0015935603547055,1.001593271365557,1.0016038778258638,1.0016565851729688,1.0016604898910229,1.0018588185946389,1.0019031862113819,1.0019181514964413,1.0019308491401244,1.0016253795300276,1.0016354982953253,0.9988531757961409,0.9988531759556037,0.9988531767546508,0.9988531782187509,0.998853176868445,0.998853176677939,0.9988531776643202,0.9988531789195688,0.9988531817730124,0.9988531829660321,0.9988531843960883,0.9988531855588166,0.9988531866257133,0.9988531877735858,0.9988531888116308,0.9988531886062256,0.9988531897512731,0.9988531909236386,0.9988531914338655,0.9988531901482782,0.9988531904719626,0.9988531910597566,0.9988531911195401,0.9988531921701369,0.9988531932011219,0.998853194182215,0.9988531961094778,0.9988531973220623,0.9988531964462083,0.9988531964686377,0.998853196450689,0.9988531967803315,0.998853196850269,0.9988531978096813,0.9988531970857606,0.9988531981338177,0.9988531992235173,0.9988531995565173,0.9988532011064862,0.998853201986256,0.9988532775644114,0.9988532759162753,0.998853273550149,0.9988532752265846
118,1.009831752014129,1.010080921328506,1.0101202083386027,1.0107922342690556,1.010792704079874,1.0108947502502028,1.008307022229945,1.0079789120021552,1.0085441126025734,1.008414800663959,1.0020349857001425,1.002065176763473,1.001973255891256,1.0021719730702316,1.002251510313791,1.0022039244972125,1.0018264343452503,1.001217377594695,1.0012281100010945,1.0012490795277837,1.0013308356553248,0.9971785919279827,0.9971687382207449,0.9971652841443223,0.9971677179090892,0.9973294493011188,0.9973321422392596,0.9973081604620945,0.9973148945723697,0.9973264406672421,0.9973334921564284,0.997065904210519,0.9970620908868769,0.9958243915460733,0.9958351063674287,0.9958437403157036,0.9958346515341643,0.9958712110880504,0.9959024834763309,0.9958982051423196,0.9958886340484472,0.9959362754382699,0.9959335181250326,0.9959744426732556,0.9959707335546091,0.9959645986812928,0.9959626858349165,0.9959575029661719,0.9959570690204315,0.9959568945340982,0.9960080974742338,0.9960134207064834,0.9960234193166898,0.9960240047861679,0.9960325718744892,0.9960572734019939,0.9960509640484985,0.9960510275291231,0.9960527293060953,0.9959827357476337,0.9959910796937372,0.9959956636588634,0.9959879224885984,0.9959855876660509,0.9959778556540071,0.9959658314124039,0.9959650952736123,0.9959900397279153,0.9959939678720294,0.9959977608706416,0.9959956752559613,0.9959936357165308,0.9959893461486964,0.9987034142289,0.99867985972197,0.9986796180723189,0.9986812536916823
119,1.0117709962869668,1.0117664390886243,1.0120188494634546,1.0117250659513286,1.0117871127869724,1.0115547747374714,1.0076404187183743,1.0072052647402636,1.0073389852457646,1.0071621898896423,0.9995538187922478,0.9995912575271969,0.9994896601398138,0.9996627148795517,0.9997578900227387,0.9997420218846427,0.9993106799726215,0.9986390220451964,0.9986521711095171,0.9986725365603473,0.9987634058658844,0.9955452795566583,0.9955347944005619,0.9955502356070267,0.995556259179249,0.9956808730730472,0.9956852938275477,0.9957990354706037,0.9958106633976398,0.9958234083018755,0.9958619034775119,0.9956000448256597,0.9955941389358304,0.9941237199006546,0.9941397435936442,0.9941437575325665,0.9941320642630919,0.9941309854612831,0.9941695656469405,0.9941617289011644,0.9941504309037584,0.9942003189346134,0.9941973438039485,0.994282376823296,0.9942759968849674,0.9942684569356706,0.9942632699463507,0.9942558402113303,0.9942543683363444,0.9942546354136231,0.9942980071978856,0.9943058718996567,0.9943189532479971,0.994319946277613,0.9943282866652666,0.9943611967485589,0.9943553004704863,0.9943608134457034,0.9943622721029285,0.9943429893208457,0.9943424255546764,0.9943573396161017,0.9943313227452005,0.9943271453132037,0.9943208836390245,0.9943101465525965,0.994309721091878,0.9943073800343726,0.9943087510387103,0.9943125605140319,0.994310926308511,0.9943231839364047,0.9943196416108888,0.9958661475345923,0.9958086032332744,0.9958105418400692,0.9958126561176515
120,1.0025682115190133,1.0028723635087848,1.0028384152335168,1.00329130532605,1.0032794809130674,1.0034351782549185,1.0017945208443575,1.0015466742234693,1.0020045197152525,1.0019171178497053,0.9975290263804998,0.9975509921253677,0.997483734596666,0.9977414681014329,0.9977990727648972,0.9977598732969754,0.9974864549441153,0.997045589327426,0.9970533396373674,0.9970689395752292,0.9971282404119929,0.9941859073208885,0.9941820412116656,0.9941801242330947,0.9941811665618033,0.9943439297940889,0.9943462882434131,0.9943433467163565,0.9943417469026145,0.9943508167376583,0.9943617363945126,0.99416274933826,0.9941565402512575,0.9932664908434685,0.9932797549146908,0.9932879056231136,0.9932768457587721,0.993309110113694,0.993345267135703,0.9933400792352075,0.9933291749337159,0.993378026797846,0.993375014554689,0.9934272378285173,0.9934224341625383,0.9934151027093212,0.9934124586852835,0.9934060728004405,0.9934060065586792,0.9934058792612591,0.9934605390854886,0.9934671248520988,0.9934814632282407,0.9934821362038502,0.9934917854603451,0.9935207458339524,0.9935137254634525,0.9935146189944896,0.9935164988753108,0.9934646850519834,0.993468013252258,0.9934784693938838,0.9934524409905543,0.9934500105399139,0.9934424764424827,0.9934305838186512,0.9934298779483434,0.9934501286095303,0.9934533463505459,0.9934569273250149,0.9934549182785893,0.9934536338849086,0.9934494554503259,0.9954473639764035,0.9954235410532704,0.9954231410796808,0.9954240078616027
121,0.985133714738155,0.9849147857913731,0.9850150523794973,0.9896380750965083,0.9896466792874219,0.9888593993062477,0.9884717049751167,0.9887667372658466,0.9884755294139794,0.9883808453565581,0.9884404780862852,0.988469095037382,0.9883883017426262,0.985891655371039,0.9859368106145766,0.9858825833274611,0.9856842774069842,0.9855455457614695,0.9855514524929302,0.9855626855807428,0.9856107790343432,0.9859564810485051,0.9859143045537468,0.98583814819991,0.9858425838727284,0.9850999115107811,0.9850907064519728,0.9847959678165574,0.9848114568517633,0.9848483967178137,0.984789529470746,0.9847549443445696,0.9847624056292172,0.984813967993002,0.9847950934068749,0.9848735144193105,0.9848872184591471,0.9848824754958152,0.9848396128448582,0.9848499000976947,0.9848619324316049,0.9843761570181428,0.9843808655192158,0.9843677857230372,0.9843223640441362,0.9843357225429109,0.984346192158174,0.9843589510271784,0.9843550101193386,0.9843547025402026,0.984278427299906,0.9842666653496006,0.984243952775844,0.984241358904515,0.9842264157516114,0.9841722977038461,0.98418349716782,0.9841734110403725,0.9841714527987763,0.9841906902167158,0.9842223236957622,0.9842170042083691,0.9844879423544779,0.9844958958914035,0.984508666522126,0.9845306836168741,0.9845315688594029,0.9845279695763908,0.9845254291011181,0.984507145406987,0.9845107926482239,0.9845042080918974,0.9845114516094776,0.9844644291527925,0.9857470394628501,0.9857449685786598,0.985745673352522
122,0.9835008655739783,0.9832645102000784,0.9833793593467837,0.9892284158140622,0.9892345763154586,0.9882684101338297,0.9877586320806933,0.9881437630192125,0.9877941452694027,0.9876764414579532,0.9876940827470728,0.9877297119950348,0.9876295449741189,0.9845080574982338,0.9845618833994212,0.9844973629749305,0.9842612260826674,0.9840946647820146,0.9841016771177644,0.9841146564631712,0.9841714146522634,0.9845652945950636,0.9845162320762477,0.9844263242359239,0.9844316312792422,0.9835026151994809,0.9834907517310492,0.9831377403324596,0.9831548879201758,0.9832002065930704,0.983132180745221,0.9830948362769604,0.9831025271056184,0.9831634782307325,0.9831428199964832,0.9832388340621623,0.9832537107764193,0.9832495002252793,0.9832024699849541,0.9832140159650072,0.9832271869574412,0.9826101895672106,0.982615451764867,0.9826005443173736,0.9825439190093785,0.9825588846030349,0.9825707755141337,0.9825851190833507,0.9825806079930691,0.9825802647472317,0.982493270755776,0.9824803033953905,0.9824552409522518,0.9824521507282541,0.9824357173632041,0.98237599586063,0.982388587862481,0.9823772778729369,0.9823751776495695,0.982393989777087,0.9824299342539974,0.9824239831275623,0.9827289300749915,0.9827378815246504,0.9827521502944806,0.9827767866199503,0.982777779613484,0.9827738359192343,0.9827709856221324,0.98274928750914,0.9827533591913086,0.9827449389546353,0.9827530770954579,0.9826855493291744,0.984311539531278,0.9843092825857194,0.9843100185128315
123,0.9675422415983571,0.9675303487164953,0.967534643001338,0.9878140053544131,0.9877400604479536,0.9852183508997238,0.9839246919417796,0.9848991613463085,0.984293414043141,0.9839878474406821,0.9832535475871608,0.9833499006911895,0.9831050204768805,0.9719436773768965,0.9720280038364846,0.9718604953758967,0.9714951588857257,0.9712275796757474,0.9712375083023819,0.9712544089845503,0.9713382119291363,0.9715844831960202,0.9715185056140174,0.9713784560091235,0.9713839982453265,0.9704171449751083,0.9703663136473901,0.9694839011489345,0.96950768980754,0.9696385533166529,0.9695422971065485,0.9694871385852603,0.9694788500806676,0.9695313302706545,0.9695073001249205,0.969763002378877,0.9697766922076221,0.9697682210466629,0.9697174376591613,0.9697303166887846,0.9697438565842663,0.9674905004088299,0.9674939241448806,0.9674858890076604,0.9673558028462587,0.9673651455942696,0.9673735185897091,0.9673835533814231,0.967377213387239,0.9673770055040134,0.9672158364161384,0.9672152261746686,0.9672161509811437,0.967213083291926,0.9672155136339118,0.9672231072966742,0.9672241897738656,0.967221854794987,0.9672233358496886,0.9672153996589541,0.9672682113248053,0.9672691238020084,0.9677798004072607,0.9677815041446237,0.9677819813955822,0.9677839397693,0.9677839295827054,0.9677910458369458,0.9677912197976638,0.967780936050969,0.9677808864558334,0.9678089772459836,0.9678088174589183,0.9677307055979139,0.9699436321214161,0.9699427146878429,0.9699445818959754
124,0.9540876362530477,0.9541597568425246,0.9540766531587265,0.9808969938212301,0.9807474070557722,0.9776134482593595,0.976142997125161,0.9770630439152445,0.9762633454493623,0.9759132008684671,0.9748555200505769,0.9749675902308932,0.9747675691926487,0.9576039987317295,0.9576306284943435,0.95749430424471,0.9573853518213367,0.9573157693958895,0.9573181528249656,0.9573154908940062,0.9573412993345692,0.9574586367660348,0.9574467934937041,0.957406790956402,0.9574063123336437,0.9570674813971304,0.9569952103352994,0.9569027983749586,0.9569160351540057,0.9569806706679308,0.9569334571244533,0.956911411395729,0.9568714282189807,0.9568882916253987,0.956875390621547,0.9568987245699755,0.9568792017541204,0.9568850084469848,0.9568780258229534,0.9568819698919404,0.9568839985883781,0.955088559671938,0.9550870288707183,0.9550876604360323,0.9554667456150392,0.955454345170178,0.9554479628768876,0.9554314567375902,0.9554310240681436,0.9554310724660254,0.9555299703353436,0.9555438000952652,0.9555729113456061,0.9556326076125504,0.955653691615516,0.9557232031031474,0.9557251203205728,0.9557323403321571,0.9557364506934289,0.9557435750504397,0.9557466044394607,0.955752841779694,0.9558796442066319,0.9558732790892707,0.9558591394175918,0.9558346654184292,0.9558335757519149,0.9558517906067157,0.9558552711559855,0.9560750769007242,0.9560708266972319,0.9561367404921333,0.9561278789949786,0.9561141456248131,0.9563392193453463,0.9563396394503875,0.9563350984111706
125,0.9367395688291966,0.9368892903137238,0.9367921991362171,0.9565603392298263,0.9562115912265778,0.9536744493739956,0.9526214982263473,0.9534271050559919,0.9527612928587356,0.9525235268262681,0.9517671349873117,0.9518432117492828,0.9517757253862789,0.940611842801456,0.9407188259563086,0.9404321716301582,0.9400174273578303,0.9397018091654754,0.9397130877238483,0.939706347020572,0.9398069009523418,0.9398789032281609,0.9398203891267465,0.9397840096783598,0.9397905043222199,0.9396408750572861,0.9394899431644218,0.9396815769657453,0.9397788882709102,0.9394673583165193,0.9393545921678695,0.9392380905754522,0.9391097526277471,0.9390833999039792,0.9390064569547831,0.9376225948021235,0.9375247645853428,0.9375117736140203,0.9374952395881079,0.9375012529408085,0.9375091601569467,0.936624079141891,0.936628053609,0.9366243487511011,0.93974249203552,0.9397306774617972,0.9397238692432898,0.9396819814325031,0.9396704584440272,0.9396706571176152,0.9397727335058889,0.9397864843327028,0.9398093131714119,0.9400795029344142,0.9400916883930934,0.9401269492619926,0.940161150324279,0.9401651563346249,0.9401669872869333,0.9401784591813128,0.9401783572473844,0.9401816111502245,0.9401280217595221,0.9401246204369716,0.940117402887987,0.9400973424559448,0.9400968094656553,0.940105652641088,0.9401073727613292,0.9412608126237979,0.9412608123254527,0.9412608196371333,0.9412608189368892,0.941260818580178,0.9412608117335457,0.9412608125545405,0.9412608118063606
126,0.9172052305915543,0.9172883763106529,0.9172483878122539,0.9244856418745875,0.924067428456167,0.9228939255531855,0.9225633970032818,0.9229145539943872,0.9226685641502174,0.9225947563034194,0.9223315372207582,0.922358637589861,0.9222437390992544,0.917948976913192,0.9180244391824706,0.917804375161181,0.9174454125850688,0.9171586648352512,0.9171722212178994,0.9171637568915165,0.9172549197905063,0.9172791055223243,0.9171842314056914,0.9171372790931871,0.9171443893914745,0.9170895766001874,0.9169962982605875,0.9170914745974265,0.9171779516056592,0.9169537406204378,0.9168562936920458,0.9167458880223448,0.9166193033313934,0.9165903108028367,0.9165105312489491,0.9153266012787868,0.9152296657195593,0.9151769293255586,0.9151258654021388,0.9151411231934026,0.9151686024146757,0.9149422602395438,0.9149510102568547,0.9149437334299112,0.9227568001834645,0.9227567975983243,0.9227567940906539,0.9227567923367902,0.9227567894634969,0.922756785887901,0.9227567852365884,0.9227567823955479,0.9227567793301448,0.9227567141865595,0.9227567082340629,0.9227567012491398,0.9227567012204236,0.922756697049334,0.9227566922858967,0.922756687719009,0.9227566856061833,0.9227566808026728,0.9227566753738972,0.9227566749673531,0.922756673863063,0.9227566718266015,0.9227566676138851,0.9227566644802834,0.9227566600031285,0.9227566739729351,0.9227566727324279,0.9227566744520096,0.9227566705080766,0.922756666629079,0.9227566620289512,0.9227566676071497,0.9227566633202376
127,0.893019084364861,0.8926363061762808,0.8928166569586055,0.8924633640218437,0.8933871975637712,0.892890026264248,0.89266000481955,0.8925012887245101,0.8922965722002751,0.8922876401521086,0.8919373183655556,0.8919582408245722,0.8919169878371822,0.8913567168489969,0.891378862704014,0.891281606472781,0.890729338988045,0.8903993197877708,0.8904262850651717,0.8904546006880291,0.8905558050019102,0.8905480218557149,0.8902598057709106,0.8901952510121774,0.890202918342201,0.890177766312678,0.8901600110460941,0.8901916211047084,0.8902499563644882,0.8904121784594005,0.8903319545316728,0.8902460776437308,0.890388031541524,0.8903605890211118,0.8902707173297115,0.8902379958737319,0.8906610578350161,0.8905435604189463,0.8904395711194235,0.8904696476487189,0.8905278852586913,0.8905101739713335,0.8905257409792346,0.8905134813987886,0.8928261055400183,0.8928397286499028,0.8928470447795888,0.8930131856946552,0.8928820752381144,0.8928814672572335,0.8928687127570244,0.8928192924027006,0.8927979358045938,0.8898408740023518,0.8898535391079713,0.8898972433110699,0.8899265275584788,0.8899312957352896,0.8899332578664457,0.8899381211520563,0.8899293112376856,0.8899331518730227,0.8899309246844698,0.8899273306508654,0.8899197878141405,0.8898899740056224,0.8898892378402191,0.8899019613831918,0.8899045476469382,0.8898830842730986,0.8898801665760416,0.8898950881916151,0.8898748709440841,0.8898774287972403,0.8898747028237562,0.8898749388041091,0.8898591493122789
128,0.8832004596484606,0.8825001779335085,0.8827894248978596,0.8829196478910297,0.8850073198273205,0.8842709163078077,0.8838934365310825,0.8835662857197392,0.8832340510359742,0.8832125533325131,0.8826388320063203,0.8826720163009114,0.8829472385179925,0.8827185293994195,0.8827396410532955,0.8826438244068542,0.8818413029735995,0.8813975457847334,0.8814340032481824,0.8814781038348495,0.8816121537652982,0.8815946136145059,0.8811860660872405,0.8811135734856106,0.881122817858898,0.8810938888214923,0.8810881638401467,0.8811025864316984,0.8811722614811988,0.8813973541692892,0.8813019099911237,0.8811987922835862,0.8813436010822574,0.8813105602545896,0.8811991096016787,0.8813601005054151,0.8823564109634997,0.8822181133374298,0.8820853342407456,0.8821205114685168,0.8821871866150546,0.8821991369821185,0.8822169595899368,0.8822029191342508,0.8833930691967381,0.8834242805413393,0.8834411746390408,0.88358943350055,0.8833983137238952,0.8833977253676666,0.8833442573029158,0.8832708592189227,0.8832070698730268,0.8807130796142348,0.8807159846350263,0.8807236967120111,0.8807504020415811,0.8807515308013572,0.880751739209056,0.8807528315681241,0.8807503823088604,0.8807513573214992,0.88075172219124,0.8807506942025709,0.8807488613689491,0.8808350894474136,0.8808343719054603,0.880846226944318,0.8808486728170308,0.8808297341371748,0.8808276001667864,0.8808381533854458,0.8808308240928052,0.8808331544201373,0.8808314017153808,0.8808316042805675,0.8808185825885627
129,0.8544135505740986,0.8530019082031305,0.8536317284426234,0.8548706896491005,0.8598688360697749,0.8586073489568827,0.8577836191324048,0.8571254663998243,0.8564304894237644,0.8564034488733993,0.8551897984971826,0.8552598366981037,0.8555837466746931,0.8552114097141406,0.8551027932277393,0.8549871173162923,0.853734888288912,0.8530193718426606,0.8530886622011614,0.8531797848080647,0.8533952597104173,0.8533632173636605,0.8524130956426048,0.8523583687581657,0.8523661570600782,0.8523450581673165,0.85234588349207,0.8523459615749689,0.852399320982841,0.8525468828841022,0.8524743816831556,0.8523952575290891,0.8525767636283773,0.8525497036114065,0.8524424427509314,0.8525483960329674,0.8536320897146432,0.853515157588629,0.8533525261223698,0.8533827597073288,0.8534406421164074,0.8534609458097917,0.8534762080087853,0.8534642694616883,0.8538338683097242,0.8538674948215003,0.8538859324262196,0.8540473009589298,0.8538540320606328,0.8538534852142996,0.8537906923546811,0.853699056646927,0.8536283462013339,0.8517307216093059,0.8517226471499073,0.8516879633609931,0.8517089747031037,0.8517064881714872,0.8517048613238031,0.8517023800895371,0.8517067734460713,0.8517048683575994,0.8517069352334029,0.851708588769515,0.8517126168595328,0.8523060058508094,0.8523054394748137,0.8523150439060998,0.8523170128214155,0.8523109275064196,0.8523089348657019,0.8523146749512764,0.8523090199156413,0.852310883591463,0.8523096451286797,0.852309816922885,0.8523038447697368
130,0.813984704308482,0.811741865076266,0.8126187082207658,0.8157831041112442,0.8236891680943249,0.8215183391062006,0.8205066131208354,0.8198135387284075,0.8189810849998572,0.8188951710992586,0.8173771063319234,0.817482465746784,0.8175450792413346,0.8168423230997982,0.8164366300434053,0.8163196771966073,0.8161466781481339,0.8153920823492381,0.8154682053562262,0.8155390218928863,0.8157682685488251,0.8157352170677992,0.8150239172274353,0.8149411275043215,0.8149552922039616,0.8149068808489541,0.8149083036856977,0.8148841886775361,0.8150046129157115,0.8151494325821084,0.8150071238247254,0.8148359963611914,0.8147717340230349,0.8147238988962083,0.8144378212735575,0.8144593788495315,0.8160451654660944,0.8159317085981049,0.8139980825880463,0.8140318358122993,0.8140923148371118,0.8141148095008991,0.8141311815511881,0.8141185591396947,0.814114815321723,0.8141581573630787,0.8141820817202731,0.8142661961107771,0.8141585204743168,0.8141589203810691,0.8140442700016246,0.8138818977916664,0.8137644987242123,0.8140685111101558,0.8139896113311925,0.8135903176567176,0.8136410496964319,0.8136173046592299,0.8136054503031472,0.813580806420879,0.8136253708701777,0.8136062090253551,0.813621601837095,0.8136391890414427,0.8136781750690006,0.82465762346517,0.8246576179608881,0.8246576134599288,0.8246576075232218,0.8246576009852937,0.824657590767434,0.8246575871438212,0.8246575817687294,0.8246575761703469,0.8246575715387962,0.824657579531206,0.8246575743913409
131,0.7894535877438995,0.7871340272760696,0.7879912728410143,0.7909927901125114,0.7979589097990918,0.7954045963828775,0.7944386804084229,0.7938065003116269,0.793017644262233,0.7928286273709507,0.7913359982675576,0.7914578239773346,0.7912371361284739,0.7904465932297078,0.789719921653931,0.7896399463141041,0.7907890011911267,0.790129658007496,0.7901941831688841,0.79025098532812,0.7904527650694361,0.7904259953504459,0.7900095759961209,0.7899029847806457,0.7899207157885204,0.7898586612336161,0.7898590436973016,0.789831409602453,0.7899848781138429,0.790078516111699,0.7898967622715563,0.7896838142949818,0.7896845390508662,0.7896234448857644,0.7893907190247563,0.7893869509850747,0.7902029542647958,0.7900217282025014,0.7864730596881017,0.786511906590903,0.7865827043478423,0.78660816143413,0.7866274030176696,0.7866126266129739,0.7866318523463156,0.7866832250341724,0.7867118742419253,0.7868368654387686,0.7867067661155014,0.7867071070949829,0.7865792625509309,0.7863553676757945,0.7862284329135951,0.7864465456870999,0.7863643240980344,0.7859200665925985,0.7859698951704482,0.7859461092634135,0.7859342354300836,0.7859097748311085,0.7859540164299393,0.7859348935118949,0.7859501984667546,0.7859678371699768,0.7860070186350088,0.7911714468218476,0.7911726151005651,0.7911559389994148,0.7911528920315714,0.7911475528654133,0.7911549829101082,0.7911535487292026,0.791155366664179,0.7911541073136746,0.7911551633133173,0.7911545476287908,0.791155448964879
132,0.765630577121287,0.7632768509218251,0.764038125671288,0.7674324888061189,0.7740461994436356,0.7716848069420122,0.7709240191564101,0.7704194804181854,0.7697909371815916,0.7696316841123375,0.7684443297436341,0.7685478300435686,0.7682652751565466,0.7675870561962491,0.766941489163508,0.7668795941418378,0.771324650942013,0.7705159769667722,0.7705638048808863,0.7706303410718013,0.77088293067063,0.7708523548688402,0.7705630655898525,0.7703954932002662,0.7704230878779489,0.7703249800527017,0.7703251658269014,0.7702834659672338,0.7705313310756127,0.7706291146854068,0.7703391378428097,0.7700025859444101,0.7700246449495666,0.7699291227028804,0.7701766844855058,0.7701510516408836,0.770844702426083,0.7705131746382451,0.7621180668511105,0.7621647915897837,0.7622468929054583,0.76227629071438,0.7622990981855478,0.7622816667469492,0.762333927152515,0.7623945982622485,0.7624280977414287,0.7624235212277198,0.7622705399084244,0.7622713531134138,0.7621388879978498,0.761954862361772,0.761822865303196,0.7619220161296537,0.7618378483251877,0.7613852399160503,0.7614345956992589,0.7614108108893627,0.7613989145549499,0.7613741836340258,0.7614188770820883,0.761399582797371,0.7614151330978178,0.7614330164493371,0.7614724361315776,0.7635971295912425,0.7635997053910858,0.7635620419506003,0.7635549358466184,0.7635415625843588,0.7636610320375118,0.7636539336859501,0.763666313832379,0.7636604817523608,0.7636648289175287,0.7636631552501734,0.7636697545234156
133,0.7445830822107963,0.7425171703412938,0.7431149731094894,0.7460329949456321,0.7511408591558291,0.749011703498224,0.7483938601484801,0.7479760965954247,0.7474684963364412,0.7472696406556263,0.746319269360088,0.746408849143581,0.7461518347155588,0.7455915219127104,0.7450371992436378,0.7449820785171016,0.7506183644343897,0.749843046068796,0.7498619245962538,0.7499239924310205,0.7501678993755644,0.7501401366573924,0.749924286132676,0.7497529850025628,0.7497809216029907,0.7496811008183317,0.7496811967354492,0.7496413926837899,0.7499006866459454,0.7499730699380289,0.7496723059499789,0.7493316267872885,0.7493704255495504,0.7492737630558178,0.7500786271039862,0.7500482654647106,0.7505128387919527,0.7501270481081775,0.7375405168775353,0.7375405241386859,0.7375405337787648,0.7375405404573555,0.7375405470740726,0.7375405505211783,0.7375405584406693,0.7375405659993619,0.7375405733431422,0.7375405768780977,0.7375405683960828,0.7375405736736131,0.7375405695032252,0.7375405659208404,0.737540560761364,0.7375405646599771,0.7375405631266945,0.7375405685902796,0.7375405771402153,0.7375405787954007,0.7375405822791546,0.7375405843165718,0.7375405919967982,0.7375405946841943,0.7375406007451879,0.7375406033356187,0.7375406092115192,0.7375406680717965,0.7375406736690362,0.7375406718088102,0.7375406761366179,0.7375406799115815,0.7375407655014183,0.7375407678191566,0.7375407762594545,0.7375407810068487,0.7375407870526325,0.737540777943514,0.737540784942406
134,0.7012080133397413,0.7002969057608841,0.7004789802533845,0.7021253634433186,0.7043211192358825,0.7034936160205312,0.7033805356645069,0.7032531270958776,0.7031452109776857,0.7031648552432246,0.703042101153608,0.7030324688616807,0.7029706614580321,0.7029439558665928,0.7026970064940772,0.7026809426137612,0.7077390115112964,0.707635754744161,0.7076288948462034,0.7076316779292837,0.7076608214152952,0.7076558634023634,0.7076334026083445,0.7076065728710297,0.7076086800116245,0.707593275421517,0.7075917928985828,0.7075862835462018,0.707631096656802,0.7076457767365254,0.7075967204651377,0.7075485704939594,0.7075326459178942,0.7075184240596781,0.7080306187876398,0.7080255604935497,0.7081057367125113,0.7080103588555047,0.7041542935953492,0.7041483151539603,0.7041410408151193,0.7041375950579697,0.7041341867587869,0.7041346673308857,0.7041294050663325,0.70412614722707,0.7041235758316634,0.7041018665242835,0.7040763304233898,0.7040747687075943,0.7040797599908009,0.7040707589920288,0.7040764448173125,0.7040754020238249,0.7040806830578694,0.7075256926164019,0.7075669666365993,0.7075481480704575,0.7075386026728334,0.707518011543344,0.7075556766273011,0.7075394988270977,0.7075533561539094,0.7075687101157656,0.707600517634691,0.7075323057868584,0.7075350506655325,0.7074922640511879,0.7074841231879901,0.7074692477233289,0.708123215813928,0.7081089548252079,0.7081362824666149,0.7081247396789655,0.7081334102087754,0.7081290881982097,0.7081425227084999
135,0.6800685573882863,0.6804846507322874,0.6797748527461132,0.6806127235102083,0.6811532111452248,0.681870142752888,0.6824548009974016,0.6826752277682726,0.6830541058347472,0.6823383774289972,0.6832263441468593,0.6830686873857678,0.6831932139354852,0.6838594989211614,0.6836246537623725,0.6836716810703574,0.6879472480713358,0.6887496878643833,0.6887279554813898,0.6886392021783521,0.6883694330188367,0.6883870549615123,0.6885759598590024,0.6887424778964489,0.6887058726921305,0.6888018105796199,0.6887922806370326,0.6888287177476469,0.6885574693806399,0.6885195958685354,0.6888385559872253,0.6891910381212337,0.6890523627135361,0.6891477000197481,0.6889776063679018,0.6890104334943985,0.6887448836059478,0.6891450784839992,0.6890246980403726,0.6889062205627045,0.688714216662572,0.6886411064276611,0.6885876087774672,0.6886240149716468,0.6884592061855687,0.6883216817404664,0.6882421777656862,0.688105985910811,0.688201998642984,0.6881941667611792,0.688491756021644,0.6886121610303645,0.6889325500863426,0.6889372374589503,0.6891456749005903,0.699636408988531,0.699636398828415,0.69963639742357,0.6996363939497726,0.6996363924050729,0.6996363831441984,0.6996363807832034,0.6996363738365909,0.6996363705957902,0.6996363634865062,0.6996363488062539,0.6996363434493597,0.6996363480635993,0.6996363445714805,0.699636341982495,0.6996363276597393,0.6996363265328238,0.6996363182374766,0.6996363150536069,0.6996363097083712,0.6996363173578403,0.6996363110850965
136,1.0103106732559435,1.0102964800934162,1.0105471997008224,1.0101835788544042,1.0102463241859876,1.010011090753901,1.0062453790204287,1.0058239467318224,1.005925118115241,1.00575496467465,0.9985338993404621,0.9985700290812599,0.9984727923340437,0.9986586647831383,0.9987501838757273,0.9987398597024908,0.9983267465641831,0.9976836422684645,0.9976963433161063,0.9977154022256486,0.9978019651516171,0.9948356679973099,0.9948268022511468,0.9948452773156905,0.9948513541291886,0.9949732845955066,0.9949778741437811,0.9950952201126011,0.9951052032511524,0.9951177068476262,0.9951610705234797,0.9949122598176331,0.9949053531165413,0.993522362919691,0.993539883579961,0.9935435864408285,0.9935309700073096,0.9935250784044257,0.9935664727595099,0.9935577871785101,0.9935457245868093,0.9935982645121921,0.9935951282436115,0.9936866488637967,0.9936795929550739,0.9936715081084316,0.9936656438601855,0.9936575707323841,0.9936559228409417,0.99365626933089,0.9937009332408604,0.9937094984469325,0.9937234930647523,0.9937245879796078,0.9937332980685804,0.9937688277046535,0.9937627290590332,0.9937692685369447,0.9937707680037425,0.9937550993957894,0.9937534336595006,0.993769951477936,0.9937409117633313,0.9937362546525136,0.9937298003717779,0.9937185535854987,0.9937181526290279,0.9937120761862935,0.9937131599116495,0.9937172133935892,0.9937155284519001,0.9937304392803898,0.9937268006181826,0.9951663034567196,0.9951016353072791,0.9951040221396622,0.9951060796841554
137,1.0047331675505211,1.004736442935502,1.0049288176441817,1.0045426428229403,1.0045939632730188,1.0044150286625273,1.0015052050013622,1.0011572042212902,1.0012349591548841,1.001099347617851,0.9955229385074728,0.9955523932222985,0.9954737139884934,0.9956931508661069,0.9957676473266792,0.9957638523981249,0.9954292415604419,0.994910499553562,0.9949208902322552,0.9949359395555668,0.995005582905652,0.9927165588729193,0.9927116119653495,0.9927311979725374,0.9927362637511308,0.9928567315836169,0.9928610101230554,0.9929713530031187,0.9929766463898312,0.9929871748825115,0.9930309445370207,0.9928296530052971,0.9928218455932095,0.9917692877338209,0.9917866994649567,0.9917898799348396,0.9917774850721313,0.9917681321081948,0.9918084114731911,0.9917997215865143,0.9917880388954182,0.9918431933493007,0.991840206766026,0.9919288391114987,0.9919222251060993,0.991914404552933,0.9919084557882666,0.9919005119621391,0.9918987511662127,0.9918991331649467,0.9919433357888394,0.9919516204095529,0.9919647392657592,0.9919658743991802,0.9919738221491272,0.9920072570576305,0.9920018413668763,0.9920085594352702,0.9920098744464063,0.9919995282769,0.991996902065636,0.9920133517799572,0.9919788191489475,0.9919741836303695,0.9919682840194278,0.9919578027003946,0.9919574599065154,0.9919484929231488,0.9919491993454357,0.9919530116201697,0.9919514863664765,0.991967852083424,0.9919645084932357,0.9931737222126414,0.9931040839913403,0.9931066188305403,0.9931084476576226
138,0.9941225570497891,0.9942198818772144,0.9942517880376636,0.9940378252573887,0.9940517815071466,0.9940370137267543,0.9929368719095268,0.9927636505910746,0.9928598818496173,0.9928035331021688,0.9904101907827725,0.9904232913802444,0.9903873487046545,0.9905874025573467,0.9906215375715005,0.9906102917103631,0.9904552937254338,0.9902155092106196,0.9902201932349464,0.9902280616390998,0.9902610000616019,0.9891051080510492,0.9891040384034414,0.9891087804894225,0.9891102216436465,0.9892082550876122,0.9892101566902081,0.9892920133868875,0.9892923796092967,0.9892973570590381,0.9893127800796404,0.9892099475564796,0.9892059859968299,0.9887287051228291,0.9887366309722234,0.9887398695982197,0.9887338923501433,0.9887355572159823,0.9887542689715091,0.9887508633571954,0.9887453869379687,0.988776591450021,0.9887752647683814,0.9888201123252041,0.9888178594040254,0.9888143914255842,0.9888123991878671,0.9888089303755219,0.9888081685488567,0.9888082589075933,0.9888366146024875,0.988839833705905,0.9888452634336227,0.9888458497845164,0.9888488086519928,0.9888599185151163,0.9888578907446282,0.9888593866441454,0.988859924655437,0.988855982605717,0.9888550847802628,0.9888635119768425,0.9888323720754381,0.9888310004599536,0.9888287268365071,0.9888248151077577,0.9888246373640016,0.9888240343639549,0.9888245425233244,0.988825634746713,0.9888250915274499,0.9888295970994585,0.9888283016368712,0.9895538304091263,0.9895451876636788,0.9895456936542529,0.9895465176882391
139,0.9861316060332562,0.9858671967135211,0.9859886528566177,0.985901690279105,0.9859100802551497,0.9857337889804149,0.9856100531182019,0.985750736105303,0.9856042503124848,0.9855890024574133,0.9857039041054011,0.9857092525926653,0.9856929105600013,0.9853116522457065,0.9853269038175985,0.9853183298505195,0.9852466320250391,0.9851903317492381,0.9851927798304202,0.9851969321826608,0.9852165969047568,0.9852858586742863,0.9852683689614262,0.9852398155977002,0.9852420458302029,0.9847065761765821,0.9847046833934294,0.9848003501953027,0.9848217048873067,0.9848275116957922,0.9847786839373764,0.9847337191882292,0.9847459220190999,0.9847382063718895,0.984713045151092,0.9847303764232185,0.9847496198756289,0.9847324121765133,0.9846754063742187,0.9846869047459921,0.98470324746462,0.9846180618399357,0.9846233665095021,0.9846136765344817,0.9846193296610773,0.9846339862007556,0.984643992326561,0.9846575510437005,0.9846550382902011,0.9846547677314899,0.9846327574377262,0.9846162920770666,0.9845838640163284,0.9845831569795886,0.9845617817121896,0.9844881799729184,0.984502555127377,0.9844911084870561,0.9844878692031273,0.9844967969878511,0.9845101786087985,0.9845037713254878,0.9845074607587644,0.9845149629384554,0.9845274294990053,0.9845488392492755,0.9845497140078252,0.9845470919300776,0.9845448211466263,0.9845345987717804,0.9845381539051804,0.9845311939632243,0.9845382557334081,0.9846807500379585,0.9851105718083306,0.9851082848431847,0.9851096302631182
140,0.9841599511625998,0.9836522093878808,0.9839204812576545,0.9858080881182224,0.9858215904185026,0.9851951762262144,0.9846147111637273,0.9850685725106338,0.9846519439386786,0.9845902036330472,0.9847601335839768,0.9847797942188774,0.9847234390022258,0.9830615896109454,0.9830964566073526,0.9830878254247681,0.9829303340400102,0.9828150049579149,0.9828204318255676,0.982826871560528,0.9828664655048494,0.9833116995133877,0.9832750699936004,0.9832178614430291,0.9832241654584047,0.9818156513636689,0.9818091985419676,0.9818591894283046,0.9818927321032046,0.981913685407079,0.9818349242382785,0.9817796291764677,0.9817974243240343,0.9818431616243395,0.9818050935987955,0.981856325719928,0.9818854848345111,0.981854311077849,0.9817663641199305,0.9817842899869594,0.9818095340920509,0.9814827726523833,0.9814914626868025,0.9814738339968873,0.9814634680713025,0.9814875612319849,0.9815039279404237,0.9815261366750107,0.981521293636284,0.9815209411724745,0.9814683757948682,0.9814424555063523,0.9813901406034415,0.9813883646447964,0.9813540404254577,0.9812370394921895,0.9812611127386904,0.9812435754437081,0.9812384195256629,0.9812566563762781,0.9812825572266234,0.9812715384852965,0.9813412462149671,0.9813534834009718,0.9813747896360602,0.9814111087037941,0.9814126631204184,0.9814016983384033,0.9813972880638856,0.981376405724863,0.9813824713069716,0.981371250091734,0.9813834239390643,0.9813777592119871,0.9826166003538823,0.9826138147705642,0.9826153021981351
141,0.9812368913656198,0.9808468068448349,0.9810791556010033,0.986486968837376,0.9864910773001917,0.9854075452467945,0.9845770322895652,0.9852311130995006,0.9847141586192663,0.9845915723274037,0.9846070843863942,0.9846444275116274,0.9845396603898764,0.9813384235294784,0.981391124261937,0.9813458234564216,0.9811123095415956,0.9809452470702273,0.9809526164502235,0.9809629980846394,0.9810192435540022,0.9815442219635283,0.9814955419666401,0.9814038340094582,0.9814109126995217,0.979712074410789,0.9796977753674448,0.9795797472892991,0.9796071145273032,0.9796488673906047,0.9795592226122899,0.9795118604863748,0.9795250642786301,0.9795878739664678,0.9795553974646822,0.9796500031222259,0.9796738657081414,0.9796574581713628,0.9795812957228306,0.9795988212687233,0.9796205506405783,0.9789372969826945,0.978945395970092,0.9789251528743591,0.9788801396021859,0.9789028065109404,0.9789198832219494,0.9789411384985645,0.9789361592070356,0.9789357251334823,0.9788667057670839,0.9788436031089213,0.978797468629391,0.9787945977077793,0.9787642049788285,0.97865738935341,0.9786802443011534,0.978662378437598,0.9786581016621648,0.9786781264812129,0.9787105504105729,0.9786999847160257,0.9788638821229982,0.9788768347525105,0.9788980364326215,0.978934420714293,0.9789359307968475,0.9789275183760177,0.9789231661525638,0.9788955381087355,0.9789015818875165,0.9788764053099756,0.9788887585416065,0.978828418472718,0.9810135841489133,0.9810107232576483,0.9810111904684388
142,0.9706204660212286,0.9705125491775637,0.9706583044511364,0.9845762094089369,0.9845087312374315,0.982403682353383,0.9809495407471535,0.9823044053742622,0.981621943302216,0.9813761060901529,0.980882560547532,0.9809575730368701,0.980755775739792,0.9733775083594783,0.9734439129791427,0.9732973254994434,0.9730065083685793,0.9728013778501741,0.972809565967006,0.9728207075354561,0.9728882459427717,0.9733268440906412,0.9732765374135222,0.9731344714045389,0.9731395141929646,0.9713489864978893,0.9712952450546778,0.9709868698845081,0.9710116969227869,0.9711061544116661,0.9709938849864987,0.9709471270710343,0.9709432980197269,0.970997732631028,0.9709675033305859,0.97116133151881,0.971180465587935,0.9711704444068863,0.9710973471233287,0.9711162705968485,0.971136822502987,0.9690682180190272,0.9690742689571691,0.9690577959855514,0.9689382350918614,0.9689557205761458,0.9689709306490865,0.9689880846507674,0.9689833874993854,0.96898299354951,0.9689141438514354,0.9688977637730565,0.968865721974056,0.968862090315474,0.9688417030725178,0.96876907763345,0.9687905910491439,0.9687764015600259,0.9687740757950509,0.9687808276845619,0.9688129268039197,0.9688056456453104,0.969013594936219,0.9690237559728486,0.9690391257092786,0.9690659923429215,0.9690670681547474,0.9690634210086679,0.969060275754613,0.9690209473276544,0.9690253056413917,0.9689148004419887,0.9689247580324634,0.9688561278308194,0.974483842063178,0.9744838462484416,0.9744838435622367
143,0.967365934763178,0.9673288855602765,0.9674431281551927,0.9833139014935378,0.983219243413399,0.9808694342346657,0.97931338138134,0.9808187238741253,0.980105671964433,0.9798348043621028,0.9792249085196726,0.9793074156801026,0.979089529106821,0.9705363087190576,0.9705988294524418,0.9704184047949868,0.9701458816193123,0.9699567681550683,0.9699641516696343,0.9699732193346191,0.9700370072998156,0.9704201749428377,0.9703753955691352,0.9702351201195558,0.9702384142967316,0.9686854190118924,0.9686133148074145,0.9683311208556648,0.9683576438564838,0.9684632085170869,0.9683474793210954,0.9682983318578232,0.9682876127109669,0.9683348290252662,0.9683027189462208,0.9685119112667804,0.9685303421546234,0.9685163412570726,0.9684393497204468,0.968458976203005,0.9684806402260795,0.9658610763392943,0.9658662999147527,0.9658528242352755,0.9657283439900888,0.9657435780983677,0.9657569194600528,0.9657719885241164,0.9657678134558859,0.9657674780166661,0.965709871231842,0.9656955233420181,0.9656674574812798,0.9656644004472794,0.9656468330514915,0.9655852878516575,0.965605349229437,0.9655933622759242,0.965591389642336,0.9655953211136896,0.9656226618208695,0.9656166172745634,0.9657914759446932,0.9657998608410692,0.9658125900784299,0.9658349324104579,0.9658358187006952,0.9658325888685231,0.9658299587073131,0.965791453076947,0.9657950518757634,0.9656571334250282,0.9656654879673721,0.9656110884408426,0.9696626599941367,0.9696620843582843,0.9696623760729478
144,0.958056387491233,0.9581663220386271,0.9581860780497495,0.9781544998043501,0.9779742113481823,0.9751278060275054,0.9734989802114663,0.9750783310226759,0.9743031728689849,0.9739905886016781,0.9731523930177605,0.973247535410416,0.9730150204618377,0.9613516718046036,0.96139484063704,0.9611510956450366,0.960971752882288,0.9608590684098827,0.9608630507826347,0.9608600376292115,0.9609033213552952,0.9611440788837553,0.9611231246619342,0.9610490050191374,0.961047676193418,0.9602066096569147,0.9600758472339891,0.9599838689003316,0.9600089195674874,0.9601103947068136,0.9600112895044097,0.9599695874682541,0.959928703969078,0.9599564484233155,0.9599273012287967,0.9600716447472621,0.9600717946514846,0.9600610983269647,0.9600045074846181,0.9600197719022944,0.9600358683421991,0.955543873013999,0.9555438752112777,0.9555438765083635,0.9555438889427886,0.9555438908027717,0.9555438933274217,0.9555438949706706,0.9555438950120231,0.9555438972085097,0.9555439015250107,0.9555439027016392,0.9555439040569438,0.9555439074280402,0.955543909298745,0.9555439090751451,0.9555439134619118,0.9555439149206627,0.9555439170944011,0.955543919467016,0.9555439220356237,0.9555439240941901,0.9555439336182282,0.9555439342046478,0.9555439353913645,0.9555439363075834,0.9555439385376959,0.9555439398765204,0.9555439420478538,0.955543953287202,0.9555439542214497,0.9555439422407968,0.9555439443941395,0.9555439443107797,0.9555440621523337,0.9555440570663433,0.9555440602252998
145,0.9341471442456987,0.9344105229681792,0.9343340973136253,0.9472391102116152,0.9467472569145627,0.9446427828978515,0.9438039976448894,0.9447979618771363,0.9443543280019608,0.9441977100098361,0.9437636726371667,0.9438101994882276,0.9436590072192614,0.9361858828575838,0.9362529927265865,0.935904483478894,0.9356711186707605,0.9355138379021349,0.9355187986379733,0.9354865068138963,0.9355416533005779,0.9356146335207184,0.9355914575493551,0.935680229273902,0.9356804943792678,0.935537362013162,0.935298927062156,0.9354447857293298,0.9354962253334277,0.9353880823937154,0.9353228217912604,0.9352634425322489,0.9350806782651291,0.9350676430477948,0.9350234423246679,0.9343804076536508,0.9343000618514987,0.934299208432411,0.9343021486204149,0.9343052732675645,0.9343083027643251,0.9336112860748673,0.933615556548021,0.9336117343984662,0.9366324713422401,0.9366337185968348,0.9366343260830766,0.9365993613614867,0.936593103638112,0.9365932523676256,0.9366573005451185,0.936655840943697,0.9366473883001327,0.9366946283340505,0.9366727231941387,0.9365896647245524,0.93663493119358,0.9366265376619054,0.9366209263526216,0.9366167207568411,0.9366306697133706,0.9366243570648854,0.9365965830730281,0.936602486532714,0.9366147565855532,0.9366279448755889,0.9366289073686185,0.9366149611455046,0.9366120071007251,0.9371048089335978,0.9371093513398339,0.9372803493317787,0.9372872595973722,0.9372845035836429,0.9372265638365316,0.9372254768847136,0.9372223197090035
146,0.9311455442701658,0.931409116505009,0.9313340842416677,0.942108500020685,0.9415874524157363,0.9397178741135271,0.9390371689815079,0.9399338503427954,0.9395801785533814,0.9394574043088904,0.9391328224702415,0.9391688602638523,0.9390164992178625,0.932707794204232,0.9327669089019659,0.9324248098131683,0.93222101129424,0.9320838420008685,0.932088280049248,0.9320520327869026,0.9321008725159765,0.9321623237459304,0.9321400330323527,0.9322408810088316,0.9322408172790915,0.9321297371382711,0.9319025214515898,0.9320309120251006,0.9320771024583683,0.931980967088617,0.9319228644416996,0.9318694120990239,0.9316639755343907,0.9316513894374199,0.931610705792368,0.9310017228999612,0.9309197433286905,0.9309192789195407,0.9309262395878248,0.9309288480762846,0.9309317168569505,0.9304308387558314,0.9304347771728855,0.9304312086705306,0.9337611749180724,0.9337657238046879,0.933768770945639,0.9337348263516312,0.9337279099243592,0.933728013106503,0.9337722914151636,0.93376713262797,0.9337521575693977,0.9336675987179315,0.933635300068986,0.9335179893130304,0.933545167057772,0.933533413931125,0.9335253074329816,0.9335170291115649,0.9335365526726399,0.9335276563393927,0.9335083035531391,0.9335167548503761,0.9335343820441702,0.9335556222419339,0.9335569947230673,0.9335364765297848,0.9335322069363394,0.9339213902907073,0.9339271327502392,0.9340925905540938,0.9341011141664992,0.9340973015300296,0.9340473524276108,0.934046112666924,0.9340407659459987
147,0.9087429423815779,0.9086263462643605,0.9086995238830048,0.9096263745204269,0.9096218377984374,0.9090936853647587,0.9089620817363551,0.9090601130977705,0.9089443969293266,0.9089343140570726,0.9087611449746402,0.9087733741495766,0.9086129059621275,0.9071293671785152,0.9071615525699671,0.907002311771527,0.9066457262054575,0.9063957649558517,0.9064142296120551,0.9064175233112419,0.9064970521430152,0.9065033364087385,0.9063327421593378,0.9062869279817051,0.9062933021474129,0.9062603337634983,0.9062015939677478,0.9062562255499855,0.9063147696105349,0.9063598709021906,0.9062819418509647,0.9061985571718277,0.9062786602654055,0.9062541242793704,0.9061768968384029,0.905924694861297,0.9059589183774364,0.9058694206128313,0.9057906427660851,0.9058143881927083,0.9058618016683601,0.9057886931251928,0.9058016643169358,0.9057913320328496,0.909284687119282,0.9092941816987823,0.9092990648824125,0.9094979241981204,0.9094473205666951,0.9094466561578134,0.909453573411064,0.9094157897580009,0.9094079056266537,0.9052765774707597,0.9052185172663648,0.9050258303241085,0.9051453066780563,0.9051249854554696,0.9051127663575848,0.9050933767565048,0.9051267337659933,0.9051112171765946,0.905121274371842,0.9051360784508183,0.9051677067010861,0.9051873679408841,0.9051898981093358,0.9051517461354072,0.9051440275134462,0.9051479552552658,0.9051572928262402,0.9052040524354946,0.9052138923092592,0.9052065777889966,0.9052009131840071,0.9051993812520429,0.9051865875523943
148,0.8893615076129432,0.8888368612148376,0.8891043248994642,0.8884870789923487,0.889973767822307,0.8894331957724915,0.8890775413496623,0.8887775753150143,0.8884649729065542,0.888460000510197,0.887927115601953,0.8879569376374911,0.8878998829924789,0.8874393313316513,0.8874491964585672,0.8873492879446399,0.8866084157760445,0.8861765377625567,0.8862160107328132,0.8862739517476317,0.8864053902645443,0.8863921555340594,0.8859701677931995,0.8858815906956079,0.8858927269025538,0.8858659641855597,0.8858507924818054,0.8858806798409489,0.8859464381966407,0.8861086451559465,0.8860152428310707,0.8859189495667941,0.8864231479202392,0.8863890218587339,0.8862756119772558,0.8862999075834707,0.886638562890631,0.8864850582637465,0.8863709360994333,0.8864082730344308,0.8864868239865935,0.8864809491928369,0.8865010266466701,0.8864852532520371,0.8887045344535639,0.8887233702563615,0.8887338728505861,0.8891989878005234,0.8890654598840942,0.8890640027105173,0.8890541716463892,0.8889732543858617,0.8889551740199861,0.8824573781845697,0.8824716081530735,0.8825240712167237,0.8825746610044255,0.8825804536383193,0.8825825374282763,0.8825884536685353,0.8825773676515588,0.8825820517710339,0.8825793845375949,0.8825751256494208,0.8825659856904815,0.8824711333104613,0.8824704613428623,0.8824822795540954,0.8824846941638521,0.8824662254716596,0.8824623751674907,0.882484594416911,0.8824682695554201,0.8824706935628899,0.8824671896682856,0.8824673906158189,0.8824450507905058
149,0.8656801619863619,0.8646885896376046,0.8652044591764912,0.8652554646539724,0.8688416751267558,0.8680872416294358,0.8673597795026022,0.8667474073756352,0.8661388151208759,0.8661346375984341,0.8650995830312633,0.8651558591273355,0.8652340947620489,0.8649602484814467,0.8648823013347824,0.8648085886807663,0.8636863404154762,0.8630775223468602,0.8631411622242114,0.8632548517382475,0.8634373122554783,0.8634108359471179,0.8626233216863801,0.8625468848335307,0.8625591653356168,0.8625423267385265,0.8625431382639446,0.862552905169711,0.8626013114589601,0.8627333250729603,0.8626610398221743,0.8625919344422729,0.8634805399874801,0.8634491200990042,0.8633410872717402,0.8634503858398254,0.8638247523563543,0.8636797983118475,0.8636358395755693,0.863668055713778,0.8637451429171901,0.8637659412708478,0.8637842719258167,0.8637699140960955,0.8645787375894705,0.8646085526555517,0.8646259051008612,0.8655454152675855,0.8654079793593167,0.8654059302620966,0.8653742476826884,0.8652648938452997,0.8652285363226718,0.8594355284552867,0.8594456915305394,0.8594846184599951,0.8595047136542799,0.8595090576979834,0.8595097222478383,0.8595142146517265,0.8595062425340729,0.8595097778933757,0.8595077122741165,0.8595043791276092,0.8594977049157128,0.859292123667199,0.8592916951369813,0.8593005961467782,0.8593024248151511,0.8592933658861551,0.8592803596888489,0.859289840893744,0.8592808471512504,0.8592825502324716,0.8592813119266183,0.8592814196820577,0.8592863543960131
150,0.8394401207480993,0.8378276460900003,0.8385763166841738,0.8400579613191638,0.845727227712625,0.8441887074632732,0.8432056458900731,0.8424724674617503,0.8416657109771027,0.8416232697946293,0.8402055650198803,0.8402876618150592,0.8404058582746362,0.8398935196307371,0.8396453817930096,0.8395379905910355,0.8383908315253572,0.8376700217580042,0.8377437560386418,0.8378416722439033,0.8380586789652137,0.838026560862916,0.8368046486162463,0.8368046465598935,0.8368046473240038,0.8368046466296893,0.8368046470237893,0.8368046469827068,0.8368046501889227,0.8368046554777284,0.8368046511321634,0.8368046473387543,0.8368046665998332,0.8368046658149592,0.8368046579894496,0.8368046617227277,0.8368047031706856,0.8368046981272507,0.8368046819652503,0.8368046842456169,0.8368046885181475,0.8368046907044704,0.8368046926194573,0.8368046929071358,0.8368047045442635,0.8368047074756106,0.8368047099160902,0.8368047644328804,0.8368047548389403,0.8368047568968598,0.8368047539930559,0.8368047518067429,0.8368047486809935,0.8368046511581011,0.8368046486548157,0.8368046378379664,0.836804640368052,0.8368046395423436,0.8368046390889075,0.8368046382449031,0.8368046398591945,0.8368046391924252,0.8368046398144589,0.8368046404870308,0.8368046420321332,0.8368048230395772,0.8368048257133027,0.8368048250743706,0.8368048271867664,0.8368048286083035,0.8368048248863028,0.8368048259541978,0.8368048290558051,0.836804830852652,0.8368048332069206,0.8368048297055696,0.836804832821453
151,0.8019044776209465,0.7997555482444246,0.8006165359089146,0.8031432036243001,0.8097161448618858,0.8072292448840459,0.8062030926364012,0.8055207585923754,0.8046884439628209,0.804513233287359,0.8029592900840865,0.8030755091977402,0.802913511092091,0.802144394325059,0.8014698349237694,0.8013768464298838,0.8013681326310527,0.8007524743238377,0.8008162286235777,0.8008738988365032,0.8010601618364689,0.8010342522701599,0.8004807949689431,0.8004057330850763,0.8004188847555287,0.8003767287317285,0.8003772682957985,0.8003586591900774,0.8004634962902947,0.8005353745909922,0.8004103312006555,0.8002673392225124,0.800326781386866,0.8002843876297803,0.7999900134701627,0.7999946328217207,0.8006515776610308,0.8005270047766136,0.7988752025813861,0.7988999552524119,0.7989509384203162,0.7989689918817741,0.798982074842649,0.7989719672136274,0.7989640456391315,0.7990001005735329,0.7990201253193738,0.7994868122994785,0.7993790395756627,0.7993785588911967,0.7992751283998993,0.7992044884025022,0.7991021510829907,0.7993354168519068,0.79926729060646,0.7989413832994554,0.7989836226700426,0.7989637644079554,0.7989538432230635,0.7989337910673364,0.7989700175741181,0.798954256785898,0.7989667687981732,0.7989813106136447,0.799013782313219,0.8043928704712395,0.8043949776501718,0.8043653294354697,0.8043594732848576,0.8043482980379313,0.804211152282232,0.8042044187839023,0.8042160918982891,0.8042106461151164,0.804214428764397,0.804213309678898,0.8042185634828665
152,0.763469164441718,0.7615247120476072,0.762074768981156,0.7642423224660184,0.7689045824761663,0.7664025692306685,0.7656104116699138,0.7651235614866991,0.7645036093491777,0.7639474760993437,0.7626838941462106,0.7628358193051084,0.7625555489889436,0.7618295592839736,0.7608374002162533,0.7608056151117849,0.7621072456320305,0.7617625080944779,0.7617515815358249,0.7617777133173744,0.7618878035776833,0.7618757827612207,0.7617722358320126,0.7616978193730295,0.7617103487483532,0.7616670758470855,0.7616677616495208,0.7616503990854385,0.7617688191729253,0.7618032401768755,0.7616689066198482,0.7615212522604032,0.7615089468313033,0.76146770980465,0.7623508927051832,0.7623397562806165,0.7625705769711955,0.7624180335156455,0.7587487474704886,0.7587559985070018,0.7587689623785234,0.7587736189828578,0.7587772314371508,0.7587749769422037,0.7587779279068733,0.7587871183547767,0.7587922541192572,0.7587233404194059,0.7586857189156314,0.7586861536110987,0.7586649628583807,0.7587030704448141,0.7586695956979036,0.7587165772672559,0.7586964905249497,0.7584704404463766,0.7584832527030879,0.7584775640418797,0.7584746808203927,0.7584683200887367,0.7584801335164923,0.7584751866024171,0.7584794940888763,0.7584840709468195,0.7584938501910067,0.7592581419327015,0.7592587118279496,0.7592621791885399,0.7592630746138808,0.7592654565386203,0.7607703492694708,0.7607759106127837,0.7607661392689345,0.7607705057290927,0.7607676970322896,0.7607681976730751,0.7607630310349063
153,0.7284745722257466,0.7271102167074384,0.7272573836185717,0.728735271815011,0.7316006201642521,0.7298544623897933,0.7293347349890855,0.7290367438511344,0.728656331154321,0.727750910390514,0.7269110565711254,0.7270533580507316,0.7268412785411728,0.7263316955547685,0.7258106343149738,0.725763907310515,0.7279193498771279,0.7274720716130508,0.7273793516413315,0.7274130537109263,0.7275619315323213,0.7275485587385476,0.7274517806277901,0.7273520556914791,0.7273705366338811,0.7273138030211183,0.7273172215450125,0.7272941725610251,0.7274757703004415,0.7275162535148402,0.7273209253927231,0.7271246004788333,0.7271148992749485,0.7270623789112958,0.730156705437217,0.7301362496853221,0.7303642865153968,0.7300814348428128,0.7243531738899063,0.7243749094656163,0.724414484401893,0.7244287320857657,0.7244411129695629,0.7244341446684868,0.7244655177905427,0.7244948332337728,0.7245112415402171,0.7244967669675401,0.7244672787683784,0.724468412542412,0.7244058549612905,0.7246082782751491,0.7245197986103897,0.7245271316160085,0.7244735158727459,0.7241614569848972,0.7242008845658253,0.7241830049808642,0.7241739996428364,0.7241546928961233,0.7241902199793357,0.7241748546216591,0.7241881498410443,0.7242027865931887,0.7242334555378349,0.7241515128047722,0.7241557560783861,0.7241180372481333,0.7241110372866397,0.7240986594613789,0.7287231914698967,0.728712507525963,0.7287326880838069,0.7287240104314463,0.7287303852785642,0.7287276556542578,0.7287377695417347
154,0.6992096878931863,0.6984208229388452,0.6984728312450907,0.6993488891225121,0.700824763807337,0.6998813888202887,0.6996028732185273,0.6994380204728731,0.6992338893859285,0.6986427560696439,0.6982113425712343,0.6982843846426497,0.6981759953040507,0.697908726460272,0.697706964353022,0.6976765061202881,0.699552066104531,0.6992463648388966,0.6991990264297325,0.6992244788156771,0.6993257063615801,0.6993171861659732,0.699251641173525,0.6991836522284374,0.6991960575846968,0.6991573650394265,0.6991599012672247,0.6991446603714934,0.6992713208403164,0.6992967380798338,0.6991609957148655,0.6990248753603449,0.699033192072771,0.698996496658908,0.7008585317978907,0.700843744832864,0.7009996280915289,0.7007758349302081,0.697284500075626,0.6973232007552991,0.697391397314031,0.6974157226271117,0.6974365149105655,0.6974234181510595,0.6974799814056764,0.6975289305810026,0.6975565612023668,0.6975766176694932,0.6975370707745383,0.6975382890525755,0.697431524671342,0.6974114190420855,0.6972941582314351,0.6972925756565281,0.697219172747366,0.6974447110225231,0.6975120723926235,0.6974806860374752,0.6974648796328871,0.6974316144417307,0.6974920522510084,0.6974656646017181,0.6974878767034962,0.697512945274971,0.6975657226906125,0.6975110850179317,0.6975163192649977,0.6974447070804463,0.6974310282827342,0.6974056757642247,0.6995027398445729,0.6994822459988088,0.6995210756123307,0.6995045027428463,0.6995167804761144,0.6995111007383181,0.6995304279358443
155,0.7050755074039841,0.7039805976572169,0.7042176527718231,0.7057241193048507,0.7079502497748765,0.7067973407356072,0.7064972520322188,0.7062828595375404,0.7060387511477686,0.7058501577890954,0.705416985777243,0.7054613456945453,0.7053417633082228,0.705085194577555,0.7048382047144971,0.7048018740222319,0.7086262600797762,0.7082588871942238,0.7082426976281303,0.7082704117058204,0.7083868405076142,0.7083745728984668,0.7082897587505945,0.7082046231952958,0.7082178767186593,0.708168710663151,0.7081688455144397,0.7081510382809745,0.70828959293035,0.7083167257714502,0.7081603076227423,0.7079928524542287,0.7080105244502058,0.7079630753576155,0.7090347400266318,0.7090194617009677,0.7092018177403859,0.7089543911858636,0.7041898193584525,0.7042243318936622,0.70428559606191,0.7043068445912024,0.7043232026008814,0.7043104326478851,0.7043621399258981,0.7044071685605287,0.7044315747980459,0.7044489112925069,0.7044049715094828,0.7044049569360565,0.704307206068726,0.7042684288289401,0.7041598048719696,0.7041571970539834,0.7040881592151527,0.7056098612848636,0.7056891261838107,0.7056513983430295,0.7056324192598494,0.7055930584152954,0.7056639606549647,0.7056328548594348,0.7056584393416555,0.705687768479536,0.7057500292116413,0.7056984257952252,0.705703948927413,0.7056222232055793,0.7056064188430702,0.7055764833505785,0.7068917393504888,0.7068668552442849,0.7069133632355084,0.7068933121454241,0.7069078455726673,0.7069017695361495,0.7069250998485244
156,0.6758967841021424,0.676008956583935,0.6756436152960177,0.6759810530959239,0.676144527951984,0.6763635539166809,0.6765679630205926,0.6766310096954835,0.6767558907715536,0.6762297725250969,0.6765750454333755,0.6765086798021445,0.6765555688450788,0.6768141420426935,0.6767270401354676,0.6767436050517778,0.6783292520024256,0.6786445218627615,0.6786389674646539,0.6786028908702392,0.6784955360147307,0.6785017692128085,0.6785756685554705,0.6786407056306707,0.6786260272763648,0.6786634403530517,0.6786591165018557,0.6786731286860047,0.6785654145891304,0.6785505545381401,0.6786781791209712,0.678817272257786,0.6787623312896036,0.678799676246951,0.6786883823728902,0.6787009462267773,0.6785947733958706,0.6787541155483566,0.6787056385121638,0.6786596009887017,0.6785859898545443,0.6785575511446754,0.6785383328885596,0.6785524307186078,0.6784880731596428,0.6784346916002236,0.6784036093834583,0.6783503822708509,0.67838485587365,0.6783817279882581,0.6784976190605657,0.6785427351771498,0.6786676679620148,0.6786694957235273,0.6787508169495121,0.682679341275095,0.6826769356734914,0.6826778222860769,0.6826783298576936,0.6826795238999271,0.6826773257863336,0.682678274632635,0.6826773832325711,0.6826764397578867,0.6826748641238962,0.6826678407522687,0.6826679458488709,0.6826702497276048,0.6826706915050187,0.6826714228852122,0.682617539817819,0.6826179007253892,0.6826171693093112,0.6826174626502796,0.6826172087228056,0.6826176747909182,0.682617345171907
157,0.9848921302033055,0.9848921413730058,0.9848921569328416,0.984892133791079,0.9848921417912275,0.9848921440629966,0.9848921235151044,0.9848921321156469,0.9848921355342054,0.9848921398191703,0.9848921028387455,0.98489210669063,0.9848921095009551,0.9848921125934657,0.9848921167559629,0.9848921215962196,0.9848921198485292,0.9848921159377714,0.9848921191586316,0.9848921221436344,0.9848921257372412,0.9848921149307057,0.9848921177788232,0.9848921221451796,0.9848921249645162,0.9848921029820955,0.9848921051277559,0.9848921139501337,0.9848921163477657,0.9848921182867857,0.9848921177858025,0.9848921153014223,0.984892116238902,0.9848921031127391,0.9848921039450284,0.9848921054051798,0.9848921067731271,0.984892105438993,0.9848921062488506,0.9848921073195428,0.9848921086976479,0.9848921117182192,0.9848921132285785,0.9848921177056759,0.9848921187441892,0.9848921199839605,0.984892121280532,0.98489212242321,0.984892122279737,0.9848921238092273,0.9848921261125254,0.9848921269745494,0.9848921275456128,0.9848921279853927,0.9848921289161866,0.9848921285456314,0.9848921303608132,0.984892131864494,0.9848921331336521,0.9848921356009416,0.9848921368583826,0.9848921388082869,0.9848921380467699,0.9848921380965399,0.9848921389695976,0.9848921396542836,0.9848921410509783,0.9848921394159902,0.9848921405588652,0.9848921417450708,0.9848921423252462,0.9848921467823756,0.9848921482720739,0.9848921746012926,0.9848921864659169,0.9848921843002065,0.9848921860349182
158,0.9884497000239242,0.9884623969252853,0.9885706543702517,0.9879631135430328,0.9879638297956613,0.9880575848502098,0.9870557869731701,0.9870918558227983,0.9870062214371057,0.987003326208376,0.9857502329565866,0.9857524483443341,0.9857472824924342,0.9858761739012679,0.9858788307481815,0.9859594729184923,0.9859545417377109,0.9858736858817418,0.9858747869345529,0.9858667905607416,0.9858582657886471,0.9857496604592982,0.9857681646086629,0.9858347897185739,0.98583969346829,0.9856083778968712,0.985613728768057,0.9856780939204387,0.9856661694038414,0.9856719985119771,0.9857598093203471,0.985737568380428,0.9857211982858639,0.9855356969345471,0.9855599508816839,0.9855589365509054,0.9855427024526457,0.9855127862092838,0.9855650127614122,0.9855501938253381,0.9855354464078733,0.9855872281993886,0.9855836570841195,0.9856391604215309,0.985626551203072,0.9856166721620427,0.9856050890101254,0.9855943558268214,0.9855917606725062,0.9855926276783231,0.9856221808188058,0.9856342127904409,0.985650458548641,0.9856517150135212,0.9856627813372243,0.9857138686443319,0.9857093775762311,0.9857251953879287,0.9857261088384361,0.9857386082713739,0.985729484397403,0.9857409545313948,0.9857242101154421,0.9857147037295771,0.9857072770775964,0.9856925421862931,0.9856923201937259,0.985662546280201,0.985662156846261,0.9856676172104725,0.9856656001492585,0.9857189909447989,0.9857144384729591,0.9857392914372688,0.98564532937521,0.9856525856354489,0.985650541956422
159,0.9833839506941798,0.9829829141878894,0.9833136747170617,0.9837331199178578,0.983702402491503,0.9836168292730755,0.9826147818470456,0.9833079835144377,0.9829484608886462,0.9829591148123843,0.9828423493740825,0.9828477771492174,0.9828261485470677,0.9820019348888932,0.9820005544778778,0.9821589458759371,0.9821694366882305,0.9821431052938073,0.9821444114943797,0.9821274216263063,0.9821127788654982,0.9826217402473704,0.9826328145405984,0.9827194951731831,0.9827304842282821,0.9807784417839663,0.9807844565157361,0.9808784881166104,0.9808821175261475,0.9808915068815193,0.9809523813775056,0.9809353202318035,0.9809265154106344,0.9809276236051693,0.9809298047220937,0.9809404561771672,0.9809418250511677,0.9808990079579544,0.9809009116247291,0.980894173128054,0.9808938857852758,0.9809065528168177,0.9809074640582438,0.9809344354136134,0.9809265263725926,0.9809290968958025,0.9809235088644228,0.980924154342754,0.9809190739512219,0.9809197994193368,0.9809240085348299,0.9809224721937009,0.9809126149820055,0.9809130877686706,0.9809075577473574,0.9809014322818034,0.9809113265691187,0.9809202929858544,0.9809180300704513,0.980933831747369,0.9809352131921628,0.9809382669178652,0.9809355024475359,0.9809303425051712,0.980932835036836,0.98093466683534,0.9809351802839847,0.9809047723556935,0.9809029284442022,0.9809006744179248,0.9809014035528726,0.9809856928631379,0.9809864960516564,0.9809008615618888,0.9811205148657248,0.9811273009785603,0.9811262054596113
160,0.9805330733706716,0.980069966205693,0.9804350751242576,0.9836786393916749,0.9836502145567965,0.9830030661779504,0.9817924599169547,0.9828013393662232,0.9822773766895777,0.9822200943789638,0.9821519797495408,0.9821747116307192,0.9821054603864469,0.9800185467687553,0.9800393001703898,0.9801333255161183,0.9800411096277553,0.9799570842392198,0.9799610950095717,0.9799529043316961,0.9799667866119688,0.9805515347468217,0.9805383154843065,0.9805519319568073,0.9805628216301477,0.9776721097296853,0.9776698305332694,0.9777015727826124,0.9777185914398099,0.977732258606187,0.9777064727290672,0.9776784746126783,0.9776848891722097,0.9777120500026925,0.9776944614213122,0.9777239173151477,0.9777382118102564,0.9777129352425811,0.9776708981021084,0.9776781966650262,0.9776903168988473,0.9775034526149236,0.9775078489320878,0.9775054812477453,0.9774960623829193,0.9775082793622609,0.9775151627822471,0.9775260333923798,0.9775224523760095,0.9775224596474694,0.9774984977512275,0.9774856118542729,0.9774578973395787,0.9774571438306051,0.9774392964364094,0.9773817860011077,0.9773958130848669,0.9773892937171573,0.977386405726099,0.9773955370879436,0.9774080559171957,0.9774033935403866,0.9774324059785802,0.9774371577605384,0.9774479159482975,0.9774657854172816,0.977466659190886,0.9774540980664319,0.9774515079245409,0.9774401443547762,0.9774432196406868,0.9774567055224361,0.9774628471660863,0.9774092927501765,0.9782021546640219,0.9782022909690566,0.978203040059331
161,0.9774881338275837,0.9771586358860892,0.9775461800333475,0.9823300852312694,0.9822591708741819,0.9815778887037245,0.9799773369423316,0.9814949514527627,0.9809471999886139,0.9808897917484222,0.980660468430929,0.9806851856429103,0.980607317820302,0.9782394932473535,0.9782472339176576,0.9784014687495716,0.9783674623110726,0.9783209474107913,0.9783233271299694,0.9783052912710928,0.9782995358468074,0.9788712834908476,0.9788762032418739,0.9789379696311306,0.9789505586750925,0.9748424867296995,0.9748424882751278,0.9748424915255784,0.9748424930326066,0.9748424954979236,0.9748424953444389,0.9748424964422335,0.9748424966566281,0.9748424992795613,0.9748425003530206,0.9748425038289783,0.974842505195387,0.9748425054424701,0.9748425066881918,0.9748425078849802,0.9748425093785249,0.9748424909046801,0.9748424921095529,0.9748424939818983,0.9748424923243105,0.9748424931224294,0.9748424938764183,0.9748424946118744,0.974842494495399,0.9748424956943629,0.9748424974777713,0.974842498399995,0.9748424994801937,0.9748424997863516,0.9748425010004246,0.9748425020333841,0.9748425043873435,0.974842505850815,0.9748425069215643,0.9748425090599493,0.9748425099572472,0.9748425113038961,0.9748425132729309,0.9748425130795615,0.9748425136204745,0.9748425138383785,0.9748425149944332,0.9748425144442164,0.9748425155192195,0.9748425159657939,0.9748425163878945,0.9748425222753339,0.9748425235247957,0.9748425198615636,0.9748426003148695,0.9748425977725182,0.9748425997838728
162,0.9685899308623256,0.9685373643953007,0.9687994255686855,0.9794577486189067,0.9793178902617408,0.9777515595638979,0.9759323670897058,0.9782079582743186,0.9776123625557449,0.977451671861736,0.9770591239182979,0.977109127399398,0.9769682947510184,0.9723430792671628,0.9723700072826066,0.9722987951074064,0.9721742854919083,0.9720838015020712,0.9720876737659965,0.9720847149492866,0.9721106380331612,0.9725134109660594,0.9724976075308109,0.9724059974500069,0.9724108932471133,0.970209798053379,0.9701577684538861,0.9701320339223912,0.970156426184124,0.9702089615748776,0.9701274509745951,0.9700854190733429,0.970080241788256,0.9700989057764751,0.9700668981602568,0.9701694870166327,0.9701928255933965,0.970163447486263,0.9700780185173461,0.9700967803104907,0.9701214912452939,0.9688561248167245,0.9688588573406202,0.9688502357323354,0.9687653165143555,0.9687732820994863,0.9687817368943625,0.9687888993045254,0.9687866663824428,0.9687864676332637,0.9687780933881461,0.9687688657213762,0.9687501926266454,0.9687550040309431,0.9687432400811568,0.9686987023895521,0.9687275368432118,0.9687178704992333,0.9687161794868587,0.9687186222998337,0.968729021983907,0.9687243237664829,0.9687491600610757,0.9687543929732743,0.9687626815923911,0.9687769659618437,0.968777509776914,0.9687775203620217,0.9687759268517259,0.9687522097564737,0.9687545573314743,0.9683932074747603,0.9684025444547066,0.968379132986913,0.970122454629309,0.9701199338887336,0.9701260191308565
163,0.9631730351405471,0.9632472028476546,0.9634166817122186,0.9770166430538982,0.9768275661350402,0.9747783925608304,0.9729802297661235,0.9753832794439466,0.9747624024673687,0.9745473562107722,0.9740282887164551,0.9740923548914886,0.973916716419772,0.967551016862267,0.9675896316060859,0.9673789120862392,0.9672098399331928,0.9670959335410557,0.9671003286175365,0.9671004055036905,0.9671417390864534,0.967446153897128,0.9674230262421653,0.9673137789216205,0.9673141980948015,0.9658792940430002,0.9657751877460475,0.9657480312866964,0.9657846177982712,0.965856535593559,0.9657340443364754,0.9656756471522332,0.9656655620879717,0.9656838611331636,0.9656388175024277,0.9657732686584058,0.9658023856594117,0.9657632167650954,0.9656506697561839,0.9656762978531139,0.9657086971998381,0.9636458933361385,0.963648814670209,0.9636386320470778,0.9635419775820767,0.9635508589038423,0.9635630625702283,0.963570558019251,0.9635685987652954,0.9635683058909517,0.963562552812657,0.9635519348589151,0.9635308997351304,0.9635447229942391,0.9635318515190575,0.9634840887073073,0.9635101121458026,0.9634984834661593,0.9634966282038553,0.9634983575502667,0.9635084823969904,0.963503369062062,0.9635214194305638,0.9635277662774145,0.9635361932757317,0.963551108951678,0.9635516352041599,0.9635531818748058,0.9635515542793333,0.9635293731160149,0.9635318274859694,0.9627982197774559,0.9628071635647895,0.9627876824266098,0.9645084680036351,0.9645054920335222,0.9645087206655566
164,0.9464356210705891,0.9467817746150801,0.9468046730474403,0.9583220526660536,0.9578592428864996,0.9559894787488167,0.9547049304570936,0.9567981165347301,0.9564112758095962,0.9562672995448183,0.9559369788640503,0.9559738641258543,0.9558184478233516,0.9503462150474007,0.950363962542474,0.9500241780922776,0.9499825714554289,0.9499872006014668,0.949985616725299,0.9499435322118543,0.949952825020879,0.9500460168006746,0.9500641197572471,0.9504824132059662,0.9504755759902536,0.9502259393924007,0.9498874395376223,0.9499131140047478,0.9499308279621729,0.9499526021418954,0.9498885686082207,0.9498636960077119,0.9498559775448279,0.9498567916959343,0.9498380139466959,0.9498766217870395,0.9498862517252032,0.9498723601500374,0.949830215563171,0.9498402394855868,0.9498521917062515,0.9492414457623304,0.9492431449761434,0.9492383210552149,0.9491963082084052,0.9492024308239908,0.9492170932233995,0.9492160999489324,0.9492148965452335,0.9492146959679171,0.9492160391707664,0.9492086607769449,0.9491935827825062,0.9492535403017406,0.9492451890713136,0.9492172326147404,0.9491413682487474,0.9491330257427903,0.9491275808960538,0.9491244867555532,0.9491308555107363,0.9491270393777211,0.9491182724499743,0.9491221670563034,0.9491286161276312,0.949139850382794,0.9491403161142116,0.9491375908509395,0.9491361283888992,0.9491450200908687,0.949147079647452,0.947165172866455,0.9471630076388972,0.9471645585081638,0.9472715106141915,0.947270455979524,0.9472686914316931
165,0.9410333473514824,0.9413900357204983,0.9413687373530792,0.9516509597951004,0.9511327065874252,0.9493015555007597,0.9482953397026335,0.9499419366736731,0.9496125335373602,0.949492507408126,0.9492344886698318,0.9492638371997373,0.9491103928194942,0.9438561768376841,0.9438733943058497,0.9435051975682217,0.9434847174430476,0.9435094278144058,0.9435067845618873,0.9434561043260707,0.9434580605765824,0.9435345745735996,0.9435615602442231,0.9439998533308337,0.943993061972871,0.9438357960107387,0.9433973496200535,0.9433973525231056,0.9433973534406356,0.9433973540406735,0.9433973508229315,0.9433973502193407,0.9433973469606415,0.9433973472098318,0.9433973467903395,0.943397343702169,0.9433973424283064,0.9433973431286871,0.9433973433879765,0.9433973434462997,0.9433973433760616,0.943397312735711,0.9433973121234007,0.9433973113970961,0.943397346467968,0.9433973468791751,0.9433973481430291,0.9433973461616172,0.9433973460129897,0.9433973460423258,0.9433973470822378,0.9433973466987198,0.9433973456406115,0.9433973561718652,0.9433973554673629,0.9433973523469416,0.9433973310444274,0.9433973301333721,0.9433973290870777,0.943397328503097,0.9433973291128092,0.9433973284779935,0.9433973272634671,0.9433973276562507,0.9433973283601593,0.943397329542366,0.9433973294175702,0.9433973286765243,0.9433973282854549,0.9433973355376961,0.9433973357862953,0.9433971888232183,0.943397186730609,0.9433971850692074,0.9433971838155157,0.9433971864811711,0.9433971838717835
166,0.9256424065178477,0.9258772115200506,0.9258250658327517,0.9295287839151328,0.9290522275123405,0.9279938993228767,0.9277694242532638,0.9284471371050383,0.9284051626346587,0.9283894880894727,0.9284391774268037,0.9284390025896371,0.9283402419354153,0.9261107013310738,0.9261097779320006,0.9258133279298184,0.9258802267175488,0.9259570418679902,0.9259530022445212,0.9259092761420272,0.9258906097974685,0.9259201626896753,0.9259555283841439,0.9262467065413655,0.9262417081684712,0.9262256129612537,0.9260566804226239,0.926093307585597,0.9260831220619838,0.9260836049502332,0.9260723495168273,0.9260896286767615,0.926001041031166,0.9260108042185573,0.9260305042208585,0.9259324859808078,0.9258792695025083,0.9259286219281802,0.9260029520471464,0.9259890345352629,0.9259685105547613,0.9259664530243973,0.9259613553684679,0.9259638840820918,0.9269844743917162,0.9269830068068908,0.9269967038717546,0.9269204102527073,0.9269178285360251,0.9269173597890095,0.926931108655097,0.9269343462060121,0.9269361421810499,0.9269879186186117,0.926979684831633,0.9269499771439021,0.9262836005863724,0.9262797943112029,0.9262675401407542,0.9262652747474097,0.9262697309522936,0.9262675194223609,0.9262646572738962,0.9262680022821561,0.9262722804311798,0.9262766832721381,0.926277066810988,0.9262727140607396,0.9262716352793707,0.9263236918668697,0.926325331767001,0.9259949512630957,0.9259942361623729,0.925994451246573,0.9259647191552435,0.9259640709088927,0.9259422156786818
167,0.9127908585988391,0.9127908536382027,0.91279085035061,0.9127908540697675,0.9127908535243529,0.9127908500587876,0.9127908472092852,0.9127908449182499,0.9127908402042026,0.9127908382982949,0.9127908340789168,0.9127908310708185,0.9127908256987364,0.9127908073392993,0.9127908033580953,0.9127907973687996,0.9127907906182422,0.9127907857098991,0.912790781972386,0.9127907807212442,0.9127907774236882,0.9127907741452076,0.9127907669020631,0.9127907649854345,0.9127907614597071,0.9127907575955077,0.9127907513945206,0.912790749359288,0.9127907457488202,0.912790744555938,0.9127907476873532,0.9127907444517526,0.9127908017135284,0.912790799708538,0.9127907984889345,0.912790796266824,0.9127907925375884,0.9127907919059294,0.9127907936677726,0.912790791175005,0.9127907892867423,0.9127907880897598,0.9127907859604901,0.9127907842009481,0.912790828721765,0.9127908276314126,0.9127908272611325,0.9127908415668877,0.9127908403718946,0.9127908392927381,0.9127908402203051,0.9127908376834453,0.9127908381383288,0.9127906461115957,0.9127906434494203,0.9127906456975309,0.9127905831810369,0.91279057966802,0.9127905747191727,0.9127905706073991,0.912790566234292,0.912790561858734,0.9127905567852934,0.9127905555254013,0.9127905527161246,0.9127905491166224,0.9127905444164451,0.9127905432006658,0.9127905388179605,0.9127905354544668,0.912790533456035,0.9127905319285505,0.9127905267920533,0.9127905228334032,0.9127905179496791,0.9127905244282145,0.9127905248181932
168,0.8992926074740915,0.8990514414757038,0.8992105319311986,0.8985173125517659,0.899266102009946,0.8992211219799563,0.8990272498981204,0.8988278850947105,0.8986475313904017,0.8986628802787366,0.8983627553956197,0.8983803756077142,0.8982902615373828,0.8980046807762487,0.8980071285391762,0.8979748110405996,0.8975384451728324,0.8972858286733316,0.8973131955113001,0.8973830539965307,0.8974588672405694,0.8974516337165953,0.897211267821063,0.8971320593575556,0.8971427119310674,0.8971287160754904,0.8971184330511844,0.8971397623559995,0.8971780814106989,0.8972517044351332,0.8971930815769957,0.8971373141268165,0.8980631557125403,0.8980414434711199,0.8979662918371234,0.8979544030532264,0.8980062243433952,0.8979115380925338,0.8978512002300095,0.897872511526447,0.897926682467441,0.8979212429055096,0.8979339740804008,0.8979239752798601,0.8993619890815882,0.8993749934562066,0.8993828294946833,0.8999501312411445,0.8998953230551335,0.8998933009983776,0.8998985596808142,0.8998261292964341,0.8998220989884851,0.8921656018383379,0.8921317479396303,0.8920192258021359,0.8921040309303757,0.8920921710045857,0.8920846209219726,0.8920731939999872,0.8920930714255643,0.892083976966173,0.8920905736762583,0.8920989716878986,0.8921176571741422,0.8921309175545671,0.8921324090631921,0.892110159643322,0.8921056674670762,0.8920982481326165,0.8921037888349185,0.8921419048576323,0.892149214621757,0.892144855468654,0.892144483209261,0.8921435936871426,0.8921618907246042
169,0.8845229704840987,0.8840841551233758,0.8843886097019509,0.8834511630370576,0.8852484878695627,0.8853350483768488,0.8849122430553514,0.884490153923976,0.8841287038085843,0.8841611179076114,0.8835730111405811,0.8836065496803924,0.8835334015024027,0.8834248247546067,0.8833927854410394,0.88340657021304,0.8826957972060695,0.8823296110027242,0.8823757852174684,0.882514779268564,0.8826220769762382,0.882606599556245,0.882178480283465,0.8820826934284505,0.8820990403335235,0.8820906603365638,0.8820921962592332,0.8821083566399336,0.8821432129101878,0.8822449313715248,0.8821836044114515,0.8821340002868139,0.8838953029991019,0.8838673714448267,0.883767119530278,0.8838261840858989,0.8839078030273,0.883782331610056,0.8837405836982312,0.8837658237421384,0.8838408055535791,0.8838545918997005,0.8838709777216213,0.8838580733942005,0.8849654462818703,0.8849852937711179,0.8849986411364417,0.8861594659815493,0.8860792510073108,0.8860758540748276,0.8860804236082073,0.8859577036525542,0.8859546519513453,0.8721738663742079,0.8721738727146372,0.8721738742748687,0.872173881871177,0.8721738871691392,0.8721738933946162,0.8721738995741243,0.872173904783001,0.8721739112231992,0.8721739178407684,0.8721739190707148,0.8721739222458806,0.872173914240593,0.8721739204949008,0.8721739232527845,0.872173929367133,0.8721739349251315,0.872173936608955,0.8721739437150802,0.8721739496882727,0.8721739553307027,0.8721739605839659,0.8721739517983059,0.8721739647534091
170,0.8340226298549172,0.8328908479678202,0.8335584674264559,0.8340263980444232,0.8378286701359402,0.8370365339827713,0.8361231394085732,0.8354526104226244,0.8347388204559117,0.8347124074556213,0.8334968255187062,0.8335567939851445,0.83343347425761,0.8330223155728195,0.832701438800704,0.8327088627319126,0.8317225997753672,0.8312575317574871,0.8313047794835385,0.8314522911724477,0.8315910752008792,0.8315698416186725,0.8309385831331857,0.8308793014973731,0.8308986086479817,0.8308910922082443,0.8308957145933732,0.8308953653150541,0.830931252270052,0.8309536464289915,0.8309052771701698,0.8308700416261062,0.8327249139186146,0.8327002443802598,0.83274019793063,0.832773468442051,0.8326339100802376,0.8325629443684044,0.8327657326442454,0.8327675787319154,0.8328289276385513,0.8328440770578311,0.8328523156921391,0.8328458054602654,0.8329556601324632,0.8329729423822368,0.8329837524515308,0.8373520754619405,0.8373232781082413,0.8373198197690108,0.8373045116004895,0.8374623388931872,0.8374623477367267,0.8356556483263435,0.8356222269935546,0.8355093812244925,0.8355317599684355,0.8355205893498076,0.8355120307023969,0.8355013869725045,0.8355204616348998,0.8355119827254227,0.8355186022681124,0.8355265138143682,0.8355444745827901,0.8357245439381614,0.8357271593744537,0.8356955121763874,0.8356891735496208,0.8356749876034077,0.8356121358127964,0.8356111511272225,0.835624641864857,0.8356181954786231,0.8356227970696998,0.835621553573465,0.8356737091843014
171,0.8167306985540516,0.8152159280129592,0.8159447279122688,0.8171329055247593,0.821588679097868,0.819726932373251,0.8187861347448598,0.8181399520616373,0.8173980457864071,0.8172502076863993,0.8159028731537028,0.8159853841741648,0.8158282035452408,0.8152525997877379,0.8147128944009905,0.8146476781188631,0.8137807975227109,0.8133419779500533,0.8133659242319522,0.8134388829866532,0.8135735671484201,0.8135539533949482,0.8129778214931187,0.8129325191158742,0.8129462022383397,0.8129327068851461,0.8129350842103357,0.8129309945364982,0.8129782164219576,0.8129940007204512,0.8129400916919183,0.8128923143256391,0.8137099553373063,0.8136890785825993,0.8138006862407988,0.8138163228003262,0.8137530034102045,0.8137036781201964,0.8138748405418001,0.8138725834338241,0.813908318699279,0.8139170121872623,0.8139213762414792,0.8139178697244286,0.8139321558861814,0.8139461417778242,0.8139530253477568,0.8169258072241031,0.8168888552420603,0.8168853403018461,0.8168520573579885,0.8174832185206263,0.8174735670999606,0.8170233462957,0.8169954007476843,0.8168895493392719,0.8169123645312528,0.8169037991044105,0.8168987907147859,0.8168905910242755,0.8169054574663822,0.8168989355509344,0.816904035796122,0.8169102282618508,0.8169239480864433,0.817855775045937,0.8178593191069519,0.8178199185188713,0.8178120289497489,0.8177960524121571,0.8176825547636155,0.8176742505149532,0.817691162773084,0.8176832916173574,0.8176887127795475,0.8176872387826094,0.8177010792506837
172,0.7987403488224286,0.7971541473007746,0.7977691642184165,0.7991786960165059,0.803281425609901,0.8009439272818828,0.8001113451105843,0.7995742958199474,0.798923742051002,0.7985601657497913,0.7972921990252261,0.7974049400213155,0.7971997663916652,0.7965817415943788,0.795793421841525,0.7957263279303562,0.7950883133979346,0.7948464766071873,0.7948136115580082,0.7948365814376241,0.7949164212826838,0.794905251148216,0.794589045143082,0.7945588632850755,0.7945693649920637,0.7945587514100527,0.7945604172309734,0.7945568545550845,0.7946007306134208,0.794611387453025,0.7945690244931953,0.7945324288600646,0.7949319229499928,0.794919002181606,0.7953743129930583,0.7953834625385497,0.7953352480669893,0.7953267638368293,0.7956235126759,0.795613725905764,0.7956254040394651,0.7956274544771931,0.7956272717640455,0.7956272599030575,0.7956110169970513,0.7956185630241416,0.7956195236765609,0.7977334619303199,0.7977054327946305,0.7977021095588489,0.7977031999838587,0.7990250589220259,0.7990446468469854,0.7990341533965836,0.799035660910288,0.7990172590184557,0.7990211556232314,0.7990219021394078,0.7990221152747149,0.7990228045089794,0.799021928684554,0.7990225284052399,0.7990221596762703,0.7990216892716532,0.7990205070440308,0.7998312668430918,0.7998336356056348,0.7998197077472337,0.7998168776693317,0.7998113454208653,0.7997799037307454,0.799776933199174,0.7997820005379195,0.7997796030535647,0.7997812656426225,0.7997807725129893,0.7997787048567373
173,0.7742311170026215,0.7724107119898872,0.7729406146488198,0.774825822105914,0.7792617880768702,0.7767230024187953,0.7759175013251801,0.7754242858822715,0.7747991443036312,0.7742116723816401,0.7729286852094224,0.7730829117391569,0.7728213634960274,0.7721134889461535,0.7708517610401321,0.7708517595022065,0.7708517732240616,0.7708517629653383,0.7708517616599897,0.7708517627877742,0.7708517672453534,0.7708517672921223,0.7708517606620297,0.7708517584749188,0.7708517592718926,0.7708517580761783,0.7708517583846257,0.770851757935811,0.770851763099053,0.7708517648074527,0.7708517591061238,0.7708517538630113,0.7708517560160463,0.770851754598554,0.7708518162765452,0.7708518171655019,0.7708518267808803,0.770851822748054,0.7708517202783403,0.7708517194099472,0.7708517188085608,0.7708517181863662,0.7708517174904495,0.7708517170019451,0.770851715251414,0.7708517149592982,0.7708517142932174,0.7708517453894034,0.7708517425248911,0.7708517423339897,0.7708517421811231,0.7708517996968192,0.7708517989099903,0.7708518054783201,0.7708518053019282,0.7708517927538104,0.7708517940898548,0.7708517943869904,0.770851794928504,0.7708517952658532,0.7708517963771607,0.7708517968073948,0.7708517977006858,0.7708517980489267,0.7708517988438673,0.7708518910527999,0.7708518931200016,0.7708518938603276,0.7708518957333459,0.7708518977012594,0.7708520072612796,0.7708520093457333,0.7708520122107145,0.770852015428212,0.7708520181193339,0.7708520134776199,0.7708520161539659
174,0.7404402009771813,0.7392388571960254,0.7391806204658457,0.7403975382691609,0.7431726669255276,0.7414148115438935,0.7409177529551985,0.7406571553159154,0.7403158802939245,0.7390280527926374,0.7381816521016987,0.7383624782773599,0.7381500588474831,0.7376550423013608,0.7369575012265862,0.7369178017713655,0.7379081477572423,0.7376922276439107,0.7375187734794372,0.7375294508173091,0.7376116199513547,0.7376060129661218,0.7375700144910528,0.7375194893909055,0.7375312726991157,0.7375036088150294,0.7375079813493713,0.7374950216538254,0.7376125170896795,0.737640473557387,0.7375260383748906,0.7374285300784662,0.7373777980386103,0.7373547297665041,0.7414983490173428,0.7414862366565195,0.7415891854019601,0.7414430135036306,0.7382678350824713,0.738259782291386,0.7382487954762837,0.738245200375827,0.738243101813933,0.7382467415330622,0.738234028561735,0.7382291038761251,0.7382251452611075,0.7382402990874045,0.738224661981483,0.7382253743888578,0.7382450748816544,0.7390181969217021,0.738992454167111,0.7390077179089242,0.7389940189150918,0.7387095776510696,0.738717414496591,0.7387150795579764,0.7387138207935905,0.7387101670854821,0.738717708042023,0.7387148095342143,0.7387180997026173,0.7387209291432356,0.7387260587864153,0.7385721248862417,0.7385756324473232,0.738569482239916,0.7385686262169403,0.7385680658033216,0.744403015014349,0.7444050519530693,0.744401631332922,0.7444032253514106,0.7444022308077044,0.7444023799733464,0.7444002301624949
175,0.7062694669240467,0.705586283700311,0.7053933355031554,0.7060997959106671,0.7075936420547552,0.7066514903825462,0.7063971615359825,0.7062754731041463,0.7061155697479398,0.7048838191006597,0.7044408015837577,0.704551356006149,0.7044328170434222,0.7041707666003267,0.7038749897137081,0.7038517037816956,0.7051983265359771,0.7049850817125936,0.7048774086443426,0.7048957996338998,0.704973264599562,0.704968911733651,0.7049310341140439,0.7048862461197587,0.704896758724112,0.7048721963918682,0.7048773544748468,0.7048646407311472,0.7049759635522796,0.7050060614140116,0.7048982140678118,0.704805979220982,0.7047823731497713,0.7047606080808408,0.7081906685572785,0.7081753813948539,0.7083157575975456,0.7081210144855417,0.7046017078671357,0.7046283512361102,0.7046767651807799,0.7046943939536653,0.7047120899291291,0.7047039579405286,0.7047426832379731,0.7047767685880196,0.7047970177677723,0.7047980547913896,0.7047615348294289,0.7047633456221383,0.7046876140416066,0.7047560257953052,0.7046694460745445,0.7046703499014026,0.7046187439145836,0.7042681359170474,0.7043054426889821,0.7042895272204227,0.704281405412751,0.704263158316322,0.7042973344011693,0.7042828017415912,0.7042960159319679,0.7043100948798805,0.7043385897205574,0.704218562569051,0.7042226311963253,0.7041802752832725,0.7041725312910881,0.7041592274293004,0.7080017937858679,0.7079907945162464,0.7080124391248881,0.708003465367224,0.7080104589949975,0.7080062430267993,0.7080167681501477
176,0.7008809747562594,0.7004015807822024,0.700116440076719,0.700616169099295,0.7017745692304217,0.7010716628849045,0.7008998516566258,0.7008305941026601,0.7007358863890587,0.69941103685628,0.699087196952015,0.6991850585257365,0.6990935525799268,0.6989083087130297,0.6986576104951869,0.6986438002321517,0.6997180933825052,0.6995883199197642,0.6994834365660925,0.6994959700357701,0.6995472083419559,0.6995457632180345,0.6995275456287376,0.6995022495374849,0.6995097596784926,0.6994964712436347,0.6995019052534655,0.6994927914585015,0.6995767433764088,0.6996034617228122,0.6995286827476472,0.6994733783498329,0.6994439809047686,0.6994328787405579,0.7027370661693012,0.702724073046947,0.702833254517256,0.7026829207149284,0.6998060313677894,0.6998273381995438,0.6998663944640265,0.6998807459290134,0.6998969612709353,0.6998910449265698,0.6999213079180623,0.699947626253425,0.6999639586211089,0.699960815989702,0.6999262972011884,0.6999282594247966,0.6998684195807128,0.699910463405342,0.6998446356667049,0.6998451015095418,0.6998067831678498,0.6994374645964926,0.6994640116599972,0.6994536619963888,0.6994482787498392,0.6994353147832624,0.6994602001911646,0.6994498872534847,0.6994599054185918,0.6994700687637863,0.6994897678306495,0.699374362688149,0.6993775436077541,0.6993453866045417,0.6993396760262346,0.6993304666740611,0.7026618565028542,0.7026545538690312,0.7026697457573797,0.7026637289118484,0.7026687891539705,0.7026648250199403,0.7026719177451372
177,0.6737425975369038,0.6737426151959468,0.6737426237591138,0.6737426221695529,0.673742648732559,0.6737426438790034,0.6737426503437924,0.6737426663826527,0.6737426821657478,0.6737426436638742,0.6737426554563841,0.6737426680985321,0.6737426805357491,0.6737426921102513,0.6737427015985731,0.6737427109411059,0.6737427699981492,0.6737427815916724,0.6737427951248949,0.6737428088402997,0.6737428217000828,0.6737428336428475,0.673742849092336,0.673742863566427,0.6737428769420803,0.6737428913148552,0.673742905484864,0.6737429157766907,0.6737429288091848,0.6737429385390555,0.6737429226758092,0.6737429341859752,0.67374294076307,0.6737429540590155,0.6737430080402249,0.6737430179222244,0.6737430295683121,0.673743037639357,0.6737429877897845,0.6737429986751924,0.6737430105452934,0.6737430219649524,0.6737430346781657,0.6737430449557088,0.6737430540288433,0.6737430624872397,0.6737430740659018,0.6737430817144936,0.673743083181744,0.6737430950265847,0.6737431058477887,0.673743112987273,0.6737431243278178,0.6737431274052756,0.6737431395092168,0.6737433601587932,0.6737433775754308,0.6737433877626114,0.6737434015204834,0.6737434135299466,0.6737434285225926,0.6737434414762571,0.6737434574746041,0.6737434617588346,0.6737434718570627,0.6737434779321171,0.6737434926289199,0.6737434946330778,0.6737435078228977,0.673743520698115,0.6737435841429805,0.6737435911994871,0.673743608515225,0.6737436211176943,0.6737436346083012,0.6737436132445564,0.6737436285071499
178,0.9812593981969514,0.9807882528769444,0.9811608404557072,0.9835882152507195,0.9835583298906783,0.9830684337747357,0.9818835576306177,0.9828399716770283,0.9823489134609287,0.9823114973678344,0.9822413267186955,0.9822591743304386,0.9822028875358558,0.9804748729409687,0.9804891692528301,0.9806095884985542,0.9805471662615951,0.9804800915452543,0.9804833689710123,0.9804719700421791,0.9804772368435867,0.9810556778778396,0.9810495494408107,0.9810882506038638,0.9810996238303054,0.9783440078140894,0.9783448112989769,0.9783974890145737,0.9784121861923689,0.9784233859016874,0.978420661039507,0.9783942656404303,0.9783973761770939,0.9784181019582667,0.978404517755743,0.9784259612455404,0.9784379831294616,0.9784062299390404,0.9783728886615046,0.9783768072201117,0.9783865137399739,0.9782838558612871,0.978287512275301,0.9782923792686355,0.9782862968042014,0.9782964005649777,0.9783000153301259,0.9783085480892658,0.9783045188732306,0.9783047479297562,0.9782877874693543,0.9782774111262811,0.9782534889624239,0.9782530782959101,0.9782378999182957,0.978192024949973,0.978205322360466,0.9782028305576387,0.9781999838526451,0.9782101413589708,0.9782198379452863,0.9782169848928309,0.9782346250004066,0.9782368246465948,0.9782456670159992,0.9782597147177409,0.9782605470177689,0.9782431799275249,0.9782407540855678,0.9782323319710949,0.9782348454416102,0.9782721687977969,0.9782770599419652,0.9782169636552702,0.9787765803962444,0.9787784576939489,0.9787789608029269
179,0.9735729741962094,0.9734007274514236,0.9737736822900585,0.9804863547801457,0.9803671154576329,0.9795590046213375,0.977702903844064,0.9797932580705292,0.9792605623366675,0.9791905633458284,0.9788810827820995,0.978908837186616,0.9788218156774344,0.9761682313771415,0.9761686611046703,0.9763206869471324,0.9763164601043053,0.9762965869843817,0.9762978722302333,0.9762771061452064,0.9762639287151966,0.9767547742669169,0.976767476655879,0.9768315828214392,0.9768430825167259,0.9737477952397839,0.973738008326636,0.9737581177465423,0.9737489847152468,0.9737703268101695,0.9738092741531578,0.9738149981871342,0.9737945679658794,0.9738011830034876,0.973810444190488,0.9738469803402457,0.9738408873671144,0.9738397508729325,0.9738548091596534,0.9738487457142251,0.9738445866215708,0.9734785764844028,0.9734756877248208,0.9734856959734801,0.9734386298314233,0.9734309997952225,0.9734214748700266,0.9734137664106731,0.9734126595213268,0.9734130475429633,0.9734382893772988,0.9734468545867504,0.9734625980378352,0.9734635742284299,0.9734742729100836,0.9735100345658685,0.9735269895659466,0.9735356399716879,0.9735360327195381,0.9735436566954265,0.9735374751827325,0.9735414176908864,0.9735365167373988,0.9735295824316609,0.9735242900967711,0.9735139277605807,0.9735136414292827,0.9735120088957421,0.9735131396847134,0.9735088781240713,0.9735073003378584,0.973515214003972,0.9735140393038487,0.9734989050327464,0.9740181982344278,0.9740218717427709,0.9740229090217872
180,0.9691049856665382,0.9691082095995359,0.9694581863703231,0.9773693359011361,0.9771784281319402,0.9764272895752066,0.9744121310869547,0.9772361297536166,0.9768123191085317,0.976751709701289,0.9764507282300398,0.9764741233402432,0.9763995271363175,0.9741143971152383,0.9741062057161569,0.9742408494811664,0.9742726224266706,0.9742847568579456,0.9742846842766901,0.9742637067792999,0.97424418441091,0.9745920957717403,0.9746108967755721,0.9746756481715872,0.9746845545416402,0.9727028751925104,0.9726865495049072,0.9727221152485548,0.9727054168028719,0.9727331174546626,0.9727980493251238,0.9728120128345635,0.972778768630408,0.9727868916703004,0.9728038327430516,0.9728499472094723,0.9728381742221026,0.9728413325181998,0.9728719459402682,0.9728611183471096,0.9728525421492557,0.9723810742369408,0.9723758060852742,0.9723910145996933,0.9723229450807916,0.9723089683040019,0.9722927421548876,0.9722788621562394,0.9722779011234335,0.9722784370378709,0.9723214193833295,0.9723368176988607,0.9723658052927476,0.9723681391141538,0.972387546975119,0.97245152021239,0.9724777804270283,0.9724919430777155,0.9724928064909953,0.9725039182581546,0.9724923331645025,0.9724989916174359,0.9724861997223517,0.9724746333996728,0.9724647793805462,0.9724459216590793,0.9724452752857264,0.9724453919321945,0.9724475806956965,0.9724441813436301,0.9724412761216062,0.9724022617926223,0.9723998705462501,0.972383494333181,0.9728677380976359,0.9728733864598157,0.9728739324082586
181,0.9718551341715904,0.9717285334288479,0.9720714145403204,0.9799701349505341,0.979840825111327,0.9788184031481588,0.9769527615247772,0.9791751091526263,0.9786316448257354,0.9785365766735551,0.9782152689916713,0.978248781798473,0.97814794511897,0.9750347786239467,0.9750416746922602,0.975127859456587,0.9750926221247166,0.9750565486923478,0.9750584371241031,0.9750433127058382,0.9750408415981394,0.9754970918515589,0.9755017714579556,0.9755132657053217,0.9755225611111823,0.9727482144359765,0.9727276397468579,0.9727370873776247,0.9727387441384929,0.9727686926610819,0.9727695530263074,0.9727596720930706,0.9727444848705127,0.9727548322637756,0.9727503015641835,0.97280521267449,0.9728093493753213,0.9727984468052505,0.9727789976692968,0.9727812426188307,0.9727870255994125,0.9721923632620005,0.9721912900761582,0.9721948497058461,0.9721367048359643,0.9721340368210981,0.9721300780687607,0.9721271158942597,0.9721256499555999,0.9721258271742749,0.9721407722814968,0.9721435724783395,0.9721481393593921,0.9721499311181444,0.9721532383215917,0.972161999924715,0.9721849492814143,0.9721873565532658,0.9721870399893173,0.9721926125475443,0.9721918334731284,0.972192805632012,0.9721954760863154,0.972192528801593,0.9721917765871821,0.9721896113549409,0.9721895780666773,0.97218892014394,0.9721891700223667,0.972178746488304,0.9721784762020121,0.9720886221774698,0.972091135995114,0.9720743836532989,0.9729269458982193,0.9729283542065218,0.972931689464724
182,0.9618723949401866,0.9620465289390515,0.9622869941531537,0.9725117638225396,0.9722341086093489,0.9710546057830606,0.9691531139720478,0.9725707753176536,0.9722402035758416,0.9721346739454153,0.9718690289449256,0.9719002409603897,0.971809689922079,0.9689262695819352,0.9689442879120022,0.9688038572692881,0.9687235130542575,0.9686673490043899,0.9686694864217544,0.9686670333882698,0.9686870007819899,0.9688544985567028,0.968845006447609,0.9687862693526874,0.9687863254606998,0.9679098025429336,0.9678396952403632,0.9678554299386082,0.9678800234403091,0.9679123838133584,0.9678383550493959,0.9677993409667943,0.9677957708230408,0.9677980635417209,0.9677678020756849,0.9678314234896319,0.9678540897113408,0.9678207758105872,0.9677420186906679,0.9677589246617014,0.9677817068622244,0.9670063627291363,0.9670084574545363,0.9670032393468918,0.9669287636402109,0.9669352340624311,0.966946039610795,0.9669501368893649,0.9669484334421309,0.9669482566611595,0.9669458748827983,0.9669379209036486,0.9669213181709371,0.9669402745472004,0.966930375177366,0.9668941715827248,0.9668965101366682,0.9668875073706814,0.9668846001655049,0.9668829975907626,0.9668904306117717,0.9668863590189668,0.9668825470487599,0.9668866763557343,0.9668936139337195,0.9669054671231517,0.9669059119640299,0.9669039517253912,0.966902467929565,0.966887353530529,0.9668893859537877,0.9656825306875102,0.9656947793969648,0.9656835581768747,0.9662493872215896,0.9662467044576263,0.9662538064247486
183,0.9566172707439876,0.9569249538490358,0.9571289584914844,0.9661423480361974,0.9657544722632617,0.9649946729697924,0.9632627372300184,0.9668662078570628,0.9667124918506479,0.9666564359075867,0.9665413359564249,0.9665544236667941,0.9664946305820072,0.9647485392421242,0.9647505644171951,0.9646641113248626,0.964653896160041,0.9646564526140196,0.9646559312923905,0.9646353384595071,0.9646404394583574,0.9646815388366773,0.9646863105004327,0.9650879973496124,0.9650840121053202,0.9649381597820756,0.9648453188853378,0.9648528291150389,0.9648725414670797,0.964889162068436,0.9648063458600884,0.964776768189094,0.9647830969975484,0.9647822782457202,0.9647589587101226,0.9648009415000464,0.964819324903091,0.9647989044081362,0.9647386487204965,0.9647532487509483,0.9647704652893134,0.9644524901015422,0.9644550837872081,0.964447107906556,0.9643592490601691,0.9643667676515888,0.9643911542672841,0.9643907844103111,0.9643899544351907,0.964389559973977,0.9643790275733702,0.9643704115536733,0.9643530891051112,0.9644039948250538,0.9643940610854039,0.9643580432258099,0.964232522077952,0.9642192611221121,0.9642107854184157,0.9642052134220264,0.9642154271281778,0.9642098180677561,0.9642086955393295,0.9642145806976078,0.9642236893300896,0.9642399009275443,0.9642404642403596,0.964238255005372,0.9642362272767051,0.9642197866160243,0.9642224498281025,0.9608539668954945,0.9608631806140782,0.9608595924240284,0.9610093228933057,0.9610062518224203,0.9610113753530567
184,0.9500903278991972,0.9504658932850286,0.9505826613937318,0.9590279872572518,0.9585547895218283,0.9576597480227622,0.9562665105413481,0.9590041536748946,0.9588149526974112,0.9587537442364078,0.9586270363962369,0.9586377380903552,0.9585476382547584,0.9560592103020745,0.9560505834558488,0.955960203540981,0.9560055081836664,0.9560598401283994,0.95605677926587,0.9560023955276439,0.9559930153809351,0.9560364661307343,0.9560624718050713,0.9570728616495575,0.9570661501915841,0.9569958862879274,0.95680971693292,0.9568167881034261,0.95683686346699,0.9568563354106341,0.9567507800282163,0.9567203084179559,0.9567448871772197,0.9567450001066978,0.9567253162802756,0.9567847958963938,0.9568014057620569,0.956788175294158,0.9567357592195402,0.9567484468999252,0.956763100832538,0.9565341259375638,0.9565365446679652,0.9565274693763294,0.9563606553676746,0.9563682060081544,0.9564093519397825,0.9563962153193013,0.9563955862836041,0.9563949732545457,0.9563839591414929,0.956375960138068,0.9563601286972929,0.9564866984044839,0.9564794028497685,0.9564526498053404,0.956052387499526,0.9560347197471075,0.9560156846529714,0.9560076137469088,0.9560216388573131,0.956014178124571,0.9560137836857004,0.9560201381678067,0.9560326100614303,0.9560548730007629,0.9560557094335553,0.956051047497303,0.9560481993459954,0.9560206061527583,0.9560242048734651,0.9482000829009548,0.9482031004011876,0.9482021796472017,0.9482552100539626,0.9482539980134986,0.948255562611124
185,0.9484398896666577,0.9488290718923315,0.9489359137142956,0.9565427921257904,0.9560458598751177,0.9553087305210866,0.9540254197761568,0.9565718952907115,0.9564124353603382,0.9563664225109632,0.9562700316043664,0.9562752143877903,0.9561897526546588,0.9539969920417258,0.9539838554839071,0.9539454918911222,0.9540125776464442,0.9540814619847514,0.9540777902759647,0.9540121959923921,0.9539972230258088,0.954034073209725,0.9540659376582469,0.9553494088837177,0.9553426920254998,0.9553150570983237,0.9551301170910571,0.9551340367906649,0.9551540337894485,0.9551711872791459,0.9550613776438301,0.9550310684403135,0.9550715623060475,0.9550716070474223,0.9550548888699644,0.9551121962120754,0.9551265325205524,0.9551171913462033,0.9550725091994045,0.9550829211017945,0.9550952829707574,0.9549729566163855,0.9549752120950936,0.9549663141171806,0.954793125444679,0.9548004211248018,0.9548477507750193,0.9548285345227078,0.9548280126739177,0.9548273060092036,0.9548154473848027,0.95480819997219,0.9547939813456118,0.9549483981257596,0.9549423594375492,0.9549204446982507,0.9543850478639894,0.9543665021445633,0.9543426704364688,0.9543337965577166,0.954348965476918,0.9543410824007412,0.9543422739654304,0.954348151660145,0.9543615857092695,0.9543855827133544,0.9543865095521634,0.9543804019234549,0.9543772881527094,0.9543477700636727,0.9543516256911642,0.9446512222562774,0.9446512279628523,0.9446512325950163,0.9446512397720314,0.9446512320964221,0.9446512369423742
186,0.9358310319904638,0.9361416419977531,0.9361367495468487,0.9406579450292194,0.940143700094863,0.9390958947169463,0.9385392385519614,0.9397768212119434,0.9396957968272541,0.939669626103368,0.9396713221753795,0.9396693970521519,0.9395813043069887,0.9376383563597929,0.9376308909286138,0.937336051725629,0.9374176245060575,0.9374979646360073,0.9374945684334854,0.9374455691279543,0.9374251251622374,0.9374525631650411,0.9374965500987165,0.9384999703945641,0.938495053703931,0.9384985095030149,0.9382940019005394,0.9382966709650841,0.9383042269737728,0.938316347373809,0.9382272831918635,0.9382164235041908,0.9384908840092936,0.9385029635599943,0.9385239001933299,0.938564062124823,0.9385382240382307,0.9385861490975929,0.9386412511926197,0.9386261932373533,0.9386098616182835,0.9386958667792272,0.9386910270927206,0.9386893084720942,0.9386067734689628,0.9386015255877239,0.9386463134502879,0.9385740358717171,0.9385762353074385,0.9385747337333505,0.9385867257460071,0.9385940017837113,0.938609703521549,0.938958113010034,0.9389710649512555,0.9390139877863584,0.9374107284899774,0.9373973250436967,0.937367450611154,0.9373603146439021,0.9373724487289911,0.9373664555753333,0.9373695874142907,0.9373732390630367,0.9373839915587908,0.9374035199143972,0.9374043462852201,0.9373971721775124,0.9373945762887703,0.937373865887737,0.937377071298509,0.9341213047415214,0.9341322220922943,0.9341282366764752,0.9341075833376098,0.9341043381783852,0.9340952158605269
187,0.9205747993825377,0.9205060730225219,0.9205570143018039,0.921003298174022,0.9209079616908459,0.9205640437250056,0.92044881883541,0.9205907584490113,0.920526151676835,0.9205242142100141,0.9204517245220313,0.9204655466636723,0.9204143699243993,0.9200188215981154,0.920040711477705,0.9198967239143356,0.919780656408221,0.9196947774430893,0.9197078128761943,0.9198693994238203,0.9198855628588434,0.9198846382150077,0.9198722422739155,0.9201714244622607,0.9201848501756806,0.9201996628519269,0.9201399151520192,0.9201371992410073,0.920156422975021,0.9201684466422119,0.9200701194245504,0.9200433308340215,0.9219706101654616,0.9219933032450834,0.9220393518004376,0.9220802473367355,0.9220257916005954,0.9221117749186434,0.9222396697778945,0.9221970016730031,0.9221653117025668,0.9222225837556016,0.9222121301645378,0.9222165689305561,0.9220171710549091,0.9219915267444112,0.9220290853852222,0.9219858948592694,0.9219911165730444,0.9219864757194065,0.9220408508868717,0.9220582502056753,0.9221192090334156,0.9222514973312965,0.9223012163320572,0.9224601543919474,0.918383797366807,0.9183837990513674,0.9183838032323351,0.9183838054880359,0.9183838064238469,0.9183838086787844,0.9183838104463589,0.9183838090032704,0.9183838094025479,0.9183838086661316,0.9183838105058647,0.9183838123768887,0.9183838144167954,0.9183838162146044,0.9183838167020221,0.9183837675351417,0.9183837687155769,0.9183837699284747,0.918383770245696,0.9183837683673701,0.9183837727102082
188,0.8909914067695563,0.8909681184373679,0.8911824307006168,0.8898674745815954,0.8908652852381851,0.893167953876817,0.8928463278738831,0.8924383202162979,0.8921561386207437,0.8922312787193843,0.891829572891786,0.8918846945024268,0.8918056249092762,0.8919467813400493,0.8919409669809156,0.8923876889190849,0.8919030683896917,0.8916675166258641,0.8917140975929655,0.8921670618596889,0.8922157699552346,0.892202584412623,0.8920190921257716,0.8919122144275673,0.8919488994313016,0.8919586364189667,0.8919657335227781,0.8919651121347292,0.8919803416256143,0.8920165885189183,0.8919464643785893,0.8919301021197563,0.8974938755037191,0.8974974039798345,0.8974836026011664,0.8975337222345423,0.8974858535061446,0.8974937301004599,0.8975661851403345,0.8975430732942996,0.8975593995957746,0.8975813437554334,0.8975806736281207,0.8975802371581362,0.8975461374648772,0.8975387220285868,0.8975541689762435,0.8983883803532567,0.8983741966229576,0.8983665486320439,0.8983974843367217,0.8983098039286885,0.898337175193398,0.8954825525933825,0.8955604664353735,0.8957996098149333,0.8948708927361883,0.8948899203615021,0.8949149049483608,0.89493360919421,0.8949009240382635,0.8949159139062697,0.8949047998289745,0.8948788910218622,0.8948502823935592,0.894758092581222,0.8947555836923787,0.8947962831561455,0.894804313126472,0.8948148418474048,0.8948010557361643,0.8949447916426192,0.8949268056660202,0.8949350463259866,0.8949314628158469,0.8949324354063348,0.8952952260198799
189,0.8745805887762664,0.8744768167772665,0.8748148447921799,0.8735415450559879,0.8750896212222901,0.8781790630516865,0.8776253872729617,0.8770710071265783,0.8766255705586729,0.876723379404221,0.8760804353321546,0.8761601197665438,0.8760526045058189,0.8760871542698796,0.8760634181098348,0.8766542099994256,0.8759629880792812,0.8756301181474582,0.8756959040833037,0.8762695690567731,0.8763432464743625,0.8763268856576404,0.8760508333128728,0.8759161715365026,0.8759625249996644,0.8759659038049251,0.8759757853892678,0.8759756375189524,0.8760022373859118,0.8760422062459523,0.875962846380102,0.8759336738319908,0.8832681573223593,0.8832506795038795,0.8831800914244886,0.8832236270319853,0.8831897430355122,0.8831227420907523,0.8831197110883591,0.8831187213549474,0.8831781569313399,0.8832022871836831,0.8832111974969282,0.8832038290884484,0.8832790771567512,0.8832960680620029,0.8833163071298182,0.8850500214224394,0.8850288423965651,0.8850230732167483,0.8850120057368122,0.8848241797497829,0.8848025818520203,0.881633224447593,0.8816548006066208,0.8817179888366385,0.8813363353172873,0.8813397582458408,0.8813328821482939,0.8813361867972994,0.8813306765233827,0.8813333477277961,0.8813315488120483,0.8813234295287887,0.8813210571491937,0.8812446963659073,0.8812443554565317,0.8812536362904646,0.8812554160209983,0.8812549439028095,0.8812447405317125,0.8813312713452335,0.8813270744436492,0.8813290448648343,0.8813290982253429,0.8813290551893135,0.882023184445649
190,0.8515200529862906,0.8511720240827518,0.8516302209576787,0.8509565835787316,0.8530058935186952,0.8552543101542701,0.8545404248665949,0.8539511082829728,0.853405566438112,0.8534991070935336,0.8526797379152891,0.8527520941768743,0.852631260059304,0.8524871033335407,0.8523955870142047,0.8528137748183429,0.8520421891022212,0.8516893055014583,0.8517581459456102,0.8522160548313837,0.8523034472761722,0.8522873182385827,0.8519490647769277,0.8518446421834944,0.8518845716280801,0.8518810995712728,0.851888849244084,0.8518883656841084,0.8519221269461673,0.8519519791815816,0.851883696294505,0.8518480081789664,0.8574392068840995,0.8574119450098904,0.8573453434723783,0.857378446075381,0.8573168674188825,0.8572242110524146,0.8572576308997552,0.8572632076983367,0.8573473602345657,0.8573692795549858,0.8573815937461129,0.857371917691515,0.8574736040925187,0.8575022658494691,0.8575211270284657,0.8614419424886871,0.8614240090917588,0.861426039920101,0.8613872123140544,0.8610874851505633,0.8610391658014128,0.8590121393060248,0.8589762790498165,0.8588588442012423,0.8588254499272255,0.8588121258162226,0.8587865048315784,0.8587735206275007,0.8587966494980708,0.8587863117781288,0.858794356015484,0.8588005633706343,0.8588257694028798,0.8587788903861292,0.8587808946617443,0.8587568853345955,0.8587520441592026,0.8587403589869282,0.85873435288901,0.8587590132244262,0.8587696499460773,0.8587648573299194,0.858768690251296,0.858767681567624,0.8590411566037164
191,0.8290153140533453,0.8282578459435359,0.8287792917546671,0.8289434628155454,0.8314229390371997,0.8312505256580521,0.8305466649932158,0.8300370104064618,0.8295025418835158,0.8294830808330196,0.8285878660567564,0.8286279841698954,0.8284999436143812,0.8282020558639989,0.8279375145747168,0.828020555180204,0.8272788968416808,0.826989328969913,0.8270090097558503,0.8271775085358228,0.8272634950165605,0.8272498962155652,0.826896665673781,0.8268374593189456,0.8268614911816043,0.8268551720594782,0.8268597865463154,0.82685875508367,0.8268961971515124,0.8269123519110784,0.8268655276258648,0.8268336366971961,0.8292324588651658,0.8292128451624825,0.8294122217377481,0.8294364830478035,0.8293183533709486,0.8292725681504108,0.8295006957393599,0.829492706146068,0.8295545786899814,0.8295663806726337,0.8295722157702206,0.8295675743252189,0.8296197621888202,0.8296340855178955,0.8296425860537773,0.8372368185734239,0.8372368174120548,0.8372368133831626,0.8372368109137645,0.8372368450406216,0.8372368443213087,0.8372367823290161,0.8372367784480501,0.8372367764132027,0.8372367729603538,0.8372367697823273,0.8372367653999597,0.8372367617114577,0.8372367588423615,0.8372367550201907,0.8372367512371566,0.8372367505085608,0.8372367489697334,0.8372367490014345,0.8372367454430953,0.8372367433515815,0.8372367396305884,0.8372367356174544,0.8372367307908989,0.8372367293343562,0.8372367257602551,0.8372367222993862,0.837236719203255,0.8372367244119978,0.8372367268812035
192,0.8009430393840302,0.799756105892855,0.8001724245369521,0.8011088142704674,0.8040544808087765,0.8020689458559076,0.8014249946689775,0.8010171011126376,0.8005267253927881,0.8001028674258098,0.7991165477036204,0.7992189486220174,0.7990465825152521,0.7985808082096668,0.7979518408714232,0.7978804502227556,0.7972308588350423,0.7970885471480866,0.7969837873735817,0.7969928760174383,0.7970500651700383,0.79704229598395,0.7968008154989494,0.796775303222418,0.7967890421981058,0.7967833418554146,0.7967859610133514,0.7967843403725734,0.7968296518646184,0.7968359327920713,0.7968021758137799,0.7967794979931303,0.7973482337505734,0.797340846746895,0.7983197442014639,0.7983316195374114,0.798203389190764,0.7982230694275851,0.7986663956834421,0.7986457472122118,0.7986469645736833,0.7986459238140785,0.7986428664274507,0.7986450523147651,0.7986291346163898,0.79863586690596,0.7986326701088823,0.8018114393129253,0.801801343295569,0.8017966698726188,0.8018493666891346,0.8042542223265327,0.8043324865071428,0.8043845643298794,0.804425268441629,0.8045350680692581,0.8045163529084757,0.8045293233329724,0.8045357548027248,0.8045482287580114,0.8045264886121777,0.8045365052277571,0.8045289174439807,0.8045199919872356,0.8044996708575486,0.8047017612398563,0.804702982660825,0.8047197140839003,0.8047229994814329,0.8047296838414458,0.8047768985993964,0.8047807552919493,0.8047726460092695,0.8047762408694716,0.8047738445943629,0.8047744232776156,0.8047596888547548
193,0.7853040866053186,0.7844268504911562,0.784390148685079,0.7851484840630961,0.7874587231127702,0.7857204784375422,0.7852724122257605,0.7850286155498872,0.7847182963113635,0.7838150579542028,0.7830658719018309,0.7832406266206664,0.7830795327962234,0.7826938218519677,0.782014608509411,0.781934101007688,0.7814657402138857,0.7814973080349734,0.7812349140832301,0.7812052914724168,0.7812235727930781,0.7812222231284717,0.7811286056943644,0.7811222431841405,0.7811340953792949,0.7811348262383355,0.7811378858449782,0.7811376457253194,0.7811857425929678,0.7811894341836126,0.7811691505087611,0.7811673298391649,0.7813169355814514,0.781319530920291,0.7834630867210124,0.7834701361911612,0.783342878321385,0.7833926758373212,0.7838151867916491,0.7837862655358382,0.7837474123888623,0.7837392386110275,0.7837310297331026,0.7837371683949592,0.7837032139008155,0.7837106291458726,0.7837005801848058,0.7856266705733719,0.78562555273495,0.7856233568667946,0.7857168408785653,0.790123045351615,0.7902124250841972,0.790312309263634,0.7903668796463806,0.7905161990798677,0.790486204769274,0.790503870235406,0.7905126557210592,0.7905296271683012,0.7904999117109818,0.7905135058446284,0.7905031855990374,0.7904908364691314,0.7904632033011424,0.7904470554770944,0.7904479351040565,0.790479628167728,0.79048591645678,0.7904986492849028,0.7907839299571664,0.7907908539029769,0.7907773484538736,0.7907834247892295,0.7907793327086535,0.7907803798573578,0.7907643723833212
194,0.7475292814443677,0.7467312546320908,0.7462924672939054,0.7470846699967522,0.7493578558181373,0.7479243842020296,0.7475681922801137,0.7474144567907154,0.7472033848565508,0.7454775455925992,0.7448025956274582,0.7450189654637267,0.7448415381769478,0.7444623082793478,0.7437337615766997,0.7436939091123516,0.7439255794500389,0.7439440281416316,0.7436385714437291,0.7436245937586184,0.7436458696851397,0.7436473580802386,0.7436568923363733,0.7436505997669745,0.7436575126604597,0.7436560014962098,0.7436613454770955,0.7436575408786027,0.743721595117145,0.7437378707587604,0.7436946352957908,0.7436833881221053,0.7436031396992961,0.7436056805661416,0.7489381286623448,0.7489342978579558,0.7489088600296269,0.748895082088761,0.7478297744882577,0.7478000461895917,0.7477537715162047,0.7477382827328952,0.7477259223436754,0.7477364552643969,0.7476937507574895,0.7476722486491378,0.7476549550225816,0.7478823153161008,0.7478796613906833,0.747879824267086,0.7479621717297472,0.7500238289467751,0.7500432297491629,0.750064089576197,0.7500786837757139,0.7499687201349542,0.7499570853739337,0.7499642589018354,0.7499677663300016,0.749973939153382,0.7499637577975505,0.7499686759151327,0.7499655422608786,0.7499609311987884,0.7499500295354591,0.7496969105491225,0.7497012657101538,0.749711883676827,0.7497142122791194,0.7497195659524681,0.7535886623143152,0.7535883314113293,0.7535888978572626,0.7535886691300758,0.7535888459616041,0.7535888314017801,0.753587872882129
195,0.7268510159452527,0.7261572503599835,0.7256928796626855,0.7264060545152216,0.728316094172701,0.7271635120658059,0.726885826374668,0.7267765595416171,0.7266232463742719,0.7247837838250308,0.724234093123859,0.7244118512793607,0.7242586997495124,0.7239454268010544,0.7234148627106908,0.7233875153758481,0.72420331314475,0.724112099725729,0.7238808441930391,0.7238843270793969,0.7239331559056345,0.72393267343208,0.7239270892294944,0.7239050977447901,0.723913483059636,0.7239027906233434,0.7239093655597213,0.7239006717250251,0.7239903315218638,0.7240188302112595,0.7239420476954318,0.7238964639837676,0.7238270181601383,0.7238203356780509,0.7295900222165989,0.729578507654907,0.7296627365075544,0.7295345195268247,0.7267806166268265,0.7267779092712668,0.726776711888399,0.7267766468635419,0.7267787722838247,0.7267808106535709,0.7267764723029776,0.7267775412873726,0.72677777263061,0.7267887481258315,0.7267692576989289,0.7267704008490721,0.7267745115046045,0.7274091669826186,0.7273777217039074,0.7273871373835211,0.727370679715913,0.72700471480413,0.7270124896575082,0.7270107110657082,0.7270096812230433,0.727006090738606,0.7270138655290403,0.7270109897336879,0.7270146136277279,0.7270175535364477,0.7270223945455543,0.72683438286288,0.7268383736754643,0.7268285735428086,0.7268271148543475,0.7268257210386214,0.7356954478059189,0.7356954451286678,0.7356954404387392,0.735695436052293,0.7356954320208425,0.7356954386499789,0.735695434150183
196,0.7051768790460057,0.7055447431876459,0.70414577059004,0.7039906412621346,0.7045067971224495,0.7046079667411883,0.7048034182704452,0.7049792011240424,0.7051797016011329,0.7017319433617109,0.7017821952636426,0.7019137055611483,0.7018820691684649,0.7019444919621418,0.7016248713802729,0.7016418991617392,0.7019644101561214,0.7021983961414345,0.7019445700376088,0.7019288994579564,0.7018795496796175,0.7018908616083084,0.7019599662568892,0.7020130677676067,0.7020100387064797,0.7020427616313737,0.7020517432798689,0.7020554813053107,0.7020463769031173,0.7020693713995525,0.7021103363812002,0.7022016613511856,0.7021071553685936,0.7021406545036281,0.7089101294939,0.7089038910223417,0.7089233047863863,0.7089016788220713,0.7075678640659867,0.7075637821502253,0.707560595181075,0.7075593706107779,0.707567312065896,0.7075715292674591,0.7075619428578984,0.7075534707451365,0.7075513440385247,0.7075215266088155,0.7075005857217286,0.707502721712084,0.7075170597196596,0.7076136386070221,0.7076278713549925,0.7076306108867123,0.7076435396488293,0.7071902317248782,0.7071725767667919,0.7071848079148214,0.707190559392703,0.7071993588112131,0.7071858064966736,0.7071928651921647,0.7071895334067727,0.7071834618952922,0.7071668094448021,0.7070202637774764,0.7070212324156225,0.7070336468838162,0.7070367202250704,0.7070450041255,0.7109825452658185,0.7109940536590313,0.7109754748771205,0.7109845378780714,0.7109793060273011,0.7109779405839552,0.7109674989341589
197,0.6899309741334136,0.689967519011415,0.687983738043782,0.687959410975828,0.687845093666016,0.6876970756431493,0.6877495558272825,0.6877411896794289,0.6877659872612983,0.6825062184926121,0.6826555618053591,0.6826909813504379,0.6826965694439718,0.6828102350835974,0.6826884821642893,0.6827007162744572,0.682651198633647,0.6828636222206022,0.682744665890894,0.6827248823443848,0.6826644649916549,0.6826710915071705,0.6827280215101403,0.682775003722718,0.6827680194155196,0.6827961435503586,0.6827986495174214,0.682804211407297,0.6827825826874601,0.6827894162868928,0.6828524526277462,0.6829441943258826,0.6828824441918215,0.6829111912689015,0.6863400300110543,0.6863403209430838,0.6863032171820389,0.6863619187362481,0.6861011495316963,0.6860879274111819,0.6860727519386302,0.686065017690137,0.6860838054873484,0.686093317302785,0.6860628215890198,0.6860344510097115,0.6860220486009166,0.6859809654463948,0.6859679850102851,0.6859703809917724,0.6860256110779643,0.6860073265355443,0.6860730427573757,0.6860737310588286,0.6861184923357534,0.6857347865982143,0.6856950724989871,0.6857184845131006,0.6857297294209872,0.68574925581,0.6857166267298219,0.6857322919504628,0.6857222843410037,0.6857082049330601,0.6856735607411347,0.6855735058893261,0.6855714248083616,0.6856067146636632,0.6856142575846919,0.68563133959282,0.6869426771084909,0.6869569515878376,0.6869338169085488,0.686945090761604,0.6869385690193832,0.6869368813103148,0.6869238657251787
198,0.6897957728119207,0.6883009896443549,0.6855802054729974,0.6867255442298223,0.686763106832901,0.6850394763120998,0.6844476023243321,0.6838371212900805,0.6832270947330485,0.6758569019551233,0.6756156614630419,0.6755520487496186,0.675491299220057,0.6753106266975957,0.6753346392271855,0.675259603483216,0.6754135013666642,0.6752163292983714,0.6752021117027874,0.6751871653787908,0.6752254233997703,0.6752051049138647,0.6751434919529244,0.6750757488125725,0.6750739763215873,0.6750335637057696,0.6750172358066345,0.6750110459924901,0.6750634147576602,0.6750390544923399,0.6749903004508433,0.6749032913411408,0.6749154014941444,0.6748801869973992,0.6757620431381057,0.6757690393292998,0.6757837104199339,0.6756901647757987,0.6758412659887377,0.6758630873881112,0.6759217031718449,0.6759330184146908,0.6759797610959499,0.6759726307171793,0.6759928731728241,0.6760130540542646,0.6760209376139734,0.6760337948655019,0.6760464487115323,0.6760436426031017,0.676005249646025,0.6759717820213349,0.6759258979697348,0.6759266915843588,0.6758956475390713,0.6766049847510214,0.6766415671390001,0.6766197895275566,0.6766093881444348,0.6765915263160979,0.6766214434099945,0.6766070628724974,0.6766161358697368,0.6766290502445922,0.6766607148562764,0.6767032497070742,0.6767068282593895,0.676673040347577,0.6766658478467295,0.6766495486449227,0.6766257515958872,0.6766167577477614,0.6766304387561852,0.676623378889217,0.676627007510904,0.6766292684239059,0.6766374223011262
199,0.9707791748835971,0.9707289440328593,0.9710965535132979,0.9784402934122006,0.9782715331025585,0.9775680424847448,0.9755695944644284,0.9781660715218383,0.9777090805923311,0.9776531100456946,0.9773369863896532,0.9773601891235987,0.9772848502159464,0.974988029987837,0.974978626878586,0.9751508310893795,0.9751893770830526,0.9752024818600067,0.975202423907999,0.9751782369903365,0.9751547894787125,0.9755540365390246,0.9755757772763225,0.9756677058574129,0.9756783883138644,0.9733447805575085,0.9733335584132655,0.9733713971981769,0.9733504753523181,0.973376477026967,0.9734577282824923,0.9734773574679452,0.9734418834901467,0.973449468749644,0.9734719569537746,0.9735140338333309,0.973498226836793,0.9735046289950325,0.9735487926609684,0.9735345501799625,0.9735220875618117,0.973109079112953,0.9731032010750759,0.973121309349962,0.9730560841663491,0.9730404353509043,0.9730219140286823,0.9730064076148648,0.9730053930704055,0.9730060505428798,0.973052605450254,0.9730700671217943,0.973102949509195,0.9731045427774188,0.9731265701685651,0.973200453965059,0.9732243091540212,0.9732411987907296,0.9732422820248924,0.9732546602194473,0.9732412507479204,0.9732490951998788,0.9732352390458023,0.9732220359192566,0.9732106017210534,0.9731888043811837,0.9731881071007625,0.973187100272484,0.9731895747566875,0.9731878486076119,0.9731844761508558,0.9732142881955637,0.9732102997437833,0.9731926468256471,0.9736453472999642,0.9736521313050035,0.9736518314876011
200,0.9657994923735408,0.9659437891140775,0.9662903717790566,0.973894372754057,0.973625912433728,0.9732880673702443,0.9712205360860252,0.9747717514755956,0.9745389311384768,0.974522924326267,0.9743251106690862,0.9743342642500559,0.9742989411539087,0.9732447873991696,0.9732284820337188,0.9734097441980559,0.9734809176964707,0.9735228121155725,0.9735214930566848,0.9734988725168959,0.9734715274062464,0.9736703375103556,0.9736945068916044,0.9738365718954474,0.9738442233437214,0.9728113667280524,0.9728080369743431,0.972844438431637,0.9728171252420547,0.972834624155266,0.972940307743069,0.9729706021761695,0.9729309410177078,0.9729374007704596,0.9729674940621276,0.9729926106901993,0.9729709272958601,0.9729860821974816,0.9730500479440365,0.9730304955479504,0.9730123291418348,0.9727957381106159,0.9727889808565368,0.972808054044107,0.9727563198731645,0.9727382084371303,0.9727151095646264,0.9726974563485545,0.9726969662690843,0.9726976483463721,0.9727469989283659,0.9727672205044005,0.9728058146802556,0.9728058727769943,0.9728313717716209,0.97291680865082,0.9729422351947591,0.972962222709371,0.9729630873781482,0.972975334197826,0.9729596922797634,0.9729685398116042,0.9729537470850319,0.972938279694254,0.9729249380664394,0.9728994905201929,0.9728986135353106,0.9728986029553875,0.9729015620315987,0.9729045815846094,0.9729006286727123,0.9730205902788963,0.9730143060976528,0.9730029212774435,0.9731667403914646,0.9731749108170893,0.973172566684329
201,0.9603929394103803,0.9606704501770993,0.9609581158030379,0.9686980814692956,0.9683380862442127,0.9681580120962249,0.9662510101972972,0.9705601074350805,0.9705557570329095,0.9705569575018924,0.9705509636705799,0.970550422050775,0.9705482794640177,0.9705148911161559,0.9705134441766503,0.970543613932818,0.9705506142907743,0.9705550390904322,0.9705548281616853,0.9705498276629843,0.9705479963901767,0.9705502684086199,0.9705524087654717,0.9706591503208647,0.9706592884822665,0.9706612127848863,0.9706571564991489,0.9706584180501447,0.9706579993704004,0.9706587687648687,0.9706609741158222,0.9706610332397319,0.9706590075245236,0.9706589711982767,0.9706593202438892,0.9706611657418674,0.9706610476937217,0.9706606971216873,0.9706608313104643,0.9706602926070843,0.9706602465925683,0.9706613666160199,0.9706612747001401,0.9706616057612883,0.97065501967883,0.9706548031811615,0.9706556628376745,0.9706546786914028,0.9706545366389402,0.9706544947931189,0.9706553246239125,0.9706555793454318,0.9706558799544959,0.9706600752379985,0.9706603270699388,0.97066117338438,0.9706497990953715,0.9706499023318692,0.9706486695261318,0.9706486028976856,0.9706487716556116,0.9706487060436303,0.9706483108736128,0.9706476555581324,0.9706479008645279,0.9706481385303506,0.9706481012691197,0.9706474465107853,0.970647384451527,0.9706464779626431,0.9706465373516889,0.97039251424196,0.9703920176451766,0.9703918405584216,0.970385768699811,0.9703863137916396,0.9703861373408854
202,0.9589995302545862,0.9592972283941436,0.9595619664122726,0.9674635066342393,0.9670861832399847,0.9668321070425758,0.9649881253509588,0.9690658300062677,0.9690286945033411,0.9690204865682475,0.9689944715287953,0.9689954123023022,0.9689793515326209,0.9685732814145833,0.968568242929113,0.9686135583359272,0.9686348829741922,0.9686537296470782,0.9686528347519208,0.9686373427370668,0.968632401296848,0.9686414079346822,0.9686485965767324,0.968981039310958,0.9689798558410515,0.9689765686469011,0.9689491151042922,0.9689520939783937,0.9689546353568699,0.9689592543585712,0.968940658901713,0.9689359018736284,0.9689341936827965,0.9689347778002988,0.9689312216738917,0.9689435652962557,0.9689466986680144,0.9689445320972474,0.9689338257459429,0.9689363312316623,0.9689393500500667,0.9688853930111814,0.9688856156542027,0.9688838701944548,0.9688508301610905,0.968851439658259,0.968860158988724,0.9688573352864397,0.9688572521687944,0.9688571155304426,0.9688574544767176,0.9688568033500256,0.9688555040464848,0.9688760616904135,0.9688755759128493,0.9688725707780769,0.9688153019895036,0.9688120563651114,0.9688079967058782,0.9688067656481281,0.9688089090004104,0.9688076765818296,0.9688070913252268,0.9688074613259121,0.9688093490461017,0.9688126540277692,0.9688127196673327,0.9688128647876791,0.9688124701386694,0.9688073696662668,0.9688079086147705,0.9675069430655485,0.9675068783873254,0.967507059911231,0.9675224335241567,0.9675221354710838,0.9675222119317355
203,0.9563162688640429,0.9567008522975524,0.9569928733217364,0.9625425293888137,0.9620836691107181,0.9630442204419548,0.9613525316613635,0.9648237191559728,0.9648132742567235,0.964867010854171,0.9647833415542367,0.9647663704991031,0.964751652638359,0.9648504587766628,0.9648346230538841,0.9656377897910102,0.9657377383375142,0.965780568826251,0.9657788270403048,0.9656820252973994,0.9656551403426794,0.9657011593010404,0.9657330000839829,0.9680220198957815,0.9680291561032951,0.9680090130206205,0.9679843581181636,0.9680009659509737,0.9679949322574555,0.9680026506225465,0.9680817793789712,0.9680832449028814,0.9680480603261676,0.9680449518750062,0.9680532879101793,0.9680673659674611,0.9680641724468418,0.9680518061028689,0.968060079703828,0.9680455483411955,0.9680438524514923,0.9681321548939165,0.9681319759964234,0.9681416686110521,0.9680823811367908,0.9680817128117382,0.9680854653830292,0.9680738241942427,0.9680704002901619,0.9680708657530983,0.9680792784034234,0.9680816190040263,0.9680827763191046,0.9681304596295387,0.9681315285280073,0.9681347717912481,0.9680026834244418,0.968012052830692,0.9679916506751163,0.9679910511914723,0.967995007704901,0.9679946899898266,0.9679915548898579,0.9679774220880273,0.9679822166158757,0.9679858717902148,0.9679863480063249,0.9679684090464694,0.9679672140906551,0.9679598808430725,0.9679608781106928,0.9658215975242157,0.9658132718809168,0.9658102648095154,0.9657157565559714,0.9657260718965982,0.9657206243553919
204,0.950984979679052,0.9513882537981281,0.9515952146278042,0.9568546898473,0.9563534323065717,0.957020666355556,0.95566131661455,0.9584434544461246,0.9584057196372656,0.958437679859633,0.9583870094260435,0.958371165981179,0.9583341073632451,0.9578634013895264,0.9578414617062508,0.9585117815806896,0.958623554910149,0.9586906084617074,0.9586874206237219,0.9585784355661411,0.9585522895740703,0.9585845899947206,0.9586203550815647,0.961373181208259,0.9613720160052013,0.9614061853242795,0.961336432086978,0.9613402859398453,0.9613588493083725,0.9613673448870528,0.9613040290216208,0.9612737391388381,0.9612895689824547,0.9612839784216226,0.9612670068226262,0.9612945964039361,0.9613097750355948,0.9612865193270609,0.961237883431163,0.9612445276303164,0.961258702690846,0.961306352293866,0.9613097929694626,0.9613055605720023,0.9612131491264047,0.9612222858987777,0.961270003782649,0.961258325803893,0.9612560844888144,0.9612557691257811,0.9612410176982542,0.9612326711636837,0.9612143610854409,0.961315522992386,0.9613044647597752,0.9612656756833601,0.9609007953181301,0.9608889677434445,0.9608605389762938,0.960852365161852,0.9608670539244313,0.9608603370791757,0.960862938164913,0.9608620124161154,0.96087532373932,0.9608971750849463,0.9608981659814252,0.9608845929155578,0.9608813985479331,0.9608630592409784,0.9608667601939307,0.956913406452528,0.9569068822335992,0.9569087434690142,0.9568514829091492,0.9568523615770639,0.9568467377041834
205,0.9442910149664335,0.9446550863195924,0.9447853633876737,0.9485250546645098,0.948020194654606,0.9485605031423642,0.9476449331781636,0.9495350053981444,0.9495019133573444,0.9495258081711877,0.9494970719049316,0.9494796592794629,0.9494332512721035,0.9488246639856894,0.9488078985122799,0.9493725468449693,0.949456983001985,0.9495038256062007,0.9495012834275472,0.9493849180103039,0.9493683193239114,0.949393787783071,0.9494250573466324,0.9523748956649797,0.952371712245788,0.9524062713997439,0.9523215654044578,0.9523163519196708,0.9523561507096971,0.9523637885620653,0.9522162641569741,0.9521587244103633,0.9522617013146286,0.9522534919438387,0.9522228497547549,0.9522546879266992,0.9522782449329986,0.952248162004804,0.9521726497122505,0.95218508503981,0.9522068538837897,0.9522588254403606,0.9522642488910806,0.9522535546002687,0.9521496096293124,0.9521650201407094,0.9522166771256261,0.9521988585244908,0.9521970185521513,0.9521960988897952,0.9521656425292984,0.9521504967866512,0.9521201712193784,0.9522804484504968,0.9522618234586125,0.9522005171365753,0.951475587156051,0.951453035607648,0.951409687037952,0.9513974744918839,0.9514181234517957,0.9514080534940936,0.951414304962521,0.9514179569550762,0.951436245082329,0.9514688945187474,0.9514702642476692,0.9514564869729423,0.9514520070996993,0.9514292002405681,0.951434510105134,0.9478569247629095,0.9478628880761303,0.947861774907993,0.9478331747554151,0.9478274548009471,0.9478250953084595
206,0.9229122395461855,0.9228347255608428,0.9228924052644312,0.9230701619262224,0.9230346940767801,0.92294028250869,0.9228373952328508,0.9229122616741482,0.9228440072021993,0.9228456908394844,0.9227627535627815,0.9227813317607462,0.9227380583812519,0.9225047780163069,0.9225272286772072,0.9224629580521212,0.9223303623371918,0.9222328354837962,0.9222471865620616,0.922459730271576,0.9224755286313219,0.9224718051113351,0.9224564532810814,0.922789109591286,0.9228040300730965,0.9228243434672774,0.9227846002432317,0.9227809714764612,0.9227957351078401,0.922805957009376,0.9226995345167127,0.9226799965173096,0.9246701126298932,0.9246923560928884,0.924737215433085,0.9247717834390897,0.9247240766453447,0.924808112705532,0.9249298136777699,0.9248839864611903,0.9248539397867285,0.9248934574899085,0.9248835389674765,0.9248870783435476,0.924703749708144,0.9246773482848349,0.924726011027579,0.924654516945735,0.9246597033207776,0.9246547872058352,0.9247094194903004,0.9247312879427655,0.9247938210437077,0.9249225544678515,0.9249726999361684,0.9251322706506563,0.9229100285799416,0.922913626661739,0.9230124869315068,0.9230229692191099,0.9230044005154315,0.9230126269398486,0.923006297496612,0.9229570266748062,0.9229418217148704,0.9229119893543306,0.9229106102679956,0.9229354372721954,0.9229398496556473,0.9229436285602229,0.9229384019102959,0.9224056190871107,0.9224009625060406,0.9224038137831739,0.9223983936989899,0.9223963010629628,0.9224049404128569
207,0.9269126193834911,0.9268741766585417,0.9269158430033784,0.9275554758088697,0.9274242466816028,0.9268539705227055,0.9267120332139486,0.9269699779024873,0.9269262413825506,0.9269238361402456,0.9268826985171851,0.9268891821433907,0.9268493111258533,0.9265296912375202,0.9265431306647929,0.9263381924523285,0.9262801194995156,0.9262362579826362,0.9262447086227957,0.9263565887512262,0.9263613192879913,0.926361758290454,0.9263624932103883,0.9269600794343463,0.9269684975519299,0.9269936343719045,0.9269436437838147,0.9269406313709195,0.9269508647166034,0.9269599693689667,0.9268607442982884,0.9268466002663044,0.9282252275394021,0.9282466894468959,0.9282897038780422,0.9283240248434351,0.9282796863738295,0.9283607981451161,0.9284747196962978,0.9284348505337913,0.9284053473366908,0.9284487770367886,0.9284394126549239,0.9284419826927901,0.9282687567630449,0.9282447324235223,0.928291600185344,0.9282187091369327,0.9282240046853834,0.9282202394418363,0.9282711972607322,0.9282936169901087,0.9283524805203098,0.9285297835195823,0.9285743248612495,0.9287169413851534,0.9266690344614853,0.9266708545138233,0.9267201756383153,0.926728916235096,0.9267132419296761,0.9267200256345913,0.926714633982788,0.9266768235294818,0.9266635521565351,0.9266397021227895,0.9266385240743525,0.9266607581741073,0.9266644361013144,0.926665237564122,0.9266609718434499,0.9257664416713978,0.9257639880555909,0.9257660865815973,0.9257585402012793,0.9257555813161022,0.9257558538009861
208,0.9012770968889553,0.9014027776474406,0.9015606436267577,0.900277101456669,0.9007165869157171,0.9045029746487031,0.9042496361926045,0.903884518493256,0.9036328884764215,0.9036846193757032,0.903320272701134,0.9034039717082618,0.9033229295139102,0.9033307415783952,0.9033799821516995,0.9042946062194247,0.9037659703529479,0.9034118587500705,0.9034589028334779,0.9041530604657187,0.9042225810606614,0.9042062756115926,0.9040911998553406,0.9039533460790746,0.9040026293417193,0.904000146392789,0.9039939079717525,0.9039860390525463,0.9040390245594307,0.9040588296170117,0.9039036680687064,0.9038352254050804,0.9098559841745452,0.9098676249304681,0.9098847930282847,0.9099187309147285,0.9098823191812899,0.9099276093049962,0.9100081117636639,0.9099548031373191,0.909945848346664,0.9099705225390086,0.9099647506833665,0.9099669250523996,0.90980178856914,0.9097829590055665,0.9098112774621655,0.9098794370484,0.909878873049697,0.9098696832208236,0.9099029499586916,0.9098936228724279,0.9099324986861357,0.9095019730400628,0.9095592356804123,0.9097385029331441,0.9080637910360994,0.9080677978035451,0.9082539871070857,0.9082637406324066,0.9082466991710807,0.9082545017796911,0.9082487293793076,0.9081803233699282,0.9081695852342453,0.908130128438482,0.908128722068341,0.9081520601689693,0.9081565297987152,0.9081620776243091,0.9081557506019552,0.908264431847176,0.9082553905213121,0.9082597024696234,0.90825819497868,0.9082576113337972,0.9083695733986815
209,0.8722746266696022,0.8725279954476273,0.8728147209513001,0.8713163822439849,0.8722051285257556,0.879139212396848,0.8785936422108745,0.8780473557669041,0.8776030662050261,0.8777198525510902,0.8770898467831783,0.8772689989676644,0.877151982517537,0.8770820714434134,0.8771403398176199,0.8785939070359989,0.877844671460099,0.8773760298123465,0.8774523593297663,0.878625287527559,0.8787083006135057,0.8786909605883314,0.8785121062489888,0.8783298127182113,0.8784008209754389,0.8783868127466516,0.8783922034485181,0.8783852480117895,0.8784494754669958,0.8784716772223572,0.8783296161224239,0.8782474887586581,0.8915612131962171,0.8915612072428895,0.8915612015213066,0.8915611984402378,0.8915611929958052,0.8915611883537382,0.891561184906791,0.891561177673422,0.8915611732955382,0.8915611688036997,0.8915611635682498,0.8915611587954316,0.8915611531309671,0.8915611504126698,0.8915611459876,0.8915611827537788,0.8915611818174431,0.8915611782956296,0.8915611724325744,0.8915611588573024,0.8915611523552771,0.8915611125267403,0.891561106870559,0.8915611031219881,0.8915610771450065,0.891561071998867,0.8915610734671311,0.8915610679114019,0.8915610643231302,0.8915610586358885,0.8915610534244468,0.8915610477643439,0.8915610468298082,0.8915610440335613,0.8915610387629471,0.8915610358585025,0.8915610304851511,0.891561024666769,0.8915610225790523,0.8915610241518087,0.8915610190943919,0.8915610141985049,0.8915610098310282,0.8915610172166362,0.8915610271101576
210,0.864049824270104,0.8641347575670173,0.8644706890441732,0.8632215645633491,0.8644342271191012,0.8697344778667857,0.8691335292379041,0.8685762212734196,0.8681042870490452,0.8682266554019573,0.8675570222734131,0.8677011434234383,0.8675839758188605,0.8675079325945974,0.8675272568074338,0.8685461788767681,0.8678227172132691,0.8674184453955883,0.8674956008270405,0.8684071237980957,0.8684849701668832,0.8684688643830166,0.8682539834764823,0.86810323944665,0.8681633951453152,0.8681544272914583,0.8681612584435807,0.8681568747315235,0.8682071128886819,0.8682323201767979,0.8681209597762662,0.8680593009049832,0.8781277488380401,0.8781162743223095,0.8780541385534,0.8780679726736489,0.8780529253822434,0.878011058005906,0.8779951763926118,0.8779958312442492,0.8780293251857819,0.8780403125723021,0.8780462517243887,0.8780415513530507,0.8780693051783922,0.8780893465087424,0.8780998423562105,0.8793262731068291,0.8793172172107008,0.8793276122174443,0.8792920358690482,0.8791081736448888,0.8790652826233879,0.8782332270710738,0.8782098528134837,0.8781309259330902,0.8780905843338953,0.878081045062026,0.8780540708281063,0.8780444746462538,0.878061458189183,0.8780538506513959,0.8780597097299758,0.8780593940960757,0.878079976675654,0.8780699720220988,0.8780715294281156,0.8780544156930054,0.8780509335037141,0.8780426945441377,0.878043257263269,0.8780640614902452,0.8780716576696287,0.8780682535357827,0.8780709093382101,0.8780702996784425,0.8782788369232472
211,0.8456963911658242,0.8456588784990036,0.8459896944322562,0.8452590124750268,0.8464234032297242,0.850154665956502,0.8496049536906344,0.8491505604523266,0.8487352709324987,0.8488538306006227,0.8482579209786199,0.8483778363295984,0.8482785231862403,0.8481484001592705,0.848134820151208,0.8487750078608873,0.8481935351894572,0.8478902060176489,0.8479580474405835,0.8486008049188956,0.8486609703072968,0.848649322007046,0.8484633169628201,0.848368261928413,0.8484086586378328,0.848400715154167,0.8484056181418935,0.8484028315115023,0.8484410009499969,0.8484578790297163,0.8483798655840037,0.8483356727780451,0.8540057859877663,0.8540004984599631,0.8539337004790266,0.8539471708620228,0.8539019855983832,0.8538859960061737,0.8539404031433451,0.8539343447443513,0.8539581109602618,0.8539645518963513,0.8539678957378728,0.853965314324763,0.8539881993070217,0.854011704168015,0.85401741324712,0.8562449395450411,0.8562366943723952,0.8562681708391046,0.8562197746691002,0.8559211124641282,0.8558687847417901,0.8553538294454315,0.8553147528738806,0.8551853262008544,0.8552310902913955,0.8552171568034856,0.8551900654728358,0.8551763293384353,0.8552006752006442,0.8551897625806075,0.8551982026767467,0.855192748865019,0.855224226664147,0.8552168784916453,0.8552195233774805,0.8551948067896661,0.8551898052965062,0.8551790941333439,0.8551810094035133,0.8551871637831305,0.8551983697520322,0.855193387363058,0.8551970062748009,0.8551962112620277,0.8553239534460352
212,0.8282715740070644,0.8277866906448117,0.8281851513807698,0.8281773916942609,0.8298571190714916,0.8302173898834349,0.8296806060704595,0.8292900816093404,0.8288888191408663,0.8288961122086325,0.828242142767405,0.8282726772056416,0.8281715416307224,0.8279625233265367,0.827786206119467,0.8279186325361249,0.8273654570202645,0.8271553464570122,0.8271727435549568,0.8273593358182022,0.8274192177088897,0.8274094644794351,0.8271807296091549,0.8271284730047019,0.8271516154290083,0.8271462346998223,0.8271500037050467,0.8271487961915934,0.8271809792753637,0.8271931670503595,0.8271522642616731,0.8271247204479402,0.8295332430862321,0.8295201364901876,0.8296998156392662,0.8297167661228977,0.8296320005150721,0.8296032674121142,0.8297710003449185,0.829760352578802,0.8298143868671161,0.8298226818507216,0.8298266656003986,0.8298234911200273,0.8298528786661569,0.829863426854804,0.8298694595828696,0.8347171405944197,0.8347148589173703,0.8347138022060746,0.8347025454457355,0.8349393027567866,0.834933209927844,0.8348359106882921,0.8348269631473858,0.8347942739334533,0.834806394345934,0.8348026792086435,0.8347945537282175,0.8347908784442342,0.8347973906405057,0.8347944986159481,0.8347967285206456,0.8347976221033168,0.8348053380472548,0.8347865178016872,0.8347878818987544,0.834781779428983,0.8347805226652791,0.8347777844805988,0.8347678904272327,0.8347700225561653,0.8347728585272511,0.8347716064130604,0.8347725155784599,0.8347722590264227,0.8348101057762224
213,0.7890748803261737,0.7888826847599135,0.7882924603714966,0.788503472137488,0.7897124652618251,0.7890555265872855,0.7888947545198136,0.788846215159027,0.7887749124443676,0.7876700577357926,0.7873562438543538,0.7876029091030678,0.7875139963241055,0.7873446303115172,0.7869215693086776,0.7868309044493309,0.78651618919804,0.7866490225991556,0.786245479877226,0.7862001522297541,0.786199319816063,0.7862003317343524,0.7861613847271566,0.7861638096815685,0.7861798810042745,0.7861835987725074,0.786186534279514,0.7861871352307883,0.786238634026385,0.7862418484034642,0.7862269126427773,0.786234913898905,0.7861904378522448,0.7861964816313936,0.7880994829646016,0.788103927596392,0.7880200199921437,0.7880426383437311,0.7883339065301939,0.7883126583307898,0.7882170037142916,0.7882138211551044,0.78820984602544,0.7882127023820267,0.7881934127687699,0.7882382658932884,0.7882343976818541,0.7897418828139794,0.789742715944789,0.7897497987058772,0.7898236293314129,0.7948727169144351,0.7949080206065336,0.7950246291118134,0.7950486146091597,0.7951199353621857,0.7951086503995458,0.7951162826313853,0.795119895533278,0.7951272219770383,0.7951144495622049,0.7951203249382213,0.7951159165772368,0.795111746846324,0.7951058925136337,0.7950841114806525,0.7950887745322076,0.7951028659196709,0.7951056539519463,0.7951113983556904,0.7950470028643452,0.7950498605051843,0.7950435063833055,0.7950464258517076,0.7950445326242804,0.7950449974951093,0.7950323489222758
214,0.7692093970077938,0.7692432812712555,0.7680543487000141,0.7681418009536237,0.7693836122178541,0.7689973867881852,0.7689410028089999,0.7689846456960845,0.7690182099555155,0.7670222648183874,0.7667840717193285,0.7671101708544295,0.7670180469892902,0.7668852689989272,0.7663579241668003,0.7662847846734072,0.766029998847916,0.7662733882065094,0.7656627571963897,0.7656189939466268,0.7656032846127111,0.7656074442595567,0.7656117510145498,0.765626687126869,0.765639056113304,0.7656493872536332,0.7656538036669356,0.7656554665989184,0.7657093027670925,0.7657150183337734,0.7657095651554009,0.7657368619346989,0.7656023511914343,0.7656149155622218,0.7693856170025349,0.7693881226888366,0.769308228074775,0.7693370137271416,0.7695811822899464,0.7695575372722638,0.7694735374350828,0.769466151027978,0.7694588183336544,0.7694641515327525,0.7694355898346731,0.7694727019794854,0.7694645742455187,0.7703491548030634,0.7703497445157783,0.7703553423612349,0.7704333156526189,0.7789887287158453,0.7789887275653773,0.7789887312777514,0.7789887291246523,0.7789887319775887,0.7789887274347848,0.7789887249603132,0.7789887214850669,0.7789887185080845,0.7789887144811901,0.778988711241831,0.7789887070819097,0.7789887059336945,0.7789887034105537,0.7789886957700134,0.7789886931172764,0.7789886927284083,0.7789886893105719,0.7789886860553357,0.7789887099525241,0.7789887082060666,0.7789887045178252,0.7789887015651716,0.7789886985888087,0.7789887033705506,0.7789886995319163
215,0.7456232815724628,0.7464525712952785,0.7438391054534035,0.7434096423699552,0.7439680689137791,0.7445445479210595,0.7448672449340621,0.7451553389084377,0.745481512820233,0.7414660297146717,0.741631818495894,0.7420013936110328,0.7419745751661163,0.7420761440533256,0.7416347531912391,0.7416060930352851,0.741514071350383,0.7419320112567274,0.7410450647630855,0.7410118998921695,0.7409676666469038,0.740976808951338,0.7410287552054169,0.7410693353785028,0.7410720002976006,0.741097101193095,0.7411037365786738,0.7411084130714456,0.7411001747710704,0.7411106953862221,0.7411353871125055,0.7412040437749254,0.7410622888779939,0.7410874119853333,0.7477037461125263,0.7477038146444407,0.7476751104421759,0.7476762623105327,0.7477788742048084,0.7477696068630686,0.7477510964940137,0.7477482347158296,0.7477447075391884,0.7477472005202442,0.7477349242222718,0.7477662590756172,0.7477634474253201,0.7480220377052611,0.7480203677435296,0.748023125391101,0.7480552638437795,0.751458763397734,0.7514956302190413,0.7515005839982525,0.7515255645992202,0.7515859566070472,0.7515681706381998,0.7515779450128625,0.7515826751643176,0.7515915888009954,0.7515763264016639,0.7515834188719908,0.7515784168184338,0.7515718166306022,0.7515567418843377,0.7514931049042202,0.7515081274644798,0.7515257050009645,0.7515292993251375,0.7515369496204123,0.7517198299922744,0.7517220743866384,0.7517186436563679,0.751720378653722,0.7517194824182364,0.7517186500493316,0.7517163663830148
216,0.7219833694723669,0.7228499882669122,0.7202005198631221,0.7197394295090453,0.7200611813841444,0.7206138109866853,0.7210038654000099,0.7213100645026904,0.7216654553170235,0.71646402840223,0.7166808122031093,0.7169138740079897,0.7169042722638171,0.7170574880890268,0.7166755423032594,0.7166855827700293,0.7167119535857821,0.7171103428085823,0.7165446906080052,0.716516853131031,0.7164457512498343,0.7164602037372367,0.716545941847357,0.7166139613725575,0.7166096242491667,0.7166512220347282,0.7166610567777912,0.7166685150768541,0.7165997303420035,0.7166179863205023,0.7166741543354841,0.7167915452991703,0.7166684630381648,0.7167098174263741,0.7298209149452052,0.7298209110331898,0.7298209037751292,0.7298209038803295,0.7298208900157721,0.7298208835507658,0.7298208764826699,0.7298208703009782,0.7298208641641769,0.7298208600232248,0.7298208532240021,0.7298208477264551,0.7298208411246805,0.7298208382848181,0.7298208374209422,0.7298208318350896,0.7298208319452891,0.7298208936975116,0.7298208950493902,0.7298208942290885,0.7298208935931014,0.7298208872725835,0.7298208807901994,0.7298208789419508,0.7298208755648249,0.7298208730140346,0.7298208674720772,0.7298208645100481,0.7298208596279098,0.7298208578033597,0.7298208532791474,0.7298208417905742,0.7298208376479082,0.7298208386028184,0.7298208351119633,0.7298208322073533,0.7298209742393392,0.7298209737199793,0.7298209702514753,0.7298209687822743,0.7298209665092615,0.7298209695549276,0.7298209667191997
217,0.7070043872319589,0.7077845166133995,0.7049298110146044,0.7044934164615109,0.7044652383788788,0.7049829092933746,0.7053564743761019,0.7056052487892364,0.705911257785417,0.6994217750185636,0.6997138441077663,0.6998562259481019,0.6998720255458198,0.7000771199171453,0.6998104461739713,0.6998385498374732,0.6998512046405237,0.7002322601132436,0.6998779193867116,0.6998530218320996,0.6997667842650326,0.6997822236725975,0.6998766884580567,0.6999553961780485,0.6999477421642831,0.699995251897516,0.7000045523637823,0.7000136007817372,0.6999436222755359,0.6999609989711467,0.7000408766768341,0.7001805477258873,0.700075803034593,0.7001229304451403,0.708371057797872,0.7083708035537907,0.7083326904104863,0.7084052684188633,0.7081847839584388,0.7081674474979474,0.7081431910096558,0.7081329665588793,0.7081353079375375,0.708144982491082,0.7081131207432773,0.7080836232174499,0.7080701317604148,0.7080154587100315,0.7080061567928104,0.7080080607680528,0.7080666556980373,0.7079702608546422,0.7080378063545488,0.7080388118403212,0.7080835536827728,0.7078547575110856,0.7078176414723157,0.7078395560848104,0.7078500098522238,0.707868176761645,0.7078377180851502,0.7078523426299183,0.7078429494694093,0.7078297572982323,0.707796575549564,0.7077011883485581,0.7076983844145014,0.7077327299562671,0.7077399571453394,0.7077561692564907,0.7092040664078358,0.7092186786570348,0.7091946079831013,0.7092061923968452,0.7091993361771244,0.7091976728712133,0.7091842919773885
218,0.7002243697624259,0.7002850184272091,0.6969824825675824,0.6969554203098203,0.6967803217965505,0.6965708554109065,0.6966450139092552,0.6966293377149266,0.6966626643314993,0.6881674462216903,0.6883699711819624,0.6884404066645954,0.688453734946263,0.6886021581432952,0.6884538761846759,0.6884703614788856,0.6883813786899601,0.6886548613700977,0.6884493093791867,0.6884276557805211,0.6883570128495977,0.6883666492351055,0.6884361202851196,0.6884942685359469,0.6884863051551106,0.6885213328142952,0.6885259584290977,0.6885331794082473,0.6884978343473106,0.688506909941754,0.688576063456234,0.6886872009625766,0.6886122350396024,0.6886479135775025,0.6936777391638881,0.6936793875456061,0.6936233403659302,0.693718185011999,0.6937004734034418,0.6936786614571451,0.6936497722925681,0.6936366957624044,0.6936481454773403,0.6936607711490237,0.6936180774753293,0.6935790694821476,0.6935607874179116,0.6935025308540345,0.6934931581864884,0.693495519908246,0.693574080435335,0.6934942374580929,0.6935841987252418,0.6935849937510209,0.6936445029648893,0.6933794004630388,0.6933299031089399,0.6933583679613796,0.6933720423525497,0.6933962892856702,0.6933552635254595,0.6933747404126036,0.6933617871478919,0.6933441250530548,0.693300819691077,0.6932011083850244,0.6931981311790713,0.6932443360760412,0.693253981072953,0.6932752001461693,0.6942906153058734,0.6943081510378266,0.6942791850393633,0.6942930853599424,0.6942848076642756,0.6942831020015953,0.6942670326652373
219,0.6944669823860264,0.6929343020929158,0.6895448808831607,0.6906521831155439,0.6906384927195814,0.6888114613362825,0.6881948468375472,0.6875665468553832,0.6869421694486627,0.6776344189322998,0.6774165609869466,0.6773683690301477,0.6773109370792865,0.6771525911400701,0.6771614950838417,0.6770956803143923,0.6770884308174074,0.6769370911186439,0.6769041820874083,0.676888579061454,0.6769159148551155,0.6768984797890449,0.6768507956130723,0.6767969586589931,0.6767948338907855,0.6767628725395786,0.6767489968064051,0.6767434736086202,0.6767942547607525,0.6767755989320826,0.676740915295638,0.6766766726193325,0.6766773977162465,0.6766505663946881,0.6781383400539226,0.6781437681038615,0.6781452310372788,0.678085479860641,0.6782293739166702,0.6782426945940508,0.6782869498908537,0.6782935550623176,0.6783507521096456,0.6783507517841488,0.6783507524450757,0.6783507533596764,0.6783507536100235,0.6783507535359519,0.6783507540514206,0.6783507538692235,0.6783507522907023,0.6783507477989819,0.678350745828921,0.6783507458932843,0.6783507445106751,0.6783507701087671,0.6783507718692913,0.6783507710425197,0.6783507708202493,0.6783507703100937,0.6783507717316299,0.6783507713608123,0.6783507719385332,0.6783507725401021,0.6783507742607883,0.6783507752965324,0.6783507760260097,0.6783507745769277,0.678350774502918,0.6783507738951783,0.6783507912922916,0.6783507912628117,0.6783507920696177,0.6783507922797285,0.6783507927366959,0.678350792401895,0.678350793135928
220,0.960705914944239,0.9609754307941046,0.9612653298398011,0.9690687239975976,0.9687151557192862,0.9685020349554176,0.9665830189528972,0.970948343098858,0.9709483377103627,0.9709483361233501,0.9709483304598012,0.9709483289239909,0.9709483259963876,0.9709482917778623,0.9709482882332199,0.970948293629352,0.9709482939953473,0.9709482930813266,0.9709482903381491,0.970948286097498,0.9709482828222424,0.9709482850356356,0.9709482831432572,0.9709483122299333,0.9709483109431589,0.9709482871395235,0.9709482829436182,0.9709482826649796,0.9709482802305909,0.9709482795579683,0.9709482842773508,0.9709482828238639,0.9709482800464566,0.9709482781059153,0.9709482775063045,0.9709482779410643,0.9709482761301949,0.9709482745669082,0.970948273883155,0.9709482717656222,0.9709482698854808,0.9709482566586507,0.9709482544247694,0.9709482532120899,0.9709482465509851,0.9709482446048037,0.9709482423986278,0.9709482400418834,0.9709482397110897,0.9709482375574108,0.9709482372410426,0.9709482362792575,0.9709482352026596,0.9709482368887634,0.970948235478725,0.9709482365447301,0.9709482304674035,0.9709482293384217,0.9709482266892211,0.9709482250248342,0.9709482233450597,0.9709482214961815,0.9709482187922405,0.9709482176668086,0.9709482166733067,0.9709482157372923,0.9709482137733635,0.9709482123270066,0.9709482103990137,0.9709482077113099,0.9709482069252782,0.9709480380876988,0.9709480341003663,0.9709480295549292,0.97094803427374,0.9709480404207848,0.9709480367514729
221,0.9527721637834067,0.953177901756499,0.9534309879036535,0.958284148568159,0.9577885755856494,0.9589412181868633,0.9574841889066775,0.9604408493787215,0.9604289689512262,0.9604855360938638,0.9604201989931912,0.9603993465558064,0.9603754729648184,0.9602928913600404,0.96027126267348,0.9612289345721341,0.9613534637678726,0.9614169479951076,0.9614141246372898,0.9612919803612028,0.9612607877313046,0.9613042786373814,0.9613427727161,0.9644630629180073,0.9644662147135904,0.964478730686418,0.964437598621248,0.9644469215580883,0.9644539152809515,0.9644614403790692,0.9644687436101732,0.96445320145627,0.9644412193557175,0.9644364781152736,0.96443075591517,0.9644496277550977,0.9644567412120313,0.9644370376716905,0.9644127243714663,0.964409650798477,0.9644171742351418,0.9644868737508703,0.9644889064607765,0.9644912186612057,0.9644229044761855,0.9644280224280846,0.9644570323951891,0.9644466814377488,0.9644437675568754,0.9644439059697136,0.9644391995127036,0.9644354129169467,0.9644251502699415,0.9644946766486353,0.9644882690047751,0.9644650271913244,0.9642369111402784,0.9642355113816988,0.9642104798987526,0.9642057351760585,0.9642156949320959,0.9642119174357416,0.9642122555446799,0.9642046618120588,0.9642142284945889,0.9642277441042382,0.9642285682741947,0.9642124181769112,0.9642101183658349,0.9641980073255007,0.9642004822222332,0.9615217913366187,0.9615142614273695,0.961514069978577,0.9614420766029209,0.9614474702422662,0.9614417219252869
222,0.952646611030204,0.9530553952370793,0.9533217437011668,0.9577397274872564,0.957239259308265,0.958705911437745,0.9572695399359644,0.9601584213372523,0.9601594132641381,0.9602296759524452,0.9601592496301756,0.9601348056580977,0.9601152845165541,0.9601709572059904,0.9601485858811878,0.9613059799045668,0.9614430939508898,0.9615100369646895,0.9615070994902174,0.9613713722354156,0.961336069690621,0.9613864643327241,0.9614284596395805,0.9649475894705645,0.9649523119531611,0.9649538252575789,0.9649224953074019,0.9649330190862239,0.9649366477212521,0.9649437241650117,0.9649747724642193,0.9649637265975107,0.9649445172153599,0.964940101723024,0.9649380128413967,0.964953663495143,0.9649579826608969,0.9649396461747567,0.9649238729908521,0.9649171817193078,0.9649223303936453,0.9649945083009276,0.964996032812217,0.9650004093788683,0.9649418060862354,0.9649456118424634,0.9649672956288242,0.9649573766661822,0.9649542535503719,0.9649544949396683,0.964952795701367,0.9649504458365776,0.9649427714370339,0.9650020240289297,0.9649970997289032,0.9649793213597161,0.9647910040418463,0.9647932826211302,0.9647690763144396,0.964765573065678,0.9647737027814772,0.9647709728777186,0.9647705910233275,0.9647606463462429,0.9647688190769629,0.9647793718290874,0.964780088027,0.9647632730992042,0.9647613050163207,0.964751479451041,0.9647535162864849,0.9626031259340033,0.9625958021912449,0.9625947483671525,0.9625234801524104,0.9625303639590199,0.9625248205804112
223,0.9452700562721267,0.9456388225755515,0.9457945078639849,0.9493314838347459,0.9488272682108057,0.9497273650409832,0.9487684166333641,0.9507384316696943,0.9507199709648921,0.9507576992384145,0.9507272168440776,0.9507064856821095,0.9506676575864785,0.950257400759133,0.9502389977229506,0.9510350030232794,0.9511311180166422,0.9511805288108452,0.951177852023941,0.9510488180211327,0.9510290829693366,0.9510584329598348,0.9510911602145455,0.9544731885230322,0.9544705821523735,0.9545023047747591,0.9544352403392582,0.9544302766879502,0.9544692184937822,0.9544753686678831,0.9543386590923658,0.9542822066336835,0.9543538314006386,0.9543439947185391,0.9543107516694991,0.9543365196873785,0.954362640137014,0.9543264466716932,0.9542433693730995,0.9542577093005197,0.9542817680468781,0.9543305993957334,0.9543366925258885,0.9543263610057435,0.9542449790636989,0.9542616758405896,0.9543068978728219,0.9542962038644959,0.9542939591052509,0.9542932344429736,0.9542599778914644,0.9542432237751841,0.9542090381216314,0.9543382627416807,0.9543166197111588,0.9542446947167486,0.9536786838142282,0.953657119703233,0.953616323965895,0.9536042196093292,0.9536248026774328,0.9536148818096171,0.9536212399332845,0.9536251990800982,0.9536433793328247,0.9536755555136367,0.9536769462959116,0.9536623076433907,0.9536578405598087,0.9536375086391101,0.9536427812386963,0.9506885251653795,0.9506934437479664,0.9506926317338058,0.9506653441990917,0.950659900018875,0.950657999860335
224,0.9485763398134727,0.9489626749792843,0.949209910502897,0.9521721906213403,0.951664506376193,0.9538224778847763,0.9526999773331268,0.9549558797349346,0.9549881172315465,0.9550783418098532,0.9550388786624507,0.9550064795155845,0.9549918882818099,0.955144157206112,0.9551184236933006,0.9567662760458076,0.9569327889950967,0.9570201910975323,0.9570161106500906,0.9568464605503759,0.9568038523721155,0.956856133565637,0.9569050000290535,0.9618292090795585,0.9618292820135762,0.9618368236124681,0.9618180672362109,0.9618180776856852,0.9618336399371399,0.961836087033009,0.9617963245768285,0.9617726406352207,0.9617801325505666,0.9617740687171284,0.9617585300530695,0.9617664813108739,0.9617793989541592,0.9617568641167382,0.9617155647936867,0.9617218835010932,0.9617340052457575,0.961763279462179,0.9617664433849608,0.9617635307591607,0.9617399828931881,0.9617483106238398,0.9617734937167125,0.9617727330937076,0.9617709221502752,0.9617707629265961,0.961755333358159,0.9617471264351912,0.9617292411549039,0.9617674448406388,0.9617556538814841,0.9617159358840852,0.9615745645678907,0.9615674175735494,0.961550085720706,0.9615447102503966,0.9615543014165158,0.9615499746639024,0.9615524444816973,0.9615524752513027,0.9615612004984281,0.961575592696588,0.9615762292276473,0.9615661906460953,0.9615640376063467,0.961556114572739,0.9615585850081213,0.9605690174501891,0.9605696605486618,0.9605688201381248,0.9605477632466283,0.9605472529335854,0.9605462988627423
225,0.9384557719624654,0.9386602418323072,0.9387970437772762,0.9398550761845236,0.9395064769300935,0.941309651053681,0.9408444329540551,0.941847796913868,0.9418861021490316,0.9419444594589402,0.9419559359205408,0.9419310460463511,0.9419214462862067,0.9419837648116833,0.9419690212558947,0.9434350290744222,0.9435294769406236,0.9435773844633221,0.9435744621403405,0.9434419843146254,0.9434212101564218,0.9434457460655821,0.9434729563117717,0.9460299217939427,0.9460378024742532,0.9460554712103713,0.9460388973562892,0.946037915866036,0.9460447872209894,0.9460476450030496,0.9460281601065395,0.946015206934218,0.9459270983983863,0.9459264952889958,0.9459209150959339,0.9459299791667001,0.9459342163122098,0.9459294522532669,0.9459111214974691,0.9458948601229362,0.9459003779136017,0.9459182640980943,0.9459196525507698,0.9459167130923335,0.9458851639851897,0.9458887535176302,0.9456415052399645,0.9456400954856926,0.9456390243514143,0.9456387148076993,0.9456161424457731,0.9456052934839415,0.9455839629486589,0.9456407394982725,0.9456261118980357,0.9455796560664748,0.9453319720747435,0.9453184530903815,0.9452758915652268,0.9452712041990265,0.9452786372393126,0.9452747076577914,0.9452776634564873,0.9452697918707506,0.9452757815446832,0.9452884754178699,0.9452889409311162,0.9452871229560801,0.945285517239008,0.9452786886455437,0.9452806392542742,0.9446842280675022,0.9446866475792062,0.9446873272907396,0.9446880918013993,0.94468166073914,0.9446799731234632
226,0.9258811104081935,0.9259521367066318,0.9260175306694947,0.9255918334799861,0.9255611665335788,0.9282379933767066,0.9282130385529805,0.9282169636255534,0.9282137224823906,0.9282473063999799,0.9282269401338614,0.9282448521845424,0.9282408056980027,0.9283241380868763,0.9283321541084992,0.9299670778004266,0.9298821760885848,0.929811834373343,0.9298185809490604,0.9299710014267305,0.9299808877334917,0.9299801426358019,0.9299705778462453,0.9300603613021511,0.9300708260826678,0.9300696769287209,0.9300729109751931,0.9300724057438631,0.9300791843534028,0.9300803297450198,0.9300395449721762,0.9300310728516747,0.9303705504866144,0.9303652914209251,0.9303519952702674,0.930352031097776,0.9303629033866676,0.9303438638357957,0.930312385403414,0.9303221445475841,0.9303326906083228,0.9303359291877376,0.9303381191471068,0.9303364265590643,0.9303377294375954,0.9303425843775761,0.9302062321321031,0.930198238641032,0.9301961973978526,0.930193935050436,0.9301692210069925,0.9301567003241766,0.930131125490724,0.9301450280162176,0.9301287618556573,0.9300764100849386,0.9300749139368689,0.930059310421734,0.9303201718261117,0.9303203880466075,0.9303198829102359,0.9303199964929484,0.9303200338422174,0.9302861634559055,0.9302869056997133,0.9302851930368982,0.9302851310278113,0.9302883983627604,0.9302887222259462,0.9302893705793164,0.9302889918985057,0.9303393296006691,0.9303387702657872,0.930339513606299,0.9303415123569903,0.9303386853564312,0.9303385618296927
227,0.9284847852454969,0.9284847836907748,0.9284847831193642,0.9284847804077957,0.9284847755654819,0.9284848364571351,0.9284848344018555,0.9284848415655731,0.9284848436649967,0.9284848466458284,0.9284848471689018,0.9284848499767178,0.9284848516526951,0.9284848546226426,0.928484857389971,0.9284849242545924,0.9284849218115502,0.928484920696156,0.9284849257171139,0.9284849370827885,0.928484942593266,0.9284849467385615,0.9284849511266552,0.928484986866593,0.9284849932713022,0.9284849994076375,0.9284850048746632,0.9284850088941827,0.9284850155417903,0.9284850198842481,0.9284850081244093,0.9284850106876529,0.9284850549857421,0.9284850609828222,0.9284850629968169,0.928485067783477,0.9284850737176231,0.9284850764562504,0.9284850773036298,0.9284850822705549,0.9284850887792515,0.9284850955124921,0.9284851015527029,0.928485106221616,0.9284851080626578,0.9284851126270156,0.9284851054101828,0.9284851075560139,0.9284851079504733,0.9284851131509555,0.9284851156813012,0.9284851181842646,0.9284851208676544,0.9284851274613197,0.9284851314598065,0.9284851295903369,0.9284850993728052,0.9284851014555925,0.9284851280172612,0.9284851326647378,0.9284851362801539,0.928485141085566,0.9284851458834307,0.9284851414507715,0.928485143597907,0.9284851447620055,0.9284851493506309,0.9284851521585668,0.9284851567583815,0.928485161365154,0.9284851630446842,0.9284851431134157,0.928485147417469,0.9284851514619179,0.9284851552827612,0.9284851486584541,0.9284851527311195
228,0.9115592070253299,0.9117952854249209,0.911923445799917,0.9107279109932149,0.9108143565361573,0.9166561585558397,0.9164778669106737,0.9161988784358484,0.9160067497566088,0.9160421831723159,0.9157406816202281,0.9158346845104998,0.9157712894759723,0.9157200780057434,0.9157872600145955,0.9179031990172963,0.9173524180112054,0.9169208586759386,0.9169595180549203,0.9176917181150022,0.9177815939877529,0.9177637086428129,0.9176723494962594,0.9174429432740477,0.9174826180372254,0.9174605420545231,0.917456305767473,0.917445271462487,0.9175275036970983,0.9175353978653117,0.9173121503473025,0.9172040908223716,0.9202456045577461,0.9202167941436867,0.9201404520735373,0.9201505038799733,0.9202068674030094,0.9201058133115622,0.919934855874698,0.9199479885130311,0.9200054466462735,0.9200363183746144,0.9200492942790431,0.9200368153832504,0.9200023217934148,0.9200338353604262,0.920052070884743,0.9199955904060938,0.9199879961629379,0.9199799730311325,0.9199049136213044,0.9198621963468198,0.9197836498857658,0.9198438515784262,0.9198006225285871,0.9196603814624075,0.9189678006526837,0.9189363438272488,0.9195529084640088,0.919545861830882,0.9195582503863572,0.919552637981749,0.9195570191980149,0.9194427731191013,0.919459518753549,0.9194738347081207,0.9194746159910006,0.9194648337243502,0.9194625733459952,0.9194564745058504,0.9194588678035414,0.9194692850406563,0.9194761119710428,0.9194734141854565,0.9194761336166593,0.9194732615853566,0.9194892220335883
229,0.8906456178990929,0.8911132373561489,0.891326810436393,0.8895502940754508,0.8898695421163062,0.8998106669032349,0.8994124650463494,0.8989400662254073,0.8985772680813734,0.8986612209900805,0.8981178493697216,0.898322610466502,0.8982154528809005,0.898121626111942,0.8982265348729401,0.9010066195541022,0.9001943315457516,0.8995856659067697,0.8996532207599521,0.9011389624935541,0.9012438209796815,0.9012230545791243,0.9010916159365271,0.9008358904191878,0.9009091975580865,0.9008817975345701,0.9008826480306795,0.9008704618430996,0.900966017016411,0.9009790456259329,0.9007443302249202,0.9006193635101915,0.9071963725048673,0.9071583631251947,0.9070535197378082,0.907059021938667,0.9071356469913067,0.9069995538839678,0.906769067214265,0.9067463888952986,0.9068195888226607,0.9068513338644161,0.9068690982966099,0.9068534958541405,0.9068449610518557,0.9068922722240271,0.9069207285597978,0.9068098015422791,0.9067995632957601,0.9067961650471367,0.9066951088327554,0.9066289049010032,0.906520429634709,0.9066051495227995,0.9065423736053334,0.906336856561417,0.9058743078422022,0.905836934001154,0.9064227994317412,0.906406128178757,0.9064354898338975,0.9064222944523819,0.9064324768216,0.9063045976739525,0.9063496790408224,0.9063893024770011,0.9063914229354597,0.9063621876316278,0.9063561304067088,0.906342825318228,0.906349656746259,0.9063960645746756,0.9064102904851241,0.9064040888845786,0.9064089833223515,0.9064059613571006,0.9064239051563582
230,0.866234735497003,0.8667752619678483,0.8669788813870916,0.8654184329653162,0.8657806225549608,0.876448714991388,0.875960879077437,0.8754818941914476,0.875078443983092,0.8751958175509429,0.8746137775948504,0.8749490300690785,0.8748366752713815,0.8746731290014396,0.8747870543868141,0.8769545756449605,0.876223593737127,0.8756976779261466,0.8757682969553973,0.8775905869425473,0.8776566842327671,0.877643391336471,0.8775321644893299,0.8773829829916102,0.8774485332847286,0.877428643234131,0.8774314961815529,0.8774240028131628,0.8774913664731667,0.8775032021568382,0.8773628235988377,0.8772755393277756,0.8844212861344737,0.884413480939471,0.8843348931581337,0.8843341441161384,0.8843513507098206,0.8843206594175537,0.8842583449433378,0.8842261196082161,0.884207949112377,0.8842157722477599,0.8842216355583232,0.8842167667445466,0.8842205084730385,0.8842764921875695,0.8842865122185753,0.8842878216445869,0.8842833496856689,0.8843454319092584,0.8843004290054313,0.8841713419483928,0.884124275214218,0.88427288982133,0.8842405156129625,0.8841298360416631,0.8841279786796492,0.884112098100356,0.8842504052289009,0.8842405203246217,0.8842579778996961,0.8842501729524214,0.8842562008792173,0.8841454087458002,0.8841737093110484,0.884192232917609,0.8841944310444303,0.8841785147466499,0.884175224252052,0.8841685282217022,0.884172500489295,0.8841812110969206,0.8841886354404731,0.8841853869049378,0.8841877195072142,0.8841896745524078,0.8841803682511766
231,0.8505342799697224,0.8510456292273219,0.851124602912361,0.8499674633107126,0.8501160408966332,0.8589225543832893,0.8585805584072368,0.8582488329931315,0.8579648608839083,0.858063014629811,0.8576525540864536,0.8580591934435214,0.857974413905335,0.8578227332770494,0.8579251129501141,0.859379967788033,0.8588509207326028,0.8584738235583382,0.8585167291591996,0.8599722382369789,0.8600057466521916,0.8599977091294517,0.8599248289821322,0.859835752781261,0.8598558528253688,0.8598437651031879,0.8598462618081353,0.8598419054849219,0.8598882926120943,0.85989676365726,0.8597679414901089,0.859716472342732,0.8643590053573366,0.8643762435331122,0.8643010142640541,0.8643030515870351,0.8642669187358873,0.8643274522994385,0.8644201449060532,0.8644642812583756,0.8643317716525973,0.8643264625600072,0.864322700671596,0.8643256059331841,0.8643078010285905,0.8643928572708868,0.8643899816759589,0.8645195808279094,0.864518639766857,0.8646714661370395,0.8646702255406489,0.8644721980852811,0.864478000537754,0.8645510118547319,0.8645538849859944,0.8645587054156574,0.864599908459194,0.8645990590474315,0.8646175028393774,0.8646189706378493,0.8646165182395124,0.8646176981795531,0.8646168428972029,0.8645221811997859,0.8645245316353839,0.8645069006079553,0.8645086509079373,0.8645155667945664,0.8645168865261808,0.8645195261556174,0.864517505920674,0.8645236247405347,0.864520660263947,0.8645220690476317,0.8645211923319074,0.8645266887600744,0.8645270718264818
232,0.8327862404831622,0.8330167329766888,0.8330264994357981,0.8325248668499184,0.8326182546286894,0.8362379144650554,0.8360843435595602,0.8359384384177497,0.8358131416439125,0.8358630761793167,0.8356833356714513,0.8359144462520884,0.8358750352548912,0.8358076266416264,0.8358550561500012,0.8363668749504837,0.8361196195471104,0.8359597298093466,0.8359684721505575,0.8365375822899473,0.8365504620729947,0.8365465340675342,0.8365039413818953,0.8364619587576696,0.8364746815289158,0.8364698064390863,0.8364715043488997,0.8364697556878558,0.8364930594585667,0.8364981720816358,0.8364290492446377,0.8364072519557655,0.8387075650744851,0.8387226185172338,0.8386429764121967,0.8386461265511831,0.8386100541795956,0.8386633864132347,0.8387571856533691,0.838776787393082,0.8386442535758215,0.8386390511246884,0.8386350664728451,0.8386381911929999,0.8386238140196994,0.8386857515926466,0.8386815022826207,0.8390025258697286,0.8390018991043162,0.8391205766147425,0.8391216284965924,0.8389213400439607,0.8389276096891213,0.8389118372199419,0.8389145605562711,0.8389228837020638,0.8389512182702251,0.838952637206143,0.838945090522603,0.8389465026752971,0.8389441591946537,0.8389452584738675,0.8389444605182652,0.8389176619714008,0.8389362303786131,0.8389179768371681,0.8389201902987866,0.838924436018784,0.8389252697886813,0.8389268928587057,0.8389223264562915,0.8389256829676814,0.8389237999015452,0.8389246982372204,0.8389241655729838,0.8389242898056233,0.838940920028963
233,0.8202262674273647,0.8202262660718335,0.8202262609882583,0.8202262585281772,0.8202262673437275,0.8202262998512985,0.820226296567868,0.8202262947926807,0.820226292642138,0.8202262869211339,0.8202262810017454,0.8202262872571866,0.820226285868468,0.8202262829300113,0.8202262798484722,0.8202262856952826,0.8202262764277279,0.8202262744289847,0.8202262698878323,0.8202262784494335,0.820226278651104,0.8202262784015434,0.8202262757827935,0.8202262744800363,0.8202262750785411,0.8202262747416502,0.8202262745782252,0.8202262743624004,0.8202262756378984,0.8202262757205407,0.8202262737788747,0.8202262730646934,0.8202263368195766,0.820226338524251,0.8202263530090625,0.8202263544302071,0.8202263532542431,0.8202263553819066,0.8202263635753188,0.8202263651534031,0.8202263589067996,0.8202263604081119,0.8202263619411437,0.8202263632801056,0.820226364238388,0.8202263696838845,0.8202263713161015,0.8202264626028702,0.8202264628094237,0.8202264708970458,0.8202264736724886,0.8202265352358703,0.820226537550825,0.8202265429836559,0.820226546063861,0.8202265436891987,0.8202265496309514,0.8202265525892405,0.8202265559566068,0.8202265594259188,0.8202265633766624,0.8202265670870066,0.820226571450962,0.8202265719823523,0.8202265763573897,0.8202265771990913,0.8202265816603631,0.8202265826389487,0.8202265863969864,0.8202265901183238,0.8202265884883102,0.8202265905490373,0.8202265948911293,0.8202265982958097,0.8202266017749883,0.8202265961540189,0.8202266009879147
234,0.780233934307729,0.7811922048817607,0.7787599719674244,0.7781971720976549,0.7784676553339852,0.7802186349669453,0.7805128052423251,0.7807709058775114,0.7810643066173252,0.7787801725236944,0.7790620872463984,0.7797141848312844,0.7797053120755443,0.7798016338379428,0.7795339005680829,0.779495087430974,0.7793980569552166,0.7797432506381876,0.7788819984758799,0.7788931702425866,0.7788613640145119,0.7788657478880064,0.7788916845236804,0.7789080502610002,0.7789398732502472,0.7789496855166269,0.778952610155412,0.7789549572097764,0.7789975237863984,0.7790001074986728,0.7789774428544791,0.7790043399488384,0.7787863434644353,0.7787972045724676,0.7798475304791732,0.7798470813255078,0.7798365012243647,0.7798186259803905,0.7798923544608988,0.7798894106430604,0.7794399181203014,0.779444872606047,0.7794482308278884,0.7794455226191237,0.7794510637066643,0.7795872097129096,0.7795943660239292,0.77981948259538,0.779814612339144,0.7798615735185407,0.7798465398877046,0.7825243261813101,0.7824224551835478,0.7824724819069808,0.782408906370674,0.7822078066923857,0.7822511131663226,0.7822304487618884,0.7822195510065287,0.7821993372690421,0.7822351950030494,0.7822190679028558,0.7822316337868194,0.7822487274043165,0.7823093701165771,0.7823582492055943,0.7823486298854144,0.7823046740584657,0.7822958948839196,0.7822785105208053,0.7821877550586377,0.7821767581793331,0.7821959071225607,0.7821874079745428,0.7821933402965681,0.7821918628870134,0.7821960654076399
235,0.7705357983562925,0.7713410323348138,0.7690193895231827,0.7685774937971002,0.7690732630406101,0.7700949413586861,0.7703470302259561,0.7705876176705433,0.7708581836152256,0.7681970226128415,0.7683791893179351,0.7688994693470496,0.7688747731951865,0.7689463785727157,0.7685881500387726,0.7685321719692791,0.7683940579606353,0.7687639096650513,0.7678425601897811,0.7678199038311294,0.7677935531912928,0.7677981338951444,0.767820368341523,0.7678377551104414,0.7678577373849116,0.7678681830920872,0.767871639092591,0.7678737857108225,0.7679308136889269,0.7679347051192786,0.7679267735053831,0.7679553661144084,0.7677538588940618,0.7677650655045442,0.7700312266280506,0.7700311094514356,0.7700110225501872,0.7699882452996731,0.7700952183538302,0.7700905667343411,0.7698808282346841,0.769884185596894,0.769885878785662,0.7698842939058058,0.7698849900223483,0.769980934549969,0.7699857756581555,0.7703934291144126,0.770389527819875,0.7704111283392251,0.7704168821184421,0.7746317151981593,0.7745585855827608,0.77459545842726,0.7745499633613077,0.7744052207280462,0.7744362033029887,0.7744211939670703,0.7744134542601193,0.7743988636502672,0.7744247277018751,0.774413097075973,0.7744221442438581,0.7744341231710499,0.7744709403171183,0.7745023147556075,0.7745163381998057,0.7744859622607081,0.7744799012645612,0.7744679183319894,0.7743618072441053,0.7743540051121457,0.7743676183425026,0.7743615833754997,0.774365798205999,0.7743645459784672,0.7743676451242579
236,0.7467182155640137,0.7478397886711632,0.7445239193428679,0.743913169158316,0.7442031797673965,0.7451916139394014,0.7456333264822465,0.7459897032068927,0.7463985099005351,0.7417724043246864,0.7421030877124406,0.7425258295146224,0.7425284026921168,0.7427174819215488,0.7423323879463717,0.7423089542105885,0.7422383301339652,0.7427168997453352,0.7416375682626802,0.7416100890906017,0.7415672626223085,0.7415754924112611,0.7416224653846671,0.7416599486902513,0.7416619844759718,0.7416849051760359,0.741690481490926,0.7416950583833428,0.7416695645789297,0.7416779033566001,0.7417024670652107,0.7417645697764499,0.7416406591164146,0.7416627067774587,0.746751061791216,0.7467507803330192,0.7467374693368934,0.7467260161428045,0.7468275535247721,0.7468248848347393,0.7468168765552344,0.7468175288288319,0.7468170379196639,0.7468174390237337,0.7468145347269142,0.7468557966715724,0.7468571056172912,0.7470435553987613,0.7470405355430314,0.7470439395878905,0.7470557848600153,0.7496849335121314,0.7497145752821875,0.7497198796981575,0.7497405356421148,0.7497893766836548,0.7497739141534824,0.7497826876810496,0.7497868804711454,0.7497946883017909,0.7497814816338744,0.749787676447493,0.7497834702288672,0.7497778385263529,0.7497650292871603,0.7497246639510033,0.749742297642873,0.7497573836305828,0.749760506145409,0.7497673274780668,0.7497195984007681,0.7497224898434353,0.7497180508693199,0.7497203049275456,0.7497191530722933,0.7497179624743574,0.74971494740384
237,0.7314205848958949,0.732607932642997,0.7275698190319635,0.7269220065283264,0.7267650036698141,0.7277121486993481,0.7282250112433193,0.7285704008130643,0.7289908256968041,0.7208614676132007,0.7213703800680846,0.7216854279895382,0.7217346376686866,0.7220496394586111,0.721774242835579,0.7217887253064122,0.7217783131300815,0.7223011348985717,0.7213807660741125,0.7213572216075108,0.7212837588243598,0.7212965692069089,0.7213684910637311,0.721430434509439,0.7214261437727969,0.7214635353465422,0.7214709749432012,0.7214789909750139,0.7211516075260167,0.7211631252456383,0.7212080681624228,0.7213084398785614,0.7212295774214946,0.72126384621621,0.7266314059171001,0.726632064968667,0.7266095077893574,0.7266506559693737,0.7268150391777104,0.7268066046725337,0.7268200772136783,0.7268156157995429,0.7268121237779451,0.7268171755914689,0.7268021541675336,0.7267983197844945,0.7267924864088247,0.7267889887901927,0.7267859466892457,0.726785954991135,0.7268182658932006,0.727280451223968,0.727352661401797,0.7273528049449829,0.7274003121051776,0.7274704081426223,0.7274359118042238,0.7274563873173309,0.7274660447035793,0.727483043158788,0.7274545108467951,0.7274681216711835,0.7274593275719711,0.7274470791839204,0.7274146932198897,0.7273673411507615,0.727324356632706,0.7273584128469504,0.7273654452652996,0.7273810161892265,0.7271672059402895,0.7271760782438726,0.727162147818214,0.7271691444486889,0.7271654323739264,0.727161719192974,0.7271537198453653
238,0.7138073750887486,0.7145843189502042,0.7105556839060484,0.7101242769348372,0.7099606332216947,0.7104471115652656,0.7108185057700172,0.7110429811181653,0.7113353476564894,0.7026350481050758,0.7029826228664615,0.7031565941941399,0.7031863918507155,0.7034181961566714,0.703181523779604,0.7032071404315386,0.7031451032350222,0.7035486341616689,0.7030827358323001,0.703059754309589,0.7029777005861502,0.7029929426533935,0.7030804587102664,0.7031546947181038,0.7031476412596588,0.7031925191285638,0.7032017136015762,0.70321086732543,0.7030681061496347,0.7030832365339986,0.7031515188991543,0.7032816038727733,0.7031871643072881,0.7032312166053037,0.7110702091798371,0.7110723096511092,0.7110123698617247,0.7111257408120165,0.7112976415485721,0.7112718406800661,0.7112380861470968,0.7112225167080729,0.7112166017701357,0.7112291837617585,0.7111855136017643,0.7111478336621109,0.7111285356209326,0.7110679862628452,0.7110654755961165,0.7110669602299757,0.7111492163249454,0.7110921323465349,0.7111903002092103,0.7111905105065666,0.711254008167349,0.7112336335488596,0.7111864457911878,0.7112135206107459,0.7112264396163716,0.7112495006615117,0.7112102815627102,0.7112288304377589,0.7112163469200308,0.7111995020838504,0.7111571683425624,0.7110853095607985,0.7110753160101829,0.7111216973619006,0.7111312178611034,0.7111518720518064,0.711381071439152,0.7113944336781672,0.7113725995141343,0.7113832135550078,0.7113770814511874,0.7113743753651922,0.7113621335954776
239,0.7083795458824352,0.7069978628011969,0.701608504951976,0.7025712382346406,0.7024520547591312,0.7006548796319888,0.7001113369958653,0.699529476696131,0.6989765802276994,0.6840972917945822,0.6840520424505359,0.6840483766661016,0.6840275374705626,0.6839995994304815,0.6839723089047022,0.6839485466196135,0.6838754820244218,0.6838886438490897,0.6838164631500251,0.683803386664727,0.6837943873042452,0.68378932619499,0.6837880367026493,0.6837818261937281,0.683778410131039,0.6837749193429576,0.6837701201568005,0.6837695800903472,0.6837935556821386,0.6837884188625101,0.6837956758149397,0.6838020032817774,0.6837811442289796,0.6837803695752562,0.6857978093435922,0.6858012489672253,0.6857657864439112,0.685805918959606,0.6859900607747086,0.6859779512728893,0.6859715826884966,0.6859638197210658,0.6859784302174752,0.6859840018456514,0.6859599353290803,0.6859428816652641,0.6859317544253687,0.6859011451226154,0.6859023373906271,0.6859017466417057,0.6859438069576704,0.6858893677007705,0.6859356004355212,0.6859366688524472,0.6859672681888261,0.6859840952637654,0.6859598799070534,0.6859710413372173,0.6859767798064975,0.6859887732753608,0.6859672331311547,0.6859767372156844,0.6859688137800745,0.6859596699378071,0.6859412060695054,0.6859005885541248,0.6859029589212903,0.6859268145284781,0.6859315301031051,0.6859404255261349,0.6860770128915042,0.6860847700610379,0.6860703660304568,0.6860765842829479,0.6860720171823483,0.6860746086457737,0.6860673990135631
240,0.7030316640823252,0.7015863761321024,0.6969758121179394,0.6979812036577634,0.6978936200527366,0.6960717701034599,0.6954968418155226,0.6948967336580024,0.6943162996725245,0.68157218926802,0.6814649899472194,0.6814447988108194,0.6814090216715163,0.6813361708782875,0.6813160839112314,0.6812763540498801,0.6811963061201076,0.6811607337562882,0.6810971815349233,0.6810812082341783,0.6810814034211521,0.6810717759158834,0.6810566566262259,0.6810355889530638,0.6810321435444956,0.6810197858649405,0.6810114998688193,0.6810092605396374,0.6810443509198174,0.6810347019980665,0.6810320289277891,0.6810187244952981,0.6810009357488116,0.6809924214986501,0.6831219267489469,0.6831261356614704,0.6830976419515621,0.6831120892090192,0.6832924571081983,0.6832867354536648,0.68329526536657,0.6832910113683193,0.68331951143068,0.6833236223167628,0.6833048612685796,0.6832922909279923,0.6832835132258073,0.6832581374487047,0.6832585994881573,0.6832578944465147,0.6832901743524554,0.6832387058633623,0.6832737864811743,0.68327482946187,0.683298114337744,0.6832759823538207,0.6832567348135656,0.6832651301984934,0.6832695325367096,0.6832790795519408,0.6832617297521092,0.683269279981771,0.68326271307855,0.6832553390367483,0.6832412231238532,0.6832051776548378,0.6832080006606477,0.6832269027008029,0.6832306095129451,0.6832373497165986,0.6834276230134866,0.6834344436073234,0.6834215165478873,0.6834270006029722,0.6834228292052192,0.6834256676155198,0.6834193057092673
241,0.9483210873769994,0.9486958588808878,0.9489703344026773,0.9513189601356318,0.9508163502069932,0.9536634688394932,0.9525889330333587,0.9547415458592359,0.954804049706885,0.9549198506977837,0.9548928695006109,0.9548541226854489,0.9548508602362747,0.9551957743487454,0.9551652853233177,0.9573122352594406,0.9575256460511894,0.9576478820650411,0.9576424173551292,0.9574517141185668,0.9573935505684905,0.9574558222457681,0.95751660670402,0.9633144498839855,0.963314448518115,0.9633144459785772,0.9633144432812216,0.9633144422174098,0.963314439613936,0.9633144383743959,0.9633144476985351,0.963314446644646,0.963314439601093,0.9633144376047769,0.9633144373411398,0.9633144364509391,0.9633144343434289,0.9633144328912712,0.9633144330425988,0.9633144290625318,0.9633144269231699,0.9633144280920098,0.9633144261718297,0.9633144251774036,0.9633144213364246,0.9633144198400753,0.9633144036731829,0.9633144018520958,0.96331440137254,0.9633143992611839,0.9633143968960922,0.9633143950892753,0.9633143922167199,0.9633143944199809,0.9633143916700934,0.9633143885382458,0.9633143790918262,0.9633143779229969,0.9633143723325719,0.9633143699742768,0.9633143688531606,0.963314366469221,0.9633143643065132,0.9633143620927913,0.963314361758989,0.9633143619436525,0.9633143598569776,0.9633143573020893,0.9633143549944864,0.9633143522603854,0.9633143516121258,0.9633142842584771,0.9633142810682056,0.9633142780588699,0.9633142718695835,0.9633142769889453,0.963314273838614
242,0.938431114741118,0.9386167648615156,0.9387909209384357,0.9394372469668671,0.9391072370096805,0.9419516316706064,0.9415312702633565,0.9425073112237898,0.9425916850947439,0.9426827386510681,0.9427433914739397,0.9427131323473069,0.9427205302514564,0.9429767863562415,0.9429509595517996,0.9453035993828501,0.9454866499771155,0.9456104181035169,0.9456045556502003,0.9454626295551114,0.9454139864910837,0.9454465868353712,0.9454950157256392,0.9480492506360576,0.9480648031010706,0.9480838394143202,0.9480814052885131,0.9480866242141316,0.9480615989804806,0.9480646518886747,0.9481471420083438,0.9481788661536589,0.9479839733325565,0.9479941227974024,0.9480193494749634,0.9480244048712761,0.94800500168453,0.9480370122863558,0.9480921800418013,0.9480487245307655,0.9480332653878032,0.9480399478541193,0.9480358423372118,0.948040709914531,0.9480127644278453,0.9480017848404341,0.9475162800224866,0.9475159393854676,0.9475156982537852,0.9475156502580214,0.9475050609292239,0.9475004718392965,0.9474921941635306,0.9475198747202357,0.9475139456158879,0.94749686963442,0.9474246060814004,0.9474156446204036,0.9474016703254995,0.9474014404445799,0.9474013931575123,0.9474010377435605,0.9474014681573969,0.9473848055718109,0.9473842748753236,0.9473855925437016,0.9473856379563828,0.9473902571215598,0.9473902859895228,0.9473887556852394,0.9473887830912694,0.9471650913632912,0.9471637674804214,0.9471657411334184,0.9471676268097584,0.9471624029683351,0.9471596083734823
243,0.9404807058688337,0.9406880357600972,0.9409443066437858,0.941350864075427,0.9409803993654036,0.9455125676406754,0.9450246408308351,0.9462164280341084,0.9463700021534531,0.9465202011320741,0.9466443806052166,0.9466015737821795,0.9466294273419734,0.9471459503404257,0.9471006203879253,0.9508155705266534,0.9511517757015451,0.9514005157616351,0.9513899811439994,0.9512135641707326,0.9511171499420819,0.9511695021038282,0.9512565526216856,0.9542696888572808,0.9543008117409012,0.9543188489383218,0.9543285332566335,0.9543433760699491,0.9542779522656781,0.9542832479989217,0.9545443114107619,0.9546322004642798,0.9543708474902886,0.9543954820870019,0.9544642512503807,0.954467819434909,0.9544147745692879,0.9544942609665257,0.9546509515963906,0.9545583735761832,0.9545145670210622,0.9545175861569272,0.9545059725813191,0.9545231356681746,0.9544833984558532,0.9544531225925263,0.9536211557224133,0.9536197468081545,0.9536193489349486,0.9536195821064013,0.9536207156190495,0.9536215385952168,0.9536235592111953,0.9536324438971158,0.9536334049076409,0.9536384928042582,0.9536476205244633,0.953648960269287,0.9536348767046395,0.953636814265673,0.9536336909463368,0.9536351747973403,0.9536340001380371,0.9536106492895182,0.9536081670078737,0.9536042614430045,0.9536041286074811,0.9536064971966243,0.9536070767048725,0.9536081011338166,0.9536074176562868,0.9536147494612357,0.9536124533875548,0.9536133016875467,0.9536105218900636,0.9536110462091182,0.9536087163185064
244,0.9335727088132992,0.9336516304217917,0.9338524539327805,0.9335994249929389,0.9333947201791617,0.938190775697306,0.9380524093615604,0.9386465104527177,0.9388033824199985,0.938935630842114,0.9391077308390092,0.9390860417852315,0.93911866180595,0.9395506006489122,0.9395123484148118,0.9436221734784005,0.9438936928646442,0.9441028769380941,0.9440956540116426,0.9440510477092713,0.9439703920851198,0.9440003784127559,0.9440704762346864,0.9455628255832161,0.9455874817587542,0.9456162080641676,0.9456260490402938,0.945638924390412,0.945565504203462,0.94556887727878,0.945743365727573,0.9458419426841227,0.9456686903247229,0.9456963292191385,0.9457673272107654,0.9457700993757145,0.9457144483546187,0.9458073518360878,0.9459680515612108,0.945900810908928,0.945855595400999,0.9458481282296206,0.9458355026443976,0.9458497482383135,0.9458105109970742,0.9457764690330415,0.9449838946130097,0.9449732308355219,0.9449750183678013,0.9449738158929657,0.9449816406979937,0.9449862871518545,0.9449963936043991,0.9450072353685949,0.9450131866707894,0.9450309792999044,0.9450655778642401,0.945052013547672,0.9452065840841771,0.9452124668185176,0.9452014925818177,0.9452060365744135,0.9452026751931161,0.9451634892006888,0.9451543697648523,0.94513709555901,0.9451361591791038,0.9451547963545622,0.9451575790254405,0.9451626116772921,0.9451594894806018,0.9451618173115308,0.9451552169022361,0.9451594886643181,0.9451623647392429,0.9451557391387968,0.945151169046806
245,0.9333402354063959,0.9334145867614037,0.9336010287638759,0.9333855723436791,0.9331911794187028,0.9376149598620539,0.9374821395023324,0.9380427084966899,0.9381873715691021,0.9383094700379179,0.938468389549501,0.9384483097804471,0.9384780227996523,0.9388757681583971,0.9388405516013997,0.9426455724086311,0.9428954811197506,0.94308740280991,0.9430807845120788,0.9430402524458399,0.9429660408331071,0.942993679224576,0.9430584413264662,0.9444842404064154,0.9445064689527434,0.9445340922231119,0.9445429640115305,0.9445546749512712,0.9444867735674718,0.9444898017278573,0.9446436545084743,0.9447347651409078,0.9445687021855599,0.9445942971206506,0.9446596536998102,0.9446623044065586,0.9446110161874975,0.9446973364293171,0.9448454255505122,0.9447848350682986,0.94474311726142,0.9447359369367405,0.9447242531322693,0.9447371030927221,0.9447005214009896,0.9446689746252984,0.9439413229899477,0.9439305185718053,0.9439323107082255,0.9439310999598098,0.9439389962475937,0.9439437327847762,0.9439540575033738,0.9439656344077748,0.9439717407002868,0.9439903769840984,0.9440248056134414,0.9440114148130199,0.9441658290953537,0.9441719040196229,0.9441605646693796,0.9441652544554814,0.9441617477010179,0.9441231611888314,0.9441136657266191,0.9440960409608791,0.9440950668339549,0.9441140039889794,0.9441168418893252,0.9441219168617968,0.9441187322329843,0.9441155406116389,0.944108724920115,0.944113087674283,0.9441158595668248,0.9441092354372044,0.9441044921992031
246,0.9169500410232589,0.9173500440738313,0.9175910554284744,0.9160236708947725,0.9158532900204265,0.9284319974046227,0.9283624496394032,0.928400294238428,0.9284055937408239,0.9285422409400039,0.9284942214949761,0.9285820664253762,0.9285712240325289,0.928830263915049,0.9288587357802212,0.9363158704238106,0.9359925486037237,0.9357241714111766,0.9357481979804294,0.9363626042425547,0.9364043759881859,0.9363989257771209,0.9363624947330171,0.9364862838257374,0.9365003132133806,0.9364902852271506,0.936496228683766,0.9364926598564269,0.9365272805129037,0.9365294976958327,0.9363134935064312,0.936267784241025,0.9370055726042671,0.9369791988646471,0.9369141947383012,0.9369124368002776,0.9369660739226221,0.9368726627156767,0.9367189508260312,0.9368715414384081,0.9369175965687139,0.9369307900596225,0.9369407936489624,0.9369323708855233,0.9369536387574011,0.9369780239817851,0.9366595054555531,0.9366494606224376,0.9366415874551359,0.9366330413380067,0.9365407333248824,0.9364945638107881,0.9363971290968394,0.936437248487223,0.9363734872400634,0.9361677739738564,0.9362080356112444,0.9361443154264446,0.9371066893478838,0.9371033307110643,0.9371087000421713,0.937105923500023,0.9371081286326962,0.9372271715840373,0.937247946901189,0.9372511094064313,0.9372511550920009,0.9372540634537199,0.9372537458697787,0.9372528444899358,0.9372532595037134,0.9373068166588696,0.9373078872107954,0.9373084720196619,0.9373131328419364,0.9373048760190201,0.9373046801738677
247,0.9010004908616625,0.9016632376131883,0.9018919505798584,0.8999082735723987,0.8998107390890098,0.9155824001404277,0.9153228834865778,0.9150363455605904,0.9148049424918855,0.9149057775641551,0.914515026778311,0.9147362788856886,0.9146601630812842,0.9146313758214601,0.91473706522052,0.9209653502298206,0.9202186902926717,0.9196083719690002,0.9196626716679901,0.9211558869154444,0.9212614009233266,0.9212417809063019,0.9211462266622898,0.9209250599904811,0.9209312437356154,0.920897766800222,0.920899189573105,0.9208862542979053,0.9209864468579335,0.9209900407753554,0.9205893143617537,0.9204575815045046,0.9224579477573301,0.9223977209478511,0.9222471935000655,0.9222442978034493,0.9223661799037216,0.922153176200235,0.9217994642765092,0.9220869039149486,0.9221964853748739,0.9222292624394298,0.9222547582448596,0.9222322934618187,0.9222853710253616,0.9223492573484402,0.9222942706654508,0.9222657526796234,0.9222514850923842,0.9222377813966198,0.9220825779001298,0.9220025110822093,0.9218375005322723,0.9219154691479413,0.9218084765144802,0.9214655188138497,0.9214119282577606,0.9213323151132561,0.9233473720795375,0.9233473698880361,0.9233473712309738,0.9233473692332934,0.9233473689961719,0.9233473932231444,0.9233473991922594,0.9233474029508889,0.9233474026327494,0.9233473997004363,0.9233473985723323,0.923347396765794,0.9233473972475961,0.9233473997429207,0.9233474006433144,0.9233473996050005,0.9233473998363774,0.9233473998764645,0.9233474000117982
248,0.8966231634456718,0.8973634806455998,0.8975914502023281,0.8955308025727283,0.8954258630495561,0.9124873707078578,0.9121837556052482,0.9118537503794538,0.911581837447451,0.9116823112920173,0.9112340270743888,0.9114997692482777,0.9114129081458342,0.911335912990648,0.9114561519562143,0.9175697798964647,0.9167911778487028,0.9161553554290752,0.9162144113636952,0.9179719827964246,0.9180728732182188,0.9180538538744446,0.9179621219630534,0.9177394819360274,0.9177364588184174,0.9177042900591195,0.9177052989796773,0.9176927323921397,0.9177894322303116,0.9177928998865245,0.9173872918766312,0.9172605427710945,0.9192841077486008,0.9192245606219883,0.9190755608588898,0.919072420721598,0.9191930672616676,0.9189825389669417,0.918632510672199,0.9189610219068872,0.9190701229467496,0.9191021850293003,0.9191273350046982,0.9191051455034256,0.9191587859205245,0.919221770634629,0.919191717277153,0.9191607725892548,0.9191469160358581,0.9191327041699484,0.918982334400924,0.9189042767698352,0.9187442862056244,0.9188237520979563,0.9187196943232798,0.9183862326735616,0.9183404107633993,0.9182623114914371,0.9199335674322465,0.9199288799810323,0.9199370765368153,0.9199333199912503,0.9199361905994813,0.9201075326982273,0.9201444246835238,0.9201634146431357,0.9201643012198193,0.9201509084591452,0.9201481094054642,0.9201423982185059,0.9201455807879261,0.9201461524229568,0.9201524529418456,0.9201497412588895,0.9201520702764348,0.9201500464857988,0.9201520787375738
249,0.8722064323520842,0.8732049874181195,0.8732830372621431,0.8713460562198936,0.8710997430694895,0.8903158331392877,0.889936291618217,0.8895419215268776,0.8891983254514644,0.8892799849761408,0.888744916313219,0.8893174173958098,0.8892086354081764,0.888951209771106,0.8891135166290547,0.8929961863046089,0.8923145039639525,0.8917628429066282,0.8918243142426819,0.8951754316699411,0.8951754322431972,0.8951754309656,0.8951754281548067,0.895175422245266,0.895175413734096,0.8951754115216641,0.8951754099558412,0.8951754085466462,0.8951754095389897,0.8951754085988132,0.8951753925417938,0.8951753882728085,0.8951754643364702,0.8951754632436154,0.8951754587043681,0.8951754585226979,0.8951754609574623,0.8951754566464013,0.8951754487238902,0.8951754935541728,0.8951754949989147,0.8951754964507698,0.8951754978189485,0.8951754977840787,0.8951754999526415,0.8951755057703055,0.8951755074598013,0.8951755043369396,0.8951755039957959,0.8951755079497771,0.8951755041923295,0.895175499558628,0.8951754952781241,0.8951755003036796,0.8951754975523425,0.8951754864978049,0.8951754880558469,0.8951754850449875,0.8951755111650622,0.8951755111584452,0.8951755129376262,0.8951755130927997,0.8951755142540472,0.8951755313092618,0.8951755301496015,0.8951755333561294,0.8951755345999265,0.8951755328923153,0.8951755333533037,0.8951755333687871,0.8951755342739822,0.8951755346206495,0.8951755366031686,0.8951755369806828,0.8951755381508224,0.8951755384961548,0.8951755393818605
250,0.8600385127659452,0.8609261019709037,0.8608988267091906,0.8593012151704676,0.8590827713088415,0.8741816352440439,0.8738753328268595,0.8735439027765264,0.8732608757276721,0.8733312177110579,0.8728947424095896,0.8735324903107387,0.8734360699563405,0.8732059903682935,0.8733530197715477,0.8759034802157392,0.8753093990707747,0.8748408228897674,0.8748862888095615,0.8773280722850136,0.8773406061003896,0.8773369603659672,0.8773126204322652,0.87726498969496,0.877196312376671,0.8771908200610523,0.877191964866011,0.8771897808481541,0.8772156217046055,0.8772190003120492,0.8770690114192878,0.8770487307485177,0.8789618066698646,0.8789692106422409,0.8789197117329766,0.8789198214941423,0.8789085342029047,0.8789327364014026,0.8789593823851989,0.8792228283485435,0.8791338122375739,0.8791352750895756,0.8791366464349047,0.8791355596509818,0.8791343355941924,0.879234669654595,0.8792400204727571,0.8791667811717061,0.8791651045360764,0.8792891116665617,0.8792763373949832,0.879182951455028,0.8791719524896532,0.8792412432128867,0.8792324610067382,0.8791969187792243,0.8792178617078564,0.8792076686306587,0.8792115072680661,0.8792081232886623,0.8792141256168124,0.8792114862020053,0.8792135570932355,0.879068266823809,0.8789837416134472,0.8789866772784838,0.8789894398088259,0.8789862955811096,0.878985591305251,0.8789841580846394,0.8789856379411122,0.8789888350312962,0.8789904417064781,0.878989782927974,0.8789903002495928,0.8790118888133427,0.879005553138871
251,0.841975170371729,0.8428494279203682,0.8424040456146273,0.8412545826249149,0.8408500624436643,0.8517808782015615,0.8517569858393258,0.8516576193007431,0.851593081750307,0.8515244690044781,0.8513989231796396,0.852245962552622,0.8521892824868041,0.8520397425304586,0.8521454853929701,0.8534812776314666,0.8531247654215448,0.8528602927143635,0.8528327202725418,0.8542822239184471,0.8542691371961301,0.8542675166124902,0.8542636375252503,0.8542286729019637,0.8541000736111526,0.854100874270427,0.8541026254086607,0.854102146086949,0.8541225656858674,0.85412569795094,0.853905745299243,0.8539108963456594,0.8553641285835287,0.855388528545963,0.855322096465382,0.855323543542757,0.8552817180056235,0.8553651171113767,0.8554900495415569,0.8559080647737957,0.8556080688212632,0.8556039525272469,0.8556012004711454,0.8556033785976378,0.8555895644412582,0.8557972195571333,0.8557972107281071,0.855642333934322,0.855642152882122,0.855960618929775,0.8559657891046468,0.8558597716382262,0.8558705486656512,0.8559147514262999,0.8559207029919605,0.8559340462206917,0.8559525801270944,0.8559471111864762,0.8559253136464682,0.855926627373952,0.8559243782315673,0.8559254615712517,0.8559246953836972,0.8558186129301714,0.8556943014713257,0.8556825691378768,0.8556859859710934,0.8556934803114319,0.8556949128309257,0.8556977985887808,0.8556971329981151,0.8557003533330442,0.8556971914691787,0.8556986838925312,0.8556977759925632,0.8557261602122167,0.8557208535394158
252,0.8275272148803795,0.8284804942686335,0.8274629225993292,0.8265360582194382,0.8261213984625574,0.8340149109733788,0.8341841079643457,0.834255990563466,0.8343611613456009,0.8340039285362506,0.8341268630921183,0.8351344331376948,0.8351066086806743,0.8350390278500791,0.8350886190306305,0.8357762301232337,0.8355763121329525,0.8354804766464898,0.835336922235698,0.83617328628699,0.8361367237642396,0.8361374830140955,0.8361529082097436,0.8361376680359695,0.8360672954557719,0.836072711030761,0.8360747262710597,0.8360757216391335,0.836088469097659,0.8360908789900063,0.8359182975961688,0.835937856856965,0.8367015557067672,0.8367290862296181,0.8366647050577549,0.8366661756975863,0.8366220100401541,0.8367109606766127,0.8368555372720963,0.8371381429726049,0.836595844121642,0.8365916573707167,0.8365887837373467,0.8365910385361425,0.8365769990685341,0.8368329115264906,0.8368323033768834,0.8366218802385155,0.836621462993254,0.8371187328574019,0.8371187330753754,0.8371187353209909,0.8371187351213487,0.8371187376954438,0.8371187375525243,0.8371187374117378,0.8371187384501508,0.8371187380436512,0.8371187365710635,0.8371187364432565,0.8371187363069333,0.8371187361692871,0.8371187360151715,0.8371187308109405,0.8371187277824983,0.8371187270021346,0.8371187278757523,0.8371187281336856,0.8371187279627701,0.8371187278661173,0.8371187270253765,0.8371187270290384,0.8371187266025154,0.8371187264592231,0.8371187261974604,0.8371187289264711,0.8371187283535448
253,0.8125781704130433,0.8134119404417677,0.8121195195471587,0.8114660255763722,0.8112771939935749,0.8155537577972239,0.8157477524054616,0.8158832213260993,0.816047888353018,0.8153185682440547,0.815522717406908,0.816311913771716,0.8163002287553309,0.8163038918085674,0.8162699382897296,0.8165134864066074,0.8164110063545355,0.8164779970941678,0.8161713649650644,0.8165291061055445,0.816489792372216,0.8164922739277859,0.816518964037416,0.8165201415875588,0.8165337724505293,0.8165405744058023,0.8165426393311583,0.8165442469062228,0.8165585201887341,0.816560340824562,0.8164784193984583,0.8164985565800866,0.8167598117109371,0.8167814487829462,0.8168317235164343,0.8168321701175733,0.8168031648414948,0.8168585568185948,0.8169705344774668,0.8170421604991229,0.8164070899860074,0.8164059395037961,0.8164052632375685,0.816405764540864,0.816398426187071,0.8166117170337609,0.8166135337620699,0.8164137828713676,0.8164115492665001,0.8166551747549388,0.8166456084707978,0.8171498691946555,0.8171066428960515,0.817144980726578,0.8171189165804802,0.8170403328732371,0.8170628056292741,0.8170558617702669,0.8170496254078833,0.817042327271153,0.8170553558177389,0.8170494721328142,0.817054043990826,0.8170583861206269,0.8171295238568186,0.8171472568525502,0.8171559391344291,0.8171388715355011,0.8171354879545786,0.8171288308550998,0.8171030561099355,0.817098879881315,0.8171061248639694,0.81710292101632,0.8171051789295956,0.8171046950614691,0.8171044940528425
254,0.7817592960155884,0.7832197079002046,0.7792956722209626,0.7784361884332553,0.7783409577178824,0.781272487956319,0.7817831878561543,0.7821695534966674,0.7826112749367411,0.7799180660741969,0.7805076520449454,0.7814935901136517,0.7815263046865775,0.7817407028645618,0.7815529209516225,0.7815362780014001,0.7815489719044926,0.7819450792073953,0.7810139726221618,0.7810570977272141,0.7810148293441087,0.781021224702645,0.7810604585960264,0.7810869766490306,0.7811442275828513,0.781160976421995,0.7811646603263995,0.7811692490604228,0.7811130221621239,0.7811158292395859,0.7810721333573027,0.7811162403234755,0.7809784290672169,0.7809959869868669,0.7809866844927361,0.7809874196510143,0.7809661191952485,0.7810021333658944,0.7810992049826535,0.7810714874012922,0.7799569632924034,0.7799573720937739,0.7799576099763397,0.7799577296857838,0.7799557054188644,0.7800583359387493,0.7800596721313076,0.7800487493506714,0.7800465046112339,0.780089859415274,0.7800865103455987,0.7808232742272602,0.7807856207202795,0.7808081585011584,0.780785742104704,0.7807126031896321,0.7807271499402397,0.7807213789987462,0.7807177512868588,0.7807113692457017,0.7807230574535153,0.7807179238577437,0.7807222656819128,0.7807291703561194,0.7807754880023615,0.7807914681831724,0.7806656517269409,0.7806447977589922,0.7806406460437365,0.7806325297416716,0.7805982245982116,0.7805931175840992,0.7806021655247347,0.7805982036077584,0.7806010606633567,0.780600929001587,0.7806027550504646
255,0.7640270628357351,0.7655642018566335,0.7606066779990303,0.7597544946899936,0.7596553591489669,0.7616667721051152,0.7622443231981244,0.7626747391343042,0.7631696894200232,0.7588103094321705,0.7594590483001449,0.7601847842231372,0.7602376095564884,0.7605512063903562,0.7603017989741172,0.7602763672160515,0.7603217149703358,0.7608455330097403,0.7594765360839123,0.7594761462300516,0.7594513099279333,0.7594553530685619,0.7594786464134138,0.7594968454962677,0.7595224598837439,0.7595336050505295,0.7595357811289846,0.7595388233284498,0.7594528780954376,0.7594546385114347,0.7594361015815267,0.7594637945487295,0.7593882526528358,0.759397949097432,0.7593292088991894,0.7593298034153169,0.7593166539195491,0.7593391218422854,0.7593966814347728,0.75937496873929,0.7589134180737793,0.7589124199937789,0.7589115339497859,0.7589127536656919,0.7589082710315319,0.7588968735566494,0.7588950033034404,0.7588986896955244,0.7588981212386742,0.7589063276427612,0.7589166395789135,0.759358939537867,0.7593580994181583,0.7593686029762261,0.7593689935673038,0.7593618169536218,0.7593617439108094,0.7593632230345237,0.7593635599878567,0.7593639233240708,0.7593637663826728,0.7593640533025527,0.7593643513105757,0.7593654153374283,0.7593822486485861,0.7593803480580305,0.7591687661768324,0.7591614871270613,0.7591600350341164,0.7591572718363929,0.7591337446772288,0.7591319856204579,0.7591351867941463,0.7591338342035222,0.7591348814899994,0.7591345562088739,0.7591348816537383
256,0.7539930166689524,0.75548285680893,0.7504015105233169,0.7495849572076209,0.749492155626263,0.7511144671750323,0.7516949311410288,0.7521214855855507,0.7526165327461561,0.74721891274321,0.7478406178310258,0.7484166070501564,0.7484706098394867,0.7488028803709398,0.748524617721044,0.748508794436553,0.748543923097683,0.7491011919045937,0.747442965210458,0.747442965154977,0.747442963753364,0.7474429644867797,0.7474429668768612,0.7474429690290859,0.7474429703243607,0.7474429719728533,0.7474429728492745,0.7474429735829857,0.747442962025437,0.7474429625395601,0.747442962152009,0.7474429651361864,0.7474429605963245,0.7474429618410853,0.7474430456381246,0.7474430472090341,0.7474430491103914,0.747443050288114,0.7474430546098392,0.7474430560916204,0.7474430440746153,0.7474430460663487,0.7474430481003295,0.7474430497465199,0.7474430513889524,0.7474430530128247,0.747443055027616,0.747443058999342,0.7474430589488328,0.7474430611910114,0.7474430629816201,0.7474431272609583,0.7474431303569906,0.7474431317229436,0.7474431350204789,0.7474431350599618,0.7474431374539348,0.7474431401456542,0.7474431431691893,0.7474431460973896,0.7474431481340645,0.7474431511432332,0.7474431540217724,0.7474431545157578,0.7474431563487672,0.7474431564995039,0.7474431407552252,0.7474431418522204,0.7474431443671806,0.7474431470285834,0.7474431398220328,0.7474431411757427,0.7474431436996867,0.7474431459236426,0.7474431480539195,0.747443144411504,0.7474431466351068
257,0.7368847921142965,0.7376699376621011,0.7304463368587347,0.7300608518598966,0.7297979721706132,0.7302854357016647,0.730631445473435,0.7308210544179635,0.7310859962519892,0.7208423786023352,0.7214430745941961,0.7217306777060286,0.7218043625436256,0.722181794429087,0.7219820511806502,0.7220022286461745,0.7220986631154004,0.722630781722354,0.7217672524680563,0.7217428472827738,0.7216582550578566,0.7216689001789177,0.7217346496560546,0.7217929630064357,0.7217948993501532,0.7218295257198011,0.7218341674624138,0.7218417868772461,0.7209289387729458,0.7209377889385926,0.7209634117029843,0.7210498008625023,0.7210064822035875,0.7210358921625513,0.7230831474744964,0.7230841016068004,0.723060464649206,0.7231141917966163,0.7232395145370677,0.7232261247245506,0.723191409792324,0.7231853699832995,0.7231801751655117,0.7231868898752575,0.7231677951456036,0.7231326586046823,0.7231240831364575,0.7230866552922585,0.7230843539937323,0.7230833265994885,0.7231251840779519,0.7231035511932832,0.7231690676068107,0.7231684624171929,0.7232111152914255,0.7232637051500101,0.7232332913141707,0.7232527546448064,0.7232616684344821,0.7232765925872454,0.7232520647788996,0.7232640555606314,0.7232569608719444,0.7232466181967835,0.7232187338181527,0.7231806113870256,0.7229946406552061,0.7230241435539737,0.7230302812030641,0.7230442770302256,0.7229119617896366,0.7229197795250535,0.7229079175848783,0.7229140834220912,0.722911086904726,0.7229058725314916,0.7228988903100693
258,0.7227184211934335,0.7223840886824194,0.7155215018457394,0.715805033044665,0.7155760649481365,0.7148265399854937,0.714732935935032,0.7145363235504623,0.7144016407760762,0.6993500392594793,0.6996336027283508,0.6997453709864079,0.6997831197107374,0.6999770585217674,0.6998727323803875,0.699892857828877,0.6998835867710786,0.7001710111486192,0.6998252865931586,0.6998112587493842,0.6997530308799745,0.6997621523679293,0.6998136078394191,0.6998597124141308,0.6998578663756966,0.6998855514918134,0.6998904471466161,0.6998963659795022,0.6994065103822314,0.699414869164637,0.6994488801825134,0.6995269893078316,0.6994873437802067,0.6995139767283981,0.701847885059459,0.7018494234133869,0.7018068780493166,0.7018931417673924,0.7020660369669837,0.7020459640266932,0.7020219265360206,0.7020100326350582,0.7020016333173498,0.7020114963157488,0.7019786476261585,0.7019527671523238,0.7019385334174402,0.7018972941655213,0.7018959881254087,0.7018970578225427,0.7019597426261387,0.7019437373749098,0.7020236834181749,0.7020237009968442,0.7020759874360751,0.7021279319957657,0.7020893797132518,0.702111977457058,0.7021226958674179,0.7021416087539902,0.7021097146541752,0.7021248802080774,0.7021149458052028,0.7021013158037351,0.7020657924734631,0.7020163627159645,0.7019881203222624,0.7020261625184625,0.7020340131231027,0.7020512916967132,0.7019688608551169,0.7019787106944695,0.7019630736712028,0.7019708773344698,0.7019666570192533,0.7019631688589225,0.7019541904666367
259,0.7198347457394515,0.7182862996937325,0.711016739388542,0.712141588047894,0.7120050668571831,0.7099503492582064,0.7093349434585157,0.7086620352952693,0.7080273303689275,0.6879056256885567,0.6879056247888486,0.6879056297810945,0.6879056332448227,0.6879056333007875,0.6879056378851192,0.6879056398203621,0.6879056370944813,0.6879056371739738,0.6879056366935479,0.687905640150669,0.6879056445905751,0.6879056473562759,0.6879056499426769,0.6879056521978383,0.6879056559866854,0.6879056587718835,0.6879056621337741,0.6879056644884949,0.687905649715979,0.6879056516723964,0.6879056469290208,0.6879056472352595,0.6879056490456499,0.6879056511111447,0.6879057057741037,0.6879057086183636,0.687905711932842,0.6879057137267671,0.6879057207101695,0.6879057243083387,0.6879057294580706,0.6879057332241139,0.687905737628591,0.6879057408594422,0.6879057440278975,0.6879057481272888,0.6879057520131886,0.6879057542874999,0.6879057547383758,0.6879057585111362,0.6879057614592561,0.687905759581418,0.6879057626888857,0.6879057637577998,0.6879057673242727,0.6879057720164324,0.6879057753226041,0.68790577809588,0.6879057817119234,0.6879057852815043,0.6879057879038435,0.6879057915875268,0.6879057950611155,0.6879057956235988,0.6879057976207344,0.6879057982782965,0.6879058024178173,0.6879058042669275,0.6879058078087178,0.6879058113493287,0.6879058074486852,0.6879058094247139,0.6879058126642068,0.6879058158776953,0.6879058187130821,0.6879058143698412,0.6879058176064421
260,0.9406802509163701,0.9408848862627456,0.9411676471669422,0.9414186276415568,0.9410446051625181,0.9462363381905194,0.9457542345800436,0.946972414435183,0.9471533789100373,0.9473249296939459,0.9474777851038372,0.9474310596995795,0.9474671459469785,0.9480701569224945,0.948017613871701,0.9522630244733764,0.9526543696517771,0.9529493705592931,0.9529371834291384,0.9527529977446413,0.9526392343734253,0.9526976392932758,0.9527984180302294,0.9557905032829453,0.9558287422117925,0.9558462112795683,0.9558595097185388,0.9558782544686913,0.9557974306698863,0.9558038851445342,0.9561413668993671,0.9562507091471024,0.955969570623411,0.9559998722026827,0.9560858048385886,0.9560893809381504,0.9560231760718347,0.9561207050920427,0.9563167485448942,0.95620329782975,0.956148631928109,0.9561516210251758,0.9561371542595322,0.9561593412118056,0.9561127246420024,0.956075115318322,0.9550987599465016,0.9550967404183472,0.9550961383860436,0.9550965418131403,0.9551012060164714,0.955103524828629,0.955108218037647,0.9551130266021611,0.9551157715832223,0.9551260038322906,0.9551459270318264,0.9551519194412822,0.955134068725781,0.9551362385614752,0.9551331163525735,0.9551348441633731,0.9551335054609744,0.9551089867405198,0.9551068019265173,0.9551023780711466,0.9551023274846467,0.955102405626722,0.9551029670774132,0.9551044680813204,0.9551037672509437,0.9551519154883845,0.955150042638232,0.9551501007207458,0.9551451332243674,0.9551484792523524,0.9551465693093019
261,0.933057972904338,0.9331414585937403,0.9333772112664446,0.9329252490216923,0.9327132886508694,0.9387528651987692,0.9386387180438241,0.9392492229891978,0.9394369271744205,0.9395954193890586,0.9398036944277606,0.939782302043205,0.9398224658485491,0.9403337451904048,0.9402894439038845,0.9453705814926975,0.9456784891166792,0.945917554775211,0.94590980525959,0.9458817028968242,0.9457887326689046,0.9458219003495699,0.9459015646645224,0.9473686135245609,0.9473992962463258,0.9474301977948161,0.9474424227713629,0.9474577830333907,0.9473722183912135,0.9473763211335148,0.9475907087216957,0.9477056863232705,0.9475491847245376,0.9475809059074829,0.9476631753241623,0.9476660612035279,0.9476017329369194,0.9477075866341732,0.9478928050128512,0.9478145059385812,0.9477626000905093,0.947754239780754,0.9477397073728463,0.9477568354907526,0.9477124000955298,0.9476731972083086,0.9467549967754246,0.9467434350841095,0.9467450656549423,0.9467435918464402,0.9467502250810845,0.9467539975209712,0.9467618430962015,0.9467715566884873,0.9467758372433739,0.9467863395692228,0.9468234361855672,0.9468079581653244,0.9469956306716085,0.9470008536327817,0.9469911084551885,0.9469951613707033,0.9469922536643394,0.946946749325617,0.9469393595619007,0.946922672574888,0.9469218128685345,0.9469397534449469,0.9469424304325124,0.9469474507228925,0.9469444534266205,0.9469636481205708,0.9469576848338116,0.9469616441723382,0.9469647400183118,0.9469583506868205,0.9469542957282419
262,0.9377981913459463,0.9379462947821571,0.9382725012234208,0.937879504977523,0.93755373228201,0.9448894806185426,0.9445998359738813,0.9456187426173847,0.9458746404326289,0.9460927236583603,0.9463535675855109,0.9463066474956594,0.9463639955932197,0.9471059482667769,0.9470380818263195,0.9530753932593178,0.9535668488364415,0.9539518691091639,0.9539370583899959,0.9537848772839448,0.9536398527319162,0.9536993156827499,0.9538229072135803,0.9561025783475952,0.956154863169607,0.9561825956698312,0.9562006470191428,0.956225993670437,0.9561066944998385,0.9561146602792165,0.9565771228053217,0.95673877562829,0.9564524846505217,0.956497467926087,0.9566219462766614,0.9566262627235655,0.9565295929572439,0.9566759197505716,0.9569586934104705,0.9568063730787657,0.9567275039006559,0.9567241431809168,0.9567028965848168,0.9567332623991877,0.9566679004044447,0.9566123933302595,0.9551278566867855,0.955127855534921,0.955127855710629,0.9551278563504632,0.9551278602698393,0.9551278624206854,0.9551278665307438,0.9551278671033775,0.9551278701038771,0.9551278775008877,0.9551278816518891,0.9551278843502309,0.9551278916275941,0.9551278936496302,0.9551278928509415,0.955127894731826,0.9551278951567823,0.9551278846268592,0.9551278839166889,0.9551278814048627,0.9551278821314606,0.955127883766206,0.955127885004103,0.9551278867984411,0.9551278866533829,0.9551278984344144,0.955127898479641,0.9551278996135373,0.95512789928789,0.955127899231688,0.9551278995511746
263,0.924737898324516,0.9250401602539015,0.9253726947311801,0.923883802718836,0.9236201725685432,0.9372431398771193,0.9372443015023016,0.9376698196613314,0.9378830233091218,0.9381082543528776,0.9383409839724073,0.9383625449509231,0.938405755439512,0.9390037523937105,0.9389685585693132,0.9488929731915879,0.9490245534878141,0.9491240050014303,0.9491257846501835,0.9493159698627464,0.9492585778560084,0.949278259705245,0.949325821995655,0.9500188487234562,0.9500520235362514,0.9500712429351064,0.9500822533150626,0.9500931684071039,0.9500370762131414,0.9500409058567676,0.9501409239186904,0.9502152760288244,0.9503027901836908,0.9503180632414215,0.9503592791593158,0.9503606315929755,0.9503294557956424,0.9503777992167,0.9504658806981007,0.9504621173819966,0.9504373781648965,0.9504347414352212,0.9504267490093586,0.9504375426302927,0.950411209241807,0.950389028565193,0.9497601042009937,0.9497434729349669,0.9497423659532668,0.9497381322371604,0.94972660749872,0.9497207562891036,0.94970672071638,0.9497244787193604,0.949713914049145,0.9496739158931944,0.9497191640378324,0.9496912152081548,0.9501309251216228,0.9501340613386546,0.9501283831643288,0.9501308886070685,0.9501290371087858,0.9500986405414819,0.9501067964590116,0.9500894327602654,0.9500885631997732,0.9501036816994105,0.9501063061359556,0.9501115671581802,0.9501086484829347,0.9501630751308138,0.9501576693571316,0.9501605475410979,0.9501607201364739,0.9501586019521109,0.9501548596294602
264,0.9208743149341236,0.921316039173083,0.9216649874094371,0.919873413836319,0.9195722580179783,0.9363057479865788,0.9363146607681732,0.936662763419928,0.9368518626545727,0.9370841718020986,0.9372807271967435,0.937329468298951,0.9373647974818216,0.9379244614543477,0.9379021949747253,0.949487625864345,0.9494732239713198,0.949454419127476,0.9494623000268393,0.9497557061569422,0.9497343680420429,0.9497440667573985,0.9497619416622949,0.950179607191717,0.9501988005878013,0.9502069583444869,0.9502148645556662,0.9502201873986396,0.9501977296006986,0.9502003857963224,0.9501698898047227,0.9501984558032064,0.9503634657433598,0.9503641133421661,0.9503678770547374,0.9503679523760316,0.9503666412125443,0.9503655831112988,0.9503679391482746,0.9504480837148065,0.9504465903278665,0.9504485663777169,0.9504466095098012,0.9504505501008518,0.9504420582171054,0.9504359651910718,0.9499916328823189,0.9499812712585413,0.9499784281399689,0.949973168932717,0.9499413120027073,0.9499254960684494,0.949890524589356,0.9499103002245208,0.9498863591487993,0.9498050643624768,0.9498511404298389,0.9498109580574664,0.9503010735052491,0.950300560489462,0.9503011896381478,0.9503007747967273,0.9503011100501377,0.9504368926062576,0.9504580682445956,0.9504491853626214,0.9504486788089529,0.9504582143699835,0.9504595897672939,0.9504622206067259,0.9504607397726611,0.9505049721069897,0.9505022718317307,0.9505040151689986,0.9505052050716201,0.950500863674991,0.9504985670603651
265,0.9117002493947827,0.9123459113785403,0.912649964615165,0.910605106720821,0.9103181537968452,0.9293967993271831,0.9293251570356437,0.9293812331334989,0.9293958970673875,0.9295735109607415,0.9295243708596271,0.9296606140631817,0.9296485882861877,0.9299353366131669,0.9299732249469099,0.9406468765580159,0.9402423275683537,0.9399060755974546,0.9399351158685344,0.9407191187810684,0.9407793784615267,0.9407690052018358,0.940720251163998,0.9407191717286321,0.9406899842184375,0.9406729165993462,0.9406760977986434,0.940669210249759,0.9407242879389818,0.940725187105166,0.940347232925858,0.9402719089362078,0.940799460503978,0.9407637140667798,0.940674995120468,0.9406720627443684,0.9407451234457114,0.9406199410548461,0.940409241393859,0.9407913866815705,0.9408494590595992,0.9408643995239435,0.9408772126477566,0.9408652824589576,0.9408979744779601,0.9409309091941402,0.9407236607325986,0.9407237559744528,0.9407153734248803,0.9407051260951251,0.9406050707509027,0.9405557961571323,0.9404501264183623,0.9404852837008568,0.9404157679404512,0.9401912716522132,0.9402443056101929,0.9401605501463396,0.9410450081273127,0.9410363660693685,0.9410508737992094,0.9410439244787588,0.9410492921017375,0.9418542968285413,0.9419164681928578,0.9419362959443267,0.9419370858760141,0.9419286662687397,0.941925864399518,0.9419197997611373,0.9419231125591008,0.9419450667536828,0.9419516874362115,0.9419498743228376,0.9419561219535145,0.9419450719687477,0.9419475004267887
266,0.8989058039244595,0.8999238590724558,0.9001967885668106,0.8978078976294627,0.8974048249043421,0.9236323078812206,0.9234411376073178,0.9232987408149386,0.923156004931721,0.923295496186512,0.9230158054877687,0.923305571662647,0.9232506432002225,0.9232810101192045,0.9233796757026556,0.9329620154514935,0.9324803636211068,0.9320817073585516,0.9321241625149133,0.9335062346270612,0.9335749450936554,0.9335603419614893,0.9335126394249341,0.9333364505753821,0.9331283494142617,0.93310689640374,0.9331066888124867,0.9330963013912306,0.9331701519887361,0.9331695132071525,0.9324482368430232,0.9323448112581162,0.932643651569349,0.9326015540331287,0.9324939234243108,0.9324903836799162,0.9325786003535782,0.9324311087622023,0.932168920450437,0.9333382468363656,0.9334034140238869,0.9334167739362244,0.93343030978703,0.9334159996565972,0.9334518969672956,0.933491196438357,0.9334653165055078,0.9334636060493973,0.9334570438977081,0.9334432273721684,0.9333604045193151,0.9333207727322546,0.9332320289696103,0.9332625618266318,0.9332032864306703,0.9330077518476904,0.9330484692278358,0.9329376230061037,0.9336740941977919,0.9336657715756381,0.9336796251839566,0.9336729508203424,0.933678112785856,0.9365071310761771,0.9366640473113597,0.9367179399669273,0.9367203865592046,0.9366871597551704,0.9366792847772178,0.9366628882221487,0.9366720202124162,0.9366617622560658,0.9366796818366532,0.9366728035216522,0.9366822402927568,0.936674622413424,0.9366828533015319
267,0.8894485836591121,0.8905539930998696,0.8907539348422626,0.8884325207116809,0.8880450576229607,0.9137609406290652,0.9134491852977232,0.9131491021506809,0.91287487979449,0.9129733682520227,0.9125133162155261,0.912932740109088,0.9128439109970814,0.9126865653309013,0.9128283996727605,0.9199254775277901,0.9193332201176763,0.9188444527001411,0.9188994450376547,0.9209136069591176,0.9209825434259565,0.9209693076737699,0.9209245508659352,0.9207545958579805,0.9204821178500191,0.920459111545795,0.9204585515518329,0.9204483748190034,0.9205233961945243,0.9205229105388095,0.919816499230873,0.9197126056867888,0.9199674600432627,0.9199263312713821,0.919820909246789,0.9198174952198803,0.9199037159246939,0.9197584284252815,0.9195003727946195,0.920938271060616,0.9210025786516596,0.921016162933741,0.9210291689913012,0.9210159858752779,0.921049855112486,0.9210906902401254,0.9210882501500331,0.9210817815908195,0.9210755565129088,0.921061847549942,0.920986890802382,0.920951041843248,0.9208696821070756,0.9209002822146125,0.9208456995068669,0.9206643138930964,0.9206961108308573,0.920601990764834,0.9213046758400658,0.9212987540489197,0.9213086503115664,0.921303897401048,0.9213075825724896,0.9234047030276655,0.9235677047531712,0.9236207228288654,0.923623344479151,0.9235887742956644,0.9235809918828549,0.92356497279001,0.9235739596781422,0.9235617018025345,0.9235793441204768,0.9235722337276415,0.9235803050471411,0.9235807314026797,0.9235886368194881
268,0.870887535367976,0.8721028468280596,0.8720680109751097,0.870052112829482,0.8695877848250543,0.8927608797798615,0.8924704254364532,0.8921471436555699,0.8918614765250881,0.8919241219197789,0.8914624356783853,0.8921823346334824,0.8920821596079439,0.8917950119291458,0.891960245999258,0.895885467788101,0.8953367310701068,0.8948871842129659,0.8949435856393229,0.8975505283947617,0.8975795162594934,0.8975758855870986,0.8975725397372895,0.8975120095032298,0.8970773774624887,0.8970703843452497,0.8970701567998981,0.8970665763276473,0.8970978872809363,0.897097263308033,0.8965671327731031,0.896534222444462,0.8963058440559268,0.8962964146345056,0.8962539550189558,0.8962529660115536,0.8962752389370503,0.8962417201123237,0.896170167092744,0.8979176916797232,0.8979164530035834,0.8979200378525901,0.8979237058775323,0.8979200445520725,0.8979306239585163,0.8979901562674804,0.8979976329332231,0.8979762436365952,0.8979745507065329,0.8980033139314355,0.8979846792511166,0.8979608530080798,0.8979401511006787,0.8979487039395453,0.897933897939848,0.8978794246585245,0.8979036800061807,0.8978597453573999,0.8979744295026181,0.8979721036420416,0.8979760796426045,0.8979742306944145,0.8979757088737099,0.8985296984867618,0.8984196977599055,0.8984441029972461,0.8984471826977963,0.8984306212767317,0.8984269993940561,0.8984196081613767,0.8984240361133832,0.898417262152828,0.8984255157215927,0.8984220861623693,0.898425416034237,0.8984584273519628,0.8984616798437903
269,0.862555379980481,0.8636776053322087,0.8635408862938877,0.8617687799020183,0.8613377993653036,0.880561932323069,0.8803301942152962,0.8800485523839607,0.8798077637747965,0.8798577126655308,0.8794671601412668,0.8802608682966947,0.8801677338409142,0.8799031969073307,0.8800596293380828,0.8830175068808369,0.8824876024756304,0.8820571791383738,0.8821033888279525,0.8846518988969105,0.8846575573555061,0.8846565092966528,0.8846610509912118,0.884632890216805,0.884314980054486,0.8843164829021518,0.8843171109096793,0.8843166076351966,0.8843277723988683,0.8843283331025683,0.8839868357019813,0.883994133165012,0.8842241243005626,0.8842289011872851,0.8841976049457334,0.8841976930043739,0.8841910979090919,0.8842087293858909,0.8842266861478871,0.8853116142305824,0.8852535979650104,0.8852552787434723,0.8852570655189725,0.8852555277547555,0.8852599928984698,0.885362015221677,0.8853687580578365,0.8853155126890814,0.8853141674809435,0.8854031767488861,0.8853919900634316,0.8853428153232977,0.8853336116654404,0.8853535737386861,0.8853464938344949,0.8853199880085945,0.8853439355100824,0.8853201169529094,0.8852890146118191,0.8852863549642357,0.8852910529387831,0.8852889450090953,0.8852906163436809,0.8852993433035556,0.8850514716950098,0.8850626434821338,0.8850665858583474,0.8850585568684372,0.8850568385079958,0.8850533646160068,0.8850559285437951,0.8850532832460095,0.8850571869331798,0.8850555387161692,0.8850569769009765,0.8851031180195317,0.8851026536714892
270,0.8442737445741694,0.8454582819872123,0.8447099375357641,0.8433423278194555,0.842794091584099,0.857073977558945,0.8571736233017366,0.8571490508925647,0.8571624145572783,0.85705985847062,0.8570407267325244,0.8582145845534348,0.8581625413868387,0.8579969332010441,0.8581040484830974,0.859559856085328,0.8592552805454242,0.8590209412739618,0.8590075636838478,0.860482228425383,0.8604694961183599,0.8604695817592458,0.8604833436855691,0.8604580083511144,0.860063884153188,0.8600707231412709,0.8600723045971125,0.8600732210183646,0.8600823682277792,0.8600838724244473,0.85968185303171,0.8597119257501405,0.8601763650908681,0.8601962034165825,0.8601490546258919,0.8601503342875754,0.8601169820494454,0.8601861533810476,0.8602855301411655,0.8613651790707904,0.8611251814515911,0.8611229754517549,0.8611216780836204,0.861122711007143,0.8611154824259553,0.8613555944374269,0.8613578500154037,0.861224168000563,0.8612239282936907,0.8614632614217759,0.8614652636697537,0.8613938138228852,0.8613997607770288,0.8614232243155949,0.8614260535925531,0.8614288517175765,0.8614456059831598,0.8614222620128104,0.8613778369487539,0.8613778260916268,0.8613779264477919,0.8613779534989785,0.8613780497063621,0.8612152903049601,0.8606550233518925,0.8606457806399964,0.8606544443298619,0.8606614740971207,0.8606627922992385,0.8606654399732513,0.860665151868867,0.8606669838021441,0.8606640918359483,0.8606654865085388,0.8606647477893753,0.8607546675721424,0.8607504951501366
271,0.8152605869537886,0.816678591596571,0.8140660696927623,0.8130259844900929,0.8126405319042422,0.8199438645206061,0.8203951309674016,0.8206867979834939,0.8210292278762386,0.8201573706484173,0.8206604602538392,0.8223538510870911,0.8223527618461379,0.8223724238425164,0.8223589112699327,0.8225961865150725,0.8225319290017348,0.8225933771387814,0.8223407651535319,0.8226860762835054,0.8226325730903187,0.8226361311345441,0.8226639890670039,0.8226723727412788,0.8226656969295745,0.822677503727538,0.8226800814402324,0.8226831185498951,0.8226652882738964,0.8226673216604975,0.8225463738530945,0.8225833178126962,0.8226662736984491,0.822687171924119,0.8225926953648414,0.8225940248344022,0.822561774198684,0.8226278615161579,0.8227430217320386,0.8229271964152929,0.8220379537401628,0.8220364175361372,0.8220354199915897,0.8220362740199766,0.8220305870312026,0.8222051334368083,0.8222072053203298,0.8220940050410045,0.8220926895693723,0.8222787937268776,0.8222733854932421,0.8223081427927853,0.8222952922529987,0.8223019507707172,0.8222942985105237,0.8222712265432559,0.8222771673794983,0.8222725957218063,0.8222629686656089,0.8222609982420614,0.8222646443324394,0.8222630392356336,0.8222644113036898,0.8222335285443433,0.8222798294514919,0.8222812765468199,0.8223027075418243,0.8223016035212358,0.8223013840585254,0.8223011239562954,0.8222981115155918,0.822297826736774,0.8222983699250719,0.82229823041134,0.8222985168208792,0.8223369514966177,0.8223362943832488
272,0.8096644510476771,0.8110086928635087,0.8084531472982441,0.807496652138408,0.8071826617782295,0.8132337743587604,0.8136501714633763,0.8139320875188107,0.8142617636730637,0.8131835713019285,0.8136536364678159,0.8150888625309565,0.8150908927540629,0.8151367013113037,0.8150968756019248,0.815291848936792,0.8152307726611894,0.8153468079505464,0.8149812974863031,0.8152949651306265,0.8152390564075496,0.8152434166514886,0.8152770810434905,0.8152894038978457,0.8153171014659745,0.8153302198552993,0.8153332022861431,0.8153366345714038,0.8153181343998862,0.8153204934621221,0.8152183279828258,0.8152572867051603,0.8153333000692073,0.8153564728261664,0.8152638620643871,0.8152650836117873,0.8152313404940011,0.8152996744408647,0.8154264270848703,0.8155339480635784,0.8144341526177492,0.8144339391345566,0.8144339658897375,0.814433919456687,0.8144309019172526,0.8146493867392649,0.8146525844729574,0.8145206341382659,0.8145185109837044,0.814724093155003,0.814712770293974,0.8148755794090692,0.8148468705920949,0.8148587668390541,0.8148413366395811,0.814789935506449,0.8148010811276165,0.814795557702956,0.814788546652759,0.814783795230346,0.8147922717098813,0.8147884287059837,0.8147914034661542,0.8147829165941667,0.814866704409416,0.8148784837506794,0.8149022395405379,0.8148926423078197,0.8148907427092772,0.8148870299714225,0.8148786527540128,0.8148762349919599,0.8148803139383323,0.8148785251213967,0.8148798246486463,0.814898517984551,0.814899063701008
273,0.7914528388168596,0.793045079199815,0.7883740816942216,0.7874316646525675,0.7871875112917949,0.7910585758677847,0.7916366923239468,0.7920534256148499,0.7925294702783261,0.7903900367178734,0.7911147617294713,0.7924629840500645,0.7925083044606153,0.7927309789041699,0.7926099593750884,0.7925934454494548,0.7926602020287804,0.7929916656329936,0.7923493472781028,0.7923958495697458,0.7923689732531173,0.7923773658980716,0.7924237986932402,0.7924583800869629,0.7925433685070412,0.7925656514015061,0.7925705710717579,0.7925768237641377,0.7924566130876406,0.7924604499534202,0.7923909203313062,0.7924514042159102,0.792358934638384,0.7923827763274094,0.7921741106249099,0.7921760920608295,0.7921396352377156,0.7922145659661322,0.7923511637203015,0.792293223489348,0.7902275404626122,0.7902275411854355,0.7902275419831665,0.790227542888888,0.7902275430736518,0.7902275211296454,0.7902275213360519,0.7902275179493039,0.7902275179854619,0.790227521455563,0.7902275230556653,0.7902275323797863,0.7902275336777034,0.7902275344790144,0.7902275356953051,0.7902275372183554,0.7902275373237099,0.7902275383156533,0.7902275390467965,0.7902275399318179,0.7902275399917327,0.7902275408444046,0.7902275413695128,0.7902275413516486,0.7902275502533331,0.7902275497182033,0.7902275370030823,0.7902275373913532,0.7902275379590514,0.7902275386246302,0.7902275380045999,0.7902275383456193,0.7902275388291414,0.7902275393593223,0.7902275398186068,0.790227540110414,0.7902275404773613
274,0.7679867352718629,0.7694680112836905,0.7617079793309497,0.7609492637036235,0.7607081814737765,0.7624639609061247,0.7630176961688814,0.7634126682009245,0.7638704413261606,0.759333000860949,0.7601289363357496,0.7608700360508811,0.7609575993303767,0.7613519072627839,0.7611796934127275,0.761160007058165,0.761328741533674,0.7618370481201914,0.7609350206428585,0.7609102717059282,0.7608669676235631,0.7608776117777991,0.760933485052912,0.7609823619316922,0.7610267632788967,0.7610568208238081,0.7610621807266765,0.7610702422352202,0.7605164419351205,0.7605220546722875,0.7604678398596992,0.7605456106535956,0.7604707309536866,0.7604972687458997,0.7602391046622223,0.7602414932566113,0.7602061436303346,0.7602846501988053,0.7604106862148421,0.760345945456844,0.7595377410720746,0.7595331489656029,0.7595295405568279,0.75953501262577,0.759519923798728,0.7590165549451902,0.759003227835341,0.7589546867958845,0.7589570595401027,0.7589483782034258,0.7590074808949122,0.758887341397135,0.7589587446712014,0.758961384375228,0.7590079265761005,0.7591152091490416,0.759084749888794,0.7591053165464896,0.7591144263111783,0.7591295249480917,0.7591045718465459,0.7591166611911796,0.7591093258501008,0.7591012247784993,0.7591203450542843,0.7590802222076798,0.7581970677600434,0.7582081243661412,0.7582103550275768,0.7582152912756196,0.7582129608403017,0.7582157888129503,0.7582112336702864,0.7582135238881351,0.7582123450839235,0.7582146165428509,0.758211813394252
275,0.760503574958284,0.7617388700466728,0.7530436307676225,0.7524412085450466,0.7522002191351139,0.7533747357109344,0.7538390533835257,0.7541560308178746,0.7545364677581743,0.7486685485253873,0.7494170287459451,0.7499593418824249,0.7500483287599441,0.750455547551787,0.7502840264427395,0.7502787042522225,0.750459061421448,0.7509803657984045,0.7500951419207623,0.7500669341921087,0.7500002721464297,0.7500101352732025,0.7500673138429961,0.7501177864983406,0.7501477951924587,0.7501783943707059,0.7501826134460269,0.7501903292175216,0.7493234332212543,0.7493294654765728,0.749293065603585,0.7493705048644657,0.7493146830037478,0.7493408713923263,0.7492282658288987,0.7492301481645615,0.7492030597768496,0.7492669670423052,0.7493671434514688,0.7493200701871289,0.7488157602385088,0.7488117427534405,0.7488084993500117,0.748813894046857,0.748799946713966,0.7484472169995281,0.7484354849031418,0.7483864566235533,0.748387570314897,0.7483805012452014,0.7484337522536744,0.7482588466000185,0.7483238328392463,0.7483252396966393,0.7483674324056352,0.7484525201242723,0.7484247275349862,0.7484439027766395,0.7484523320585814,0.7484660587007672,0.7484436259873353,0.7484546379257956,0.7484482666333624,0.7484405474383525,0.7484508720849176,0.7484148592164395,0.74712160612664,0.7471216074768364,0.7471216083619506,0.7471216095736225,0.7471216088609478,0.747121609521058,0.7471216097640969,0.7471216106120895,0.7471216110836305,0.7471216101701195,0.7471216105232324
276,0.7456022193660027,0.7465916181305614,0.7387476533573805,0.7382592525534701,0.7380008489781622,0.7387574324960418,0.7391644851599334,0.7394142990333928,0.7397371940202606,0.7310845694886766,0.7317667667108373,0.7321378838520674,0.7322206577939263,0.7326310056834353,0.7324312753078799,0.7324433323987684,0.7325870443090957,0.7331463530458181,0.7321645069440562,0.732139339401742,0.7320584499618152,0.7320674962650328,0.7321255883134422,0.7321769118035533,0.7321864829810284,0.7322168785671681,0.7322202508662632,0.7322271362653974,0.7312067276494617,0.7312137584469429,0.731216740448591,0.7312882179278646,0.7312528976576623,0.7312772936872163,0.7321199675506509,0.7321206461549021,0.732108492606005,0.7321428667746435,0.732209913987244,0.7321952340018801,0.7320685036139549,0.7320662184367561,0.732064029498548,0.7320683661310692,0.732058631668275,0.7319792613358594,0.7319735827785943,0.7319354935484216,0.731933284273996,0.7319304228708939,0.7319596862191301,0.7318106818032064,0.7318529136084698,0.7318523928050327,0.7318793904137331,0.731898420083774,0.7318802930957504,0.7318937107426725,0.731899526051912,0.7319083753042799,0.7318944687629955,0.7319016371276976,0.7318981864643568,0.7318926996220408,0.7318822423927721,0.7318599445992402,0.7314233607579664,0.7314362038259097,0.7314389297050143,0.731445644916915,0.7313797027141425,0.7313833303015268,0.7313783606331009,0.7313812125664517,0.7313801597639985,0.7313756168791556,0.7313724540684928
277,0.7305622770860607,0.7302165487306981,0.7221127309345763,0.722435506550135,0.7222089808374271,0.7214194109224513,0.7213119037712828,0.7210979823087798,0.720947506856369,0.706403632981959,0.7067892038571189,0.7069027573441721,0.7069506163875985,0.7072101607120841,0.7070937200381205,0.7071092284961259,0.7071987380245722,0.7075486051609943,0.7071058433986478,0.7070819458538906,0.7070069437850539,0.7070127915858082,0.7070636187003017,0.7071085662407909,0.7071112274738132,0.7071376360821753,0.7071388373240537,0.7071440217559473,0.7060432594631092,0.7060494980200652,0.7060841976006926,0.7061579647062667,0.7061252422831744,0.706149640627948,0.7075185908245814,0.7075201651750633,0.7074802651489258,0.7075605531047081,0.7077218446311153,0.7077019182093481,0.7076769528380245,0.7076652344449245,0.707655419047133,0.7076642474186686,0.7076334232525908,0.7076114273935925,0.707597637614243,0.7075584809008783,0.7075589877922136,0.7075590095075862,0.7076180016025426,0.707593565087499,0.7076679896551256,0.7076681806611824,0.7077168211826871,0.7078108067282693,0.7077757674878279,0.7077954900311084,0.7078049570104329,0.7078221844621919,0.7077927798575724,0.7078065531642842,0.7077970753975082,0.7077845050411152,0.7077534841053287,0.7077089529670458,0.7076515295051512,0.7076865613468615,0.7076937224970886,0.7077090234857226,0.7075982689114089,0.7076070238494185,0.7075926096823538,0.7075995740026669,0.7075955317467987,0.7075935763696586,0.7075855752520389
278,0.7279094393485745,0.7266621872528439,0.718243145311711,0.7191877421695443,0.719020138636563,0.7172431903556149,0.7167515791718766,0.7161834495645737,0.7156644412713915,0.6983029253702435,0.6983945014820044,0.6984093094646453,0.6984094741401916,0.6984785780067666,0.6984353102845732,0.6984206735338174,0.6984507013359174,0.6985637307724566,0.6983612609716802,0.6983429902093299,0.6983141253423979,0.698309429754593,0.6983146905916842,0.6983173992065357,0.698323069942944,0.6983242360007541,0.698319321456813,0.6983181604631808,0.6974648953282151,0.6974643111883579,0.697481084340796,0.6974933279865307,0.6974847397893674,0.6974875064913627,0.6978759996996288,0.6978765844604401,0.6978578694587507,0.6978885573946855,0.6979772949614194,0.6979670199904843,0.6979678295567076,0.6979614345274519,0.6979558329100952,0.6979580815577207,0.6979449640354695,0.69795310995713,0.6979466870195954,0.6979293186454246,0.6979312062093128,0.6979295744023363,0.6979513643152032,0.6979277212915983,0.6979542350593164,0.697955094193538,0.6979728328755488,0.6980562539498538,0.698042501536088,0.6980469763795014,0.6980497268075301,0.6980565804300212,0.6980436200871629,0.6980490044689864,0.6980436979879301,0.6980379254424358,0.6980305316759723,0.698011974216269,0.6980087392264231,0.6980232966451325,0.6980261036956713,0.6980306740243846,0.6979437756421495,0.6979468994401613,0.6979401983033751,0.6979427326848753,0.6979403426898215,0.6979453099271241,0.6979423968139603
279,0.917078841929444,0.9178498770506467,0.9182901709516629,0.9158750082542425,0.9153891742789532,0.9417967537251515,0.9418779537343296,0.9423387098051069,0.9426289126211965,0.9429326396248391,0.9432600019483597,0.9433101038507281,0.9433691140655596,0.9440592990036502,0.9440135689629868,0.9621625374925276,0.9621625382134028,0.962162537274642,0.9621625317364776,0.9621625338069307,0.9621625268840438,0.9621625229730633,0.9621625189586166,0.9621625247729549,0.9621625198570787,0.9621625153512392,0.9621625106799584,0.962162507570424,0.962162501281655,0.9621624980135648,0.9621625058745775,0.9621625043630705,0.9621624985644821,0.9621624945105473,0.962162493740248,0.9621624907719908,0.9621624860241768,0.9621624845352638,0.9621624850854628,0.9621624963457542,0.9621624916512244,0.9621624879961779,0.9621624838142456,0.9621624811932316,0.9621624769302093,0.9621624734141278,0.9621624570017123,0.9621624527859991,0.9621624523431698,0.9621624480241324,0.9621624460300637,0.9621624440584277,0.962162441869194,0.9621624414960029,0.9621624384816335,0.96216243923337,0.9621624369592017,0.9621624320250851,0.9621624406455166,0.9621624376685494,0.9621624343044124,0.9621624311303139,0.9621624273428127,0.9621626524519734,0.9621626535046243,0.9621626504944671,0.9621626500199578,0.9621626513744157,0.9621626514682889,0.9621626520736414,0.9621626514554031,0.9621626553123092,0.9621626540432365,0.9621626541077986,0.9621626530924977,0.9621626555591617,0.9621626547104356
280,0.9240278624927429,0.9245111867252968,0.9249542748604929,0.9229455707167274,0.9225473072755368,0.9426117399559069,0.9426575465547672,0.943266980408448,0.9436042531047627,0.9439181415560806,0.9443038002227103,0.9443084536425627,0.9443818487512335,0.9451984183956609,0.9451308114215481,0.9594643251006414,0.9597439065204885,0.9599711451314632,0.959963826530806,0.95995360806064,0.9598658171201127,0.9598930958533468,0.9599640212113777,0.9605525998728829,0.9606032149950618,0.9606249369846909,0.9606346402537828,0.960649916759273,0.96057156558415,0.9605766393370624,0.960905397909457,0.9610108714337716,0.9609376236168236,0.9609656831871695,0.9610419350303184,0.961044811005949,0.960985550763883,0.9610757997753039,0.9612472458323362,0.9611400066879224,0.9610922349928506,0.961086848137119,0.9610736034518198,0.9610918047967575,0.9610493788583193,0.9610149212873199,0.9606104363298357,0.960582742684304,0.9605845434732176,0.9605834036305324,0.9606307856426843,0.9606542616792509,0.9607023477009042,0.9607093613640896,0.9607400185697846,0.9608366075625274,0.9608441685753024,0.9608718903615939,0.9610112685714699,0.9610234397661662,0.9610033267898732,0.9610131636934536,0.9610056064453488,0.9608110087573758,0.9608037619296711,0.9607690144501453,0.9607676031136179,0.9607842724914806,0.9607891490507421,0.9607998942767938,0.9607942872927819,0.9608567716935408,0.9608458249130519,0.9608489835989396,0.96083920445228,0.9608585663940773,0.9608521359089143
281,0.9131023675498472,0.9139936276036574,0.9144071814521033,0.9119017178675819,0.9113942616862313,0.9398786688783394,0.9399427512452138,0.9402860380584546,0.9405079081041705,0.9407821129407594,0.9410169959831369,0.9411076776846563,0.9411480215620558,0.9417078181853202,0.9416870140418521,0.9576848727351146,0.9576557015760716,0.9576365079079275,0.9576425696930173,0.9578714387854169,0.9578709350928558,0.9578691792169804,0.9578716610743928,0.9578237867926659,0.9577649482087853,0.9577665699320538,0.9577667512082096,0.9577658282579934,0.9577698895371451,0.9577697163013346,0.9575437021240275,0.9575350804711257,0.9575342800215071,0.9575302308916251,0.9575185635200487,0.9575182856057894,0.9575279006023159,0.9575140309345891,0.9574837640140134,0.9578099830660904,0.9578156766716049,0.9578151888183052,0.9578158002074992,0.9578142332574805,0.9578153550196015,0.9578187351688232,0.957822905864689,0.9578185272792065,0.9578185227482113,0.9578153814914234,0.9578128191690786,0.9578119419265018,0.9578088186356042,0.9578136194933553,0.9578109611541772,0.9577994836137597,0.95780484616326,0.9577600861573913,0.9578611334855329,0.9578609335662722,0.9578610134313961,0.9578608520728534,0.9578609644818398,0.9601254621509407,0.9601500991219851,0.9601504150659648,0.9601503537580239,0.9601519308411981,0.9601519187078185,0.9601516787910019,0.9601517487469983,0.9601504607683363,0.9601505425723444,0.9601508172876216,0.9601519487378107,0.9601493769986296,0.9601492700018238
282,0.8997076533645264,0.9008478279405717,0.9011396001308988,0.8986118546771023,0.8981018293392797,0.9287209630947949,0.9285854370350128,0.9285238040331243,0.9284420210614778,0.9285952925902339,0.9284006006035879,0.9286792945114515,0.9286400599597471,0.9287220208712481,0.9288042897391154,0.9390746347132881,0.9387729085547185,0.9385299470433647,0.938562963717725,0.9396597834238594,0.9397032890296526,0.9396924803638954,0.9396698723229242,0.9395086230179623,0.9392092688567383,0.9391967281278398,0.9391962373783703,0.9391882852341369,0.9392421321793814,0.9392409847955505,0.9384136388824934,0.9383355889544823,0.9383705025516791,0.9383414243741666,0.9382641004139313,0.9382616447215566,0.938324697638581,0.9382233660458861,0.9380321399092254,0.9394619245567383,0.939503069283859,0.9395087378275192,0.9395164478698855,0.9395067372452626,0.9395273905489694,0.9395542220120515,0.9395593533444816,0.9395558578566766,0.9395530424990597,0.9395415554370642,0.93949816607873,0.9394780759036881,0.9394309299989807,0.9394493304196607,0.9394169770603708,0.9393053923186208,0.9393348131976744,0.9392156615890346,0.9396448019829573,0.9396394324635338,0.9396481085128009,0.9396437972670033,0.9396472385400956,0.9447401497453972,0.9449007050969834,0.9449526541810223,0.944955003159684,0.9449232903993859,0.9449156946536873,0.9448998510421017,0.9449086862785313,0.9448938039094771,0.9449112117013924,0.9449045831431189,0.9449138155700643,0.944908605415262,0.9449169026872019
283,0.8943567849301165,0.8956957072126465,0.8959316399032307,0.8933406938423873,0.8927344957564723,0.9276562548675877,0.9274657856203773,0.927323499831605,0.9271707600174457,0.927281480716921,0.9269902697079664,0.9273529239140236,0.9272964107560532,0.9272345999396424,0.9273408514245549,0.9354811011385237,0.9352108237956225,0.9349999087424626,0.9350359842820646,0.9362033324850991,0.9362482185099025,0.9362390049079302,0.936226084119857,0.936070479352411,0.9355377468900248,0.9355240754166145,0.9355232667426149,0.9355151622188976,0.9355731714669021,0.9355717962329674,0.9345179985376676,0.934434252076493,0.9343087131410996,0.9342815160684907,0.9342068881045118,0.9342045942119912,0.9342646714319449,0.9341695547583859,0.9339849529107983,0.936119489607164,0.9361548490671644,0.9361589491052102,0.9361651385392767,0.9361569643633326,0.9361739271317281,0.9362017559997409,0.9362264641567515,0.9362245499789081,0.9362228435127083,0.936211701708679,0.9361817020432543,0.9361681157235938,0.9361344228483681,0.9361469308263733,0.9361232246857654,0.9360376124756398,0.9360624714746931,0.9359416961861728,0.9362212106989145,0.936216025636986,0.9362244936806542,0.9362203439656333,0.9362236963980326,0.9435404177732463,0.9437272598217815,0.9437803389883317,0.943782721038099,0.9437492369009419,0.9437414416611981,0.9437252230731251,0.9437342891770217,0.9437172164609193,0.9437349904662655,0.9437279785088224,0.9437365666897315,0.943750487917724,0.9437591399024965
284,0.8918767332704283,0.8932927669906429,0.8934923366153891,0.8909025081383498,0.8902601006831796,0.9265533283487806,0.9263377683557223,0.9261586073096452,0.9259739486227624,0.9260640079355313,0.9257311461452764,0.926138610715842,0.9260742930992862,0.925947357132698,0.9260641944147319,0.9332088299958338,0.9329387211534814,0.9327295174629353,0.9327676339732635,0.9339579654310414,0.9340087599650789,0.9339998017414549,0.9339883301031953,0.9338363380570404,0.933171781387933,0.9331563872751257,0.9331554289707129,0.9331469087540297,0.933209538254339,0.9332080518947605,0.93207046690932,0.9319805757828364,0.9318097821786046,0.9317818841638524,0.9317046573639352,0.9317022754551433,0.9317639640982487,0.9316662816217574,0.9314762832496796,0.933947420191301,0.9339835476621783,0.9339881876019228,0.933994640085122,0.9339864020907857,0.9340045456181609,0.9340349911174318,0.9340628391938518,0.9340637640089363,0.9340619649495591,0.934051087789785,0.9340203731718822,0.934006273576564,0.9339714512015398,0.9339818894587891,0.9339574389661889,0.9338690294069998,0.9338943855225028,0.9337833800285722,0.9340144491971722,0.9340080859226638,0.9340186356784856,0.9340135513451644,0.934017592720486,0.9415969938335802,0.9417882222406083,0.9418344421498978,0.9418364258356786,0.9418078232655537,0.9418010349231961,0.9417867752347372,0.9417947005676481,0.941778653311063,0.9417940630336997,0.9417880187583269,0.9417956178093481,0.9418251414984431,0.9418326313317618
285,0.8695353048451554,0.8711780204267333,0.8708482640012164,0.8687246500418513,0.8679938772979662,0.8975892772642241,0.8976553380341654,0.8975751793556135,0.8975313544835782,0.8976142071704483,0.8974976118397275,0.8984444795469723,0.898388444740649,0.8981635286784758,0.8982872022883444,0.9008799594556879,0.9006749262760613,0.9005189300519139,0.9005719977231533,0.9019388219282733,0.9020315341905439,0.9020291737563595,0.9020482849531233,0.9019627064261049,0.9002582612593789,0.9002517347984835,0.9002517166549149,0.9002467878731522,0.9002922942379018,0.9002912532780527,0.8991016305471601,0.8990473318233144,0.8987609156541293,0.8987460471515838,0.8986902055322178,0.8986890019595479,0.8987246284971081,0.8986735304319052,0.8985617400244246,0.90453681754427,0.9045368158018962,0.9045368134028858,0.9045368109438716,0.904536808625021,0.9045368069292188,0.904536807660757,0.9045368060006888,0.9045368033755665,0.9045368030924191,0.90453680162348,0.9045367988169809,0.9045367961457936,0.9045367931958379,0.904536792852709,0.9045367898935479,0.9045367866074661,0.9045367853719557,0.9045367807061402,0.9045367810841042,0.9045367785453682,0.9045367771570174,0.9045367745765094,0.9045367723881338,0.9045368934874644,0.9045367986528029,0.9045367998311773,0.9045367981539921,0.9045367961757497,0.9045367940132011,0.9045367914788424,0.9045367910820534,0.9045367893412896,0.9045367880643801,0.904536786064379,0.9045367847527793,0.9045368073862988,0.9045368061405885
286,0.8653606645583255,0.8669893651803601,0.8665250051846489,0.864518332314969,0.8637971306094324,0.8908356647150174,0.8909736735723568,0.8909419528229285,0.8909506391960778,0.8910301134391001,0.8909918576005039,0.8920513503518944,0.8920022216238536,0.891800563762388,0.8919173222756097,0.8941590458297496,0.893970456290336,0.8938264213314262,0.893879374027297,0.8952336870607769,0.8953280506533275,0.8953270887491825,0.8953512055853884,0.8952803027120667,0.8935642161675111,0.8935621186007426,0.8935625176381761,0.8935591638040409,0.893594698517174,0.8935939419633716,0.892438707485712,0.8924064349136079,0.8921337614591043,0.892125335772922,0.8920820992816517,0.8920815008918691,0.8921040272240665,0.8920759035050159,0.8920033774490226,0.8970874034371104,0.897078633004378,0.8970760325470212,0.8970741386310548,0.8970756235895819,0.8970694258094053,0.8970836831448638,0.8970826445168193,0.897066743503682,0.8970675366056343,0.8970844135465068,0.8970933343531932,0.8970897704741738,0.8971002365061931,0.8971020972804908,0.8971086729788799,0.897127080892887,0.897126401089686,0.8971007156909242,0.8970927540652309,0.8970947996409168,0.8970912836274967,0.8970929103450441,0.8970917862958792,0.8969445149789054,0.8960164646200706,0.8960216719014695,0.8960235107999758,0.8960198811714447,0.8960190945901712,0.8960174845545121,0.8960184857682811,0.8960172003394185,0.8960189932461953,0.8960182287552722,0.8960188747390956,0.8961141557283155,0.8961151174089714
287,0.8564748626982219,0.85807293628827,0.8572510641705505,0.855486501535382,0.8547955376727856,0.8767924061234135,0.8770768636074756,0.8771545451780178,0.8772794579758834,0.8773243688305647,0.877465718531308,0.8787791426839756,0.8787463839492613,0.8786031130500955,0.8786991723410814,0.880275386036794,0.8801360275267347,0.8800304325676586,0.8800786245636297,0.8812734948261383,0.881370436248599,0.8813718268825743,0.8814029412487129,0.8813589736433113,0.8797435417215904,0.8797496672062423,0.8797508774893859,0.8797504922157973,0.8797675859288945,0.8797674402485574,0.8787260708210467,0.8787355265809129,0.8785308346653773,0.8785348717723338,0.8785158175556418,0.8785163950480128,0.8785137155877217,0.8785296655906228,0.8785325495340115,0.8820553059904956,0.882023938927416,0.8820162730023983,0.8820105523420454,0.882015159041912,0.8819963652197816,0.882027775392478,0.882023489736759,0.8819782045870695,0.8819806272985086,0.8820302042367707,0.8820572368335732,0.8820488247301381,0.8820799348530289,0.8820849116300616,0.882104507215371,0.8821600843418569,0.8821555493012062,0.8820974185267573,0.8820727678175182,0.8820787442052686,0.8820684720700968,0.8820732423650197,0.8820699270194385,0.8817639315157277,0.8792255807668763,0.879227663703535,0.8792325352593471,0.8792313558397451,0.8792310247186699,0.8792303068117179,0.8792309567358344,0.879230145362117,0.8792309312461016,0.8792306479672543,0.879231033762721,0.87944986520523,0.8794503535068308
288,0.8470108619356347,0.8486013346167194,0.8471794178464703,0.8456607199596216,0.8450313077268413,0.8621299802137584,0.8625845093665899,0.8628021649294703,0.8630758721610019,0.8630473478968723,0.863432512497286,0.865078081122678,0.8650679427392648,0.865007404282493,0.8650680865822957,0.8659611756037667,0.865913635862788,0.8658852372455067,0.8659267866274053,0.8667381895275235,0.8668606185320344,0.86686392475181,0.8668983296505799,0.8668776340067685,0.865415509894901,0.8654267859335576,0.8654286225574773,0.8654303658273387,0.8654350701304965,0.8654354337181775,0.8645489349100067,0.8645836099395063,0.8644541689183244,0.8644658556894772,0.864468950453415,0.8644703346984322,0.8644519959580017,0.8644944648358487,0.8645454153886677,0.8667515801941635,0.866714424938184,0.8667025727080488,0.866693617609173,0.8667009957835338,0.8666715326130093,0.8666387415381654,0.8666312270067911,0.8665757384269615,0.8665793978510484,0.8666367777780387,0.8666770524321433,0.8666723312102923,0.8667180951489486,0.8667233623046856,0.8667524846726361,0.8668359829770965,0.8668246504528527,0.8667532974085308,0.8667262561901412,0.8667352268578423,0.8667198798781793,0.8667270437924771,0.8667221399999679,0.8664075046934402,0.8623831208984716,0.8623693046836487,0.8623754161925286,0.8623859978351179,0.8623880426911871,0.8623921557334786,0.8623901197372295,0.8623925051139647,0.8623879914183374,0.8623901066473005,0.8623888659991962,0.8626508940722764,0.8626487889315008
289,0.8226958894440942,0.8242223102277517,0.8208477482971379,0.8197641156284771,0.8193507958839137,0.8275865146379451,0.8281743259614235,0.8285496811185483,0.8289891036973677,0.8284572960561074,0.8291570332141905,0.8316559156448534,0.8316559155808878,0.8316559177149877,0.8316559166563228,0.8316559204824974,0.8316559224350741,0.831655926064069,0.8316559228383524,0.8316559297405616,0.8316559350288982,0.8316559353844555,0.8316559367535602,0.8316559374524419,0.8316559214060473,0.8316559217823413,0.8316559216794497,0.8316559216844418,0.8316559205629446,0.8316559204765207,0.8316559044548543,0.831655906239667,0.8316559036080483,0.8316559038226566,0.8316559016342404,0.8316559012648679,0.8316558991327241,0.8316559019681035,0.8316559067097512,0.831655927182223,0.8316559056989408,0.8316559046836255,0.8316559037561134,0.8316559037020772,0.8316559018250456,0.8316558485923299,0.8316558468942824,0.8316558430186415,0.8316558429389516,0.831655844541617,0.8316558444859834,0.8316558416628174,0.8316558418468504,0.8316558416412991,0.8316558412096113,0.8316558431265565,0.8316558414041959,0.8316558383917149,0.8316558363016539,0.831655835299209,0.8316558336581119,0.8316558325387663,0.8316558309816401,0.8316558224050387,0.8316556958268053,0.8316556928387143,0.8316556894493977,0.8316556895118888,0.8316556866597113,0.8316556840523207,0.8316556826376594,0.8316556812665155,0.8316556773959056,0.8316556748272822,0.8316556719263676,0.8316556819720393,0.8316556785758831
290,0.8074845723467109,0.8090365155012447,0.8039198343915791,0.8029868590233413,0.8026759147724863,0.8076225680751746,0.8082436989736487,0.8086716834914391,0.8091645179849687,0.8081113732158425,0.8089318223420358,0.8107515653869086,0.8108013072945442,0.8110042652914226,0.8109387106079896,0.8108762039557273,0.811009087041318,0.8112357458102949,0.8110086041193484,0.8109759821833054,0.8111048725442059,0.8111120593415718,0.8111440737382536,0.8111708854578069,0.8112042308273043,0.8112219316296605,0.8112264134181517,0.8112315508327163,0.811164996474727,0.8111683520352879,0.8110489199347498,0.8111025843381434,0.811045137906441,0.811064253890554,0.8109675415857719,0.8109696916406117,0.8109381900189305,0.8110040051023831,0.8111084971230281,0.8110044531570643,0.8102835994996563,0.8102766844633492,0.8102714384096864,0.8102769649817029,0.8102581534977387,0.8086024790964337,0.8085975393742159,0.8085779759466899,0.8085793476575418,0.8085821827964997,0.8086061064148693,0.8085595378808443,0.8085909060952179,0.8085908544780723,0.8086117933380059,0.8086671251058145,0.8086525014770414,0.8086606132063587,0.8086647561919343,0.8086720621243794,0.8086600877175995,0.8086658910576915,0.8086624581054113,0.8086561653564998,0.8086293355926788,0.8086038639391272,0.8085514522290189,0.8085704774231303,0.8085743228797071,0.808582895311142,0.808582507360046,0.8085873171228594,0.808579545737691,0.8085834725467919,0.8085815095940151,0.808591100533551,0.8085862177292349
291,0.7949225515829067,0.7964992881079451,0.7899800366877826,0.7891184439276291,0.7888508841863296,0.7921936254014214,0.792806558018312,0.7932424310309869,0.7937396457970544,0.7920302542233354,0.7928786451070188,0.7942542684229422,0.7943273148377228,0.7946275852031197,0.7945249704159582,0.7944635669579054,0.794640407325165,0.7949811672056339,0.7945740675356988,0.7945364327076921,0.7946449807874888,0.79465556869905,0.7947032080348087,0.794743900665133,0.7948048795628412,0.794831042882843,0.7948374778125988,0.7948450113010431,0.7946855806810902,0.7946906428363094,0.7945621932428043,0.794638556847403,0.7945560862182093,0.7945829436662561,0.794409445974082,0.7944124115709978,0.7943692072659334,0.7944604195210432,0.7946047590138847,0.7944873853205391,0.7934004466148749,0.7933932596307405,0.7933878095230914,0.7933942621623185,0.7933737841835704,0.7914428271792016,0.7914309741065719,0.7914011510925604,0.7914046476125544,0.7913969994330866,0.791449912025253,0.7913754290979254,0.7914409108673591,0.7914406509836566,0.7914838423366828,0.7916008821513566,0.7915714288689853,0.7915906761648966,0.7915992926880085,0.7916138892211525,0.7915895150768214,0.7916011351684032,0.7915937544044683,0.7915861145215404,0.7916357541201456,0.791592685869939,0.7914221627023605,0.7914532193409451,0.7914595040189895,0.7914732746388977,0.7914726072705006,0.7914805016269776,0.7914675548439329,0.7914739546943187,0.7914705320520795,0.7914868208439975,0.7914794321802663
292,0.7748378203176881,0.7763013521179906,0.7679485319096089,0.7672180690586287,0.7669811945685201,0.768802089907619,0.7693394245177518,0.7697255108933693,0.7701687968813267,0.7666049371723902,0.7674068739707048,0.7682207071295187,0.768309466159668,0.7686870685127487,0.7685436869735452,0.768515382992826,0.7687013145617689,0.7691551380191448,0.7684651328882699,0.7684332361098736,0.7684249986864115,0.7684368442541212,0.7684944996415634,0.7685450216116088,0.7685963555934514,0.7686278034184005,0.7686342435741346,0.768642915963852,0.7681598141232213,0.7681659553284502,0.7680834208788994,0.7681689801588009,0.7680886477518344,0.7681179792919929,0.7678679030867193,0.7678708340137003,0.7678290187318527,0.7679204156277641,0.7680639014433924,0.7679802541058838,0.7670612878046602,0.7670559943596283,0.7670519235234785,0.7670581343699049,0.7670408979237394,0.7660525570213049,0.7660357288939328,0.7659873547747771,0.7659913740473119,0.7659797696706157,0.7660538915371241,0.7659400689582556,0.7660279546990527,0.766029374814081,0.7660864934604378,0.7662274401633227,0.7661901003480077,0.7662152119196529,0.7662262950175515,0.7662447385616754,0.7662140498507435,0.7662288058392476,0.7662196190741277,0.7662099485684222,0.7662439785079612,0.766194131652334,0.7655279735731758,0.7655539935352207,0.7655592480279945,0.7655707530255311,0.7655702921987653,0.7655768893401795,0.7655660958519728,0.765571441467266,0.7655685822058002,0.765575618222968,0.7655694641228878
293,0.7647290199200141,0.7662906062159687,0.7597457850781636,0.7589122936094398,0.7586944597717162,0.7606220097944543,0.7612143737803235,0.7616409396642246,0.7621344779965136,0.7573419666928122,0.7581095229063302,0.7588532069834949,0.758931343437221,0.7593123319625844,0.7591068825730394,0.7590874460780207,0.7592139965376878,0.7597519934003137,0.7586060725340606,0.7585922676436615,0.758548158251485,0.7585563607931863,0.75860117653409,0.7586398285516578,0.7586768762479145,0.7587005420470495,0.7587046011553992,0.7587109361646666,0.7583188082240314,0.7583229046388827,0.7582883148406154,0.7583471590085262,0.7582770050735083,0.7582970949211119,0.7580369668385811,0.7580386858840992,0.7580111483817656,0.7580714392873286,0.7581735366696709,0.7581266379886127,0.7574325993779377,0.7574287686694402,0.757425706553407,0.7574298944520531,0.7574176413650198,0.7571980165825356,0.7571890670816642,0.7571484570256388,0.7571495522134765,0.7571463900860328,0.7571860203183166,0.7571475058550168,0.7571950852612909,0.7571998859922121,0.7572312391814052,0.7573003119488584,0.7572797511813169,0.757293719888241,0.7572998804349959,0.7573101851998372,0.7572932146783297,0.7573014619415093,0.7572965066850987,0.7572910776610475,0.7573027323583499,0.7572754969056861,0.7566227710756355,0.7566262791962557,0.7566269910457075,0.7566286768823662,0.7566176640215377,0.7566186007612296,0.756617151415236,0.7566179471875722,0.7566176134630854,0.7566176457664535,0.7566162334904879
294,0.7519406224532202,0.7524854664087531,0.7424128803921592,0.7422330084212408,0.7420128896974892,0.7422093958027448,0.742415826821119,0.7425020729618479,0.7426502188112586,0.7343316964783208,0.7349175380131332,0.7351966142053052,0.7352675264345562,0.7356250886823053,0.7354805811805387,0.7354830424197162,0.7356608421162628,0.7361190823223022,0.73542841609894,0.7353951320326855,0.7353045149846108,0.735309961210113,0.7353623124079152,0.7354078204564661,0.7354266644318738,0.7354536340432583,0.7354538574095651,0.7354595116285539,0.7338861440215643,0.7338917015864354,0.7338819858528703,0.7339499603698023,0.7339151096744697,0.7339379181384239,0.7340684415454132,0.734069639834143,0.7340501522089187,0.7340972114512571,0.7341698498788585,0.7341442196923474,0.7339332494914913,0.7339296067537949,0.7339265078889589,0.7339312618815823,0.733918792004186,0.7337749737568227,0.7337665999402733,0.7337300247046398,0.7337296920672294,0.7337259378029897,0.7337649771118403,0.7336236054792059,0.733669926536673,0.7336702178667068,0.7336999292753964,0.7337445087234589,0.7337249492502381,0.7337385862918718,0.733744604152572,0.7337541858952834,0.7337387202819439,0.7337464435463028,0.7337422286573541,0.7337364478408958,0.7337376106405038,0.7337125200566462,0.7330697156118815,0.733075308874224,0.7330764814348137,0.733079443020315,0.7330633381102838,0.7330648663116637,0.7330628443106949,0.7330640775930581,0.7330637101935024,0.7330628638991591,0.7330614996718846
295,0.7446723169256734,0.7439865869048443,0.7331324707378757,0.7337776992557895,0.7335998833637853,0.7323614836130101,0.7320729322814005,0.7316890222800693,0.7313610929902573,0.7195123029395678,0.7196861217362467,0.7197248158223519,0.7197226603576029,0.7198523086118384,0.7197733012645605,0.7197363959010737,0.71982203226403,0.7200312688150124,0.7196250259726581,0.7195864938798078,0.7195276332215129,0.7195164100076359,0.7195199813875337,0.7195189622293273,0.719538818179232,0.7195373317554543,0.7195262214284769,0.7195228982364212,0.7167987747583355,0.7167987754671401,0.7167987747038552,0.716798775521983,0.7167987758387878,0.7167987767975312,0.7167987771488209,0.7167987778443761,0.716798778569321,0.7167987791979181,0.7167987813734154,0.7167987818873836,0.716798781452257,0.7167987823201816,0.7167987832233427,0.7167987839337095,0.7167987847420437,0.7167987874083002,0.7167987883267412,0.7167987883130501,0.716798788406401,0.7167987891297637,0.7167987898586627,0.7167987851203053,0.7167987857522754,0.7167987860620625,0.716798786818289,0.7167987894974994,0.716798790321796,0.7167987906953817,0.7167987914787176,0.7167987923074943,0.7167987928708492,0.7167987937272908,0.7167987944488076,0.7167987945139365,0.7167987963110468,0.7167987964281762,0.7167987833563447,0.7167987834207886,0.7167987840108235,0.7167987843835262,0.7167987802574418,0.7167987804896191,0.7167987810911911,0.7167987815618935,0.7167987820134956,0.7167987822128693,0.7167987828868166
296,0.8995026766069768,0.9009390363944366,0.9012395507422122,0.8984565914207043,0.897749833049897,0.9388202246116943,0.9387709898092559,0.9388038418281154,0.9388013939681584,0.9389446462229145,0.9388728742523628,0.9391063222704173,0.9390900540376141,0.9392001383186155,0.9392520776807064,0.9472973445998901,0.947208809627392,0.9471452810045156,0.9471663711033126,0.9477945802204002,0.9478117283381456,0.9478091745444573,0.9478135745975368,0.9477239303819225,0.9472819327038923,0.9472742763217207,0.947274424682348,0.9472703855354103,0.9473051507545066,0.9473050395969305,0.9463717617283929,0.9463161422659654,0.9461681938842791,0.9461517772775583,0.9461064843604847,0.946105238634788,0.9461426940347191,0.9460820129257299,0.945962323464171,0.9475124376141781,0.9475407155471902,0.9475460927135393,0.9475513333025347,0.9475462323288419,0.947560462818857,0.9475853144519444,0.9476139163357999,0.9476171238943815,0.9476151790612026,0.9476071764100239,0.947586566709168,0.9475763449940844,0.9475497773431784,0.9475554822759884,0.9475359463234014,0.9474594217720053,0.9474830676486209,0.947349966902071,0.9474421278622123,0.9474343581715197,0.9474480407112805,0.9474419503399714,0.947446978405618,0.9616393196312248,0.9616393242278142,0.9616393229640322,0.9616393159119445,0.9616393120730296,0.961639304941029,0.9616392973878899,0.9616392948862746,0.9616392907958003,0.9616392840709835,0.961639277501973,0.961639271645193,0.9616392871213392,0.961639280673711
297,0.9002617046073216,0.9017749660667798,0.9020857821278196,0.8992267228574112,0.8984701859751474,0.9429486031743334,0.9429418502866314,0.943018051882732,0.9430565571871143,0.9431976846362977,0.9431919562557038,0.943379315111004,0.9433751569048341,0.9435189234475434,0.9435521918965689,0.9505027910801785,0.9504540517635597,0.9504184991202194,0.9504353524757216,0.9509015171397096,0.9509127454925786,0.9509128974589713,0.9509196124299468,0.9508647535792352,0.9504672661029715,0.9504594135998544,0.9504600037258543,0.9504573463170465,0.9504866916367132,0.9504873173002492,0.9496537898302695,0.9496044465448295,0.9494622833274741,0.9494482312836598,0.9494104442197856,0.9494093994410445,0.9494412430440305,0.949386613915052,0.9492825756232711,0.9505799014862392,0.9506083370177733,0.9506158193720301,0.9506214907517806,0.9506174301526557,0.950632881086693,0.9506589748172739,0.9506813242327152,0.9506877512931141,0.9506848806265534,0.9506783222819811,0.950655423710451,0.9506433778470773,0.9506129558342866,0.9506168296232994,0.9505946537963817,0.9505086550613298,0.9505347552439678,0.9504049739622457,0.9504482826823862,0.9504389142239281,0.9504557418948324,0.9504484332701628,0.950454387918186,0.9613102446011634,0.9613397932684825,0.961360210320082,0.9613612300269745,0.9613438166269723,0.9613406850990018,0.9613346355965432,0.9613383195032283,0.9613397292278155,0.9613467955590227,0.96134324090061,0.9613440231346647,0.9613929174105627,0.9613962076888308
298,0.8962080617513386,0.8978734664966901,0.8981136004082891,0.8952720616933405,0.8944625264398619,0.9426472826594212,0.9425567474345641,0.9425055752394804,0.942436404678832,0.9425047874579603,0.9423579597760507,0.9425930413006457,0.9425647050307671,0.9425230700506834,0.9425837296752942,0.9470712177729627,0.9469792163329295,0.9469105198725246,0.9469307898757009,0.9474030953007232,0.9474379248156526,0.9474348157814184,0.9474328201727991,0.9473590647075164,0.9467439498153448,0.946730429907708,0.9467301551864353,0.9467248169404688,0.946771288478629,0.9467709266483535,0.9458310737979834,0.9457602135972455,0.9456332770538728,0.9456131034124589,0.945558971111823,0.9455572832663677,0.9456020684194522,0.9455277721494983,0.9453855038824525,0.9468228649227429,0.9468662343876408,0.9468775221255774,0.9468872378382027,0.9468787420299352,0.9469071945556873,0.9469461284338718,0.9469756540148996,0.946993411260874,0.9469893075312167,0.9469828678051107,0.9469363808305874,0.9469124649583125,0.9468572248150587,0.9468597163597152,0.946821454221805,0.9466834296710906,0.9467178532976117,0.9466724167861666,0.9467021299479708,0.9466865491339695,0.9467139295371093,0.9467016253887861,0.9467114117932757,0.9548446657241424,0.9548817997347585,0.9548961676488618,0.9548967217027167,0.9548879141081285,0.954885768338121,0.9548814053234362,0.9548840975304452,0.9548806809479992,0.9548857627019527,0.9548837427187021,0.9548857626684166,0.954982085267683,0.9549841992978426
299,0.88866737549207,0.8904266112497724,0.8905181163978573,0.8878460897367842,0.8870278111592221,0.9322611829689849,0.9321632096842103,0.9320306221881156,0.9319066403832963,0.9319571324921586,0.9317367235722653,0.9321573050564492,0.9321088140108005,0.9319223727489404,0.932016063305766,0.9351778557738885,0.935056078978339,0.9349723982012607,0.9350036828468355,0.9356887038184021,0.9357551123656132,0.9357497519160591,0.9357518274080663,0.9356489846625061,0.9344041391167671,0.9343879640935142,0.9343869816428257,0.9343791622756125,0.9344403419326003,0.9344388994351841,0.9335031071120491,0.9334041844175074,0.9332508033543516,0.9332226464771555,0.9331457035877199,0.9331432365478755,0.9332056778742162,0.933105321281217,0.9329099740962442,0.935153976745312,0.9352159640187454,0.9352312417644862,0.9352454206388656,0.9352319194136609,0.9352745492368013,0.9353313351891591,0.9353707577335398,0.935400111973766,0.9353946128498231,0.9353866028026765,0.9353145074351048,0.9352780538316384,0.9351959619509639,0.935197902053028,0.9351422364212139,0.9349480501082308,0.9349919725741664,0.9351481764990734,0.9351837633574658,0.9351598654012893,0.9352014348207983,0.9351824275821788,0.9351973588834313,0.941643592021738,0.9416420118642317,0.9416471535224746,0.9416470570114441,0.941649678164363,0.9416490350453267,0.9416473665796098,0.9416484113743108,0.9416395588363141,0.9416414275868095,0.9416415741481025,0.9416448126253949,0.9418240503447795,0.941824418978852
300,0.8854679745344136,0.8873263429373027,0.8873196945780091,0.8847249237497978,0.8838782637792553,0.9279042170571976,0.9280262575159993,0.9280169494986104,0.928037885940101,0.9281383220698912,0.9281321866605508,0.9286105043023059,0.9285886868435542,0.9284816001501972,0.928546464129888,0.9304398103191076,0.9304224384464216,0.9304286962758122,0.9304591844674495,0.9310598426504023,0.9311283350532111,0.9311264173683391,0.931148721094421,0.9310718300631372,0.9293461629149599,0.9293375393373311,0.9293369400413791,0.9293312623470606,0.9293742081425742,0.9293728767098679,0.9290151447988358,0.9289242410973222,0.9287954906255856,0.9287698390835292,0.9286992419520207,0.9286969863372158,0.9287548190169266,0.9286625896844259,0.9284785874744551,0.9305475163053499,0.9306136879946776,0.9306305805336305,0.9306460559384171,0.9306315931837648,0.9306782748902775,0.9307440859399738,0.9307823352960296,0.9308162217455546,0.9308101520374701,0.9308034190409153,0.9307235976241454,0.9306827809132464,0.9305921686637025,0.930592812632365,0.9305316030243131,0.9303188567044292,0.9303649801794187,0.930857469071134,0.9308697067251135,0.93084030331127,0.9308914938487434,0.9308680675246955,0.9308864094930831,0.9351087734114075,0.9350394448013538,0.9350598397233072,0.9350604385675262,0.9350531165419101,0.9350502464772266,0.9350440877440236,0.9350477833282677,0.9350344401951309,0.9350414456098386,0.9350395029902995,0.935044857766454,0.9352860849987495,0.9352893218483486
301,0.8693179255289145,0.8711577169286936,0.8706014132210236,0.8685337323407575,0.8677587063816727,0.8972253168338673,0.8977048716006776,0.897914954404972,0.8981874005976657,0.898383569700791,0.8987500422803948,0.899721041124948,0.8997331734501176,0.8997461000767002,0.8997884905954167,0.9009339310583291,0.9010276440805065,0.9011374304526193,0.9011838896844272,0.901925537140165,0.9020838072790333,0.9020891534101307,0.9021479057555989,0.9021110114821932,0.898961878802057,0.8989637371562028,0.8989643051630185,0.8989624049700831,0.8989826968676403,0.8989820457493388,0.8981947352874835,0.8981499036337913,0.897992373745896,0.8979801215545044,0.897941271845214,0.897940388563244,0.8979699527155385,0.897927179935646,0.8978349478745047,0.9006259770715606,0.90065586088002,0.9006598225664966,0.900663934464019,0.9006599799877985,0.9006717961331056,0.9006679632807506,0.900681227361007,0.9006897487717724,0.9006879778022535,0.9006878068033161,0.9006634993664924,0.9006482584505573,0.9006220127943826,0.9006223270510116,0.900604778419727,0.900541485203304,0.9005549004338215,0.9006929402194888,0.9006818488370589,0.900670868048031,0.9006902401186587,0.9006814409129082,0.9006886232179524,0.9016604553923223,0.8998940399214573,0.8999090668461084,0.8999101037043076,0.8999021601488615,0.8999000203740314,0.8998956885508396,0.8998982665730498,0.8998915166462751,0.8998966199168835,0.8998948796046343,0.899897863009215,0.900294348542422,0.9002973742808065
302,0.8704649178206645,0.8722802634666741,0.8718208470436681,0.8696877185760002,0.8689056567153631,0.8998069936652378,0.9001744945909849,0.9003026804577752,0.9004848169901334,0.9006476351974956,0.9008726404296523,0.9018150393580194,0.9018078328045864,0.9017467941047755,0.9018123518597202,0.9033252379346147,0.9033432952279564,0.9033846182408071,0.9034326130154474,0.904300398626076,0.9044353907362453,0.9044381030959562,0.9044848669778076,0.9044298840035957,0.9017092438817559,0.901707796676349,0.9017080931288332,0.9017048665035147,0.9017354176517682,0.901734531508777,0.9007889478999777,0.9007328419952914,0.9005404350497938,0.9005249673332966,0.9004759578288292,0.9004747528125642,0.9005112087036918,0.9004573397257555,0.9003437044084162,0.9038392340925723,0.9038724446575186,0.9038778661945501,0.903883143813907,0.9038781228889806,0.9038937315667962,0.9039020896270905,0.9039173566020792,0.9039288259926215,0.9039265050104072,0.9039253323715787,0.9038950381635169,0.9038773243000358,0.9038442299886076,0.9038445202511102,0.9038224341907739,0.903744901666081,0.9037614815408201,0.9038706895177917,0.9038625184694085,0.9038505106035732,0.9038715740083791,0.9038619621753082,0.9038696400614107,0.9050858283563751,0.9036548880827379,0.9036712732374002,0.9036722733765672,0.9036633480652964,0.9036609924454314,0.903656094151711,0.9036589166670385,0.9036517765180843,0.9036572447655153,0.9036552865179962,0.9036583345552641,0.9040118041998513,0.9040148398780145
303,0.8490273842087537,0.8503094806914834,0.8478479698983327,0.846843027690097,0.8464608702738718,0.8566763310157025,0.8573148151822686,0.8577112664112837,0.8581889042626041,0.8583920910116827,0.859170838005659,0.860498908647396,0.8605619269459087,0.8607938385778078,0.8607564741746047,0.8608249984411441,0.861125493290705,0.8614483835334777,0.8614844781132209,0.8616754403769045,0.8624169921289816,0.8624289292434262,0.8624926225367405,0.8625150282771566,0.8601423392733213,0.8601550921688866,0.8601596640524349,0.8601633622731775,0.8601719891492587,0.8601740196780552,0.8593991024231397,0.8594030767926324,0.8593554656860676,0.8593583317921375,0.8593698133330505,0.8593711762928898,0.8593724711243413,0.8593817438500635,0.859395290479348,0.85989332337159,0.8598915175956084,0.8598842888758652,0.8598795208236223,0.8598853523535087,0.8598662652842985,0.8590895787469034,0.8590871853088073,0.8590777268893993,0.8590798231011294,0.8590795905884265,0.8591020863563477,0.8591075976319088,0.8591413419869381,0.859142040928315,0.8591662722877886,0.8592363533356216,0.8592181981656086,0.8590970571966275,0.8590925065415523,0.8591025387369573,0.8590865704361277,0.8590944266587176,0.8590904122099899,0.8588947806609952,0.8533342898604696,0.8533295549042885,0.8533302153301645,0.8533350960380685,0.8533359745084965,0.8533389237024601,0.8533399548457227,0.8533403135918721,0.8533395851336013,0.8533406157973088,0.853341254462249,0.8504889411767482,0.8504788967616607
304,0.8472889341144522,0.848832474086758,0.8467848421763261,0.845479644650907,0.8449574296461084,0.8589521097452594,0.8595906813865302,0.8599618768603491,0.8604074980804299,0.8605021678704634,0.8611935258064846,0.862818974556398,0.8628543038433133,0.8629654669110856,0.8629671829316591,0.863274667279798,0.8634465872106349,0.8636330907183141,0.8636800539513806,0.8640521110968441,0.8644632232816204,0.8644721915687551,0.8645286751584258,0.864535757518014,0.8622624563116101,0.8622775580881724,0.862280947412073,0.8622845387666502,0.8622843753103576,0.8622855419262112,0.861287532544489,0.8613228456001057,0.861219748910779,0.8612310475583962,0.8612564030628224,0.8612582700189398,0.8612413706225521,0.8612822110395559,0.8613396041555014,0.8625756568179928,0.8625660531246241,0.8625504313998902,0.8625388124590829,0.862549128939605,0.8625103156413777,0.8619224434659395,0.8619137097182792,0.8618864619041154,0.8618907228082702,0.8618993660701794,0.8619460110960068,0.861958246448023,0.8620151029781276,0.8620169819829089,0.8620551031442019,0.8621688962528858,0.8621444983384563,0.8620217534738899,0.86200972925789,0.862023204566963,0.8620006060129353,0.862011264112251,0.8620044432135114,0.8617712514933997,0.8515655249937271,0.8515655264069035,0.8515655317677241,0.851565534317659,0.8515655394068506,0.8515655447740567,0.8515655467731675,0.8515655496101905,0.8515655547084205,0.8515655594046654,0.8515655637933968,0.8515655017069238,0.8515655055267775
305,0.8306634079871595,0.8319203836437284,0.827432870187779,0.8266372498977009,0.8263517403990601,0.832103377624603,0.8327397231402484,0.8331582470663093,0.8336586237148736,0.8336436780301191,0.8345016202546398,0.83604702973608,0.8361145926820764,0.8363855404190653,0.8363262954022724,0.836283451386897,0.8365898002409983,0.8369162869848142,0.8369170721048973,0.836947218048416,0.837753205494932,0.8377624456592422,0.8378038358827674,0.8378264832864576,0.8369282143886693,0.8369433714570285,0.8369484106149772,0.8369529214087656,0.8369588151426884,0.8369616501082884,0.8363233056171921,0.8363600786524796,0.836301331598075,0.8363137471198924,0.8363265631204678,0.8363287189400186,0.8363109927364462,0.8363538277372805,0.8364185857334581,0.8366712613233089,0.8365977061998614,0.8365862354619624,0.8365779125964261,0.8365866308773136,0.8365566500278514,0.8341150694639468,0.8341139794475382,0.8341103889912658,0.8341114008376752,0.8341049061157121,0.8341194123193311,0.8341148595868487,0.8341373914203538,0.8341378109904805,0.8341537202009649,0.8341929984533254,0.834181672221096,0.8341109942530752,0.8341077423081222,0.8341139743039618,0.8341044829225364,0.8341093735018208,0.8341073742541095,0.8339783876295226,0.8301302520959977,0.830157563043461,0.8301605333755834,0.8301413757510097,0.8301374684168044,0.8301307382103781,0.8301377731368974,0.8301323839132623,0.8301424603281349,0.8301385631149961,0.8301423061406398,0.8294229217191273,0.8294197087873335
306,0.8113077742609605,0.8127926762610028,0.8072204763909552,0.8063525575257712,0.8060589514091295,0.8106938240529884,0.8113255387767929,0.8117589036649321,0.8122611025314866,0.8115263986976354,0.812384934712125,0.8141143807181623,0.8141766617474377,0.8144252092604637,0.8143569733379727,0.814279229300396,0.8144809124097103,0.8147427317415576,0.8145988909563706,0.8145434085221788,0.8148460627155699,0.8148539914328219,0.8148869881274814,0.8149141669530413,0.8148185924080033,0.8148370020547567,0.8148419116710591,0.8148472808410213,0.8148004058214438,0.8148039008632724,0.8145796502356486,0.8146373961306231,0.8145755302298832,0.8145949243590066,0.81454141115363,0.8145438227071545,0.8145113892908895,0.8145792384596284,0.8146828349193388,0.8146070568888584,0.8141660763675375,0.8141563247404862,0.8141489479752295,0.8141565255230806,0.8141304826829537,0.8113705625824951,0.811366650928834,0.8113573040045022,0.8113584855243378,0.8113496039178846,0.8113705930690749,0.8113353067948936,0.811363665076731,0.8113633646770796,0.8113821504941567,0.8114275729122947,0.8114147692820369,0.8114124096791958,0.8114160247731697,0.8114224697313906,0.8114121498171536,0.8114172793901847,0.8114145583923507,0.8113944252591804,0.8108363306431711,0.8108139222881535,0.810771121990339,0.8107883386962895,0.8107918126860533,0.8107997540338567,0.8107998407388678,0.810804091641831,0.8107972985157925,0.8108008499235888,0.8107992459233766,0.8107769623850324,0.8107717466510128
307,0.7972859285493366,0.7987164514453134,0.7902613117839341,0.789565101576135,0.7893364872159765,0.7916513892029757,0.7922231807313912,0.7926277910279161,0.7930919571732036,0.7920550302948788,0.7928955286369174,0.7939733765843328,0.7940611476118804,0.7944144823626715,0.7943164214674698,0.7942500708334141,0.7945176187484226,0.7948806876402518,0.7946442827681754,0.7945813119638437,0.7949070414951789,0.794918275361735,0.7949655570433393,0.7950068961904684,0.7950042944733074,0.795031027372129,0.7950378588882855,0.7950455399250882,0.7949297932247136,0.7949350405549652,0.7947291273821311,0.7948114472673339,0.7947388047540658,0.7947664280334349,0.7946763059684177,0.7946795296670034,0.7946343367452212,0.7947291474308804,0.7948728880081506,0.794765314510501,0.794178157515005,0.7941670629626487,0.7941586530409191,0.7941679506109223,0.7941373067062071,0.7897959666022623,0.7897819387686875,0.7897528223797495,0.7897572856720882,0.7897487603749113,0.7898112120622722,0.7897735087297685,0.789848580911358,0.789848558170856,0.7898980647642807,0.7900332878880975,0.7899996189839056,0.79002000484034,0.790029949116457,0.7900466631817571,0.7900187626667702,0.7900320670402492,0.7900236375090469,0.7900121248365625,0.7899466673155952,0.7898982130683596,0.7897675235238442,0.7898037968767252,0.7898111473871486,0.789827327927033,0.789825488816713,0.7898346919435536,0.7898196201576458,0.7898271038688983,0.7898231458662449,0.7898386128308581,0.7898298099762906
308,0.783788458314231,0.7852379157373446,0.7764892119756274,0.775783323996593,0.7755556785079859,0.777506467325802,0.7780399442855269,0.7784247721379126,0.7788627558468862,0.7765188223399895,0.7773239400782975,0.7782352348694264,0.7783234475770454,0.778680006460356,0.7785641203488628,0.7785220329794418,0.7787293816701589,0.7791222427604033,0.7786567028125672,0.7786137215443978,0.7786984928880251,0.7787107545615779,0.778764834484735,0.7788123520215776,0.7788597870813305,0.7788898734719619,0.7788971100375877,0.7789056816171809,0.7785904702235997,0.7785966596838765,0.7784712895550672,0.7785578906609113,0.7784791899404667,0.7785089173490659,0.778320694073618,0.7783239513993665,0.7782791384038581,0.7783758067536227,0.7785236122969941,0.7784221770529817,0.777560187017886,0.7775531512423777,0.7775478220300542,0.7775552477582226,0.7775335537667505,0.7755106731924805,0.775491297028603,0.7754456501136229,0.7754512210202903,0.7754396125417731,0.7755245977895394,0.7754397900041784,0.7755399795163588,0.7755403797453915,0.775605736924376,0.7757772357662585,0.7757339650210027,0.7757628330579699,0.7757755786290809,0.7757969576437572,0.7757612013390255,0.7757782709869933,0.7757674130509121,0.7757562919046842,0.7758025294345917,0.7757433187089597,0.7753596314751338,0.7753998674105425,0.7754080045176848,0.7754258055395018,0.7754248003813171,0.7754349985038431,0.7754182427743149,0.7754265165171456,0.7754220569268496,0.7754372477998294,0.7754278158151082
309,0.774357816288256,0.7752417397184005,0.762892321448966,0.7625880328927915,0.7624583078274766,0.7630220623147453,0.7632670153731002,0.763438890626186,0.7636425308841974,0.7609525516844103,0.7614318796672108,0.7617928494596531,0.7618539580799994,0.7621029618996846,0.762026382340001,0.7620162486036388,0.7621594646442349,0.762434882307905,0.7621144425644268,0.7620875415649824,0.7620872344896868,0.7620950458741294,0.7621336728223834,0.7621678123302009,0.7621894765266014,0.7622108387843822,0.7622148674525967,0.7622206086760471,0.7616831044651801,0.7616877420937209,0.7616164826077773,0.7616795110383177,0.7616367845236187,0.7616580604078261,0.7615327341056,0.7615348747245645,0.7615066163062653,0.7615689575068593,0.761663151445769,0.7616117178073555,0.7612424836668401,0.7612377134263157,0.7612340904324362,0.7612394748279716,0.7612242482746572,0.7602253447954332,0.7602107342844691,0.760173784669228,0.7601774707553516,0.7601716156357021,0.7602359543835908,0.7601650634912606,0.7602389315733581,0.7602395615639373,0.7602876506829955,0.7604109087741261,0.7603790727568801,0.7604006825712596,0.7604099980109001,0.7604257132730547,0.7603994772998763,0.7604120308305935,0.7604041025312426,0.760395575277803,0.7604227602599344,0.760380064083171,0.7599746577706535,0.7599995044050918,0.7600045102068904,0.760015510469788,0.7600150046856307,0.7600212020858302,0.7600110165756309,0.7600160946286277,0.7600134392539644,0.7600212670618652,0.7600154879871525
310,0.7585811545856681,0.7589881502254724,0.7474007423493327,0.7473421034425212,0.7471693182722305,0.7471771900917242,0.7472972939012674,0.7473225066357067,0.747398486221271,0.740645891039691,0.741105528561357,0.7413311825595114,0.7413837460076282,0.741664584206186,0.7415554950008332,0.7415470946195587,0.7417059630472146,0.7420633049721166,0.741545057946468,0.741510746420839,0.7414293373765297,0.7414315265552399,0.7414715539824359,0.7415056523542455,0.7415284976760136,0.7415488733321705,0.7415471450069788,0.7415510227099873,0.7400903555934524,0.7400938103091624,0.7400834196304452,0.740145060694903,0.7401096286876911,0.74012936451209,0.7400200214307058,0.7400212660280895,0.7399979115532257,0.7400479642541173,0.7401292194229212,0.7400956955504913,0.7398498357284123,0.7398453186200024,0.7398416321526536,0.7398454457966738,0.7398328818059838,0.7396358774300738,0.7396262082054709,0.7395926873505713,0.7395937472962868,0.7395884904389192,0.7396294739209469,0.7395117660494189,0.7395577100668895,0.7395586537640749,0.739588403799005,0.7396610142926033,0.7396409699504555,0.7396525891103769,0.7396581159313164,0.739667975607663,0.7396511645114122,0.7396590501006028,0.739653642373757,0.7396473505905498,0.7396639385021027,0.7396367168857813,0.7390131231954252,0.739017049082494,0.7390177601230871,0.7390188369532474,0.7390139087478251,0.7390147206020184,0.739012863760237,0.739013589090589,0.739012957644449,0.7390198036069028,0.7390190045314158
311,0.8989814464076537,0.9008340167487515,0.9011018761835663,0.8981098789704496,0.8971996104868981,0.9571306672462144,0.9571306636131812,0.9571306536001701,0.9571306436833888,0.957130637662542,0.9571306315191691,0.9571306229567916,0.9571306128320106,0.9571306088302028,0.9571305984303349,0.9571306564825305,0.957130653705991,0.9571306489740437,0.9571306422050673,0.9571306386011906,0.9571306319299615,0.9571306264805869,0.9571306196737713,0.957130614229049,0.957130583189364,0.9571305752493287,0.9571305676817313,0.957130562358824,0.9571305556773305,0.957130550593213,0.9571306837805482,0.9571306814949571,0.9571306752775994,0.9571306717714724,0.9571306707695004,0.9571306682695753,0.9571306646647579,0.9571306626150858,0.9571306616913123,0.9571306769862467,0.9571306742709447,0.9571306716524058,0.9571306686108293,0.9571306663021569,0.9571306638540892,0.9571306632725299,0.9571306598132296,0.9571306574664993,0.957130656928367,0.9571306537798814,0.9571306514253828,0.9571306494165164,0.9571306465159631,0.9571306458781682,0.9571306427095422,0.9571306398730408,0.957130638050476,0.9571307882053496,0.9571307869364258,0.9571307862397246,0.95713078620995,0.957130785541695,0.9571307851154424,0.9571309598075984,0.9571309652697941,0.9571309671839802,0.9571309692316241,0.9571309684306983,0.9571309701171034,0.957130971711705,0.9571309727101326,0.9571309746770781,0.9571309771309987,0.9571309785583784,0.9571309800226776,0.9571309908524677,0.9571309930612555
312,0.8950008104362139,0.8969360700986653,0.8971159618335879,0.8942413221433584,0.8933241696853115,0.9470937215165594,0.9473023820662486,0.9474256757273838,0.9475712184242103,0.9476712781184243,0.9478766147264821,0.9479895063941137,0.9480126145589896,0.9481167316958812,0.9480977711961854,0.9481659679392546,0.9482735722256815,0.9483725155291117,0.9483766066437503,0.9484569114449956,0.9484473454816529,0.9484518803607099,0.9484801955671243,0.9484896146192683,0.9477834783937372,0.9477936761313162,0.9477942641212453,0.9477968090632364,0.9477755308994639,0.947776382507534,0.9498951536422501,0.9499126981116487,0.9498827308763073,0.9498887402495599,0.9499024642289418,0.9499031369238564,0.9498938234441071,0.9499120236444262,0.9499316272784021,0.950153898404923,0.9501559819895203,0.9501559698932266,0.9501562030797871,0.9501561939430773,0.9501559066267548,0.9501751218585796,0.9501785241006782,0.9501773565050502,0.9501773846330157,0.9501762222716491,0.9501791982929126,0.9501802312680384,0.950180963524941,0.9501812822991176,0.950180726060258,0.9501701733814646,0.9501726029529278,0.9520126814868559,0.9520122554970527,0.9520045820610977,0.9520178157716364,0.9520116819206159,0.9520165386697222,0.9524903920796609,0.9525293812493922,0.9525451739585239,0.952545775321382,0.9525378411930848,0.9525355745802295,0.9525308541974793,0.9525336942006792,0.9525260446866693,0.9525314732503015,0.9525296293185594,0.9525328406276972,0.9525694894840745,0.9525727391846659
313,0.89016723054969,0.8921766503321178,0.8922271781979627,0.8895555113296643,0.8886479161640038,0.9339757383129283,0.9344137811838595,0.934686257746694,0.934998039558633,0.935211594854429,0.9356463486364351,0.9358876305998823,0.9359364596432602,0.9361579444997498,0.9361166678972128,0.9361487378368312,0.9363654687171445,0.9365622634566417,0.9365709206919342,0.9366974150650379,0.9366902518348736,0.9367006952561403,0.9367569232575033,0.9367871541776948,0.9351618194368875,0.9351812996508155,0.9351826039169406,0.9351882556997617,0.9351437166539779,0.9351460137452259,0.9405757796355986,0.9406121707814743,0.9405660319533387,0.9405781939036751,0.9406072550731803,0.9406086342872192,0.9405898115501964,0.9406247296464922,0.9406633059539603,0.9409425083506306,0.9409445807818246,0.940944808812966,0.940945000568617,0.9409460008693239,0.9409440829264734,0.9409857300782524,0.9409884013648689,0.9409850079843929,0.9409850298697062,0.9409834951320765,0.9409919988632413,0.9409951197191808,0.9409986325336667,0.9409991581478921,0.9409992091428093,0.9409799595058919,0.9409846788019504,0.9450912237188789,0.9450879020140289,0.9450720931997533,0.9450995644856093,0.9450869314939288,0.9450970422760555,0.9455676471471747,0.945662617749729,0.9456967305826441,0.9456980363561668,0.9456796645679647,0.9456747470300249,0.9456647289226214,0.9456709614806201,0.9456566142953234,0.9456684179108436,0.9456642380157587,0.9456706106968319,0.9456007472291302,0.9456083761058354
314,0.8837143958641596,0.8857038932030271,0.8855826036922638,0.8831193724817401,0.8822523833178751,0.9220153068658479,0.9225574879263693,0.9228541407661993,0.9232146459694897,0.9234630037812325,0.9239788930373007,0.9244329185268206,0.9244859757152648,0.9246961038479897,0.9246667893958224,0.9250392017320568,0.9252960585044554,0.9255445296937296,0.9255638178621298,0.925870744010754,0.9259110904606045,0.9259208336926561,0.9259950810775815,0.9260032289187674,0.9234697514445477,0.9234886986650658,0.9234899363334362,0.9234935569700324,0.9234621754129443,0.9234627177999604,0.9266560491530895,0.9266316550123715,0.9265757055784296,0.9265699104023749,0.9265521721063444,0.9265518875687454,0.9265705398023469,0.9265444109070573,0.9264717227535427,0.9272820585779812,0.9273201533357297,0.927330136400643,0.92733943925868,0.9273313377253097,0.9273579594190293,0.9274279646249842,0.9274492541883242,0.927467961665639,0.9274648130448986,0.9274618134385694,0.9274191523577151,0.9273964495587887,0.9273450804926241,0.9273448879852809,0.927309011232382,0.9271734191439145,0.9272016555893949,0.9294110887750193,0.929404524864982,0.9293762658564534,0.9294255645296532,0.9294030126807551,0.9294209204823854,0.9306497944617593,0.930751132064731,0.9307972127405016,0.9307989491191088,0.9307740435210115,0.9307674056907425,0.9307539161480451,0.9307623588998777,0.9307430711094994,0.9307589999688284,0.9307533633266426,0.9307619658347601,0.930736918763986,0.9307471779585138
315,0.8767101957640768,0.8786513068475289,0.8782744511961914,0.876103320348734,0.8752997090440079,0.9073471983885847,0.9079956813398216,0.908353164873697,0.9087850009436733,0.9090747049056644,0.909696518827447,0.9103653467729967,0.9104260187810421,0.9106529848808596,0.9106257154180795,0.9110262689340036,0.9113127050031069,0.9115958409353065,0.9116243851641631,0.9120035762160643,0.912122515973553,0.9121342751247468,0.9122201933298819,0.9122314399277963,0.9085523176398432,0.9085656077171149,0.9085666248517253,0.9085689515997228,0.9085497321728926,0.9085500285556553,0.9107717408943379,0.9107257574033436,0.9106817562324334,0.9106691853791041,0.9106356154633872,0.9106346270512827,0.9106653481801948,0.9106163627106665,0.9105134795282467,0.9113397028100039,0.9113834981758333,0.911395725878498,0.9114065127153609,0.9113974495992996,0.9114290462864179,0.9115006613769793,0.9115219195085489,0.9115451486771152,0.9115408798368183,0.9115385624028272,0.9114850281994168,0.9114568761312845,0.911395218781563,0.9113948037134615,0.9113529260349678,0.9112034279611916,0.9112343769468098,0.912497051060556,0.9124884080578327,0.9124636747632449,0.9125070018343252,0.9124872733110932,0.9125029618583999,0.9133547291854813,0.913354505677341,0.913392344918452,0.913393791420513,0.9133723873567287,0.9133669244558686,0.9133559505185799,0.9133629366068375,0.9133483659232006,0.9133614717190108,0.9133567166264491,0.9133634190928013,0.9133542684588554,0.9133631022152982
316,0.8679527091396277,0.8697048018713519,0.8688583393800883,0.867147163676113,0.8664847445250603,0.8886931563908762,0.8894005633879318,0.8898092967952266,0.8902967386549319,0.8906036796918381,0.8913254817980448,0.8922275180709556,0.8922958578911989,0.8925420076624586,0.8925105344837482,0.8927537021641903,0.8930623831165247,0.8933776118631144,0.8934131633171932,0.893751124555601,0.8940455581214038,0.8940594478078379,0.8941485929273406,0.8941713097609205,0.8888545302980583,0.8888545332322971,0.8888545356118115,0.8888545373867649,0.8888545387217804,0.8888545403288484,0.8888546128693731,0.8888546127010221,0.8888546137532356,0.888854616680191,0.8888546162770603,0.8888546188054155,0.888854624353893,0.8888546229193418,0.8888546180204692,0.8888546619539625,0.8888546686711916,0.8888546734108422,0.8888546783219369,0.8888546815555459,0.8888546865825677,0.8888546876179882,0.8888546929415702,0.8888546974277393,0.8888546976024599,0.8888547018893977,0.8888547023540062,0.8888547034137056,0.8888547038092308,0.8888547048444166,0.888854706669578,0.8888547005614428,0.8888547054897815,0.8888547491310682,0.8888547527880621,0.8888547560012152,0.8888547611957625,0.8888547647575733,0.8888547698763166,0.8888547875422647,0.8888546517769202,0.8888546532486766,0.8888546558834589,0.8888546569940403,0.8888546595004527,0.8888546620744744,0.8888546632959706,0.8888546642261262,0.8888546671455948,0.8888546694843755,0.8888546719898847,0.8888544690845587,0.8888544696993181
317,0.8496005888755882,0.850902317819573,0.8485190937081963,0.8474886179502444,0.8470952179350436,0.8576883956063606,0.8583299467663319,0.8587266620942774,0.8592043250366094,0.8594096920940827,0.8601850898837093,0.8615124644871788,0.8615748811339375,0.8618030370869039,0.861767315344907,0.8618460617298912,0.8621431092770532,0.8624623065218205,0.8624992323805065,0.8627004872790979,0.8634201530969459,0.8634321392527481,0.8634968248508934,0.8635189908153068,0.8610666684646623,0.8610793736019804,0.861083842801288,0.8610874905001852,0.8610955607847622,0.861097517150747,0.8603201256871282,0.8603237144223386,0.8602753804494873,0.8602780821835114,0.8602892528009944,0.8602905740416211,0.8602919826170417,0.8603008943709772,0.8603139504607143,0.8608315824253201,0.8608304329956042,0.8608231367418292,0.8608183026312249,0.8608240899566489,0.8608049611997021,0.8600671540374402,0.8600646690361482,0.8600549591796713,0.8600570663473021,0.8600570241602091,0.8600796746447548,0.8600853101024892,0.8601191688422538,0.8601198755055269,0.860144177282014,0.8602149457773139,0.8601967136923456,0.8600734097028215,0.8600686473921616,0.8600787235922892,0.8600625977022254,0.8600704875382236,0.8600663504341027,0.8598700503557922,0.8542578630241574,0.8542507937798465,0.8542512129902278,0.8542577900047272,0.8542590103291394,0.854262532203185,0.8542630969200077,0.8542638721387465,0.8542622368733056,0.8542636147835397,0.8542639133014239,0.8514575960811811,0.8514477017867399
318,0.8499037695708151,0.8513224789765268,0.8491533063976968,0.8479905230630543,0.8475375550500345,0.8598741606943404,0.8605295169761707,0.8609256060994402,0.861401206639116,0.8615835344672174,0.8623404591667477,0.8637544506294089,0.8638095730676822,0.8640029515499617,0.8639794844880707,0.8641323391779724,0.8643941871126322,0.8646755792985895,0.8647169857573369,0.864979465960299,0.865575891834594,0.8655873601281493,0.8656528306550245,0.8656710699633434,0.8630599848188103,0.8630737844010653,0.8630778286827614,0.8630815197427685,0.8630853693979891,0.8630869991764515,0.8621954180901713,0.8622113630199006,0.8621448792946419,0.8621509198774112,0.8621685036461758,0.8621700432884439,0.8621641093878321,0.8621857594769998,0.8622176960372028,0.8629589031795768,0.8629534929489054,0.8629427489977951,0.8629351173017747,0.8629427589139487,0.8629155667306555,0.8622445767613723,0.8622393462927627,0.86222351627793,0.8622265573897026,0.8622282049430059,0.8622612735494155,0.8622709272071697,0.8623153431994496,0.8623163799570599,0.8623472946447162,0.8624397684000286,0.8624177882292301,0.8622834775254078,0.8622769566135176,0.8622889729212956,0.8622692250657663,0.8622786737931577,0.8622730923075127,0.8620698762417716,0.8552755955096433,0.8552640761750813,0.8552640427606125,0.8552734941225739,0.8552753322399398,0.85527971935937,0.8552789501470509,0.855280734271531,0.8552772924765389,0.8552792589445907,0.8552787371719085,0.853519227656899,0.8535118089342504
319,0.8395401128074675,0.8405943354915885,0.8364720262242616,0.8358082121943465,0.8355683434263853,0.8406737050616012,0.8412822766599499,0.841678007029061,0.842160943985316,0.8423574780499643,0.8431945089013595,0.8443943848739561,0.8444714640988655,0.8447946001606201,0.8447217013611316,0.8446722504625171,0.845057427980125,0.8454619859045742,0.8454782921603529,0.8455232211434878,0.8466849467304892,0.8466950007220309,0.8467401039791389,0.846762396273814,0.8455484176912391,0.8455605765549742,0.8455657403494187,0.8455695952067814,0.8455841748837536,0.8455868579099531,0.8449143173772131,0.8449307166508169,0.8448932097244085,0.8448999723278878,0.8449146423775176,0.844916382881718,0.8449111493633706,0.8449320118056819,0.8449616158375556,0.8451723381086772,0.8451453215957526,0.8451385210599122,0.8451340216323358,0.8451399900236684,0.8451212217183195,0.8435582086448042,0.8435557335217355,0.8435487100272474,0.8435506830194094,0.8435476003139228,0.8435692888800777,0.8435748998572741,0.8436059668144599,0.843606318759637,0.8436281968609709,0.84368690547007,0.843670825190954,0.8435942924568955,0.8435933016992123,0.8436018976088087,0.8435884592519752,0.843595200386039,0.8435920560908349,0.843453055172486,0.8398787618644542,0.8398940987275039,0.8398978349294025,0.8398880740372309,0.839885971645171,0.8398831259691676,0.8398884031291043,0.83988486534256,0.8398911600139518,0.8398891545455603,0.8398920152194409,0.837348112022815,0.8373369631057757
320,0.8270236026469832,0.8282388750859138,0.8227764905955594,0.8220850317356653,0.821838345076957,0.8260023230303173,0.8266376019092546,0.8270594632335961,0.8275658745213901,0.8275881011915006,0.8284727891702983,0.8298128210786838,0.82989258211578,0.8302292948200308,0.8301488922784251,0.8300765719976496,0.8304442279175333,0.8308315646128266,0.8308174695176024,0.830803249270648,0.8317804697789405,0.8317895452915104,0.8318287235492111,0.8318536856969124,0.8312093064505391,0.8312250637761669,0.831230200672117,0.8312348914193294,0.8312409100639687,0.8312439904016832,0.830681593281357,0.8307226547429228,0.8306692483815652,0.8306830582772056,0.8306904234067647,0.8306926301363685,0.8306719441176501,0.8307198311901843,0.8307930404690964,0.8309208300692084,0.8308180667156426,0.8308069597874959,0.8307988762435148,0.8308072930193148,0.8307782647185731,0.8275400951515194,0.8275393001745227,0.8275371485510987,0.8275379113217917,0.8275313976123637,0.8275434234202188,0.8275394421689005,0.8275589533617634,0.8275592052572346,0.827573180838303,0.8276083771462075,0.827597808135304,0.8275431023025461,0.8275418145211673,0.827547440093045,0.8275388491522127,0.8275432494298217,0.8275414101277785,0.8274448227420491,0.8247035874004922,0.8247284377755766,0.8247329828215096,0.8247157212038753,0.8247121819451352,0.8247061244123891,0.8247126704134501,0.8247076968980421,0.8247168896877056,0.8247133647240791,0.8247168156818895,0.8241024849272611,0.824099305581944
321,0.8050737778826811,0.8063856473842826,0.7967381882216127,0.7961704171858774,0.7959507780498896,0.7976329734329392,0.7982104098957441,0.7985967739355034,0.799054967281851,0.7989318968605273,0.7997548779391578,0.8005632139398869,0.8006526323780512,0.8010562112128832,0.8009484654932966,0.80087735380378,0.8012693881609109,0.8016878965610363,0.8016021773909815,0.8015273005653972,0.8022412631433209,0.8022495627756252,0.8022948387319238,0.8023344756561421,0.8022899097079965,0.8023145031345956,0.8023184306947827,0.8023247560748138,0.8022942991766944,0.8022972757963752,0.8020643592754557,0.8021442033330476,0.8020830566735824,0.8021079228240588,0.8020869692258807,0.8020895022395036,0.8020426461585761,0.802134524253841,0.8022801847966249,0.8022054160678185,0.8019396559118662,0.8019245999997977,0.801912986884929,0.8019225218834701,0.8018854298451679,0.7936051783713999,0.7936051818763691,0.7936051842125182,0.793605184617261,0.7936051880101357,0.7936051922682493,0.7936051938259144,0.7936051985682335,0.7936051995613397,0.7936052041818898,0.7936052085483988,0.7936052111481274,0.7936052133931372,0.7936052171769167,0.7936052210070025,0.793605223137403,0.7936052270266035,0.7936052304017112,0.7936052297525663,0.7936052056203657,0.7936052060775184,0.7936052075725355,0.7936052094555067,0.7936052126076273,0.7936052159806309,0.7936052171504456,0.7936052189736937,0.7936052218875124,0.7936052248040303,0.7936052273969594,0.7936052327614727,0.7936052356344322
322,0.7956369977402146,0.796902430895063,0.7861116070940661,0.785590007760633,0.7854004263720331,0.786741608391223,0.7872288281510698,0.7875655463503306,0.7879569832913392,0.787508774620916,0.788229680273828,0.7889067821492549,0.7889893585171689,0.7893417397133904,0.7892478042115604,0.7891964341690564,0.7895024532263041,0.7898586278044971,0.7897239037186393,0.7896620210059876,0.7900957433380917,0.7901049684975185,0.7901498933545275,0.7901899178524415,0.7901973137893139,0.7902224362118581,0.7902273378141293,0.7902340724124564,0.790166644097809,0.7901704804434151,0.7900013690369697,0.7900815266405564,0.7900223814726951,0.7900480475699616,0.790007669003624,0.7900103478365417,0.7899650092127714,0.790056013101725,0.7901964221772859,0.7901107963824405,0.7897685514200194,0.7897559057538295,0.7897461664670966,0.7897551528786813,0.789722514100696,0.7842949672803116,0.784284749155841,0.784264514464789,0.7842675996669095,0.7842640416133726,0.7843076648584729,0.7842972223969452,0.7843477024897783,0.7843479787836193,0.7843811004739432,0.784474323818975,0.7844518727050166,0.7844650340979485,0.7844714638359171,0.7844825586523322,0.7844636859777914,0.7844725216361972,0.7844665078371887,0.7844613981107351,0.784531286029117,0.7845000039207594,0.7844311109691519,0.7844547763685182,0.7844595609253849,0.784469768845708,0.7844676976964828,0.784473698991934,0.7844635647377204,0.7844684311089622,0.7844656200556042,0.7845129042400504,0.7845075542496269
323,0.7797852885521779,0.7802828456471589,0.7644373769419379,0.7644373762574531,0.7644373760341882,0.7644373743858657,0.7644373769186731,0.7644373788613009,0.7644373815537339,0.7644373381316504,0.7644373448035895,0.7644373469715242,0.7644373474133112,0.7644373523655147,0.7644373506264452,0.7644373495982069,0.764437355618164,0.7644373616567546,0.7644373586958856,0.764437357530752,0.7644373625429588,0.7644373628070303,0.7644373639829461,0.7644373650550498,0.7644373675334909,0.7644373684663048,0.7644373688369168,0.7644373692794367,0.7644373520933522,0.7644373520419983,0.7644373545265504,0.7644373567091823,0.7644373553273022,0.7644373560183111,0.7644373498878899,0.7644373499398904,0.7644373483045145,0.7644373509963566,0.7644373560911984,0.7644373537463678,0.7644373470967111,0.7644373465529056,0.7644373460831089,0.7644373461581402,0.764437345091999,0.7644372659030118,0.7644372639532374,0.7644372619037743,0.7644372618614372,0.7644372599329222,0.764437259857877,0.7644372568702505,0.7644372567212363,0.7644372564519654,0.7644372557862543,0.7644372603651919,0.7644372585061157,0.7644372568682607,0.7644372555260568,0.7644372545347684,0.7644372527296108,0.7644372516194298,0.7644372498190325,0.7644372492181529,0.764437256869472,0.76443725531455,0.7644372455501424,0.7644372455585452,0.7644372443378995,0.7644372429402658,0.7644372414050187,0.7644372408008773,0.7644372389279974,0.7644372378093652,0.764437236398914,0.7644372446022969,0.7644372432934106
324,0.893061876035895,0.8950822282460872,0.8951902111227705,0.8924878643350317,0.8915669706091433,0.9357967427622185,0.9361320777101001,0.9363947907512135,0.9366510693452882,0.9368551663778621,0.9371471791482694,0.9372956981298618,0.9373235292497542,0.937494703439568,0.937467243979815,0.9374147064451944,0.9375112032985026,0.9375672103315894,0.9375750261437398,0.937588590951543,0.9375845628379231,0.9375965553378863,0.9376175316403443,0.9376637672318617,0.9363021728840546,0.9363025529691716,0.9363028340341448,0.9363070442589048,0.9362835306351573,0.9362894080243626,0.9464223647053052,0.9465033254151181,0.9464500167779378,0.9464749227308744,0.946539680146326,0.9465419909431958,0.9464950329054189,0.9465663617592635,0.946685210701787,0.9466308131412962,0.9466061656693605,0.9466015470522824,0.9465946784496695,0.9466056402769104,0.9465807465924465,0.9466102216887281,0.9465919272818984,0.9465704186247081,0.9465704630269227,0.9465699229947504,0.9466190279158061,0.946641795643156,0.9466855184356181,0.9466874079986266,0.9467132884743844,0.9467756305173005,0.9467664541158969,0.954567098738141,0.9545670945007795,0.9545670908613192,0.9545670877899326,0.954567084005471,0.9545670801032403,0.9545670711073045,0.9545670775618109,0.9545670762374985,0.9545670724489487,0.9545670703876292,0.9545670666784735,0.9545670628935599,0.9545670614995222,0.9545670599438062,0.9545670561684523,0.9545670527089618,0.9545670493421001,0.9545670460668199,0.9545670425280984
325,0.8876138770719847,0.8896247500456632,0.8895899027701479,0.8871186075048264,0.8862435745794578,0.924873597054436,0.9254167105011185,0.9257725681516743,0.9261663619777712,0.926440709843994,0.9269766033157294,0.9272643923435079,0.9273238359232094,0.9276015926820474,0.927549075826797,0.9275094583930187,0.927762220743314,0.927984975936052,0.9279952328893417,0.9280979756525664,0.9281012558337558,0.9281152672414807,0.9281786574340105,0.9282261617093056,0.9261132934446478,0.9261357264308777,0.9261373395099116,0.9261449579823837,0.926087348585963,0.9260911568231931,0.9352821116217008,0.9353306953966943,0.9352903802473416,0.935306139739001,0.9353455104593487,0.9353473033873844,0.9353231038920418,0.935365487178732,0.9354126458613582,0.9355295367401614,0.9355276520065382,0.9355276185378585,0.9355270231157939,0.935529990468974,0.9355242389625118,0.9355762678993713,0.9355745061572631,0.9355672201229734,0.9355675038531248,0.9355665935905675,0.9355839860935659,0.9355908745908533,0.935600958409942,0.9356015987868831,0.9356048538160111,0.9355867020977925,0.9355918921233621,0.9407345188599835,0.9407328872389186,0.9407222310556396,0.9407409036053624,0.9407324344790772,0.9407397016163696,0.9409448375485103,0.9410748462436823,0.9410975170809662,0.9410980950522142,0.9410881872778877,0.9410849711552026,0.9410786728565571,0.941083449585019,0.9410719339639813,0.9410802847193054,0.9410777680190935,0.9410830336188637,0.9406516650073101,0.9406585090596538
326,0.8832067803488504,0.8851209127856899,0.8849389865921373,0.8828055721914864,0.8820179923275134,0.9124641625814145,0.9130996249847588,0.9135114996825512,0.9139709126744573,0.914289430003214,0.9149249256529814,0.9152976882525112,0.9153683801689783,0.9156846487161302,0.915624599295273,0.9155806285565511,0.9158803602001139,0.9161520593030775,0.9161650695979132,0.9162783281715554,0.9163206763353409,0.9163364796824713,0.9164116520869698,0.9164647954741812,0.9138137418661236,0.9138420773582774,0.9138443492757831,0.9138534491318018,0.9137851546962779,0.9137889395003733,0.924897217086254,0.92489497837614,0.9248861153361531,0.9248866250922816,0.9248896787678348,0.9248901912390834,0.9248991259730508,0.9248851208024162,0.9248314357063826,0.9248733536494882,0.9248970941527128,0.9249054764308721,0.9249122184933275,0.9249091790822573,0.9249249984862047,0.9250005466886332,0.9250093459339737,0.9250181317435752,0.9250160682341269,0.9250157846643609,0.924995937752272,0.9249835686231557,0.9249524162020013,0.9249522246607632,0.924927984004225,0.9248144348325259,0.9248387348865811,0.9284117922427674,0.9284088378452127,0.9283959322697268,0.9284190460048654,0.9284088485480121,0.9284181309438212,0.9285215911076584,0.9287086699280613,0.9287366823449472,0.928737131384558,0.9287241212028406,0.9287201450014669,0.9287128681962054,0.9287195139219168,0.92870691755359,0.9287177230485694,0.9287144611845732,0.9287208069664685,0.9273741213072528,0.9273840701451177
327,0.8811044794862739,0.8829591277264638,0.8826990494456893,0.880708708479389,0.8799644280932208,0.9074725106002692,0.9081304575325869,0.9085519120969495,0.909026208148851,0.9093538131681314,0.9100182020002553,0.9104373584932941,0.9105114958672373,0.9108326442339097,0.9107722075241131,0.9107371087714438,0.9110512787998103,0.9113420477242843,0.9113568310011759,0.9114824400929472,0.9115556402977498,0.911571645558781,0.911651022660684,0.9117029475207733,0.9088334053510402,0.9088628245793617,0.9088654281463406,0.9088745770452478,0.9088071397458243,0.9088105631869967,0.9194121234537795,0.9193749513586809,0.9193833926389037,0.9193734820971398,0.9193518409083711,0.9193514244630653,0.9193815426331118,0.919331145875385,0.9192180737685671,0.9192437475279239,0.9192832226030693,0.9192967353747951,0.9193079054081486,0.9193010925136516,0.919330453196385,0.9194167897039004,0.9194324015694256,0.919451862282753,0.9194480296684167,0.9194479221947639,0.9194034709387918,0.9193787902594376,0.9193221912372135,0.9193215600935409,0.9192810907983272,0.9191164420566607,0.9191506761736528,0.9220181014198464,0.9220134348264899,0.9219970088497105,0.9220264501291342,0.9220134388201079,0.9220250579933894,0.9221112262726718,0.9223028186853972,0.9223396201477326,0.9223403531091654,0.9223212424858583,0.9223159817503184,0.9223062686254965,0.9223146851321098,0.9223002562679958,0.9223141264093574,0.9223095983895421,0.9223170236087211,0.9204402010226427,0.9204526668067724
328,0.8763806566507224,0.8779872135028536,0.877515003493297,0.8759456616185713,0.8753459516473086,0.8951906275072697,0.8958334169173662,0.8962417626004928,0.8967066252772342,0.897031779955859,0.8976981155064778,0.8981927843960469,0.8982675653381976,0.8985704187730552,0.8985148777782,0.8984814058091503,0.8987932760402193,0.8990947911913844,0.8991127154351919,0.899237817381582,0.8994197655889271,0.8994352148337174,0.8995131847868182,0.899559240163627,0.8965928456559289,0.896618564203747,0.8966219445063645,0.8966298989719308,0.8965794255960096,0.8965823080042132,0.9053942839126986,0.905264052077116,0.9053163054087687,0.9052790079375954,0.9051947077910454,0.9051918972899746,0.9052760673670444,0.9051319421709236,0.9048783783965634,0.904837473017304,0.9049148172440962,0.9049411275130268,0.9049630138673139,0.9049476822049255,0.9050098708821867,0.9051125574115041,0.9051439756699189,0.9051902702532023,0.9051813630274221,0.9051818553001654,0.9050760400555758,0.9050212374681563,0.904904804215844,0.9049032915476618,0.9048261583515758,0.90455368382791,0.9046080818955456,0.9060942004270512,0.9060856254909931,0.906062577535196,0.9061041893345493,0.906085805028468,0.9061019657077961,0.9060954238377646,0.9061437128824912,0.9061966974748179,0.9061980022652986,0.906166573118699,0.9061589633897286,0.906145015681772,0.9061567307753328,0.9061401925926416,0.9061596609173135,0.9061527157262523,0.9061617808528212,0.9020894908776383,0.9021061218680441
329,0.8644397409521744,0.865508446291213,0.8641329350428734,0.863236591654453,0.8629017146519101,0.8728562995057372,0.8734027840172703,0.8737475385335898,0.8741596408206553,0.874453672681259,0.8751078858057839,0.875840463378257,0.8759106541399762,0.8761748546664297,0.876125907171772,0.8761026112959674,0.8764201308563127,0.876759157105499,0.8767843641990742,0.8769066028546204,0.8775403593135064,0.8775533000051454,0.8776201632407414,0.87765020999074,0.8750741473522067,0.8750840966505112,0.8750882557057242,0.8750915483301287,0.875094947930946,0.8750969381979349,0.8766909423040332,0.8765932051785812,0.8766275794132363,0.8766007096111972,0.8765460550951506,0.8765445225656737,0.8766055112638211,0.8765064606658483,0.8763470004349178,0.8763297340157593,0.8763841171814324,0.8764003835414359,0.8764144609310089,0.8764052754200492,0.8764441067316115,0.8764044045343654,0.876424255233345,0.8764531565584303,0.8764479048802175,0.8764481301036076,0.8763845376643117,0.8763517591182999,0.8762905003378383,0.8762896105787367,0.8762516726899577,0.8761221521493655,0.8761447694733665,0.8763434688111184,0.8763385074808783,0.8763296003249951,0.8763467156411193,0.8763394631364212,0.8763470056857244,0.8762214568366918,0.8750920842046849,0.8750977110598692,0.8750972364294128,0.8750976453181453,0.8750970774584783,0.8750974036606401,0.8751009018671041,0.8750967034191898,0.8750998630551442,0.8750997404241911,0.8751026892670123,0.8650419245334093,0.8650474992743311
330,0.853147500599896,0.8540023481555289,0.8512678094643368,0.8506627401621336,0.8504451990416038,0.8561698458626098,0.8567045123093558,0.8570475581657393,0.8574710903084498,0.8577506712458471,0.858477306491385,0.8593695380731069,0.8594431307099419,0.8597462823970737,0.859680152969598,0.8596361293283508,0.8600114382973248,0.8604103720406492,0.8604340600998152,0.8605092996902253,0.8616008093860451,0.8616116291493072,0.8616644426488416,0.8616882738037056,0.8599428057481586,0.8599512835800781,0.8599558495014631,0.8599586852623803,0.859972987723894,0.8599750964596004,0.8596860068113148,0.8596600472420507,0.8596565273109584,0.8596509220370937,0.8596462182634715,0.8596467590368919,0.8596660656533686,0.8596422889222528,0.8596010752341452,0.8596902129367686,0.859707702761256,0.8597105493077086,0.8597138210812895,0.8597133819897014,0.8597187327397812,0.8593431129813228,0.8593467611797693,0.8593490213345487,0.8593492834696048,0.8593486426164629,0.8593474707964336,0.8593447718642947,0.8593505438971881,0.8593504411071201,0.8593557668990206,0.8593617751398527,0.8593565487025717,0.8593266662150164,0.859325678672075,0.8593292949059376,0.8593245083225699,0.8593272757749738,0.8593271681335714,0.859187009474559,0.8569515536104165,0.8569389778970625,0.856938344354026,0.8569505257179111,0.856952625940561,0.8569583156931557,0.8569588265459729,0.8569595770411033,0.8569565486974774,0.8569589513795396,0.8569594315483308,0.8483766945598674,0.8483620029505385
331,0.8415833944860901,0.8425859773045358,0.836995402256975,0.8365509613251546,0.8363093367837072,0.8380501943351459,0.8386844784254331,0.8390607821551163,0.8395391063355466,0.839853868868143,0.8407079934407478,0.8413068820353145,0.8413934300643445,0.8418603164051757,0.8417281078973137,0.8416450523376042,0.8422043979572349,0.8427423256022274,0.8427481318741362,0.8427037462436824,0.8446488676931947,0.8446515235085891,0.844665665438304,0.8446736869058553,0.8443687365255194,0.8443719165099597,0.84437306178424,0.8443739550138467,0.8443760797781916,0.8443765928741828,0.8441329392236429,0.8441382765731562,0.8441336902594233,0.8441357721354988,0.8441429187595884,0.8441433493747411,0.844141278276356,0.844147775862573,0.8441565047871351,0.8441616601620804,0.8441618603166638,0.8441606883014554,0.8441600273044119,0.844160927910329,0.8441578294421017,0.8440635224776109,0.8440615452357706,0.844057171000819,0.8440582724096916,0.8440578443789435,0.8440691173907922,0.844074184870506,0.8440876064314229,0.8440877456896952,0.8440966708694889,0.8441217433029886,0.8441156194794882,0.8440992923517788,0.8441003723296844,0.8441036312484488,0.8440982149768598,0.8441007883979715,0.8440992502668127,0.8440630147789627,0.8435741786077832,0.8435665785041007,0.843566463810659,0.843572932466821,0.8435741155284775,0.8435767950379873,0.8435761021690664,0.8435770580815886,0.8435747798263904,0.8435760563806839,0.8435757372464242,0.8400722690756918,0.8400682798321228
332,0.8331718639404782,0.8343239233486587,0.8274333978284832,0.8269399914527467,0.8266695232907665,0.8283456200436765,0.8290282343329768,0.8294337247910181,0.8299460662898771,0.8302679785704092,0.8311811213558092,0.831817669253656,0.8319097307133794,0.8324124366455092,0.8322686561683433,0.8321810388221075,0.8327731463387428,0.8333375356918931,0.8333378474515265,0.8332730593187755,0.8352722924845085,0.8352742161280098,0.835286135990912,0.8352949729245865,0.8351763775112935,0.8351810339022512,0.8351817654141334,0.8351829031270984,0.8351844348214207,0.8351848818176572,0.835037182054564,0.8350501794891838,0.8350378731052959,0.8350418584054102,0.8350432012328839,0.8350436573341624,0.8350359961985677,0.8350515253004006,0.835077572273577,0.8350837933890741,0.8350639571409425,0.8350604572532785,0.8350578428311515,0.8350598120497996,0.83505161311999,0.8340455437853167,0.8340437430381894,0.8340406041736903,0.834041261254946,0.8340400892564308,0.834048311505054,0.8340524412645189,0.8340628572707496,0.8340631646999985,0.8340704478033183,0.8340965475389264,0.8340907779932164,0.8340740475132025,0.8340745500275698,0.8340773616856859,0.8340724083077248,0.8340746058788675,0.8340728975666539,0.834049821060131,0.8335647378600811,0.8335702674598104,0.8335762950098025,0.8335725301886264,0.8335717085868635,0.8335699835157298,0.8335704955161798,0.8335692746145698,0.8335711007222858,0.8335702928702818,0.8335709246709558,0.8333557481295774,0.8333545469334944
333,0.8148064447434333,0.8161082476731364,0.8060371872110192,0.8055406915113786,0.8052461751568565,0.8065199024931273,0.8071914118010872,0.8075828539992261,0.8080770494362981,0.808364412173614,0.8092494208397686,0.8097682717563309,0.8098568707846646,0.8103700120516194,0.8102172768761499,0.8101357401391691,0.8107240779520485,0.8112731384066192,0.8112546352204967,0.8111565254570786,0.8124088861006826,0.8124104373107285,0.8124555583258222,0.812496238116845,0.8125282860827734,0.8125512365317364,0.8125483247135455,0.8125523424401715,0.8125120194312082,0.8125104044438916,0.8124387662960605,0.8125230518642582,0.8124689647352425,0.8124916323042292,0.8124890617905562,0.8124901596873189,0.812433312847432,0.8125307185705642,0.8126967416562734,0.8126322995449021,0.8125256914756152,0.8125062195252047,0.8124905884725224,0.812498313374759,0.8124567183057434,0.8081252438470083,0.8081149531515501,0.8080996621226181,0.8081021392696243,0.8080980182722112,0.8081296681623997,0.8081484593522285,0.8081814193353015,0.8081832014927577,0.8082050828432177,0.8083069132782378,0.8082901378935456,0.8082611387437661,0.8082626905520912,0.8082707164145435,0.8082540594911549,0.8082603771900173,0.8082524473079877,0.8082297982798476,0.808010926268231,0.8080047697193932,0.8080325907771541,0.8080367193126939,0.8080373771059924,0.8080358951863673,0.8080277350528502,0.8080287204848469,0.808024379684947,0.8080250511529035,0.8080226722182483,0.8083284232607969,0.8083277332801598
334,0.8006191767934356,0.801825136945232,0.7900755784569043,0.7896350986627946,0.7894206470458155,0.7904673002190304,0.7909814338794148,0.7913028288023239,0.791695339970046,0.7918137860848982,0.7925166684496189,0.7929935221891959,0.7930691208991039,0.7934616292368931,0.7933493892314175,0.7932912665268519,0.7937048928384611,0.794114056138491,0.7940627802505816,0.7939843615118068,0.7946565881435532,0.7946609805884074,0.7947070828231385,0.7947487249899481,0.7947833514756295,0.7948080965736739,0.794807973121789,0.7948131877414374,0.7947805623132247,0.7947808555568381,0.794694688524197,0.7947814518340374,0.7947243092986648,0.7947491363186593,0.7947345316035825,0.7947362650386002,0.7946809053223955,0.7947805887769348,0.7949458633801177,0.7948648741277464,0.7946764782473583,0.79465872677952,0.7946446298398616,0.7946530504259286,0.7946131897787808,0.7888498945952955,0.7888513870495231,0.7888544194071048,0.7888527968502647,0.7888503284244995,0.7888385401974176,0.7888292297918221,0.7888140773435475,0.7888148694220942,0.7888045871567336,0.7887870484333674,0.7887936724434192,0.7887768306674807,0.7887739785273452,0.7887705668510234,0.7887749469449173,0.7887722322156807,0.788772382077304,0.7887737066306536,0.7888976153203158,0.7889061644196891,0.7889170704987528,0.7889106890355277,0.7889093060625426,0.7889047886360263,0.7889019883711922,0.7889003037946525,0.7889016610910302,0.7889002568346293,0.7889000050260857,0.7890504748655992,0.7890527808127075
335,0.8875563563865272,0.8886300531142017,0.8886513793813384,0.8874155661961907,0.8869310574015227,0.9022880207352885,0.9025615050078526,0.9027869049399674,0.90299431939322,0.903147103435651,0.9033717324336942,0.9033770413977756,0.9033853312998111,0.9035610800492752,0.9035151262749987,0.9035099751945552,0.9036127131361941,0.9036555496906649,0.9036495370184211,0.9035849527411115,0.9035162460148135,0.9035235841843703,0.9035365769952861,0.9035939186804324,0.902795848404028,0.9027956558073783,0.9027895140034604,0.9027922121702212,0.9027362399312353,0.9027412642165066,0.937280414579404,0.9372804061035096,0.9372803956355137,0.9372803820585399,0.9372803774004317,0.9372803676550902,0.9372803533720485,0.9372803477292471,0.9372803467259466,0.9372803290209052,0.9372803142313844,0.9372803008304029,0.9372802867015924,0.9372802758789115,0.93728026358925,0.9372802544372144,0.9372802401257242,0.9372802288119284,0.9372802274835513,0.9372802139678152,0.9372802058314127,0.937280198522832,0.9372801900170089,0.9372801867864313,0.9372801761597231,0.9372801783888663,0.9372801657014489,0.937280230224815,0.9372802190062464,0.9372802091147303,0.9372801989180287,0.937280188458103,0.9372801765808572,0.9372801673218918,0.9372801677266076,0.937280162155371,0.9372801511275637,0.9372801468827872,0.9372801364105956,0.9372801257639094,0.937280121118093,0.937280116190236,0.93728010437055,0.9372800947019795,0.9372800848204808,0.937280103733354,0.9372800929776925
336,0.8862138863449074,0.8877348879417556,0.8876875768909955,0.8860244299623302,0.8853937326635613,0.9067641901575133,0.907206785641244,0.9075352426584098,0.9078645971764809,0.9081122788715662,0.9085096307089852,0.9086544551168602,0.9086905811405023,0.908924606540381,0.9088762178355345,0.908826783405183,0.9089904207519942,0.9091028171710179,0.9091057840399238,0.9090902135232132,0.9090674281852144,0.9090797939113693,0.9091122986370189,0.9091702257897991,0.907714734953405,0.9077263032232297,0.9077251227755914,0.9077314834942737,0.9076742405608287,0.9076800827001091,0.9322263343060767,0.9321981893068345,0.9322077051374801,0.932199996544621,0.9321847869665904,0.9321843616306628,0.9322072057466207,0.9321648848540218,0.9320780096048614,0.9320277251577765,0.9320550877965079,0.9320659148763392,0.9320739198063496,0.9320705227723152,0.9320908435747834,0.9321437529860789,0.932151851898107,0.9321651136620811,0.9321614114122451,0.9321620653282203,0.9321308201472179,0.932112908969116,0.9320712147306934,0.9320709675025433,0.9320408000170102,0.9319159287723701,0.9319428004449974,0.9337265926951319,0.9337214014872511,0.9337105707339379,0.93373047981112,0.9337219931667785,0.9337297854930625,0.9336756807779197,0.9337469472350336,0.9337738395671801,0.933774278368462,0.9337560691295996,0.9337521149478424,0.9337451449856855,0.9337516846335887,0.9337456643999943,0.9337559360737905,0.9337520167598155,0.9337559239650688,0.9327570911134667,0.9327611048256187
337,0.8789940171509677,0.8801588958342326,0.8798655395116937,0.8787641568344638,0.8783405505075665,0.8912335457725333,0.8916849495762397,0.8919864889058567,0.892317667570736,0.8925629462957968,0.8930180933334152,0.8932919567848616,0.8933434345358047,0.8935656393161313,0.8935231121238694,0.8934695492970778,0.8936767132101231,0.8938674469053104,0.893876734434392,0.8939179852546967,0.8940303645974075,0.8940417248796412,0.8940890138894245,0.8941271791084142,0.8925061850696419,0.8925245022388194,0.8925271015752345,0.892533436875971,0.8924953034647384,0.8924985605492675,0.9050036159951128,0.904793801483386,0.9048765056786015,0.9048154654041333,0.9046745268738322,0.9046694427330348,0.9048008924007246,0.904572049943593,0.9041840892942056,0.9041824259039318,0.9042969486282684,0.9043364181581945,0.904368828204844,0.9043453729734121,0.9044398069042952,0.9045622725953636,0.9046088026773509,0.9046810249635098,0.904666697258874,0.9046679168488202,0.9045010647998933,0.9044153162802008,0.9042341251311807,0.904231859011529,0.9041130241223765,0.9037083978105392,0.9037899302965559,0.9046014470498441,0.904586647837126,0.9045518687334908,0.9046143867224764,0.9045866511774618,0.9046101770581356,0.9045901960154652,0.9045994171626858,0.9046864505165473,0.9046892772968667,0.9046319377099985,0.9046192541050336,0.9045953742902155,0.9046131423807925,0.9045911838927513,0.9046222287565783,0.9046100551176229,0.9046224061521232,0.9006213987246103,0.9006360247808743
338,0.8801021735194317,0.8801021735655071,0.8801021379257545,0.8801021371624057,0.8801021224647753,0.8801022004819039,0.8801022058419251,0.8801022065579422,0.8801022090057458,0.8801022099855689,0.8801022184208946,0.8801022182548978,0.8801022174324759,0.8801022238382963,0.8801022199401339,0.8801022177030634,0.8801022264457947,0.8801022338714757,0.8801022328594621,0.8801022305669914,0.8801022395152037,0.8801022391725437,0.8801022400582164,0.8801022412643179,0.8801022219788911,0.8801022215473133,0.8801022203420977,0.8801022197491188,0.8801022160155981,0.8801022152480136,0.880102604683816,0.8801026148969043,0.8801026193223995,0.880102629390166,0.8801026353369388,0.8801026416856986,0.8801026473397626,0.8801026566180374,0.8801026676872423,0.8801026720686916,0.8801026791713965,0.8801026868017486,0.880102694977061,0.8801027026578006,0.8801027078532575,0.8801027161996001,0.8801027239142722,0.8801027289075942,0.8801027299719636,0.8801027384278488,0.8801027488928944,0.8801027562634496,0.8801027673692242,0.8801027697008118,0.880102780418875,0.8801027924065931,0.8801027984984434,0.8801028059187496,0.880102814735945,0.8801028237581052,0.880102828406456,0.880102837550662,0.8801028451561882,0.8801028429765438,0.8801028470205007,0.8801028463715805,0.8801028544811168,0.8801028605332671,0.8801028689946665,0.8801028780844692,0.8801028803336053,0.8801028854064931,0.8801028922176356,0.8801029000685296,0.8801029064838928,0.880102511736315,0.8801025138198432
339,0.8653178168024691,0.8659367406124073,0.8633337616349257,0.8630807838635335,0.8628919464977115,0.8635562872791228,0.8639500913702121,0.8641613866579104,0.8644348362794733,0.8645765550979982,0.8650636043829553,0.8652139029079328,0.8652602241662145,0.8655560022455498,0.8654642431826131,0.8654225746668619,0.8657803676188482,0.8661028808040482,0.8661005768204831,0.8660643234561372,0.8667174100113157,0.8667169746422145,0.8667473443129766,0.8667716774181771,0.8665480246241357,0.8665577966914995,0.8665540268009739,0.8665547858530885,0.8665154965813721,0.8665132821882993,0.8662406263435568,0.8662785670099371,0.8662605407493856,0.8662699282076208,0.866282707779686,0.8662825056484886,0.8662537471698362,0.8662996876567618,0.8663835287184773,0.8663233748429723,0.8663116679390452,0.8663018694895532,0.8662938978145603,0.8662962180118033,0.866277644447649,0.8663366429122623,0.8663275330774367,0.8663128101180647,0.8663148345371443,0.8663118592869434,0.8663423790872613,0.8663573464491909,0.8663903833573584,0.8663917158188261,0.866413827829719,0.8665065781295137,0.8664893566907292,0.8664525718510876,0.8664553905133938,0.8664645406433527,0.8664463567026316,0.8664535682347142,0.8664455333893616,0.8663960843987664,0.8663272555338263,0.8662978866700619,0.8663002097723268,0.8663217772711603,0.8663260135935718,0.8663322441145571,0.8663233224635045,0.866328341994033,0.8663164142792565,0.8663207801689377,0.8663164556112932,0.8577117220597947,0.8577131664675386
340,0.8621202162564853,0.8626165686889994,0.8604434347842994,0.8601299630579561,0.8600099174463225,0.8628070856605847,0.8631877935978083,0.8634272413797296,0.8637322103731634,0.8639718042550113,0.8645128923079292,0.864992561467252,0.8650519930316221,0.8653227389948915,0.865255462335828,0.8651947278328386,0.8655308260120715,0.8658803642239505,0.8658936184651177,0.8659169329598675,0.8668396841777106,0.8668462733920643,0.8668850750342828,0.8669049103639339,0.8658283396053196,0.8658352144002078,0.8658374717618538,0.8658392759094506,0.8658408853519226,0.8658416777335644,0.8659559338504695,0.8659373142147807,0.8659444817596185,0.8659401180468438,0.8659346631376319,0.8659347894624199,0.8659476280542372,0.865931587808816,0.8659040421073745,0.8658639758240286,0.8658826510573768,0.865885464808699,0.8658885616272975,0.8658863917595362,0.8658940172681518,0.8659412825015549,0.8659456148202844,0.8659495752512038,0.8659493776918593,0.8659489670712637,0.8659416047574249,0.865937332214697,0.8659331866005705,0.8659331032737365,0.8659312887710475,0.8659221020222301,0.8659216826702508,0.8659805277030199,0.8659812923112993,0.8659833087168264,0.8659802027195831,0.8659816897267055,0.8659813027901493,0.8658932647308167,0.8652618485726722,0.8652454512106371,0.8652451263995554,0.8652608022147873,0.8652634052552345,0.8652690717829267,0.8652671586241826,0.8652677445961254,0.8652626412764117,0.8652656327918344,0.8652653631287841,0.8455482204734861,0.845548231361188
341,0.8365770245774394,0.8377225253224604,0.831056654683802,0.8305799376243785,0.8302923728619616,0.8317954987548322,0.8324864836919005,0.8328854357465184,0.8333943143708867,0.8337161997112611,0.8346261324746252,0.8351695563381021,0.8352600209404569,0.8357775002442015,0.8356256907560162,0.8355395296148715,0.8361561851211704,0.8367348604082743,0.8367361941789327,0.8366677032481825,0.8389155885249088,0.8389155878681483,0.8389155886192617,0.8389155891706135,0.8389155774203045,0.8389155770144344,0.8389155758107625,0.838915575148506,0.8389155724587433,0.8389155715869533,0.8389155576993101,0.8389155592976961,0.8389155568158215,0.8389155561643169,0.8389155563709625,0.838915555467784,0.8389155523020283,0.8389155549306755,0.8389155601396028,0.838915557455352,0.8389155545300353,0.83891555261663,0.8389155507721041,0.838915550027604,0.8389155473692017,0.8389154732891169,0.8389154697673165,0.8389154662388193,0.8389154662780309,0.8389154633797441,0.8389154647834365,0.8389154648952117,0.8389154666698357,0.8389154661389344,0.8389154664293156,0.8389154752447296,0.838915471344617,0.8389154661084389,0.8389154641732235,0.8389154630178123,0.8389154594298852,0.83891545799474,0.8389154549958558,0.8389154499716869,0.8389153976271069,0.8389153947377901,0.8389153925897967,0.8389153927432669,0.8389153901341372,0.8389153875738268,0.838915385798767,0.838915384522119,0.8389153807530209,0.8389153783977171,0.8389153755984304,0.8389150442168677,0.8389150370463704
