Index,Iter_0,Iter_1,Iter_2,Iter_3,Iter_4,Iter_5,Iter_6,Iter_7,Iter_8,Iter_9,Iter_10,Iter_11,Iter_12,Iter_13,Iter_14,Iter_15,Iter_16,Iter_17,Iter_18,Iter_19,Iter_20,Iter_21,Iter_22,Iter_23,Iter_24,Iter_25,Iter_26,Iter_27,Iter_28,Iter_29,Iter_30,Iter_31,Iter_32,Iter_33,Iter_34,Iter_35,Iter_36,Iter_37,Iter_38,Iter_39,Iter_40,Iter_41,Iter_42,Iter_43,Iter_44,Iter_45,Iter_46,Iter_47,Iter_48,Iter_49,Iter_50,Iter_51,Iter_52,Iter_53,Iter_54,Iter_55,Iter_56,Iter_57,Iter_58,Iter_59,Iter_60,Iter_61,Iter_62,Iter_63,Iter_64,Iter_65,Iter_66,Iter_67,Iter_68,Iter_69,Iter_70,Iter_71,Iter_72,Iter_73,Iter_74,Iter_75,Iter_76,Iter_77,Iter_78,Iter_79,Iter_80,Iter_81,Iter_82,Iter_83,Iter_84,Iter_85,Iter_86,Iter_87,Iter_88,Iter_89,Iter_90,Iter_91,Iter_92,Iter_93,Iter_94,Iter_95,Iter_96,Iter_97,Iter_98,Iter_99,Iter_100
0,1.0331897545735154,1.045081845630126,1.0451159117604643,1.0460261388427345,1.0460403519320292,1.046044913317975,1.0461792415163749,1.0461877318643429,1.0461261701552143,1.04611658259064,1.0619397981456553,1.0618461678253401,1.06181952849296,1.0618868033052495,1.0618943521321296,1.0618710502439892,1.0618125668322231,1.0618082825643593,1.061805286656921,1.0617976746205706,1.06156685955527,1.0615623367097478,1.061411672317658,1.0614052294060843,1.0609375729045607,1.0609387284886291,1.0609314889035164,1.0609114743647663,1.0396245617359932,1.0396425305452204,1.039132447358813,1.039066575409448,1.0389838408236771,1.039001658784844,1.0394141683488707,1.0393953730730419,1.039353705353279,1.039410667189392,1.0393955260873804,1.039299999445899,1.0392933457888522,1.0392183062959068,1.0395024749392436,1.0395451957517177,1.0395467957549647,1.0396845877273957,1.0391213095133511,1.0391218477029422,1.0392204408246366,1.0395986946895235,1.0395958279142636,1.0398760684480433,1.0398103758386683,1.0398668130126818,1.039828868301445,1.039822376536619,1.0398121599073133,1.0397706663809707,1.0397942152966189,1.0396044925801173,1.0396143102961544,1.0396381517987612,1.0396649596229983,1.039768522291537,1.039682383725685,1.039651395336983,1.0396287507333966,1.0394916848695448,1.0395183425614576,1.0394799276283384,1.0394594696589927,1.039500550519814,1.0395202813379192,1.0395237324658761,1.0396257018083939,1.039626236981649,1.0395478402104226,1.0393007411576454,1.039341344546326,1.0389051588722362,1.0389445969809592,1.0390773778170688,1.0390519862800243,1.038951210874649,1.0389191485134683,1.0389485604675195,1.03895260860843,1.0383778567774413,1.038407249475621,1.0380864756695976,1.0380792441368452,1.042182763070219,1.0421809480919075,1.0422202640104532,1.0421965495775858,1.0421906251824415,1.0423270801399764,1.0424153359602268,1.0421926094446143,1.0422173754752575,1.0422279324220718
1,1.0379210262187843,1.0455506804364054,1.0455192482855344,1.0483756128785875,1.0484202457292706,1.048508265560634,1.0490019629058658,1.0490212511981267,1.0488495132559663,1.0488109331009936,1.0851715184333675,1.0851715121484342,1.085171507009756,1.08517150362653,1.0851714955653644,1.0851714849562737,1.0851715099413755,1.0851715005069795,1.0851715065095098,1.0851714977175864,1.085171519241649,1.08517151438021,1.0851715185579656,1.085171511250262,1.0851714350618211,1.085171436476813,1.0851714329932316,1.085171427855483,1.0851712397735458,1.0851712283201933,1.0851714175396692,1.0851714535995058,1.0851714502093166,1.08517144524745,1.0851714830915993,1.0851714845729967,1.0851714904842829,1.0851714908148369,1.0851714855586387,1.0851714818707932,1.0851714767688219,1.0851714776437704,1.0851714970491109,1.0851714973378128,1.0851714931475767,1.0851714874350682,1.0851715517046374,1.0851715492721172,1.0851715471768666,1.0851715956202728,1.0851715933716117,1.0851715576926553,1.0851715622525215,1.085171581035569,1.0851715788077088,1.0851715764340473,1.0851715740280736,1.0851715812377642,1.085171585941939,1.0851715745747712,1.0851715723662003,1.085171570751038,1.0851715694389004,1.085171572617069,1.0851715829074833,1.0851715814922427,1.0851715802229822,1.0851715814133558,1.0851715797246033,1.0851715767479888,1.0851715754767828,1.0851715759266627,1.085171592875877,1.0851715914548299,1.0851715914989926,1.0851715902789212,1.0851715922677623,1.0851715916656655,1.0851715912323656,1.0851715918328924,1.0851715911102304,1.0851715955432701,1.0851715968972357,1.0851715994156046,1.0851715986373391,1.08517159748039,1.0851715973769784,1.085171598576277,1.0851715975455214,1.0851714463828606,1.0851714437010551,1.0851714442511178,1.0851714416901075,1.0851714387982452,1.0851714360468152,1.0851714334583469,1.0851714309861282,1.08517143080998,1.0851714303038171,1.0851714297352322,1.0851714276599984
2,1.0413397197372714,1.0446046532492317,1.0442212134810018,1.0474988975443906,1.047508506305018,1.04756557163095,1.0480918729665991,1.0480903196065112,1.0478664090528942,1.0478094332819265,1.0629226962830616,1.0634950628289337,1.063888879884178,1.0645286895515043,1.0646709498111508,1.0646080883012523,1.0644858478436316,1.064509699282732,1.0643570045545525,1.0643603406683857,1.067888556481655,1.0678893771675717,1.0686279331094495,1.0685998165139436,1.063459478077392,1.0636026723391632,1.0634670757042353,1.0635147495000818,1.064473208165118,1.0645531970441673,1.0624772485883462,1.0622960302802809,1.0619495511283386,1.0620076988931242,1.0722079813943766,1.0721451098855201,1.0719794728179133,1.0722041928360975,1.072087027094851,1.071528816076179,1.0714621034259884,1.071076711953193,1.072828852774952,1.0730711879836738,1.0730219255717115,1.0729700838154974,1.0709645832124863,1.0709866323671537,1.0713678663447332,1.0995789728297845,1.0995789681759418,1.0995789653852475,1.0995789723778582,1.0995790042509455,1.0995790002734303,1.0995789961619433,1.0995789921766161,1.099579003846198,1.099579014663167,1.0995790188071155,1.099579015629182,1.099579013143965,1.0995790112014998,1.0995790159572723,1.0995790301293473,1.0995790281601634,1.0995790263892165,1.0995790286192535,1.0995790261492389,1.0995790181831395,1.0995790164482322,1.0995790169654767,1.0995790414808073,1.0995790394899836,1.09957903936858,1.0995790375462677,1.0995790403564225,1.099579040187278,1.0995790393926261,1.0995790423706393,1.0995790411375128,1.0995790392599043,1.099579041422821,1.0995790449319869,1.0995790436766755,1.0995790419049696,1.0995790417058517,1.0995790451378635,1.0995790435125516,1.0995789635345805,1.099578960977065,1.0995789598613055,1.0995789574324417,1.0995789547245631,1.099578952786838,1.099578950324934,1.0995789481412181,1.099578948205983,1.0995789474804107,1.0995789469765596,1.0995789450211382
3,1.0605595991598655,1.0615625015236803,1.0623666620502605,1.0641244090828983,1.0642711506749036,1.0645712581949707,1.0653338563264263,1.0653936980458958,1.0653903576273482,1.0653803189629687,1.0712727427683306,1.0715612993899297,1.0721376933397366,1.0727713233391485,1.0729427732155996,1.0729401831416085,1.0729502563805182,1.0730019616887465,1.0728084983336739,1.0728450483855552,1.08478525761363,1.0847975194409278,1.0849575766121213,1.0849370205301774,1.0841435320987445,1.0842619519313161,1.0841341170774086,1.0841211232361176,1.0847904954369079,1.0848676870468366,1.0827965992783888,1.0825984013078407,1.082238830222729,1.0823015066375679,1.1171782166480442,1.1171782187909662,1.1171782271352424,1.1171782283390765,1.1171782208492547,1.1171782154467065,1.1171782082050297,1.1171782094206275,1.1171782375176502,1.1171782380931132,1.117178231217384,1.1171782240740198,1.117178313556697,1.1171783101994908,1.1171783072174961,1.1171783837677338,1.1171783805561188,1.1171783801523945,1.1171783847410284,1.1171784070623159,1.1171784041649504,1.117178401296367,1.1171783984695889,1.1171784064202281,1.1171783989393496,1.1171783866465201,1.117178383950495,1.1171783819502317,1.1171783806125628,1.11717838687046,1.1171783979825634,1.1171783957631056,1.1171783938523276,1.1171783941731694,1.1171783923342418,1.1171784335694666,1.1171784322495713,1.1171784330533288,1.117178448954364,1.1171784477863969,1.1171784487788283,1.1171784476236462,1.1171784490979644,1.1171784466430528,1.1171784465241177,1.1171784441214854,1.1171784436530403,1.1171784430101037,1.1171784441967372,1.1171784453899205,1.117178444499105,1.1171784436133367,1.1171784434908272,1.1171784400483928,1.1171784391875819,1.1171784322431697,1.1171784306701786,1.1171784309396535,1.1171784297260967,1.1171784288789794,1.117178427232811,1.1171784259506659,1.117178426585622,1.117178427889937,1.1171784247745293,1.1171784247986678,1.1171784239790548
4,1.100653293115458,1.1008844479928364,1.1024364401935913,1.10191323140323,1.1021502870489275,1.1025483369181273,1.1032395940919002,1.1033450187709497,1.103561202391882,1.1036051637608664,1.1062902851407692,1.1052094737546956,1.1055623457020944,1.1057014286508189,1.1057731986009092,1.1058640131556854,1.1060530172371192,1.1061041345443778,1.1060081106970445,1.1060652763147019,1.1357464503828472,1.135746443474041,1.135746390173864,1.1357463780022135,1.1357463703162631,1.135746368370143,1.1357463657244646,1.1357463531324643,1.1357463632247722,1.1357463534839425,1.1357465120318158,1.1357465405345015,1.1357465382353809,1.1357465342918247,1.1357466778029335,1.1357466781535386,1.1357466800017135,1.1357466827269147,1.1357466810414694,1.1357466798185996,1.1357466781509928,1.1357466781774161,1.135746684283703,1.1357466842681176,1.1357467039225622,1.135746702506089,1.1357467236136451,1.1357467226540314,1.135746721375148,1.1357467213201458,1.1357467208976375,1.1357467217918915,1.1357467232876166,1.1357467252910243,1.1357467253576983,1.135746725194306,1.1357467248259263,1.1357467263075514,1.1357466016361057,1.1357465954395884,1.1357465929314143,1.135746591153593,1.1357465900240742,1.1357465961905675,1.1357466074038824,1.1357466051718204,1.1357466032601187,1.1357466027912133,1.1357466012059152,1.1357466306667687,1.1357466287027964,1.1357466306560042,1.1357466497072704,1.1357466486379968,1.1357466522456756,1.1357466508742076,1.1357466598156163,1.1357466524298958,1.1357466530542486,1.1357466422948739,1.1357466423833749,1.1357466425186042,1.1357466435079795,1.1357466426553346,1.135746645583011,1.1357466451322988,1.1357466449867801,1.1357466299422685,1.1357466294032768,1.1357466248843855,1.1357466228111759,1.1357466233220308,1.135746621969121,1.1357466215373926,1.1357466196891697,1.1357466182293545,1.1357466207003508,1.1357466235261426,1.135746617240489,1.1357466175379083,1.1357466167633825
5,1.1538303762978641,1.1538303398591598,1.1538302934571234,1.1538304338968504,1.1538304091593536,1.1538303948655932,1.1538304072350145,1.1538303869144797,1.1538303723864225,1.1538303547580786,1.1538303593224217,1.1538303041115443,1.15383036716227,1.1538303588426164,1.1538303465000117,1.1538303324511956,1.1538303727207073,1.1538303592288732,1.1538303681121918,1.1538303561364147,1.1538305264727946,1.153830522741167,1.1538305033344536,1.1538304972187838,1.1538304954602818,1.1538304890637567,1.1538304876992065,1.1538305730946143,1.1538305770964083,1.1538305733019034,1.1538306338714688,1.1538306410106869,1.1538306417106328,1.1538306407093124,1.1538306401016654,1.153830640392521,1.1538306420501097,1.153830638668739,1.1538306377133827,1.1538306375766538,1.15383063653817,1.15383063684278,1.1538306391439503,1.1538306386475556,1.1538307213730283,1.1538307217633181,1.153830733725768,1.1538307335385931,1.1538307605020734,1.153830762163106,1.1538307636572471,1.1538307658673714,1.1538307642394325,1.1538307533461833,1.1538307550122842,1.1538307565991006,1.1538307579085494,1.1538307540732506,1.1538307349442591,1.1538307349160208,1.1538307358925695,1.153830736621667,1.1538307364236242,1.1538307276918052,1.1538307529531815,1.1538307553652274,1.1538307572949194,1.1538307598957973,1.1538307602991191,1.153830759147275,1.153830760704185,1.1538307587088905,1.1538307442065803,1.1538307445806961,1.1538307399727585,1.1538307412079,1.1538307447772054,1.1538307519489202,1.153830751488755,1.1538307568722501,1.1538307565264276,1.1538307569932764,1.1538307556318608,1.153830755780668,1.1538306735749169,1.1538306735105701,1.1538306735895738,1.1538306706281134,1.1538306707877568,1.1538306688954771,1.1538306685963986,1.1538306693098923,1.1538306691554483,1.15383066933944,1.1538306690898816,1.153830668872076,1.1538306698664649,1.1538306734646484,1.1538306721958018,1.153830672000342,1.1538306720468354
6,1.1096618624866432,1.110910016987032,1.1089660847189293,1.1342334989035787,1.134194295772333,1.1339241209721074,1.135690173600898,1.1356240097810515,1.135091357169351,1.1349226284347542,1.1352643044133612,1.134195222171178,1.1471408065172888,1.1476206386326602,1.1477237206884998,1.1476841614346835,1.1474647398640827,1.1474824757560937,1.1473715424835642,1.1473985011928887,1.147003818109887,1.1470088411561064,1.1472994349150285,1.1472942853279797,1.147419360471406,1.1476242122653706,1.1475689125388875,1.158781536236377,1.1588323282367265,1.1588316031510073,1.158932974539837,1.1588903442509944,1.1588403435899415,1.1588553087629103,1.1590538325057258,1.1590373492950732,1.1590087669002131,1.1601814391283538,1.1601953151716125,1.1602102898556887,1.1602192803588285,1.1602084020697874,1.1602736020942617,1.1602504897465635,1.1606314674394362,1.1606326175594015,1.1547624950359519,1.1549575642758048,1.1683601508622585,1.1683601563296457,1.168360153775532,1.1683601517651168,1.1683601526525538,1.1683601729219053,1.1683601693508465,1.1683601667475354,1.168360164210423,1.1683601686421283,1.1683601809786677,1.1683601786382312,1.168360177222092,1.1683601764985296,1.1683601767098932,1.1683601856959362,1.168360052604103,1.1683600454122642,1.1683600395924734,1.16836002889151,1.1683600279923003,1.1683600208966165,1.1683600156343978,1.1683600221349237,1.1683600671147094,1.1683600654293012,1.1683600785868389,1.1683600752371925,1.168360073989948,1.1683600466745343,1.1683600496259359,1.168360008835063,1.1683600067860702,1.168360008275822,1.1683600108699677,1.1683600045357245,1.1683599602572057,1.168359958547618,1.1683599579951074,1.1683599291372762,1.1683599270234195,1.168359923614675,1.1683599185303126,1.168359917505073,1.1683599139762701,1.1683599121540065,1.168359906839626,1.1683599031707983,1.1683599072842352,1.1683599165383487,1.1683599037107069,1.168359903005936,1.1683599007025365
7,1.0836455728205692,1.0860268302194294,1.083096467685965,1.144733141581405,1.1448787374348468,1.1449549517869457,1.1469222501589191,1.1468849852807157,1.1462919271410785,1.1460537575440595,1.1468899136781698,1.1478080031266036,1.177646528519866,1.1776465267062093,1.1776465202329804,1.177646511871139,1.1776465301588281,1.1776465220624688,1.1776465265184433,1.1776465184714657,1.1776465191133143,1.1776465145777923,1.1776465220042724,1.177646515192353,1.1776465114713546,1.1776466158408196,1.1776466152501415,1.1776467028832238,1.177646705149432,1.1776467045204542,1.1776467631786687,1.1776467609734,1.1776467615519626,1.1776467622188993,1.1776467659455814,1.1776467653242053,1.177646764270127,1.1776467764793135,1.177646778080695,1.177646780016236,1.1776467814032843,1.1776467816178162,1.1776467933827048,1.1776467924026062,1.1776467878205836,1.177646788977843,1.1776464425760016,1.1776464085617964,1.177646437212203,1.1776464389663197,1.1776464338138386,1.177646429215608,1.1776464373922646,1.1776464757532297,1.1776464711814008,1.1776464666359523,1.1776464620342488,1.1776464742492967,1.1776464821896617,1.1776464784873124,1.1776464747919402,1.1776464720632212,1.177646470062158,1.1776464703703418,1.1776463161945423,1.1776463133544706,1.1776463107203803,1.1776463187425283,1.1776463131783408,1.1776463088008806,1.1776463062220737,1.1776463056823552,1.1776463508942312,1.177646346929757,1.177646344330464,1.177646340986306,1.177646353266365,1.1776463694642998,1.1776463670829695,1.177646383698123,1.1776463751290593,1.177646370822107,1.1776463743253176,1.1776463848843006,1.1776463856934525,1.177646381989907,1.1776463816535248,1.1776463935704224,1.1776463902155536,1.1776463893783928,1.1776463862093893,1.1776463837608684,1.1776463807004496,1.177646377416746,1.177646374044088,1.177646370959578,1.1776463685293899,1.1776463702888318,1.1776463690282148,1.177646388790141,1.1776463865519944
8,1.051377763726253,1.0530778949329176,1.0515834299366933,1.1451773426931022,1.1452006610261671,1.145239895088128,1.140276507393148,1.140153623865583,1.139462661170534,1.13932261106888,1.139765529530862,1.1404731727843902,1.1486950219658452,1.1490222683139486,1.1490722760170136,1.1489938393937307,1.1491382398860204,1.1491470675700475,1.1490649226553031,1.1488491185478202,1.1488060631856276,1.1488037322064593,1.1487981293002727,1.14878340694619,1.14883758715673,1.1680829742643872,1.1680737030743629,1.1679657160322359,1.1679622738552364,1.1679710794694167,1.1626632703721025,1.1628461951315587,1.1623003672499426,1.1623628904597385,1.1628589875290871,1.162799112813784,1.1626147667928202,1.1628589660579207,1.1626899876162125,1.1619222342973168,1.1618164834046896,1.1612928295210398,1.1612844298085583,1.1617280544310116,1.1617590021015574,1.1617615456692851,1.155524917409404,1.1440158058936913,1.144006299150082,1.1440644045338462,1.144053443155483,1.144041224891395,1.1439909670872908,1.1441605688971601,1.1441385365714907,1.1441224259291927,1.1440533133757065,1.1438202943945772,1.1438234081420287,1.1438127938103364,1.1438057935223973,1.14380258209287,1.1438152238706807,1.1451655807262633,1.1452467804850222,1.1452556869987263,1.1452568555103362,1.1452475124582118,1.1452499993153755,1.1452407631440473,1.145228766181514,1.1452509454044264,1.1452595800770624,1.145256816749602,1.14524248966743,1.1452484205146418,1.1452747665853942,1.1462732639210214,1.146286836303469,1.1458210259838857,1.1457315577324458,1.145790407319541,1.145422275424313,1.1451313162392787,1.1450156522560835,1.1450529328407932,1.1450475942226281,1.1483928016380325,1.148401566862944,1.1483839760631154,1.1483682257897576,1.1483794088535821,1.1483768741382727,1.1483878861866785,1.1483729701467096,1.148368258574798,1.1484080618010561,1.148437791499249,1.1483630657867503,1.1810455910305528,1.1810455884468847
9,1.04363732344086,1.0458425405360632,1.0439325464324345,1.1799434690083452,1.179943440371878,1.1799434841060077,1.1799434242940912,1.1799433990899184,1.1799433775422765,1.1799433540605382,1.1799433492445233,1.179943339563728,1.1799434125619703,1.1799434091140553,1.1799433979504088,1.179943382766363,1.1799436925576763,1.1799436900784963,1.17994369102791,1.1799436869823785,1.1799436891676554,1.179943687799109,1.1799436905215275,1.1799436883894239,1.1799436873899403,1.1799438546118357,1.1799438534051299,1.1799438482634994,1.1799438488958567,1.179943851759467,1.1799435551096777,1.1799436020578533,1.1799435900262862,1.1799435876733908,1.1799435983792605,1.1799435980864559,1.1799435992703657,1.1799436035330804,1.1799435970066747,1.1799435797634772,1.179943573982518,1.1799435655706816,1.1799435838262478,1.1799435893359729,1.179943586839261,1.179943583497189,1.179943628678472,1.1799435175993946,1.179943517019164,1.179943519962584,1.1799435153292988,1.1799435111368335,1.1799435189326426,1.1799435705819663,1.179943565886963,1.1799435618521674,1.1799435572833354,1.1799435543872165,1.179943559824942,1.1799435566183296,1.1799435534977873,1.1799435513449126,1.1799435500485465,1.1799436919208832,1.1799437017686374,1.179943701063639,1.1799437005467965,1.1799436997807493,1.1799436991718395,1.1799436983452694,1.1799436977801725,1.1799436978453526,1.1799437062277587,1.1799437055944655,1.1799437093754697,1.1799437089834386,1.1799437096381267,1.1799437110827529,1.1799437110082358,1.179943710642219,1.1799437102082855,1.179943709894858,1.1799437135520734,1.1799437187240565,1.1799437194856277,1.179943719022321,1.1799437190963529,1.1799437371831198,1.1799437370762635,1.179943736693384,1.1799437367887171,1.1799437369220849,1.1799437367539347,1.1799437366228485,1.179943736733482,1.1799437366305705,1.1799437366416994,1.179943736756115,1.179943737277628,1.1799437341066463,1.17994373409228
10,1.021422039107275,1.022974760600689,1.022148788455013,1.1093255321956221,1.109279397432074,1.1282923698087437,1.1202981859557077,1.1203027598188737,1.1204391716975426,1.1203885574882597,1.1204040805107733,1.1206535878017232,1.120429226148364,1.1201849121885843,1.1202568201444407,1.1203959343477052,1.1903745247867903,1.1903744966991454,1.1903745140940358,1.1903744883482987,1.190374481697277,1.1903744660861542,1.1903744577675766,1.1903744338214948,1.1903744138871228,1.1903744221768966,1.1903744159640581,1.1903744028391838,1.1903744021706002,1.1903743848890198,1.1903742988274284,1.190374304309834,1.1903742984611265,1.1903742814268068,1.190374277657305,1.1903742841958254,1.1903743088149088,1.1903743045352961,1.1903742869212313,1.1903742742015568,1.1903742563866235,1.190374265265231,1.1903743269216458,1.19037432443932,1.1903743121957684,1.190374295605519,1.1903745536483505,1.1903745480486518,1.1903745361704965,1.1903745290960142,1.1903745187817742,1.1903745083349133,1.1903745405919823,1.1903743058324232,1.1903742914870818,1.190374275991803,1.1903742608362968,1.1903743116037078,1.1903743305711618,1.1903743204655444,1.1903743074206323,1.190374296951549,1.1903742890475055,1.1903744381446377,1.190374485618083,1.1903744774317846,1.1903744703250565,1.1903744728537085,1.1903744647145846,1.1903744550151047,1.1903744480076377,1.190374451536013,1.1903745450932928,1.1903745386360096,1.1903745356884323,1.190374528940637,1.1903745387622915,1.1903745279483342,1.190374526728546,1.1903745145034075,1.190374511594288,1.190374507249433,1.1903746970671019,1.190374889097917,1.1903748813378978,1.1903748806652334,1.1903748800664757,1.1903748179163922,1.190374816740305,1.190374811531895,1.1903748050141572,1.190374805114851,1.1903748009888389,1.190374800283467,1.1903747935332616,1.1903747893708876,1.1903747995225114,1.1903748059756725,1.190374783550597,1.1903747833335683,1.1903747810672365
11,1.03226734314773,1.045343268177591,1.045368863193184,1.045897678835078,1.0459050003338703,1.0458995171502259,1.0459693517385362,1.045974408640436,1.0459365636207147,1.0459315563524747,1.0564045767778274,1.0563236858031269,1.0563002454195423,1.0563611586261359,1.0563676142546785,1.0563462477066596,1.0562944967776948,1.0562903018737535,1.056287833737223,1.0562806669148397,1.0560940294999976,1.0560897471145387,1.0559614683409695,1.0559553802057298,1.0556051958410537,1.055606094948598,1.0556011028021344,1.0555842387533698,1.0405948248438883,1.040608827415344,1.0402484875017364,1.0402100750118257,1.0401520142290441,1.0401634639732038,1.040418562257438,1.0404066881459766,1.0403792677110972,1.0404173650642468,1.040405760662865,1.040337214504506,1.040331910071499,1.0402807318077132,1.0404900927635747,1.0405216142033888,1.0405174151192336,1.0411431450170876,1.0404897044058359,1.040490060907425,1.040601517986229,1.0410388263227488,1.0410355952505101,1.0413753103261258,1.0413013109852318,1.0413562419477165,1.0413143871334265,1.0413081030682378,1.0412967946839307,1.0412514975024707,1.0412629266126305,1.0410423639955526,1.0410537576554404,1.0410813015246114,1.041111167279366,1.041223381731757,1.0411232385897315,1.0410893476907805,1.0410647313340904,1.0409128417928935,1.0409421935145742,1.0409042895237721,1.0408820094808269,1.0409262343907129,1.0409421811364012,1.0409451038285813,1.0410574343710628,1.0410581431287016,1.040965236144077,1.0406932945399183,1.0407376612267116,1.0402744544464404,1.0403167077268025,1.040402362580613,1.0403728763569056,1.0402626275889368,1.040228048896541,1.0402612613987456,1.0402666086177421,1.0396456778505536,1.0396786282713792,1.0393263844714005,1.0393209819491502,1.0534372684124376,1.0534372672873573,1.0534372660791156,1.0534372648590211,1.0534372637002927,1.0534372628333637,1.0534372630101239,1.0534372624583948,1.053437262235813,1.0534372613624214
12,1.0355799793865992,1.044627600128967,1.0446167664673423,1.0464558640567645,1.0464799679764345,1.0465084290485693,1.0467995495279032,1.0468118049574189,1.0466908357864233,1.0466672795237326,1.075526744005041,1.0754134862301052,1.075372068559632,1.0754540547465277,1.0754625518419334,1.075432940971581,1.075366717372432,1.0753603233769753,1.0753564561932398,1.0753460838600033,1.0750346767853234,1.0750288818593692,1.074847952167307,1.0748395173835021,1.0742274892002668,1.0742426463244013,1.0742320920073123,1.0742251085297394,1.0639980440225059,1.0640014329671175,1.0639148805793686,1.0639043882914818,1.0638900398457467,1.0638933030482496,1.0637004036607378,1.0636969395386946,1.0636890370747705,1.0637015002028136,1.0636992912084986,1.0636827674884943,1.0636822012997527,1.0636695107892364,1.0637206721616201,1.0637288015119206,1.0637207073765342,1.063702719891666,1.0636293381438968,1.0636296342064113,1.0636440046421183,1.0632261590495535,1.0632238136858745,1.0620839374611888,1.0620379654337595,1.0621187481482894,1.0620850558231194,1.0620740252359426,1.0620629075656083,1.0620411662239044,1.0620766052818302,1.0619949011077574,1.0619979903499548,1.0620105280379493,1.0620303990926725,1.062137519723567,1.0620783659074793,1.0620479333610777,1.062024946317046,1.061915108869277,1.0619349890514873,1.0618977207193454,1.0618767400840072,1.0619167955442241,1.0619892021158919,1.0619923575435746,1.0620863291083238,1.0620810259266473,1.062032516675495,1.0618018378908995,1.0618382086203957,1.0613945723582636,1.0614337126756388,1.062569023458589,1.0625690234387373,1.0625690227279294,1.0625690223176065,1.0625690224249773,1.062569022423267,1.0625690177375473,1.062569017818665,1.062569028221314,1.0625690279884783,1.062569031906231,1.062569031891784,1.062569032210423,1.0625690320390822,1.06256903198738,1.0625690331086173,1.0625690338557314,1.0625690320544132,1.0625690322558,1.062569032351658
13,1.0378142123307013,1.0433172442690388,1.0431059401944711,1.0454808868647572,1.045487460050016,1.0455008162708188,1.0458536433443766,1.0458556015905252,1.0456843285199104,1.0456463449948865,1.0710962095696355,1.0711882933299832,1.0712010078681447,1.0712851878296201,1.0712995216509844,1.0712799124118553,1.0712344060316386,1.0712328470432384,1.071221691236977,1.0712170994854149,1.0723223850093762,1.0723170194240652,1.0725087882987374,1.07249476260314,1.0674355825026556,1.0675192476291744,1.067447080819268,1.0674779527583154,1.0676452329469142,1.0676834667550674,1.066673463891656,1.066590674703084,1.066412661444258,1.066440935628212,1.0697016771000403,1.06966990503327,1.069585436654872,1.069701451143542,1.0696406296911336,1.0693539782250638,1.0693193210806582,1.0691213743134442,1.0700239946250056,1.0701495041641764,1.0701312338754783,1.0701168116914734,1.069079287112722,1.0690913813717864,1.069287867651546,1.0774786893572776,1.0774475972339204,1.0756111622287152,1.075531711171149,1.0756740414535153,1.075616738260734,1.0755970475906609,1.0755750896441008,1.0755488477811408,1.075587125221166,1.074631883862375,1.0746352617255714,1.0746530779405752,1.0746833078702007,1.074851930520596,1.0747591855117946,1.0747117210791766,1.0746755331254265,1.0745070295129409,1.0745360925487413,1.0744337488439573,1.0744009262667729,1.0744621006363044,1.07457883044165,1.0745814985107434,1.0747185332527927,1.0747104667394747,1.0746193966750912,1.0742761708586916,1.074329225192256,1.0736891242287052,1.07374489991501,1.0737750120390992,1.0737542541183962,1.0735732727462,1.073501037741906,1.0735411484009456,1.0735424872047241,1.0724899610408047,1.072535270972569,1.0433853789561307,1.0433707693187129,1.0433830365027987,1.0433798684876552,1.0433929285357584,1.043381191902607,1.0433771046034532,1.0434310739259087,1.0434653935652196,1.043369860942228,1.043380290603235,1.0433819176716346
14,1.04225756133718,1.0423941629693638,1.0425005442751483,1.0425420382905066,1.0425609684858788,1.0425918003374635,1.04270645035268,1.0427138897902863,1.042705367535664,1.0427038238196895,1.0436496919239968,1.0433267188318442,1.0433750977408687,1.043500092148447,1.0435323411271007,1.0435308711237248,1.043528381958915,1.0435377473833078,1.0435008651150472,1.043507686589342,1.0467107518261807,1.0467118531093431,1.0456292741198667,1.045621410024138,1.0455411770347465,1.0455934696605924,1.0455575815201563,1.0455694950455863,1.0457341284282116,1.0457554202237278,1.0451509949660063,1.0450990176607,1.044994453698702,1.0450108161617686,1.0520536475272586,1.0520610520063651,1.052083448252689,1.0520718892305587,1.0520938218166038,1.0521904257995238,1.052202718648094,1.0522608325843155,1.0519385874517042,1.0518918460349542,1.0519417164051157,1.0519383669408027,1.052198093328508,1.0521956357758515,1.0521328602660793,1.0526241100487508,1.0526373879867632,1.0526691771738566,1.0527137989267454,1.0525581333214793,1.0526061132838178,1.0526279785696837,1.0526439151341325,1.0526594257556405,1.0517460668344978,1.0515025984267021,1.0515067278828651,1.05149840558747,1.0514676689643505,1.0512276773937776,1.0513043706143648,1.0513697299142537,1.0514191693288915,1.0515980072667725,1.051569625891861,1.053541455364736,1.0535624273334099,1.0535236949237299,1.0534074550860397,1.0534035997522009,1.053302347610604,1.0533129021559444,1.05334866220577,1.0535700262249288,1.0535391823584983,1.053889887110278,1.0538652974724125,1.0538333773167037,1.0538390831520164,1.0539252778806976,1.053956021726039,1.05394056566666,1.05394179335083,1.0543275482754475,1.0543151973170342,1.0545011804290785,1.054511187974105,1.054490576043122,1.0544918863459025,1.0544794820303987,1.0542990928295581,1.054302764722923,1.0542478569679317,1.0542264068956586,1.054323948780981,1.0543141931708921,1.054312708879317
15,1.0860066157287094,1.0862844386128487,1.085754126735157,1.0847703127758954,1.0846832019048454,1.0844517303529146,1.0844346449719393,1.084399933483906,1.0842018861084972,1.0841740415664527,1.0848001598785848,1.0809975387984903,1.0809018471770515,1.0816581000271908,1.0818202677542506,1.081731529083869,1.0815449336027214,1.0815666192017412,1.0813974277005076,1.0813994763505883,1.0969805634424792,1.0969723451311773,1.0893468750491453,1.0893491936163828,1.0895875526526853,1.0896474256297999,1.089652654247491,1.08987765970703,1.0899774729522438,1.089969096240886,1.0898292262942775,1.0897684191929844,1.089755765897337,1.0897610486000038,1.093556853840439,1.0935752771902405,1.093627109470553,1.093525480014352,1.0935721442826054,1.0937907872838402,1.0938164708327793,1.0939456358542956,1.0931897932403731,1.0930840483426156,1.095460657265705,1.0954573007790693,1.0958918010706755,1.0958980267883234,1.0956449767872192,1.094760051241287,1.0947779394922719,1.0947994790859752,1.094862326385531,1.0946166462450546,1.0946896439580625,1.0947210059503951,1.094736313900397,1.0947882102641806,1.0713851140276511,1.0712004514916644,1.0711965381635304,1.0711899993193525,1.0711837738753178,1.0711652595572803,1.071089941693894,1.0710997214152589,1.0711056394034664,1.0711373634960775,1.0711295880688785,1.0769056998908713,1.0768539858932042,1.0769456291235204,1.0772566886385728,1.0772596334703415,1.0774783486001545,1.0774492127369057,1.0777383867739498,1.0771996376942292,1.077271665631559,1.0763933652024469,1.076460474814925,1.076537193665921,1.0765398623284816,1.0762996079697318,1.0762045415332626,1.0762414984022663,1.0762362800533332,1.0750517635392178,1.0750875765841574,1.0750211033741568,1.0749696157136313,1.0750124505587233,1.0750004419810224,1.0750420773599325,1.0750178377261788,1.0750029076954062,1.0751794189043575,1.0752964715507587,1.0749828423495755,1.0750194300077751,1.0750231781444275
16,1.114016700685789,1.113573582020187,1.1139084773890284,1.1100873090112522,1.1099770986988513,1.1095407438705835,1.1093417888068473,1.1093002096858844,1.109223132871928,1.1092385689363427,1.1085096739550697,1.1013266885016026,1.1022824582143755,1.1027113602371612,1.1027998220177164,1.1027266227729904,1.1025278897296702,1.1025305450814809,1.1024470830760265,1.1024510972130876,1.1052313397910323,1.1052273483958304,1.1015672224051094,1.1015947368481755,1.1016958506301864,1.101692885594508,1.1017720431102027,1.1061092563151675,1.1062033976436063,1.1061565088683127,1.1066939940902956,1.1066316332508064,1.1067484777992864,1.1067397477609588,1.1061733152259543,1.1061834248961337,1.1062097532930584,1.1033193989477206,1.1032813593046675,1.1031295842415956,1.1031040968737853,1.1029862618859203,1.1033647529496133,1.1034159542794293,1.1216857290559663,1.1216857249939483,1.121685785425268,1.121685784001548,1.1216857829466733,1.121685782528867,1.1216857796039688,1.1216857768692623,1.121685780498753,1.1216858010085713,1.1216857981840875,1.1216857954287554,1.1216857926197445,1.1216858002792145,1.1216856375083335,1.121685633450846,1.1216856287998205,1.1216856248038387,1.121685621463894,1.1216856259953973,1.1216856636002237,1.1216856613961697,1.1216856593456916,1.1216856644697133,1.1216856607398389,1.1216856551713117,1.121685653217136,1.1216856532754813,1.1216856852036208,1.121685682504571,1.1216856810224727,1.121685678564648,1.1216855019720235,1.1216854977374713,1.1216854961854235,1.121685500197997,1.1216854971061332,1.1216854928640505,1.1216854986183815,1.121685506009376,1.121685452060759,1.121685446427082,1.1216854457737617,1.1216854774643614,1.1216854723603693,1.121685472875088,1.1216854682558923,1.12168546388071,1.1216854595054981,1.1216854545168093,1.121685449608428,1.1216854452418428,1.12168544088793,1.1216854429513923,1.1216854422029523,1.1216854413407034,1.121685437722628
17,1.0983042902042341,1.0984080063924493,1.0984453587965697,1.1096954993309298,1.109629946406379,1.1092040510656762,1.1103403792892634,1.1102839489607907,1.1099856899236569,1.1099120035461207,1.1096843544799535,1.106160994912414,1.1143674544264595,1.1147040147951428,1.1147729894509342,1.1147237247284452,1.1144079645046903,1.1144129602589847,1.1143484894089641,1.1143684941761662,1.113814943660471,1.1138135123447395,1.1138553700792928,1.1138491842074008,1.113954998053118,1.114825136375335,1.114787029909695,1.1346500410539266,1.1346500412426996,1.1346500345322355,1.134650143582935,1.1346501645952665,1.134650161351489,1.134650158400531,1.1346501575789056,1.1346501586727613,1.1346501626378842,1.1346500602315572,1.134650053909997,1.134650049060954,1.1346500429860307,1.1346500437107814,1.1346500697585145,1.1346500703508275,1.1346501047979747,1.1346501002988694,1.1346500287256163,1.1346500273848903,1.1346500886004074,1.1346500844759908,1.1346500804670128,1.1346500762666292,1.134650084828441,1.1346501106948614,1.134650108277174,1.1346501048522846,1.134650101097093,1.1346501136527885,1.1346501252308314,1.134650122814016,1.1346501195583656,1.1346501166919378,1.1346501141799699,1.1346501164013125,1.1346499143230915,1.1346499139627153,1.134649913191689,1.1346499293532073,1.134649922488044,1.134649920725651,1.1346499199276785,1.134649916260946,1.1346499534268089,1.134649949142366,1.1346499393929943,1.1346499364537317,1.134649852416154,1.134649887470018,1.134649880561332,1.1346499467042261,1.1346499413450986,1.1346499319883987,1.134649937575377,1.134649960132339,1.1346498890244832,1.1346498817799053,1.1346498814361696,1.1346499705515702,1.1346499645903838,1.134649968838631,1.1346499676285726,1.134649961838087,1.1346499589191372,1.1346499527478442,1.1346499513065693,1.1346499485524184,1.1346499357614048,1.1346498989510672,1.134649912831442,1.1346499104353232,1.1346499070850518
18,1.0782784167040582,1.0793226458916696,1.078046047653301,1.1122645623108371,1.1122435505636852,1.1118959109702944,1.1123831176692167,1.1122849939482369,1.1116693517347949,1.1114995877151228,1.1118403227482483,1.1116088297199884,1.126483955529173,1.1268004159252778,1.126851989162901,1.126791851444353,1.1263137587885943,1.126315362174617,1.1262626019157977,1.126205594855057,1.125797741781338,1.1257938921613446,1.1259243942780404,1.1259116966372382,1.1259748180960611,1.130887320517441,1.1308478893485716,1.1379264757169572,1.1378947374665107,1.1379203931590387,1.1377555357662323,1.1375743341177498,1.1373492265856615,1.137380532173948,1.1375553730937527,1.137532243739439,1.1374486415591125,1.1376360092834013,1.1376156507214887,1.1375285025854147,1.137511898081186,1.1374232032007896,1.1381452616435181,1.1381637553183583,1.1378435014402302,1.1378406160896433,1.0801462242944424,1.0804767525297054,1.0828681038584411,1.0830970249334724,1.0830567095561625,1.0830254508925516,1.082895272593328,1.08326399264937,1.0831402079556387,1.0830755722748642,1.0829750664235087,1.0830283027678382,1.0829355972853287,1.0828786190845323,1.0828623498771466,1.082863574347557,1.0829093456067203,1.08331435391142,1.0123809390053424,1.0123990192941388,1.012411228280549,1.0124513811371998,1.0124451804015735,1.0124552701334975,1.0124615968183317,1.0124495258916075,1.0124021646956898,1.0123994692749516,1.0123378688225109,1.0123440659176537,1.012449219830912,1.0126993910360078,1.0126936462597198,1.012680112360425,1.0131033526822144,1.0130964933741415,1.0131030679555555,1.0131078357347496,1.0131716986831991,1.0131702481659293,1.013169971508049,1.0130690720552133,1.0130743591693385,1.0130631889360109,1.0130533807040485,1.0130599380815508,1.0130575508296074,1.0130640895623284,1.013054848253452,1.0130518854763888,1.013079679843282,1.013198193393048,1.0131464909910195,1.0130955234789827,1.0130959274601605
19,1.04924166371905,1.0503514307361665,1.0495732694752484,1.1207761639405216,1.1207921831218188,1.1211988535467323,1.1123114600418418,1.1121592067600603,1.1113762846897126,1.1112377813949799,1.1116576604547697,1.1124049295978384,1.1199440997151477,1.1201993126463599,1.1202307574236916,1.12013513550154,1.121063396933323,1.1210702786354165,1.120964310292717,1.1205793410479208,1.1204916767051536,1.1204866862383323,1.1204651554720881,1.1204446534699741,1.1205088752929004,1.1518550177901161,1.1518550149337203,1.1518550153811071,1.1518550150918514,1.151855004307175,1.151854979713668,1.1518550422415623,1.151855035146737,1.1518550275597044,1.1518550289384222,1.1518550318452783,1.1518550421551725,1.1518550475491134,1.1518550375105525,1.1518550289398342,1.1518550194097703,1.1518550199518218,1.1518548252038032,1.1518548325202438,1.1518548240464954,1.1518548114919704,1.1518544093392147,1.1518543332895772,1.1518543102380219,1.1518542992705385,1.1518542795374334,1.1518542591981233,1.1518542965638208,1.1518544323397268,1.1518544180434394,1.1518544006486724,1.1518543827331058,1.1518544319460098,1.1518544533322086,1.1518544424738881,1.1518544265615287,1.1518544130431843,1.1518544021199504,1.1518544378307438,1.1518545242953644,1.151854516163151,1.1518545087436896,1.1518545260351858,1.1518545131620619,1.1518545029428369,1.1518544961016302,1.1518544965684636,1.1518546080396588,1.1518545989849567,1.1518545965328837,1.151854587880184,1.1518546049127247,1.1518545230825257,1.1518545157082334,1.1518545719013034,1.15185455786492,1.151854544880325,1.1518545535080356,1.151854580565871,1.151854578566929,1.1518545674702434,1.1518545663454494,1.1518546795572762,1.151854669847404,1.1518546724082364,1.1518546656417241,1.1518546570003358,1.1518546497377031,1.1518546400743452,1.151854632748033,1.151854625574966,1.151854613529898,1.1518546097721896,1.1518546161940195,1.1518547426172006,1.1518547372136387
20,1.0520140476978888,1.0541404651566404,1.0521800355943711,1.1619337116296873,1.162023644844958,1.1619793652204327,1.1602380239652195,1.1601861552367432,1.159791069326939,1.1596779741186514,1.1600462923923314,1.160649902926604,1.1681943370526866,1.1684077354003655,1.168452193428254,1.1684372223914574,1.1679347986628354,1.1679508884766865,1.1678926914000318,1.1677948230642765,1.1678478344129122,1.1678535187569752,1.1679197735103364,1.1679193596829447,1.1679659247811682,1.1790272785284093,1.1790131917175315,1.1787795849677347,1.178799230572388,1.17880736813076,1.1767029060579866,1.1769845527913285,1.1764614353982,1.1765204127242812,1.1770481144058582,1.176982012529958,1.1768059745944561,1.177073336210972,1.1769200803834248,1.176176667921384,1.1760774389170496,1.1755609721970275,1.1768864670912882,1.1772778183544592,1.177281190396838,1.1772867908192122,1.1731326554554975,1.1511172574797286,1.1511172623339911,1.151117266641327,1.1511172698605623,1.1511172734442765,1.1511172660442386,1.1511172485735703,1.1511172507153455,1.151117253651069,1.151117255714568,1.1511172417474265,1.1511172386465727,1.151117240030094,1.1511172427963292,1.151117245352612,1.1511172476021072,1.1511172495353599,1.151117246450912,1.1511172482281067,1.1511172497517885,1.1511172453598113,1.1511172480425587,1.1511172497537705,1.1511172508183942,1.1511172511383287,1.151117229393901,1.151117231062344,1.151117231461761,1.151117233388802,1.1511172305786046,1.151117239529731,1.1511172410917705,1.151117223606495,1.1511172247418242,1.1511172281340691,1.151117218253241,1.1511172102463498,1.1511172089134933,1.151117211520641,1.1511172116815567,1.1511172128594078,1.1511172153083313,1.1511172134895655,1.1511172142272172,1.1511172167295696,1.1511172180158835,1.1511172205412394,1.151117221403704,1.1511172226137272,1.151117227444186,1.1511172298988603,1.1511172245475298,1.1511174007207046,1.1511174034374487
21,1.020055340813618,1.0213609945132711,1.0204853548143433,1.1013260883130538,1.1014781209435407,1.1165660710869978,1.1014086036596935,1.1014523983020383,1.1018266312864635,1.1020769100844487,1.1018842701786036,1.1020144259502582,1.1014011624978006,1.1006685887848844,1.1005990095844016,1.1006540350481933,1.1455875732961165,1.1455294503971196,1.1454853494924744,1.145434775429599,1.145413345837688,1.1454064311958452,1.145347410985032,1.1453324651922727,1.145358930141413,1.147008301777089,1.1469842122879217,1.1470156705516052,1.1469912429512201,1.146996678745316,1.0945131240335955,1.086434012308924,1.0863326968688987,1.0863618860841409,1.086434850385224,1.0864295877337893,1.0863755413191045,1.0864092319890741,1.0863730024548035,1.0861031801744232,1.0860905891088612,1.0860008515214625,1.0871103732281597,1.087130388999188,1.0871432551609221,1.0871410713333647,1.0871573084195163,1.0873709212128715,1.0874049546383695,1.087462129628018,1.087448304388375,1.0874335325461744,1.0878349147564754,1.0699043482802058,1.0697572781230413,1.0696827947805894,1.0695557481352382,1.0745600931493315,1.0746010440790994,1.0745536305092682,1.0745375292259203,1.0745386721120183,1.0745909345062261,1.0923772097904434,1.0925331781669925,1.092651569754207,1.0927370433633958,1.0929384903300832,1.0928901476092725,1.0929778777041537,1.0930522554996651,1.0929256075157237,1.0923917865915367,1.0923630455324322,1.0888915575940683,1.0888960212239482,1.0889196008958657,1.0889299198364715,1.0889336492549615,1.0887407214109606,1.088772475685841,1.0888047930910363,1.1423159741443256,1.142315977404309,1.1423159750918424,1.1423159693793254,1.1423159687048334,1.1423159779184333,1.1423159723055825,1.142315973024053,1.1423159682847985,1.1423159634339535,1.1423159588276155,1.1423159533125513,1.1423159482191654,1.1423159436087704,1.1423159379975114,1.1423159365988615,1.1423159370866085,1.1423159338597075,1.1423159299290766
22,1.0132220565706032,1.014297682051343,1.014331847404478,1.0799668185577413,1.0799031886228228,1.107138533177572,1.1010671180734555,1.1010671534689482,1.1011760911690383,1.101250437157324,1.1012379599150088,1.1013770475268962,1.101181612292941,1.1009542387054516,1.1009852639132036,1.1010234433206574,1.132811504877958,1.132762441492721,1.1328537972515398,1.1328815650838884,1.1328669731845424,1.1328755240440005,1.1330112257494112,1.1330362736953947,1.1330039367522455,1.1328864438838198,1.1329395433328242,1.1328967869801017,1.1329634495830385,1.1329170905438213,1.127962488999219,1.114345125293526,1.1145745988741869,1.1145332205557386,1.1143415307913243,1.114357922128866,1.1144360505740842,1.1143733386744727,1.1144500384742226,1.1144358781527577,1.114490568500886,1.1147242358501106,1.1140361647561214,1.1138987719749907,1.1138867909687946,1.113888402753902,1.1148478370424495,1.1148664757067999,1.1146928958453388,1.1144533027915406,1.1144933829894768,1.1145273926836332,1.1145379324722673,1.064867013954337,1.065132604410084,1.065267897149374,1.0653756982108753,1.0644879158714327,1.0643821242746165,1.0644750557140887,1.0645058309351518,1.0645013569862956,1.0643989880447948,1.0626563791810635,1.0629825958202366,1.0631988841400504,1.0633667363657673,1.0636613039398466,1.0635868872480292,1.063735391541733,1.0638580335304855,1.0636215502225463,1.063137124966654,1.0631126184938116,1.0632162895217865,1.0632997946133076,1.063526714592505,1.0649149836894656,1.064735469625296,1.0665167488167882,1.0663826278461284,1.066222198710743,1.065418986614559,1.1308591070152387,1.1308591065400302,1.1308590989954406,1.1308590983105709,1.1308591605998235,1.1308591537855082,1.1308591559065786,1.1308591517628446,1.1308591456749497,1.1308591407267392,1.130859133878594,1.1308591293631045,1.1308591246159272,1.130859115036557,1.1308591115915683,1.130859117809742,1.1308591155915728,1.1308591112521191
23,1.0092178276964898,1.0098386016005856,1.0108944460045555,1.0610765917097817,1.0609879246596927,1.095785300365014,1.094584966810005,1.0945790209555324,1.0945830813249677,1.0946434268284078,1.0946417537254165,1.0946595367551477,1.0946180205120462,1.0946041571592955,1.0946134701358399,1.094603353220553,1.0983606405297284,1.0983392546245756,1.0983908671123794,1.098399319408799,1.098383604084991,1.0983851773577862,1.0984379086760374,1.098447522752049,1.0984285268145704,1.098398283536772,1.0984276347739774,1.0984105780452262,1.0984364722681454,1.0984134269787074,1.097521521394378,1.0919984972868997,1.0921336022384265,1.0921149136350388,1.0919960804748416,1.0920103909400347,1.0920469986450896,1.0920043674026594,1.0920464087001944,1.0924944582298697,1.09253033972208,1.0926621740491502,1.0920973567867636,1.0920180669392152,1.0920110904818532,1.0920107481573054,1.0925883056590144,1.092585531364605,1.0924755207101677,1.092328740918298,1.0923497226119867,1.0923633675830005,1.0911591420453275,1.0807532203177228,1.0808048411670772,1.080830185559762,1.080851607023054,1.080498260312049,1.0804756928187205,1.0804963477230722,1.0805013979453724,1.0804980149854349,1.080477695869112,1.0800910847269947,1.080153210949766,1.080195940114702,1.080228241670792,1.080164516479246,1.0801489654828869,1.0801800464389644,1.0802066422528396,1.0801601026873875,1.0801109007398566,1.0800991881116553,1.0802548798187888,1.0802715390649111,1.0803213908161373,1.080629802081165,1.0805878151924253,1.0810604961914223,1.0810162691935192,1.0809634245110533,1.0805344763922435,1.0890932930514872,1.089247899588448,1.0891935242860566,1.089200599577941,1.0908505413900615,1.0907983993401937,1.0909052600662223,1.0909716135497336,1.0909081188210068,1.090925145674723,1.0908663244174066,1.0909306903193543,1.090948566195608,1.090599494333711,1.0904671183309402,1.0908673653154528,1.0908219704242743,1.0908151946561637
24,1.030813521483142,1.0462759127031853,1.0462759168339875,1.0462759226703147,1.0462759224697311,1.0462759222586102,1.0462759229597376,1.0462759228582252,1.0462759224096256,1.0462759222151048,1.0462760230193509,1.04627602708419,1.0462760314403017,1.0462760356475245,1.0462760401336275,1.0462760447921449,1.0462760317708182,1.046276036316292,1.0462760330615999,1.0462760371920004,1.0462760371451352,1.0462760395771913,1.0462760391675316,1.0462760428318678,1.0462760413993484,1.0462760404117761,1.046276041211542,1.0462760419778843,1.0462758488669068,1.0462758472523894,1.0462758778961658,1.0462758839771755,1.0462758834413357,1.0462758826760572,1.046275884144786,1.0462758844704556,1.046275885522171,1.046275885733738,1.0462758848886666,1.046275884197319,1.0462758833670378,1.0462758835746844,1.0462758872899198,1.0462758873987006,1.0462758861192614,1.0462759000944226,1.0462759019048722,1.0462759014772909,1.046275902281084,1.046275906688748,1.0462759064438958,1.0462759101684929,1.0462759100392458,1.046275911486454,1.0462759111182827,1.0462759109878264,1.0462759107973105,1.0462759107124944,1.0462759119348717,1.0462759099828078,1.0462759099450682,1.0462759101433412,1.0462759102660943,1.0462759107503266,1.0462759112633377,1.0462759110064592,1.0462759108062494,1.0462759098021481,1.0462759098904244,1.0462759092644047,1.046275909074234,1.046275909334129,1.0462759103336596,1.0462759102292465,1.0462759108425226,1.0462759108345934,1.0462759106057133,1.0462759091650908,1.0462759094033702,1.0462759068207255,1.0462759069753642,1.046275907374615,1.0462759071472716,1.0462759070004706,1.0462759068786223,1.046275907003081,1.0462759070600716,1.0462759033865094,1.0462759034845077,1.0462759002494424,1.0462759000625594,1.0462759301359748,1.0462759302493199,1.0462759307045466,1.0462759307331815,1.0462759307849012,1.0462759319843187,1.04627593283213,1.0462759312325267,1.0462759314013865,1.0462759316421544
25,1.0328832289195693,1.0407664625585646,1.0406271246264687,1.0404961493103364,1.0404589261534916,1.04031920949226,1.0401492324445083,1.0401393941515735,1.040104519937111,1.0401081128589922,1.0667349511815152,1.0661035953207316,1.0656866513003111,1.065499046937613,1.0654147153078004,1.065357878852224,1.0652298301218979,1.0651861597225156,1.0652915086656625,1.0652502924527514,1.0641135541627924,1.0640857950740261,1.06335250634421,1.0633264609917412,1.0600305590000336,1.0600143700919207,1.0600544651660428,1.060012053806839,1.0524394680302667,1.0524566502650194,1.0523995311574674,1.0525306331074358,1.0525152504274562,1.0524961635644658,1.051131792882901,1.051151728318861,1.0511752343142835,1.0511203285174435,1.0510881333038398,1.0510128578355624,1.0509905391156082,1.0509802047828898,1.0512961714533042,1.0513380024513979,1.0513117878436584,1.05149233828196,1.0515509140776431,1.0515693876104684,1.051550424393515,1.0504494240325808,1.0504108241141787,1.045657681022832,1.0456092090702163,1.045910721410122,1.0458324148334193,1.0457865241086644,1.0457539236584177,1.0457725060713827,1.0458185668323634,1.046011814486329,1.045996446614441,1.0459872433266293,1.0460084361922652,1.0462795190554246,1.0462080398006965,1.0461383777810076,1.0460852506802645,1.0459466790576275,1.0459631449515947,1.0459224833531322,1.045881319023474,1.0459530113788056,1.0462695028571032,1.0462743580640204,1.0464631364473038,1.0464313287015654,1.0463986293932515,1.0460000111364882,1.0460485829430888,1.0454613006869282,1.0454967904785868,1.04592361199863,1.0459428722246034,1.0458451373996043,1.0457896797948423,1.0457921065401077,1.0457846006271811,1.0455213362402505,1.0455158135313531,1.0467951344258042,1.046777164785894,1.046355902819776,1.0463470256765863,1.0463406294901982,1.0463197176923726,1.046313629605221,1.04631865277235,1.04630445155053,1.0462736194007847,1.0462771439731537,1.046268549422919
26,1.036291370826074,1.0425094697398942,1.042339303843994,1.044036737550641,1.0440332337722746,1.0440081171170934,1.0442253465111144,1.0442250293493067,1.0440901870226313,1.0440637193530582,1.0720149499682705,1.0718479635797487,1.0716549141589515,1.0714643664288044,1.0714135190139693,1.0714112237134437,1.0713978143176477,1.0713816430051195,1.071443352027713,1.0714327443818004,1.0716425438790358,1.0716322315111544,1.071546480245691,1.071536392890531,1.067160818374703,1.0671850874864774,1.067169858579842,1.0671702141160306,1.0662998979074376,1.066305592555584,1.0662128845680574,1.0662149106956316,1.0662047130799366,1.066204913527259,1.067260100166297,1.0672559531703307,1.0672402751433467,1.067262437185097,1.0672429236674121,1.06716904333057,1.0671580748699387,1.0671164864016869,1.0673669377129895,1.0674061060133162,1.0673928380088888,1.0674224044724534,1.0671882440575096,1.0671939340825145,1.067232210323823,1.0708044199635345,1.0707776015078767,1.067556278129482,1.0675112891413179,1.0675963803929753,1.0675617253359349,1.067549358635437,1.0675354114679936,1.0675256024127135,1.067506679665573,1.066832133770401,1.066833131114976,1.0668420424779275,1.0668584421446772,1.0669603675458348,1.0669005388939563,1.0668724066047173,1.066851237221072,1.0667599093957836,1.0667746523408312,1.0667296522786087,1.0667119468386246,1.0667443530669727,1.0668158526351703,1.0668163048986519,1.0668968005555672,1.0668905835890945,1.0668298550113502,1.0666395998553093,1.0666667473253828,1.0663725330044416,1.0663963341860778,1.0664022289326534,1.066393760491394,1.0663162780356736,1.066284871822195,1.0663013452701156,1.0663023773016338,1.0659295064839664,1.0659443590461946,1.0492128509538003,1.0492660119630006,1.0491770003571952,1.0491877734720259,1.0491376345011765,1.0491900553804119,1.0492040555109863,1.0490048511180374,1.0488918160225338,1.049237766237469,1.0491994558564144,1.0491923749424554
27,1.0393013151866246,1.0408667924632553,1.0405041940572053,1.0425240267022013,1.0425108453925038,1.0425161593991326,1.0428163834317266,1.0428060165115334,1.0426480370622757,1.0426079892715765,1.0496153556434489,1.04999218263125,1.0502311239878128,1.050681214525015,1.0507789817537192,1.0507290636502225,1.0506338298297044,1.0506478726688553,1.0505440057215407,1.0505435341129765,1.0533723413624143,1.0533702135666392,1.0538686764414893,1.0538431834676618,1.0506752831778634,1.050779805379709,1.050691286533499,1.0507235202231073,1.0512595978302623,1.0513140232404152,1.0499548591674353,1.0498499788255848,1.0496302694340307,1.0496649695444524,1.0587247869224767,1.0586821228785734,1.0585608877440167,1.0587057392357224,1.0586041344227117,1.0581497436552911,1.0580910745822345,1.0577917073069292,1.0592426465345728,1.0594458850906712,1.0594348114475756,1.0594133181994727,1.0578649914520197,1.0578902507560564,1.058166061338665,1.0687709676216486,1.0687604554114258,1.0688762926691453,1.0688413389488594,1.0689687018031242,1.0689313115473624,1.068912058207369,1.0688958700128404,1.0688993534958202,1.0691046235282573,1.0710372222696696,1.0710334426522377,1.0710396106048266,1.0710624016110641,1.0712347945510736,1.0711468613712642,1.0711012362281582,1.0710655954895614,1.0709303695128862,1.0709507754794572,1.0707604783999054,1.0707275582767437,1.0707859235672583,1.0709548259337796,1.070955505606631,1.071078870779739,1.071064815238217,1.070965560475838,1.0706552681445822,1.0706999837757618,1.0701192654803056,1.070168457887756,1.0702253416008118,1.070220979668226,1.0700524007909116,1.069968628695564,1.069998114369194,1.069996058853191,1.0690557273273966,1.0690894776274589,1.0693992982673062,1.0693558325073778,1.0694153183647404,1.0694069494552265,1.0694489530078803,1.069455745671335,1.069443432814295,1.0696126803641943,1.0697216460620982,1.069428783256796,1.069462139650064,1.0694685951062268
28,1.0680677935936376,1.0682820502566501,1.0680334015215047,1.0672969920772142,1.0672564650163763,1.0671278585685893,1.0671493130007756,1.0671341767786025,1.067015925038602,1.0670013455697598,1.067784564365273,1.0651063521396837,1.0650404710572268,1.0655526870978715,1.0656656757553193,1.0656139656013797,1.0655004426495513,1.0655189639945666,1.065399284471176,1.065404840826777,1.0776686468985899,1.077662148623769,1.0708343112468004,1.0708168886021026,1.071080488710661,1.071209774051822,1.0711462227954942,1.0712278515399625,1.0713548335099254,1.071393722561663,1.0701962561308875,1.070105070775601,1.0698912249998915,1.0699206881387768,1.07963726972469,1.0796608567826305,1.079728562749409,1.079692772235642,1.0797553630985888,1.0800389374805714,1.0800739352424344,1.080246684308778,1.079299990949173,1.0791651779770712,1.0799298547327125,1.0799285561499792,1.0806203688060696,1.0806183607272195,1.0804019710223174,1.0790561260882003,1.0790789659834314,1.079099893609789,1.0791803738882488,1.078891101629109,1.0789785266555278,1.079017237503586,1.07904148155064,1.0790862343729886,1.0690605608142147,1.068916596032846,1.0689233119047497,1.068906597284525,1.0688485939672892,1.0684070059544633,1.0685130939481302,1.0686349850040702,1.0687270824527635,1.0690633362457314,1.0690089167542727,1.0840657588727,1.084065758502009,1.0840657573969932,1.0840657706435572,1.0840657691794318,1.084065765889916,1.0840657648585945,1.084065770427474,1.0840657771518307,1.0840657756187606,1.0840657890547456,1.084065787463728,1.0840657852750333,1.084065786899118,1.0840657918162964,1.0840657919284853,1.084065790315535,1.0840657902065836,1.0840658061166855,1.0840658047980365,1.0840658067141278,1.0840658060664419,1.0840658048002179,1.0840658039705324,1.0840658026637804,1.084065800966712,1.084065800161211,1.0840657979287074,1.0840657973197256,1.084065799524991,1.0840657991066582,1.0840657983240682
29,1.0985541917190487,1.0987516816271565,1.0975925363475814,1.095443347310966,1.0952264506746188,1.0946905516050076,1.0943199022423076,1.0942323042993658,1.0939006319088014,1.0938571041083787,1.0935724140174636,1.0869985687271448,1.0869299056534707,1.087944925943444,1.0881481811052678,1.087987892066182,1.0876502301748625,1.087661377929604,1.0874589107995856,1.0874429505222034,1.0965171505143383,1.096507320884993,1.0877372734722055,1.0877648354422513,1.0879407577544957,1.0879184615405237,1.0879994468613075,1.0890504110653332,1.0891738916716758,1.0891179251693983,1.0899761408114161,1.089922265913273,1.0901061193261703,1.0900906270923427,1.0900814690623752,1.0901015409646213,1.0901604984314692,1.0895614095518706,1.0896075983895068,1.0898295887049516,1.0898562217215897,1.089986356386069,1.0891925546812686,1.0890914317061193,1.0963091312083444,1.0963042205727684,1.0966988978994205,1.0967026319214475,1.0963555629869295,1.0958996809289983,1.0959186556392062,1.095946989144172,1.0960050295154604,1.0957491769451924,1.0958212624331645,1.0958542982441324,1.0958677119656406,1.0959164184294343,1.0514777473409185,1.0514827287117199,1.0514884339341612,1.0514810587199521,1.0514485883346034,1.0511879795536407,1.0512277199761872,1.0512979138875267,1.0513513412251618,1.0515410308676763,1.0515114296811985,1.051661323232301,1.051700820628115,1.0516292350565646,1.0514110790557039,1.05140506853507,1.0512365273666624,1.0512550339784072,1.0514934885774283,1.0518282957636482,1.051780080576502,1.0523910632202198,1.0523452107070899,1.0522869944779558,1.0522932213790912,1.0524638392440664,1.052840607453286,1.0528113862982673,1.0528150708075108,1.0537737583389812,1.0537402162452234,1.0538209894015498,1.0538631319028744,1.0538203723124961,1.0538293068468885,1.0537912395636284,1.05383451554974,1.0538455481423772,1.053693425852172,1.0536645466205365,1.0539336641514387,1.0539035993750128,1.053898681183921
30,1.1225385242565513,1.1222004604303384,1.1230228487913911,1.1260890294994816,1.1260745098118898,1.1258131135466292,1.1264244432167174,1.126409085661327,1.126357723277739,1.1263525720251648,1.1258767432145393,1.1219247213404737,1.1263231312961008,1.1264059099260835,1.1264293300123558,1.1264188229049816,1.1262891207723542,1.1262916412237092,1.1262732250454508,1.126296032622734,1.1261920360574502,1.1261924686992981,1.1254719234214203,1.1254846535887582,1.1255679728574313,1.1256308801487656,1.1256555735652538,1.134841712813503,1.134913708974864,1.134875629739157,1.1354041222638651,1.1353760429316013,1.1354596039023386,1.135454041587383,1.1351612782212508,1.1351679749751369,1.1351887461105379,1.1330226291006154,1.1329921254303568,1.1328531842937568,1.1328324076100178,1.132725652298521,1.1331153052122498,1.1331569049591745,1.1393975132168892,1.1393976474092513,1.1397617068055177,1.1398135307634285,1.1422978451741843,1.1425838919550915,1.1425408674825266,1.1425126784693707,1.142372057312062,1.1428300229025072,1.1426916366026096,1.1426232034035915,1.142561824135472,1.1425641849095642,1.1442105267622207,1.1441326708625004,1.1441194024739074,1.1441298502702844,1.1441882909901866,1.1446573236720676,1.1481628451454604,1.1480448165864763,1.1479507674619227,1.1475994234579645,1.1476526667765778,1.1475545773119749,1.1474649425576107,1.1476245387709367,1.1480868939729096,1.148090922477055,1.1483892030614016,1.1483547374371175,1.1395797448659284,1.138572353383806,1.138715581572619,1.136911671063156,1.136979506120482,1.137147327959609,1.1371426037944126,1.1366316136683197,1.108909976577316,1.108909980096142,1.1089099803455844,1.1089099447998003,1.1089099477636368,1.1089099464467944,1.1089099477572844,1.1089099504800275,1.1089099523118597,1.1089099553242594,1.1089099567827025,1.1089099585490634,1.108909963596243,1.1089099666777176,1.1089099609730928,1.1089099620502867,1.1089099638195903
31,1.0684099551870174,1.0689059062777209,1.0684766695171657,1.0910261598220763,1.09099834224401,1.090727416315054,1.090445409752969,1.0903615631210803,1.0899023003694277,1.0897882030504924,1.089961881442427,1.0895768446462966,1.0984118757806074,1.098616903989081,1.098653847942028,1.0986111112153214,1.0982557241243154,1.0982584891054301,1.0982200323227478,1.0981418179055473,1.0978194437915216,1.0978177085028669,1.0979759364696755,1.0979680192551338,1.0980257042620118,1.1033172933625102,1.103261324128451,1.1089634291011659,1.1089458790369107,1.1089655699741805,1.1088853498235218,1.1086965873750267,1.1085109131957525,1.108538802344364,1.108687386277473,1.1086659929039915,1.1085925542663853,1.107887975419485,1.1078999739909348,1.107954179650427,1.1079571308512555,1.107958006807793,1.1079648560026572,1.1079284659554534,1.1076640663788808,1.1076609202386758,1.0514456688643004,1.0516934790339567,1.0520921673879833,1.0513742668296975,1.0514753800067251,1.0515416641806188,1.0518465765466103,1.0506492506107725,1.0509990720456859,1.0511663491568763,1.0512173025450937,1.0513095040250253,1.0510442083400753,1.0511512040940312,1.0511765915447184,1.0511482537413912,1.0510141460778728,1.0498752725043357,1.0068798605872216,1.0069991942413459,1.0070884341448203,1.0073759467438503,1.0073294842737237,1.0074205980309523,1.0074915571162824,1.007362298020792,1.0069286001631275,1.006909667564109,1.0065585529315824,1.0065989980967942,1.0067892465774135,1.0063981985151447,1.0063007137480928,1.0074923024638291,1.0122508959046905,1.0120832702334441,1.012096850011713,1.0125865524684028,1.0130078871618782,1.012929417655495,1.0129406033414545,1.0152665343872969,1.01519587544838,1.0153388305005182,1.015427684481254,1.0153423744225252,1.0153615485252019,1.015281933149539,1.0153690442856145,1.015392442686183,1.0150691174922841,1.0146078122594406,1.0152540189377954,1.015152589577201,1.015141673808593
32,1.0564110096439323,1.05723211306492,1.0567245022300884,1.1055313072706374,1.1055736129179685,1.1056233156738402,1.1001205634516114,1.0999990782951992,1.0993376376928892,1.0992006873086198,1.0995735909853368,1.1002997631239853,1.109866722922473,1.1098666204452776,1.1098531783521886,1.1098112101571613,1.109705294559949,1.1097075597031445,1.1096865388023869,1.1093614414976942,1.1091903372865282,1.1091891958689224,1.1092831253577298,1.109279120071907,1.1093147479171286,1.1266450017720444,1.1266189256969659,1.127915702970885,1.1279080996378605,1.1279185624903527,1.1286852205208657,1.128521933456765,1.1283478825465698,1.1283744665658886,1.1285098030359615,1.1284897497256197,1.1284198979572249,1.1290308930482336,1.1289896066672132,1.1288160307317747,1.1287880747427042,1.1286484335322655,1.1282487032225834,1.1283874888477106,1.1283215957717634,1.128319936959615,1.0165523803234067,1.0165903422822207,1.0167719704692,1.017129857861507,1.017076716385097,1.0170440115011978,1.016874176967997,1.0174548442317881,1.0172685067876575,1.0171804543014515,1.0170865472189499,1.017062331171864,1.017122033091409,1.0170503893282528,1.0170358110890225,1.017049127032269,1.0171187640497006,1.0175611346694553,1.01820992585763,1.0180494629036854,1.017929445923932,1.0175207684198018,1.0175785458833886,1.0174721979115458,1.0173810403489105,1.0175462553419399,1.0181031551928088,1.0181100816434427,1.0185635830288826,1.018506941132225,1.0183301117559003,1.012656560871014,1.0127827477152809,1.0114792639721257,1.01207559859953,1.0121981781268767,1.0122085989952383,1.0118497743374104,1.0116922486917075,1.0117442773822676,1.0117377680783814,1.0101092011279427,1.0101368137322624,1.01008105265201,1.0100453172140946,1.0100764590375813,1.010068274647155,1.0100987153174679,1.0100631743056003,1.0100530591959762,1.0101839201902303,1.010292613843716,1.010052348573989,1.010089277135232,1.0100926258405125
33,1.0504532537989733,1.0518802155615645,1.0507115361232418,1.134066442053606,1.134079907274453,1.134295071023182,1.1273849130045217,1.127240929653274,1.1264741485676752,1.1263308281225304,1.1267754626726387,1.1275146386679638,1.1355777837262544,1.1358869465622348,1.135929914470934,1.1358375280810122,1.1364574666706737,1.1364647332334843,1.1363690367178085,1.136076527651373,1.1360026544100197,1.1359981644827857,1.1359753649271385,1.1359562096624751,1.1360159143484916,1.1606985066423798,1.1606899014224992,1.1606516366893787,1.160643336765605,1.1606513997539007,1.156120681406025,1.1562429563570296,1.1558771948435573,1.1559191817072294,1.1562427369960342,1.1562038046157237,1.1560798631572817,1.1562421948706165,1.1561273773070915,1.1556158335865112,1.1555450494877733,1.1551996196499266,1.1544093497619732,1.1547358768675557,1.154763211077206,1.1547645035400935,1.1494228191887523,1.1434421461523068,1.1434312993981635,1.143478845857528,1.1434697483883323,1.1434595969932009,1.1434184701552401,1.1435710667039702,1.1435520004409494,1.1435383995966506,1.1434717353973312,1.1432610676525283,1.1432626861963795,1.1432540703226863,1.1432483071915587,1.1432456616665543,1.143256035246812,1.1444051771799963,1.144461239700196,1.1444604376212362,1.1444555084638695,1.1444286700031843,1.1444332939086106,1.1444210005803326,1.1444071077869218,1.1444325937578834,1.1444674836414421,1.14446571139597,1.144481913075114,1.144483780076855,1.1444953031194691,1.1454559956452295,1.1454720409771049,1.1450434355842158,1.1449379081767166,1.144988703904496,1.144692211872466,1.1444535947221566,1.1443572593335465,1.1443880278637055,1.1443835721501658,1.1473435606285274,1.1473530633276843,1.1473341218591107,1.1473170207612728,1.1473290604915034,1.1473258982792305,1.1473378471218874,1.1473216330776137,1.1473165336514384,1.1473615455714758,1.1473920354516647,1.147309220188678,1.1645280547486319,1.1645288203823947
34,1.0275673753155639,1.0289647986262116,1.0279181354068656,1.1202077128158694,1.120427215480246,1.1294764392045682,1.1141050513514175,1.1141440723826563,1.1144817148586688,1.114688183168545,1.1144816233592203,1.1146145456222627,1.11421639952027,1.1134724106903644,1.113378892570763,1.1134393890515284,1.1429099977647506,1.1428932312814033,1.1427248434111112,1.1425890543153019,1.1425888970283553,1.1425785823560752,1.1424132736331352,1.142377115822221,1.1424533950944515,1.1466370006509041,1.1465416659065633,1.1465864001940131,1.146506598608566,1.146562217515549,1.073629854612354,1.0728159533540214,1.0722811259807277,1.0723446002007473,1.072799511436898,1.0727457947858297,1.0725579384014587,1.0727425501112937,1.0725677008662793,1.071808361402489,1.0717148355509092,1.0712762192849448,1.069598820567978,1.0697641591655198,1.0697935635633677,1.0697926659040016,1.069782932789708,1.0695558378847327,1.0697889187540086,1.0701420381230662,1.0700846716286954,1.0700424359782221,1.0700052970949643,1.068249053400497,1.0679375117975096,1.0677849846535317,1.0675637440918517,1.0669945264663068,1.067076932025829,1.0669850215636794,1.066959831834164,1.066970461605095,1.0670669269070825,1.121978898581416,1.1219789293011853,1.121978922823756,1.1219789172283066,1.1219789188594786,1.1219789132344382,1.1219789061938437,1.1219789011367383,1.121978904223044,1.1219789688796151,1.1219789644541869,1.12197896377634,1.1219789585502855,1.121978964396875,1.1219789533674793,1.1219789529695388,1.121978944249591,1.1219789419582755,1.1219789385808572,1.121979117329099,1.121979111992603,1.1219791084259627,1.1219791057768707,1.121979105280391,1.121979130185411,1.1219791282713005,1.1219791262548071,1.1219791220350723,1.12197912075326,1.1219791178267242,1.121979116151282,1.121979111710122,1.1219791086820754,1.121979111573729,1.1219791143246773,1.1219791038906017,1.121979109387192,1.1219791074021626
35,1.0161574505966129,1.0174062863831017,1.0168292171057312,1.0908141483963574,1.0908568467991604,1.1115712973663214,1.1004973092146273,1.1005190388902002,1.1007668319640622,1.1009625731395096,1.1008636314739415,1.101010579893394,1.1005581939304936,1.1000618667528606,1.1000445527828793,1.1000824933616893,1.1478112106447849,1.1477349873872,1.1479403721307946,1.1479600538404795,1.1478817566872501,1.147886490761182,1.1480863755536017,1.1481219346537517,1.1480454777021283,1.1483419835398334,1.14846146403809,1.1483960461127445,1.1484964829501816,1.1484023859531838,1.1300097415872528,1.1163546695491033,1.1166843156753987,1.116663960802736,1.1163604370521412,1.116399701935701,1.1164890941302559,1.1163799736189042,1.116481264900772,1.116726543219413,1.1167984615441229,1.1170934278353217,1.11631293619358,1.116104693809919,1.1160914101757524,1.1160890187086971,1.1174616554576846,1.117554127103107,1.1172983767526317,1.1169508575504463,1.1169971681181787,1.1170222969609231,1.1174630200822708,1.0749242822849576,1.0749722378070352,1.0749921828692675,1.0749850448408023,1.0774074470141635,1.0774055407560432,1.0774035086361449,1.0774000244756723,1.077396340179681,1.0774000576351013,1.0803264550476492,1.0803860775958636,1.0804357713392088,1.0804696429929326,1.0804849708866457,1.0804663144638273,1.0804984065322922,1.0805244657020745,1.080480811292488,1.080270245814491,1.0802531936591973,1.0780876712015515,1.078095485390797,1.0781256169844575,1.0782348509351365,1.0782231326365586,1.0782623703617114,1.0782669613831535,1.0782688690659081,1.090734081128252,1.099650346510191,1.0991950544733815,1.0993464457997564,1.0993258657641833,1.09486270053487,1.0949878550974124,1.0947297977523944,1.094559813562798,1.0947088341178122,1.094673833021912,1.0948159985798132,1.094649284466715,1.0946021051099106,1.0951789061789858,1.0955246424427985,1.0944756021037405,1.0946028775194774,1.0946171436542016
36,1.0093701054554178,1.0099545115778576,1.0111407738635714,1.0603121737253771,1.060202846258553,1.0967952242920131,1.0967951912999825,1.0967951775529692,1.0967951699496379,1.0967951418280373,1.0967951361092487,1.0967951272928451,1.0967951177660793,1.096795108661906,1.0967951041167106,1.096795122397119,1.0967954281776522,1.0967954299861937,1.0967954287016026,1.096795431976684,1.0967954333302294,1.0967954352498208,1.0967954394824795,1.0967954426503503,1.0967954445268036,1.0967954388326757,1.0967954397524917,1.0967954399729551,1.096795441809855,1.0967954431585982,1.0967954060276608,1.0967951874113506,1.0967951943358918,1.0967951870774157,1.0967951792577004,1.0967951812188925,1.0967951893624999,1.096795186069351,1.0967951850944266,1.0967952690794123,1.096795269115367,1.0967952767648972,1.0967952517815056,1.096795247290723,1.0967952450985592,1.0967952427932977,1.096795301135928,1.0967952997583992,1.0967952945844048,1.0967952881971865,1.0967952878824034,1.0967952874424214,1.0967952426038663,1.096795012300158,1.0967950118494538,1.0967950083468774,1.0967950046794743,1.0967950090042233,1.0967950146812597,1.09679501251442,1.0967950076335566,1.0967950030002562,1.096794997293473,1.0967949783065032,1.0967950104671291,1.0967950112290246,1.0967950115256833,1.0967950202315893,1.096795014078181,1.0967950130662845,1.0967950128528106,1.0967950083459859,1.0967950652589138,1.0967950612585673,1.096795059530683,1.0967950578831953,1.0967950676096248,1.096795092768907,1.096795088165993,1.0967951199606236,1.096795115241841,1.0967951091313817,1.096795098214296,1.0967953045654724,1.0967953085582691,1.0967953066020264,1.0967953067492735,1.0967953464483076,1.0967953453056707,1.096795347268872,1.096795348594461,1.0967953473628829,1.096795347038507,1.096795345719526,1.0967953470828424,1.0967953473570653,1.0967953555975465,1.0967953523094633,1.0967953579916272,1.0967953565140816,1.0967953563759028
37,1.0081857325435672,1.0082996303339444,1.0098284008645015,1.0354229367995613,1.0352519350651983,1.054827127745116,1.056894339180731,1.0568617160556961,1.0573346652681588,1.0537220443661826,1.0535004710369573,1.0535133489173996,1.0532823475629998,1.0522967559449474,1.0526816661380611,1.057746804063319,1.0576215758536518,1.0576110821892992,1.0577291750966238,1.0577540663939402,1.057727015980979,1.0577358703383766,1.057892468936472,1.0579228710452973,1.0578745956784015,1.0577385693749894,1.0578081144542744,1.0577537334727622,1.0578300605777813,1.0577918600094502,1.0593162469658495,1.056476666023629,1.0568975211819083,1.0566881012447136,1.056314500825618,1.0563529105987175,1.0564823850622653,1.0563484221420327,1.0564879011200976,1.067820837482506,1.0678710645427516,1.067830146444047,1.0680326518754897,1.0680732720487414,1.0680759063750709,1.0680779712707726,1.0678620744619447,1.0678583299234838,1.0679014675326939,1.067956738479502,1.0679529461666426,1.067957332103737,1.0691113626823499,1.0701001209522076,1.0700932705231059,1.0700970096554292,1.0700971429255441,1.070016023196818,1.0700130896468,1.0700083570758498,1.0700180992279718,1.0700292815431323,1.0700162511475153,1.0699479532871237,1.0699361880626757,1.0699327513542936,1.0699368868266905,1.0698588547274637,1.0698585362599566,1.069860529870396,1.0698587607993093,1.069839352037101,1.0690825316887878,1.069063067266332,1.069505530676944,1.0694624106582893,1.0693043914113822,1.0683249744267491,1.0684710051105928,1.0661435754753863,1.066320166416807,1.0665325056592667,1.0664122972739107,1.06581188116861,1.065506651416772,1.0656226919055485,1.065610219719639,1.0617147934284061,1.0618571658016849,1.0615674657829524,1.061397489172045,1.0615752057218704,1.06148403778325,1.0616443761154966,1.0614814551647191,1.0614356046812723,1.0751954982928469,1.0751955011882164,1.0751954936416255,1.0751954943026327,1.0751954934887389
38,1.0072668199843622,1.0079254990674984,1.0076638101969062,1.0327350031712403,1.0322655702895303,1.0482067160712536,1.050899176687626,1.0508442672826364,1.0510337262551854,1.0451977518184508,1.0451258883583632,1.0452237525789034,1.0452120590814356,1.0447645471116986,1.045303198048333,1.0524191316610405,1.0524191416212425,1.0524191394552576,1.0524191404262035,1.0524191385908417,1.052419138518723,1.052419137510206,1.0524191390238082,1.0524191375228682,1.0524191357274977,1.052419132867679,1.05241913206142,1.0524191302570935,1.0524191314182478,1.0524191322352425,1.0524191766267417,1.052419172772601,1.0524191741237288,1.0524191876020101,1.0524191852484237,1.052419185172841,1.0524191884042355,1.0524191876430853,1.0524191884743703,1.0524192955185485,1.0524192662876,1.0524192637171008,1.0524192692060048,1.0524192720173289,1.052419273188949,1.0524192746992758,1.0524192461312591,1.0524192466604076,1.0524192489466178,1.052419251305813,1.052419251997398,1.052419252990224,1.0524192679439142,1.0524192739008698,1.05241927437728,1.0524192755468653,1.0524192765721145,1.0524192713697487,1.0524192699311123,1.0524192704080155,1.052419271711199,1.0524192729786725,1.0524192718755354,1.0524192708244366,1.0524192651350988,1.052419265225278,1.0524192656103326,1.0524192614898873,1.0524192623681399,1.0524192627925186,1.052419262904705,1.0524192625618296,1.052419101933441,1.0524191003826906,1.0524191035645376,1.05241910222751,1.052419102785376,1.0524190966427702,1.0524190969968445,1.0524190862232048,1.0524190866598895,1.052419087137191,1.052419086833985,1.0524190875921478,1.052419084921111,1.0524190845187253,1.0524190842519208,1.052419070866672,1.052419070088192,1.0524190689094,1.0524190670408564,1.0524190666466304,1.0524190635667254,1.0524190628334769,1.0524190609422979,1.0524190595460707,1.052419122494171,1.0524191225023896,1.0524192708213673,1.0524192710831552,1.0524192717140295
39,1.0292075318845066,1.0424915538881272,1.0423650425171107,1.0407852185249522,1.0407192445829319,1.0405125001672986,1.0400664587178952,1.0400443197836406,1.040101862734678,1.0401265691253032,1.0472789096025141,1.0467577590070336,1.0465340176863525,1.0468646320400161,1.0468757346456208,1.046727927521881,1.0464324035416641,1.0463890017436495,1.0464004171821755,1.0463406666027593,1.0453967235813328,1.0453606879210933,1.0446282668064608,1.0445806096840624,1.0435326381637866,1.0435701347154058,1.0435827107980757,1.0435531320490574,1.0301931769728412,1.0301493338425693,1.0314865371008095,1.0316950678596604,1.031885536707961,1.0318385251686948,1.030817804728898,1.0308719369803092,1.030981008016665,1.030841698339218,1.03087241680641,1.0310732529054567,1.0310834859264972,1.0312524114248764,1.030678467430346,1.0305790215890798,1.0305230338246916,1.0328781724349474,1.0328781905870268,1.032878190484385,1.032878188606688,1.0328781804175933,1.0328781801085731,1.0328781736794512,1.0328781757134076,1.032878178187275,1.0328781784249663,1.0328781780987433,1.032878177912811,1.032878179616907,1.0328781808370957,1.032878184815548,1.0328781843964727,1.0328781837603664,1.0328781831699843,1.0328781821515558,1.032878184869387,1.0328781851296598,1.0328781852972475,1.0328781874940163,1.0328781869483394,1.0328781870428205,1.0328781872293733,1.0328781867023664,1.032878188345294,1.0328781882263391,1.0328781869846682,1.03287818682418,1.0328781884589728,1.032878191568453,1.0328781910181957,1.0328781962470908,1.0328781957227025,1.0328781948815078,1.0328781953006494,1.0328781965691889,1.0328781969512515,1.0328781965318932,1.032878196443318,1.0328782032466182,1.0328782029020493,1.0328782079790793,1.032878208096152,1.0328782397823555,1.0328782400373497,1.0328782400338756,1.0328782403443704,1.0328782406741979,1.032878239939688,1.0328782389966404,1.0328782405028198,1.032878240403121,1.0328782404667824
40,1.0331360481850593,1.0446509878380483,1.0446571229169002,1.0454474869813517,1.0454538693589563,1.0454379747222629,1.0455347961969894,1.045540139241295,1.0454801574734571,1.0454716773659123,1.0627697794018587,1.0626198735798986,1.0625689392541615,1.062682085930337,1.0626930927278837,1.0626521432347162,1.0625604694087212,1.0625514481072682,1.0625469860138523,1.0625325202454734,1.06217887144667,1.0621705236096064,1.0619358408129258,1.0619238833593485,1.0613155088377662,1.0613266986342615,1.0613179711854142,1.0612999262007254,1.037845869022379,1.0378545315735714,1.0375821459756922,1.0375357929955449,1.037493678613959,1.0375047835367763,1.0377790292237192,1.0377670693815693,1.0377422844316624,1.0377779967903518,1.0377724585832355,1.037727186931726,1.0377256635928787,1.0376866784771377,1.0378151036696446,1.0378357779328693,1.0378370272675517,1.0378559568733738,1.0375648819445773,1.0375637645913192,1.037614754352941,1.0378221634901108,1.0378227207134305,1.037964217964472,1.0379271524470348,1.0379427169110864,1.0379243814603087,1.0379232844794852,1.0379191119332458,1.037892345995196,1.0379064505985118,1.037781591995792,1.037788588695336,1.0378037793312722,1.0378188930068044,1.0378656265116064,1.0378175085463195,1.0378027966545216,1.037792198924949,1.0377166847326271,1.0377320619524488,1.0377102517490269,1.037700301298933,1.0377210512409143,1.0377135735592748,1.037715450320693,1.0377667848323762,1.0377690119379435,1.0377235081847402,1.0375958347550525,1.0376178669218756,1.037384858508783,1.0374070727436233,1.0375352367461832,1.037519266518506,1.0374724408655382,1.0374602603877983,1.0374762829416069,1.0374792402762634,1.037196767238962,1.037213026043991,1.0370359337791886,1.0370348625533452,1.0388613260850077,1.0388613645390832,1.0388854634264042,1.0388738408772038,1.0388711084024729,1.038951338530964,1.0390051949630974,1.0388770215668524,1.038891217789312,1.0388985413209813
41,1.0353748157506455,1.0418775055488234,1.0417185904750197,1.0429345838901252,1.0429221729538702,1.0428672057233763,1.0429841834867477,1.04298134417207,1.042871853088008,1.0428531837549369,1.071044137022272,1.0707297303051726,1.0704283627909594,1.0701182614660858,1.0700362115344921,1.0700368096888335,1.0700270655139472,1.0700022315898603,1.0700995112318181,1.0700837361876065,1.0698741064871107,1.0698599786063976,1.0696109920591437,1.069600743486637,1.0653142702252612,1.0653110370214458,1.0653229186075173,1.0653065497578555,1.0635263032788949,1.0635200553585684,1.0638007870633592,1.0638470837822747,1.0639062787688045,1.063893450023512,1.06402844866489,1.0640373476127991,1.0640524896432577,1.0640312812915171,1.0640273289646327,1.0640393413727738,1.0640371185244133,1.0640619232413646,1.0640549964466721,1.0640603095413814,1.0640457826648302,1.0641051440507066,1.0642185110657945,1.064222510572697,1.0641920939528102,1.0660286284554432,1.0660033865791276,1.0618274787246718,1.0617953179728987,1.0618717354428349,1.0618427710120786,1.0618311263328863,1.0618190761403858,1.0618170968445195,1.0617795050600667,1.0612811521132708,1.061280387515763,1.0612848910394856,1.0612961110635077,1.0613814450456647,1.0613333741615354,1.0613104292587923,1.061293390473558,1.0612299451204725,1.0612391201750435,1.0612169970457914,1.0612041655392712,1.0612270693907297,1.0612938145387236,1.0612936525450045,1.0613589726900936,1.0613519182793396,1.0613038970609974,1.0611616038529192,1.061179621991389,1.0610126877543138,1.061023698366925,1.061049634532112,1.061047429835681,1.0610141302039218,1.0609999413149376,1.0610056056962498,1.0610062313109894,1.060943082228448,1.0609435967973304,1.0517577124605406,1.0518225831996162,1.0517035618328783,1.051716736304566,1.0516553226364782,1.0517194625735802,1.0517365926865694,1.0514925179409675,1.051353748294554,1.0517777767266336,1.051730875681608,1.0517221882267236
42,1.037081712377195,1.0405063315832603,1.0402293312567301,1.0418670358998725,1.0418500007648384,1.0418168564566967,1.0420170186490596,1.0420089014016125,1.0418694219669442,1.0418392077022547,1.057179287020139,1.0572826490220362,1.0572772201085718,1.0573758751695512,1.0573915672044132,1.0573654856025771,1.0573043448702857,1.0573012673063973,1.0572902847564551,1.0572834736770693,1.0588203881564209,1.0588125072022363,1.0590584797626361,1.0590384883694266,1.0516741745847176,1.0517615199719994,1.0516846654104726,1.0517196752755191,1.0523781086115345,1.0524207373540333,1.0513127074310997,1.0512105141884387,1.0510328589439106,1.0510635677454234,1.0562196012785312,1.0561818255638595,1.0560819524942477,1.0562148331265382,1.056142862637494,1.0558079649954681,1.0557677609581562,1.055540166574522,1.056596938208182,1.0567482725560182,1.056731661943275,1.0566969991093649,1.0554713559204316,1.0554859611841174,1.0557077225609082,1.0710195509550358,1.0710143881648664,1.0709384042450236,1.0709293207870667,1.0709525592024363,1.0709433443129153,1.0709394075650118,1.0709351423381508,1.0709378718537643,1.0709609116209438,1.0719555399245126,1.0719586971612347,1.0719591882791,1.0719507243707616,1.0718719665857486,1.0718830735963643,1.0719039441436542,1.0719201454887164,1.071971505548334,1.07196342825548,1.0719246644855294,1.0719394908805548,1.071912449344598,1.0718198528443774,1.0718161708376681,1.071757335165897,1.0717645917087553,1.071752720742561,1.0718864030058106,1.0718667388322494,1.0721331493317188,1.0721148020810052,1.0720824297722378,1.072081772762882,1.072156441514205,1.0721896341276056,1.072179172959858,1.072182351565952,1.072547351122341,1.0725392438079135,1.0675616137228459,1.0675605631065421,1.0675759528565507,1.0675762790721945,1.067578887497063,1.0675980805501506,1.0675975003497795,1.0676071847735038,1.0676231156790181,1.067607649135151,1.0676096563647277,1.0676107549551106
43,1.054101449890213,1.0548216097412315,1.0552583855505187,1.0564723258853463,1.056556888797007,1.0567335257563388,1.0572590719974715,1.0572919354836918,1.0572583893406566,1.0572452625681252,1.061462933130801,1.0614900801987774,1.0618578816785802,1.062362048582385,1.0624925603820956,1.0624794695321853,1.0624645527978076,1.0625001805032899,1.0623538230717828,1.0623770106169894,1.0713879553497274,1.071394241621402,1.07095258624767,1.070929407880109,1.0702686056025803,1.0703984663996051,1.0702880297846757,1.07030864978285,1.0708232854497426,1.0708907140855415,1.0690896616284926,1.0689342326355522,1.068626014301336,1.0686761735293906,1.0924745833870866,1.0924742535417935,1.0924736549614789,1.0924827986900745,1.0924838694186367,1.0924898463505102,1.0924900267240965,1.0924896378412585,1.0924585191148295,1.0924529552595688,1.0925194460214307,1.092514163408079,1.0924718636038022,1.09247524866411,1.0924627085160559,1.093852323024968,1.0938539272837189,1.0938869020082538,1.093894342748466,1.0938671672685347,1.0938760779474366,1.0938788408001243,1.0938790555737157,1.0938929063112746,1.092946941194437,1.0926836408608898,1.092683009543607,1.0926785853620333,1.0926693310111841,1.092612460066507,1.0926131037481213,1.0926299768896452,1.0926424994216002,1.0926943738734585,1.0926848748308222,1.094655837548367,1.0946539077272188,1.0946562388201941,1.0946711748487044,1.094669521368523,1.0946647142449186,1.094663556691346,1.0946434588372973,1.0946400250873345,1.0946404723887508,1.0946065299389016,1.0946113502699757,1.094614523065981,1.0946181331799276,1.094600233058251,1.0945813020867663,1.0945829340156572,1.0945823306823215,1.0944579062625195,1.0944622214658484,1.0945414950541037,1.0945307598237028,1.0945370024280405,1.0945342319606917,1.0945415453531513,1.0944764248264507,1.094473476309731,1.0945042745854974,1.0945289647183092,1.0944748927068702,1.09448188316151,1.0944825318209919
44,1.089945082837894,1.0901550532365591,1.0887730749337157,1.0863267557649376,1.086072462089684,1.0854471128800731,1.0848859879272184,1.0847855193321023,1.0844212771093933,1.084376103914274,1.0839133086440902,1.0764115331975235,1.0762800738331306,1.0773401460435659,1.0775493596015029,1.077371433264395,1.0769952891968795,1.0770029488446635,1.0767978232418631,1.0767753358918892,1.0850211512157661,1.0850087316925965,1.0736266743767662,1.0736531946777108,1.073837130302377,1.0738148213049603,1.073889417244563,1.074733773062435,1.074861103152254,1.0748100987218983,1.0755950354217212,1.075540342325536,1.0757122481368682,1.0756984655817785,1.0760365468022015,1.0760575692484788,1.0761214331890234,1.0757375881418858,1.0757968354757546,1.0760758499954377,1.0761112600247975,1.0762812291101158,1.0753147191196075,1.0751941783443413,1.0809504391437543,1.0809447999296544,1.0813141738066736,1.081316577161132,1.0810112047561484,1.0805453866089978,1.0805635058721692,1.0805971828437848,1.0806503656064759,1.08040436744031,1.0804714457259845,1.0805030068511965,1.0805140267642594,1.0805623831017426,1.0301436854422164,1.0301011461781964,1.0300997197082693,1.0301010897624368,1.030107885633523,1.0301718811237393,1.0301375092864433,1.0301205004097098,1.0301081170664916,1.0300684702136453,1.0300736505844887,1.0302703405108646,1.0302637072745353,1.030275707519008,1.0303206685474708,1.0303208086803808,1.030362953583881,1.0303574973065983,1.0301136976584575,1.0300683656663099,1.030071938510457,1.030074798567343,1.030072081495852,1.0300686031934085,1.0300693116913684,1.030081210851936,1.030119868875796,1.0301176519015727,1.0301180804541497,1.0302476125899618,1.0302415718627052,1.030255410510142,1.0302627990477595,1.0302549915983361,1.030256457006281,1.030249535713545,1.030261364084995,1.030263158403167,1.030236744968754,1.0302402670646165,1.0302846681276017,1.030279657477238,1.030278671665969
45,1.104404906027496,1.1036451091176407,1.105175927343205,1.1031744472041767,1.1031244106750693,1.1027057408925083,1.1029726911425972,1.1029544707776224,1.1029705251491815,1.1030036703890767,1.1022254208566051,1.0948961699962638,1.098223459236687,1.098280809771546,1.0983040558899138,1.0982906463682167,1.098135072388438,1.0981362709035618,1.0981234987044959,1.098149932528843,1.0982369677212245,1.09823705558455,1.0973837991216908,1.097398861289317,1.0974915899774391,1.0976550809675505,1.0976834265085007,1.1081390011868555,1.1081841675610615,1.1081719535362948,1.1081771639276365,1.1081345945876642,1.1081612536564032,1.1081604400325769,1.107878619535092,1.1078796452980888,1.1078789824885074,1.1004289177093194,1.1003208645336975,1.0998607742303097,1.0997956262707784,1.0994876801300584,1.1008813976135376,1.1010795569606044,1.1080364489764245,1.1080350426194918,1.108000624208054,1.1080406324178091,1.1086706009122156,1.1090397134863466,1.108987697420819,1.108962084823226,1.1087850639223695,1.1093271872373283,1.109156337289303,1.109073864955278,1.108989149872779,1.1090055186666228,1.1101054851459702,1.1099848804950674,1.109971735441642,1.1099847316939662,1.1100477425150836,1.1105531478053692,1.112772705252982,1.1126339005074053,1.1125248540003816,1.1121170063222043,1.1121765567552213,1.1120563818039646,1.1119576992376075,1.1121332450347843,1.112647886122771,1.1126480168079873,1.1130023732286556,1.1129606851305112,1.0852783411974791,1.0850666880456574,1.0850961146994071,1.0847151343152472,1.0847044406755666,1.0847420951831608,1.0847454370586733,1.084623575060904,1.0750944450842281,1.07511133612273,1.0751098189942379,1.0746995486473392,1.0747085080265135,1.074691461612514,1.0746773223646247,1.0746870574704244,1.0746834175703657,1.0746936362892172,1.0746802849592476,1.0746755609745646,1.074722403392836,1.0743815159683503,1.0742207910845165,1.0742414292711249,1.074243358139027
46,1.0798735438453546,1.079859665702171,1.080079924592655,1.088757617407185,1.0886728240515038,1.0882326610410715,1.0891058349917357,1.0890454035529504,1.0887618764925888,1.0886992259303134,1.0885066022726169,1.0852929253325196,1.0916488375149846,1.0919562445304762,1.0920177259209,1.0919666447129668,1.0916270545340776,1.0916299516507557,1.09157628611442,1.0915866054557133,1.0911108803180904,1.0911083472578929,1.09130305338646,1.0912928827768336,1.0913750817351895,1.0929428233676142,1.0928868700382521,1.1039961103149964,1.1039944565490736,1.103998805137957,1.1039520326652243,1.1038856278229443,1.1038358820572736,1.1038434762061629,1.1038379655063277,1.1038328555105033,1.1038114290869105,1.0969918121264388,1.097051532041087,1.0973158258546931,1.0973504622030545,1.0975056382713888,1.0967304853131428,1.0966115398588743,1.0965654415353343,1.0965629445594225,1.0846879922226145,1.0847460273407215,1.084457681223291,1.0836711882246342,1.0837852294976649,1.0838629174719945,1.0842073652965976,1.0828858845987002,1.083277929386807,1.0834668840894974,1.0835724396680966,1.0836579525053915,1.0834719599485076,1.08358823282613,1.0836191848554435,1.083590600283402,1.083440843397,1.0821706182325344,1.0604259825311295,1.061063300653875,1.0615468142537199,1.0631954745916965,1.0629450472093938,1.0634205609214356,1.0638175869441724,1.0631003674282764,1.060769070832692,1.0607114061538185,1.0589137776012851,1.0591263213347657,1.0579818279610773,1.0623426832524414,1.0617476567343684,1.0687223945938273,1.0690518794130697,1.0684430459175096,1.0684815852029828,1.0702729896061554,1.0712988062365565,1.0710211266599952,1.0710582671616775,1.0789532874411645,1.0787263693156044,1.0791886427586603,1.0794763591544783,1.0792049913646522,1.0792680634366238,1.079013380198833,1.0792959163772458,1.079373292850177,1.0783261025682147,1.072562477352537,1.074420314944017,1.0742140318844164,1.0741848529671856
47,1.056505259291973,1.0571569835346315,1.0568464594052212,1.0980921231860539,1.0981361121296003,1.0981905290657397,1.0930538667799878,1.0929454607033864,1.0923593756669177,1.0922389886507173,1.0925572277957565,1.0932094891927917,1.1019016188893809,1.1018680804494094,1.1018497641805636,1.1018156473914755,1.1016910729416212,1.1016927447139824,1.1016790675070844,1.1013605004122815,1.1011854559583683,1.1011849366162905,1.101295477956164,1.1012934487809987,1.1013268526401128,1.1156454106106215,1.1156046929494872,1.117205083488453,1.1171924148414283,1.1172084606851322,1.1175977185391077,1.1174112958255547,1.117221999000491,1.1172513530464392,1.11740318101048,1.1173808681014907,1.117304128761512,1.118006066231079,1.1179651872190275,1.1177956116362409,1.1177679291100628,1.1176282761058622,1.1170072267728965,1.11713075934443,1.117045059753499,1.1170429911791815,1.0000852602646437,1.0003737923417741,1.0007611942675079,1.0013138490555593,1.0012318710602812,1.0011819858310775,1.0009204238805347,1.0018192281044942,1.0015305536532515,1.0013944405547626,1.001237611628153,1.0012043527652739,1.0012913999735433,1.001178865228416,1.0011564022004467,1.0011771514926193,1.0012848795916445,1.0021389255861708,0.9994873207486955,0.9991630094444481,0.9989192855627574,0.9980845801813324,0.9982049066325517,0.9979826128986952,0.9977924346816008,0.9981363581007685,0.999278716945356,0.9992957629461595,1.0002129505878476,1.0001008604839678,0.99976381707854,0.9922443193286653,0.9924787753335689,0.9899865034634795,0.9928633870441625,0.993081698510329,0.9930762642288145,0.9924392138989475,0.9921565940352781,0.9922528739437604,0.9922410778424073,0.9897084644585666,0.9897691752353628,0.989644469511883,0.9895677635408823,0.9896391904500914,0.9896221393976197,0.9896895945596268,0.9896140563171046,0.9895928369504124,0.9898751615572791,0.9901080242909138,0.989602836199706,0.9895209196014159,0.989528439202794
48,1.039048008633734,1.0398949243856475,1.0394549657547612,1.1096643223444702,1.1097174152724996,1.1115926062991464,1.0951278543797203,1.0949884152746916,1.0943461094548588,1.0942773044514345,1.0945578613838811,1.0950957076131476,1.0987136818769494,1.0989527243990325,1.0989826449109217,1.0988696500951514,1.1032411827850857,1.1032517820865453,1.103029239224657,1.1025261371250947,1.102508416824088,1.1024987646800535,1.1023507617863304,1.102309642280591,1.1024136556307116,1.1201871840453288,1.1201762667528063,1.120103768409772,1.1201036857244089,1.120101342850148,1.094290337532903,1.0949650654696628,1.0952383322205674,1.0952183851392934,1.094972943336358,1.0950005511365486,1.095073497770251,1.0951309062736059,1.0952127804821428,1.0956139946684502,1.095669159426489,1.0959250061125296,1.0637984568677155,1.0639911646857185,1.0640259971318407,1.0640255783486885,1.0627845239693317,1.0616137672191646,1.0618091183705947,1.0621323742289712,1.0620806756590826,1.0620459663892121,1.061864093098875,1.0627002649839448,1.0625102262125352,1.062419185133849,1.0622261452231097,1.0615469360203103,1.0615908464623887,1.061526561153156,1.0615103403570414,1.0615178979479674,1.0615804076238657,1.0651939109944975,1.065197631429886,1.0649655371501532,1.0647914141655637,1.064204002008203,1.0642842194953592,1.064132651949194,1.0640030281283048,1.0642396994357066,1.0650380991004038,1.0650450755953667,1.065828232692012,1.0657450840301153,1.0654775778292604,1.059562781679626,1.0595681196700861,1.059552728728255,1.059411338166108,1.0594041620361723,1.0588481297878252,1.0588243500468562,1.0588387708933782,1.0588277210843418,1.0588287327587482,1.0692064604816605,1.0691723862165448,1.0692418196202993,1.069278347555555,1.0692365646341413,1.0692444084941573,1.0692070818908714,1.0692429100226502,1.0692520370086074,1.0691015821333505,1.0690255034501495,1.0692820734491952,1.073364713651629,1.0733571619121465
49,1.0189031698882003,1.0197627323245035,1.0191692763269886,1.0864781376312713,1.086729909134868,1.0967157210240241,1.0701637616967477,1.0701897363182964,1.0704927466602727,1.070765421310888,1.0705673028443023,1.0707083683263927,1.0703700028514673,1.0696978755600173,1.0696173785337881,1.0696233700297078,1.0918482560734546,1.091773581196456,1.0916565615494587,1.0915312868588625,1.091532855637087,1.0915261182880487,1.0914403938812829,1.0914174080857406,1.091476818922582,1.0948500902640355,1.094818714967548,1.0948415741186392,1.094828515309459,1.0948282343070501,0.9807545742386172,0.9778797587356193,0.9777264323373096,0.9777482474630561,0.9778839570495251,0.9778666545789745,0.9778079866234625,0.9778672934934264,0.9778177215275397,0.977579111316055,0.9775552358636673,0.97744154043426,0.9784783780208607,0.9785803817203375,0.9785957718366337,0.9785956821905406,0.9779236818282002,0.9780104381047257,0.9781053488042819,0.9782489095966375,0.9782265535993536,0.978212754304526,0.9783497841451072,0.9747702322022983,0.9747661498802722,0.9747649626888212,0.9747269802079764,0.9831843639730126,0.9831745769175094,0.9831794922659733,0.9831801046564215,0.9831781145675554,0.9831731497285437,0.9852237895269496,0.9853339006137531,0.9854179987106368,0.985482188281469,0.9856650165550725,0.9856277471265297,0.9856973154613542,0.9857569348309669,0.9856510571805726,0.9853007061380569,0.9852820064052547,0.9836837164855109,0.9837003322575814,0.9837533908758107,0.9841171957927268,0.9840661304940008,0.9847381633028106,0.9846868535442422,0.9846239713875176,0.9876978551104145,0.9876281530441342,0.9876517303979028,0.9876429525191817,0.9876445564942106,0.9871171380287591,0.9871163902045341,0.9871175359120611,0.9871181994874,0.9871169359593887,0.9871171916541923,0.9871162467069747,0.9871167374578715,0.9871166615744141,0.9871133831931407,0.987116116166227,0.9871184709213982,0.9870299906493747,0.9870297896348839
50,1.0056342553048556,1.0064269775993453,1.00592280129557,1.0566468659741468,1.0567776001224454,1.0747747945414112,1.0575931239245762,1.057589003907669,1.0577613600316929,1.0581636335297477,1.0580408529683865,1.0580952355315012,1.0576112999477734,1.0572970956773424,1.057291181969548,1.0572398619736072,1.0768739089069694,1.0766081464130381,1.076925808236036,1.0769703920234321,1.0768630374643113,1.0768718373518105,1.0772032564186513,1.0772613560364988,1.0771465206262707,1.0774953956288673,1.077685152093641,1.0775881921792427,1.0777586495800093,1.0775995640036238,1.0479314146430259,1.0052240678534832,1.0050249793956025,1.0050689802432704,1.0052403148784248,1.0052190601016757,1.0051238759352334,1.0052050781645496,1.005138206549377,1.004656734095676,1.0046367068134332,1.0045098077244998,1.0062958756630223,1.0064431004540215,1.0064710797222058,1.006469715985735,1.0054500712450523,1.005585494621032,1.0057033724425866,1.005892680604238,1.0058599397271513,1.005837835575658,1.006706986116333,0.9627196681734232,0.9629949211000296,0.9631299868479078,0.963177410297377,0.9740415998093772,0.973990467142725,0.9740291743336875,0.974036075850989,0.9740254268811918,0.9739877478183341,0.9748927730418022,0.9750978014147959,0.9752620933151906,0.9753898196019504,0.9761780170203868,0.9760778190710085,0.9762646407460632,0.97642667820809,0.9761420985303056,0.9752141884765724,0.975129401847153,0.9612321102284535,0.9612730302909266,0.961414631149465,0.9624265635832299,0.9622684558847946,0.9645241087397807,0.9643337124582756,0.9641058630688653,0.9691990783233553,0.9688413982278807,0.9693102969397283,0.9691439264713975,0.9691648718659932,0.9745274338904728,0.9743289197064929,0.9747362274820662,0.9749902556439852,0.9747462720810975,0.9748025592417994,0.9745772338255035,0.9748237158245433,0.9748923418720911,0.9739733190627125,0.9734618945537651,0.9750554130143336,0.974868215403202,0.9748405857671011
51,0.9980797367979044,0.9982753417623921,0.9992968448349706,1.0277701410967242,1.0278346644007093,1.0470459443178668,1.041960605602063,1.04193460007005,1.0422254598575258,1.0422180023080347,1.0420234077114672,1.0419738932893552,1.0415794053778167,1.0409060627502038,1.0409840451647474,1.0419448341141486,1.044638910931903,1.0444594064830526,1.0447269536856723,1.044767049802231,1.044681355875783,1.0446876551514432,1.0449579362306312,1.0450072837276034,1.0449070442271051,1.0448428864976134,1.0449965978663889,1.0449181792640905,1.0450519556210265,1.0449324035779088,1.0411627088964666,1.0024661743314123,1.0031111130137864,1.0029547169490725,1.002379318015788,1.0024491978284573,1.0025975698066905,1.002390296884114,1.0025895010470316,1.0084754554768935,1.0085988238844523,1.0089517143635598,1.0073433385376684,1.0071689233187435,1.0071570893718809,1.0071549990586302,1.0085470843611362,1.008528587928402,1.0082289294490598,1.0078522196471362,1.0079010711588081,1.0079304856405997,0.9810874007225545,0.9741247612282121,0.9738398743749312,0.9737004592869144,0.9735896770030604,0.972744261184237,0.9728489511679117,0.9727474459480044,0.9727226001664957,0.9727383719764446,0.9728478069648552,0.9736185478199931,0.9732625339008563,0.9730202603374268,0.9728331349890734,0.9721465406988036,0.9722526697400484,0.972054553271019,0.9718865838474958,0.9721984848953881,0.9739744602381027,0.9738957058905517,0.9754037087864179,0.9753046506629169,0.9749979243355575,0.9731856456298671,0.973428632722925,0.9708540653666237,0.9710035919504577,0.9711865411877262,0.9707388126483736,0.9717257539585141,0.9716011973305361,0.9716382561919198,0.971634023378496,0.9708768090570139,0.9708849148445663,0.9708669609158961,0.9708499614202897,0.9708563937374468,0.9708579962578656,0.9708671452925124,0.9708489251527077,0.9708430344210883,0.970720937603777,0.9707662088423233,0.9706163259961853,0.9706335125069052,0.9706328601988632
52,1.006788040032908,1.0064674696823857,1.0090745879715215,1.029392887490068,1.0294350141044764,1.04755855938404,1.0484814741015576,1.0485056360523288,1.0492837318659187,1.0472082723354128,1.0467926917210353,1.0466859634570578,1.0461523422419194,1.0445136140017564,1.0446972951085802,1.0484988404988005,1.0482093881703827,1.0481683091503078,1.048441974917155,1.0484802699901414,1.048399948609974,1.0484082880798637,1.0486843090306548,1.0487360143482176,1.0486319519850666,1.0484515658344922,1.0486073095833532,1.0485109250885383,1.0486459694759904,1.048545247577536,1.0503496159825394,1.0421860479256309,1.0429506092977798,1.0427872441894173,1.0420989172064878,1.042182910128434,1.0423662091864243,1.0421156122486268,1.0423598761969133,1.0648344286583487,1.0648344264341723,1.0648344360078876,1.0648344128839593,1.064834407608721,1.064834403450204,1.0648343982801551,1.0648345007088134,1.0648344981178428,1.064834490120382,1.0648344816465158,1.0648344795244886,1.0648344769859701,1.0648343309995407,1.064834358814232,1.064834359576878,1.0648343569386083,1.0648343540820715,1.0648343689146151,1.0648343732389627,1.0648343719229196,1.0648343680018038,1.0648343637779647,1.064834358557476,1.0648343472703132,1.0648343750299316,1.0648343766642807,1.0648343774949733,1.0648343840777537,1.0648343786588141,1.0648343787095933,1.0648343793611987,1.064834374849025,1.064834268341368,1.0648342638177415,1.0648342592318674,1.0648342558026165,1.0648342655782437,1.0648342783514033,1.0648342748596034,1.06483444680366,1.0648344441400202,1.0648344404986783,1.064834442665775,1.0648344436904191,1.0648344435888553,1.06483444069419,1.064834440452214,1.0648344586680218,1.0648344563898122,1.0648344564615726,1.0648344542980588,1.0648344523987134,1.0648344501496732,1.0648344479437704,1.0648344456303347,1.0648344436160944,1.0648345036253215,1.0648345021504213,1.0648345061141375,1.0648345055977086,1.0648345043627405
53,1.0062465736809962,1.0072271001564908,1.0056899119611087,1.025414972216104,1.024709779384817,1.0351168160925006,1.037467894140857,1.0375401822467802,1.0376204219709344,1.0304630896744575,1.0303864940706353,1.0304447407001782,1.0303982063134323,1.0300010339697019,1.0302467158090163,1.034517034749258,1.0343903507933045,1.034397158252402,1.0344200026947996,1.034424191644194,1.0344283315293015,1.0344307061994276,1.0344467168840623,1.0344512893165128,1.0344531882882018,1.0344564933572673,1.0344529335377328,1.0344534542069068,1.034462044447316,1.0345101917449946,1.034383247036315,1.0343383359399088,1.03430953467022,1.0368711706525455,1.0368065713160732,1.0368119054206686,1.0368695339870349,1.0368466119230926,1.0368715937075792,1.037921726829101,1.0351642153197707,1.0352508913129612,1.0347558363420148,1.0347563517679013,1.0347498060377534,1.0347490810005868,1.0352761225724632,1.0352702879480213,1.0351758066987187,1.0350454289768167,1.0350634270635852,1.0350735918460505,1.0350518619303732,1.0347866849832872,1.034870133428092,1.0349087467136653,1.0349382406531868,1.0349783010024076,1.0349437849342167,1.0349747505189397,1.0349644482866942,1.0349564902680213,1.034727484330151,1.03449245034126,1.034586555087439,1.0346541612081943,1.0346986958687092,1.0347796714864805,1.034772462134026,1.0348233438408079,1.034866827189226,1.0348168113545715,1.0046771295471206,1.0046078382076216,1.0038469641643546,1.0039352915056912,1.0042181884168233,1.005951721329923,1.005710931434111,1.0084415910609053,1.0082388150294561,1.0079954181683857,1.008028936992691,1.0086732697212508,1.0090222086426892,1.008898632611482,1.0089133831215775,1.0129884945512129,1.0128505877877516,1.0131333572084775,1.013309116755219,1.0131397504744706,1.013480171088951,1.0133203672353557,1.0134940491357154,1.0135418662174276,1.0129704816411413,1.0125953148088944,1.0413219745295315,1.0413219728451035,1.0413219705159322
54,0.9974546382031994,0.9991846359392088,0.9954501443097785,1.017644012670281,1.0162244020158646,1.0240104617783088,1.0264992780866729,1.026745590468035,1.0263858655136342,1.014905719530253,1.0149629828406117,1.0150583398739628,1.0151870165495402,1.015405322715639,1.015394059775442,1.0176283660683652,1.0175433966568466,1.0175619356907166,1.017457703534739,1.0174523507683673,1.0175027023693952,1.0175067824107242,1.0174288011629944,1.0174184564164401,1.0174679517154677,1.0175360812924619,1.01745387610527,1.0174950933551345,1.0174576448823156,1.0175592623226468,1.0167277982933423,1.017277284644322,1.0170791487401047,1.0210951890908422,1.0211931596246722,1.0211655139566678,1.021268117258633,1.0213067865707466,1.021279969487583,1.0209532616496937,1.0136500181027421,1.0136500170104474,1.0136500132066015,1.0136500164075914,1.0136500176262215,1.0136500192999476,1.0136499938227264,1.01364999458011,1.0136499959360163,1.013649996797992,1.0136499978563165,1.013649999033916,1.0136500002230424,1.0136499940522565,1.013649994817694,1.013649995884257,1.013649996844156,1.013649993391535,1.0136499920782087,1.013649992652396,1.013649993719182,1.013649994622919,1.0136499924004827,1.0136499906848162,1.0136499867310544,1.0136499872432694,1.0136499878062288,1.013649986254279,1.0136499873703295,1.0136499880547252,1.0136499884712964,1.0136499877293417,1.0136498458275893,1.0136498440579964,1.0136498363802817,1.0136498362538415,1.013649840841077,1.0136498581996038,1.013649855444454,1.013649875723718,1.013649873109821,1.0136498697953726,1.0136498704087327,1.0136498799644162,1.013649883191077,1.0136498814551318,1.0136498811308832,1.013649916374883,1.0136499152839944,1.013649917166355,1.0136499182435479,1.0136499170185518,1.0136499450579315,1.013649944004929,1.0136499455511367,1.0136499460449104,1.0136499398178564,1.0136499368726148,1.013650028211326,1.0136500279323661,1.0136500285990566
55,0.9828770273330346,0.9850687818600221,0.9797803856703291,1.0030801034334098,1.0007817668324501,1.0061629562724337,1.0083976819717053,1.0089200668300933,1.0083387778853898,0.9910993791235487,0.9910993834815215,0.9910993906533649,0.9910993982971272,0.9910994095845101,0.9910993893030247,0.9910994136857273,0.9910994021633265,0.9910994078686801,0.9910994051020217,0.9910994100380075,0.9910994131177963,0.9910994165698686,0.9910994174600226,0.9910994222755488,0.9910994275441082,0.9910994282589892,0.9910994261901128,0.9910994294178272,0.9910994291636629,0.9910993865908746,0.9910993347930926,0.9910993361355152,0.9910993333039848,0.9910993845962031,0.9910993886558567,0.991099386560125,0.9910993976313823,0.9910993995550144,0.9910994008815457,0.9910993933080945,0.9910993569949352,0.9910993546003939,0.9910993612024757,0.9910993675941615,0.9910993690252888,0.9910993707602291,0.991099335547539,0.9910993362919003,0.9910993391265861,0.9910993422308136,0.9910993428558154,0.9910993438324225,0.9910993427479445,0.9910993407169539,0.9910993402785049,0.9910993408701285,0.9910993413764401,0.9910993377825555,0.991099336940798,0.9910993370542207,0.9910993384096524,0.9910993394947116,0.9910993555832862,0.9910993567712995,0.9910993504376532,0.9910993501347478,0.9910993508984572,0.991099347079638,0.9910993402758757,0.9910993403784454,0.9910993401687638,0.9910993283878177,0.9910993485195115,0.9910993490553444,0.9910993516066482,0.9910993511927629,0.9910993488666837,0.9910993431444868,0.991099343990746,0.9910993317252225,0.9910993328240443,0.9910993342674481,0.9910993330097906,0.991099330643343,0.9910993299095516,0.9910993308632774,0.9910993286319867,0.9910993140216682,0.9910993148150049,0.9910993138984071,0.991099313588896,0.9910993144600552,0.991099332778359,0.9910993339823505,0.9910993339071921,0.9910993341389382,0.991099337701545,0.9910993393924318,0.9910993282483693,0.9910993287396902,0.9910993291452126
56,1.0295863118240398,1.04306573381948,1.0429542676601764,1.0416761100323106,1.041620041052524,1.0414456423004363,1.0410800211443005,1.0410608104752088,1.04110415773842,1.0411236515929743,1.0479397244311865,1.0475033633509547,1.0473212254882986,1.04762694713243,1.0476414385871258,1.0475120271741127,1.047254398168623,1.0472177368751194,1.0472220849909224,1.047170658565161,1.0463642373695978,1.0463334960325583,1.0457102023617326,1.0456687188634535,1.0447809325890838,1.0448186678925806,1.0448253197951247,1.0448029860049035,1.0321286693060607,1.032090564914899,1.0332307309100852,1.0334022646759393,1.033565998025578,1.033526589086753,1.0326880644698635,1.0327331193209588,1.0328248965920472,1.0327086141020967,1.0327358583104758,1.0329105266230225,1.0329200756391084,1.0330648299788534,1.0325616499855863,1.0324756361631886,1.03243049327573,1.0344445026976645,1.0344353217701574,1.034434585070145,1.0344354073829187,1.034465317356227,1.0344661855960247,1.0345144150461254,1.034512814574079,1.0345042511830156,1.034505054105029,1.034506292899187,1.034506506031569,1.034505899839911,1.0344976602923956,1.03447048651931,1.0344712845795039,1.0344726441337908,1.0344729645872284,1.0344678577188269,1.0344651743049909,1.034466256763002,1.0344670944979528,1.0344661609611874,1.034466419847457,1.034467790886692,1.034468142123782,1.0344672664994479,1.0344579155357694,1.0344572534524579,1.0344543322644493,1.0344552460369283,1.0344501738635383,1.0344534869351045,1.0344533436897305,1.0344579608659388,1.034458450085036,1.0344578804145048,1.0344567014912,1.0344579156609601,1.0344585898595957,1.0344592400874424,1.0344598749024214,1.0344552835431322,1.034456337745412,1.0344283413334106,1.0344289728686102,1.0355560074697456,1.0355551401434544,1.0355569682446768,1.0355543106407568,1.0355533004813962,1.035562043453817,1.0355679842585153,1.0355518707984035,1.0355537400490702,1.0355537263711716
57,1.0323603549730056,1.0437437446265458,1.0436932424304224,1.04391749377083,1.0439023183010123,1.0438309059015984,1.0437899803400086,1.0437867881891125,1.0437494734152561,1.0437479523378652,1.0609168349743134,1.0606331307627006,1.0605221640187372,1.0607275259069566,1.0607434733373415,1.06066364393168,1.060498546371216,1.0604783165240754,1.060473776951823,1.060443693240529,1.0598249235307733,1.0598076581790263,1.059380898199979,1.059356593098287,1.0584498339028054,1.058479008980448,1.058470452775834,1.0584540646480531,1.0316608221442969,1.0316608321619787,1.0316606685703826,1.0316606410948201,1.0316606413530798,1.0316606453215453,1.0316606395000816,1.031660637931029,1.0316606321399358,1.0316606333408689,1.0316606370175483,1.0316606367282033,1.031660640474616,1.0316606374869914,1.031660631959765,1.0316606330869544,1.0316606356163294,1.0316606524435445,1.0316605820835263,1.0316605841500943,1.0316605883838688,1.0316605872729672,1.0316605895673612,1.0316605819319746,1.0316605761051785,1.0316605627785023,1.0316605635135825,1.031660565206415,1.031660566854046,1.0316605598673014,1.0316605579779479,1.0316605591245824,1.03166056104089,1.0316605628519788,1.0316605646401555,1.0316605656179287,1.0316605551904436,1.0316605553743659,1.0316605556711027,1.031660551066353,1.031660553049209,1.031660553575234,1.0316605539019341,1.0316605548121354,1.0316605433067034,1.031660544508722,1.0316605471978686,1.0316605480839693,1.0316605449096345,1.0316605389140967,1.0316605402529424,1.031660528508038,1.0316605299378578,1.0316605352327346,1.0316605338426794,1.0316605297279156,1.0316605295001138,1.0316605308854585,1.0316605309968714,1.0316605176794091,1.0316605188587522,1.0316605219785895,1.031660522569266,1.0316605896982423,1.0316605910767798,1.0316605928352864,1.0316605942236756,1.0316605955977627,1.0316605976172715,1.0316605981533562,1.0316605973219484,1.0316605977468336,1.0316605989246836
58,1.0323940605405737,1.0387884815539759,1.0386330442148242,1.0378825324377308,1.037833903090494,1.0376542307029901,1.0373417130906297,1.0373294751787767,1.0373282870841807,1.037342433661811,1.0610240904203232,1.0602044483516297,1.0595668072404423,1.058915452465493,1.0587361157500697,1.0587375470206082,1.0587115760747046,1.0586579356540848,1.058866613124749,1.058831381862241,1.0577265757199683,1.057697544832793,1.0568843515944017,1.056868789440344,1.05068630017079,1.0506080645687952,1.0506854436384332,1.0506091325267797,1.0467040364535944,1.046681760446215,1.0475661107168892,1.0477272532510133,1.0478798002151561,1.0478420156054042,1.0464328836386165,1.0464695418411096,1.0465424181123226,1.0464365373213245,1.046449169005963,1.046570857569988,1.0465752078764743,1.0466950312000323,1.0463819793596203,1.0463382298148232,1.0462850019243035,1.0464496478991026,1.0471779282369853,1.04718400842883,1.0470473270112777,1.0464231339093155,1.0463985717831144,1.0378319145690802,1.0378319123138502,1.037831905281283,1.0378319059515895,1.0378319068182569,1.0378319078019063,1.0378319044783255,1.0378319044408642,1.0378319126439726,1.0378319136633842,1.0378319144047459,1.0378319151697706,1.037831915100294,1.0378319097304696,1.037831910078283,1.0378319104408786,1.037831909175429,1.0378319101036564,1.0378319106896206,1.0378319111307313,1.0378319112516643,1.0378319043058122,1.0378319050770233,1.0378319060038068,1.0378319064786996,1.0378319057077574,1.037831904253131,1.0378319046763549,1.0378319022196953,1.037831902641348,1.037831904801023,1.037831904208191,1.037831902892388,1.037831903329239,1.0378319038488646,1.037831903861339,1.0378319049660034,1.0378319053664076,1.0378318748903712,1.037831875944193,1.037831870343335,1.0378318707322791,1.0378318701592177,1.0378318710315801,1.0378318715260755,1.037831868414737,1.0378318661105381,1.0378318718096253,1.0378318712424532,1.0378318712477745
59,1.0315519370546566,1.0332178284979787,1.032899215623286,1.0307297665931587,1.0306521934639037,1.030392704851217,1.0297044676822904,1.0296863457043046,1.0297441987079852,1.0297778861301863,1.035197131144961,1.033691655609056,1.0329932697575441,1.032233241002126,1.0320375172547605,1.0320669761732337,1.0320657986104602,1.0320180176254665,1.0322415114982753,1.032214767665104,1.0309435056779512,1.0309206848235837,1.028459227438907,1.0284642594716074,1.0236720938612356,1.0235546153947241,1.0236286483790844,1.0234699620978143,1.0229398441600348,1.0229063135137992,1.0240235967153204,1.0241967179376574,1.024348341677673,1.0243127153041611,1.0225491280024677,1.0225873899590152,1.0226674525036479,1.0225558339749523,1.0225819241775203,1.0227303857249868,1.022741055559709,1.0228657772371956,1.022463996728063,1.02239007486892,1.0221471254547096,1.0222024193965082,1.023201036831719,1.0232046871718097,1.0230609042455563,1.0239403288534643,1.0239702276951144,1.0235693749309573,1.023753984319629,1.0234541230450707,1.0235850416459364,1.0236288448390944,1.0236865302549474,1.0237178370027162,1.0246864202071686,1.0429913397622426,1.0429913372120703,1.042991334689956,1.0429913322673996,1.0429913311169847,1.0429913455286015,1.0429913452991049,1.042991344929304,1.0429913514444298,1.0429913488212068,1.0429913464713658,1.0429913461049702,1.0429913448565324,1.0429913603073167,1.0429913588794055,1.0429913555015218,1.0429913542869136,1.0429913610900978,1.0429913691956303,1.0429913674115077,1.042991383390038,1.0429913813323894,1.0429913786614708,1.0429913805545539,1.0429913863773128,1.0429913871541854,1.0429913852127588,1.042991385008479,1.042991407745014,1.0429914060332945,1.0429914229031532,1.042991422601392,1.0429914198227437,1.042991419102275,1.0429914175342336,1.042991414826415,1.042991414204289,1.0429914107049247,1.0429914083699483,1.0429914127192355,1.0429914120368182,1.042991411188767
60,1.046021673387519,1.046148125443584,1.0456789924808798,1.045389245919519,1.0453150299491123,1.0451461543628102,1.0449939362630165,1.0449649341125549,1.0448447900169895,1.0448274279322272,1.0448424280850805,1.0432510421261298,1.0431578189525803,1.043468816633631,1.0435304647960555,1.0434764690717788,1.0433561252543737,1.0433583971444251,1.0432991767445325,1.043291041592291,1.0474016381612359,1.0473941567113119,1.0427672649404005,1.042753486393876,1.0428716687951753,1.0429376905698975,1.0428991050000318,1.0428910317085165,1.0428979499536521,1.0429242766805222,1.0422901462108736,1.0422678947637538,1.0421586895533106,1.042170833372399,1.04750983975446,1.0475309578014607,1.04758845281831,1.0475518167710844,1.0475976920232444,1.0478124969331637,1.04783919990478,1.0479824799750654,1.0472982843047591,1.0472051891020429,1.0472677476993686,1.0472727213520856,1.0479386504581645,1.0479336090641183,1.0477831317836523,1.046669478702588,1.0466869261040102,1.046668113397075,1.0467418025389756,1.046538303503979,1.0466049173437337,1.046632979850761,1.0466565258706277,1.046681552897167,1.0447059696326249,1.045304633783768,1.045309699990908,1.0452938739291557,1.0452439523473174,1.044875710258302,1.0450073702690448,1.0451081119806416,1.0451849034467309,1.0454755446053967,1.045428898004345,1.0496773280020437,1.0496970425525103,1.0496607662645385,1.0495811047369172,1.0495791253900768,1.0495063771477313,1.0495114264240042,1.049617691981342,1.0498019792421092,1.0497725133995979,1.0501632114600716,1.0501279798850716,1.0500849536737906,1.050095373698075,1.050208429232047,1.0502520848451522,1.0502281473343085,1.0502284259832797,1.0509109572375863,1.0508829358807943,1.0511881038456905,1.0512126432671218,1.051153441632501,1.0511561924940558,1.0511250399474918,1.0506933832147742,1.0507034366351544,1.050557980179656,1.0504860318890032,1.0507390274911914,1.0507118232372321,1.0507069528799975
61,1.0836025539209468,1.0838898747517056,1.0826815413876754,1.0811879751432005,1.0809822220738865,1.080496229243312,1.080134975628077,1.080052702348688,1.0797207039180325,1.0796741254220363,1.0795848735508138,1.0739709505420347,1.07378875013088,1.0747680205690573,1.0749656478502145,1.0748108361430513,1.0744847456821236,1.0744964386874343,1.0743004994961272,1.07428340130123,1.085478119526277,1.085465662659294,1.0740208095979191,1.0740316822921347,1.0742740302190805,1.074308020930944,1.0743360556500228,1.074715148060963,1.0748215572801056,1.0747983989460304,1.075002789138784,1.0749427178443807,1.0750044294686238,1.0750022346724086,1.0771445470427614,1.077164939123814,1.0772258753984714,1.0770875304312348,1.0771465418677255,1.077422459950535,1.077457144927344,1.0776255516756084,1.0766829137050768,1.0765611476685397,1.079823623430007,1.0798185593939311,1.0802710503856436,1.0802735014649973,1.0799957177658284,1.0792472819116332,1.0792677008323617,1.0793009402597016,1.0793656747373104,1.0790916648412934,1.079169013149795,1.0792044396069036,1.0792202797362818,1.0792722405162514,1.0464654591790237,1.0463305555522646,1.0463350498623605,1.0463259130420182,1.0462915986946901,1.0460276654220115,1.0460655953096836,1.0461387955818386,1.0461942293172264,1.0463945757302524,1.0463618098793268,1.050330679140414,1.0503532550449435,1.0503115393149327,1.050188144031721,1.0501825001442178,1.0500839085498532,1.0500937038900502,1.0504034541286529,1.0506027635989847,1.0505720568152581,1.0509712911481384,1.0509421344896952,1.0509031977615821,1.0509097237083886,1.0510203309113764,1.0510741059322615,1.0510549485002314,1.0510574515698718,1.0516492844275713,1.0516288345665683,1.0516775065100437,1.051700150355605,1.0516747512716726,1.0516790864992864,1.0516565583730302,1.0517021464149907,1.0517074547834702,1.0516207407294753,1.051594585379379,1.0517433496002226,1.0517280582768203,1.051724525672571
62,1.082079878843576,1.081090982524679,1.0826952207640648,1.0743835521409395,1.0743071447804424,1.0737530405827698,1.0727859543699796,1.0727847962926946,1.0729522057871739,1.0730533520588301,1.0720057571677537,1.0597012440033746,1.0607728340580471,1.0605956044395075,1.0605661021287556,1.0605811934367138,1.060477815264987,1.0604735759011636,1.0605143122282736,1.0605299931567123,1.0603544937264457,1.0603542691711048,1.0603600419166477,1.0603692568910401,1.0604035501290898,1.0602641998904205,1.0602901381520196,1.0653741995661814,1.0653992070822902,1.0653871944359306,1.065899079251968,1.0659501111210499,1.0660410092323092,1.0660273312100887,1.0657483006625146,1.065761008551678,1.0657897046487341,1.051472647505122,1.051429362325195,1.0512547188172148,1.0512308045157621,1.051123140853341,1.0516848159614447,1.051772631091524,1.054539973848992,1.0545382020100627,1.0554147919658603,1.0554192027462856,1.0553314857311986,1.055369579117551,1.0553643447164518,1.05536739373304,1.055349928225854,1.0553983755290142,1.0553799320773407,1.0553716944585843,1.0553619045244127,1.0553663502471404,1.0553614986945696,1.055303503253817,1.0553019274712494,1.0553030340137595,1.055309280969245,1.0553704702399693,1.0564731198456474,1.056456646324996,1.0564434610154299,1.0563953293263486,1.0564012546578694,1.0563592189803468,1.0563484498597928,1.0563673931360122,1.0564237846942055,1.0564214442833555,1.0564564643256398,1.0564520878167316,1.0265494011372198,1.0258139739636227,1.0259177849892174,1.0247287857906289,1.02477266163653,1.0248712667178976,1.024867825076557,1.0245721414912692,1.0248323025505264,1.0248737801198637,1.0248664658096087,1.023724859714337,1.0237515276189533,1.0237083789574302,1.0236692004804733,1.0236956744145727,1.023685810107208,1.0237159121865662,1.0236763564582994,1.0236657507840263,1.0237986801112686,1.0238610939478159,1.0236040040457755,1.0236291135569706,1.0236308146155566
63,1.0679002132242879,1.0676122989318608,1.068283835805507,1.0696938338322814,1.069633954377144,1.0692901685872693,1.069702878561101,1.0696751856960591,1.0695842038866972,1.069578101944625,1.0692964474501834,1.0658920310484423,1.068892632630919,1.0690165028093774,1.0690414648174678,1.0690121505588746,1.0687602228483326,1.0687590250617283,1.068745470113,1.0687587620666807,1.0683907031783857,1.0683879910407001,1.0685950422851274,1.0685888877732714,1.0686258828034867,1.069375133861794,1.0693421439784323,1.0753507322823814,1.0753464185283883,1.0753457994054745,1.0756245849240593,1.0756259117499736,1.0756378171315493,1.0756348628808654,1.0755397161820497,1.075543789840951,1.0755475264408954,1.0643527378038324,1.0644121552025354,1.0646749993784599,1.0647101676431139,1.0648721531508014,1.0641201558014342,1.064005652209418,1.0638763542309544,1.063874623344232,1.058357766026641,1.0583634901144423,1.0578065589764745,1.0570612730548132,1.0571699482166386,1.0572420813073355,1.057574114213127,1.056331098057115,1.0567075955032759,1.0568879856027842,1.05700337244885,1.0570647633325838,1.0569432123664924,1.0570655140866922,1.057095296337842,1.0570678054677136,1.056924045605973,1.055690499323135,1.0447772056051574,1.04529039000107,1.045679989878052,1.047012905066911,1.0468107480438438,1.047192674322144,1.0475130972346522,1.0469344514603638,1.0450586631430332,1.0450137207884829,1.0435693201239489,1.04373989828369,1.0438296121008048,1.0472651214884077,1.0468163155041759,1.052106137590278,1.052158589731475,1.051708873184554,1.0517373911517618,1.0530592930014029,1.0536956481053905,1.0534931184556604,1.0535197140566448,1.059204836928074,1.0590427290616147,1.0593755674789607,1.0595792110980984,1.0593846240424887,1.0594290024505255,1.0592474520779585,1.0594473199258698,1.0595021259105233,1.0587563684146275,1.045230918627293,1.0464568709330315,1.0463229978171358,1.0463049617918494
64,1.0480107044685416,1.048036929972915,1.0483170899033094,1.0630432950302118,1.0630364380564097,1.063167873805912,1.0576864430103885,1.057643434731444,1.0574251906719094,1.057401672149122,1.0574776659836151,1.057714863622808,1.060035369462191,1.060013209460814,1.0599946477767095,1.0599545746845054,1.0598189778462626,1.0598156072483178,1.0598076408374657,1.0594594811415212,1.0593894316089678,1.0593886676170683,1.0594284639294866,1.059428090173326,1.059433646094216,1.0636434133474653,1.0636051312040153,1.0639805061327925,1.0639600072082225,1.0639770496882341,1.064359517274863,1.0643022066272523,1.0642240088972366,1.064234775170538,1.0642898106963345,1.0642817732507102,1.0642516563111921,1.0648727742648008,1.0648550040707592,1.0647869609954597,1.0647764267511748,1.0647280058671331,1.0647329661239175,1.0647412374950127,1.0646646652111904,1.0646636471076103,1.0316335623462665,1.031885942629283,1.0319295294096942,1.0319990739260771,1.0319833265649043,1.031972431591836,1.031934258972082,1.0321169648862347,1.0320449083653291,1.0320139624746465,1.0318846407858582,1.031821971367704,1.0318435965026806,1.031823693560948,1.0318180374342523,1.031819101560377,1.0318379233601425,1.0319981190898886,1.0274509994826952,1.0271695933159977,1.026959537642633,1.0262611623723243,1.0263611041701375,1.0261726367604511,1.0260140481312356,1.0263016809114243,1.027289929814346,1.027308419290386,1.0281173182126244,1.028016862030733,1.0279029807852371,1.0198275370443994,1.019895285731989,1.01929997599896,1.0318595644297337,1.0318417786505976,1.0318442583323433,1.031886931321098,1.0319317810072306,1.031923104454763,1.031921995750303,1.0320371859969744,1.0320322563156263,1.032047229784775,1.0320493842164828,1.0320412083116106,1.032040979661969,1.032035961745103,1.0320376237019113,1.0320384666366818,1.03202159000764,1.032046766818363,1.032070259646089,1.0320595624380355,1.0320576281746094
65,1.029670299500636,1.0300171650190142,1.0300786549504692,1.08244542833946,1.0825268626752584,1.0856102976408417,1.0585203985914198,1.0584127104123287,1.05794489451939,1.0579171735531425,1.0580814345709595,1.0583530926767635,1.0599268675065856,1.0601568375322745,1.0601869503743928,1.0600671309447878,1.0646622045009735,1.0646750976856934,1.0644160349712724,1.0637943898002904,1.06382709075187,1.0638177564685347,1.0636320955025445,1.0635883915690494,1.0636962003252073,1.0716232455531443,1.07159074101354,1.0715493480945204,1.0715357395195386,1.071546939858799,1.0414159027151928,1.042378001196765,1.043314085910148,1.0432251469553957,1.0423983801920509,1.0424952040759887,1.0427848276664224,1.0426480061603522,1.0429423747422515,1.0442536589167417,1.044432026092068,1.0452579022006518,0.9893555113231192,0.9892047595737427,0.9891908318522156,0.9891901277301476,0.9895642494452254,0.9896969831006008,0.9895588470763182,0.9893776009943474,0.9894037402173521,0.989420808999885,0.9895017823262306,0.9893279203655351,0.989412340865264,0.989453182980095,0.9904552556752545,0.9906683576086492,0.9906304341644326,0.9906426978375722,0.9906482926630945,0.9906468799464213,0.9906283048590162,0.9901282269530323,0.9902323714948984,0.9902839185066391,0.9903229528825149,0.9904095884557654,0.9903890977464893,0.990430595473979,0.9904636315436991,0.9904038361307299,0.9901959846955376,0.9901765367685534,0.9900705942129343,0.9900878162532532,0.9901132780166072,0.9878920927995184,0.9878560414996368,0.9884039253789799,0.9882326300267247,0.9881785107741848,0.9881604779247389,0.988335770044215,0.9884193092564036,0.9883898890486666,0.9883962832833042,0.9900245798602799,0.9900166682297958,0.9900311643710863,0.9900448087604666,0.9900347692221965,0.9900380130947636,0.9900280019998831,0.9900409032134753,0.9900439643442323,0.9900049646348847,0.9900259355384015,0.9900910607104262,0.9897883657739206,0.9897882576970302
66,1.024785704123767,1.0254364192860144,1.0251236693298484,1.0892478128056349,1.089451033329596,1.0952978802404394,1.0664929165401988,1.066437979448924,1.0662968815692946,1.0663842933737149,1.0664008657229125,1.0666609689762259,1.067260514690205,1.0671336501727666,1.0671288858362185,1.0670700171887302,1.0789008413248296,1.0788951600252743,1.0786208195581979,1.0782949145173042,1.0783340521065954,1.0783229301679351,1.0781043117215083,1.0780548833443324,1.0781743469697749,1.084490161103725,1.0844137101415718,1.0844238813414542,1.0843751269203943,1.084410604033238,1.0097458872907898,1.0105678521062573,1.011217050928024,1.011158965317943,1.0105849156941924,1.010651148668495,1.010846897514136,1.0107153630447523,1.0109194167229532,1.0118358659382123,1.0119605247423122,1.0125360728948922,0.9836398618235064,0.9834051013465269,0.9833903942546521,0.9833888102961683,0.9866577498995245,0.986278607288033,0.9859361689522551,0.9854885297034773,0.9855508795638255,0.9855914647652394,0.985785382427589,0.9858073825029128,0.9860028219636441,0.986098523312415,0.9863174706148773,0.9896977710574345,0.9895623034582326,0.9896704813829563,0.9896940597199739,0.9896710742400973,0.9895568517286647,0.9918183643644864,0.9920711899257681,0.9922657992387517,0.9924156815024048,0.9928220040944175,0.9927387384552533,0.9928943638271627,0.9930264119136789,0.9927899669404385,0.9920480015346324,0.992010116136444,0.992060964233648,0.9921245829531414,0.9923134030447968,0.9944069491357028,0.9942106540962424,0.9968438404842817,0.9966219241815032,0.996368187060088,0.9948419352341319,0.9955906222234134,0.9959664117434376,0.9958311141805324,0.9958513185764017,1.0859871768118095,1.0859871657983886,1.0859871716762264,1.0859871674224344,1.085987157081782,1.0859871506217633,1.0859871393741751,1.0859871345962435,1.0859871283590814,1.0859871084621764,1.0859870999899757,1.0859871208992626,1.0859871341181613,1.0859871278649869
67,1.003155278725622,1.0038210941031542,1.0032918589201751,1.048623606402503,1.0487778827117409,1.0641547226955699,1.0438597336172635,1.043857458382981,1.0440243502308737,1.0444340169015376,1.0443055686825768,1.0443353096309183,1.0438506778793954,1.0435732590334466,1.043569455844872,1.0435180138471765,1.0588939398760941,1.0585569522755038,1.058823959672897,1.0588673662119352,1.058781702107564,1.0587904562970825,1.0590859344868455,1.0591371526357374,1.0590427328620875,1.0594058706960752,1.0595682141751699,1.05948836225175,1.059642370780205,1.0594999674607137,1.0288993850078436,0.987169828601919,0.9869476991820929,0.9869952954227423,0.9871925675568074,0.9871654020277664,0.9870630947020693,0.9871599586230543,0.9870875149627544,0.986523849052759,0.9864971742258966,0.98635419435704,0.9881789461288089,0.9883352911001307,0.9883650657481127,0.9883641887022796,0.9872594989747058,0.9873848384484911,0.9875140572194548,0.9877195309953313,0.9876859321033727,0.9876665007720423,0.9889064283056742,0.9633783785404737,0.9636229397149494,0.9637445738228786,0.9637505098647938,0.9809316362400075,0.9808942901009039,0.9809135632649819,0.9809180570873006,0.980913158201473,0.9808948834131075,0.9816108608116177,0.9817525224890365,0.9818749445735774,0.9819694102996324,0.9840929059640443,0.9839878465155644,0.9841857351568681,0.9843552745916221,0.9840563202181537,0.9830500056055711,0.9829127244286552,0.9604712216707609,0.9604940871521807,0.960569494400406,0.9611111503260951,0.9610273231890551,0.9622174183759327,0.9621180926714168,0.9619991712946775,0.9635816820954902,0.9635090959291281,0.9637505101766617,0.9636653637710049,0.9636772014241964,0.9664718597159061,0.9663688193180731,0.9665803590350519,0.9667137517149793,0.966587014210362,0.9666164793938565,0.966499155194294,0.9666285123013639,0.9666643322069935,0.966187852555748,0.9659239852601419,0.9667546633112748,0.9666566485560674,0.9666426680667305
68,0.9997033255716102,1.0002116257597888,1.0004185040305447,1.0374055124599906,1.0374636575781628,1.05793581261242,1.0490525789185208,1.0490118542727773,1.0490967223927012,1.0493443434316578,1.049258026011219,1.0492643283764407,1.0489361607308887,1.0487099808224611,1.0487776901554358,1.0491072286611536,1.056267758897373,1.0560301738110618,1.05632783042288,1.0563730454710378,1.0562758872354145,1.0562830120067255,1.0565839322311585,1.0566381783248564,1.0565275206248292,1.056519568321746,1.056691753869993,1.0566049642387894,1.056754898816861,1.0566158188913484,1.0476340205047812,0.9922579686454115,0.9927863772475752,0.9927046365495252,0.9922329598840046,0.9922910574821759,0.9924293775052606,0.9922575234491073,0.9924204870561142,0.9949032113815179,0.9950173433999234,0.9954353305405172,0.9935580100743239,0.9933141056162272,0.9932934586976097,0.993291316278997,0.9951036300752913,0.9950880749911997,0.9947304159450882,0.994262629029122,0.9943259524439788,0.9943639643284903,0.9839180308368372,0.965519509708684,0.9651843888599682,0.965020450313834,0.9648895405340516,0.964149586918432,0.9642814904741134,0.9641541377722024,0.9641236277730327,0.9641448611841293,0.9642791591136791,0.9652333962121038,0.9647944889444181,0.9644938492433757,0.9642624863034296,0.9630529727650008,0.9631744303136927,0.9629469124279144,0.9627531443753075,0.9631094068854517,0.9646882713198977,0.9646492417374406,0.9657439193146826,0.9656461479361688,0.965342994900096,0.9635040189360142,0.9637554185167885,0.9603489041225851,0.960552654546865,0.9608001890180502,0.9602708293545421,0.9616011662485217,0.9613546309449222,0.9614352522074514,0.9614253595167888,0.9589986264510301,0.9590703517443728,0.9589213554213284,0.9588218201947549,0.9589075690361495,0.9588897527207195,0.9589716619990954,0.9588739479106408,0.9588456783689635,0.9590837895976922,0.9592858080129026,0.9586671023097036,0.9587405473942325,0.9587487015753549
69,1.0079260228124023,1.0072650644739802,1.0097884784951852,1.0129196618009977,1.0131454659434063,1.019347187476032,1.0199880512771353,1.0200182075788662,1.0208134279439685,1.0200138399057368,1.019582136613987,1.0194351322120891,1.018864628320437,1.0171309673809605,1.0172272730079053,1.0191367778732219,1.019212575450112,1.0191899707796475,1.019520300696258,1.0195645434793175,1.0194669837424155,1.0194774994691262,1.0198107217173493,1.0198731436497426,1.019745553266526,1.0195247334405042,1.019714565054286,1.019593033405125,1.0197562343031028,1.019639411329571,1.0219335494813095,1.0168954315557248,1.0173844869684328,1.0173603711303834,1.0169199960598299,1.016972244943689,1.0170526855388995,1.016895653239785,1.0170509483681758,1.0242621900711049,1.0242187197173502,1.024510525913304,1.0228678013606036,1.022643064096084,1.02262396843538,1.0226222306017192,1.024152909892785,1.024127911649923,1.0238563546684338,1.0234792905436683,1.023532670665781,1.0235672493446226,1.0141493169654185,1.0138503820375528,1.014008308436192,1.0140841134248322,1.0141375693583092,1.0142348246056594,1.0141668281717302,1.0142230060904949,1.0142961455919592,1.014284238698568,1.0142054829224916,1.0137165247956625,1.0139059634019623,1.0140430879416664,1.0141366408203647,1.0135340917481148,1.0134862284637693,1.0135946538501164,1.013685196189083,1.013549892125871,0.9825545102367522,0.9830314388369942,0.9816582579697256,0.9818182771425923,0.9823168872010607,0.9853609179649258,0.9849444567765666,1.0528410999678877,1.052841091947014,1.0528410812171325,1.0528410896419913,1.0528411118866958,1.0528411132092177,1.052841104992762,1.052841104530026,1.0528411841936411,1.0528411770736823,1.0528411802739144,1.0528411768843968,1.0528411703169145,1.052841165660099,1.0528411584444197,1.0528411546860539,1.0528411502695574,1.052841137122761,1.0528411323932485,1.0528411401254696,1.0528411378451497,1.0528411335530798
70,1.008633810260544,1.0086353346326251,1.0101459882354906,1.0296560547786837,1.0295230206740458,1.0451498667943768,1.0470157971387184,1.0470275119174453,1.0476449147631237,1.0439368883784934,1.0436188024935964,1.0435733614965803,1.0431936533068162,1.041834144567662,1.0421277708373322,1.0473638574870432,1.0471287463745862,1.047109936203693,1.0473147804043854,1.047339539297868,1.0472799309734295,1.0472842305010541,1.047471244847746,1.047505875614916,1.047432105303647,1.0473073766889207,1.0474200118487111,1.0473523109088934,1.0474437826693013,1.0473757937867225,1.0487943655098084,1.0455092542305535,1.045959042058527,1.0461517390634119,1.0457273987621472,1.0457827694940964,1.0458813402396592,1.0457259341904193,1.0458759339252706,1.0566604671518613,1.056546922217035,1.056658337077642,1.0560150049442272,1.0559232443915176,1.0559138241683959,1.055912891482985,1.0565681837674266,1.0565594655536648,1.0564496313398835,1.0562933194285904,1.0563156436933632,1.056328327357659,1.0563515353428496,1.0562772206059237,1.0564062352230832,1.0564660468918996,1.0565129040455061,1.0565535035527611,1.056502726712909,1.0565503065271888,1.05656496865005,1.0565532894868994,1.056474879469873,1.0560744455422442,1.0562331212986242,1.0563430683252655,1.056419342457922,1.0565726549055727,1.0565405038767324,1.0566209790789935,1.0566900335675848,1.0565896792865566,1.04055076054368,1.040550326749312,1.0407958834609696,1.0407687269332426,1.040675708390841,1.040007117069668,1.040111109093811,1.0424027708888834,1.0426376299149627,1.0429202849954402,1.0429085353845595,1.0419205627592623,1.0415123266930604,1.0416536514265127,1.041636606685935,1.0371109738984619,1.037258196854078,1.0369555139240154,1.0367657337867997,1.036945346263549,1.036916881561581,1.0370839584862257,1.0368985620327604,1.036846442426683,1.0440182340223845,1.0441738885300422,1.0458269290290045,1.0458981123386601,1.0459061346126886
71,0.9891264257883727,0.9904819875109397,0.9874163191525895,1.0015102424625635,0.9997530421947299,1.0030687122258692,1.0045186778634871,1.0057089449408663,1.0055675766664107,0.9946709949561485,0.9945372635590289,0.9944751257726853,0.9942791339543817,0.9934318846638786,0.9902120381994627,0.9904762789470944,0.9903887002846421,0.990390708573012,0.9907340945238655,0.9907392604990396,0.9907269291186418,0.9907230471616171,0.9907600964533981,0.9907734955696519,0.9907612338322441,0.9907689651947776,0.9908002605808014,0.9907949361707714,0.9908141113194521,0.9892755200968122,0.9891112368820156,0.9891641691561313,0.9891804362421023,0.9989417088058469,0.9989520996272733,0.99895988841245,0.9990143926563424,0.9990194589166543,0.9990140213576064,0.9989723265174684,0.9976973460368348,0.9976408050336751,0.9979089900630365,0.9976532761230623,0.9976617094455472,0.9976611377463146,0.99712389212372,0.9971399883509827,0.9972365314351911,0.9973673817658051,0.997347613138886,0.9973317768014928,0.9972343279389903,0.9973970726322865,0.9973309888140659,0.9972948600238819,0.9972662329803196,0.9972874728029538,0.9973133416571297,0.997288562870822,0.9973312349697534,0.9973307985713242,0.9999248451121752,0.9999397577803989,0.9999418490382682,0.9999447162224796,0.9999293915048585,0.9999345801874231,0.999927083325222,0.9999301014207596,0.9999368930855242,0.9996753288353262,0.9973599139928394,0.9973417182390781,0.9973174838085457,0.9973220451203776,0.997330844802138,0.9974113610528287,0.9974029162166964,0.9975354258687676,0.9975030215199797,0.9974634272653662,0.9974900463433002,0.9975358254707071,0.9975876387926796,0.9975665528878801,0.9974171003367881,0.9980765429825101,0.9980515187042106,0.9981015887753626,0.9981323197238062,0.9981006253397844,1.0091122287076404,1.0091122273344375,1.0091122264969896,1.009112225606292,1.0091122229273448,1.0091122220965558,1.0091122315854855,1.0091122311725025,1.0091122303918816
72,0.9815606277047104,0.9835194057179408,0.9788292893931847,0.9988983497780627,0.9965872124545463,1.0008282744725219,1.002679262612253,1.0035375434341132,1.0031264484161628,0.9884834721768877,0.9884503406762242,0.9884334179905164,0.988382179559882,0.988114601045834,0.9866864046590799,0.9866656155433989,0.986625835095168,0.9866273268542671,0.9868657110243275,0.9868680311158176,0.9868656599088425,0.9868651095889753,0.9868785906639266,0.9868868854671107,0.9868839911076602,0.986891035082036,0.9868970979977386,0.986896691750658,0.9869039264025606,0.9854424748607092,0.9853290947729118,0.9853090546336951,0.9853115093802624,0.9877540310930776,0.9877980208663742,0.9877958790841492,0.9880445271843671,0.9880621404713685,0.9880439870904195,0.9879624371125781,0.9876709844261786,0.9876131394595054,0.9879460279438032,0.9878867634880327,0.9878952307657819,0.9878951779328276,0.9874007561322437,0.9874126922058537,0.9874937685013562,0.9876091522703873,0.9875913448457799,0.9875788609374354,0.9874953440783721,0.9876608399775171,0.9875980709452657,0.9875672087601486,0.9875423500206875,0.9875513611996559,0.9875742797712681,0.9875516277960409,0.9875703418885832,0.9875729533524634,0.9894115878362821,0.9895843813864088,0.9895203268180249,0.9894771278578872,0.98944785657486,0.9893388390281057,0.9890785961439813,0.9890523250237573,0.9890321489562088,0.9885477311893299,0.9886624676861161,0.9886610751120041,0.9887613704083198,0.9887303031897957,0.988691785464275,0.9884756397078148,0.9885052881149995,0.9882443818889345,0.9882603546359113,0.9882795377774368,0.9882940502481982,0.988191012791396,0.9881619797207939,0.9881698286531313,0.9880430247889186,0.9878596057617888,0.9878617374482879,0.9878564436286557,0.9878526192849945,0.9878541129351011,0.9899647253308813,0.989983797603179,0.9899593843611564,0.9899524586074873,0.990017472453511,0.9900660009037058,0.9896390738782882,0.9896570137482956,0.9896598067776419
73,0.9549028538443629,0.9569427061340247,0.9516282456253492,0.9699712182315731,0.9663058699562699,0.9676198387702128,0.9683007101719316,0.9693900828326689,0.9692010315191922,0.9639345140108506,0.9639549357161841,0.9639823703797172,0.9640138235376059,0.9638284673690627,0.9618676507248769,0.9618593324629906,0.96196076223559,0.961969371185037,0.9625582095741478,0.9625680335892703,0.9625872693861606,0.9625996903532026,0.9626360865604942,0.9626638077020004,0.9626708404491251,0.9626622197553928,0.962624143825326,0.9626226871634322,0.9626418838580556,0.9566336871063297,0.9569642387170126,0.9570495073918294,0.9570524378790148,0.956764246253989,0.9567599550943264,0.9567312337934564,0.9567348365912045,0.9567658403403767,0.9567357513554199,0.9565977090736092,0.9566322898748629,0.9566638753757447,0.9569227312067116,0.9575523491630968,0.9575563770326582,0.9575580622647073,0.9572893998108086,0.9572906287267083,0.9573433798854849,0.9574103115793506,0.9573997009260238,0.9574017193203768,0.9574171562815684,0.9575427968015825,0.9575059876389659,0.9575022782839366,0.9574935401652083,0.9574699543986648,0.9574758749440907,0.9574623573596213,0.9574745313499271,0.9574923106480269,0.9572848585942085,0.9573875921303084,0.9573316516429973,0.9572902320064276,0.9574357601512102,0.9573110663014458,0.9515942289497196,0.9515942292088532,0.951594229195358,0.9515942584620273,0.951594252500689,0.951594253179128,0.9515942528513774,0.95159425055832,0.9515942493359356,0.9515942505230177,0.9515942503803244,0.9515942502530771,0.9515942507092849,0.951594251374206,0.9515942502274309,0.9515942495209015,0.9515942502665602,0.9515942509908953,0.9515942436203567,0.9515942417011367,0.9515942423935988,0.9515942424180761,0.9515942425545645,0.9515942431470513,0.9515942428394737,0.9515942434927499,0.951594244279724,0.9515942448670753,0.9515942453542615,0.9515942453653419,0.9515942453556769,0.9515942454023344,0.9515942458797221
74,0.9386097349189869,0.9408035500227467,0.9348062801781383,0.9534743417167587,0.9489361476959581,0.9489361581310634,0.9489361661814926,0.9489361862435203,0.9489361794521266,0.9489361381789092,0.9489361413712721,0.9489361442361539,0.948936149709431,0.9489362073456713,0.9489361991235958,0.9489362024253891,0.9489361978470306,0.9489362008915416,0.9489360088441062,0.948936003700355,0.9489360034513414,0.9489360009080309,0.9489359975299116,0.9489359929363984,0.9489359902108657,0.948935992275985,0.9489359873358906,0.9489359859294163,0.948935984933556,0.9489359114410605,0.9489359850720299,0.9489360041118958,0.9489359992313019,0.9489359913980594,0.948935993300329,0.9489359932023174,0.9489359292228096,0.9489359288114578,0.9489359234579766,0.9489359189396068,0.9489359144235083,0.9489359223639905,0.9489359404076202,0.9489359433411177,0.9489359406396867,0.9489359368428777,0.9489359914445781,0.9489359895306418,0.9489359872394603,0.9489359863382487,0.948935983646622,0.9489359811347605,0.9489359864165043,0.9489360045062015,0.9489360022541813,0.9489360001856362,0.9489359980486785,0.9489360047916733,0.9489360075457967,0.9489360060673898,0.94893600417036,0.9489360027930266,0.9489359972940946,0.9489359996812526,0.9489360089372625,0.948936007595174,0.9489360077265048,0.9489360089281802,0.9489359870427108,0.9489359852817306,0.9489359837948876,0.9489360430636853,0.9489360599413529,0.9489360590896442,0.9489360616543238,0.9489360956735907,0.9489360954415806,0.948936089810847,0.948936087937948,0.9489360789901471,0.9489360792692398,0.9489360795528216,0.9489360800019748,0.9489360791069119,0.9489360775544146,0.9489360772196348,0.9489360725997354,0.9489360642941806,0.948936063903588,0.9489360631078861,0.9489360587239398,0.9489360584953744,0.9489360567457288,0.9489360562849969,0.9489360550435714,0.9489360540786764,0.9489360552527555,0.9489360561511201,0.948936052675858,0.948936052815402,0.9489360520772784
75,1.0325232899907855,1.0445778017699288,1.0445686277368524,1.0450521686798804,1.0450504247933528,1.0450166460412915,1.0450516179659206,1.045053432839402,1.0450096325537808,1.0450049283704892,1.0597328366061685,1.0595596870827713,1.0594985113389739,1.0596332427878454,1.0596455010435641,1.059596010353671,1.0594893139264385,1.0594778114577896,1.059472997286932,1.0594550836499725,1.059066412240729,1.0590560736169476,1.0587888429616592,1.0587740608285898,1.0581651241304246,1.0581799415153852,1.0581720951663038,1.058154836124421,1.0363729405264812,1.0363836267853455,1.0361064138586094,1.0360788415459854,1.036033467119989,1.0360419068247964,1.0362293558432216,1.0362205766397707,1.0361999813656546,1.0362278705605583,1.036218150750906,1.0361638806473916,1.0361591599209377,1.0361192191359634,1.0362857244970076,1.0363104231449345,1.0363092028059484,1.0366151332466211,1.0362009093607247,1.036201872704857,1.0362721378981878,1.0365352682161173,1.03653186098162,1.036745329723863,1.0366980197709008,1.0367498899167786,1.0367199594422898,1.0367133708712093,1.0367045568902782,1.0366784754835738,1.0366897825548376,1.0365590600427204,1.036564983550164,1.0365808583003717,1.0365999298245887,1.0366828134949262,1.0366191209197577,1.036594861497011,1.0365771153835512,1.036478642325874,1.036497051915367,1.036471030766307,1.036455520087311,1.0364858337789837,1.0365126903030428,1.036514730660439,1.0365923001723096,1.0365910512902412,1.0365333138305035,1.0363501928051468,1.0363790618312552,1.0360757219768642,1.0361021763239546,1.0361649057352627,1.0361485001357336,1.0360770571852491,1.0360533600646404,1.036073202680063,1.0360758579998735,1.0356910823144232,1.0357101206985004,1.035508163410545,1.0355034923204738,1.040837342506326,1.0408369427116564,1.0408478107990575,1.0408415860173126,1.040840003601611,1.0408775333181979,1.0409023914446602,1.0408412222494452,1.0408479900935779,1.0408509915617514
76,1.0330961291818748,1.0411887557366273,1.0410568217551626,1.0411118611588872,1.0410791992208193,1.0409537398163844,1.0408272677361343,1.040818775009327,1.0407745891286426,1.0407752326460742,1.0677569870860235,1.0671813279364168,1.0668176525448618,1.0667181510894213,1.0666544491565562,1.0665893558371633,1.066447599634352,1.0664075292737671,1.0664904477577484,1.066449927190567,1.065364119772952,1.0653377157705675,1.064644203120951,1.064617362567446,1.061742074428849,1.0617402541274283,1.061769345408086,1.0617362462578783,1.053561976973877,1.0535857802075812,1.053361104852677,1.0534771787855293,1.0534358823472265,1.0534212391723388,1.0521578936169647,1.0521734709214647,1.052186892402266,1.0521448131105182,1.052107587561146,1.0520062135138528,1.0519814311493887,1.0519518415170686,1.0523473106483021,1.052401454712281,1.0523811792907867,1.0525481297194408,1.0524903616020829,1.052509421720102,1.0525102984061985,1.051438243334715,1.051399668932349,1.047189728712593,1.0471316368426005,1.0474614843995405,1.0473735617806215,1.0473234555088056,1.047287203035529,1.0473042955681557,1.0473498756736197,1.047522996653909,1.0475071956435782,1.0474993469716423,1.0475246461505026,1.047827662603211,1.0477416179390926,1.0476633370839699,1.047603743355286,1.047441404794527,1.0474615397870815,1.047415210157485,1.0473687917746193,1.0474500316945323,1.0477950915073646,1.0478004592614123,1.0480145731093218,1.0479799591345218,1.0479351505333836,1.047479980303518,1.0475362622354056,1.0468622256456759,1.0469042492736989,1.0474095628683813,1.0474284912678706,1.0473170942137862,1.0472553967602647,1.0472600118976534,1.0472523574445405,1.0469328137045724,1.0469290765478485,1.0481708136138286,1.0481497227978904,1.0477270123762832,1.0477176158337833,1.0477142168936149,1.047690805735421,1.0476839415631027,1.0477007215788259,1.0476943947884891,1.0476431861057942,1.0476489126882191,1.0476408512837556
77,1.0330032001443272,1.0368560599624943,1.0367249820021631,1.0359786132939977,1.0359397741012266,1.0357910623790063,1.0355052795663546,1.0354967860014082,1.0355031347138242,1.0355173929734498,1.0510584120037305,1.0503734224164687,1.0498201187494718,1.0491543080471157,1.0489877331891007,1.049016376883628,1.0490385218169247,1.0489979257861164,1.0491895272819702,1.049168842702578,1.0487300393819126,1.048709204547307,1.0480437289511466,1.0480362657256368,1.0365903562666698,1.0365903542106683,1.0365903565542813,1.0365903565306276,1.036590326518858,1.0365903288552951,1.0365902934163718,1.0365902840987096,1.0365902869783485,1.0365902881610496,1.0365903012763704,1.0365903008648265,1.0365902987456759,1.0365902984128623,1.0365903004561157,1.0365903019240876,1.0365903039370299,1.036590303918836,1.0365902969373169,1.0365902969776093,1.0365902963230906,1.0365902994886182,1.0365902758666814,1.03659027693854,1.0365902775648426,1.0365903774969587,1.0365903803452277,1.0365903428992929,1.0365903391222953,1.0365903233201907,1.0365903252110344,1.0365903272398445,1.0365903292997418,1.0365903230516726,1.036590324891154,1.0365903931219798,1.0365903960395355,1.0365903984560103,1.0365904004504523,1.0365903971925179,1.036590383751285,1.0365903852418041,1.0365903866148065,1.0365903833563848,1.036590385798489,1.0365903866694017,1.0365903880062954,1.0365903878825413,1.0365903667917884,1.0365903685244893,1.0365903691852896,1.0365903707796456,1.0365903676864474,1.0365903662122111,1.0365903671779564,1.0365903610805165,1.0365903624732398,1.036590364059001,1.0365903620502879,1.0365903580018108,1.0365903587032579,1.0365903604679063,1.0365903606589808,1.0365903506286358,1.0365903522725235,1.036590257871956,1.036590257711625,1.0365902576638133,1.036590257989103,1.0365902590970482,1.0365902590421905,1.0365902593434653,1.0365902622740784,1.0365902636200812,1.0365902592748726,1.036590259876582,1.0365902603072288
78,1.0419033548677672,1.043353134859479,1.0430115383783525,1.045399795478883,1.0453994584645117,1.0454390784987229,1.0458433711410222,1.0458370980919567,1.0456645011360004,1.045618920260749,1.0522588269078124,1.0527263092407655,1.0530766559363522,1.0536759086980305,1.0538098082299017,1.0537521856721803,1.0536461993840665,1.0536687439877028,1.0535241023152075,1.0535278579867746,1.0575497683757202,1.0575500808803802,1.0580958941452758,1.0580670789013487,1.0555555102602443,1.0556815087266085,1.0555741946112915,1.0556128634173008,1.0561999431594362,1.0562662349880927,1.0545890035610284,1.0544578633038555,1.054182509847678,1.054226047738769,1.0664984719245676,1.0664518483001855,1.066319660823057,1.0664777453332992,1.066367572993953,1.065872987795571,1.065809060048293,1.0654813868655868,1.0670568587922062,1.0672760084267097,1.0672756316187952,1.0672531539391403,1.0655616178817588,1.065589074459087,1.0658907143383483,1.0757201069840634,1.0756947607718708,1.075803293918281,1.0757151257997675,1.0760029637572959,1.075915387178272,1.0758728408413678,1.0758365342278868,1.0758325172196594,1.0759896468269803,1.0768582103860893,1.076850326674396,1.0768609815046808,1.0769050664646267,1.0772484356613927,1.077096628719683,1.07700533504137,1.0769345375489219,1.0766731421450682,1.0767131130419694,1.0766197834310696,1.076554702873717,1.0766711505884967,1.077017119898519,1.0770217501486712,1.0772769889046632,1.0772479738212708,1.077103930560677,1.0764808802176833,1.0765706561576704,1.075413770465262,1.0755081160878874,1.0756199966119662,1.0756110018294398,1.0752800641277782,1.07512155750401,1.0751788097734498,1.0751736866884558,1.0733490685453098,1.073413602226801,1.0734828430529606,1.0734012872816243,1.073507762169055,1.0734917747248,1.0735694619503366,1.0735409258995257,1.073518598122812,1.0738283792980323,1.0740186703922894,1.0734829541686486,1.0735435568571021,1.073555122532001
79,1.0645672721251849,1.0650521100159873,1.0626102912304263,1.060254072340321,1.0598701480927786,1.0589592647189494,1.0576699667047158,1.057526585531961,1.057043586412003,1.0569862238539538,1.0562369786745227,1.0476132964829277,1.0471682279074532,1.0481729916768368,1.0483451644762085,1.0481213264310347,1.0476074509312971,1.0475920829614347,1.04743754740609,1.0473834791757812,1.0519685517487813,1.0519407289940688,1.029323087119858,1.029325252565996,1.0293414713582258,1.029335404178599,1.0293423819183187,1.0293779087260855,1.0293872707492486,1.0293831472979083,1.029462725026639,1.0294620034432755,1.029478748828555,1.0294769983200691,1.0295093006140839,1.0295122056695938,1.0295205975637598,1.02953335942149,1.0295411675594066,1.029578144357525,1.0295830147139013,1.0296077123268654,1.0294879627385112,1.0294733452201579,1.0298207907468724,1.029820419058192,1.0298848697177108,1.0298849650998483,1.0298560709233093,1.0298030973982526,1.0298047890503228,1.0298068492217163,1.0298136366266009,1.0297925310778953,1.0297988403097234,1.0298015790313244,1.0298033475314674,1.0298068652681296,1.0267990640799647,1.026777621169237,1.026777145413093,1.0267764922745557,1.0267763849799785,1.0267847210266559,1.0267833730008382,1.0267811911558968,1.0267799428704227,1.0267808495047952,1.0267802321070716,1.026942792594373,1.0269468970070708,1.0269396019126327,1.0269253789275512,1.0269252265656377,1.0269181116564825,1.026918316696434,1.026911092032427,1.026975898644693,1.026965635905638,1.0271120993635066,1.0270985677054854,1.0270831666924947,1.0270850365961792,1.027129825797691,1.027161868920806,1.0271538550800599,1.027154431118282,1.027418559605114,1.0274085002868916,1.0274371043012358,1.0274483807030643,1.0274337519070298,1.0274358089983613,1.0274244836582749,1.0274408682971223,1.0274437792892435,1.0274006393374746,1.0273744024441178,1.027446889082002,1.0274385325510704,1.027436581075557
80,1.0918323867131645,1.0913487603225733,1.0913521952219678,1.085005254722761,1.0848206096207054,1.084151881611238,1.083265785550816,1.0832074044390207,1.0831152623145028,1.083150462664206,1.082116359260539,1.0696891114339941,1.0701858909092419,1.0706937212092773,1.070799511553908,1.070712367283749,1.0705106978994399,1.0705141415186126,1.0704146149317668,1.070414248279841,1.0725166788883629,1.0725125191530687,1.067744425870777,1.0677680036913952,1.0678643116805138,1.067865124947137,1.0679234696577926,1.070813094204219,1.0708942316887085,1.0708673239649296,1.0711425463720958,1.0710711659180736,1.0711689745227793,1.0711637026323315,1.0708112222185429,1.0708169389786575,1.07083658470485,1.0680609955028466,1.0680511618288548,1.0680290518087492,1.0680250879369175,1.068003381040202,1.0679937361059046,1.0680149730392268,1.0763224080892813,1.0763186898022905,1.0762976157195072,1.0763025149732797,1.0761889442642503,1.0761932594667225,1.0761893850660806,1.0762073446394216,1.0761802894483934,1.076190875719941,1.0761742816184825,1.0761693055557036,1.0761463590298217,1.0761768272391403,1.065468760311319,1.065309770043982,1.0652984833622428,1.0653139962559128,1.0653781881261408,1.0659248907979386,1.0660108046257484,1.0658545820603822,1.0657377513830588,1.0653303117274642,1.0653873874373752,1.0650491412481682,1.0649636127188231,1.0651177677239687,1.0656234300472343,1.0656254091982156,1.0660530515253606,1.066001106156864,1.050826579722207,1.0508106209663988,1.050802275329202,1.0510674686876182,1.051042731830722,1.0510094483202224,1.0510112345880251,1.05112112562567,1.0518261394372586,1.0518060651656818,1.0518110486748653,1.0526641466180848,1.052632891601349,1.0526873578413138,1.0527311736257035,1.0526966751858953,1.0527067652383755,1.0526706026968156,1.0527193328985944,1.052730535503976,1.0525828117928833,1.052751460488083,1.0530064650549735,1.0529781713163786,1.052975032675485
81,1.0728615480992798,1.072113257405766,1.0736678393700276,1.0695025803725278,1.0694657843670101,1.0690700741571317,1.06887487251425,1.0688762321187777,1.068978105576221,1.0690395456817314,1.0684126884886376,1.0619177870066894,1.0639751764239653,1.0638867034453232,1.063868606211551,1.0638608849952722,1.0636205409630042,1.0636137174597775,1.0636481686573485,1.0636623005958572,1.0631924579699434,1.063189007020902,1.0634610140258147,1.0634604840330395,1.063474922037795,1.063487093572005,1.063489096599688,1.070055258221402,1.0700598710841849,1.0700428940548705,1.0709362064866306,1.0710340461152408,1.071145804742793,1.0711265213353607,1.0708547929895516,1.0708742120794206,1.0709175001030298,1.0484238250329754,1.048454370594707,1.0485889396027106,1.0486069710781543,1.0486902444203694,1.0482928420258368,1.0482328164928865,1.0483471318995752,1.0483461305485264,1.0479452598907368,1.0479370100685976,1.0476054203018788,1.0472949033530823,1.0473406738321613,1.0473721771833935,1.047511064335666,1.0469864471584216,1.0471458461390404,1.047222226567254,1.0472734115717572,1.0472984048862275,1.0473071467807855,1.0473533001001365,1.0473662327073086,1.0473547257510722,1.0472931221869832,1.046760657372407,1.0437641177411892,1.0440075742430701,1.044191395594044,1.0448136090417488,1.044719817452229,1.044897369154818,1.0450452019953482,1.0447777529037012,1.0438964130819264,1.0438747946019966,1.0431828960750982,1.0432652857391562,1.0416311285812105,1.043306769188306,1.043097592137574,1.0455106517635602,1.0453032328850682,1.0451014020676863,1.0451146086623246,1.0457043349911996,1.0455586327560142,1.0454767503369262,1.0454873788361743,1.0476624767823677,1.047603237648056,1.0477259720162302,1.0477983531374895,1.0477270939677752,1.047742618673163,1.0476767516135677,1.0477479944981056,1.0477673586027634,1.0474973183571115,1.0358864997457127,1.0358850941782092,1.0358886317972789,1.0358902236000724
82,1.0587175201835628,1.058893892852148,1.0589071086240058,1.0715861275038623,1.071583084181075,1.0714819187110158,1.070672400374459,1.0706230535510064,1.0703692588627989,1.070311063621274,1.0703940473888196,1.0702452252072174,1.0745655004588095,1.0746325606585398,1.0746468618599407,1.074628059950312,1.0744638275125966,1.074466458839493,1.0744476754708854,1.074362382604345,1.0741974845315907,1.0741977426726117,1.0743231471171935,1.0743209774681914,1.0743569490529312,1.0780949472514179,1.0780505963357887,1.0809416583977203,1.0809381253529253,1.080948953763076,1.0809531035027515,1.0808131162839574,1.0807207103842558,1.0807372004453586,1.080819418056557,1.0808065862665235,1.0807650847854053,1.080086941201471,1.080108441060013,1.08020739598504,1.0802186663836715,1.080261273644033,1.0799191464733395,1.079868210707964,1.0797305039410032,1.0797281536047643,1.044131310652207,1.0442986039388373,1.044097504172176,1.0434354263362875,1.043531055974282,1.0435976547153107,1.0438827816701077,1.0427661520207914,1.0430901899350697,1.0432478987007616,1.043281140051857,1.0433514433086235,1.0431330090977633,1.0432291264189615,1.0432551884888566,1.0432320335529481,1.0431080516051645,1.0420340952715654,1.0236360024352362,1.0237373951646849,1.023814325348845,1.0240582487121819,1.0240166280999443,1.0241012935510552,1.024166626531974,1.0240480614660292,1.0236570432609278,1.0236364897581867,1.0233414574245836,1.0233749543624382,1.023538062719456,1.0220102131390403,1.0218932667752678,1.0234296822284399,1.0308480548764167,1.0306588551583893,1.030671138610957,1.0312303187937752,1.0316443138759064,1.0315553486723013,1.0315686621974431,1.0342306559099717,1.0341506949615438,1.0343112989185952,1.034414237356197,1.0343185997094924,1.0343412441253608,1.0342509157466504,1.0343519246407522,1.034379232381115,1.0340095452793876,1.03340964890046,1.0341614669788504,1.034066999611905,1.034055131793532
83,1.038745118980298,1.0391390351517076,1.0392073901365375,1.0885401494563052,1.0885519741709968,1.0899088131254235,1.0720706895704724,1.0719403621461823,1.0713261077253,1.0712525403810698,1.0715007008745228,1.071951460885703,1.0753289711164504,1.0755701023899584,1.0755947421324021,1.0754725541961023,1.077458884008453,1.07746759972798,1.0772894295622293,1.0765555182423938,1.0765505562384727,1.0765459008388016,1.0764777940781913,1.0764516792508336,1.0765330608909713,1.089769793125866,1.0897557211692182,1.0897847531455211,1.0897963502933052,1.0897923838508237,1.0781586986573195,1.078528295720052,1.0789916222944704,1.0789530207548856,1.0785539391358783,1.0785983021602377,1.0787317047922338,1.078941331567601,1.0790887794518063,1.0797588232620123,1.0798495923986415,1.0802648587813346,1.0530264837224688,1.0529385259861177,1.0529408291835953,1.0529394207979612,1.03606011425717,1.0365386232186011,1.0368807450257314,1.0374247379940014,1.0373459237705793,1.037300982686631,1.0370293695950914,1.0379343622703756,1.0376591838719706,1.0375297249331756,1.0378689477245595,1.037578356794553,1.0376362319841543,1.0375208901083859,1.0375016946898064,1.037524236185326,1.0376264590541424,1.0384346889750011,1.038658786690914,1.0384108762225897,1.038223469817134,1.0375293660124456,1.0376226748498782,1.037455307630444,1.0373074579130899,1.0375743712992223,1.0384241109838301,1.0384172789450008,1.0391002255735804,1.039015281855328,1.0386975534750365,1.0134441562682632,1.0133859797048808,1.014122278152273,1.0136978895706532,1.0136342960894018,1.0136393193321218,1.013831984016463,1.0139211379161768,1.0138888660232166,1.0138950675094283,1.0135928962370446,1.0135629536832849,1.0136219081207132,1.0136617269573274,1.0136259191042993,1.013634863023096,1.0136006457505262,1.0136395066232096,1.013649542553834,1.013510119978167,1.0134851061116414,1.0137288001886335,1.0133108826762347,1.0133080312651048
84,1.0229759983416564,1.0234132506952816,1.0233147971113907,1.07918553527967,1.0793660506100886,1.0847631759127545,1.0518950608644528,1.0518279029702051,1.051607472692051,1.05165250461293,1.0517125036647845,1.0519432593060474,1.0525523496892024,1.0525941508478784,1.0526160163025167,1.0525392921910353,1.061126718780328,1.0611270187051978,1.0608646607676595,1.0605172538620597,1.060562687132972,1.0605530021293434,1.0603488208517566,1.0603031732613153,1.060415227826817,1.0655724881579685,1.0655032967208538,1.0655087954660631,1.0654669491041797,1.0654990119286734,1.0088408439925292,1.0094509383571453,1.0103521384399248,1.0102690087798498,1.0094752268557998,1.009567234712542,1.0098441521553583,1.0096413218791593,1.0099265931916235,1.0111857658800607,1.011356856032773,1.0121450595626382,0.9794444423113678,0.9792402158920851,0.9792270111325286,0.979225734195092,0.9819670343191291,0.981851322955563,0.98156372871559,0.9811817153505222,0.9812361310565614,0.9812731831901684,0.9814578950683938,0.9812503458259925,0.9814293256105624,0.9815173231353715,0.9821692508690423,0.9872614317313216,0.9871569243098834,0.9872270590985576,0.9872450113497196,0.9872317354703447,0.9871539393953562,0.9871069304549138,0.9872891682730582,0.9874514772425724,0.9875754646723677,0.9878358960066418,0.987769189681632,0.9878963594829823,0.9880022037774837,0.9878119168848108,0.9871887815730338,0.9871427522307867,0.9872211751778198,0.9872752006703076,0.9874170636536082,0.9892272072527684,0.9890778587153749,0.9910591619364069,0.9908891499812501,0.9907032842538195,0.9897072932789939,0.9902724648164665,0.9905490248057838,0.9904506240704655,0.9904682152684889,1.0416677954979434,1.0416896237512483,1.0416429878054438,1.0416181461397647,1.0416451397349755,1.041640161652201,1.0416642297583476,1.0416398447992323,1.0416322457767575,1.0417297696241286,1.041813077387241,1.0416413526670898,1.0415114860282748,1.0415150301462417
85,1.0104458387119555,1.011062806740389,1.0106184939746927,1.0633020668005988,1.0635338521031172,1.0749511765713295,1.0454817072420934,1.045519118276328,1.045858773572925,1.0462068898483405,1.045996215081305,1.046057981027306,1.04554906402737,1.0449170402612094,1.0448387844308786,1.0448237607296287,1.0620198397987652,1.0618131363267083,1.0619168782301955,1.0619070889789453,1.0618661737565427,1.0618696760238984,1.0620108832709692,1.062031416348233,1.0620047082294695,1.0633473134282028,1.0634294909910273,1.063394518534067,1.0634840886919663,1.0633995162070615,0.9990798498006171,0.9853620333979674,0.9848726078100487,0.9849451090959165,0.9853830370841061,0.9853255409912361,0.9851360445276643,0.9853338933206086,0.9851773195301626,0.9843783576790336,0.984300716153303,0.9839288590191594,0.9867030189275579,0.9870440180645637,0.9870954148879456,0.9870953040036126,0.9847294711130645,0.9849272900731534,0.9852688949146691,0.9857718248510856,0.9856956697092703,0.9856511433201223,0.986308571172744,0.9740868268748814,0.9741633729158067,0.9742029473180989,0.9740874306950842,1.0173094367676454,1.0173380691888159,1.0172984455151626,1.0172899866547278,1.0172968600396015,1.0173375946711412,1.0187522372430693,1.0187261301081958,1.0187218032925736,1.0187162831840586,1.0188060718296177,1.0187956251786996,1.0188156289291959,1.018831106849585,1.0188059604913624,1.0186634031884896,1.0186103241613322,1.0110778361080652,1.0110483719648646,1.0109514753814606,1.0103895615530527,1.0104681395038286,1.0095425098800992,1.0096138257102656,1.0096986166422994,1.0135886518934978,1.0130239975705828,1.0128607248678465,1.0129168193067148,1.0129117570447732,1.0098188653651756,1.0098965242192035,1.0097352966726145,1.0096342726780687,1.0097293858042358,1.0097076155091862,1.0097959136506367,1.009697528802897,1.0096691694079039,1.0100283574581743,1.0102415562218663,1.009608350487023,1.0095810868330255,1.0095917886357162
86,0.983835034826041,0.9840872101222911,0.9839049105106664,0.9985910353303736,0.9986242099470306,1.0067985277592737,1.0009043509472113,1.0008493252527695,1.0008640292063717,1.0009701531548383,1.000925099428064,1.000903239753639,1.0007133939756507,1.000606359209772,1.0007253770427114,1.0011740546511896,1.0025531626141813,1.0023389455472604,1.0024385435880607,1.0024562911969448,1.002424893020061,1.0024266506931783,1.0025301341722614,1.002548776905623,1.002513973473069,1.0025044703860373,1.0025604449635013,1.0025383364519582,1.002590059670034,1.002546299119191,1.00003263299511,0.9724666519093189,0.9721463619478268,0.9721068224239069,0.9723866240486115,0.9723517401513715,0.9722109682262148,0.9723235316033046,0.9722211114927669,0.9738533948068773,0.9737878796377154,0.9733628096905974,0.9756425397601486,0.9760030910947844,0.97604438312521,0.9760449566332751,0.9736826749031453,0.9737276763728498,0.9741045109915031,0.974650099590597,0.9745675649702275,0.9745156157161122,0.9500160986235645,0.9517363863325923,0.9517745937025021,0.9517928648745976,0.9518051239636831,0.9512043477246694,0.9511823971667391,0.9512021169671472,0.9512075000482129,0.951202733221524,0.9511829911096549,0.9509617798536533,0.9510229958307486,0.9510645503154478,0.9510957456316943,0.960550244919815,0.960590290154016,0.9605171141071682,0.9604523039385315,0.9605711522033856,0.961180664373359,0.9609168629780662,0.9614179804297891,0.9613865311516002,0.9612790630975622,0.9606386782067622,0.960728856045508,0.9593255092289109,0.9594222059767619,0.9595393785610812,0.9593477532279698,0.958846742286374,0.9586750964074124,0.9587342629332142,0.958733416405982,0.9570244587261932,0.957089629757102,0.9569660468287126,0.9568931134326095,0.9569657912874455,0.9569506980501248,0.957017330717569,0.9569457639670469,0.9569228693975292,0.9571850563780122,0.9573537855012318,0.9568802302994228,0.9569338536774334,0.9569436574630161
87,0.9961792597339555,0.9956695651634662,0.9980729084069853,1.007270703172165,1.0074789331506697,1.0173506505765126,1.0165751018058604,1.016585472421097,1.0173145071539715,1.016970770465275,1.0165625693254505,1.0164311222870888,1.015863189478449,1.014319283760188,1.0144092970076448,1.016121748307054,1.0164182626114109,1.0163450436947004,1.016653020989188,1.0166984224076074,1.0166065069977246,1.0166168111923317,1.0169434447278687,1.0170047281350671,1.0168838540992076,1.0167039166371594,1.0168835292713458,1.0167747838617134,1.0169350397580372,1.0168086134124983,1.0179158009738771,1.0028885568130386,1.0033905608262175,1.003145140806327,1.0027009302783112,1.0027505517884046,1.0028202849204937,1.0026669858226578,1.0028225758786038,1.011399160283826,1.0114624108274866,1.0115883400975676,1.0109862345468614,1.0109496691572715,1.0109536946862785,1.0109526309487993,1.011300617309189,1.0112942958734181,1.0111872293875381,1.011067107839588,1.0110807673491196,1.0110917217215365,0.9809795005828799,0.9812259136773481,0.9812170294563544,0.9812141284712383,0.9812048693143386,0.9812395117833056,0.9812359329827255,0.9812306147164158,0.981261929751105,0.9812632457987074,0.981276103277668,0.9813126296222295,0.9812916987640681,0.9812850597499292,0.9812745923757803,0.9802814614489253,0.9802877123435717,0.9802834649582907,0.9802784772522453,0.9803014695929573,0.9729142629433234,0.9731022677354833,0.9727717581459117,0.9728112359626916,0.972930353372101,0.9737349598734771,0.9736207880663781,0.9949351902730511,0.9949125877969975,0.9948843184525721,0.9948856382563549,0.9947781774994201,0.9948192635547706,0.9948044533391392,0.9948161308405993,0.9953681179179699,0.9953472319036115,0.9953876138023691,0.9954132802251732,0.9953886155187573,0.9953955589950836,0.9953728190561334,0.9953970772551022,0.9954017367448336,0.9950799965407916,0.9950390890259168,0.9950921417394727,0.9950775942836064,0.9950758490963074
88,1.0115887342902845,1.012043083607967,1.0111670397702928,1.016661321058722,1.0161960472963882,1.018253035321662,1.019036875039656,1.0194104033499178,1.019433932667069,1.0160605020541618,1.015982448793377,1.0159654948714574,1.0158664878139716,1.015462981214655,1.0142252454415375,1.0149072807386872,1.0147637830981484,1.0147697286959045,1.0148411523212164,1.0148406181495655,1.0148458098872428,1.0148436912709844,1.0148337545645671,1.0148337724781924,1.0148420909132994,1.0148817372289973,1.0148755391845041,1.0148881765992759,1.0148841180280919,1.0146899362129698,1.01423808225248,1.0142087220953624,1.0141522701784629,1.019249551322832,1.0192640211621544,1.0192636648795148,1.0192637861596516,1.0192701395484707,1.0192656800718503,1.0198795972500574,1.0190401242633063,1.019078678683472,1.0187552939040523,1.0189591697595748,1.0189548789144898,1.018954055813626,1.0193546743857147,1.0193516686184712,1.0192823090075611,1.0191831405733616,1.0191967289474246,1.019204635864255,1.019449440522178,1.0191880695093822,1.0192532781396109,1.0192838326991953,1.0193051206153296,1.019358952179307,1.0193287539889762,1.01935244545276,1.018988763256788,1.0189835944686882,1.0185655539208354,1.0183990057148367,1.01846259585673,1.0185121625158708,1.0185363495680553,1.0185370779433727,1.018545822426829,1.0185833308893353,1.0186142599939108,1.0186082260113594,0.9752505639697012,0.9750164261034038,0.9763547932226249,0.9761974852615368,0.9756889776570696,0.9726896860028273,0.9731006944932078,0.9654542387588186,0.9657476453048482,0.9661058912290165,0.9660935263003263,0.96500796762892,0.9645220728410153,0.9646893358434512,0.9646784467511128,0.9598263990710185,0.9599714208755066,0.9596729256923858,0.9594867035446264,0.95966200388274,0.959655006537968,0.9598213333308516,0.959635766264314,0.9595812421477499,0.9601402919991181,0.9605423183212625,0.9607830084242217,0.9609272895689941,0.9609495238517839
89,0.9927676330105409,0.9934927191086965,0.9919388745403978,0.999933870458385,0.9985780034540844,1.0005467542861046,1.0014837792251259,1.0030151572366717,1.003082911414786,0.9956040355459264,0.9954139674652286,0.9953191396137279,0.9950374299046694,0.9938404372877973,0.9886531019984568,0.9888755196643448,0.988804588540591,0.9888085601279089,0.9891446502866676,0.9891514942983701,0.9891417887251709,0.9891393223677286,0.9891835910776609,0.9891997146768174,0.9891885475820851,0.9891985119265946,0.9892264893353071,0.9892215501327817,0.9892445073834314,0.987754334120134,0.9876326655903284,0.98772771108542,0.9877421068020574,1.0048626653984578,1.0048626642220977,1.004862665622868,1.0048626695500704,1.0048626686369826,1.004862665225223,1.0048626633124076,1.004862640371896,1.0048626419562654,1.004862652323235,1.0048626422835882,1.0048626397251603,1.0048626359357113,1.0048626857592553,1.0048626840552448,1.004862682429682,1.004862682496603,1.0048626797222246,1.0048626769530007,1.0048626837656711,1.00486270164704,1.004862699220749,1.0048626967076102,1.004862694299732,1.0048627018920377,1.0048627047977865,1.0048627031896207,1.0048626939002745,1.0048626921447197,1.0048627472305034,1.0048627478907415,1.0048627540681565,1.004862753671988,1.0048627529395113,1.0048627541318942,1.0048627534620393,1.0048627527852245,1.0048627523528206,1.0048627497624945,1.0048626631361333,1.0048626597487467,1.0048626636719706,1.004862661550096,1.004862663163179,1.0048626540062113,1.0048626545726929,1.004862632053948,1.004862631385815,1.0048626302991952,1.0048626330591364,1.0048626333657042,1.0048626304983799,1.0048626288228761,1.0048626261721294,1.0048626211154512,1.004862619262447,1.0048626183659164,1.0048626155872062,1.0048626141810948,1.0048626527868456,1.0048626518125219,1.0048626489204682,1.0048626469127302,1.0048626482782093,1.0048626502824978,1.0048626650324808,1.0048626653599788,1.0048626642563085
90,0.971746149042545,0.972894759181804,0.9701763572752652,0.981278124436017,0.978820302357956,0.9802076497146165,0.9808567505119505,0.9832882660507312,0.9833577408397343,0.9756889664025291,0.975568048298685,0.9755015221433193,0.9753086877710614,0.9742064124211718,0.9683611013027655,0.9683188279089417,0.9683824354950981,0.9683845999758495,0.9690208468094091,0.9690348580623195,0.969021432567877,0.9690223423191995,0.9691094809662922,0.9691453567598669,0.9691221735613635,0.969095898535341,0.969136358560516,0.9691160443438729,0.9691602593205849,0.9629717881279111,0.9632859311531917,0.9632286812336756,0.9633184215378721,0.9672363843010853,0.9671378186843826,0.9671528181616952,0.9668771379547227,0.9668592209095987,0.9668752139245146,0.9669526028745574,0.9670260691955634,0.9670821111603488,0.9668751625391299,0.9638253622719583,0.9638381113559154,0.9638384707041896,0.9631447070494631,0.9631597464773168,0.9632731909746469,0.9634335518112479,0.963409053015577,0.9633949577131822,0.963268804847642,0.9634881625434838,0.9633986814202166,0.9633590435901834,0.9633247994326836,0.9633423524311885,0.9633694919195409,0.9633368360166222,0.9633343635958809,0.9633427025802422,0.9732121069099418,0.9734950421425822,0.9733851285970649,0.9733109167050918,0.9732695549508286,0.9730759175461292,0.9729229190914467,0.9728776490565505,0.9728399054984421,0.9725095870317896,0.9729710691955987,0.9729697383581212,0.9731087007549992,0.9730503481116373,0.972995025364957,0.9726812676630109,0.9727271683741858,0.9723134418588123,0.9723430991637413,0.9723793245261013,0.9723860276093133,0.9722531365578416,0.9722035881060155,0.9722200774336581,0.97283327039911,0.9730254355597442,0.973013686553241,0.9730374576781937,0.9730534826434599,0.9730380620838543,0.9748152310098477,0.974798308963566,0.9748158039474308,0.9748189686940141,0.9747422286676604,0.9747065483068595,0.9746088311628013,0.9745974776782619,0.9745970638349182
91,0.9602230995009584,0.9616316850601713,0.9581624909892325,0.97102102826626,0.9679331665623364,0.9688374602491255,0.9692416949832362,0.9716347036006877,0.971688152786352,0.9661970621392647,0.9661322137796796,0.9661022343267932,0.9659930344163274,0.9651468031372848,0.961068524610628,0.9610387175805163,0.9611310925025669,0.9611337346882093,0.9615955088302086,0.9616074084829193,0.9616029445563511,0.961603556284422,0.9616697400113546,0.9617000770135199,0.9616870846355197,0.9616705507476246,0.9616960192227464,0.9616833436199212,0.9617169625581589,0.9513941668959743,0.9513941063851631,0.9513940932839747,0.9513940943350225,0.9513941189836527,0.9513941188840118,0.9513941183942087,0.951394046363366,0.951394047589522,0.9513940474599295,0.9513940435729996,0.9513940459568851,0.9513940451904678,0.9513940553332109,0.9513939864549711,0.9513939864008555,0.9513939860202937,0.9513939824221884,0.9513939823060173,0.9513939834956848,0.9513939855671975,0.9513939848645919,0.9513939843163643,0.951393983505832,0.951393989020331,0.9513939876440928,0.9513939868484185,0.9513939861159816,0.951393987261134,0.9513939879773082,0.9513939873778122,0.9513939872185447,0.9513939871127702,0.9513940422394835,0.9513940458202513,0.9513940415165922,0.9513940407307738,0.9513940426513255,0.9513940389381261,0.9513940113856005,0.9513940109395143,0.9513940105785617,0.9513941043320479,0.951394092247836,0.9513940929714771,0.9513940918436253,0.9513940904084667,0.9513940892726525,0.9513940917176461,0.9513940919465795,0.9513940943901135,0.9513940947721921,0.9513940953509251,0.9513940943301843,0.9513940933313004,0.9513940944249197,0.9513940952065879,0.9513941164152988,0.9513941210126766,0.9513941219356035,0.9513941225603259,0.951394124072171,0.9513941247336348,0.9513941313398411,0.9513941322446606,0.9513941339730758,0.9513941352135147,0.9513941345202576,0.9513941337580565,0.9513941358862351,0.9513941358144965,0.9513941367440751
92,0.9271419139107695,0.928666370707047,0.924791037723193,0.9369656475966448,0.933734816536856,0.9334014380410017,0.9333093408196963,0.9355261732756479,0.9350684629837426,0.9352140644049084,0.9353384618519841,0.9354394790371627,0.9356345267019116,0.9398508169336989,0.9400460152087367,0.9399925167994297,0.9398994182671095,0.939912011903437,0.9209289432964084,0.9209341700227442,0.9209222297426185,0.9209118803757127,0.9209478155043135,0.9208612476594424,0.920852006817175,0.9208446109745236,0.92087575816551,0.9208691734302695,0.920884251778274,0.9203368953677793,0.9203428338829369,0.9202522162545398,0.9202790588377534,0.9202681671027295,0.9202307418750465,0.9203549775828618,0.9064853168563834,0.9064018194523404,0.9064687597086978,0.906828145516417,0.9068843407297559,0.9067225906720321,0.9058766231732857,0.9056935745835167,0.9056816143946211,0.9056811738111882,0.9065835231249864,0.9065665480057594,0.9064010073275814,0.9061767325988737,0.9062097165877945,0.9062301011149428,0.9063113857804913,0.9059320814479551,0.9060304594422879,0.9060777893497128,0.9061188906173833,0.9061378561993197,0.9060934586754624,0.9061339227781045,0.9061433869731417,0.906134025144158,0.9060413814958774,0.9057040302277338,0.905830945564169,0.9059224264042395,0.9034660288974706,0.9035916786250702,0.9036006934978493,0.9036345669454174,0.9036694410674456,0.9085688406058822,0.9082697285258681,0.9082619341088475,0.9080760168615515,0.9227220192910787,0.9227220226270387,0.9227220279976677,0.9227220281455071,0.9227220421461368,0.922722040424797,0.9227220381560939,0.9227220397457051,0.9227220449769709,0.9227220456537563,0.922722043983653,0.9227220365954301,0.9227220570699299,0.9227220555219955,0.9227220565786912,0.9227220723429193,0.9227220710275227,0.922722070452013,0.9227220690750937,0.9227220687884238,0.9227220681662921,0.9227220651569438,0.92272206373647,0.9227220675186896,0.9227220669429858,0.922722066322981
93,0.9129433554867965,0.9148543011903736,0.9097450081592748,0.9243820271526655,0.9215193119742028,0.9214058656816282,0.9217036173459218,0.92286309952407,0.9217813332640308,0.9218106453247888,0.9221217779083598,0.9223495037120234,0.9228207580607984,0.9322735141910665,0.9329544735293567,0.9329243842442767,0.9328759465646291,0.9328966180367387,0.8953798891127785,0.8953799036922155,0.8953799083593321,0.895379917646759,0.8953799244927397,0.8953799349641177,0.8953799463939115,0.895379944818932,0.8953799453529183,0.8953799519229501,0.895379953351875,0.8953799638978943,0.8953798042428711,0.8953797712720974,0.8953797728772372,0.8953797765818294,0.8953797760068982,0.8953797788114484,0.8953796913057299,0.8953796907196815,0.8953796941159069,0.8953797024712127,0.8953797069050448,0.8953795819315303,0.8953795623523438,0.8953795649807929,0.8953795652954583,0.895379565987331,0.8953795665205001,0.8953795667261569,0.8953795653782983,0.8953795629532229,0.895379563772832,0.8953795646736636,0.8953795649351649,0.8953795570363674,0.8953795581159668,0.8953795593750848,0.8953795603160979,0.8953795588986155,0.8953795577855566,0.895379558495798,0.8953795590675149,0.8953795596143466,0.8953795587695634,0.8953795542035681,0.8953795539353989,0.8953795548761837,0.8953795283205408,0.8953795316675188,0.895379531545327,0.8953795325844691,0.8953795331725338,0.8953795376865432,0.8953795330835576,0.8953795328879801,0.8953795293362111,0.8953795782306618,0.8953795782200465,0.8953795832682583,0.8953795885958945,0.8953795952132516,0.8953795951795636,0.8953795952076581,0.8953795943300922,0.8953795951067389,0.89537959641123,0.8953795962387973,0.8953795954235219,0.8953795999361687,0.895379600485619,0.8953796008855771,0.8953796228157747,0.8953796237513897,0.8953796243839993,0.8953796252533974,0.8953796261796376,0.8953796269071262,0.8953796280367005,0.8953796283369877,0.8953796280406987,0.8953796282433688,0.8953796286938547
94,1.0320413741109822,1.0461957637733361,1.0462727699993533,1.046887557137323,1.04690836942912,1.04694171007885,1.0470619036541287,1.047072296322789,1.0470408346240252,1.0470355414425097,1.052954882600306,1.0529806759607678,1.0529990416020094,1.0529618569958137,1.0529601706974447,1.052974998151437,1.0529926959221,1.0529977979617289,1.052999212321487,1.0530057847507568,1.0530437953770455,1.053047300572596,1.0530811302217709,1.0530864297234457,1.052999758589297,1.052983674935195,1.052982406860373,1.0529676979508655,1.0452660036130388,1.0452836308053142,1.0448158501906137,1.0447562025579422,1.0446839158128907,1.0447000696169082,1.0450438722120898,1.0450270245820499,1.044989671115692,1.045040883163301,1.0450285634372787,1.0449463049740049,1.0449415238963964,1.044877210900223,1.0451229988915014,1.0451614316908027,1.0451591293756017,1.0456174138147374,1.0449644245463034,1.0449637150342626,1.0450784636015318,1.0455299589169837,1.0455298438026823,1.0458586137631563,1.045786606096311,1.0458047568893647,1.0457710225358747,1.0457705039140834,1.045763507646467,1.0457101188415858,1.0457232645293888,1.0455001256300778,1.0455144397167941,1.0455452423996348,1.045575006037127,1.0456630635346729,1.0455654349775705,1.0455372430862668,1.0455170076794207,1.0453684620602952,1.0453989433800877,1.0453626894821935,1.0453432650922558,1.0453836205683185,1.0453649535039433,1.045368482672238,1.0454693918105162,1.045473795780618,1.0453827453383586,1.0451285426828163,1.0451725872368312,1.0447068919027998,1.044752028537528,1.0448390860948884,1.044803785140091,1.0446902335171917,1.0446572097819102,1.044694635660443,1.0447013100390123,1.0440085977770124,1.0440482663127184,1.043630493663525,1.0436254357295591,1.0514759760473351,1.0514820562909843,1.0515005043567571,1.0515061678484396,1.0515087492300286,1.051551481927286,1.0515887837646958,1.0515369297802304,1.05154294801132,1.051553148959347
95,1.03365359945071,1.0419463495544556,1.0418300705168124,1.0422981723914324,1.0422760453626208,1.0421822536695498,1.042150708105918,1.042145591979736,1.0420809777001476,1.0420752928246693,1.0699469508471884,1.0694785465418695,1.0692000703665177,1.0692020791551553,1.0691660088836985,1.0690973994965325,1.0689525256673125,1.0689196827824061,1.0689717108218746,1.0689353724825534,1.0679880147424008,1.0679652938601933,1.0673718350749366,1.0673463699408299,1.0650716118963797,1.0650874270045476,1.0651006638183476,1.065081612370834,1.0566293034160428,1.0566574903148063,1.056287008036703,1.056374690369861,1.0563133888096858,1.0563047103936472,1.055247095913463,1.0552564550714325,1.0552580937954819,1.055233670676205,1.055195533363796,1.0550798823977143,1.055055547791606,1.0550107162497826,1.0554407193632607,1.0555018637975149,1.055490622754313,1.0556196582309125,1.0554518119284237,1.055469415462956,1.0554888480171962,1.0545339090638093,1.054498740655645,1.051036919161955,1.0509685461093872,1.0513046016202372,1.051211047249198,1.0511601563586146,1.0511221127390042,1.0511339750270954,1.0511699025772236,1.0512728300596734,1.0512585059155064,1.0512544353239988,1.0512839358789272,1.0516035699493405,1.051501890958287,1.0514186154750742,1.0513553562083713,1.0511709204814892,1.0511952008924403,1.0511452145096734,1.0510953634474227,1.0511832453185397,1.0515326801874088,1.0515381767361998,1.0517690234483823,1.0517341549605987,1.0516724665724557,1.051175064301459,1.0512381035852967,1.0504898781352765,1.0505391507019284,1.0511527821578306,1.051168725763602,1.051048981267255,1.0509845173833097,1.0509922529774571,1.0509853968194167,1.0506080744507518,1.0506081666496487,1.0516508295579394,1.0516293149029503,1.0512672903406715,1.0512587329508787,1.051259063168912,1.0512366889241216,1.0512299673393315,1.0512566959002547,1.0512599230955142,1.0511950601168354,1.0512023915216777,1.0511961322177932
96,1.0359847113775196,1.040074495778847,1.0398478724617368,1.0410102228814127,1.040989332932211,1.0409301825555186,1.0410339959511816,1.0410263836336648,1.0409149463388774,1.0408941409391577,1.0589646766986494,1.0588599786944863,1.0586948147903232,1.0585654306925159,1.0585277960761885,1.058518309330697,1.058484782923288,1.0584707587983375,1.0585192678653876,1.0585086750853292,1.0593676244565908,1.0593562302119635,1.059374778672412,1.0593588026794691,1.0510248920266754,1.0510999157738503,1.0510381085196998,1.0510718546405284,1.051432228680305,1.0514648077412787,1.0506149282821335,1.0505389265301845,1.0504004850106015,1.0504237129711373,1.0536091312285796,1.053580508955969,1.0535049251582698,1.053605332883373,1.0535508299421708,1.053299136586535,1.0532689139773375,1.0530980943409505,1.053893521912297,1.054009080098098,1.0540071348654279,1.0539848667287541,1.053047482156693,1.0530586017346835,1.053225874417091,1.062775545637848,1.062750980423965,1.0621327417662447,1.0620715417157134,1.0622369581967186,1.0621795069982514,1.062154942485942,1.0621321464404183,1.0621242738790244,1.062111531005576,1.0619079637537265,1.061907730018238,1.0619152121476891,1.0619317521811957,1.062050140106824,1.0619827351548736,1.0619506024874608,1.0619267557902674,1.0618333503962283,1.0618477051746487,1.0617927813254875,1.061774254756473,1.0618079854581666,1.0618988666626015,1.0618994606584458,1.0619942083258,1.0619847514060103,1.061915695708348,1.061705418097672,1.0617333171552514,1.0614482191984531,1.0614701070102213,1.0614793912656229,1.061472417756552,1.0614045862747175,1.0613762278930894,1.061390328374278,1.0613914736415713,1.0610827763049635,1.0610965122554084,1.0515001275308034,1.0514791396757792,1.051514172909185,1.0515101781066027,1.0515307854577312,1.0515237694110904,1.0515178887418482,1.0516006625999195,1.0516586379651087,1.0515141700755455,1.0515300504963523,1.0515333788581107
97,1.0350543940577288,1.0356466937466113,1.0346459304572277,1.0343142586724137,1.0341624555655724,1.0338290631974616,1.0333221666736765,1.0332650079416068,1.0330984149975846,1.0330762306180807,1.0338725331538545,1.0322739593727028,1.0319791191391987,1.0320981245585774,1.0320987071395764,1.0320248759406736,1.0318428654683522,1.0318213572914987,1.031836958673984,1.0318070563668442,1.031783712143063,1.0317654671757408,1.0277954957425317,1.027785053778909,1.0265358422751063,1.0265119766089932,1.0265234477223024,1.026423320878269,1.0261157816919733,1.026118878259796,1.0263520077541077,1.026453143320434,1.0264835156294434,1.0264675664371792,1.0250834741076849,1.0251001375766535,1.0251281908455474,1.0250917793233836,1.0250867062911986,1.0250902893128506,1.0250851815117175,1.0251092764332566,1.0251540967181934,1.0251529252836493,1.0249652581237745,1.02499347465353,1.0253271777413908,1.025336135199279,1.0252901618302135,1.0246690230460014,1.024668816402552,1.0244848957634776,1.0245399141520868,1.0245605668150097,1.0245772901753234,1.0245738732011642,1.0245855183535568,1.0245977126317511,1.0251491091326048,1.0311147978363784,1.0311068643086436,1.0310993116967335,1.0311051957299786,1.031213848923464,1.0312171685480174,1.0311899068918928,1.031169196187885,1.0311300564176145,1.0311345017627018,1.0318010608010637,1.0317685976201798,1.03182711862493,1.0320746470310311,1.0320829770905804,1.0322491652187638,1.0322244718232731,1.0323354896946277,1.0319986158227952,1.0320409212177781,1.0315751524962142,1.0315958943422714,1.0316252051806012,1.0316333113504763,1.0315268401945938,1.03148236361902,1.0314909490486726,1.0314846666872333,1.031223966555451,1.0312197753468286,1.0316017344779667,1.0315947231480365,1.0315467547597663,1.0315416291406452,1.031535197345367,1.0309971994068106,1.0310000082077717,1.0309524478529615,1.0309163130436414,1.0309926567574728,1.0309830572827252,1.0309797343442988
98,1.0652511426090328,1.0655342614162988,1.0643637608924954,1.0634204193651302,1.0632303276080242,1.062796250408824,1.0624021282517853,1.0623271721187164,1.0620293812596535,1.0619867118126218,1.061857144517579,1.0575202297872726,1.0573092568513236,1.0580980542113916,1.0582541414399735,1.0581177076931512,1.0578224684847368,1.057827813204265,1.0576769933391743,1.057656723769121,1.066597839550053,1.0665827268500212,1.054828539910738,1.054812929083219,1.0550542690784601,1.055164755921565,1.055117150257234,1.0552106138418513,1.055240775452712,1.0552708072002623,1.0543725731216274,1.0543113416406518,1.0541577379599567,1.0541772878956197,1.0591665720796855,1.0591849700353162,1.059237258729113,1.0592232042969525,1.0592705918010312,1.0594936240170376,1.0595212738736266,1.0596619186011318,1.0589236518612528,1.0588261356919626,1.059691518536061,1.0596915443927304,1.060132346606558,1.0601331121777673,1.0599594920788435,1.0588067193009683,1.0588209710163423,1.0588283941097723,1.0588829947171032,1.0586932802373183,1.0587491335925887,1.0587732660749265,1.0587861961623777,1.0588260381667958,1.0478074146931375,1.0479712366363854,1.0479824132285225,1.0479631100669964,1.047887485067633,1.047293129103478,1.047467227493648,1.0476288560447855,1.0477514753847124,1.0481918402879327,1.0481220295445217,1.057113483920589,1.0571792368566748,1.0570597288566421,1.0566831930478666,1.0566734477056168,1.0563742789287027,1.0564081640201588,1.0566302131558598,1.0572655131811775,1.0571771330878628,1.0582238498871386,1.0581490141729868,1.058055199408441,1.0580641613172654,1.05833540544265,1.0584463463167588,1.058401640311801,1.0584069933032945,1.0596796697229072,1.0596406475992737,1.0597834033140916,1.0598296764730992,1.0597774191791438,1.0597868753847688,1.0597433741078148,1.0597034240324907,1.0597165699506927,1.0595317982927375,1.0594428472479687,1.0597674679450082,1.0597328904677976,1.0597272961852622
99,1.0735797485133909,1.0729617167999141,1.073055503433097,1.0636322119688806,1.0634417111183638,1.0626379715861882,1.06053903958291,1.0605066238933765,1.0605769332551247,1.060676774334328,1.0594815051890276,1.040661788105295,1.0406617870848534,1.0406617927419053,1.040661797312815,1.0406618010917175,1.0406617790521828,1.0406617833626948,1.0406617806917737,1.040661784376906,1.0406617969486107,1.0406617995196212,1.040661673641523,1.040661673690663,1.0406616707483296,1.0406616603364063,1.0406616615489743,1.0406617192356236,1.0406617158512017,1.0406617171737067,1.0406617100275837,1.040661708231741,1.0406617095331459,1.0406617099190194,1.0406616976975243,1.0406616978823606,1.04066169770652,1.040661583269782,1.0406615815430647,1.0406615813818116,1.0406615796673162,1.0406615814292464,1.0406615878039684,1.0406615875430218,1.0406616311018555,1.0406616305513603,1.0406616644452795,1.04066166461085,1.040661662111158,1.0406616591673268,1.0406616589721367,1.0406616578732375,1.0406616589293696,1.0406616612785942,1.0406616611900181,1.0406616609222392,1.0406616613431205,1.040661660933228,1.0406616141420904,1.0406616166322236,1.0406616155561192,1.04066161474438,1.0406616147606254,1.0406616219222191,1.0406616355780085,1.040661633514549,1.0406616318859025,1.0406616289694994,1.0406616290342237,1.0406616232817292,1.0406616218842353,1.040661623887437,1.0406616357907421,1.0406616358627747,1.0406616404723241,1.0406616395540422,1.0406615015477876,1.0406615039290974,1.040661503043848,1.0406615068108156,1.0406615047686796,1.0406615028586084,1.0406615051576262,1.0406615083982276,1.040661514936823,1.0406615131806294,1.040661512813918,1.040661518737596,1.0406615170443596,1.0406615184407129,1.0406615166896465,1.0406615148442917,1.0406615133032897,1.040661511672829,1.0406615096151852,1.0406615081339257,1.040661507054917,1.0406615008920732,1.0406614997522354,1.0406614994615289,1.0406614981128197
100,1.0829427166368752,1.0819773866435507,1.0837778819774377,1.0771924017547465,1.0771357617972728,1.0766418869947583,1.0761425882702809,1.0761418560882245,1.0762837006138242,1.0763681429186984,1.0754530209423139,1.0654423720117447,1.067220417924727,1.0670680608641554,1.067044260805635,1.06705393327536,1.0669039737665902,1.0668996823856596,1.066937136746979,1.0669576107773187,1.0666441642626237,1.0666434495027732,1.0667532136283917,1.0667605512630374,1.066801773187941,1.0667424094924574,1.0667599927825535,1.0737960546259946,1.0738161398417916,1.0738055403855318,1.07429919602955,1.0743507361887914,1.0744334084329938,1.0744202861074061,1.0741418957708,1.0741542901504224,1.0741807072933087,1.0554578383899424,1.0553895546020704,1.0551033463443482,1.0550640353560496,1.054879795881285,1.0557704988264414,1.055904894974714,1.0582650734783676,1.058263485704667,1.058351243752261,1.0583643032853025,1.0583379456557107,1.0584704323024527,1.0584533804976617,1.058450961480833,1.0583875914728003,1.0585548128852253,1.0584983274286819,1.058472018311951,1.0584370141484232,1.0584513918149887,1.058717002872393,1.0586452485479816,1.0586417695677985,1.0586471207188308,1.0586674327190677,1.0588237595118926,1.0594027579051906,1.0593870637156881,1.0593726855516505,1.0592986315335078,1.0593086926494377,1.0592777522921348,1.0592598253920935,1.0592906789183116,1.0593529410345068,1.0593469387381573,1.0593679470659536,1.0593665287232428,1.0340372425380644,1.0337420547991651,1.033785744545722,1.0332562644271484,1.0332697886381381,1.0333173583751722,1.0333161463597498,1.0331726725514963,1.032324125780456,1.0323538798254102,1.0323501875930392,1.0315275094155836,1.0315492993339486,1.0315068671576502,1.0314775047092324,1.03150239263136,1.0314955588687447,1.0315200622383924,1.0314912082014822,1.031482927665069,1.0315869629784846,1.0317952477109653,1.0316044683986798,1.031624922454092,1.0316273293196319
101,1.0500028428287271,1.0500028461284554,1.0500028760531281,1.0500029553337347,1.0500029733634535,1.0500029815228273,1.0500029082198055,1.050002918013514,1.0500029235643056,1.0500029324361355,1.0500029316962247,1.0500028846527096,1.0500029461981195,1.0500029503337587,1.0500029566967106,1.0500029636995019,1.0500029323055728,1.050002939182939,1.0500029348154472,1.0500029350599427,1.0500029279953385,1.0500029315540569,1.0500029363875585,1.0500029419816284,1.050002946390508,1.050003007007149,1.0500030076623141,1.0500030887161953,1.0500030878180744,1.0500030956267017,1.0500029958993,1.0500029706727414,1.0500029723597133,1.0500029760760357,1.0500029744989976,1.0500029731279996,1.0500029677640248,1.0500028488526816,1.050002850656526,1.0500028519904332,1.0500028537874007,1.0500028537961872,1.0500028597422753,1.0500028596492563,1.050002854634786,1.0500028563545765,1.050002587511113,1.0500025870349066,1.0500025771259776,1.0500025663216344,1.0500025641179043,1.0500025611626314,1.0500025718701982,1.050002583464198,1.0500025845075533,1.0500025831680195,1.050002581791025,1.0500025899553642,1.050002594551211,1.0500025946042624,1.0500025921485583,1.0500025894671174,1.0500025861119076,1.0500025773429376,1.0500024866974031,1.0500024860142625,1.050002485199073,1.0500024959208125,1.0500024913974402,1.0500024897549753,1.050002489092314,1.0500024869005073,1.050002513615007,1.0500025110784599,1.0500025061719735,1.050002504022238,1.0500025236078905,1.0500025158742827,1.0500025118958503,1.0500025511266367,1.0500026144708063,1.050002610023517,1.0500026122670223,1.050002623137664,1.0500026290088884,1.0500026261709692,1.0500026260425468,1.0500026679757697,1.0500026657023651,1.0500026684394292,1.0500026688144624,1.0500026663283637,1.0500026656648778,1.0500026632421084,1.050002663523191,1.050002662992244,1.0500026565555258,1.0500025311225443,1.0500025410413156,1.0500025393001426,1.0500025374096198
102,1.0368903667753966,1.0368164757699958,1.0372048013808226,1.0627829738105934,1.0626901338881896,1.0633654169967786,1.0464527846612468,1.0463852697459362,1.0460454454564891,1.0460426743668578,1.0460948407993054,1.0459404472022642,1.0474479115222832,1.0475659359922613,1.0475420518971303,1.0474127332810972,1.0474472350749386,1.0474363810510667,1.047374692712244,1.0463792775323104,1.0463518375654395,1.0463501125981367,1.0463352903280116,1.046330632047555,1.0463381051577338,1.0490429393138037,1.049015263644682,1.0489819610578521,1.0489578593314977,1.0489754486974907,1.0485837158961988,1.0485844542349945,1.0485534894249686,1.048557791989597,1.048573245709528,1.048570658265684,1.0485590318289597,1.0487281738817884,1.0487195605352895,1.048685041752464,1.0486794273155018,1.0486533255423833,1.0471459360564406,1.0471083164673465,1.0470732719116074,1.0470728605996817,1.034623029031158,1.0348158837468162,1.0349990687680921,1.035304328164353,1.0352575467815055,1.035226168918933,1.0350827375339429,1.0356074473531147,1.0354432615543354,1.0353648072514672,1.0352099051458137,1.0351188036526309,1.035198120776043,1.0351450346513045,1.0351316844620169,1.0351412149778343,1.0351993933840478,1.035617497853226,1.035535299749133,1.0353492038914358,1.0352084337621645,1.0347259453586284,1.0347961581281562,1.0346624623012701,1.034549931952998,1.0347534571217873,1.035427812643149,1.0354403525160456,1.0359641297215956,1.0358999536056681,1.035812788412291,1.0251768770850502,1.0251335266261212,1.0255829765491236,1.0282930606366165,1.0282219203960243,1.0282293567998952,1.0284279361955626,1.0285259894513257,1.0284942371268893,1.028496570315554,1.029251860603098,1.0292292967048855,1.0292786525572113,1.0293044622749554,1.0292761851936951,1.0292814270744775,1.0292565501624131,1.0292816286587967,1.0292887860641882,1.0291881833695944,1.029055886648514,1.0292336176027195,1.0291914333537489,1.0291876076814996
103,1.013121575132762,1.0131999811413037,1.0133621167661735,1.0539867688663729,1.0541826848945783,1.0603580525706657,1.0154907326747793,1.0154853090967368,1.0155185874990782,1.0155831823875892,1.0155520340590367,1.0156208305080032,1.0156150734742566,1.0155049712468316,1.0155009661667629,1.0154897220265915,1.0192086175927868,1.0191757294827108,1.0191324296228994,1.019072786486869,1.0190854548157517,1.0190853247812524,1.0190757571933995,1.0190710671000733,1.0190932433436228,1.020077837603298,1.0200742489095813,1.0200756211862811,1.0200865698023576,1.0200776369215068,0.9973572048855608,0.9963403778266661,0.9965204253878908,0.9965100535417134,0.9963595046064033,0.9963736654311387,0.9964181265077163,0.9964026236339415,0.9964603711336071,0.9967165292026159,0.9967559229811207,0.9969367426450352,0.9911214722930682,0.9911635182795768,0.9911773800211927,0.9911772136688104,0.9911289856124248,0.9911745406709984,0.9912005370665437,0.9912469157479431,0.9912404970362583,0.9912409323954544,0.9913446043333194,0.990600855003247,0.9906244181551574,0.9906383719545244,0.9908118736188803,1.0037458972875972,1.0037452526618218,1.0037218963959096,1.0037202537614918,1.003726623419893,1.0037456995667278,1.0033694165694313,1.0032759178389465,1.0032388251163307,1.0032099995586246,1.0028440429267154,1.0028607513133303,1.0028330214196075,1.0028062796661976,1.0028542819633108,1.0029798565742287,1.00295327183483,1.0035133327626329,1.0035024972361342,1.0034406241143452,1.0033972193332552,1.003427714732155,1.0031390931256663,1.0031540852752014,1.0031794298137746,1.0027407355771316,1.002667383764488,1.0026360208886733,1.0026466061485264,1.0026496919554035,1.0164612190491737,1.0164290419511965,1.0164930354253516,1.016537084874857,1.016499348637533,1.0165095215572504,1.0164729327891746,1.0165159923316083,1.0165272470906084,1.0163746025856355,1.016312590983487,1.0165818480521887,1.016346671313753,1.0163437066175902
104,1.0083757309385166,1.0087499437884633,1.0085365534068573,1.053558514544546,1.0537908011122343,1.0633966895009974,1.029030352858779,1.029067739577249,1.02935478575465,1.029660218550303,1.029478740455495,1.0295042138329231,1.0290685796506744,1.0285614865976822,1.0284911945430624,1.028467326379421,1.03962720503836,1.0393933983535126,1.0394865598016807,1.0394917750007244,1.0394620010492028,1.039466284532784,1.0395983926848118,1.0396183070718028,1.039593400271579,1.040507976288766,1.040581432193695,1.0405480683617063,1.0406303958918697,1.0405560383680243,0.9934395363227375,0.9837384327451997,0.9833605504805145,0.983418577338991,0.9837610470957915,0.9837143158617822,0.9835641568400629,0.9837308914887102,0.9836107961093025,0.9830021374916075,0.9829436034049122,0.9826640918356673,0.984231984700751,0.984536618994282,0.9845834009623952,0.9845835213153513,0.9824815484492747,0.9826384042585902,0.9829499530860409,0.9834047806486255,0.9833371051050572,0.9832993706013424,0.9838603724941475,0.97702697541117,0.977052127355279,0.9770672052166461,0.9769069910308495,1.0461572766057774,1.0461572898211864,1.0461572829123569,1.0461572733037416,1.0461572653014266,1.0461572591292916,1.0461572673672117,1.0461573102865511,1.046157305146313,1.046157300377862,1.0461573050978603,1.0461572970165995,1.046157290478452,1.0461572860337878,1.0461572865282152,1.0461573559889803,1.0461573492768448,1.0461572469888276,1.0461572407930644,1.046157254270464,1.0461572635282455,1.046157259492034,1.0461572840833318,1.0461572787172218,1.046157271265789,1.0461572903514187,1.0461573024843043,1.0461572987253134,1.0461572921116093,1.046157291301746,1.0461573992810282,1.0461573936896718,1.0461573940730096,1.0461573890487237,1.046157384302343,1.0461573795245764,1.0461573740610763,1.046157368681414,1.046157363898754,1.0461573590482702,1.0461573581766783,1.0461573574050544,1.0461573537489075,1.0461573497661576
105,0.9828789280745457,0.983106043143767,0.9827692068420618,0.9980303712213668,0.998089583747509,1.0054809583239694,0.9961829346741274,0.9961572162271464,0.9961245647963591,0.9963591356679651,0.9963309404564997,0.9962690319962784,0.9960514602335784,0.9960953665649458,0.9961525613966201,0.9963119695279654,0.9981563339277345,0.9978425636557908,0.997933232228121,0.9979455400007506,0.9979129799679606,0.9979121632089131,0.9979826385071014,0.9979949632481517,0.9979649396159261,0.9979420062093008,0.9979906978639388,0.9979714833426526,0.9980066683461383,0.9979789775334389,0.9954582841132101,0.9677508204301218,0.9673058323140677,0.9672971763786606,0.9676843496020733,0.9676426019956132,0.9674971630666251,0.967642322238663,0.9674997162605421,0.9676635652603611,0.9675765926457423,0.9671032112237539,0.9696876792914393,0.9700649682476405,0.9701030314134435,0.9701035663660793,0.9676468112226889,0.9676981746103891,0.9681103210010341,0.968696369730213,0.9686080881606762,0.9685484081713488,0.9552149823763465,0.9577197404200765,0.9577855901926908,0.9578135976013096,0.9578409250393884,0.957057275198649,0.9570256645093896,0.9570660354219654,0.9570712581589453,0.9570585159722342,0.9570098665564162,0.9566252472015043,0.9567545646397084,0.9568333662567474,0.9568952666531712,0.9777009411704509,0.9777366656955785,0.9776709433072943,0.9776137704189091,0.9777176274981972,0.9785143998354039,0.978475279211175,0.9788415927815108,0.9788070485119635,0.9786921600033395,0.9780030432752533,0.9780988684981207,0.9759703354677215,0.9760552719271869,0.9761585667725199,0.9759105728226051,0.9753984433443952,0.9752390901720173,0.97529367380637,0.9752891911966431,0.9736550383725123,0.9737297581342065,0.9735973788015834,0.9735200416607523,0.9735982483053862,0.9735822613441035,0.9736535819353161,0.9735778244371983,0.9735536343673493,0.973840591327741,0.9740210922801926,0.9735196999758,0.9735771006534998,0.973587846534642
106,0.9889077583691319,0.9885088267718662,0.990161231657247,0.9937315955386182,0.9939301492502459,0.9989326381157765,0.9986401938881535,0.9986343641882865,0.9991899837939084,0.999170923137961,0.9988686062621516,0.9987727689424389,0.9983604486147638,0.9972024888084776,0.9972962040458648,0.9982602270377484,0.9985132650422242,0.9984722143341739,0.9987032878786752,0.998739497244366,0.9986718481761994,0.9986813338221239,0.9989407785483495,0.9989897697085042,0.9988963776027519,0.9987468402796695,0.9988843018810072,0.9987972555786434,0.9989245761023545,0.9988280145442883,0.9999738170808005,0.9906697100161417,0.9909025273062928,0.9906481481582037,0.9904436007951262,0.9904621499217281,0.9904635101294599,0.9903987516577244,0.9904713119559813,0.9949241346637866,0.994972577833158,0.9950115374666729,0.994748030750191,0.9947356589112264,0.9947415187477496,0.9947410277895276,0.9948000154036195,0.9947984488740661,0.9947624153558121,0.9947258128043911,0.9947294012342979,0.9947355517724843,0.974382161075718,0.9753937554656767,0.9752444391641021,0.9751747338385206,0.9751077955484494,0.9751413788594776,0.9751908587183568,0.9751301905215869,0.9751626465764813,0.9751772010338775,0.9752541902870612,0.9757284201184481,0.975536277226285,0.9754116940144758,0.9753101240971492,0.974272349241042,0.9743322621164102,0.9742267410916332,0.9741325613719156,0.9743128679655044,0.9693270698084746,0.970065836604204,0.9698616382454411,0.9698858959545046,0.9699426629803541,0.9702716720333502,0.9702377303665147,0.9865354641838213,0.9867376540853756,0.9869802434897902,0.9869740530939489,0.9860816820796371,0.9857313398212247,0.9858547501192517,0.9858599399228212,0.9820624055997688,0.9821842763284552,0.981930009201789,0.9817745864498378,0.9819256411537473,0.9818918694564347,0.9820311752704933,0.981879319391084,0.9818329241354604,0.9822912936764828,0.9826234005448709,0.9815732753452511,0.981684522116498,0.9817034134087115
107,1.02026366812021,1.020263637578714,1.0202636126555653,1.0202636931851294,1.020263671016464,1.0202637085488382,1.0202637245139434,1.0202637147145919,1.020263714226614,1.020263665453014,1.0202636536941223,1.0202636396080005,1.0202636221351344,1.0202635890107266,1.020263564542012,1.0202635780438531,1.020263609565783,1.0202635970285838,1.0202636103072884,1.0202635993741307,1.020263594620054,1.020263587687247,1.0202635880505242,1.0202635783720329,1.0202635675278167,1.0202635656160735,1.020263565912591,1.020263558773396,1.020263560780541,1.020263548494131,1.020263701813491,1.0202637032996518,1.0202637041886746,1.0202637424537722,1.020263739622746,1.0202637409958506,1.0202637450832122,1.0202637436018251,1.0202637410920845,1.0202637885755206,1.0202637803597925,1.0202637839781263,1.0202637746582528,1.0202637756437545,1.02026377371428,1.0202637712306555,1.020263819277577,1.0202638180575088,1.0202638144298082,1.0202638105937138,1.0202638095270078,1.0202638083192002,1.0202637711162257,1.020263784003068,1.0202637831592722,1.0202637816388291,1.0202637799954601,1.020263787381085,1.0202637893127104,1.020263788352351,1.0202637835056256,1.0202637820109712,1.0202637776366144,1.020263777684554,1.0202637867202546,1.0202637863478174,1.0202637857254282,1.0202637799077967,1.020263778251159,1.0202637774265435,1.0202637769045073,1.0202637768814693,1.0202632651907932,1.0202632643975236,1.0202632565392025,1.0202632508475307,1.0202632653917296,1.0202632830011902,1.020263277629312,1.020263542194266,1.020263536371924,1.0202635286831516,1.020263533699969,1.020263551822242,1.0202635544040684,1.0202635489597198,1.020263548991088,1.02026361405623,1.0202636095066704,1.020263612519009,1.0202636114826602,1.0202636071198887,1.0202636043176847,1.020263599609207,1.0202635983694428,1.0202635961331041,1.0202635851842257,1.0202635808320728,1.0202635885222107,1.0202635866007028,1.020263584142256
108,0.9960679087200283,0.9963422185136708,0.9958504008541258,0.9998799517184483,0.9988574417684755,1.0000600481146549,1.0006828126617844,1.0022400384070682,1.002408159470436,0.9970241320744144,0.9968121699991895,0.9967012726191153,0.9963862444592426,0.9950835101163489,0.9892687073785964,0.9894492859417415,0.9894008538987022,0.989405223129361,0.9896773813522586,0.9896841674643402,0.9896760214249563,0.9896746193287148,0.9897174115795945,0.9897318017958523,0.9897219591592306,0.9897286936976152,0.9897527281396574,0.9897475417409184,0.9897696373229284,0.9887422255081284,0.9886703813298265,0.9888432324384936,0.9888485367071049,1.0005834387524295,1.0006614181818188,1.000649856476796,1.0006365143925728,1.0006685024738482,1.0006394310527191,1.000424667889556,1.0002765353004923,1.0001908679284268,1.0005294724928584,1.0007519494103871,1.0007586529532062,1.000758845616661,1.000360369050018,1.0003701280477062,1.0004434631986345,1.0005402521147797,1.0005261579362443,1.0005186924959457,1.0007578394679926,1.0008433886701198,1.0008044209153346,1.0007875130601622,1.0007707418464658,1.0007883369748258,1.0007985485379522,1.0007828361266873,0.9999168878354088,0.9999230662452185,1.000380265358291,1.0004711030385671,1.0004299068582696,1.0004051962373568,1.0003763757504083,1.0002384219377172,1.0002668716450214,1.0002476292639804,1.0002274761644774,1.0002730825125365,0.994927874379883,0.9947955276736669,0.9953488282422451,0.9952877410856428,0.9950746910917943,0.9937121202906373,0.9939174764119966,0.9902625724809867,0.9904652094908893,0.9907080643094297,0.9906968770885565,0.9899554602866517,0.9896068232396389,0.9897297138174322,0.9896981940971591,0.9857071884702203,0.9858412254234576,0.9855645790052522,0.9853935775976339,0.9855584680145241,0.9852763136607315,0.9854289995849722,0.9852612304195894,0.9852085538193085,0.985768646720499,0.986125147543773,0.9858199185229577,0.9859402640261861,0.9859608755426431
109,0.974723182444784,0.9753656341054581,0.9738898665887809,0.9806966575460611,0.9786315142528255,0.9794745313020645,0.9798158112897123,0.9828378879167962,0.9830580782316923,0.9767174213823994,0.9765286776047537,0.9764185102754421,0.9761231080300072,0.9746491254302374,0.966437284502232,0.9664330393619037,0.9665199702435653,0.9665212543739703,0.9670528338136835,0.9670694154635904,0.9670493521841504,0.9670505886051882,0.9671593791472196,0.9671988698411443,0.9671667456403104,0.9671250066758866,0.9671796153187213,0.9671510428778033,0.9672057883617402,0.9625515135066582,0.9632178777927372,0.9631512995490299,0.9633083369632003,0.9689148808511406,0.968676121866441,0.9687068736402512,0.9677479097592313,0.9676817111448228,0.9677441810259098,0.9680287777997738,0.9681764957421042,0.9683797321981356,0.9674747290566924,0.9618755302001867,0.9618883079570191,0.9618887958473997,0.9612552319794435,0.9612681099835746,0.9613690158208419,0.9615124416788183,0.9614902060110498,0.9614795163948582,0.9613534434050501,0.9615280570311712,0.9614443387853987,0.9614104981544498,0.9613791254679128,0.9614059992013525,0.961426568338334,0.9613960737074432,0.9613306638766064,0.9613413644889025,0.9798446753881909,0.9798446802871672,0.9798446909675755,0.979844689184852,0.9798446878881181,0.979844689030806,0.979844687779584,0.9798446857631307,0.9798446843096744,0.9798446897652022,0.9798447189147581,0.9798447170111375,0.9798447163802817,0.979844714410173,0.9798447169722104,0.9798447178959202,0.9798447173856222,0.9798447223881696,0.9798447214212767,0.9798447200499808,0.9798447217557807,0.979844724119478,0.9798447232495011,0.9798447219510176,0.9798447351906182,0.9798447459924503,0.9798447447585685,0.97984474506049,0.9798447442392848,0.9798447431509928,0.9798447652366715,0.9798447641513978,0.9798447635878906,0.9798447628407834,0.9798447609882229,0.9798447602743668,0.9798447572908227,0.979844756956977,0.9798447563228526
110,0.9457395425324183,0.9468606118138932,0.9440952446647515,0.9538266362930763,0.9505936609064195,0.9504079786715296,0.9501817052091056,0.9536232269275501,0.9537136560676777,0.9521073234342965,0.9520697127488486,0.9520604319602103,0.9519941726135891,0.951927568424656,0.9497091696015804,0.9496915160642457,0.9497214930272412,0.949723556675909,0.9463323802901321,0.9463386810665995,0.9463318010422225,0.9463215923624015,0.9463569849567425,0.9463383754917816,0.9463318538609773,0.946338324917524,0.9463752565380457,0.946373044450815,0.9463893411009415,0.9425222038916062,0.9418394882368695,0.9417047034851866,0.9415987395029775,0.9416213812967159,0.941694957382385,0.9417565192913143,0.9263088068424904,0.9264071377002029,0.9263134773755511,0.9259310098621639,0.9259047953373427,0.925848346794928,0.9272003509626859,0.9236575177722496,0.9236689697740389,0.923669301638671,0.9230380924073855,0.9230514204594276,0.9231536798234898,0.9232989289067064,0.9232780319452373,0.9232648553255788,0.9231647857905226,0.923367924205127,0.9232881010648613,0.9232500553750553,0.9232205642437474,0.9232302000082024,0.9232549769357247,0.9232266175416705,0.9232261091395504,0.9232312769828701,0.9235022653608475,0.9237246572874964,0.9236329040100761,0.9235760519195586,0.9237490198675353,0.923543854551653,0.9230468029044351,0.9229902832248886,0.9229459570354983,0.9547021427003028,0.9547021813496996,0.9547021785162224,0.9547021810635529,0.9547022001907624,0.9547022036491133,0.9547021968258365,0.954702196421998,0.9547021891397414,0.9547021881966555,0.9547021866822468,0.9547021900156875,0.9547021913942757,0.9547021878030735,0.9547021856827611,0.9547022478212781,0.9547022226748205,0.9547022214094575,0.9547022190541687,0.9547022148311649,0.9547022141867039,0.9547022109720795,0.9547022099521978,0.9547022058903896,0.9547022032357094,0.9547022070748,0.9547022101030336,0.954702199131566,0.9547021998951357,0.9547021983193245
111,0.9247062294537463,0.9259956968449138,0.9228210673010881,0.9329856939759387,0.9301097658503276,0.9297114019629046,0.9295601614676495,0.9323141534135483,0.931825403479884,0.9320120762406469,0.9321417420090127,0.9322487030531743,0.9324530620317205,0.9372251403299431,0.9375229707704642,0.9374603348982716,0.93734591641804,0.9373592470694937,0.9164356593817463,0.9164469773624795,0.9164173613114809,0.9164026501868683,0.9164875786397833,0.9163346998906413,0.9163075163253867,0.9162639764953046,0.9163291313525649,0.9163044769409467,0.9163420995920121,0.9158200632959583,0.9161559400402136,0.9160520294652081,0.9161175313715038,0.9161146770812456,0.9160356612661911,0.9162160667698893,0.8990095391249007,0.8989242726194695,0.8989839385264513,0.8993562500501769,0.8994134724401837,0.8983160812535486,0.8974753209794307,0.8975168448548366,0.8975069060385652,0.8975066270557085,0.8983231550262833,0.8983070829345841,0.8981503793744879,0.8979424178893683,0.8979729833445317,0.8979921513852258,0.898063490168919,0.8977106194677554,0.8977935743080654,0.8978350193105851,0.8978724959325182,0.8978909147583546,0.8978495440618944,0.8978862688360014,0.8978951036486512,0.8978868581581109,0.897808243958125,0.897510815496236,0.8976189019458166,0.8976996151604639,0.8931018142820533,0.8932187610238591,0.8932341006203507,0.8932670531240623,0.8933024416780326,0.8968541233316889,0.8964512750324143,0.8964415975803969,0.8961906156765858,0.9054447584359798,0.9055321090455004,0.9060747243624045,0.9063468257377257,0.9074866086752484,0.9074002115300747,0.9072956936226655,0.9073034241370386,0.907611576278967,0.9077588627661635,0.9077086044888291,0.9073862933332928,0.9089722527679243,0.9089209472542727,0.9090265821649883,0.9103565776547546,0.9103062921976585,0.9103196311827537,0.9102736010863189,0.910325505307866,0.9103378772454851,0.9101452531955406,0.9100350624814958,0.9103735333361436,0.9103364585070827,0.9103339035582002
112,0.9097487344805794,0.9109781763377572,0.9080992550801877,0.9171312763769226,0.9150530443139503,0.9147691510950487,0.9148211801743773,0.9168170827976285,0.9159774147203681,0.9161743530407197,0.9163923645000926,0.9165588557719933,0.9168917958562506,0.9257230269961544,0.9263059043794827,0.9262516834047791,0.9261418202289012,0.926156147200469,0.9025392503519658,0.9025395511083292,0.9025338294306634,0.9025135618387382,0.9025134768921984,0.9021775315948116,0.9021876103498389,0.9022113405706663,0.9022011496779903,0.9022111398014654,0.9022091639224956,0.9021481565208108,0.9018453111855957,0.9017483202407012,0.9016459080602499,0.9016753242365882,0.9017056789274144,0.9020629482397804,0.8951450138213718,0.895186768385858,0.895080737979001,0.8949622873765307,0.8949505914910444,0.8852208774380087,0.8852672848419569,0.8855621172355301,0.8855680402956834,0.885568703420085,0.8854065706957202,0.8854079909936997,0.8854136539701527,0.8854354470683958,0.8854307852940582,0.8854305008725559,0.8853974729638995,0.8854144875117875,0.885361319487671,0.8853488543040517,0.8853425698955291,0.8853487020546846,0.8853501399616773,0.8853430732146985,0.885343500361333,0.8853492598071633,0.8853541138754615,0.8854306704152418,0.8853866387098545,0.8853617357266291,0.8789833539255711,0.8790635414651939,0.8790770007800406,0.8791039822471194,0.8791299483215278,0.8793858021684937,0.8791469057258319,0.8791372730737405,0.8790094066751221,0.8801984392835696,0.8802893950153599,0.8808970937695353,0.8849149254472639,0.8865794336172902,0.8864536289734172,0.886301418895887,0.8863123922360152,0.8867616808994194,0.8869769097709661,0.8869268991162663,0.886758903972195,0.8892139475130738,0.8891341471258399,0.8892987436008455,0.8972915175458454,0.8972915159457091,0.897291515546377,0.8972915138242259,0.8972915140377348,0.8972915134155451,0.8972915090175247,0.897291506767903,0.8972915131694225,0.8972915123056716,0.8972915117695948
113,0.8927321256693467,0.8942629651804054,0.8906497198293403,0.9012072356402128,0.8996649509177145,0.8995623171289828,0.8999597864918731,0.900533985015007,0.899178617797403,0.8991069573358501,0.8994662691147454,0.8997193033830169,0.9002489164045309,0.9152858423399103,0.9156895351973079,0.9156630705857797,0.9156067595907429,0.9156187739133709,0.9020444198877411,0.902037539595524,0.9020653035581762,0.9020568297024283,0.901986359445697,0.9017693619469614,0.901809970144935,0.9018849854559319,0.9018022547011311,0.9018390203505122,0.9018071201492306,0.9018706580737669,0.900939716091233,0.9008589766702714,0.900565258874702,0.9005987402844768,0.9007547065377997,0.9009861487591524,0.8996685132882594,0.8997663328086943,0.8996901785828871,0.8993478779914112,0.899302245669463,0.8696534234971425,0.8696534065944902,0.8696534090236219,0.8696534137712634,0.8696534202456911,0.8696533206745091,0.8696533238170957,0.8696533290007082,0.8696533323432044,0.869653336327935,0.8696533406058727,0.8696533318795812,0.869653304509654,0.8696533061667598,0.8696533095277662,0.8696533128396297,0.8696533012325238,0.8696532967546721,0.8696532988327031,0.8696533021634476,0.869653305195979,0.86965330775387,0.8696533052339125,0.8696532893241758,0.8696532904900569,0.869653272762147,0.8696532683830588,0.8696532711224927,0.8696532729625223,0.8696532740442459,0.8696532727855089,0.8696532515488142,0.8696532531986044,0.8696532544251204,0.8696532548755547,0.8696532512882649,0.8696532487515317,0.869653292501395,0.869653278162189,0.8696532804394808,0.8696532835004365,0.8696532808627537,0.869653274137797,0.8696532742238341,0.8696532815130998,0.869653281460896,0.869653264966581,0.8696532671503499,0.8696532666814089,0.8696532855035768,0.869653287840418,0.8696532896390491,0.8696532925399889,0.8696532942420805,0.8696532953743304,0.8696532989653737,0.8696533003308414,0.869653297724098,0.869653298458901,0.8696532999873667
114,0.8708269692594228,0.8727884419568187,0.8676690568593024,0.8810105052596626,0.8797092040017143,0.8796744829065274,0.8803888892336487,0.8799777164109033,0.8778982304598595,0.8775020157543209,0.8780531429853999,0.8784171289965047,0.8792187684842038,0.9063709653700515,0.9063709658955177,0.9063709560264829,0.9063709748869957,0.906370967260414,0.9063708543153617,0.9063708419206061,0.9063708397415455,0.9063708342004447,0.9063708270501212,0.9063708152378607,0.9063708073007841,0.9063708108846833,0.9063707983567751,0.9063707939452502,0.906370792088993,0.906370786486668,0.9063709056234394,0.9063709353468683,0.9063709180271842,0.9063709135751541,0.9063709166510002,0.9063707542223874,0.9063707685077649,0.9063707688620088,0.9063707599519926,0.9063707467283706,0.9063707369668597,0.9063705915668925,0.9063706480269872,0.9063706511291545,0.9063706442052342,0.9063706341406151,0.9063707679034916,0.9063707631142991,0.9063707586002906,0.906370758658643,0.9063707509810217,0.9063707436921744,0.9063707551275522,0.9063708070217606,0.9063707987523107,0.9063707927161366,0.9063707863851623,0.9063708051743419,0.9063708132266606,0.9063708089034553,0.906370803348551,0.9063707993458405,0.9063707960662942,0.9063708072390256,0.9063708298409935,0.9063708252540215,0.90637082595734,0.9063708287488822,0.9063708245140599,0.9063708199773464,0.9063708160316071,0.9063708155301743,0.9063708599456135,0.9063708567655298,0.9063708586280113,0.9063708539377742,0.9063708588425184,0.906370854629473,0.9063708507584428,0.9063708508791449,0.9063708489438035,0.9063708461551742,0.9063708501124969,0.9063708549773606,0.9063708520390829,0.90637085114059,0.9063708507105868,0.9063708565295447,0.9063708535634101,0.906370852909801,0.9063708469459388,0.906370844533944,0.9063708413126244,0.9063708391339098,0.9063708352737038,0.9063708312782317,0.9063708304394952,0.906370831033347,0.9063708267552766,0.906370826525554,0.9063708223170006
115,1.0334495997558721,1.0418225039409177,1.0417044854380786,1.0420526903044427,1.0420278527285123,1.0419258445741035,1.0418681080691496,1.0418621029938562,1.0418038100240783,1.0417999784821368,1.0692040023341287,1.0687138552236808,1.0684267243603363,1.0684390845075131,1.0684032492297058,1.0683298058961104,1.068174958214691,1.0681406689372084,1.0681931777917255,1.0681548494322584,1.0671658347549167,1.067141962708062,1.0665172485595713,1.0664903212736772,1.0641784219194974,1.0641947053037992,1.0642086057646833,1.0641878965227907,1.0551665178167906,1.0551970441268368,1.0547898252198342,1.0548820957312757,1.0548142857535576,1.0548054906699735,1.0537137121742213,1.0537234276529612,1.0537246473796946,1.0536996235485956,1.0536589679074622,1.0535345854886362,1.0535086245259762,1.053459663078655,1.0539208094205665,1.0539860869126163,1.0539732400308286,1.0541130637251495,1.0539281377734955,1.0539467125301634,1.0539693974467863,1.0529702612970546,1.0529338180112875,1.0494591296593503,1.0493911616779799,1.0497370204284295,1.0496416916714149,1.049589302352699,1.049550520245135,1.0495637097332986,1.049606987677671,1.049741333874121,1.0497262035765964,1.049721108733163,1.0497506258539713,1.0500774659463181,1.0499764539333778,1.0498914443086813,1.0498268772075645,1.0496414689877658,1.049665608919732,1.0496139232194452,1.0495632957477352,1.049652478787209,1.0500126135859549,1.0500183785664392,1.050253717651366,1.0502176835391202,1.0501586305469346,1.0496543143918822,1.0497178222823547,1.0489649406171646,1.0490136915584372,1.0496341941806466,1.0496514896924132,1.0495317576123586,1.0494669734995645,1.0494737921434871,1.0494664908979414,1.049104388891901,1.0491029474598692,1.050220876631543,1.0501977693599955,1.0498021596822609,1.0497928541098116,1.0497929781801125,1.0497684893016868,1.0497612520666277,1.0497897509125926,1.0497926085551763,1.0497226237697406,1.0497303637041,1.049723455898291
116,1.035042779539997,1.0399342452565374,1.0397425368068112,1.0404805598500464,1.040455306384782,1.040370335103597,1.0403844932887667,1.0403769095377604,1.040290198828618,1.0402777215230252,1.0614345224287582,1.06112513628458,1.0608069080394593,1.0604674363590645,1.0603795967084915,1.0603836764943946,1.0603733846016525,1.0603483252932797,1.0604529670506972,1.060437894556039,1.0606601049486841,1.0606448939889208,1.0604393263154681,1.060426595192596,1.0524669611258226,1.052505860171848,1.0524781413793998,1.0524892128791659,1.0520997578681794,1.0521137670826426,1.0517929090027738,1.051774529336789,1.0517243663537756,1.0517311537460117,1.053195080242216,1.0531837876414938,1.0531500425317712,1.053194035192184,1.053162948857378,1.053032396788232,1.0530150306442116,1.052933310968703,1.0533599431926204,1.0534242481242115,1.053418262124034,1.0534330515018089,1.0529797729042871,1.0529876611426894,1.0530650182585513,1.058024132728852,1.057990051670674,1.0557120209862714,1.0556456941353456,1.0558227062250667,1.0557614745343396,1.0557353536751755,1.0557110207760398,1.055701688066793,1.0556781718669497,1.0549657948030513,1.054963674457237,1.0549724078010638,1.054996990704489,1.0551814019683712,1.0550927000362376,1.0550430396032644,1.0550056061469564,1.0548647356211756,1.0548863581896624,1.0548315163389335,1.0548009081037426,1.054856365647922,1.0550147907252674,1.0550169928521484,1.0551588658109894,1.0551440355477164,1.0550651042777368,1.054743664617403,1.0547876461905779,1.0542953498099035,1.054332504906687,1.0543484653491186,1.0543409981258873,1.0542131414476859,1.054157037523265,1.0541803823235658,1.054179857257203,1.0535746444635443,1.053596118670478,1.0398969058301495,1.0398728003874231,1.0398713366961816,1.0398651996604076,1.039883890626277,1.0398625730724558,1.0398554366294057,1.039938814417329,1.039991382974988,1.0398388889623693,1.039855204974935,1.039856359589875
117,1.0363513551038661,1.0386467492011888,1.0384065904330593,1.039504514160436,1.0394839068308397,1.0394423422967407,1.0395556880207515,1.0395465096147178,1.0394433089832156,1.0394215515774978,1.0495054830306785,1.0495744640620441,1.0495497671907759,1.0496162932497926,1.049625360962764,1.0496036571746716,1.0495515043733337,1.049547777054479,1.0495434230970941,1.0495369855851266,1.0508916525481695,1.0508842040750714,1.0510818137812248,1.0510638383581732,1.0453482966592893,1.045408734637811,1.0453543274657482,1.04536675842137,1.0458787453555312,1.0459105818940173,1.0451239779122892,1.0450576383580519,1.0449349950116993,1.0449556298993057,1.0501319935301348,1.0501027332830706,1.0500207050473114,1.050124012762316,1.0500570648255005,1.049757450861451,1.049719594168997,1.0495234353717082,1.0504838067034927,1.0506214334121746,1.0505854505475187,1.0505643373764342,1.049535742678208,1.049551766431007,1.0497352619166884,1.0621993645962793,1.0622215080736812,1.0623487692068927,1.0624301533224707,1.062200343722677,1.062274252209935,1.0623069948076593,1.0623354811114196,1.0623538712475091,1.0625521162477314,1.066482173025756,1.066489864676213,1.0664841469809412,1.0664491193888312,1.0661543386444754,1.0662443230894665,1.0663231943778158,1.0663833646717265,1.0665902129919949,1.06655802467513,1.0664449199401744,1.06649814176806,1.0664012439161268,1.0660912823578814,1.06608202560037,1.0658491853699046,1.0658760851620694,1.0659113513132745,1.0664379731132907,1.0663634884985886,1.0672862362400004,1.0672193833468127,1.0671339665757213,1.067139841571082,1.0673890477059427,1.0674988746145866,1.0674584750052307,1.0674646071746303,1.0687151979565137,1.0686762501880733,1.0684777221445305,1.0685183927187178,1.0684826482998764,1.0684916026616982,1.0684561632548315,1.0685216355668818,1.0685318718508692,1.0683912225112229,1.0683224106992648,1.0685686699738366,1.0685418126450144,1.0685378683004438
118,1.0668656549046398,1.0673045783421806,1.0650182373257309,1.0627251268999776,1.0623593495516463,1.0614939425211003,1.0603280344508348,1.060190099899758,1.0597194577572024,1.0596622784235978,1.058931168240611,1.050546246940937,1.0501467114921044,1.051176401627172,1.0513588151070659,1.0511394949796378,1.0506444098620757,1.0506330723374206,1.0504665620677884,1.05041719670535,1.0555951572822007,1.05556969276584,1.0342598704922332,1.034265307165316,1.0343315864794842,1.03433021953285,1.0343434038537054,1.034446787497119,1.034483665365815,1.0344741794903298,1.0346090423208418,1.0345931905389758,1.034626015846281,1.0346239967516981,1.0349565349726688,1.03496292849313,1.0349834825330926,1.0349939651531255,1.0350162692687834,1.0351192161269647,1.0351331170018765,1.0351986911893147,1.034855718970159,1.0348141520263159,1.0356301584347212,1.0356279747632562,1.0357855794713156,1.0357839770680766,1.0357082198140781,1.0355441117373587,1.0355509152973725,1.035566196329168,1.0355857229938168,1.0354989286679033,1.0355221719978702,1.035533727374165,1.0355390854143167,1.0355516366056379,1.0280762627846989,1.0279933626957685,1.0279956165493669,1.0279935866862175,1.0279824898036831,1.0278966333750106,1.0279134313525025,1.0279365222983845,1.0279546253262797,1.0280205098627933,1.0280095151073447,1.0288128499937834,1.0288356393795295,1.0287944871703385,1.0286681277865362,1.028664284456912,1.0285762467132389,1.0285862285142375,1.028550430017255,1.0288141651114011,1.028775363150937,1.0292826357218012,1.029243157589302,1.0291950782554715,1.0291986048010329,1.0293422698438168,1.029423236626746,1.0293996856604766,1.029402843019118,1.0301615140070841,1.030136052411561,1.0301911082920754,1.030222685639508,1.0301910282409368,1.0301976143924123,1.03016882013356,1.0302113991588522,1.0302196481702142,1.030104789630266,1.0300514046221538,1.0302493253001597,1.03022733516289,1.030223510709032
119,1.0920972908061146,1.0923114322811753,1.0909963387524009,1.0887042020486626,1.0884626205626606,1.0878703965699925,1.087379962831267,1.087283768038775,1.0869280813291582,1.0868826448423201,1.0864949204534997,1.07937167559214,1.0792526673952585,1.0803043207792926,1.0805131639962515,1.0803404790828757,1.0799764764883923,1.0799855991087284,1.0797796913142303,1.0797593522888183,1.0885102385202083,1.088498601368972,1.0778520129801101,1.0778785706467213,1.0780655864711592,1.0780448683611157,1.078120470343098,1.0789885180230567,1.079115922962775,1.079063706778458,1.0798661355701344,1.0798113465892836,1.079986474715848,1.0799722458467247,1.0802907231915084,1.0803118997482626,1.0803756213396742,1.07995213956662,1.0800093720433477,1.080279818151582,1.080313730237169,1.0804773072483362,1.0795354787359073,1.079417105031492,1.0854438854008936,1.0854383695116974,1.085826384739098,1.0858292537028706,1.0855091879877556,1.0850242719421102,1.085043115821639,1.0850758002401129,1.085132076755801,1.0848768682936891,1.0849473330673522,1.0849801586399588,1.0849923721017019,1.085042010212137,1.029850761008322,1.0298507628767275,1.0298507699919495,1.0298507760503834,1.0298507810670385,1.0298507739967144,1.0298507390305678,1.0298507423931926,1.0298507455396138,1.0298507367249494,1.0298507427128591,1.0298507708798406,1.0298507739156577,1.0298507742441314,1.0298507218225261,1.0298507261715322,1.0298507296052268,1.0298507335580378,1.0298507194825062,1.0298507121840883,1.0298507150296414,1.0298506970673362,1.029850700732129,1.0298507057016029,1.0298507005455853,1.0298506904475846,1.0298506978352306,1.0298507024034664,1.0298507029603623,1.0298506799319989,1.0298506840092934,1.0298506843192894,1.0298506882850025,1.029850691658525,1.029850695312184,1.0298506992799312,1.029850703790051,1.0298507074352277,1.0298507104449808,1.0298507124699487,1.0298507141966728,1.0298507148569298,1.0298507178527185
120,1.0725261794623215,1.0715914048252166,1.073427175476033,1.066517775078046,1.0664911288436767,1.0660728105496995,1.0653244003600006,1.0653415852157382,1.065545475780662,1.0656441126781866,1.064852641732427,1.0566598514719467,1.057978969695499,1.0577754522863385,1.0577304864777808,1.057732309811788,1.0574977268219756,1.057486774109832,1.0575496441359769,1.0575553133419595,1.0570569021730383,1.0570523438206685,1.0573335935864598,1.0573351004714027,1.057323933012607,1.0570402786773532,1.0570631227283738,1.0626380995307754,1.0626369689159925,1.0626148029801041,1.0638116532785782,1.0639684138265586,1.0641131345012333,1.064086509073694,1.0637362908970887,1.06376283384905,1.0638225200290619,1.0343011049649924,1.0343011112190774,1.0343011132649587,1.0343011194561271,1.0343011163764753,1.0343011036361862,1.034301104261731,1.0343011229861105,1.0343011293017108,1.034301063564243,1.0343010670557091,1.034301066098377,1.0343010653440248,1.0343010701808106,1.0343010747970878,1.0343010677299358,1.0343010338587975,1.0343010383168525,1.0343010427719577,1.0343010474171686,1.0343010344226298,1.0343010381062463,1.034301041546256,1.0343010453263326,1.0343010482691515,1.0343010502277528,1.0343010412540916,1.0343010098828214,1.0343010143049465,1.0343010179335685,1.0343010209125219,1.0343010229149103,1.034301026835795,1.0343010299754538,1.034301027105208,1.0343009932143836,1.0343009951777302,1.034300988983771,1.0343009916611252,1.0343008403700826,1.0343008497289126,1.034300849436824,1.0343008516153855,1.034300849163702,1.0343008495171417,1.0343008489894696,1.0343008480761797,1.0343008439429398,1.0343008445045627,1.034300844473822,1.0343008348669973,1.0343008354437724,1.0343008353694096,1.03430083527438,1.0343008356964332,1.0343008358901877,1.0343008365129593,1.034300836395746,1.0343008365981496,1.0343008381766157,1.034300663127541,1.0343006594402822,1.0343006595229314,1.034300658502794
121,1.0470790875304294,1.0470017593530345,1.0470941880731293,1.0496775387227566,1.0496163645966805,1.0495634859473417,1.046686172124682,1.0466735953274022,1.0466133544344394,1.0466213444968895,1.0465912191998685,1.0461888943767113,1.0462459886202724,1.0463144214009068,1.0463101719725871,1.0462654286058848,1.046043503950981,1.0460361740370177,1.0460348483665511,1.045866827640785,1.0457958796822773,1.0457916447294433,1.0457394045295265,1.0457339709378957,1.0457152001210592,1.0461577646328324,1.0461451863892937,1.045959338192112,1.0459196709137744,1.0459368126323605,1.0464069848551851,1.046508382210459,1.0464520875192853,1.0464510457314837,1.046446660994074,1.046447793667635,1.0464403716282071,1.0457731261789056,1.0457465197022782,1.045634449226155,1.0456191457864614,1.045563496086004,1.0463563208714795,1.0464050101894835,1.0463069297966752,1.0463079030658562,1.0422864643471437,1.0423407360097945,1.042278105192974,1.042239593888745,1.0422383792064025,1.0422241075997307,1.0422560544477795,1.0423287763547164,1.0423248769108644,1.0423188469438724,1.0423574240833091,1.042253513747568,1.0423712676463242,1.0424097496124882,1.0424056331549303,1.0423972421820975,1.0423914360718634,1.0423825295381866,1.0429685482454418,1.0429223511029175,1.0428888908311689,1.0428319360892344,1.0428445340541654,1.0428054932391522,1.0427829878818395,1.042825216755416,1.043024789353351,1.0430473246841394,1.0432021378502039,1.0431815781205565,1.043546626600715,1.0422483484569522,1.042227720992957,1.042396806225723,1.0448025232259348,1.0447980059202346,1.0448015768939187,1.0447915315467629,1.0448474906578795,1.0448443154007134,1.0448379219704689,1.0446462523541264,1.0446465027063825,1.0446610962122382,1.044650596147368,1.044643933149744,1.0446397393411342,1.0446410937004005,1.0446291564679067,1.044627269880539,1.0446434296419933,1.0432007533810062,1.0431657544782384,1.0431619546055775,1.0431586329475446
122,1.033150395621012,1.0330100541103129,1.0334315833846026,1.0598333491576182,1.0597347044139085,1.0606899254627646,1.0398112149535603,1.0397569152436466,1.0394692712558042,1.039490724002314,1.0394953557951854,1.0391575779008828,1.040170876176588,1.0402448388057002,1.0401997587117107,1.040061636558038,1.0401273856546933,1.0401119151131073,1.0400578115252264,1.0388471119124296,1.0388471091305453,1.03884710903256,1.0388471054305966,1.038847105066843,1.0388471048842458,1.0388472211120712,1.0388472218985376,1.0388472163704223,1.0388472148890744,1.0388472181682396,1.0388471302220614,1.0388471401246495,1.0388471462668116,1.0388471462492077,1.0388471396455083,1.0388471402782156,1.0388471415071328,1.0388471378782038,1.038847140382826,1.0388471478742516,1.0388471498073641,1.0388471542412818,1.0388469307787547,1.0388469251246535,1.0388469202082384,1.0388469166813048,1.0388468473087473,1.0388468491879645,1.0388468454895425,1.0388468450681536,1.0388468403495,1.0388468352879134,1.0388468435213971,1.038846880883503,1.0388468767696224,1.0388468723641748,1.0388469002465832,1.0388469043344788,1.038846910424105,1.0388469082054264,1.0388469050119864,1.0388469024810012,1.0388469010505423,1.0388469067562094,1.0388469287126527,1.0388469254980965,1.0388469227711015,1.038846921966078,1.0388469202736772,1.0388469167230387,1.0388469141400023,1.0388469165382155,1.038846944463235,1.0388469433037473,1.0388469472700115,1.0388469452225582,1.038846949855224,1.0388467784268587,1.038846776417577,1.0388467868664661,1.0388468101888764,1.038846806265133,1.0388468103194373,1.038846818055554,1.0388468173026513,1.0388468139008196,1.038846813401227,1.038846825034565,1.0388468218514288,1.0388468225020098,1.0388468197134866,1.0388468168608493,1.038846814194664,1.0388468110792357,1.0388468080697986,1.038846805462197,1.0388468025190385,1.038846797060843,1.038846796923361,1.0388467955952347,1.038846793286035
123,1.0282900509934003,1.0284877859065897,1.0286833471659698,1.0751300611659698,1.0751904600350926,1.078104788034315,1.0492485322206213,1.0491529939171869,1.0487286020063324,1.0487072937466675,1.048840146899846,1.0489998718935611,1.050303929887003,1.0505217363304733,1.0505424070738052,1.0504196128866337,1.0538423405211685,1.053852950331882,1.0536271689466374,1.052955837004376,1.052981409387598,1.0529728112947898,1.0528057922287744,1.0527679043010798,1.0528569282193248,1.058880767182379,1.058855490668965,1.0588071555954404,1.0587932776377125,1.0588036006662152,1.0357145712408056,1.0366739813228898,1.0376142120869725,1.0375217177152698,1.036686414535659,1.0367857391451865,1.037082490199647,1.036916907058717,1.0372128354040526,1.038516874635988,1.0386938425007648,1.0395138662903962,0.9947363352658986,0.9944767547610193,0.9944487915092505,0.9944475544642937,0.9954715706222562,0.9956809680090645,0.9954578608836816,0.9951596210969977,0.9952023926044677,0.9952285365463343,0.9953680729966559,0.9951263182256127,0.9952662481992457,0.9953324220684476,0.9976506325868902,0.9979095577285221,0.9978535512228316,0.9978639546591521,0.997871476908146,0.9978712320199717,0.9978497706959636,0.9971672063231705,0.9972962404626252,0.9973637354280608,0.9974141696800054,0.997502034400254,0.9974764571291601,0.9975299872363927,0.9975709939938642,0.997496367576381,0.9972201013792085,0.9971875652817935,0.9970481436130396,0.9970715781543736,0.9970920809678008,0.9934014710660707,0.993378698568611,0.9938066437752278,0.9935487041342892,0.9935053535810531,0.99348308869086,0.9936333844608609,0.9937041311173851,0.9936789426310793,0.9936868893548061,0.995057030225274,0.9950594068150799,0.9950511255441301,0.995053589361312,0.9950563498691704,0.9950573876343617,0.9950585356255274,0.9950604521733775,0.9950599954888003,0.9950666701977406,0.9951483230501041,0.9951318605707501,0.9947397260618164,0.9947416340731107
124,1.006078870957986,1.006149655463023,1.0062404007792365,1.0424381997781862,1.0426634989388575,1.050317038191525,1.0111417776471725,1.0111753576652867,1.0113373603214058,1.0115760939364848,1.0114581085516177,1.0114047282048215,1.0110546327550918,1.010825287542005,1.0107720996164937,1.010703805844511,1.016186057828445,1.0159274522900883,1.0159826828050846,1.0159958846963932,1.0159727525903652,1.0159734531695592,1.0160300994007825,1.0160388141492085,1.016022429168886,1.0163000077816846,1.0163403098866428,1.0163184145970465,1.0163549865879566,1.0163204833680657,0.9933954399850926,0.9890393661748172,0.9888373988604325,0.9888633087622614,0.9890407657929837,0.989019069395402,0.9889460200379419,0.989025589610569,0.9889601286112973,0.9886058108818765,0.9885745118518195,0.9884286448191504,0.9898082703963055,0.9899881268281105,0.9900104681964532,0.9900104215825971,0.9888422303147942,0.9889426181728783,0.9891384227369482,0.9894163253609113,0.9893744578991618,0.9893476374943181,0.9898388769681661,0.9869915335086871,0.9869931189447984,0.986992424040573,0.9868508547632743,1.0237814619683252,1.0238179220015264,1.02379681300002,1.0237898103219494,1.0237917848627698,1.0238146084070963,1.023640253132557,1.02357613532321,1.0235101772476196,1.0234579648639304,1.022747538988508,1.0227809341595686,1.0227152703291997,1.0226598398907392,1.0227591000833984,1.0230821141167552,1.0231208788694208,1.0228631862727948,1.0228590852842623,1.0228619692355647,1.0227875248460836,1.0228191257090562,1.0222011855303355,1.0222503873907396,1.0223143356855833,1.0217451607953572,1.0215407845778532,1.0214444131471478,1.0214767993834417,1.0214676303996282,1.025175202504929,1.0251372404777246,1.025217705295999,1.0252629211926263,1.0252143434458252,1.0252234818518062,1.0251805487152814,1.0252241821114276,1.0252376029190475,1.0250670760429073,1.024958847921178,1.0252486167659665,1.0251050393916803,1.0250984432816064
125,0.9906720293449999,0.9909181226045108,0.9906249965484137,1.0151794652780683,1.015314608401444,1.0251395675076265,1.007434624052175,1.0074304855110532,1.0074373436037425,1.0078117885258082,1.0077490250655212,1.007659346819931,1.0072998920480138,1.0073484284459264,1.0073635839725676,1.0073275327090234,1.012006120469562,1.0114747245573363,1.011586459208857,1.0116101844475993,1.0115781461355855,1.0115815698934405,1.0117080151898612,1.0117301212975067,1.011691310889315,1.011727021114903,1.01179200215588,1.0117646890712957,1.0118284823173245,1.0117728841542881,1.0045720925960209,0.9720158873239619,0.9718106562772075,0.9718202476880583,0.9720032703261361,0.9719809905698958,0.9719080643832648,0.9719873124804628,0.9719220761641839,0.9716467717197376,0.9716113002426768,0.9714228649238983,0.9726166735300736,0.9727745887247615,0.9727952791333838,0.9727953671225181,0.9717464109501519,0.9717821769076319,0.9719379052983913,0.9721674597564628,0.9721326471859877,0.9721114536376229,0.9688399733187322,0.9690262518064863,0.9690447059603899,0.969054680958828,0.969027704250828,0.9724875766987219,0.9724406589237733,0.9724783753925273,0.9724866254451112,0.9724782023341751,0.9724351896580485,0.9720744344905342,0.9721978021814689,0.9722913991667578,0.9723637714111796,0.995903177244786,0.9958197660999153,0.9959804605491539,0.9961126370018979,0.9958763911973342,0.9951084048302364,0.9948338107153962,0.9907686456819944,0.9908028446563402,0.9908845660193176,0.9914141581382991,0.9913444695568292,0.9919664089768683,0.9919211789080065,0.991861442573651,0.9913984924065631,0.991362196327298,0.9914255945884386,0.9914058292585348,0.9914199184804069,0.991791904493404,0.9917909428143483,0.9917930427544348,0.9917999800307404,0.9918002361610129,0.9918028519429184,0.9918003947090099,0.9918075469327435,0.9918066637290708,0.9917899546078051,0.9917924836777874,0.9918345088554377,0.9918344672567609,0.991836834595558
126,0.9831747794863327,0.9835330512306649,0.9824748740745115,0.9835944842842387,0.9835186154316102,0.9830331691107803,0.9828528762473089,0.9827720628374561,0.9825543724935399,0.9827840812979974,0.9828964109776493,0.9829198985332553,0.9830642272176173,0.9836141618269277,0.983906793421389,0.9837981671603838,0.9833849291930928,0.9833837797221359,0.9833048258369247,0.9832842196318893,0.9833009064127235,0.9832914550155071,0.9831557022208789,0.983129312270711,0.9831665365645961,0.9832324264208405,0.98318145535021,0.9832219300306639,0.9831551695043002,0.9832543476832745,0.9828414828437406,0.9835111714868001,0.9833707934957311,0.9830153485860738,0.9831235439473589,0.9831232726444431,0.9831206906816282,0.9831540682582215,0.9831097242327341,0.9834123469448532,0.9834280738525016,0.983319989003826,0.984023751547405,0.9841029348407326,0.9841063856475996,0.9841059241957031,0.9835745683624515,0.9835914000004804,0.9836929554120711,0.9838346294444433,0.9838124529819907,0.9837908814744397,0.9821715438112311,0.9829797794470613,0.9828249375411755,0.9827421333682111,0.9826900814200678,0.9824914494170445,0.982569212693976,0.982515224080748,0.982560573346996,0.9825623569048889,0.9826007745649732,0.9831273753523875,0.9829508358167485,0.9828116733796851,0.9827112162625538,0.9824261648487311,0.9824836988725876,0.9823726891269275,0.9822848859838745,0.98243709567016,0.9830052770267323,0.9913266419294762,0.9915037777584462,0.9914793838736726,0.9913815169275307,0.9907885223034022,0.9908793623887457,0.9953339840261862,0.9954943876828923,0.995685668078519,0.995682586918949,0.9950758540562175,0.9947995787996523,0.9948977597882468,0.9949024610369913,0.9917940651933155,0.9918945448434959,0.9916829649916876,0.9915528597908541,0.9916789575340187,0.9916503336623509,0.9917665723296355,0.9916397402728291,0.9916017491671665,0.992039810727629,0.992313199215891,0.9914599490537205,0.9915527764759684,0.991568186276955
127,1.0044920242040307,1.0044955086359122,1.0045567853159758,1.0042397472699776,1.0042200973769708,1.0040061981566024,1.0041781685161246,1.004194342260493,1.0041982608598743,1.0041456113589522,1.0041361599301224,1.0041406542361482,1.0041344204437002,1.0041101109714357,1.0039549078182108,1.003895829536249,1.0038665315496182,1.003871642384882,1.0038636283589055,1.0038644455035857,1.00387005144762,1.0038710081982707,1.0038716924739144,1.0038728746751637,1.0038768352867888,1.0038874989652617,1.0038802511751734,1.0038843390489,1.0038850085903317,1.0038640847132834,1.0038048210478672,1.00388710583599,1.0038642714397819,1.00419555929658,1.0042351161804015,1.0042249082447012,1.0041945633399452,1.0042128622366486,1.004199531533645,1.0041750917690577,1.0042014760254174,1.0041695014497949,1.0042710097865153,1.0043683458072377,1.0043725013215108,1.004372795989125,1.0042209146946155,1.0042228381393545,1.004244879795434,1.004276422008641,1.0042718825850443,1.004272040635533,1.0038859354070642,1.0040383640930264,1.0039873643793606,1.003966007953207,1.0039435828382903,1.0039677874507669,1.003980910091736,1.0039597439837802,1.0038159737134909,1.0038242221699896,1.0038058532621734,1.0039566581505488,1.0038889979514627,1.003847491253386,1.0038111505728067,1.0033960752725133,1.003415831559375,1.0033830435987,1.003351202386941,1.0034164335849243,1.0046961533843912,1.0053624408014887,1.0054810917761876,1.0054666423921144,1.0054032857490254,1.005068157847666,1.0051197805269376,1.007450245120253,1.007451138931377,1.007450958003982,1.0074521431802035,1.007443854883998,1.007443797140295,1.0074462485969362,1.007468819943046,1.0074326605964465,1.0074361530022646,1.0074274581769054,1.0074264845870502,1.0074325147545669,1.0074258727390453,1.0074299772324782,1.0074288441619044,1.0074251265180547,1.0074005201063154,1.0074133116958972,1.0073293953039826,1.0073320801828627,1.0073350432060586
128,0.9872357553822758,0.9871006289988853,0.987471102084655,0.988015871063306,0.9868664973525763,0.9871496587252191,0.987191519440479,0.9898061243043951,0.9901460796116779,0.9858605480652896,0.9855926565026409,0.9854217652422848,0.9850093417530538,0.9832690645317737,0.9730762632821662,0.9731046660815639,0.9731098775840016,0.9731116967742939,0.9733722572182782,0.9733800667009269,0.9733691564894724,0.9733691263552707,0.9734210446759467,0.9734380354170068,0.9734232754175022,0.9734099632859654,0.9734374279722988,0.9734253851616915,0.9734517406801462,0.9723143630542416,0.972556338143602,0.9726680034957088,0.9727146761525294,0.9796501670133934,0.9796371830172996,0.9796344779351013,0.9795596130281452,0.9795609802625107,0.9795603584810126,0.9794437653394602,0.979550160856474,0.9795349850230314,0.9795119672829952,0.9789785806324411,0.9789846553616722,0.978984992773336,0.9786510851291711,0.9786586208065552,0.9787194331523129,0.9787996717124008,0.9787877292939773,0.9787830257547602,0.9789515029166878,0.9790199634463679,0.9789831460396711,0.9789697267795778,0.9789552910806346,0.9789689516151363,0.9789757498196134,0.9789614823379551,0.9778510971702685,0.9778590166701323,0.9805326467905151,0.980698071957642,0.9806257607566187,0.98057907018503,0.9805311938613274,0.9803477379219678,0.9803836075369017,0.9803482976218534,0.9803128429801119,0.980331972333389,0.9807474416435877,0.9806866157069547,0.9808922242619069,0.9808722915785023,0.9807883967849862,0.9802238308109544,0.9803224437367495,0.9789449997698121,0.979060163055491,0.9791960767865151,0.9791871025857779,0.9787758885802919,0.978573543245581,0.978647430245519,0.9785679228967867,0.9759835484558711,0.9760784826269849,0.975882119010652,0.9757634380072118,0.9758820842863913,0.9756201341457191,0.9757289191602394,0.9756122085169538,0.9755715645386678,0.9759866134223755,0.9762345713745846,0.9754636532953118,0.9755495673395038,0.9755665600987095
129,0.9681647398257314,0.9683679318732197,0.967829246802051,0.9708292491082223,0.9688152762117613,0.9688301076915119,0.9686033787558743,0.9729344745222542,0.9732786150888766,0.9691693145232338,0.9689640796585463,0.9688333865484077,0.9685073453570102,0.9668768417289487,0.9573479107580891,0.9573608593447731,0.9574809423779965,0.957480081116255,0.9578204518700666,0.9578372256528267,0.957812946222036,0.9578133249871973,0.9579273544964946,0.9579698469793597,0.9579328242229462,0.9578748174844549,0.9579396143070705,0.9579053467133455,0.9579621909509177,0.9538603836387604,0.9547358376616916,0.9546623829028229,0.954844149983193,0.9576168278075654,0.9573237119634596,0.9573671666657203,0.9547837807475694,0.9546883842298857,0.954778088367085,0.955200979417782,0.9553733987769613,0.9557142402355556,0.9543782357175273,0.9413145283056569,0.9413253759942376,0.941325956056606,0.9408353125663348,0.9408436881790923,0.9409162872697199,0.9410232167394494,0.9410061308198345,0.9409996370990645,0.9408939314605463,0.9410192294076652,0.940951899480153,0.9409275734145223,0.9409038008033386,0.9409275328447384,0.9409409057129264,0.9409171077312072,0.9408908385578105,0.940901854538003,0.9492193837857013,0.9491552324716075,0.9491724036622295,0.9491873128810722,0.9492478414452732,0.9492540906965977,0.9493321594342307,0.9493437165577394,0.9493495072259579,0.9505491872389559,0.9506549550998126,0.950617247829638,0.9505937413724469,0.9505278666265439,0.9505308212569279,0.9505611556272384,0.950571065187779,0.9506363940016959,0.9506375464346903,0.9506383243522659,0.9506376514210612,0.9506373957776133,0.9506370171943761,0.9506396656834825,0.9522713617874695,0.9524646897997561,0.9524629405972843,0.9524661387885754,0.9524717353929879,0.9524708217697475,0.9522378487398115,0.9522360312367113,0.9522404534606377,0.95223567994832,0.9522210595985555,0.9522146263326262,0.9521724044814461,0.9521714159940282,0.9521743537670897
130,0.9488105564060428,0.9492409462876685,0.9481120621313446,0.9524272609064192,0.9498826514331791,0.9494137454818186,0.9488870971065944,0.9544784229667603,0.9546284660758663,0.9530387181110777,0.9529685791843044,0.9529399792385237,0.9528243459078489,0.9524473886625339,0.949083071169232,0.9490780900944031,0.9491317868667871,0.9491337283924196,0.9466930273277937,0.9467051699341062,0.9466896718726673,0.946684240463408,0.9467615994626528,0.9467614300722994,0.9467402528635894,0.9467126297001917,0.9467612229264502,0.9467429914538122,0.946780062636424,0.943442274547058,0.9432782033720981,0.9431395294276749,0.9431036636042958,0.9434493692451515,0.9434139697845141,0.9434629733786717,0.9276512638004336,0.927673639095998,0.9276490183035284,0.9275972835494831,0.9276299661265999,0.9277909489812077,0.9280452600890755,0.9180703817948309,0.9180722383638554,0.9180725859406298,0.9181923504092029,0.918187959478233,0.918150066439013,0.918107234199103,0.9181114231127931,0.9181185192070878,0.91809476870319,0.91799002608844,0.9179899927366392,0.917999973885869,0.91800559520749,0.9180268456122437,0.9180125201261128,0.9180168193894576,0.91802788699016,0.9180339880785792,0.9188877354116889,0.9187097683588288,0.9187631590613217,0.9188070560682529,0.9193259054898685,0.919411327982661,0.9193535233991947,0.9193934633905301,0.9194229537283575,0.9311462786813705,0.9311934089727215,0.9311661160483155,0.9312467483888818,0.9309993061766145,0.9309501236863092,0.9307084882288531,0.9307289435556757,0.9304207314812921,0.9304427363624119,0.9304699984841751,0.9304675440675825,0.9303932895048007,0.9303633758983468,0.9303780954283655,0.9507567506118589,0.950732643183979,0.9507374882471176,0.9507272919964784,0.9507136984326218,0.9507203575725474,0.9507001830798617,0.9507054456400647,0.9507004891724099,0.9506959663826757,0.95071359877072,0.9507229117082838,0.9506880976482764,0.9506925678145312,0.9506947160213604
131,0.9217482916036481,0.9226131336273818,0.9205874727149352,0.9273560928403859,0.9250309875910915,0.9245411404242172,0.9242572578968608,0.9278012654639991,0.9273681489990728,0.9276215961559044,0.9277298979106319,0.9278228322637785,0.9279959137007838,0.932855304992403,0.9332839706063377,0.933213878838895,0.9330770586816195,0.9330887065322518,0.914017345413786,0.9140318139470153,0.9139890028202288,0.9139667206085383,0.9140795627813597,0.9137376690152504,0.9137046460394124,0.9136457465285495,0.9137166749871287,0.9136848490041809,0.913733584520722,0.9133337627019819,0.9137381505786967,0.9136155454142995,0.913643525651178,0.9136539075467573,0.9135824315327827,0.913825920232032,0.8937758257502776,0.8937634188371509,0.8937293619171481,0.8938196917208414,0.8938365415915497,0.8909966374043805,0.8907921852650807,0.8913035420614135,0.8913062804602825,0.8913067467527094,0.8913747395786371,0.8913713937371955,0.8913346256601811,0.8912994316843187,0.8913030468508062,0.891307760400482,0.8912986134436244,0.8912251265142878,0.8912028910006018,0.8912034220088855,0.8912074279632206,0.8912174596573327,0.8912082803005655,0.8912114202900213,0.8912141130483763,0.891217262878486,0.8911830917887402,0.8911789859250484,0.8911661235279987,0.8911640072629099,0.8805936664834111,0.8806262741934378,0.8806468257243059,0.8806585731654435,0.880672929384607,0.8818058853922521,0.8815722789146769,0.8815653480562865,0.8814436471486463,0.8847806448148405,0.8848458296263748,0.8852960155108012,0.886013286184242,0.8872938689319207,0.8871906441745243,0.8870670550063372,0.887075701157513,0.8874457650481309,0.8876264422225985,0.8875649893226807,0.8870777710676457,0.8891582399697173,0.8890869603488925,0.8892339366130763,0.890912593022997,0.8908479179141734,0.8908642965162809,0.890804998910576,0.8908717649780749,0.8908849153168682,0.8906408697348775,0.8905050826406913,0.8909314005622497,0.8908832039904062,0.8908796628453205
132,0.9031987573122562,0.9041716806863761,0.9020793100764812,0.9089443420522983,0.9074274859915031,0.9071846095039,0.9072440370355053,0.9089038338664945,0.9081094688135403,0.9082736116338987,0.9084694742542405,0.9086181688099625,0.9089142485208987,0.9181728766929321,0.9186507771622301,0.9185957791565471,0.9184789678514218,0.9184896016962883,0.9024890873676858,0.902482167918454,0.9024926679563875,0.9024663206301453,0.9024090781917179,0.9019413397420356,0.9019776761109816,0.902051172013693,0.9019950139045168,0.902030100046094,0.9020008494504093,0.90201178423581,0.9011278549651147,0.9010134322270682,0.9007563857041897,0.9008025937785937,0.9009325683222407,0.9012593739444937,0.8967608565258158,0.896870901650632,0.8966906793668245,0.8963063506388378,0.8962574102705385,0.8814990177810922,0.8815515955455976,0.881755597487206,0.8817607539059633,0.8817616529683262,0.8816147439745337,0.8816163916192682,0.8816264357128323,0.8816485033709406,0.8816430911533726,0.8816444335867661,0.8816106834467969,0.8816152459830933,0.881545673024179,0.8815338736651231,0.881528596519939,0.8815335598048937,0.881532953497455,0.8815259048252522,0.8815273243697384,0.8815372248721463,0.881552553475672,0.8816100452028192,0.8815714939568515,0.8815468723935738,0.8764910245237001,0.8764356087508498,0.8764588816855514,0.8764505650434622,0.8764421983913337,0.8765156342341845,0.876496364590056,0.8764879679750787,0.8765316276919733,0.876787076800906,0.8767878615921875,0.8768750565650046,0.885776914051725,0.8863376194976191,0.8862935784657666,0.8862408799294647,0.8862446074527035,0.8864020045597026,0.8864814150881323,0.8866150338705827,0.8865287918591862,0.8877753518235407,0.8877309024991576,0.8878231840910285,0.8918069257385184,0.8917864580291732,0.8917936894863209,0.8917687062250316,0.8917916340770756,0.8917691891960409,0.8916883693269892,0.8916434412468628,0.8917865589333959,0.8917708865107645,0.8917774151033521
133,0.8897164357929924,0.8909481053000095,0.8883024213817382,0.8965107467114636,0.8953741215404534,0.8952723920252125,0.8956008481275547,0.8960482365218531,0.8948787861927299,0.8948261466463383,0.8951257772404763,0.8953365177322,0.8957757802173288,0.9093365119355327,0.9096261596574103,0.9095854143002681,0.9094970498442552,0.909506192454339,0.9010645351810515,0.9010523902912069,0.9010872785041332,0.9010675332596815,0.9009581713509127,0.9007291044825859,0.9007830255690839,0.9008905433505469,0.9008227990225638,0.9008750261445507,0.900823250456109,0.9008803416009448,0.8995570000420662,0.8994541580517216,0.899072582474525,0.8991243834934542,0.8993454483502556,0.8987459655378389,0.8974019748336187,0.8975400252209049,0.8975790663905946,0.897070687183841,0.8970031849213478,0.8767976090190268,0.8782254484399337,0.8784406150319517,0.8784634190054341,0.8784649426154066,0.8770177348571988,0.8770465185209538,0.8772943268760455,0.8776380528698076,0.877588067376488,0.8775591159681709,0.8773876097346064,0.8779138190375612,0.8776778117384564,0.8775803435922361,0.8775147350974272,0.8775003880453194,0.8775630973846881,0.8774976267770579,0.8774857898993667,0.8775038416583177,0.877582630868213,0.878137975639787,0.8779111133884531,0.8777558967527408,0.876957254530751,0.8765257672162343,0.8765973141431055,0.8764818732974468,0.8763847450564438,0.8766016493063166,0.8771367681723523,0.8771431305637791,0.8775959396496731,0.8775453812360412,0.8773709414848647,0.8763725581730263,0.8797791541188696,0.8780318307592413,0.8781569933767756,0.8783104645112813,0.8783007877990561,0.8778496200726819,0.8776478041313401,0.8784001038234495,0.8783928383785932,0.8771308863330667,0.8771649672041991,0.8770960451085732,0.877640903890156,0.8776814156663938,0.8776754589726056,0.8777468814301895,0.8777070579368033,0.8776474942614692,0.877798577488417,0.877888594383692,0.8776225520347106,0.8776520053452816,0.8776591524165034
134,0.8601659710121898,0.8616729830639819,0.8583591816548837,0.8679830061521447,0.8671941702447281,0.86712813060276,0.8676759206737379,0.8672086519541146,0.8654310581125666,0.8651266845988025,0.8655623721431385,0.8658441925179489,0.8664712998781079,0.8831282508838405,0.8831710889922735,0.8831709464222784,0.8831690069216532,0.8831750072558988,0.8839080976532109,0.8839089311735647,0.8839320116458381,0.8839686165834932,0.883949947396091,0.8839827400730115,0.8840029800574442,0.8840316622139073,0.8839007964730294,0.8839147709188929,0.883908633948261,0.8839211986202179,0.8835486615982268,0.8835091697148885,0.8827990815468281,0.8828122626552131,0.8828621778711877,0.8652560895513433,0.865217310817069,0.8652162943122236,0.8657907994741351,0.8657479297405113,0.8657431266009881,0.8646690838106023,0.865143832899968,0.8652056152608113,0.8652138021093219,0.8652146337136538,0.864717501206136,0.8647275471931984,0.864812380167749,0.8649291637131592,0.8649105425392054,0.8649019037679488,0.864840914835366,0.8650093031460415,0.8648455382571236,0.8647957754814289,0.8647737733966511,0.8647682195021879,0.8647882851653711,0.8647656618038078,0.8647622711728399,0.8647727741369645,0.8648024723426072,0.8649891802596174,0.8649096178066129,0.864848196778468,0.8648065670053731,0.8646657365515735,0.8646901315744525,0.8646537559572803,0.8646214840714413,0.8647053838776187,0.8648597670963408,0.8648602462253632,0.8649988887461821,0.8649862033636825,0.8649302306496449,0.8646114900632418,0.8647834488163199,0.8642661093985938,0.8643051712318637,0.8643528714063905,0.8643492905683338,0.8642086007875817,0.864146501630786,0.8644664050204585,0.8644728484418278,0.8639975859507649,0.8640140678215027,0.8639812468109297,0.8639278223148343,0.8639478452811059,0.8639476061798368,0.8642920308028866,0.8642722598722312,0.8641820587754635,0.8642548495192749,0.8642970671004019,0.8641700396693898,0.8641848003813325,0.864110645750784
135,0.8492283768503764,0.8506467691955011,0.8476082841828678,0.8565542732350823,0.8558856413091344,0.8558061231757896,0.856323193748686,0.8558362868437701,0.8540254604781924,0.8537129853572868,0.854137192204713,0.854406611618641,0.8550145787515719,0.8680499896164485,0.8681637345762757,0.8681394492316191,0.8680965038307286,0.8681076952063372,0.8687239147876362,0.8687226694604238,0.8687660197274166,0.8688445661186963,0.8688003561614582,0.8688391852465911,0.8688780266358952,0.8689339498511001,0.8686476261601808,0.8686764460558631,0.868658817598529,0.8686920407343872,0.8680314455662101,0.8679898422727443,0.8668300538501622,0.8668379975216921,0.8669115812815807,0.8363415999105418,0.8363415942422435,0.8363415948405477,0.8363416152853683,0.8363416208198985,0.8363416276991398,0.8363416278473448,0.8363416018186732,0.8363416018258994,0.8363416061271381,0.8363416121149092,0.8363415264993568,0.836341529310109,0.8363415328292344,0.8363415342059504,0.8363415378439982,0.8363415420320965,0.8363415347418993,0.8363415066938157,0.8363415051665557,0.8363415122758877,0.8363415157598881,0.8363415049538913,0.8363415003970601,0.8363415026947627,0.8363415058895292,0.8363415089287192,0.8363415109372541,0.8363415056475917,0.8363414919884107,0.8363414929808484,0.8363414950581143,0.8363414923512142,0.8363414947844262,0.8363414972085221,0.8363414984015376,0.8363414976876162,0.836341473738344,0.8363414754120789,0.836341475217125,0.8363414769062073,0.8363414736894175,0.8363414741548812,0.8363414746478083,0.8363414725048829,0.8363414736878172,0.8363414753752827,0.8363414731260934,0.8363414701754714,0.83634147165974,0.8363414749758759,0.8363414753957327,0.8363414728106319,0.8363414744610395,0.8363414748855021,0.8363414766722845,0.8363414779786879,0.8363414797140376,0.8363414868239768,0.8363414890457261,0.8363414879139476,0.8363414884277478,0.8363414881366382,0.8363414904845283,0.8363414905967076,0.8363414962781996
136,1.0384033375609556,1.0442298192779025,1.0440436023642716,1.0467714352046515,1.0467901135971582,1.0468325163866954,1.0472640622110767,1.0472707770388108,1.0470863952195144,1.0470442836487979,1.0743170155941688,1.0744745543644343,1.0745551454666649,1.0747167140305016,1.0747502804966453,1.074728113922767,1.0746794974749907,1.0746830219041081,1.0746495739050101,1.0746477024849312,1.075827236947368,1.0758244915582889,1.076064973778195,1.0760524247631484,1.0719667645844064,1.072050470763125,1.0719752749911544,1.0720056435151013,1.0722654729313947,1.0723060964072202,1.0712239910774677,1.0711340466566452,1.0709407154731134,1.0709716830557348,1.0742565825052643,1.0742233411850557,1.0741361685680193,1.0742577972861562,1.0741974352028771,1.0739069390321947,1.0738724599137341,1.073669103062632,1.0745792953632043,1.07470415560307,1.0746807582622686,1.0746616964047484,1.0736055015146921,1.0736167000367358,1.0738210890792432,1.0814531517308854,1.0814280123442335,1.0797606804578002,1.0796868903534969,1.0797902291610346,1.079743072278942,1.0797295798702429,1.0797122596964976,1.079680744135282,1.0797470259280972,1.0788189935486943,1.0788246837007989,1.0788446237714908,1.0788736301595436,1.0790139957091631,1.0789312355706888,1.0788906354984582,1.0788596641319215,1.0787002908478263,1.0787290692761617,1.0786188430677504,1.07858971329228,1.0786449682087726,1.0787256774987386,1.078728429084609,1.078847789883682,1.0788437226532899,1.078759266275946,1.0784502650770234,1.0785002870595317,1.0778887648363868,1.0779442277488571,1.0779739089101381,1.0779493317993438,1.07777316320884,1.0777065705128206,1.0777483269463781,1.0777505225387694,1.076672492108561,1.0767212126148613,1.0416377425237935,1.0416377452696866,1.0416377498913758,1.0416377528128344,1.0416377566739605,1.0416377598180158,1.0416377626716393,1.0416377673932362,1.041637769255221,1.041637766932116,1.0416377678672726,1.041637770462519
137,1.0400154112139752,1.0406351707407178,1.0388445400119493,1.0389302075862845,1.0386794690998322,1.0381484162373258,1.037455776958672,1.0373577003236254,1.0370223645710672,1.0369690524584778,1.0370189381159376,1.0342000557918534,1.0339004900230033,1.0344265890105035,1.034503920531429,1.034357631571746,1.0340200852777413,1.0339996641524705,1.0339396586047775,1.0338956359169755,1.0353803760562228,1.0353551633578268,1.0277300575848225,1.0277093755589295,1.0269761565218276,1.0269814523524212,1.0269716673963634,1.0268499205832258,1.0265218368785682,1.0265412050518716,1.0264370539697052,1.0265403932673762,1.0265115825291404,1.0265005871235136,1.0261501322362159,1.0261685962868587,1.0261981196838357,1.0261711291828006,1.0261619013941912,1.026152796458196,1.0261448638046244,1.0261644188759043,1.02625986471503,1.0262645077961938,1.0260405525760306,1.026070338254341,1.0264044926931064,1.0264174952486464,1.0263660518650901,1.025013060407126,1.025001149641158,1.0247995061772919,1.0248255951831393,1.024975710099287,1.0249573512483805,1.0249347767926085,1.0249331175012941,1.024944688531552,1.0251041326540409,1.0293509393732654,1.0293390828886442,1.0293247564332648,1.0293266270361314,1.0294320562165238,1.0294657427549354,1.0294405146431287,1.0294203795898216,1.0293992268292016,1.0294005070479397,1.0314175170203521,1.031366597093201,1.0314578536611956,1.031832667387979,1.0318456216393006,1.0320759876477814,1.032041184844533,1.0322683748359358,1.031767451005397,1.031834444745953,1.0310026361539775,1.0310486712875444,1.0311101021792568,1.0311226105228726,1.0309035479063955,1.0308039056258762,1.0308273238954075,1.030815942378425,1.0299343952237723,1.0299475490351808,1.0303559656219825,1.0303156429555023,1.0302697414642805,1.0302553065805296,1.030270279283481,1.0290000121025036,1.0290000120974596,1.0290000130859196,1.0290000129914672,1.0290000111910265,1.0290000113946025,1.0290000114077797
138,1.0629505047363386,1.0634687159259197,1.060960659159587,1.0587612973888805,1.0583719807985084,1.0574548565491304,1.0561509136868756,1.0560053889186338,1.0555139668632978,1.055454342015973,1.054723943003484,1.0463143744490044,1.0458545074316483,1.0468532688595804,1.0470223548124957,1.046795961206155,1.0462738136664353,1.0462568914022856,1.046106265125252,1.0460501730039669,1.0505032623857393,1.0504742505045586,1.0268468181539612,1.0268468273987967,1.0268468310578105,1.0268468301042346,1.0268468321549669,1.0268468366356565,1.0268468313917722,1.0268468387815384,1.0268467199918088,1.0268466991598462,1.026846700304341,1.0268467032734052,1.0268467095784468,1.0268467087143318,1.0268467049264023,1.0268467075755545,1.0268467116090105,1.0268467154393035,1.0268467193217565,1.0268467196550346,1.0268467026671833,1.0268467021007606,1.0268467275992084,1.0268467316913856,1.026846680643469,1.0268466827628937,1.0268466836649282,1.0268466719172982,1.0268466740893194,1.0268466748156804,1.0268466707179218,1.0268466567360184,1.0268466581638822,1.0268466599355233,1.0268466618630876,1.0268466555234264,1.0268464894909335,1.0268465045411623,1.0268465040220291,1.0268465033136482,1.0268465024937767,1.0268465005574128,1.0268465050634012,1.0268465054705538,1.026846505765056,1.0268465089075913,1.0268465081364346,1.026846541446253,1.026846542140219,1.0268465409905383,1.0268465381171163,1.0268465382208727,1.0268465361320183,1.0268465363023278,1.026846543375748,1.026846550055503,1.02684654919998,1.0268465594484266,1.0268465586272997,1.0268465577775878,1.026846557730865,1.0268465599958247,1.0268465619754632,1.0268465616987148,1.0268465617028024,1.0268465749596296,1.0268465747856732,1.0268465789185874,1.0268465798951958,1.0268465789696775,1.02684657944127,1.026846579195525,1.0268465777301585,1.0268465782930627,1.0268465758460985,1.0268465733866647,1.0268465781646283,1.026846577694737,1.026846577832644
139,1.0938250948176664,1.0936014380904115,1.092976694238776,1.0879815445694065,1.0877601308424005,1.0870808127118883,1.086296070578248,1.086216642812488,1.0860092620468598,1.086012133438207,1.0851074210365104,1.0743264944053905,1.0745770138770105,1.075339325388944,1.0754904255262712,1.0753590980082237,1.0750706182279417,1.0750743999312187,1.07492877915161,1.0749177134983041,1.0785983851519596,1.0785906217519714,1.071286233911802,1.0713144265142123,1.0714295007585732,1.071410884518866,1.0714875642994417,1.0737103086111544,1.0738120014501709,1.0737704748862789,1.0743129653316221,1.074243919218258,1.0743826200908244,1.0743729659476422,1.073975090189594,1.0739862746504234,1.0740213493305486,1.0724580845840734,1.0724741693058615,1.0725665130848596,1.0725772667255171,1.0726276372884227,1.0722480784959993,1.072215219884897,1.0813994430943106,1.0813954784977227,1.081287696568903,1.0812946833933812,1.081121985821617,1.0810402146745899,1.0810383887132153,1.0810564093752357,1.0810404763693098,1.0810269427532289,1.0810200207884486,1.08101830754961,1.0810004556083375,1.0810334287353414,1.0603846004193602,1.0602244769251812,1.0602081301601676,1.060225637071014,1.0603085813086743,1.0610314677644905,1.0608089013750703,1.0606111675342642,1.06046357040255,1.0599623199077866,1.0600335653392035,1.0595762705551062,1.0594683203085282,1.0596633209606399,1.0603201175894696,1.060327835408976,1.06087636645208,1.0608090309125848,1.053659875286581,1.0529468554644654,1.0530308642220827,1.0522658740084374,1.0523111318467542,1.0523629027713142,1.0523610506859984,1.0522197282681043,1.0528250441880658,1.0528464406463374,1.052845538275108,1.0525933414194746,1.052590852762104,1.0525933853232585,1.0525995733592313,1.0525975051316514,1.0525990531913179,1.0525951154453865,1.0526069678409502,1.0526078644246109,1.0525954029885904,1.0528078044543703,1.0528262998998266,1.0528233702984466,1.0528234947480533
140,1.092487666087777,1.0915777016386494,1.093087323255675,1.086725147839041,1.0866433960315733,1.086119361134321,1.0856888400073024,1.0856730537399066,1.0857573355162147,1.0858272155898756,1.0848342232320698,1.073939293881037,1.0756282689118715,1.0756107479018242,1.0756200251780494,1.0756177232151796,1.0755122806212336,1.075512843482292,1.0755137742137872,1.0755368888084553,1.0757863290722587,1.0757872377211735,1.074943064142388,1.0749594006564895,1.0750388638552153,1.0750628283835046,1.075095333950284,1.0818737258124853,1.0819242022763345,1.0819126574562745,1.0820629203040038,1.0820345629864927,1.0820991584115238,1.0820936280573685,1.08180401509645,1.0818087190611325,1.0818195446192516,1.0713007195518656,1.0712105366542937,1.070835563762044,1.0707836457037465,1.0705384081987555,1.0716749071558966,1.0718506021219179,1.077843126536487,1.0778403051155083,1.0780068554834834,1.0780237636892593,1.0780829408060832,1.0782776049850213,1.078252921154283,1.0782527441750132,1.078159440833555,1.0784008264066356,1.0783157572403448,1.0782772779991945,1.0782262972130696,1.0782490364012813,1.077773848925787,1.0776523631610009,1.077647531260985,1.0776565627706236,1.0776882776003942,1.0779422911995953,1.079144135210247,1.079074175135779,1.0790198393656902,1.0788090599693732,1.0788376756151445,1.078743786512422,1.078698483093,1.078778878964255,1.0790081788285477,1.079002113261138,1.0791752933358465,1.0791551168747722,1.0232545548138527,1.0232545500093089,1.0232545528954504,1.023254536614548,1.023254540120808,1.0232545456375695,1.023254539499277,1.0232545286889736,1.023254497643654,1.0232545022926627,1.0232545029457523,1.02325448760612,1.023254491832149,1.023254492438379,1.0232544972680246,1.023254500696612,1.0232545048526307,1.0232545088994096,1.023254514058419,1.023254518233379,1.0232545200066647,1.0232545250081062,1.0232545296107243,1.0232545300310318,1.0232545333502394
141,1.0647340060003556,1.0643752870470229,1.0651738912407642,1.0647033287681864,1.0646607265632215,1.0643624756053662,1.0645636148894226,1.0645497381384594,1.0645299027096546,1.0645438049824552,1.0642367371197763,1.060853024338844,1.0630131846434085,1.063061120135445,1.0630694575729724,1.0630483793902767,1.0628203183468854,1.0628169934794967,1.0628207617058563,1.0628321736804198,1.0624898484982765,1.0624868029132797,1.0626762906396754,1.062671849477535,1.0626902970677778,1.0630978726867761,1.0630787797187478,1.0678542457130475,1.0678502198462392,1.067844394319504,1.0683529551480768,1.0683927011229877,1.0684403298738496,1.0684314463612907,1.068292099946519,1.068301696252602,1.0683204531414954,1.0567641809214297,1.0568123709061055,1.0570275033962224,1.0570564978700119,1.0571942157854686,1.0566352771406284,1.056544785241169,1.0563640418829512,1.0563629561511605,1.053109738094881,1.0531101199937134,1.052628202803299,1.0520200984123007,1.0521074792092484,1.052162372375241,1.0524356252657536,1.0514458452233992,1.0517500286512296,1.0518946625089827,1.0519979415004899,1.0520339577299291,1.0519776633377351,1.0520867513265253,1.0521100164600856,1.05208619487234,1.0519689477872511,1.0509712154290298,1.0430706607636981,1.0434816772906013,1.0437939265791856,1.0448723415644998,1.044709478185386,1.0450135304542205,1.0452710801354534,1.044806264235548,1.0433107618182826,1.0432780166097393,1.0421246107189737,1.0422604065492131,1.0428510873895243,1.0456931339464104,1.0453396891275608,1.0495064297108923,1.0493858619352436,1.0490320296146949,1.0490553878903643,1.0500921254011153,1.0506414057980267,1.0504812196582904,1.0505009272732486,1.0549754307572952,1.0548458002243133,1.0551165605361879,1.055276898638568,1.0551191525260128,1.0551535724619665,1.055008586658049,1.055165374221566,1.055208667730852,1.054616389272616,1.0383220814774021,1.0392566799709655,1.039154479691214,1.0391407070959255
142,1.0517029117005905,1.0518498666508458,1.0520767714428854,1.0717524587497982,1.071784987027993,1.0719114477907772,1.067299295408963,1.0672445087945917,1.0669598211493343,1.0669127873880446,1.0670395337669574,1.0674331467730902,1.071417534928453,1.0713409121942645,1.0713169288638138,1.0712955505601252,1.0712079311262392,1.0712075444836244,1.0712047774391673,1.0709032236987097,1.0708031895524275,1.0708038846483234,1.0708983045023923,1.0709000806638327,1.0709180357847043,1.0772309302311174,1.0771877014269557,1.0782599477006987,1.0782527150747332,1.0782649892561729,1.0785027129644762,1.0783672543544056,1.0782710621238254,1.0782882353368204,1.0783714274797136,1.0783586921684778,1.0783157040874685,1.0790252093414676,1.079012265667697,1.0789652575969548,1.07895639508458,1.0789076920449963,1.078438443057752,1.0784457578727558,1.0783603460500408,1.078358445059384,1.026580376490047,1.0268944976707435,1.0269352754470509,1.0269084462653881,1.0269079974810267,1.0269116421142912,1.026908311717327,1.0268918142153283,1.026869548432802,1.0268645339688092,1.026728922637785,1.0267150213305434,1.0266680723719535,1.0266519731876596,1.0266514461710272,1.026651214176443,1.026652519999321,1.0266505958101275,1.0179918117591737,1.0176950357320809,1.017473333380587,1.0167159880683272,1.01682187684214,1.0166277304278928,1.0164603077829149,1.0167633981813105,1.017788746158126,1.0177994170374673,1.018643941984322,1.0185389084830767,1.0183198647945466,1.0093369211945344,1.0094473427054576,1.008491558577696,1.0265810379467797,1.0265810360944867,1.0265810382710057,1.0265810419194377,1.0265810419513905,1.0265810401186937,1.0265810399081834,1.0265810535016646,1.026581051640656,1.0265810522241872,1.026581051025644,1.0265810493372196,1.0265810479927397,1.026581046126592,1.0265810448212538,1.0265810434972078,1.0265810410400387,1.0265810447365828,1.026581046350491,1.0265810446669867,1.0265810434830906
143,1.0270290157653128,1.0270553749071234,1.02738680650126,1.0669395493875917,1.066965273144739,1.0695412946896168,1.039498665373539,1.0394271095587004,1.03909119890959,1.0390919583591112,1.0391623570569442,1.0391333025173843,1.0400995483934024,1.0402376028748497,1.0402287763421771,1.0401065265116272,1.0421297482002718,1.0421328676576223,1.041971248420239,1.0412335882322847,1.0412339271869,1.0412257217639775,1.0410868516468197,1.04105829344799,1.0411125524815266,1.044975870178549,1.0449672264257557,1.0448951363535872,1.0448796054628542,1.0448868832887748,1.0305162730024604,1.0315078255200782,1.032332706823224,1.0322452837060891,1.0314974888717672,1.0315896023148687,1.031860721088347,1.0316548681158677,1.0319129450884148,1.0330337088213792,1.0331856622143756,1.0338945957817434,1.0016817732855032,1.001358468542195,1.0013116337303718,1.001310212113259,1.0034701351706878,1.003694585633894,1.003419275042227,1.0030405346321163,1.0030937178082402,1.0031210875721228,1.0033179844510929,1.0030768334353515,1.0032549663994905,1.0033357201078243,1.007436546185495,1.007544081148855,1.0074880796359387,1.0074946254891135,1.0075017746873949,1.0075025049841941,1.007484057012604,1.006911369156532,1.0070289109711281,1.0070933091927945,1.0071405304878198,1.0072122955234946,1.0071898975874392,1.0072380376651302,1.0072734876548088,1.0072084686364213,1.0069488586845121,1.00691534103091,1.0067531829510052,1.0067767551373161,1.0067915600763804,1.0029909045863585,1.002995114300902,1.0030351643724036,1.0027791187703003,1.0027760383574478,1.0027713726484457,1.0027969045658582,1.0028050943505786,1.002801843848033,1.0028074908236937,1.002843480695624,1.0028557941798717,1.0028261337055207,1.002815532841452,1.0028316598527518,1.0028300249311948,1.0028428689252995,1.0028324594442777,1.0028283891741214,1.0028800281824617,1.0029975335141668,1.0029052291882024,1.0026430020490302,1.0026464216937696
144,1.0128320194779574,1.0130116291724722,1.0130669887174848,1.0563883160990426,1.056600825291215,1.0635039177936125,1.0212548658827973,1.0212624019819079,1.0213810802955117,1.0215061442956326,1.0214262025945118,1.0215034148022677,1.0214011330663908,1.0211357733883704,1.0211086034318637,1.0211045024979046,1.0270646619185155,1.0269966694470787,1.0269733374769514,1.0269205272925188,1.0269273240823877,1.026928171425316,1.0269475478599421,1.026947119729955,1.026964232775029,1.02820119361576,1.0282138414555735,1.0282083335170076,1.0282375974605023,1.028212638020892,0.9935764846399946,0.9914917964346028,0.9915915399338856,0.9915920343488418,0.9915147703063617,0.9915189691120234,0.9915325967038959,0.9915525399490047,0.9915843954933351,0.9917234883303083,0.9917511203951067,0.9918787507031879,0.9865992499436679,0.9867143784672274,0.9867390821249363,0.9867390159118357,0.9862090954355508,0.9862772867024105,0.9863663658920488,0.9865088729108881,0.9864879447330552,0.9864802497365042,0.9866542403982607,0.9852023825815776,0.985215300637735,0.9852250614165177,0.9852648300972153,1.0079218834720698,1.0079216858697317,1.0078976202530647,1.0078958306633463,1.007902280697586,1.007921958751251,1.007353021089569,1.0072513385671817,1.0072090235152829,1.0071761196357845,1.0067141870646379,1.0067341571994948,1.006700224457728,1.0066681379560904,1.006725778481592,1.0068820718527476,1.0068567622121185,1.0075966837752983,1.0075855340205413,1.007522253368035,1.0074992258697386,1.0075293734223483,1.0072520542350252,1.0072663481226727,1.0072895944160316,1.0066906226975418,1.0066111977769165,1.0065802856931514,1.006590350089842,1.0065933056431953,1.0253940394766996,1.0253159624714245,1.0254748095626813,1.025578360683035,1.025484126080395,1.0255072678105073,1.0254184377943776,1.0255192502910668,1.025546837281605,1.0251819252499117,1.024997715415991,1.0256375216355096,1.0253124970992957,1.0253033108363176
145,0.9857829159320008,0.9857314442214322,0.9857817603404679,1.001814046850314,1.0019808669797636,1.0086155937999925,0.9919033637197034,0.9919565593660368,0.9920113027074368,0.9924130408404314,0.9923213133801392,0.9921210460322589,0.9917259034146529,0.9916985476982345,0.991613445990308,0.9915049454005361,0.9938645194529563,0.9933349975562898,0.9934348121901811,0.9934378860177437,0.9933933713552568,0.9933888140692821,0.9934216561521972,0.9934273285362356,0.9933934864581161,0.9932989029490452,0.9933500260111277,0.9933209721882815,0.9933367194751718,0.9933289357410303,0.9927813280609769,0.9763242884775154,0.976189809701877,0.9761457516326797,0.9762518355044605,0.9762538751602158,0.9762549624578354,0.9762781771928393,0.9762307430973357,0.9759580482531249,0.9759331762812474,0.9757990415723297,0.9768071662377997,0.976923235250294,0.9769247677791836,0.9769241465056953,0.9763725896850892,0.9763964444730636,0.9765036172950515,0.9766587991496622,0.9766324283083354,0.9766044033930423,0.9732233127947912,0.9750696994866279,0.9751724115024051,0.9752110936263253,0.975271739402742,0.9744268440491,0.9743928112597494,0.9744620965760978,0.9744678839290923,0.9744426510466148,0.9743558586447345,0.973801709816703,0.9740332680512935,0.9741594124813289,0.9742607818929142,1.023905452556519,1.0239054458572978,1.0239054420099623,1.0239054397565739,1.0239054381376815,1.0239054927368436,1.0239054952600726,1.0239054842215012,1.0239054803145726,1.0239054895546402,1.023905497686788,1.023905494648623,1.0239055057566635,1.0239055016068974,1.0239054960118104,1.0239054973064632,1.0239055066689462,1.0239055053554678,1.0239055005638813,1.0239054998260884,1.0239055266368868,1.0239055225413625,1.0239055229025118,1.023905519113621,1.0239055155141588,1.0239055119242064,1.0239055078304913,1.02390550377053,1.0239055002264943,1.0239054966388312,1.0239054957540425,1.0239054950044788,1.0239054942377606,1.0239054912356713
146,0.978528074159235,0.978712866935268,0.9784245955318623,0.9881241487206313,0.9881480515590172,0.9931866921160196,0.988037514004234,0.9880039080096062,0.9879734743928198,0.9880945304836001,0.9880797674186067,0.9880464463326606,0.987917077149666,0.9879347385755903,0.9880101558408477,0.9882376725555205,0.9890442571044321,0.9888613948187127,0.9889166056672835,0.9889234145941058,0.9889025542931129,0.988901339491158,0.9889399042935345,0.9889466268146396,0.9889291745844454,0.9889143022438035,0.9889431095391183,0.9889335889082055,0.9889529873530305,0.9889393472644451,0.9876770857394458,0.9701130487339819,0.9697940019611396,0.969766918689559,0.9700431545553757,0.9700129247112765,0.9698990990256031,0.9700033791059426,0.9699012037920126,0.9705695225926723,0.9705054755018719,0.9701276259948008,0.9721670777367067,0.9724695531410612,0.9725005857830401,0.972500971404203,0.9705241968952575,0.9705649271130202,0.9708959003013059,0.9713668891968162,0.9712958105839469,0.9712482586802226,0.9561179009897357,0.9578803313338442,0.9579233208451208,0.9579417469076563,0.9579623825585618,0.9572506301610316,0.957233107293101,0.9572572995476543,0.9572617971875497,0.9572537262470857,0.9572250606088639,0.9570017011678991,0.9570766783253852,0.9571207993989138,0.9571558133150289,0.9688444408638621,0.9688715992429062,0.9688211263699055,0.968777637893271,0.9688568889616378,0.9693494151992907,0.9693035704559164,0.9697189563577295,0.9697001673018845,0.9696405610457045,0.9692586587704896,0.9693136388687867,0.9681560976877175,0.9682265958448166,0.968313187694403,0.9681766326151209,0.967754711810902,0.9676247689178153,0.967668926606676,0.9676650039345333,0.9663890158895749,0.9664503699853138,0.9663452085023959,0.9662848345418685,0.9663466367567544,0.9663342263834753,0.9663905932539049,0.966331196861312,0.9663117598931436,0.9665371691959065,0.966682737834231,0.9662842028741611,0.9663290770251703,0.9663378845831277
147,1.004054316048888,1.0041599180557748,1.0039748570712173,1.0040809628912857,1.004071103756106,1.003823021876462,1.0039912342403012,1.0039362908220857,1.0039100992294532,1.0040278168705103,1.0040399067442352,1.0040543676719842,1.0040818230618835,1.0041999941080175,1.004316648228106,1.0042414507584754,1.004159192085202,1.0041645724397212,1.0041373987384126,1.004135693281242,1.0041438845117114,1.0041438409103647,1.0041281280488987,1.004126126292333,1.0041345063884888,1.0041536289121293,1.0041395535375703,1.0041486659835224,1.0041412834384527,1.004147416951193,1.004055822119593,1.0040643135283747,1.004026042966794,1.0040369405876217,1.0040766075452812,1.0040667848190268,1.004026407930694,1.0040451162771395,1.004030791399934,1.0042189650162756,1.0042604843978356,1.0042336176484787,1.0043352887303356,1.004399811277039,1.0044041432525126,1.0044043837367906,1.0042408626215433,1.0042429827980512,1.004264493713654,1.0042977488958986,1.0042926487398613,1.0042920974607386,1.003377984350868,1.0036504350224515,1.0035731191137136,1.0035387293861984,1.0035065926898827,1.0035187894694773,1.0035428765090213,1.0035122870990825,1.0034645563256626,1.003473971198284,1.003496689523116,1.0037327800751472,1.0036339507048542,1.0035698704880947,1.003516807754478,1.0029666309330185,1.0029952173902754,1.0029447801867328,1.0028983624991457,1.002989731021126,1.0045588292203824,1.0059189305165046,1.006131169739927,1.0061050026431584,1.0060030435855847,1.005438909440969,1.0055225784388346,1.0101340794126734,1.0101691098910899,1.010209262185201,1.0102091003643225,1.0100719132933211,1.0100111875503346,1.01003526816393,1.0100605762399049,1.0092936047079586,1.0093223787583707,1.0092610526866013,1.0092278965626205,1.009265470336018,1.009254029303421,1.0092871485219053,1.0092545969996642,1.0092411456694044,1.0093273983380928,1.0094071940475253,1.0091164318343848,1.009142000533969,1.00914895406075
148,0.9907032089275261,0.9903565394718772,0.9912122842806276,0.9899757051689606,0.9891063922366392,0.9891475195995556,0.9890571745142612,0.991343578502028,0.9916907726911439,0.9883828296405737,0.988117864013693,0.9879410359309998,0.9875317713528946,0.9858647302424002,0.9766470800449801,0.9766737458571695,0.9766709153827259,0.9766694649229294,0.9769202489270581,0.9769263793607043,0.9769066499373855,0.9769045404985066,0.976953711167929,0.9769660374250705,0.9769455674136521,0.9769170568020835,0.9769572620795517,0.9769395966742963,0.9769640693877657,0.9763828337812135,0.9767657283642261,0.9770415531242674,0.9771065316174725,0.9825685450936255,0.9826154718300871,0.9826155595514264,0.982738568579414,0.9827575045444289,0.9827381552735976,0.9824274234050187,0.9824654603677014,0.9823982217140512,0.9827021170225347,0.9831068849906736,0.9831098559062408,0.9831097385273792,0.9828497672439017,0.9828579695329681,0.9829107481115937,0.9829787815091403,0.982969021508681,0.9829616284947182,0.9833651338517173,0.983427606881246,0.9834090505585471,0.983398333590988,0.9833901072668632,0.9833816907723295,0.9833898566296241,0.9833828408401575,0.9813489618546037,0.981350996087338,0.981935115268934,0.9820064417695952,0.9819772065536804,0.9819575702492288,0.981939683336659,0.9818747812584453,0.9818882817786609,0.9818732155176606,0.9818591214185356,0.9818683466360177,0.9820405990229778,0.9820285576837474,0.9821342845413904,0.98212333718403,0.9820828993271318,0.981806319185595,0.9818512596954797,0.9811542572323293,0.9812086407762357,0.9812730519107381,0.9812692161675938,0.9810723603523755,0.9809763917405708,0.9810107732843537,0.9809882435867745,0.9797921945161274,0.9798356334006187,0.9797458259356253,0.9796905341794258,0.9797446355264863,0.9796484374648771,0.979697764375042,0.9796441402309872,0.9796265027328147,0.979814512614244,0.979926755376669,0.9796027311608999,0.9796418567791981,0.9796489725622606
149,0.9626356142501166,0.9624316900041112,0.9626254317884061,0.9622506115309314,0.9604064943922218,0.959841728768929,0.9591058815246034,0.964811725115179,0.9651983347091605,0.9626850580086525,0.9624840121466117,0.9623364776489215,0.9620114879204951,0.9604080888525266,0.9514179669290429,0.9514075321203149,0.951452684566306,0.9514482129529039,0.9517179424115966,0.9517258223073082,0.9517003011379731,0.9516943899149839,0.9517584022716234,0.95178930390631,0.9517601374813449,0.9517150171426558,0.9517807519049135,0.9517556341815846,0.951787076866167,0.9491758878965839,0.94985075881712,0.9498533544104597,0.9499948466785546,0.9509855947952464,0.9507721765592285,0.9508267434388255,0.9478724392651591,0.9477723167574762,0.9478655522782278,0.9482706857558186,0.9484073060195269,0.9487987820332227,0.9475234489914252,0.9249973010282113,0.924997692178725,0.9249975920643845,0.9249988987356563,0.9249989113940285,0.9249953173102503,0.9249929839158725,0.9249931555516934,0.9249927921109611,0.9249890690354307,0.9249870885132939,0.9249867201783936,0.9249857436074944,0.9249852229201035,0.924987746648622,0.9249878610639412,0.9249878403556416,0.924998155032385,0.9249971233962334,0.926775889021353,0.92672150968523,0.9267448742363361,0.9267602391275435,0.9268012142659401,0.9268416225353812,0.9268644208732523,0.926873760408495,0.9268830393113119,0.926962060204534,0.9270288419383365,0.9270305616038526,0.927011510441084,0.926993075423836,0.9270026548656914,0.9270582799644245,0.9270462587377367,0.9271559592062429,0.9271473303698561,0.9271369157810178,0.9271383892574411,0.9271662424837117,0.9271801287139213,0.9271745141011212,0.9269915227999035,0.9270479944813426,0.9270462447202463,0.9270496489646525,0.9270507164904765,0.9270484957445082,0.9269534636022893,0.9269516949320002,0.9269526572600721,0.9269538928901996,0.9269465760175963,0.9269428845737728,0.9269138560909918,0.9269134036344022,0.9269126775220342
150,0.9467592558390134,0.9469858357433302,0.9462653644284248,0.948947764971557,0.9465923792851159,0.9459654434610374,0.9452883290248839,0.9517172242924987,0.9518312512827558,0.9506924056623639,0.9506364119088384,0.9506165338591852,0.9505250180554583,0.9503477956564428,0.9475801778811038,0.9475727882592938,0.9476065997603479,0.9476092389237033,0.9449462865546955,0.9449578551832176,0.9449430779829763,0.9449385819213205,0.945012534423222,0.9450023342155888,0.9449824715042252,0.9449539910667818,0.9449962653192596,0.9449785146033731,0.9450136254431921,0.9425653832694126,0.9424636339116396,0.9423323581644665,0.9422957232906164,0.9425646905081104,0.9425304209448178,0.9425752118161969,0.926240056957219,0.9262309939229685,0.9262350210634901,0.9263123154619659,0.9263560734065936,0.9265831451907832,0.9264061912663711,0.9168747926281834,0.9168746643739044,0.9168750336163146,0.9171195778596714,0.9171122713176086,0.9170527621067887,0.9169800726384909,0.9169882583767313,0.9169986012583665,0.9169935300631845,0.9168442803615058,0.9168572309002198,0.9168751956775243,0.9168867782331422,0.9169066207913343,0.9168864988457227,0.9168962256824509,0.916908253259245,0.9169146474524271,0.9173653206746604,0.9171683864806885,0.9172281553466068,0.9172756253973999,0.917731850294691,0.9178215172930719,0.9177924149780079,0.9178339240727899,0.9178631344166632,0.9257809054901938,0.9257468657871608,0.9257173000530708,0.9257452353767329,0.9254869489747066,0.9254565539508558,0.9253501038461064,0.9253288403777779,0.9253021193492292,0.9253003396278939,0.9252993878296567,0.9252978795086791,0.9253118080059003,0.9253250125113808,0.9253252087403141,0.9542432114412331,0.9542432416011272,0.9542432384113888,0.9542432395515648,0.9542432372566149,0.954243234357187,0.9542432316427999,0.954243228414491,0.9542432264441042,0.9542432241060994,0.9542432193538855,0.9542432175737562,0.9542432213334647,0.954243220367706,0.9542432184349381
151,0.9255168292846546,0.9259098407361833,0.9248928033671358,0.9282920467307244,0.9262514029684519,0.9256062440584162,0.9250566013690048,0.9299979869482728,0.9297937861728001,0.9300349808288757,0.9300817150360663,0.9301284739631468,0.9302076334287676,0.9332895359286305,0.9336448324373429,0.9335777634313985,0.9334451863043404,0.9334523106340481,0.9205232462273453,0.9205364131148456,0.920491549318012,0.920465892900954,0.9205734042140951,0.9201243736789737,0.9200962170216378,0.920045274712789,0.9201050565590184,0.9200775695363526,0.9201213706199279,0.9196970516912389,0.9198979788436182,0.9197726659723916,0.9197457052338431,0.9197563621534811,0.9197304130277502,0.9199130038287515,0.8952094286838663,0.895269430878468,0.8951759593672074,0.8949560642477985,0.8949270240884121,0.893406520562566,0.893989079422928,0.8947732321866835,0.8947862008486911,0.8947870121561192,0.8940639600818959,0.894077179685248,0.894191218910926,0.8943558439998668,0.8943303139815524,0.8943169250304974,0.894225283725185,0.8944747103202233,0.894364363505988,0.8943224088678059,0.8942897365826322,0.8942880096902867,0.8943170048374731,0.8942842429741626,0.8942793171618646,0.8942906411728245,0.894289465718918,0.8945782255006606,0.8944563285874877,0.8943748262798916,0.8836233153577192,0.8835616240830327,0.8835853662016865,0.8835698434263278,0.8835572475347871,0.8832681452830965,0.8833334224210548,0.8833323652643477,0.8833987012093284,0.8839623098334376,0.88392546447694,0.8837273565091339,0.8832682297548542,0.8829875555020228,0.8830045869305219,0.8830260417000706,0.8830251732157198,0.8829634920321305,0.8829380349043376,0.8829445719610843,0.8831443208447513,0.8831331696216353,0.883131860326602,0.8831345739266989,0.8831043064464555,0.8831028184620218,0.8831031408529213,0.883102171001535,0.8831041102999134,0.883097506060549,0.883091983828956,0.8830908041180616,0.8830998211667141,0.8830985525757911,0.8831005743174662
152,0.9020809798622765,0.9030152314787901,0.9010379652342009,0.9075826656028139,0.9061562433855104,0.9059246724642395,0.9059884502763921,0.9075598728846929,0.9067773542347002,0.9069317303329201,0.9071231679161116,0.907268216744118,0.9075569995636882,0.916804252064342,0.9172577753451285,0.9172025739349711,0.9170849049773084,0.917094950421463,0.9023193642278066,0.9023114731812898,0.9023242222918704,0.9022973013904226,0.9022324113320108,0.9017592896003088,0.9017987256640076,0.9018782378349549,0.9018179268445475,0.9018560797260022,0.9018231886128051,0.901841714771962,0.900888040939293,0.9007731450473339,0.9004971464103084,0.900545106557698,0.900687481422375,0.9009765592455856,0.8969203217247456,0.8970374867051946,0.8968553805159971,0.8964427384361995,0.8963897759215868,0.881294532026525,0.8813577353029767,0.8815399032594377,0.8815448960257096,0.8815458231574156,0.8813955655928642,0.8813974968287455,0.8814100919929098,0.8814342067246336,0.8814285126973136,0.8814298785764434,0.8813953907599379,0.8814010215413296,0.8813277480781991,0.8813152596963749,0.8813098167843955,0.8813143420385808,0.8813138592622977,0.8813065286637187,0.8813079891394241,0.8813183754745989,0.881335513688452,0.881391994087935,0.8813538983512715,0.8813289423522358,0.8767324698648534,0.8766484561078932,0.876674803543201,0.8766587102003406,0.8766431627346198,0.8767177940446836,0.8767409405215337,0.8767330869445803,0.8768088065098115,0.8769958325027403,0.8769807335348515,0.8769711766065746,0.8865977769056785,0.8868978653194439,0.8868732255908415,0.8868441130696405,0.8868462086732887,0.8869341050568814,0.8869811548796007,0.8871704537806132,0.8870984061405335,0.8880573912610337,0.8880216702604333,0.8880960620227353,0.8915563973635714,0.8915389093026739,0.8915456542087494,0.8915228620994364,0.8915429394708551,0.8915149138528076,0.8914451943417212,0.8914068819650545,0.891530591230371,0.8915170634217943,0.8915249335698204
153,0.8865050945067078,0.8877038367003492,0.8851880514900187,0.8930517981367558,0.8920638391010187,0.8919782977856844,0.8923271825016901,0.8925679708411274,0.8913872261506023,0.8913020930435201,0.8916036774646926,0.8918130160797946,0.8922530795604913,0.9059902069171821,0.90621632933792,0.9061754638608569,0.9060866314913628,0.9060946677153678,0.9000863934325052,0.9000730787647111,0.9001110930448948,0.9000906037229676,0.8999714863259496,0.8997927671245957,0.8998491240984958,0.8999630379024861,0.8999037284711523,0.8999589942129639,0.8999023439283651,0.8999576041145682,0.8985591863679422,0.8984580540253989,0.8980512485764559,0.898104831260468,0.8983394820524362,0.8969717029859661,0.895931552629164,0.8960719420958131,0.8962613487757061,0.8957337968748742,0.8956636402014254,0.8789867689432918,0.8810319359802272,0.8813225907499833,0.8813545873992126,0.881356641899098,0.8792966304790906,0.87933780481197,0.8796932898909356,0.880184785083292,0.8801134603574805,0.8800716181036534,0.879830251619355,0.8805871880008944,0.8802544225897656,0.8801153442625971,0.8800217392994222,0.8800002611921844,0.8800906064165466,0.8799974466794195,0.8799802081123118,0.8800050232073267,0.88011460904492,0.8809044393229861,0.8805842403809295,0.8803642170524281,0.8797250856750332,0.8791275939355979,0.8792246915885801,0.8790636965519723,0.8789279519307459,0.8792228721170234,0.879975101440129,0.8799851625407822,0.8806098848495534,0.8805308473887882,0.8802890675348308,0.8788885280501162,0.8819771203392176,0.8795751486532201,0.8797491996583332,0.8799621600221488,0.8799484528324635,0.8793215371764792,0.8790389819810046,0.880128816101226,0.880125192542547,0.8782375855661755,0.8782922780602596,0.8781811110232224,0.878435749006277,0.8785003423743815,0.8784892444368781,0.8786151537659911,0.8785510542422306,0.8784685436329865,0.8787095039861224,0.8788510981285989,0.878427328905043,0.878474448843826,0.8784794974505458
154,0.8536121292154474,0.8543536254690056,0.8531969412263111,0.8576287805300574,0.8573073940277779,0.8572665932302763,0.8575300729652183,0.8572394448740782,0.8562517008961862,0.856115595345907,0.8563253669462164,0.8564595657443917,0.8567593488367689,0.8646097315357604,0.8646103953415986,0.8646124391844265,0.8646121246683061,0.8646144019435786,0.8655746446680463,0.8655753767160419,0.8655845080163674,0.8655885450603129,0.8655798918158284,0.8656123151638412,0.8656207636906319,0.8656333394317942,0.8656520713528889,0.8656573288532738,0.8656555637654336,0.8656635070272757,0.8654690072089707,0.8654421446150007,0.8648064753480327,0.8648162251824729,0.8648447194436143,0.8483855231837661,0.8485008754173908,0.8484131551744863,0.8506206708984274,0.8507644853150185,0.8507859317577618,0.8502933207143103,0.8501123415749692,0.8500817738030388,0.8500810306561191,0.8500819075092723,0.8502076679796795,0.8502053547085499,0.8501810256317923,0.8501454094281398,0.850148090783181,0.8501550708672069,0.8501607647912254,0.8500716629841797,0.8498556600685749,0.8498709630555947,0.8498788452501881,0.8498780433010049,0.84986699952837,0.8498726405033125,0.8498763409370503,0.8498824744140658,0.8498854893647582,0.8498245762776448,0.8498357887159196,0.8498270562729486,0.8498145880578021,0.8498414559330272,0.8498413988640867,0.8498533720172737,0.8498666230885008,0.8498830625991023,0.8497864362698916,0.8497817627710416,0.8497380086714079,0.8497529211546474,0.8497633609595219,0.849851439409418,0.8499061448655302,0.8500490016592319,0.8500426482978627,0.850034678989085,0.8500326442606696,0.8500583755050308,0.8500728436466047,0.8503589385700362,0.8503768029596498,0.850749158609289,0.8507419747120519,0.8507583191143868,0.8507420224849126,0.8507346389409947,0.850742419723331,0.852274715130191,0.8522747151349802,0.8522747189245915,0.8522747182348229,0.8522747178704344,0.8522747189650222,0.8522747188386822,0.852274719149129
155,0.841981391907523,0.8429268846032794,0.841367052736677,0.8470507129801348,0.8466627572926034,0.8465921524576414,0.8469237157199536,0.8465866646856862,0.845257413777216,0.8450574930064747,0.8453404317297601,0.845517626240027,0.8459206388672728,0.8534222431354341,0.8535173665699819,0.8534882097094447,0.853433160251065,0.8534425222918746,0.8539595145146189,0.8539575285183504,0.8539933008157821,0.8540453876546972,0.854000871284824,0.8540287171266843,0.8540624590474606,0.8541146032768829,0.8539433594808111,0.8539694280434934,0.8539514699054622,0.85397937262128,0.8533910103668468,0.8533496787333403,0.8522943192157333,0.8523031910311287,0.852355367562207,0.8342091818645814,0.8342161088351719,0.8342234297888933,0.8348665163704594,0.8347606683978549,0.8347476897581949,0.8347271970574888,0.8351252208210813,0.8351928780354853,0.8352015192789405,0.8352023834485239,0.8347533383642238,0.8347606239040458,0.8348300844555308,0.8349308442605305,0.8349024397823683,0.8348960821087468,0.8348440453665698,0.8349940874142867,0.8346658578995354,0.8348744162901927,0.8348599604682054,0.8348554981650382,0.8348677145516242,0.8348520714837364,0.8348504594480628,0.8348652976086368,0.8348854638103785,0.8350136077600838,0.8349551946187431,0.8348583468248765,0.8348206289009176,0.8347226336232159,0.8347380367552165,0.8347145609521469,0.8346900630759966,0.8347386875440674,0.8348416888145359,0.8348407200572857,0.8349408401215711,0.834931421005061,0.8348897427361053,0.8346718294486123,0.83469875806691,0.8343974773281878,0.8344189232813105,0.8344455181499054,0.8344421421408835,0.8343676338799919,0.8343364956480834,0.8343952964131596,0.8344051213959061,0.8341831100835229,0.8341900349109296,0.8341772186183113,0.8341687720631689,0.8341774537286996,0.8341793913831468,0.8346629802086326,0.8346531899009526,0.8344584990500593,0.8345051337631213,0.8345344141320333,0.8344530481431613,0.8344618092148133,0.8352192678446463
156,0.8073794007261135,0.8080640307071589,0.806225301846136,0.8108127005649433,0.8105053059605803,0.8104132852244809,0.8106756514509196,0.8104261601045784,0.8093312159132442,0.8091382482746718,0.8093807025362729,0.809527870177795,0.8098778113593629,0.8134700129441165,0.8136544679520081,0.8135881338536011,0.8134745936139718,0.8134882451261003,0.8132212143702209,0.8132132368574757,0.813271963932747,0.8134030468983432,0.8133159797403899,0.8133212935965857,0.8133785570400553,0.8134701797762325,0.8129409092851894,0.8129888660958181,0.8129489137048583,0.8130016195886092,0.8120104196301908,0.8119845536598659,0.8112943757680086,0.8112963198629729,0.8113967078628963,0.8059820138069844,0.8060200992795689,0.8060734857963727,0.8057930294601714,0.8056320910159743,0.8056082998889293,0.8057501004764399,0.806198921831649,0.8062962392025403,0.8063055096667916,0.8063048572653082,0.8058434354965448,0.8058479998001824,0.8059214271339882,0.8060328545140178,0.8059584851223247,0.8059486212716048,0.805902487844728,0.8061167549035259,0.8062930203098678,0.8082376559198243,0.8082376553328612,0.8082376563296756,0.8082376569551354,0.8082376564836106,0.8082376561453077,0.8082376567613613,0.8082376568117119,0.8082376593220806,0.8082376596050789,0.8082376548518551,0.8082376545162725,0.8082376532972433,0.8082376531352498,0.808237652480013,0.8082376505781583,0.808237650799617,0.80823765587219,0.8082376556085781,0.8082376570321667,0.8082376564931636,0.8082376563115313,0.8082376532420354,0.8082376530898978,0.8082376494386637,0.808237649505401,0.8082376495534278,0.8082376498786865,0.8082376494907404,0.8082376488424736,0.8082376484055749,0.808237648421737,0.8082376455940763,0.808237645370001,0.8082376451645408,0.8082376445266533,0.8082376443637674,0.8082376439683319,0.8082376436162869,0.8082376431054394,0.808237640508949,0.8082376407304563,0.8082376409855307,0.8082376399507046,0.8082376399771819,0.8082376571012487
157,1.0347088637725377,1.0347089002334608,1.0347089106096088,1.034708887979251,1.0347089015191786,1.0347089065084272,1.0347089046663402,1.0347089161584997,1.0347089208350642,1.0347089300975532,1.0347090361195188,1.034709014685331,1.0347090206830645,1.0347090359457314,1.0347090489827853,1.0347090611137275,1.0347090235572465,1.03470903602035,1.0347090261127714,1.03470903726446,1.0347091500213532,1.0347091592540674,1.0347090457574641,1.0347090555541703,1.0347089819544621,1.0347089842857642,1.0347089839165027,1.0347089866866241,1.0347089907315847,1.0347089982405244,1.0347088773011015,1.0347088598972096,1.0347088582488138,1.0347088608835928,1.0347090209461802,1.0347090188544523,1.034709011120508,1.034709012865648,1.034709018435482,1.034709019805022,1.034709025335231,1.0347090221297421,1.0347090085355304,1.0347090092288944,1.0347090113928818,1.0347090170149742,1.0347089355485195,1.0347089383641912,1.0347089421927238,1.034708993082347,1.0347089977363682,1.0347090019093297,1.0347089949932051,1.0347089624424817,1.0347089665876348,1.0347089707960828,1.0347089748623286,1.0347089630940747,1.0347089541043533,1.034709040650095,1.0347090453759606,1.0347090493027338,1.0347090524096956,1.0347090460892074,1.0347090246150517,1.0347090272679826,1.0347090296698873,1.034709024989006,1.0347090288094392,1.034709060268202,1.0347090622588182,1.0347090626889706,1.0347090270194068,1.0347090300867063,1.0347090327842396,1.034709035486694,1.0347090294629313,1.0347090235075431,1.0347090256584472,1.0347090104097436,1.0347090131459016,1.0347090168680988,1.0347090132961463,1.0347090053397443,1.034709006097402,1.0347090093215436,1.0347090096588538,1.0347089888918446,1.0347089917901486,1.0347089988382712,1.034709001273507,1.0347090035522943,1.034709005983936,1.0347090089172115,1.0347090037273257,1.0347090061483142,1.0347090085964352,1.034709009379829,1.0347090098441518,1.0347090103697723,1.034709012408893
158,1.0537034697581535,1.0543798241156885,1.0548007688700103,1.0559160976274606,1.0559968959992514,1.0561645106942041,1.0566655014141444,1.0566968875834115,1.0566655785007624,1.056653416870476,1.0606469013302315,1.0606306773970005,1.0609749220626046,1.0614554265264304,1.0615798736380293,1.061567797353151,1.0615543005069465,1.06158838512049,1.0614486961793823,1.061471035530393,1.0702689868880533,1.0702748426863553,1.0697405612777062,1.0697178319148288,1.0691021620210468,1.0692303603079782,1.0691232846506937,1.0691452754577093,1.069639191451934,1.0697045353644392,1.0679550081927474,1.0678047234519497,1.0675052165515266,1.0675537276125266,1.0904037368084794,1.090404991470018,1.090409066321507,1.090414041519212,1.0904193729821425,1.090444324579982,1.0904469550309084,1.0904586023295566,1.0903656760615055,1.090351449335356,1.0904240056675656,1.090418746115365,1.0904340630289266,1.090436623373781,1.0904121507105675,1.0917187342064454,1.0917222507126503,1.0917565146584172,1.0917704010544296,1.0917211949396006,1.0917368842605852,1.0917427933821942,1.0917454153284123,1.0917609102795394,1.0907089352217432,1.0904298226400098,1.090429730140307,1.090424364337799,1.0904114703346832,1.0903261177079382,1.0903363982350827,1.0903609852994514,1.0903793786580804,1.0904525307404453,1.0904396761442299,1.092619198694113,1.0926204468995513,1.0926169729601456,1.092614203706306,1.0926120838814162,1.0925927314464012,1.0925931696631805,1.0925780125346263,1.0926073033984793,1.0926031796249265,1.0926231838511942,1.0926240493238053,1.0926222568196196,1.0926265282243357,1.0926226109675492,1.0926093879648011,1.0926085779678982,1.0926081892330304,1.0925516323188595,1.092553668007604,1.0926520876903552,1.0926436797677597,1.0926460643416784,1.0926436852127521,1.0926485106357426,1.0925779545950738,1.0925756434940614,1.0925965423717736,1.0926158001992887,1.092578806851454,1.0925839746885813,1.092584215663376
159,1.0839446387972826,1.0837404836412385,1.0828749984659487,1.076956838871006,1.0766996033823002,1.075906774178902,1.0746854888945574,1.0745999016890209,1.0743948340384188,1.0744095283464457,1.0733754505357798,1.0603782339836587,1.06042925078121,1.061134676008201,1.0612695032424038,1.0611391234688412,1.0608535579246816,1.060853357164449,1.0607255152110084,1.060708338489964,1.0634504577060773,1.063440677587519,1.0554502264075851,1.0554676816885014,1.0555391254287811,1.0555272951045525,1.0555769163157225,1.0569380150731487,1.056991063952092,1.0569695261579126,1.0572493912511813,1.0572037742819183,1.0572935387396225,1.0572869229599167,1.0569352069877789,1.0569428257588775,1.0569661464651796,1.0562482042694652,1.0562675876316132,1.056374031217741,1.0563877681383431,1.0564561548533629,1.0560700350645789,1.0560379508531783,1.061594700813083,1.061592392079306,1.0615017089600998,1.0615084175024467,1.0613805369109421,1.0613094805828711,1.061306141274766,1.0613141759258997,1.061299693094418,1.061312243339059,1.061300136298386,1.0612951491625853,1.0612783151625482,1.0613048389311217,1.0448205464372762,1.0446833447311779,1.0446614548271942,1.0446814023830069,1.0447851638901429,1.045683974187718,1.0454039274353752,1.0451582056736883,1.0449734789161267,1.0443454815723343,1.0444363544553994,1.0439238385951406,1.043784600618451,1.04403584069615,1.0448745412010765,1.0448872635991409,1.0455612511379353,1.0454786736869648,1.0393938269061571,1.038792623893443,1.0388679167128092,1.038065940719722,1.0381211726200195,1.0381854156913484,1.0381840227169843,1.0379949556755645,1.0383373297051957,1.0383697130907525,1.0383664053398987,1.0375192689220236,1.0375414053799397,1.0375055189630908,1.0374759746646074,1.0375011866120953,1.037494379008041,1.0375192587711681,1.0374963067918843,1.0374875100687715,1.0375935100125748,1.0378369904084008,1.0376425242383525,1.0376643306340882,1.0376670742370266
160,1.0972413324716648,1.0965769374147236,1.0972213798791672,1.0910543124165373,1.0909209190988924,1.090344418678073,1.0897545741151276,1.0897145555279502,1.0896942498220628,1.0897402349475418,1.0887345076682777,1.077515662114149,1.0784839592241198,1.0788065194599195,1.0788802572664784,1.0788244702864425,1.0786649918253344,1.0786681622828176,1.0786021349680266,1.0786121770361,1.0801627780450236,1.0801610018963348,1.0769776700065947,1.0770023909710607,1.077101559936691,1.077111760345836,1.0771710614428693,1.0816873149883577,1.0817702228602917,1.0817431146392789,1.082002223834341,1.0819328506001074,1.08202731286233,1.0820219378319518,1.0816388742230165,1.081644291191954,1.081661233475313,1.0768394340624794,1.0767925331190278,1.076607706473909,1.0765808283595497,1.0764516519169607,1.076951973383045,1.0770396338899657,1.0870304954949226,1.0870271449867572,1.087168969588535,1.0871756343950936,1.0871272708168565,1.0871912748165726,1.0871829139207556,1.0871958285674077,1.0871545322989866,1.0872167168691396,1.0871850224584765,1.0871727735330723,1.0871445392273997,1.0871711713127419,1.082007095914554,1.0818817623933925,1.081877372944192,1.0818866341043416,1.0819179636063037,1.0821824398642332,1.0827687309439942,1.0826846401723988,1.082621886732877,1.0823963384780586,1.0824263833259795,1.0822379460297429,1.082193979537131,1.082272913254095,1.0825253259224275,1.0825214626789512,1.0827444719919759,1.0827172962393117,1.0580282723282046,1.0581163162929712,1.0580931006816041,1.058559168432222,1.058513538444044,1.0584600087614273,1.0584631139546516,1.0586333675124682,1.0589120939567884,1.0588720779556453,1.0588788062614616,1.0603277263723785,1.0602772633332072,1.0603745848579655,1.060441985330494,1.060382385522894,1.0603973751987743,1.0603395724600717,1.0604085356617183,1.0604264000121075,1.0601913325700667,1.0602649057624378,1.0606731557611322,1.0606273405377065,1.06062113718962
161,1.0622716704803834,1.0615814735376636,1.0630094222316604,1.0577546642320685,1.0577562615355913,1.0574935136148578,1.0567668595039301,1.0567914026499963,1.0569816045809288,1.0570635868393965,1.0565451211387493,1.0517221584446972,1.052537493729966,1.0523428730800175,1.0522934803967625,1.0522917441084174,1.0520473760972981,1.0520349004409162,1.0520999774314372,1.0520929136392858,1.051682879479446,1.0516772841412096,1.051851095660301,1.0518508959826227,1.0518158498052033,1.051414674001303,1.0514404920751503,1.0549507245645322,1.0549467453836872,1.054918913479441,1.0564146840343236,1.056603396192631,1.0567726478167667,1.05674194143533,1.056410077843584,1.0564409827794627,1.0565133062550052,1.0402765051231957,1.0402868865817907,1.0403382974042856,1.0403450842018125,1.0403950115467608,1.040516200654751,1.040499931942237,1.0401826044177123,1.04018360780107,1.0413328297778297,1.0413396086192437,1.0411027420418122,1.040892533539371,1.040915674657143,1.04091448487215,1.0410181954673237,1.0407994586782785,1.0408861919771537,1.0409220591218542,1.0409955843761278,1.0409442958913648,1.0411484647921025,1.0412292346929,1.0412316456555561,1.0412162332012835,1.0411766427209688,1.0408887495925951,1.0386591609378582,1.0388120451775513,1.038928664627267,1.0393787034642952,1.0393145874846255,1.0394156845891003,1.0395135408609186,1.0393380726622607,1.0388230086768404,1.0388272041806967,1.038411894197639,1.0384589316987545,1.0398523953334757,1.0412431327223817,1.0411168284554517,1.0425601411611052,1.042205965847974,1.042077554008543,1.0420907783286308,1.042447342142506,1.0427871178612118,1.0427271518883408,1.042727987852304,1.0442122381095518,1.044162666448235,1.0442873770824155,1.0443367775556787,1.0442671283070402,1.0442753551887871,1.0442210644851042,1.044266799464919,1.0442808421918286,1.044072767805153,1.014388968846242,1.0143889705994522,1.0143889709549718,1.014388973108557
162,1.0505657887447364,1.0505972817990523,1.0508201751461401,1.061025443609293,1.0610428997521297,1.06111694442007,1.0582057582291868,1.05817824423694,1.0580351663288143,1.0580153194031776,1.0580712546984747,1.0582939816445103,1.060389291658134,1.06032959102882,1.0603113736412848,1.0602981685097264,1.0602071656989744,1.0602058509711338,1.0602091771181124,1.0600161802624604,1.0599527298302216,1.0599530363491154,1.060011448088096,1.060013123730343,1.0600201309550177,1.0630838469853878,1.063059668551254,1.0637008002288548,1.063698068172873,1.063703161740242,1.0640891338990186,1.0640243737016073,1.0639837980633078,1.0639912581823379,1.0640228922358697,1.0640177745761412,1.0639989977473396,1.0644868661044051,1.0644850939843584,1.0644843949555383,1.0644832031462723,1.064475942940612,1.0644573666250208,1.0644441806304998,1.0643762127111875,1.0643750413802684,1.0378791314958793,1.0380540973348256,1.0379915255121084,1.037842978979108,1.0378611133037128,1.0378739097509717,1.0379341218449012,1.0377251360687048,1.0377744514116722,1.037801217360865,1.0377420767120729,1.0377262212969087,1.037677808982025,1.0376936650566109,1.037697926912072,1.0376921441961116,1.0376679694574227,1.0374669554732578,1.0311550041692823,1.030998434218649,1.0308819446951203,1.0304918091880986,1.0305460569499394,1.0304457458275567,1.030359775457108,1.030515703990243,1.0310548531830341,1.0310616631260412,1.0315109765638066,1.031454608703106,1.0314072061835113,1.026775970136568,1.0268099094493848,1.0266044381529098,1.0360772280886563,1.0360579207100709,1.0360598520726418,1.0361126327040364,1.0361912675653395,1.0361807798428408,1.0361813404078046,1.0364770497953424,1.0364650457844495,1.0364920966534077,1.0365052667034258,1.0364890909695408,1.0364915028745736,1.0364780420374433,1.036490565002735,1.0364941062672726,1.0364426309302064,1.0365705215046566,1.0366685695952365,1.0366511252843222,1.0366484812079524
163,1.0234061261238314,1.023217329284699,1.02367319563239,1.0555947091273674,1.0555967307781875,1.0580581616746585,1.0247962687781933,1.024780123896118,1.0246583808362335,1.0247186982907293,1.0246570673990136,1.024291007773259,1.024596116754415,1.0244958836497118,1.0244142545047066,1.0243098918568976,1.0249245889937513,1.0249091706907216,1.0248677419245111,1.0241841457185565,1.0241125275482823,1.024101563457124,1.023974351322941,1.023956619355049,1.0239467778983573,1.025278848134532,1.0253053530027605,1.0251612660571614,1.0251313661012775,1.0251352392251878,1.0190224541098905,1.0203525309452102,1.0210123663154882,1.0209241246983576,1.0202757643385092,1.0203646766553125,1.0206121201272764,1.0202325183907073,1.020431455075478,1.0212633868379484,1.021376910518906,1.0219267148676543,1.0020285685743227,1.0017312753660546,1.0016433513458813,1.0016424895255274,1.0063751764809938,1.0065436197890876,1.0061998591499803,1.005714185661488,1.0057768078726546,1.0057923728113443,1.0061079712070407,1.0060296914927556,1.0062417027879704,1.006329050350986,1.013774800770558,1.01377478993498,1.0137747918184672,1.013774792049416,1.0137747909446193,1.0137747896729297,1.0137747880807717,1.013774777684511,1.0137747904743608,1.0137747914333306,1.0137747920888465,1.0137747992380042,1.013774797674431,1.0137747979384226,1.0137747984451324,1.0137747966993154,1.0137748005949374,1.0137748005103069,1.0137747983051004,1.013774798072396,1.0137748023517614,1.013774797878607,1.0137747970928748,1.0137748016900052,1.0137747965660189,1.0137747955703305,1.013774796321133,1.013774798063688,1.0137747979491312,1.0137747970713578,1.0137747968312636,1.0137747879679009,1.013774787365562,1.0137747870064056,1.0137747856902166,1.0137747851758505,1.013774784268663,1.0137747837381321,1.0137747823384509,1.0137747814600562,1.013774782327504,1.0137747812243678,1.0137747779384243,1.01377477501208,1.0137747743127867
164,1.0142807938391412,1.0144796707714012,1.0145321482670782,1.0591836229618234,1.0593906936978439,1.0660351142645859,1.0241835745164298,1.024175507599057,1.0242259826084963,1.0243240205254776,1.024276157217368,1.0243794190628837,1.024373022267876,1.0242012419045283,1.0241932307678077,1.0241761465717347,1.030257960989044,1.0302136046500743,1.0301427248462043,1.030050388008151,1.0300682241668224,1.030067292244737,1.0300425857777202,1.0300336375338806,1.0300690699196848,1.0316726424935754,1.0316641560984237,1.0316674889366315,1.031679248266199,1.0316688837114356,0.9944927187209616,0.9929881757449772,0.9932429272128562,0.9932275863173317,0.9930131388546316,0.9930337658519163,0.9930978383691508,0.9930718640453169,0.993153210582219,0.9935134597555485,0.9935689134769373,0.9938242925959473,0.9854081584795832,0.9854548917800993,0.9854721187436077,0.985471827909689,0.9855371127385166,0.9855912618323839,0.9856033821151855,0.9856377646463105,0.9856327427982313,0.9856352683494306,0.9857918983727348,0.9846352068378099,0.9846830618167743,0.9847096814529028,0.9849103068476234,1.0032231829284046,1.0032007155817433,1.0031928984139298,1.0031952708388638,1.0031988901676485,1.0032010322524774,1.0024548258727664,1.0024083936647623,1.0024104930583064,1.0024115027249396,1.0020976836118303,1.0020991071662688,1.0021004946696,1.0020980429460518,1.002102299880992,1.0020827874961726,1.0020460328201126,1.0026457845295869,1.0026487663979287,1.0026250070771596,1.0029435769979966,1.0029366354136289,1.0031304486252424,1.0031079967266017,1.0030889764794133,1.0024555381595999,1.0025067908129046,1.002536614024357,1.0025256617288247,1.0025325519249775,1.0255563312321125,1.0254800911793989,1.0256343223689144,1.0257360257669073,1.025644961758652,1.025667897814475,1.025581327312957,1.0256805641766835,1.0257073816358921,1.0253497330172934,1.0251738718541943,1.0258036615620971,1.0254502452752103,1.0254417319351983
165,0.9959306758198592,0.9959683973622936,0.995985783154052,1.0230518255500387,1.0232621283265373,1.0316892768170944,1.004398309206059,1.004434738198261,1.0045074908180351,1.0048940752675444,1.0047921109433593,1.0046332121401178,1.004182621900503,1.0041711112281828,1.00411760528894,1.0039571272209749,1.00898396752373,1.0083484060024244,1.0083910626256947,1.0084047605072415,1.0083917196330554,1.0083936494697723,1.0084490763279688,1.008458528062682,1.008444279439066,1.0084983748314833,1.0085261110238888,1.008513498317768,1.0085438832376266,1.0085153023322546,0.9997779129073188,0.9915920647659134,0.9916110049169904,0.9916196642461366,0.9916046222974855,0.9916038637374407,0.9915975129899569,0.9916022061093315,0.9916092834380946,0.9915634095983732,0.9915694049517942,0.991588481956678,0.9919387561791632,0.991918564804498,0.9919209155159828,0.9919205190802309,0.9919655597686944,0.9919997523449693,0.9919877384287452,0.9919691968390676,0.9919720865547197,0.9919762837332441,0.9923251570388949,0.9896738541221799,0.9897503885715355,0.9897885133954094,0.9897562892028327,1.0029527483667766,1.0028955551485668,1.002944030443937,1.0029555964960393,1.0029473112299083,1.0028993643951514,1.002408347915029,1.0025899472116613,1.002715153105567,1.0028077735881806,1.0045365134584974,1.0044712643890377,1.0045942286484097,1.0046962864679843,1.0045128232568217,1.0038513436209042,1.003739342552344,0.9992461761079733,0.9993046016560581,0.9994845967082857,1.0005170061683504,1.0003836857144015,1.001902041760645,1.001802362352158,1.0016793767078886,1.0013232372802885,1.0016666214309562,1.0018354485564733,1.0017781792446363,1.0017901413875154,1.0028513574085718,1.002807769794874,1.0028950789195736,1.0029516210278333,1.0029011546738542,1.00291408241539,1.0028656874469644,1.0029212287469709,1.0029354961636854,1.002732574830938,1.0026192220018464,1.0029817105664744,1.002935523261028,1.0029309727954954
166,0.974674896402019,0.9745720583589167,0.9746901346222233,0.9791068382890727,0.9791980107446028,0.9816342007694632,0.9759417843333594,0.9760018766828443,0.976095278420587,0.9763357351267198,0.9762590960692753,0.9761293604191372,0.9759107850111343,0.9757525125437779,0.9756531100415489,0.9756284990363854,0.9760495666832858,0.9758675917053738,0.9759691312354163,0.9759671583090669,0.9759212221545771,0.9759149265122425,0.9759285443181901,0.9759304255575516,0.9758976797547236,0.9757925877563824,0.9758422522946011,0.9758123894207882,0.9758181486330707,0.9758258233166291,0.9767145643592486,0.9679766994760852,0.9677786241473828,0.9677088900794953,0.967869624231934,0.9678706299372725,0.9678712778795434,0.967910129737734,0.9678420066527168,0.9675662525197483,0.9675282905079622,0.9673161931111707,0.9686525881885418,0.968803929626188,0.9688065973493712,0.9688058785232109,0.9679522025997623,0.9679820651614695,0.9681598924999932,0.9684024229250778,0.9683636937119945,0.968324595384565,0.9631152165774453,0.9648263981576598,0.9649011372390605,0.9649234198146905,0.9649816026740214,0.9638067749591791,0.963810282500179,0.9638529496663756,0.9638511683403338,0.9638278006152956,0.9637579784093955,0.9634866452528066,0.9636264648419818,0.9636829782820354,0.9637342064447475,0.9795630254190397,0.9795382224034394,0.9795765060524758,0.9796185456580366,0.9795365439145884,0.9801564798594031,0.9817380848064926,0.9819342449843007,0.9819610319725353,0.9820834496372706,0.9826859614307284,0.9826033761287656,0.9818994019926934,0.9818236785293806,0.9817349768695967,0.9816577115791131,0.9817748241405149,0.9818765243605698,0.9818370976060038,0.9818169991064031,0.9826089557827693,0.9826421668594866,0.9826277966184381,0.9826201610090657,0.9826287748604098,0.9826273465804114,0.9826349406603344,0.9826274463871294,0.9826246075094679,0.9826545983110614,0.982674621190203,0.982623915031422,0.9826299706122423,0.9826314723571226
167,0.996589645674744,0.9965896461091518,0.9965896255232257,0.9965896179932934,0.9965896091681499,0.9965895818949296,0.9965895682724246,0.9965895734175774,0.996589564820864,0.9965895552506744,0.9965895542422074,0.9965895475259507,0.9965895445273517,0.9965895442427781,0.996589478133848,0.9965894616888578,0.9965894720407322,0.9965894634123648,0.996589471036466,0.9965894626954817,0.9965894600057676,0.996589454803924,0.9965894478475428,0.9965894395661159,0.9965894338697596,0.9965894353243445,0.9965894333989843,0.996589430424831,0.9965894278679898,0.9965894265615693,0.996589514117431,0.9965895563371633,0.9965895538340673,0.9965895597292002,0.996589561951089,0.9965895631532755,0.9965895697646954,0.9965895699228021,0.9965895668888621,0.9965895544036303,0.9965895529746199,0.9965895519353433,0.9965895753514821,0.9965895806308862,0.9965895794006567,0.996589577734692,0.9965895952894865,0.9965895947119999,0.9965895949812255,0.9965895964308444,0.9965895949801238,0.9965895933426684,0.9965896051680937,0.9965896196865771,0.9965896180196444,0.9965896164621949,0.9965896154256142,0.9965896147535889,0.9965896166557423,0.9965896158579022,0.9965896088051005,0.9965896078749465,0.9965896034696707,0.9965896084755261,0.9965896114723701,0.9965896101225183,0.9965896093159946,0.9965896140381186,0.9965896137942081,0.9965896123803425,0.996589611492656,0.9965896118505327,0.9965896534464898,0.9965896922927059,0.9965896942589203,0.996589694313399,0.9965896934558931,0.9965896903959419,0.9965896907187717,0.9965896997687967,0.9965896999909266,0.9965897003211996,0.9965896999208411,0.9965896986554847,0.9965896987942665,0.9965896991357149,0.9965896979348696,0.9965896928863468,0.9965896933076979,0.9965896930988609,0.9965896930893565,0.9965896934598889,0.9965896935518667,0.9965896939952994,0.9965896940297536,0.9965896943666986,0.9965896948619716,0.9965896951167217,0.9965896924927327,0.9965896926810367,0.9965896928116061
168,0.9930880124953015,0.9926974422591787,0.9936730708029373,0.9920435706832991,0.9913093631245454,0.9913166446872103,0.9912369292936074,0.9932337706927846,0.9935611467735908,0.9906369524060795,0.9903848067268207,0.9902171710414189,0.9898287174893131,0.9882718298056687,0.9801984025169304,0.9802305739472059,0.9802311082346105,0.9802286042276096,0.9804834574893492,0.9804897694477406,0.9804658267076022,0.9804631974539695,0.9805167738289351,0.9805287531569259,0.9805044956419696,0.9804676043827111,0.9805148753962816,0.9804935077370754,0.980519952296414,0.9800756441652401,0.9805440820957331,0.9808927507403156,0.9809754529045419,0.9860456742983293,0.9860982680828921,0.9861014417807044,0.9862720412097965,0.9862915211282216,0.9862709949977406,0.9859013312493897,0.9859127002196898,0.9858472609392868,0.9861829904996701,0.9867310178999513,0.9867328837473746,0.9867326002652062,0.9865137805021601,0.9865218075367024,0.9865677708153082,0.9866268803442262,0.9866184986809458,0.9866105466918019,0.9871301451903177,0.9871779758221482,0.9871687590563727,0.9871604828542362,0.9871555767887309,0.9871409023696329,0.9871481934424075,0.9871448880068577,0.9845430496903944,0.9845430499582276,0.9845430544691328,0.9845430552092337,0.9845430528563845,0.9845430527849648,0.9845430528041066,0.9845430516612267,0.9845430523086082,0.9845430523409465,0.9845430523412355,0.9845430520555764,0.984543030112259,0.9845430285623562,0.9845430328286661,0.9845430324009288,0.9845430307905442,0.9845430208815734,0.9845430222471572,0.9845429845508313,0.9845429857009955,0.9845429870651957,0.984542987499582,0.9845429828639927,0.984542980057172,0.9845429804183928,0.9845429793161378,0.9845429552572965,0.9845429553326323,0.984542953597824,0.9845429517075901,0.9845429520841524,0.9845429492541381,0.9845429494525174,0.9845429475010911,0.9845429464656297,0.9845429493800942,0.9845429517102717,0.9845429447390304,0.984542945446391,0.9845429449702159
169,0.9734734320298866,0.9732414660181289,0.973628941804685,0.9731826930070294,0.9716276067523187,0.9713475366999327,0.9708681832397785,0.9751784171307142,0.9756033581264161,0.97211529165181,0.9718574904567168,0.9716708258716288,0.9712608209970238,0.9693748787484862,0.9562838328663442,0.9562999621807685,0.9563770205738013,0.9563763229373765,0.9566480023735898,0.9566587171764331,0.9566421468745085,0.9566429312123824,0.9567174244467369,0.9567437449113476,0.9567187754540365,0.9566780640713753,0.9567203662483084,0.956696936837978,0.956734022039958,0.9549376542488487,0.9555608575499721,0.9555257638371832,0.9556559286795632,0.9578677503014481,0.9576575304850709,0.9576867622875925,0.9567960142547461,0.9567182415317228,0.9567925641671731,0.9571265357473624,0.957261800906739,0.9575196627273329,0.9564314885764842,0.94854461913234,0.9485488347416362,0.9485491143530745,0.9484351075036278,0.948435998842188,0.9484454516034653,0.948464260197024,0.9484606348506265,0.9484611442033462,0.9484239668245383,0.9484248549946048,0.9484073996313794,0.9484037897320056,0.9483979355447467,0.9484163604004824,0.9484151388845018,0.9484091299424262,0.9483442579448125,0.9483493842691391,0.9527667503088085,0.9528113639766986,0.9527891157203356,0.9527758682042392,0.9527755306062548,0.9527030322421848,0.9527452794701242,0.9527346939114468,0.9527229189403675,0.9527065919959449,0.9530286292130264,0.9529907493433883,0.9530158566663591,0.9530017352267101,0.9529878521778591,0.9529124919756289,0.9529293221605903,0.9528223336441967,0.952837645237945,0.9528553915004148,0.9528540158924725,0.9528010175921331,0.9527747563001867,0.9527851771136919,0.9524461512808655,0.9519438536396256,0.9519630181586091,0.9519230678732205,0.9518997947326727,0.9519240821428128,0.9517360534956261,0.95175842844726,0.9517348852511621,0.9517251151040137,0.9518094160777382,0.9518610984176997,0.9515850076776091,0.9516041693796535,0.9516086518447616
170,0.9510329306461204,0.9509844761511685,0.9507922774090624,0.951448897090844,0.9493415175705416,0.9486310908969541,0.9478149572591239,0.9547451947670909,0.9549565738917584,0.9535907052674119,0.9534890934201452,0.9534285047003312,0.9532634070570136,0.9525130962576154,0.9483232813764674,0.9483223754062247,0.9483714809775659,0.948370312675079,0.9474333718073159,0.9474441356504939,0.9474226637332926,0.9474188275895914,0.9474952061965337,0.947519007052957,0.9474914254325537,0.9474465280621184,0.9475030925721771,0.9474781540507102,0.9475153341613469,0.9451888130444703,0.9455161616152473,0.9454502521950513,0.9455032881252556,0.9458739826640813,0.945756792717962,0.9457969166752059,0.9369436090096236,0.9368694504216045,0.9369352572810725,0.9372632066386194,0.9373541098406726,0.9377078974015938,0.9367148893237439,0.9208906339412348,0.9208846435237437,0.9208846587755205,0.9214472509713727,0.9214341503677708,0.9213229995199484,0.9211772356666331,0.9211965618357103,0.9212123819995595,0.921255830760216,0.9210040678406018,0.9210585663935625,0.9210930893133218,0.9211190372447557,0.9211352860582108,0.921103661004781,0.9211278895671439,0.9211421487933945,0.9211431092345257,0.9214155297019931,0.921115463297652,0.921220308779488,0.9212965101133642,0.9216645273928974,0.9218421193513435,0.9218280425403449,0.9218887778351754,0.9219362326963687,0.9258134644114088,0.9256931633801677,0.9256734600473181,0.9256251142265691,0.9254256696109879,0.9254353528961574,0.925565516597563,0.9255408541416515,0.9259488853132772,0.9259122936928037,0.92586945684803,0.9258707643968915,0.926008601041298,0.9260804083367637,0.9260593710414315,0.9394994050414288,0.9396594943455249,0.9396493836444346,0.9396705957629159,0.9396878966846262,0.9396751438213761,0.9396524647760724,0.9396408427421505,0.939656467660639,0.9396523482694155,0.9396021149619986,0.9395789983717242,0.9396659773827111,0.9396553239419173,0.9396575646331364
171,0.9258126635267363,0.9259060351187226,0.9254138389325066,0.926660458976795,0.924876922318014,0.9241396186983346,0.9234250737215655,0.9290347604112923,0.9289639779589838,0.929255748827011,0.9292657149029871,0.9292794427767992,0.9293008329619957,0.9315697201817018,0.9319338154662936,0.9318744545020654,0.9317524571153224,0.9317545427479,0.9216866582555894,0.9216977276786843,0.9216451024028234,0.921614290154014,0.9217178372677597,0.9211649908338827,0.9211359510458378,0.9210818546913259,0.9211461090634803,0.9211177319216549,0.9211581805402386,0.9208843054206408,0.921146424358234,0.9210585226155414,0.9210502037273377,0.9210446953002375,0.9210195679008775,0.9211747879871789,0.9017864684583149,0.9018381440178652,0.9017605885878275,0.9015638247428025,0.9015374743237681,0.9006325566965552,0.9010765159999953,0.901896594682955,0.9019064257726686,0.9019069193023198,0.9013086455853002,0.9013203804276152,0.9014198535178494,0.9015601689449702,0.9015392637304005,0.9015270079948927,0.9014539120607453,0.901671763739069,0.9015865122633593,0.9015504805222455,0.9015228103289176,0.9015197815131002,0.901545695462177,0.9015184800631723,0.9015141322408516,0.9015210928334207,0.9015058067736702,0.9017463274507442,0.9016488096415785,0.9015827026392479,0.8925774531978015,0.8927217289719296,0.8927154277291134,0.8927552804061036,0.892791783188257,0.8920771133949473,0.8918958269294834,0.8918928708378985,0.8917509774055812,0.8915580926288584,0.891605559410935,0.8918860679885626,0.8912017510172129,0.891655275624722,0.8916196323741293,0.8915767140221,0.8915800845822237,0.8917069877567222,0.8917682624379081,0.8917405334810354,0.8930068295038754,0.8945156863360049,0.8944662235851737,0.8945677846819649,0.8944592310790921,0.8943953187898871,0.8944088038447268,0.894349614873703,0.894415458908707,0.8944274016139754,0.8941852867795756,0.8940480252872095,0.8944717065320233,0.8944241950493997,0.8944182253793146
172,0.9043979276808891,0.9047272450523691,0.9040510968972896,0.9064699458184597,0.9054551191328875,0.9051342331255089,0.9049267614199565,0.9070363403400031,0.9067403697968015,0.9069910136909004,0.9070474953245943,0.9070930105742266,0.9071818978669397,0.9123262380429518,0.91266127960354,0.9125987545969501,0.9124646930665019,0.9124671302572624,0.9026790286001911,0.902672244790401,0.9026609592003283,0.9026224729541363,0.9025873694277345,0.9018428992187785,0.9018711030692724,0.9019286297100032,0.9018868618495234,0.9019147503808594,0.9018910671755124,0.9018993031679248,0.9012438244226612,0.9011559496560552,0.9009644539893233,0.9010002712623565,0.9010898651481422,0.9013598176970474,0.8982223258138515,0.8983229199946673,0.8981196851225123,0.8977587414323086,0.8977117492708097,0.8904710455356353,0.890659693252325,0.8908384739550823,0.890844796547974,0.890845835282617,0.8905903106320269,0.8905943299183028,0.8906282753755921,0.8906796762158874,0.8906694109330393,0.8906688925560596,0.8906227254034509,0.8906695703587225,0.8905835672825625,0.890567231037272,0.8905570986480102,0.8905601900810651,0.8905640711065723,0.890551815359972,0.8905526493387661,0.890565995749525,0.8905894965599755,0.8906803019466603,0.8906287163819194,0.8905927621023945,0.8861340726803942,0.8858886420175116,0.8859333916154868,0.8858722745732943,0.8858151174330684,0.8859174961701829,0.8861833255056522,0.8861784438701111,0.8864273416329447,0.8864328131140684,0.8863409816371064,0.8858491295043498,0.9075705276799705,0.9075705304907287,0.9075705291074125,0.9075705271378716,0.907570529719414,0.9075705332635038,0.9075705316358765,0.9075705316902798,0.9075705304202007,0.9075705371502858,0.9075705351973269,0.9075705349517883,0.90757054911636,0.9075705478683795,0.9075705461058527,0.9075705444754195,0.9075705421483695,0.9075705398171179,0.907570539776129,0.9075705403840306,0.9075705371893814,0.9075705371675387,0.9075705359391111
173,0.8812065753669405,0.8818863423695223,0.8806733141980995,0.8849069076033454,0.8845002825506149,0.8844591107732377,0.8846908537485499,0.884581551827525,0.8838472024709826,0.8837701446056219,0.8839514127993641,0.8840744941462498,0.8843367317305061,0.8922753496033555,0.8923369160684007,0.8923196133210349,0.8922777756420499,0.8922815562507274,0.8913312598614366,0.8913226252705463,0.8913493940161217,0.8913325702329561,0.8912515209948709,0.8912123530215198,0.8912493852699004,0.8913255827558623,0.8913177536740049,0.8913541614731768,0.8913157200422127,0.8913441562438739,0.8903759289849966,0.8903068894905068,0.8899730667095896,0.8900123837767772,0.8901800338683004,0.886379850674112,0.8859958556756047,0.88605921947004,0.8871597937360958,0.8868736710348766,0.8868355583360715,0.8805454501824354,0.8822652141545679,0.8824975150194982,0.8825247263535597,0.8825268477337638,0.8807791327532328,0.8808143330465269,0.8811188103503816,0.8815365163219553,0.881473786763379,0.8814401777565011,0.881231092841145,0.8818585083526125,0.8815049272975741,0.88138048213597,0.8813014808672818,0.8812825067151419,0.8813571141998312,0.8812773552590042,0.8812638061014563,0.8812912910951757,0.8813884817392468,0.8820503254851073,0.881777488378669,0.881582927095477,0.8812233906260579,0.8807069269047525,0.8807906928103908,0.8806530636252594,0.8805310934981105,0.8807968785310308,0.8814238549322746,0.8814295502157963,0.8819516524896794,0.8818937582840547,0.8816884263564831,0.8804875022843018,0.8823924277806431,0.8806232363882207,0.8807552620913417,0.880916361136197,0.8809041804183972,0.8804319999838001,0.8802189060686152,0.8827734473906189,0.8827734475649678,0.8827734306673316,0.8827734307980034,0.8827734296793707,0.8827734309256531,0.8827734312254938,0.8827734307786236,0.8827734330667498,0.8827734320413383,0.882773428659901,0.8827734308392499,0.8827734322792032,0.8827734277590746,0.8827734281821229,0.8827734278681949
174,0.8595370850183791,0.859994033873396,0.8593087817416982,0.8620411271818951,0.861830927600833,0.8618038685690049,0.861964446092438,0.8617561153280742,0.8611583363935225,0.8610895487080056,0.8612129485239058,0.8612916647374024,0.8614686519037636,0.8678236041793461,0.8677722731532752,0.8677843391983091,0.867801476255682,0.8677988639147128,0.868908159111271,0.8689083552080192,0.8689017543219938,0.8688753314317698,0.8688772728008901,0.8689044788594114,0.8688999270293494,0.8688949403718924,0.8690287863977175,0.8690245612197367,0.8690268776530867,0.8690295376619025,0.8690213294693412,0.8690146844200511,0.8687683008552028,0.8687734746850978,0.8687856756117763,0.8569385366950011,0.8571442081494115,0.857036686541985,0.8606104968945498,0.8607143260135919,0.8607295794477833,0.8599612688196574,0.8599643013444371,0.8599530805500529,0.859954303895859,0.8599552537877138,0.8599123703877559,0.859914042646701,0.8599245159671194,0.8599331891049984,0.8599294167422373,0.8599325881305835,0.8599177518420503,0.8598950919649347,0.8596920827684025,0.8596762135738999,0.8596760908760732,0.8596738500222729,0.8596706150246597,0.859668289904717,0.8596703899119786,0.859680279808679,0.8596916580641243,0.8596907029672214,0.8596796772914658,0.8596579752972362,0.8596342307691706,0.8596119971994153,0.8596190342060954,0.8596169473115431,0.8596129203020829,0.8596505660676926,0.8596197568908889,0.8596154138886856,0.859614534564992,0.8596237007420365,0.8596180659208842,0.8595933854843323,0.8596870033923975,0.8596085093417052,0.8596204991150859,0.8596343964799876,0.8596309383057715,0.8595911207143269,0.859573387784462,0.8599920062874883,0.8600102564963226,0.8601481944044467,0.8601485710697,0.8601489989066612,0.8601153458394811,0.860117239793126,0.860121761222979,0.8609375965598123,0.8609334390518434,0.8611955831123554,0.8611945868160369,0.8611940788079241,0.8611989786517766,0.8611990152836921,0.861124734204567
175,0.833082407978315,0.8335407835235554,0.8330112573386417,0.835716564813455,0.8355456148232702,0.8354926666009098,0.8356491376934163,0.8354899858657642,0.8347718778140848,0.8346742828752063,0.8348172948655658,0.8349053284712199,0.8351091821793157,0.8379147446745433,0.8379906366632155,0.8379612778499858,0.8379058535411824,0.8379126447901969,0.8380299761430385,0.8380276394398877,0.8380529613581715,0.8380766404657851,0.8380387087979995,0.8380484164431415,0.8380735056133398,0.8381150688846747,0.8380362008138629,0.8380566401558831,0.8380408096394178,0.8380601250643601,0.8376448181484776,0.8376161896516905,0.8372433289088519,0.8372468202559279,0.8372530018961966,0.8305348108453867,0.8305079506105482,0.8305307818965301,0.8307014962503467,0.8305955885793181,0.83058228350129,0.8305949551243615,0.8309428628502085,0.8310030259289601,0.8310107456722343,0.8310115880807276,0.8306138962166224,0.8306201946335617,0.8306817610358301,0.8307709744601456,0.8307439588584941,0.8307387782085649,0.8306927249592772,0.8308239465785505,0.8307359168810352,0.8310363998075814,0.8310259999619943,0.8310210656235234,0.8310291109419318,0.8310171295792355,0.8310166376107769,0.8310316064373519,0.8310478742015152,0.8311407017642033,0.8310948965366481,0.8309656249482605,0.8309320421911942,0.8308517748983516,0.8308646410900637,0.8308461749667984,0.8308269813472545,0.8308666789522982,0.8309419130786923,0.8309409302829018,0.8310187831417251,0.8310126458260583,0.8309788838655986,0.8308040566098256,0.8308321561290454,0.8305736996113859,0.8305930367875661,0.8306169987315195,0.8306129085632754,0.8305473533842505,0.8305201829765184,0.8305417565251983,0.8305522159433621,0.8303103824401222,0.8303186910868365,0.8303033484298683,0.830300848953434,0.8303113756703565,0.8303131488110193,0.8305470223291874,0.8305408916858701,0.8301358123770888,0.8301689424910725,0.830190268218738,0.8301347149834557,0.8301409224879231,0.8321131123710939
176,0.7975101265112681,0.7972339792076337,0.796286290891115,0.7947373440512658,0.7948238987687363,0.7948624600664069,0.7947726080768452,0.7948411956899417,0.7961847167427517,0.7962484397907027,0.7961543243555064,0.7961037623273345,0.7959707668964806,0.795230698376093,0.7951431515118385,0.7951924547207527,0.7952829587977618,0.7952772883793547,0.7954330307311843,0.7954410655301266,0.7954120671271746,0.795332676829392,0.7953997402772499,0.7954090719527155,0.795376363253317,0.7953149118717939,0.7949855404254851,0.7949532334761074,0.7949862235486718,0.7949555027577433,0.7956716998815626,0.7956900149077084,0.8004914442463589,0.8004876944478404,0.8004244617208444,0.800302211714916,0.800292776025954,0.800281709969281,0.8002543908364388,0.8003023973791217,0.8003095189383974,0.800339637140418,0.8001762238987516,0.8001477515125289,0.8001457968774208,0.8001464299727231,0.8002818163990276,0.8002797567081337,0.8002583121239497,0.800224818791248,0.800215432749031,0.80022085837628,0.8002315623162453,0.8001586120098254,0.800923934616212,0.8010684845646752,0.8010690191407331,0.8010628172351013,0.8010602508767198,0.801058668583183,0.8010608973018355,0.801071725148451,0.8010778208677707,0.8010828339104431,0.8010683079351253,0.8011751136767739,0.801168921653757,0.8011846191977505,0.801184656414563,0.8011932773718546,0.8012378973236276,0.8012376261805781,0.8011681071920564,0.801166913386757,0.8011420593249577,0.8011508599015514,0.8011545158715452,0.801212327170852,0.8012224389457842,0.8013384911760051,0.8013307066923989,0.8013219732625448,0.8013183759920937,0.8013516187777414,0.8013720877748121,0.8013734988470316,0.8013821295904725,0.8016027016365468,0.801597729266042,0.8016109313761298,0.8016324984805309,0.8016268923339521,0.801634022901856,0.8016303839955073,0.8016453488024943,0.8014764077431346,0.801434888140415,0.801413047242823,0.8014920460039922,0.8014837754347544,0.8045942665558743
177,0.7908482761924005,0.7908482983092586,0.7908482410316711,0.7908482277707717,0.7908482409413025,0.7908482506397093,0.7908482540285267,0.7908482648230166,0.7908483119209001,0.790848322749928,0.7908483295021526,0.7908483427528465,0.7908483535130749,0.7908483870484726,0.7908483993861,0.7908484145549872,0.7908483829145211,0.7908483960742386,0.7908483847780041,0.7908483969936847,0.7908484011922087,0.7908484157864178,0.7908484216643777,0.7908484337960365,0.7908484437477132,0.7908484423368668,0.790848367149808,0.7908483716505778,0.7908483726011956,0.790848379244908,0.7908482697825933,0.7908482475862528,0.7908483259083814,0.7908483305688088,0.7908483327775391,0.7908482915891937,0.7908482858528688,0.7908482877466291,0.790848288024273,0.790848287298069,0.790848291039394,0.7908482896324038,0.790848284023752,0.7908482856469837,0.7908482886932992,0.7908482927036917,0.7908482274687896,0.7908482293946019,0.7908482330875474,0.7908482360025252,0.7908482364918992,0.7908482389865745,0.7908482333931015,0.7908482186418645,0.7908482234832936,0.7908482365411972,0.7908482386729678,0.790848230862244,0.79084822793743,0.790848229245717,0.79084823145875,0.7908482344433206,0.7908482362335181,0.7908482353511711,0.790848224246824,0.7908482326301635,0.7908482335274892,0.7908482300174575,0.790848232065208,0.7908482334959601,0.7908482336718167,0.7908482337030334,0.7908482173373663,0.7908482186498351,0.7908482198155861,0.790848221008219,0.7908482180406625,0.7908482155074091,0.7908482164914896,0.7908482103143682,0.7908482115003322,0.7908482131308902,0.7908482114648079,0.7908482081579469,0.7908482087013399,0.7908482101432276,0.7908482104158316,0.7908482027040593,0.7908482040058735,0.7908482039515146,0.7908482051651413,0.7908482062699679,0.7908482074006354,0.7908482086104002,0.7908482099253268,0.790848209754723,0.7908482107077973,0.7908482108671393,0.7908482113858231,0.790848211580795,0.7908482301896556
178,1.0598595550302758,1.0600546828532644,1.059461455748241,1.0587734728811793,1.0586768433341094,1.0584423024256784,1.058281018285596,1.0582433332732282,1.0580704810996764,1.0580468504218152,1.0582815899116569,1.0554354791234253,1.0553065851524697,1.0558357259811544,1.0559451388561438,1.0558673523979303,1.0556967561179469,1.055706130285004,1.0555967130547896,1.0555901938846106,1.064330637937028,1.0643210277058983,1.0564287907102567,1.0564102470025423,1.0566590943292735,1.0567765092673604,1.056716167779612,1.0567628324497975,1.0568288007098872,1.056867233642196,1.0557827402501097,1.0557157365233034,1.0555241618156908,1.0555486816605455,1.063506650416588,1.0635327967391155,1.0636072326190842,1.0635701207510364,1.0636361457924335,1.0639402984578072,1.0639786431506901,1.0641730519346795,1.0631800076071247,1.063044928661561,1.0635135164448366,1.0635147588197285,1.0643052439514735,1.0642998751301165,1.0640840342281597,1.0626704661748019,1.0626941883210075,1.0627009463630006,1.0627896658126033,1.062499210821123,1.0625883106141591,1.0626275862982453,1.0626549570194335,1.0626957698434814,1.0557547532183043,1.055914749570674,1.0559250208321436,1.0559039403335146,1.055826949096725,1.0552353658101137,1.055416222445475,1.0555776027008053,1.0557003345854046,1.0561490888304206,1.056077492849651,1.0663226638709453,1.0663565515868512,1.066294787889768,1.0661167959946118,1.0661121426501314,1.0659690124959975,1.0659837903011296,1.066092901247747,1.0664152515109597,1.0663681857782814,1.0669568342898612,1.0669107165155207,1.0668534106000171,1.0668617492522727,1.0670230906719784,1.0670868720363622,1.0670575473879471,1.0670599527405487,1.0679233408299513,1.0678926106461972,1.068100167373493,1.068132749076456,1.068080938612766,1.06808650686063,1.0680521372496365,1.067905751652976,1.0679157380492905,1.0677688066467075,1.0676950706757262,1.0679500424675623,1.0679226259320351,1.067917358754622
179,1.0985731980224946,1.0988571514973113,1.097978285630396,1.0967027234748228,1.0965529553336346,1.096188678182605,1.0960604138345162,1.0959990626776002,1.095720804513682,1.0956798229380358,1.0959174429796161,1.0911408545053318,1.0910328504220368,1.0919561659002375,1.0921475449098517,1.0920205309719426,1.0917563313694978,1.0917745734704685,1.0915790013336113,1.0915726401822403,1.1047569344376704,1.1047486179881258,1.0972842894316541,1.0973042586703894,1.097494864896296,1.097490150579467,1.0975511308757233,1.098100112666782,1.0982067204995656,1.0981608091469792,1.0988640259631297,1.0988204744427499,1.098972333070294,1.098959163007521,1.0995162400710827,1.0995358771440606,1.0995919015965423,1.0992595455267231,1.0993051274944627,1.0995227717474851,1.0995484293180928,1.0996769237620116,1.098910366596763,1.0988081953946482,1.1037822310955565,1.1037780622783997,1.1043274528313458,1.10433070695532,1.1039745870817894,1.1033595575654571,1.1033830391136732,1.1034084760523444,1.1034855645251458,1.1031783775272281,1.1032688556411798,1.1033093598202037,1.1033308491479061,1.1033827104688325,1.0679125514162813,1.0678358050665533,1.0678328532734929,1.0678289592014016,1.0678271195666782,1.0678371911967417,1.0677449911384156,1.067745752319591,1.0677456320169363,1.0677549504352468,1.067751600931604,1.0692410232450162,1.069210358628481,1.0692646609093408,1.069462284975105,1.0694637700901304,1.0696058388705818,1.0695858193970746,1.0702791878489326,1.0699265359373564,1.0699718955915252,1.069448370099112,1.069486234922239,1.069528718380415,1.0695325228635215,1.0693969713219431,1.069549161885853,1.0695683950856747,1.069565274038293,1.0689943127788697,1.069008156953103,1.0690059119815336,1.0689833555205728,1.0689953171031579,1.0689894793221002,1.0690056467005777,1.0689900745663328,1.068983182253444,1.0690566932047079,1.0691282348114615,1.06899622783345,1.0690114032958464,1.0690119913016334
180,1.0923414488544299,1.0915085975099479,1.0926418163205736,1.0856827731489587,1.0855741917857167,1.0850041987877457,1.084350323755769,1.084325479451473,1.0843816697492215,1.0844494282616581,1.0834019661892407,1.07138195234053,1.072570231000222,1.0726604714096077,1.072690878614759,1.0726729758187399,1.0725698301039606,1.0725717653752798,1.0725499933957867,1.0725678790763642,1.0732290889034122,1.0732295728934957,1.0716543936454173,1.0716735720161528,1.0717582366866822,1.0717651611301826,1.0718057513313144,1.0770155357822369,1.0770792544005896,1.0770630250029938,1.0772369170131524,1.0771904416771239,1.0772674709576924,1.0772622456426912,1.0769609462381151,1.0769654514954468,1.076978409759491,1.0693189561145373,1.0692531255549302,1.0689854221460349,1.0689482510711599,1.068771223224412,1.0695581076186018,1.0696876147935075,1.0766456304116419,1.0766422633606345,1.0769118743898738,1.076920773380788,1.0769030598148834,1.0770170451360837,1.0770038389456569,1.077013911374945,1.0769564621205878,1.077071625173531,1.0770231036736253,1.0770030528107093,1.0769675207809433,1.0769928294114999,1.0748327021609,1.0747044556434175,1.0747011324714926,1.0747097966913537,1.074736685081849,1.0749567860280176,1.0759001099020515,1.0758310491460208,1.0757787856747913,1.0755824652870476,1.0756082742970998,1.0754834831702904,1.0754447642528857,1.0755138607662174,1.0757216186745158,1.0757155717172382,1.075892701159393,1.0758716008913534,1.0363366769655211,1.0367583631191115,1.0366939565738233,1.0375872222536948,1.0375096604779521,1.0374219556072835,1.037426897770418,1.0376950610236133,1.038058781037075,1.0380074939058248,1.0380148631438617,1.0397632180619945,1.0397032843924556,1.03982309563114,1.0399015620578467,1.0398289772991907,1.0398461380088875,1.0397777274163913,1.0398559423028295,1.0398770398418955,1.0395997638171117,1.0395977197520052,1.040077576226417,1.0400230955476966,1.0400151957532242
181,1.0818703843940063,1.081223345432925,1.0826144373665878,1.0813263114809644,1.0812662267616557,1.0808197611979289,1.0811110094734535,1.0810908461255813,1.081080482194809,1.0811073732588987,1.0805072943017004,1.0740600020793003,1.0774891429320905,1.0775191637366974,1.0775304820910878,1.077515287558107,1.0772786819463438,1.077277048541344,1.0772792339076194,1.0773033055744805,1.0768499219887515,1.0768483011517986,1.0770514501677797,1.077051176876203,1.0771103256230743,1.0774867612016878,1.0774719941903137,1.0872581508748544,1.08727001808682,1.0872629107250165,1.0875948053458988,1.0876138637283574,1.0876587391742039,1.0876514621315512,1.0874667826021327,1.0874743180493611,1.0874877425121625,1.0703108538384298,1.0702987306073837,1.0702533171240345,1.0702467090398045,1.0702112085028344,1.070335469886477,1.0703602501482763,1.071395415521189,1.07139356846139,1.0698410997991266,1.0698444881088,1.0694684408714035,1.0692408974658487,1.0692769566596905,1.0693089713601713,1.0694051669802482,1.068965729342715,1.0690920018144061,1.0691538365781779,1.069174351134295,1.069221813455166,1.069365114409278,1.0693681915596387,1.0693796652166325,1.0693729578461828,1.069325077616844,1.0688898375807045,1.0648282883474363,1.0650996881910277,1.0653026056987407,1.0659627188724692,1.0658623945469177,1.0660562852132012,1.0662136271193545,1.065927675306727,1.0649472507648887,1.064916390544018,1.0641277840342147,1.0642229525108224,1.0547292318369452,1.0570482656509392,1.0567445658251728,1.060212280550742,1.0600159766709865,1.059728946972741,1.0597472730558462,1.060588045513577,1.0592120166699703,1.059106525226991,1.0591222200223784,1.061935072685377,1.0618615924176766,1.062006946604498,1.0620996136916743,1.0620143977623937,1.0620349427161027,1.0619530839736306,1.0620453776878807,1.062069769028042,1.0617300456607452,1.0547956820697972,1.054915114408356,1.0549078641225236,1.0549080419100998
182,1.0562767633085475,1.0563717612543244,1.0564198791054247,1.0644354101397413,1.0644280562284845,1.0643481511000208,1.0638636332618832,1.06382896352773,1.06365567625527,1.063616206185574,1.0636615702753558,1.0634643372036232,1.0662799069858766,1.0663413006730253,1.0663553396928738,1.0663408622098303,1.0662280528579338,1.0662303690211818,1.0662137787911374,1.0661575917425838,1.0660400585022027,1.0660403664877844,1.0661377953071827,1.0661360025044875,1.0661641032852163,1.0685844540460898,1.0685494752440265,1.0706748675018125,1.0706725657623835,1.0706810973343468,1.070639707078249,1.0705382349855184,1.0704765990055198,1.0704880342801963,1.0705445759284726,1.0705354622836734,1.0705067905883316,1.069638202322732,1.0696597516026873,1.069758478462718,1.0697706634006694,1.0698200484512175,1.0694903156571858,1.0694420362133445,1.0693448477281822,1.069343071008179,1.0470080302280258,1.0471155104404501,1.0468968739089142,1.0463764463706657,1.0464522227428685,1.046505851849093,1.0467304129793564,1.0458461891136197,1.0461026727317893,1.0462278318594325,1.0462548669444691,1.0463115306010888,1.0461407675953842,1.0462150211503574,1.0462360531441743,1.0462183914357515,1.046120602736667,1.0452705093774912,1.0330576468174306,1.0331730116954063,1.0332609418113563,1.0335471983926736,1.0334999342650957,1.0335946800548241,1.0336697716178003,1.033533876663356,1.0330904051728773,1.033070823277759,1.0327407557563104,1.0327786838298691,1.032947636067846,1.032128533497944,1.0320011540369307,1.0336420235283683,1.0388709519960388,1.0387009703187475,1.0387114553555687,1.0392158369803166,1.0395767688500137,1.0394965020185611,1.0395086531527458,1.0419355237529784,1.0418622277825051,1.042009147335073,1.0421041025980227,1.04201659652464,1.0420375793167327,1.0419546909138977,1.04204788157208,1.0420731165551746,1.041733377179402,1.0409342274142679,1.0416419398122065,1.0415577603109767,1.0415467950069464
183,1.0335665728599768,1.033584351855217,1.0339476919566406,1.0687207938067471,1.0686768347982545,1.070034407779956,1.0480933873585536,1.0480090201552668,1.0476000192201178,1.0475849424182309,1.0476819032631954,1.0476835415486574,1.0493265603815791,1.0494837681581017,1.0494730892261384,1.0493391605930737,1.0502504053393136,1.050247933102507,1.050125577980752,1.0491131766285084,1.0491246811093733,1.0491224845594713,1.0490831566365768,1.0490700512419278,1.049110474900046,1.0532787166073587,1.0532734522337441,1.0532668939182315,1.053274831178826,1.053272060973576,1.0476589304290016,1.0479631047143672,1.0483172046015472,1.0482846587885983,1.04797828446723,1.0480137913132772,1.0481212802163704,1.0482186073501552,1.0483318481614896,1.0488325626830335,1.0489002635375861,1.0492101599058388,1.0335917545251048,1.0334025308364567,1.0333913143725095,1.033390027040284,1.0273916416214628,1.0276611366546682,1.0277568126718313,1.0279068293306235,1.0278865457087065,1.027876302356212,1.027801120709551,1.0280892587357993,1.0280234749875092,1.0279914855085652,1.0292506848120533,1.0291650263921182,1.0291562086583133,1.029108997174577,1.0291048298102865,1.0291152827250831,1.0291489698920278,1.02915323789729,1.029227482754552,1.0291656755437852,1.0291159563211913,1.0288684782569948,1.028898082775924,1.028849463691267,1.0288010302309685,1.0288867833023168,1.029100772130924,1.0290815922593102,1.0292175639020944,1.0292004803673624,1.0290837597228721,1.0148419613002961,1.0149109952299824,1.0140917144659278,1.0139569073885346,1.014032028550834,1.0140453389666166,1.013826184204614,1.0137172927704345,1.0137544213179661,1.013753124218091,1.0121786489247466,1.0122100771245193,1.0121417715519883,1.0121037460882611,1.012144000059413,1.0121362251748531,1.0121716814991024,1.0121350475582545,1.0121239402787934,1.0122655974677872,1.0124315090738114,1.0121831784262347,1.0121172227619921,1.012122601964049
184,1.0115021528564643,1.011385800947075,1.0117153018464187,1.0461455860588342,1.0463210653788302,1.051676839666078,1.001720098925764,1.0017201139532081,1.001720125970896,1.0017201420827107,1.0017201456508524,1.0017201526190722,1.0017201553171353,1.0017201566617493,1.0017201641308422,1.0017201731657759,1.0017202320890926,1.0017202424626483,1.0017202323543883,1.0017202403298733,1.0017202429847833,1.0017202506545777,1.0017202523912832,1.0017202638937996,1.0017202741948004,1.0017202944933965,1.0017202976315873,1.001720301987008,1.0017203016401315,1.001720311287923,1.0017197462062672,1.0017197718678643,1.001719778192836,1.0017197747054805,1.0017197667271296,1.0017197688450925,1.0017197753233125,1.0017197706471466,1.001719770090334,1.001719777525108,1.0017197764869108,1.0017197846798775,1.0017196235491903,1.001719623984225,1.0017196194806768,1.001719613991864,1.0017197151969002,1.0017197146783474,1.0017197111925324,1.001719709234629,1.0017197059463838,1.0017197023085043,1.0017197143995114,1.0017197332652745,1.0017197315365556,1.0017197288537838,1.0017197480497626,1.0017199517734134,1.0017199523604736,1.0017199521835565,1.001719952681327,1.0017199533929542,1.0017199548627669,1.001719953233295,1.0017199477062246,1.0017199457433665,1.0017199443112346,1.0017199361064677,1.00171993752744,1.0017199360076365,1.0017199347353005,1.0017199374896015,1.0017199426070449,1.001719944552227,1.001719960451189,1.0017199602888376,1.001719957769865,1.0017199535407446,1.0017199555544558,1.0017199320987435,1.0017199334183413,1.0017199356454574,1.0017199291229126,1.0017199228706246,1.0017199206396281,1.0017199216453,1.0017199213860415,1.0017200013468028,1.0017200031315874,1.001720001799943,1.0017200017800865,1.001720003474861,1.001720004173635,1.0017200060579947,1.0017200060944635,1.00172000678959,1.0017200112224003,1.001720012523252,1.0017200063473435,1.0017200037084604,1.0017200044976542
185,0.9925362883299099,0.9924198314468595,0.9925862917691891,1.0141223538132254,1.0143383632375156,1.0215433727236978,0.9963043017972597,0.9963647020968788,0.9964233671588396,0.9968322027658004,0.9967298657869469,0.9964920034410466,0.9960260515236119,0.996036688153989,0.9959382142503027,0.9957461414717916,0.9991090719131109,0.9983345474148987,0.9983345502214864,0.9983345506106592,0.9983345488575815,0.998334548825276,0.9983345490429074,0.9983345493847315,0.9983345483814969,0.9983345427228396,0.9983345445477313,0.9983345432750403,0.9983345433613104,0.9983345433121623,0.9983344214640937,0.9983341936545275,0.9983341901221743,0.9983341825970179,0.9983341813302717,0.998334184432918,0.998334194920999,0.9983341924023181,0.998334184673644,0.9983341748225668,0.9983341672574554,0.9983341696155628,0.9983342161437067,0.9983342156930093,0.9983342106615715,0.9983342042003159,0.9983343047400185,0.9983343024760623,0.9983342980168536,0.9983342954168001,0.9983342912706623,0.9983342867394072,0.9983342921428545,0.9983343113703718,0.9983343097175607,0.9983343064287186,0.9983343037979189,0.9983344665606939,0.9983344672953719,0.9983344682156744,0.9983344672847765,0.9983344657969435,0.998334463130042,0.9983344502027252,0.9983344619970258,0.9983344643609443,0.998334466158228,0.9983347377751335,0.9983347395973011,0.99833474325834,0.9983347461156981,0.9983347434710546,0.9983347148822045,0.9983347192523844,0.9983346787346788,0.9983346807088754,0.9983346805857737,0.9983346924833755,0.9983346917823744,0.9983347002197102,0.9983347003863786,0.9983347009113493,0.9983346928901724,0.9983346922103618,0.9983346947747861,0.9983346958652789,0.9983346959045966,0.9983346897364211,0.9983346908767755,0.9983346919170837,0.9983346939550409,0.9983346946783056,0.9983346962026771,0.9983346972355517,0.9983346993808178,0.9983347010152797,0.9983347000349012,0.9983346983796729,0.9983347026649101,0.9983347022353805,0.9983347032772792
186,0.9770859827386472,0.9775732330727435,0.9758005410155072,0.9771802718436275,0.977031038140529,0.9759053425131325,0.9745564018221434,0.9745474231251483,0.9741390242792763,0.9743665960863245,0.9745714266798907,0.9745716410305675,0.9747990772901408,0.9756980721361407,0.9758166925732757,0.975503098470312,0.974880093882094,0.9748535015459325,0.9747438042236415,0.9747023564817173,0.9747200962558237,0.974700039194904,0.9744380807997104,0.9743861050338773,0.9744482242577557,0.9745379051172086,0.9744558572294669,0.9745218845042195,0.9743923589648633,0.9745595396592985,0.974016648414669,0.9758296558717133,0.9755938725818352,0.9752717588650068,0.9754575293809018,0.9754707571410937,0.9755371613197567,0.975579598936156,0.975499971512202,0.9749242927504448,0.9749083647976381,0.9747287067343863,0.9760433080246382,0.9761699679342922,0.976166381103577,0.9761651100178416,0.97541775306904,0.9754489084451057,0.9756165121647383,0.9758428278905809,0.9758067458940427,0.9757621625122151,0.976805551491441,0.9778123326570013,0.9776999637418289,0.9776238362318292,0.9776093249316252,0.9770401050924501,0.9771350560957428,0.9771073807874191,0.9771215900508488,0.9771028050823034,0.9770654884593626,0.9775052089582313,0.9774074731905855,0.9772913746238618,0.977221283494391,0.9795517760465474,0.9795889905025394,0.9795060134647633,0.9794562177807593,0.9795252880035245,0.9812039934282475,0.9959538888559233,0.9959538943606013,0.9959538926288505,0.9959538941897867,0.9959538877353975,0.9959538878688539,0.9959538929532,0.9959538931832634,0.9959538933812592,0.9959538949102607,0.995953892072797,0.995953888996409,0.9959538882909674,0.9959538871957956,0.9959538691950908,0.9959538683664239,0.9959538669609621,0.9959538642762175,0.9959538637351507,0.9959538619955308,0.9959538612811647,0.9959538584860621,0.9959538568588052,0.995953859325246,0.9959538610586196,0.9959538530682295,0.9959538535276276,0.9959538523307386
187,0.9900071392643672,0.9904542371188646,0.9889647625620611,0.9903007469421726,0.9901873713854161,0.9893309914766241,0.9888108008748367,0.9887720320029174,0.9884440191306706,0.9887008791009596,0.9888718033398259,0.9888984895411123,0.9891057785851414,0.9898463644307645,0.9900353789440149,0.9897954466226472,0.9893535644214576,0.9893469375401779,0.9892501610469655,0.9892204008233059,0.9892420286615232,0.9892280493353824,0.9890330962943126,0.9889941387164397,0.9890462294371233,0.9891368935323098,0.9890682898618818,0.989123886260287,0.9890277193754548,0.9891675563058333,0.9884200476767784,0.9894740353219719,0.9892837897094118,0.9888873622895227,0.9890403068134895,0.9890456631095095,0.9890853861983161,0.9891285716680105,0.9890665167586506,0.9888120181560446,0.9888174940989036,0.9886806705595361,0.9896383073041478,0.989733475652528,0.9897348524456693,0.9897340800262318,0.9890894009799032,0.9891116585906906,0.9892429573510136,0.9894229018221425,0.9893950597839466,0.9893641539950093,0.9893941455363708,0.9901268939388119,0.9900057879495083,0.9899328880272985,0.9898985419658787,0.9896342322578614,0.9897118424381532,0.989673801612844,0.989712763836159,0.9897045965630803,0.9896908896898525,0.9901318891242666,0.9900057955512439,0.9898909547411386,0.9898165338736538,0.9901744737140522,0.9902210012421238,0.9901263555982701,0.9900588581111547,0.9901620584548404,0.9920788301699202,0.9977319206935488,0.9980045996357987,0.9979716706922869,0.997887543953959,0.9973217853035019,0.9973935051939853,0.9991738634650656,0.9992545912463602,0.9993518432352644,0.9993510251475901,0.9990167480823058,0.9988663768323934,0.9989157697930374,0.9988748523193157,0.9970315231304506,0.9970912454557092,0.9969676350227947,0.9968811807766901,0.996953803116229,0.9969324916118624,0.9970019580243892,0.9969186919344519,0.9969003236494142,0.9971679593540076,0.9973227584542436,0.9967739101230444,0.996830595218859,0.996834886976008
188,0.9988642920826135,0.9984508247194236,0.9994862618486698,0.9972303851054602,0.9969165610477729,0.9967647930187814,0.9966999254524644,0.997727475191562,0.9979426863139216,0.9965533703001389,0.996388184990983,0.9962787309912351,0.9960251808547849,0.9950478044679265,0.9909035616735918,0.9909206298127032,0.9909404816499428,0.9909370880095706,0.9911293843352513,0.9911350659152932,0.9911096540319343,0.991107295840833,0.9911589539495287,0.9911682955205806,0.9911425753775275,0.9910973280139592,0.9911455732171425,0.9911218035557342,0.9911468936411914,0.9910068458439709,0.9915449257464968,0.9919705623823729,0.9920729928725943,0.9946592713041259,0.9946814981660933,0.9946920306739176,0.9948737220483348,0.9948794596385727,0.9948714732739056,0.9944735134706073,0.9944656883066707,0.9944466969244804,0.9946174105940633,0.9950524979419317,0.9950511345234055,0.9950506411861528,0.9950226778822896,0.9950269376934626,0.9950383990291655,0.9950514737221144,0.9950499059898154,0.9950447099501585,0.9957147648515806,0.9956921676730086,0.9957102351891158,0.9957128470570031,0.9957182458204018,0.9956991019987687,0.9956992834247564,0.9957063857106034,0.9944669265690176,0.9944608355447438,0.9940965518776372,0.9940284687056253,0.9940614753350596,0.9940817935988594,0.9941050104235292,0.9941743547395469,0.99417025206062,0.9941839609451674,0.994199659846197,0.9941517976811537,0.993087470913777,0.9928941661281053,0.9928738095957613,0.9928745187860942,0.9928898276711486,0.9929978787621162,0.9929706783561898,0.991562157266598,0.9915249295489464,0.9914824547537483,0.9914870307389053,0.9916026672138998,0.9916693571951923,0.9916430916366278,0.9915889643854616,0.9925562792079835,0.9925164082327256,0.9925992733691427,0.9926462853350737,0.9925952576706996,0.9925877479151518,0.9925416575773572,0.9925883640361614,0.9926068722696264,0.9923946986968076,0.9922941060935738,0.9925275868299609,0.9924924257573405,0.9924837907475895
189,0.9644845580800913,0.9641550929653501,0.9645822163107186,0.9632254180872243,0.9615171868183822,0.9608794499933369,0.9600580929549584,0.9656922840188521,0.9661099705682394,0.9636563013272772,0.9634370659128932,0.9632657873840812,0.9629100629122118,0.9611877532209564,0.9511437053813535,0.9511228804761404,0.9511378968279246,0.951132229221878,0.9515080889469605,0.9515121428594951,0.9514873202681637,0.9514794851288884,0.9515210719179029,0.9515439098525218,0.9515193317826968,0.9514827127379517,0.9515449415565285,0.951524791240713,0.9515449798890266,0.9494487436457928,0.9500590827459661,0.9501028229898315,0.9502336066135169,0.9510576553898368,0.9508713386956131,0.9509289031303799,0.9490130812800833,0.9489205413364485,0.9490070060006595,0.9493562122573092,0.9494803949142772,0.9498398840991643,0.948721569856091,0.929689355399071,0.9296824975945864,0.9296818213843284,0.9300954926522886,0.9300882515891769,0.9300137605340515,0.9299143432323619,0.9299291646786825,0.92993493890823,0.9299990844208965,0.9298654878003176,0.9299183894752991,0.9299373994092669,0.9299556108934041,0.9299523347928932,0.9299383241306095,0.9299577421176829,0.9299795408418754,0.9299694967443446,0.9316595523241593,0.93147342686241,0.9315558717970888,0.931609243379743,0.9316969223960189,0.9318618333121154,0.9318693741414941,0.931904206511071,0.931940162345248,0.9316023148654887,0.9316022183735495,0.9316281696997957,0.931491372058133,0.9314938578248582,0.9315544884245137,0.9318977628185563,0.9318300735808723,0.9324030500457918,0.9323567947922331,0.9323010038819307,0.9323068943882422,0.9324625162888227,0.9325369820362251,0.9325075157290005,0.9317337918654162,0.9324098496893785,0.9323866089621764,0.9324341504072354,0.932458110311798,0.9324288904851132,0.9323185410724474,0.9322925936207925,0.9323169656832458,0.9323309157129477,0.9322291531097383,0.9321700482168509,0.9322788228762497,0.9322603758947893,0.9322536094239832
190,0.9396346612253184,0.9394297712061147,0.9394001414434305,0.9387079202939851,0.9368162032547003,0.9359022554652949,0.9348981385848859,0.9432612582019145,0.943246964678183,0.943106305304197,0.9431084605454356,0.9431199481899133,0.9431255082582982,0.9435579709664266,0.9432420384850673,0.9432198193429415,0.9431858978513827,0.943189646357172,0.9405364938832191,0.9405408108626944,0.9405360389303743,0.9405308530448125,0.9405568777786274,0.9404651618842826,0.9404631674797838,0.9404624920445106,0.9404682949162144,0.9404665123850886,0.9404768832555286,0.9399302434899994,0.9397086854387778,0.9396269006880372,0.9395671374176691,0.9396235780358996,0.9396470666361846,0.9396791033456517,0.9283519562802421,0.928339007856383,0.9283467406411338,0.9284244843386948,0.9284418480805747,0.9285689959794118,0.9283119020668651,0.9264036584710976,0.9264070862049382,0.9264075287821163,0.926278685503229,0.9262802016390339,0.9262977854161237,0.926324117916263,0.9263191426642663,0.9263193793653546,0.9262878770513583,0.926309125478087,0.9262850098968789,0.9262806093305989,0.9262749575211233,0.926281987382846,0.926282797792087,0.9262760834897262,0.9262794926627442,0.9262864539733042,0.9263135388721665,0.9263401855010144,0.92632077768785,0.9263098919750695,0.9256278149168595,0.9256119938969085,0.9256204537821375,0.9256253650732023,0.9256252965758299,0.9268928281268782,0.9268196340254692,0.9267993278327387,0.9267743382948862,0.9264860661465133,0.9264879272645986,0.9265368495389531,0.9263179237130074,0.9264314359565213,0.9264219453151914,0.9264109306717633,0.9264104879383421,0.9264496669699588,0.9264710525314663,0.9264643871417897,0.9345377255944887,0.9360778655120088,0.9360301922270768,0.9361280692095365,0.9361400022205522,0.936081289473278,0.9360928360854365,0.9360378497276669,0.9361001936521475,0.9361147491691901,0.9358876019162015,0.9357585320945643,0.9361608167313628,0.9361164925270475,0.9361112429668166
191,0.9260072583064547,0.9260462385158289,0.9256367855267666,0.9264998262106661,0.9247563267322665,0.923999488703166,0.9232506397198754,0.9289945129036388,0.9289509999476055,0.9292506714081451,0.9292532728944206,0.9292600480438677,0.9292697395412014,0.9313656268474966,0.9317224287498247,0.9316649068782644,0.9315458252778666,0.9315468048274398,0.922018683736569,0.92202932395962,0.9219748389031756,0.9219430787632253,0.9220461175811598,0.921481671072686,0.9214517370951739,0.9213958834785572,0.9214633496077982,0.9214342010625682,0.9214742691964483,0.9212262248694205,0.9215175046792184,0.921439883009739,0.9214419935612451,0.9214312999278637,0.921403203401668,0.9215548106568144,0.9032290662299404,0.9032733763766859,0.9032062010484355,0.9030357303684845,0.9030129946214659,0.9022615365005398,0.9026237094575242,0.9034401885410293,0.903448392789286,0.9034487404888806,0.9029371008796171,0.9029473731233172,0.9030330578913712,0.9031537268478527,0.9031361248784399,0.9031251331031088,0.9030636239445226,0.9032536770534338,0.9031827902923787,0.9031509992259756,0.9031270764525662,0.903124085807534,0.9031470097266131,0.9031237612166841,0.9031198983650411,0.9031245362420978,0.9031018537268839,0.9033107506268707,0.9032274301102101,0.9031710342345728,0.8948001036060497,0.894981520938275,0.894970328082482,0.8950195167750911,0.8950651809128045,0.8943149745860454,0.8940864535775794,0.8940841765355989,0.8939013500465054,0.8936514642580493,0.8937161288858584,0.8940921987316458,0.8933596976489527,0.8939507364253937,0.8939051894408936,0.8938501519108354,0.893854571791272,0.8940161806861978,0.8940933687404621,0.8940589227449757,0.8954891591675462,0.8972916430572212,0.8972324824364831,0.8973539468716621,0.8972545255514408,0.8971784476256787,0.8971942670097941,0.8971237476070689,0.8972014816472508,0.8972195715942665,0.8969325342954917,0.8967694512336765,0.8972710615484717,0.8972147542487195,0.8972063745062427
192,0.9068615994858875,0.9072581828992466,0.9064256985971603,0.909363979445483,0.908168657898788,0.9078068963011157,0.9075771726084289,0.9100009464720689,0.9096651418585414,0.9099417372460412,0.9100091583957951,0.9100641931989277,0.9101705162218395,0.9156130851279112,0.9160040836694888,0.9159395467464311,0.915801186671326,0.9158048560949554,0.9041755669323489,0.9041711837273962,0.9041550268014623,0.9041165146051175,0.9040988296874001,0.9033253550531,0.9033484144438123,0.9033951523050928,0.9033571368456151,0.9033794936649769,0.9033639816745461,0.9033507662026602,0.9027944092604404,0.9026956362381696,0.9025142275161986,0.902550834326064,0.9026248381749745,0.9029055104175178,0.8982577935710705,0.89835950186336,0.8981547055373907,0.8977937390421373,0.897746911212022,0.8903891584464969,0.8905995561199993,0.8908531551402056,0.890860537523046,0.8908617009633581,0.8905647307939972,0.8905693053605406,0.8906084628196025,0.8906681610469576,0.890656035186688,0.8906552968095557,0.890601984944754,0.8906577734994194,0.8905623064193003,0.890545000103703,0.8905332398674141,0.89053717549305,0.8905417456469363,0.8905275935702129,0.8905284794432664,0.8905440076404277,0.8905679075341186,0.8906735574693372,0.8906140468124253,0.8905725719171835,0.8842371272698901,0.8840024363213231,0.8840463936703533,0.8839888349001058,0.8839335438037965,0.8840297676127892,0.8842725778705607,0.8842662146445829,0.8844997456510069,0.8845459018836157,0.8844627284008857,0.8840270256185127,0.900547275651858,0.900861469032142,0.9008387265488512,0.9008111565743051,0.900812388298548,0.9008955178428434,0.9009352405340911,0.9009291258633868,0.9008976640348377,0.9013330851348926,0.901319137867469,0.9013480034046689,0.9019975572899104,0.9019915319615831,0.9019937501045333,0.9019876773934412,0.9019950196580065,0.9019862944101917,0.9019615109323483,0.9019485904737906,0.9019926757580822,0.9019876642154647,0.9019902673926857
193,0.8725097247612473,0.8728760353257997,0.8722634820723674,0.8744987280214405,0.8743136333808639,0.8742929673784415,0.8744233596206129,0.8742490873282572,0.8738201811089334,0.8737766301160849,0.873872507623503,0.8739348152848909,0.8740729920889483,0.8799074866293959,0.87986144734377,0.8798661991659964,0.8798679536765716,0.879865088300675,0.8807027525102467,0.8806991110244441,0.8806975729473197,0.8806633945106064,0.8806384070243317,0.8806559302714512,0.880660280219938,0.8806764786255004,0.880804540517475,0.8808106772053126,0.8807992120533481,0.8808101012497208,0.880536572822186,0.8805224911473682,0.8804377224367849,0.8804507197719248,0.8805122062771994,0.8737987466372179,0.8739170346423851,0.873866959306291,0.8768710216778861,0.8768422409860819,0.8768383611565932,0.874668063873307,0.8753539340940446,0.8754289793791425,0.8754388194121646,0.875439933585303,0.8747501741437407,0.8747657163973884,0.8748956385889392,0.8750658438541856,0.87504079351457,0.8750284352769956,0.8749398180999866,0.8751768218360557,0.8749586618483369,0.8748936345361772,0.8748620600268802,0.8748532498058933,0.8748822416257088,0.8748496807227683,0.8748448776320573,0.8748577639024611,0.8749001297863284,0.8751547805392359,0.8750481606973135,0.8749672530996493,0.8749203847901287,0.8747090351108486,0.8747458235610578,0.8746893028929732,0.8746401103261909,0.8747632173247812,0.874997388614483,0.8749988614590236,0.8751916499601993,0.8751737845532024,0.8750964191417548,0.8746140584516514,0.8749231755739846,0.8741409337245059,0.8742044248916262,0.8742810727834542,0.8742746012701297,0.8740479745051979,0.873944178645045,0.8751116886752137,0.8751177439309538,0.8750474350841844,0.8750516093260187,0.8750435255159582,0.8749852785842464,0.8749907262924863,0.874991448727471,0.8751603577988076,0.8751549005013507,0.875013511371539,0.8750329870414004,0.8750445356159449,0.875011624505273,0.8750155371424299,0.874999386430448
194,0.855999875021354,0.8564587498642158,0.8558030907576744,0.8585289627820913,0.8583236408561755,0.8582956342350581,0.8584561775754112,0.8582510738779043,0.8576301462020728,0.8575576650230938,0.8576827335063054,0.857762164616245,0.8579413243589685,0.8639699545366352,0.8639271741535438,0.8639377704351753,0.863952996327584,0.8639510495723277,0.8650075382674086,0.865008235695056,0.8650028488124465,0.8649817809072875,0.8649860592500462,0.8650130798542164,0.8650088459653372,0.8650029749785513,0.8651223596762155,0.8651179134624438,0.8651214889215622,0.8651240492568283,0.8651405217377077,0.8651344601350894,0.8648205057852686,0.8648239240819163,0.8648276750224146,0.8522636054884152,0.8524652279655907,0.8523583584335538,0.8555866881202925,0.8557117816527428,0.855730305687195,0.8552729077743838,0.8551324960617879,0.8551065776324652,0.855106026757185,0.8551068176452096,0.855201786332085,0.8552002690913794,0.8551832231284575,0.8551565790770759,0.855158505114793,0.85516435643985,0.8551670014858787,0.8550942284207407,0.8549267684509534,0.8549287689203637,0.8549351089282534,0.8549343948539692,0.8549251145965436,0.854929400852263,0.8549325979646285,0.8549388651317675,0.8549423624252395,0.854891727286673,0.854900479418701,0.854893505347818,0.8548819347241775,0.8549014358165243,0.8549018635867044,0.8549112621999023,0.8549207433252739,0.8549368553911141,0.8548562717262603,0.8548517919017974,0.8548149774046796,0.854827746251837,0.8548361980028422,0.8549054281316292,0.8549512878273559,0.8550495052082707,0.8550468785656369,0.8550432489899785,0.8550411606487761,0.855053424289731,0.8550604864637832,0.855348527631299,0.8553654235037454,0.855678508579213,0.8556728260632769,0.8556857364040816,0.8556660450837617,0.8556605001685992,0.8556667651989323,0.8566543301002064,0.8566558032494388,0.8571189934606553,0.857101211422317,0.8570912139743201,0.8571248793191865,0.8571215122068521,0.8570428104306888
195,0.8369345818529537,0.8373341551568323,0.836927556105544,0.8392463322629583,0.8390978585295239,0.8390618472595531,0.8391991246526206,0.839054630582294,0.8384154694793455,0.8383345654503277,0.8384543302821793,0.8385288948504156,0.8386993576825612,0.841563940007615,0.8416116918262613,0.8415933292945708,0.8415577872050356,0.8415624594479384,0.8418110775970253,0.8418097414679276,0.8418272376721964,0.8418447431386606,0.8418196553960515,0.841831126299569,0.8418483033045325,0.8418762630476292,0.841835711461933,0.8418495152150047,0.8418392195367393,0.8418534485898829,0.8415531739655993,0.8415303485597551,0.840991236541903,0.8409954416312408,0.8410102153549447,0.8338854151197007,0.8338933579215322,0.8338957665886761,0.8344141420113107,0.8343509423431507,0.8343435125064864,0.8343569119345111,0.8345904110077144,0.8346315071976084,0.8346370947505984,0.8346378066035273,0.834360495943656,0.8343648343438413,0.8344066464875705,0.8344676425778974,0.8344486192596443,0.8344455420705118,0.8344126339522507,0.8344989422180564,0.8342437313530693,0.8344259016444988,0.8344180178879956,0.8344143252984146,0.8344203986612984,0.8344113480331505,0.8344109865709964,0.834421132482502,0.8344338985915364,0.8345056101109485,0.8344699988660389,0.834387316638024,0.83436206038562,0.8343022475089904,0.8343122457120546,0.8342986817172298,0.8342866841799789,0.8343187915598131,0.8343727758512789,0.8343720738625469,0.8344316825924966,0.8344275723234011,0.8344016433490331,0.8342704352323341,0.8342861738355302,0.8341039591950908,0.8341172695118984,0.834133872312896,0.8341309671217902,0.8340858547266905,0.8340678985428408,0.834096010455128,0.8341047266193079,0.8339827136857112,0.8339868147730246,0.833979743255998,0.833977821215937,0.8339831474559835,0.8339854425444866,0.8343148952563925,0.8343118805076072,0.8342088224529562,0.8342380385353516,0.8342569774072611,0.834207241291815,0.8342126516458502,0.835204753389705
196,0.8039447576650539,0.8034472751943118,0.8022999782875221,0.7995433840952221,0.7996950688671297,0.7997697718580075,0.7996118709044026,0.7997337703643691,0.80178817442683,0.8019020391176988,0.8017301991996997,0.8016358292782476,0.801393052109762,0.8001048521007275,0.7999435233114496,0.8000324276531438,0.8001974629884144,0.8001862249635672,0.800470044213517,0.800483722194873,0.8004296536261479,0.8002726137991307,0.8003921465452797,0.8004078901027785,0.8003479201121502,0.8002364560952946,0.800048706260181,0.7999903644828581,0.8000492322619395,0.7999951791988449,0.8012843292777642,0.8013249394436208,0.8093317710524838,0.8093176913877738,0.8091652213469389,0.8089610216456583,0.8089812639055747,0.8089432093891452,0.8089283586967283,0.8090811421034068,0.8091023130108916,0.8092198378820522,0.8087095416446848,0.8086275854464707,0.8086198592845926,0.8086202948163009,0.8091055264389857,0.8090972245618322,0.8090185779862127,0.8089031185415665,0.8089164673031407,0.8089293415674397,0.8089775069534146,0.8087701339317596,0.8107492908394605,0.8109796197219786,0.8109849276693004,0.8109776421180559,0.810969211073129,0.8109713315049727,0.8109754505118393,0.8109908229769847,0.8109949103954069,0.8109599786006021,0.8109560950020726,0.8107585155938326,0.8107511596138963,0.8107784341495087,0.8107775319062814,0.8107908160070325,0.8108329716514903,0.8108315384461325,0.8107296585148351,0.8107274332969171,0.8106848572731887,0.810698190344628,0.8107063145404252,0.8107967888934974,0.810811376272342,0.8109607818013502,0.8109520958694411,0.8109422425658085,0.8109372188790073,0.8109759212087907,0.8109994942386493,0.8110023218458663,0.8110153571759463,0.8112436079579605,0.8112395085512487,0.8112514653388835,0.8112758685166325,0.8112716417704467,0.8112797441920362,0.8112766384860113,0.8112927554509615,0.8109697740760541,0.8109268276485182,0.8109046644533359,0.8109879509623095,0.8109793581473431,0.8177114565054531
197,0.8038545675281855,0.8033734034811056,0.7965414480614322,0.7931977500742885,0.7933369185371987,0.793304035388894,0.7930399011430401,0.7932015040068463,0.7985410367581606,0.7986459650514587,0.7985066307273644,0.7984225980517488,0.7982250742094334,0.7968535792959047,0.7967346687581431,0.7967824020447588,0.7968693548209278,0.7968595216953863,0.797119648228722,0.7971258803544575,0.7970841522237079,0.7970190565189943,0.7970885072307823,0.7970918591486652,0.7970496773774927,0.7969772834683118,0.7944285001251175,0.7943688339420003,0.7944229864948233,0.7943716334239482,0.7956924259546793,0.7957485741644142,0.809842643247004,0.8098589325385501,0.8099636230192794,0.8101106673362685,0.8100474067987855,0.8100870263709125,0.8100259448035697,0.8098790050411302,0.8098605743611103,0.8097435643818018,0.8102294198207425,0.8103029609491379,0.8103122516382604,0.810313485630186,0.8097792130220188,0.8097890556600853,0.8098759675366543,0.8099979587884143,0.8099038004346732,0.8098956256979919,0.8098341974714328,0.8100144743911647,0.8098958300404605,0.8098499074320733,0.8098276960084134,0.8098183363429141,0.8098386688461081,0.8098150303836257,0.8098121473656773,0.8098425563162245,0.8098694044657482,0.8100648064785437,0.8099785238009644,0.8123519777987475,0.8123229786717806,0.8122471922279536,0.8122587463901936,0.8122426867770579,0.8122728450152856,0.8123029254453215,0.8123667149460384,0.8123659772527189,0.8124408996328724,0.8124345432397377,0.8124010189090947,0.8122445592873327,0.8122772113482498,0.8120925427435192,0.8121044308560295,0.81211990406665,0.8121151148776882,0.8120785341908637,0.8120666598333219,0.8120777684173588,0.8120862095096163,0.8120253505944672,0.8120276272184735,0.8120254434888794,0.8120353387729985,0.8120385126035891,0.8120425456195111,0.8120448168428664,0.8120505544694281,0.8119267380068019,0.8119221046574185,0.8119225058057501,0.8119363755431936,0.8119348880134876,0.813719716766164
198,0.8097342061524377,0.8096303594968078,0.7828592623135853,0.7830920382660806,0.7829834326982634,0.7828724924161592,0.7828180224218729,0.7827776471878001,0.7926304482929902,0.7924535856986005,0.792674993271526,0.7928235440527006,0.793142419077897,0.7946009995914323,0.7948216963291312,0.794753667203024,0.7946290363912378,0.7946516132480957,0.7942518460615282,0.794247138650433,0.7943345109391525,0.7971461795347726,0.7971219025912021,0.7971333296953197,0.7971849166221012,0.7972419526901845,0.7791742578973705,0.7791742627995134,0.7791742628642945,0.7791742695247403,0.7791741594460375,0.7791741403005801,0.7791741525340582,0.7791741555419552,0.7791741577835174,0.7791741526696033,0.7791741481700181,0.7791741495326613,0.7791741511599588,0.7791741508442025,0.7791741535969696,0.7791741510840579,0.7791741469105425,0.7791741481404778,0.779174150358865,0.779174153238048,0.7791741061231939,0.7791741074856929,0.7791741101188906,0.7791741122455388,0.7791741183348248,0.7791741202723367,0.7791741161058333,0.7791741045902749,0.7791741010867073,0.7791741029134198,0.779174104274567,0.7791740992955476,0.7791740973722807,0.7791740981759125,0.7791740996073647,0.7791741069097995,0.7791741080846358,0.7791741070459868,0.7791740996807698,0.7791741243001179,0.7791741248023488,0.7791741210610004,0.7791741227794625,0.7791741236853444,0.7791740624549107,0.7791740632484022,0.779174059723575,0.779174060239789,0.779174062768676,0.7791740629670931,0.7791740609569107,0.7791740553961012,0.779174056349752,0.7791740472376021,0.779174048110729,0.7791740492443148,0.7791740486633093,0.779174045867292,0.7791740452385572,0.779174045945627,0.779174046072557,0.7791740363586479,0.7791740368985494,0.7791740364683203,0.7791740364484581,0.779174036974518,0.7791740371705285,0.7791740376989207,0.7791740377507174,0.7791740374794881,0.7791740387780757,0.7791740394507057,0.7791740377078514,0.7791740379571672,0.7791740366126495
199,1.0966427844096558,1.0969258643603288,1.0960014783119985,1.0946764264139544,1.094518400818021,1.0941356819392678,1.0939773781132411,1.0939128415435142,1.0936260610669413,1.0935841695026933,1.093775997869293,1.0888444797123296,1.0887280928441971,1.0896657052053067,1.0898593636855496,1.0897278267511639,1.089453982885414,1.0894715102123222,1.0892743532823097,1.0892666045752355,1.1022436255064185,1.1022348381192923,1.0942763480045912,1.0942959244800003,1.0944943255747623,1.0944927271129994,1.0945518509754812,1.0950902966992078,1.0951996213379709,1.0951550451143162,1.0958264314346056,1.0957807202769354,1.0959275894141696,1.0959151371133435,1.0966667413044984,1.096687002905602,1.0967451663897674,1.0964336594326949,1.0964824136156046,1.0967143581911585,1.096742026212972,1.0968799944876402,1.0960678984990346,1.0959602286505328,1.1007822651543429,1.1007779078279374,1.1013135959134055,1.1013171405528128,1.1009685426611189,1.1003324621931077,1.10035553904261,1.1003819502938523,1.1004576014117877,1.1001537991283967,1.1002428985246926,1.1002827852456043,1.100303354969027,1.1003562719707791,1.0635198582637115,1.0634299565519094,1.0634257016912172,1.0634230776463174,1.0634275644471645,1.0634885297952326,1.0633836579245475,1.063370887315178,1.0633603191008711,1.063332210167151,1.0633345726276628,1.0650295351715893,1.0649894132590225,1.0650606724284473,1.0653090701945542,1.0653115723426774,1.065490026946132,1.0654659383933136,1.0660725216932199,1.0656296028296248,1.0656880342699921,1.0649937359737314,1.0650451615901058,1.0651040417094555,1.0651067661270055,1.064922004607233,1.065000265493481,1.0650279621465129,1.06502377792409,1.0641670673750228,1.0641907906072974,1.0641659907222376,1.0641303822657247,1.0641547685078248,1.0641460535624434,1.0641735306705513,1.0641465006757824,1.0641360477464286,1.064255579284218,1.0643464854433242,1.0641330260140176,1.0641575776943033,1.064159483748445
200,1.1055551333693265,1.1048176920887998,1.1059042744070857,1.1010513163287792,1.100963564597068,1.1004926973513276,1.1002907817887766,1.1002634751294071,1.1002755547390721,1.1003184794602605,1.0994104491052512,1.090455848079041,1.0920822003429629,1.0922947983047635,1.092347499569905,1.092308269322202,1.0921564698939177,1.0921584067070709,1.0921146579593497,1.0921305894032491,1.093361555496832,1.0933602965913687,1.0909505516959224,1.090975260639566,1.0910728747553537,1.0911054743716622,1.091166628875862,1.09751431012117,1.0975938461569443,1.097563933088764,1.097832120967286,1.0977688761549202,1.0978530866933274,1.0978479044322802,1.0974186453627652,1.097424228297215,1.0974387056704014,1.0919723674274933,1.091896511435281,1.0915815384344578,1.0915354329949227,1.0913176748396705,1.0922256797520793,1.0923592943063019,1.1042336070996894,1.1042315902379407,1.10435618957489,1.104373229436392,1.104560356010097,1.104724952349095,1.1047026984458486,1.1046986026524128,1.104617665086087,1.1048381923075794,1.1047633286242708,1.10472847881694,1.1046859752474847,1.104703839544012,1.1040291784086627,1.1039418922610496,1.103937735710386,1.103943875013445,1.103967637513281,1.1041612339926694,1.1053204778744488,1.1052547718731187,1.105204102175685,1.1050151155810692,1.1050410171260299,1.1049431470374178,1.1049022864274527,1.1049749135343079,1.1051910456496208,1.1051875042815194,1.105351293124813,1.1053314896374342,1.080833205599996,1.0802948507121362,1.080364911093873,1.079567329532501,1.0796135345060913,1.0796822197466058,1.0796806735748985,1.0794752998269135,1.0765681939226621,1.0765750675610006,1.0765747612115901,1.076352875546402,1.076360422469774,1.0763445919050707,1.0763332131555206,1.076342609439313,1.076339888765583,1.0763487226763755,1.0763386529350119,1.076335090891515,1.0763726060828038,1.0764934063504805,1.076423306368607,1.0764327897316326,1.0764336490550164
201,1.113371679188164,1.1129191625827086,1.1139734608626195,1.1165457208445513,1.116515252022736,1.1161755950799008,1.1168135027191295,1.116792147421593,1.1167323180108955,1.116730735624127,1.1161713511387132,1.1111706020222871,1.1159494603553137,1.1160558841746797,1.1160855252414081,1.1160688436338735,1.1158995891492294,1.1159019424950878,1.1158795770869543,1.1159051139509075,1.1157338635022758,1.1157338967014556,1.1150974900677477,1.1151086348144512,1.1152018677565605,1.115386978447629,1.1154049125786365,1.1270753735061454,1.1271314875329692,1.1271053998456524,1.1273791793099612,1.1273472347785232,1.127396720769175,1.1273940695583098,1.1271393262505216,1.127142893640247,1.1271523089333177,1.123519901953272,1.1234589964149524,1.123193138671512,1.1231547558372907,1.1229687817217557,1.12375679766298,1.1238588810079126,1.129672205984052,1.1296718519743632,1.1300809935360028,1.13013008635604,1.1319651746544532,1.1323044899715837,1.1322542954569244,1.1322233132570307,1.1320584946129377,1.132589181482245,1.1324268053255906,1.132346883972402,1.1322726979727384,1.1322800130266641,1.1337596016338098,1.1336642431596562,1.1336492712243067,1.133661088959421,1.1337269083100139,1.1342620440446145,1.1377807369306683,1.1376381264486992,1.1375254463422118,1.1371095272732141,1.137171646729495,1.1370565461885689,1.1369521404724785,1.1371380842643175,1.1376873111782349,1.1376913380197526,1.1380566951624376,1.1380136519623767,1.1243066733398117,1.1236041373045655,1.1237042604876823,1.1224291173568277,1.1224567469007094,1.122576689924095,1.1225763348063118,1.122206006309051,1.1035207766957105,1.1035551783421609,1.1035509500749494,1.1025870942436529,1.1026136910976347,1.1025607256015486,1.1025246164192966,1.1025557233453076,1.1025474145045466,1.1025775027286584,1.102542431671231,1.102532077958201,1.102658966438427,1.1024462642378758,1.1021415953030693,1.1021773285702785,1.1021817531818756
202,1.0637644602317489,1.0639535464734222,1.0638529449299199,1.0753163511565886,1.075268240065573,1.0750223951502114,1.0751246075228789,1.0750648867717294,1.0747655324986722,1.074694176669144,1.0747379585653074,1.0738947833064783,1.078892527137257,1.0791007856255026,1.0791429607339507,1.0791059332524109,1.078859726304104,1.078863133963685,1.078822642740631,1.0787852074737871,1.0785352837264692,1.0785341841994471,1.0786820725338735,1.0786747845923148,1.0787269228685588,1.0817485768625672,1.0816911740980697,1.0863861392898018,1.086372769500876,1.0863903017905956,1.0861439490512816,1.0860092785472242,1.0858863326338968,1.0859052603768709,1.086002801328939,1.0859874417426705,1.0859371116854566,1.083495830199358,1.0835331525576906,1.0836992980634053,1.0837196594331142,1.083804102949307,1.0833320898524061,1.0832528493256826,1.0830636340366204,1.0830610394917655,1.0541291141684674,1.0542570439178005,1.0540121601372086,1.0531406805409806,1.0532674379068898,1.0533538782931637,1.0537336918983617,1.0522607011366971,1.0526968123982197,1.052907022785084,1.0529960057064631,1.0530903686810276,1.0528232302191178,1.0529564113004624,1.0529908404376798,1.052959658497232,1.0527944309416555,1.0513683942603724,1.0273947874495324,1.0277370634671736,1.027996984249669,1.028871993009891,1.028735989398523,1.028997896340926,1.029213446302189,1.0288237935429478,1.0275563279711675,1.0275178890439995,1.0265484857131073,1.026662125018128,1.0270259169350517,1.0281990176583788,1.027890168119312,1.0316553359441998,1.0358061542855235,1.0354414145588344,1.0354645088738552,1.036543359918033,1.0373061402091113,1.0371346454166612,1.0371588957691387,1.0422451659498366,1.0420934874824004,1.0424000854863644,1.0425948959976603,1.0424133400021485,1.0424562034849187,1.0422851155429471,1.042476195923005,1.0425282990812994,1.0418266472172888,1.0397407038200053,1.0411691738649325,1.0410021667908538,1.0409796993490448
203,1.0406523985884064,1.0409101408525625,1.0411150341948638,1.0817710270841034,1.0817601292734977,1.082672796864939,1.0670743661870885,1.0669590480037383,1.0664047000649497,1.0663386802234511,1.066553970383386,1.066957715707429,1.0703893007137155,1.0705677839309926,1.0705780385418162,1.0704652710685805,1.071431002556738,1.0714350931123648,1.0713093587683546,1.0705295668678976,1.0705115393646185,1.0705094551559136,1.0704972531101726,1.0704821168326268,1.0705402814822007,1.0816585134305086,1.0816202333294656,1.081744531431815,1.0817387846606505,1.081751087003592,1.07618403954171,1.076280629129592,1.0764694452890897,1.076459743887866,1.0763056406842786,1.0763203890511648,1.0763649561300512,1.0767903649992525,1.076854548467171,1.0771517167490046,1.0771906147893042,1.0773605532241306,1.0628784781921108,1.062816670718687,1.062811520653311,1.0628099659151122,1.0333139464673857,1.0338856504729617,1.0345030538645286,1.0354405693123623,1.035305310436923,1.0352261473648054,1.0347725641967012,1.036258556121201,1.0357926444663184,1.035571941116431,1.0356127521083172,1.0354352491226233,1.0355634627354515,1.0353739967240845,1.035339745192462,1.0353768489577568,1.0355523775590918,1.036788869616421,1.0366058385586479,1.0361799206335467,1.035856682585541,1.0346852486428846,1.0348499186981766,1.0345502064262229,1.0342883882072886,1.0347603520446857,1.036262585521318,1.0362675140136242,1.0374392740822354,1.0372960023282842,1.036810511143437,0.9934602461732062,0.9934602513054267,0.9934602051875298,0.9934602358505626,0.9934602433322902,0.9934602388242926,0.9934602211051242,0.9934602185766083,0.993460223897997,0.9934602242442596,0.9934601499762238,0.993460154130792,0.9934601514947566,0.9934601527468926,0.9934601567293451,0.9934601589819986,0.993460163248397,0.9934601646888497,0.9934601668113708,0.9934601749860522,0.9934601810408157,0.993460171600811,0.9934601668770795,0.9934601691590939
204,1.0286719312789352,1.028954939590491,1.029072168744808,1.0790111942878355,1.0790891077734852,1.0822069196261324,1.0538805127615274,1.0537785230806205,1.053334264758829,1.053310052612378,1.053459648220748,1.0536842908914432,1.055088620324024,1.0553160439365803,1.0553439458401535,1.0552236655847003,1.0594505476918992,1.0594628897884455,1.0592136900183742,1.058584559411077,1.0586163841344014,1.0586072149850723,1.0584248178778803,1.0583827533316696,1.058484446027969,1.0654322559777716,1.0653998940686469,1.0653577237577572,1.065341822208322,1.0653544192214888,1.0372420665039974,1.0382132431527549,1.0391756465710478,1.0390828928358835,1.0382310510888293,1.0383314238018284,1.0386317905325038,1.0384720709625415,1.0387750034835244,1.040117241673555,1.0402995438611293,1.041143640890121,0.9899956963663403,0.9898106413298297,0.989792232545343,0.9897913162853733,0.9905577101233624,0.9907237215879193,0.9905572938960898,0.9903365055965812,0.9903682485369674,0.9903883881845693,0.9904888581293352,0.9903207548703394,0.9904229220034705,0.9904718096868715,0.9920161612550926,0.9923638148818935,0.9923216353494585,0.9923294701840322,0.9923351607118257,0.9923349890719206,0.9923188475551683,0.9917564233955655,0.9918471035521944,0.9918966988680701,0.9919340064106024,0.9919928544473388,0.9919734217063849,0.992014030316349,0.9920453217627516,0.9919884908329276,0.991781772242221,0.9917561443520712,0.9916804914508115,0.9916973451279706,0.9917106960104121,0.9891879512386718,0.9891652219870075,0.989575833881645,0.9893848361145152,0.9893426934403855,0.9893010151684953,0.9894459763539906,0.9895151561265152,0.9894906055356233,0.9894974287461222,0.991639633695454,0.9916498456325402,0.9916265172245322,0.9916180392700663,0.9916298160924328,0.9916282940345893,0.991638399166951,0.9916295717117733,0.9916263746245283,0.9916704119902974,0.9917541106747335,0.9916717517037457,0.9913124465104403,0.9913150040216197
205,0.9961162933928845,0.9961998148914641,0.9961650961577987,1.0241492164600217,1.0243547977732073,1.0331432351141427,1.0063303820618184,1.0063617646167382,1.0064388255988455,1.0068271478559905,1.0067244679374883,1.0065837414042997,1.0061356276904636,1.0061132916862048,1.00606880697757,1.0059191240898244,1.011373488909039,1.0107528303293274,1.0108069294872193,1.0108242807504721,1.010809639107475,1.0108125305743496,1.0108870590886812,1.0108997537615942,1.0108817236104826,1.0109602323061904,1.0109953791031892,1.0109802170150892,1.0110204959896656,1.0109833830331472,1.0007470542927408,0.98997467231655,0.9899820651548986,0.9899945838865702,0.9899915771173825,0.9899882925229521,0.9899742072782773,0.9899878454956449,0.9899917208667025,0.9899200197090384,0.989924449016341,0.9899335304185473,0.9903314502278449,0.9903185116480885,0.9903236723979464,0.9903232671271739,0.9902841370397273,0.9903230580634282,0.9903199010853331,0.990314455384601,0.9903156384209737,0.9903199231529219,0.9906296502817559,0.9874496700482526,0.987531625254894,0.9875732789197619,0.987531111684942,1.0018604754113518,1.0017963699998131,1.0018462181509509,1.0018589295144165,1.0018510769230886,1.0018014601969105,1.0012999379213963,1.0014883930371976,1.0016235255803987,1.0017233378893686,1.0045714786653481,1.004491291395812,1.0046433249576547,1.0047691996677122,1.0045431123156454,1.003725461979273,1.0035767964725353,0.9979841066359824,0.9980494284046801,0.998244984097727,0.9993874749991606,0.9992380023295662,1.0009709570889729,1.0008576167038306,1.0007169594214258,1.000309456529807,1.000696777905321,1.0008903386419932,1.0008249486792875,1.0008402219273425,1.002090746688293,1.0020420691225322,1.00213896643515,1.0022030376501918,1.0021471477422692,1.0021619729859026,1.0021078984767302,1.0021708522005257,1.0021866944922215,1.001959047251416,1.0018356382584788,1.0022437126562498,1.0021941522737092,1.0021894979013561
206,0.9740068588574632,0.9738537187286421,0.9740327689707501,0.977254411691325,0.9773574520755088,0.9792717796534532,0.9738257676249511,0.9739057683830376,0.9740287833637142,0.9742857479214782,0.9741959109615155,0.9740490914986599,0.9738155501064292,0.9736027137471148,0.9734659628149257,0.9734100640822362,0.9737238433913111,0.9735536342999106,0.9736685804410168,0.9736650614198737,0.9736129838204491,0.9736056325177024,0.9736164860488427,0.9736176845832858,0.9735807691861976,0.9734577400103261,0.9735136172666524,0.9734786700724282,0.9734827809111294,0.9734948416232287,0.9747768518333539,0.9678697490302852,0.9677066783367736,0.9676197214034635,0.9677477034848162,0.9677566600543627,0.9677851665150029,0.9678070976915165,0.9677490619504264,0.967383956963058,0.9673534647815487,0.9671808120277977,0.9683457910453909,0.968461846086119,0.9684582450452772,0.9684572557155705,0.9678583357941944,0.967885623756211,0.9680278628862533,0.968217689863266,0.9681864307032148,0.9681493627879205,0.964315594982496,0.9659545480463642,0.9660262964937465,0.9660445489380557,0.9661069109920116,0.9648927353593922,0.9649055244588534,0.9649479449505357,0.9649444361184476,0.9649184049181484,0.9648431847240082,0.9646029459253485,0.964742178430366,0.9647914624875721,0.9648389268926574,0.9799855685418668,0.9799531895986489,0.9800034970328502,0.9800584948989123,0.9799512512609655,0.9806175764575406,0.9827346146694106,0.9828866975738514,0.982920224152724,0.9830731292325243,0.9838352614107186,0.9837297265441837,0.9831503247315005,0.9830508519282045,0.9829339611941089,0.9828707468080498,0.9830775731047605,0.9832166100397312,0.983163321896416,0.9831380521583771,0.9842583773307005,0.9842879727504454,0.9842879734375377,0.9842879737324985,0.9842879733149298,0.9842879733577107,0.9842879729951025,0.9842879732971634,0.984287973434681,0.9842879720266898,0.9842879709298724,0.9842879733541207,0.9842879730503942,0.9842879729487994
207,0.9695171197663152,0.9695172476039037,0.9695192925576563,0.9695205023530964,0.9695211828662477,0.9695229463917558,0.9695220147404352,0.9695226146747199,0.969523006151501,0.969523618886516,0.9695240714729356,0.9695248400168806,0.9695255358802745,0.969525879466964,0.9695266140854387,0.9695275105920467,0.9695264103839718,0.9695269846915404,0.9695264208618384,0.9695270255984453,0.9695275971948887,0.969527987481692,0.9695285469900672,0.9695291541384781,0.9695298113441543,0.9695296888320969,0.9695295942644416,0.9695298773941504,0.9695301574303548,0.9695306037702613,0.9695238143591555,0.9695186216170564,0.9695185235070368,0.9695184859941972,0.9695187257401009,0.9695186575189507,0.9695184750964734,0.9695185670036115,0.9695186434428887,0.9695192129332804,0.9695193298115498,0.9695191229612531,0.969519388240931,0.9695194758837964,0.9695195705340606,0.9695196770019882,0.9695174849804408,0.969517515150979,0.9695176824201976,0.9695178822964796,0.9695179336400701,0.9695180304568153,0.969513793387082,0.969514557572622,0.9695145121961807,0.9695144841019945,0.9695144689447448,0.9695142427419453,0.9695142768339434,0.9695142625564884,0.9695142613701183,0.9695142498751718,0.969514252317529,0.9695144108130305,0.9695143867763572,0.9695143468038167,0.9695143172997476,0.9695162728811285,0.969516319505503,0.9695163153135485,0.9695163098617949,0.9695163453801837,0.9695161355422872,0.9695178422053039,0.9695178716962071,0.9695179343789483,0.9695178416039008,0.9695178764519524,0.9695179031019783,0.9695185858847981,0.9695186530606252,0.9695187521517328,0.9695186227632066,0.9695184740892246,0.9695184935969194,0.9695185774018131,0.9695186026477919,0.9695179397524128,0.9695180154100428,0.9695179179904453,0.9695179648082348,0.9695180641141232,0.9695181098132547,0.969518184838804,0.9695182375949335,0.9695182707175594,0.9695183848593263,0.9695184615092632,0.9695183814179016,0.9695183988106395,0.9695184607073425
208,1.0028802001392572,1.0025237484097724,1.003520198901264,1.001914233963713,1.001619148328943,1.0016730963238423,1.0018298207849587,1.002639961247039,1.0028242717179912,1.001240953543894,1.0010875167689597,1.0010032120491417,1.0007773713346573,0.9999074298196404,0.9966350121105488,0.9966820594543788,0.9967070020083808,0.996708656769747,0.9968544814253376,0.9968609952088031,0.9968477655154444,0.9968477207987113,0.9968946483655808,0.99690476475976,0.9968887159207468,0.9968664673033711,0.9968961129834493,0.996881570975959,0.9969047262743679,0.9967050831632286,0.9969799888054229,0.9973288263199219,0.9973932316256787,1.0005910355861012,1.0006418063576363,1.0006390559009928,1.0007323187289756,1.0007516838347108,1.0007346621067656,1.0003142074812932,1.0002544204847719,1.0002030917241382,1.0004232710632683,1.00084991251509,1.0008523874763664,1.0008523259085396,1.0007118138857356,1.000716655128565,1.000744623546012,1.000779701789337,1.0007749441547769,1.0007718143993363,1.0013972393080042,1.0013589186354384,1.0013631760197,1.001364472410732,1.0013633252808778,1.0013793198345144,1.001376131577986,1.0013763757184977,1.000249445199567,1.0002506503870479,0.9999429912529273,0.9999219395670614,0.9999249949343686,0.9999309687543302,0.9999339800736867,0.9998561473270344,0.9998601226876318,0.9998657327580056,0.999869421139175,0.9998666335310992,0.9964695311104778,0.9961414780262584,0.9962575391250414,0.9962437259395943,0.9961949581247218,0.9959489065244983,0.9959795938436999,0.993602225529253,0.9936028393378831,0.9936057593242679,0.9936070598758554,0.9935956524607172,0.9936028716948143,0.9935996936922524,0.9935885738927733,0.993951392393205,0.9939315865971525,0.9939726746824372,0.9939988510994707,0.993973284155372,0.993949474618212,0.9939258909492421,0.9939514193539652,0.9939591380278204,0.9938177403721195,0.9937724384908959,0.9939131081622834,0.9938959186086068,0.993893125982803
209,0.9790255034545905,0.9785594294644818,0.9794405288504634,0.9770736119115541,0.975871792306464,0.9754360339638894,0.9748274120722147,0.9785946789974964,0.9790426363865576,0.9760349524476915,0.975752633872288,0.9755311580266728,0.975079215538352,0.9731251196300006,0.9580607827009914,0.9580592565845931,0.9580624087330142,0.9580623199719929,0.9581355751122483,0.9581375665076174,0.9581336126785487,0.9581334786621727,0.9581476167825217,0.958152401064322,0.9581475763901594,0.9581410363154408,0.9581497088610376,0.9581454928773183,0.9581526245112517,0.9578453041355406,0.9579620198058839,0.9579990779539045,0.9580168088172449,0.9593178300242999,0.9593071381184701,0.959307621145589,0.9592787459687913,0.9592763772915034,0.959278325051988,0.9592527378712152,0.959286256442501,0.9592880733889777,0.9592537441286195,0.958975652766225,0.958977024600317,0.9589770922560618,0.9589009924184777,0.9589027910637705,0.9589163713644746,0.9589345973130214,0.9589317526819321,0.9589306131314005,0.9589843956360142,0.9590011991486471,0.9589921749585374,0.9589890372753376,0.9589858655345794,0.9589867509342471,0.9589883403893922,0.9589851719667745,0.9586803105794702,0.9586823341916013,0.9595330380184466,0.9596067957379053,0.9595762219339342,0.959555771810311,0.9595371175524793,0.9594767210608051,0.9594906703432222,0.9594758738707548,0.9594620055250823,0.9594726763640441,0.9598209412470288,0.9598178819392956,0.9598730256425344,0.9598669084973016,0.959845007403631,0.9597109624959543,0.9597338989915405,0.9594857948265921,0.9595072093069653,0.9595326865361538,0.959530778915578,0.9594547051599338,0.959418113064182,0.9594317615499436,0.9594015451187751,0.9589522312681078,0.9589686965907914,0.958934620422364,0.9589148786507296,0.958935596144327,0.958880246718799,0.9588989732949731,0.9588794678967453,0.9588714300312038,0.9589432263191532,0.9589858767273494,0.9588268013451432,0.9588414311186432,0.9588449729753298
210,0.9412568839875253,0.9407680799746878,0.9410958473953042,0.9383318378136575,0.9366593702601612,0.9355994073509526,0.9343626070603372,0.9440910069548313,0.9440910106940608,0.9440910034647553,0.9440909999184748,0.9440909947479856,0.9440909885312088,0.9440909763237403,0.9440909170028222,0.944090908932128,0.9440909202549301,0.9440909141549153,0.9440908554349619,0.9440908474752742,0.9440908433802694,0.9440908375716996,0.944090835498295,0.944090821373959,0.9440908137071119,0.9440908125727857,0.9440908147800415,0.9440908099731535,0.944090809919949,0.944090783386746,0.9440908946056144,0.9440909159290488,0.9440909169624296,0.9440909122826164,0.9440909107633187,0.9440909147925786,0.9440907528376024,0.9440907493345327,0.9440907450878432,0.9440907482804386,0.9440907434340263,0.944090758878393,0.9440907578051209,0.944090636576052,0.9440906303694455,0.9440906220587446,0.944090750102821,0.944090746193752,0.944090739896722,0.9440907358329338,0.9440907307678086,0.9440907251514066,0.944090737166851,0.9440907729605212,0.9440907705125401,0.9440907659003347,0.9440907616803563,0.9440907760614476,0.9440907819702343,0.944090779377787,0.9440907751290154,0.944090771022924,0.9440907625849569,0.9440907662269539,0.9440907870823367,0.9440907855171287,0.944090775622969,0.9440907840118884,0.9440907803282373,0.9440907778309785,0.9440907766705572,0.944090781309319,0.9440908123215707,0.9440908107740936,0.9440908077571776,0.9440908009303587,0.9440908071186919,0.9440908145183731,0.94409080610524,0.9440908207100417,0.9440908181758729,0.9440908147350249,0.9440908179728776,0.9440908249370609,0.9440908243148308,0.9440908212494856,0.9440908903541525,0.9440909037471285,0.944090901947606,0.9440909023266194,0.94409090006497,0.9440908984147095,0.9440908967863652,0.9440908949635327,0.9440908933013522,0.9440908925318562,0.9440908907075325,0.9440908900395164,0.9440908900294807,0.9440908896772511,0.9440908881583632
211,0.9238766700158967,0.9240141677805497,0.9234596944809665,0.9249821964109233,0.9232329801215248,0.9225308394366128,0.9218669929852688,0.9270966178369694,0.9270031413784634,0.927321522374701,0.9273357030713971,0.9273525011431943,0.9273805882857717,0.9299829142971846,0.930376714025681,0.9303147281098836,0.9301861967024008,0.9301883806541955,0.9192374669102487,0.9192484394157204,0.9191938887171464,0.9191608570366252,0.9192653114116102,0.9186543683681756,0.918626120189403,0.9185730752454314,0.9186339753670388,0.9186062230613656,0.9186464546103968,0.9184053136411385,0.9186769701647906,0.9185867880207655,0.9185734720469682,0.9185705490413408,0.9185431907018022,0.918709048525346,0.9005917848684993,0.9006516645184063,0.9005576489191736,0.900331305301201,0.9003009244592489,0.8990068100223602,0.8995056529737616,0.9003383119408948,0.900348948294902,0.9003495695638466,0.8997139800732334,0.8997264083865236,0.8998319623972784,0.8999805215252029,0.8999579298392276,0.8999455345168746,0.8998657343370225,0.9000912353766125,0.8999950607893097,0.8999573473170236,0.8999281880636485,0.8999255712013786,0.8999521248484885,0.8999230976750839,0.8999186955199098,0.899927790208399,0.8999173369089092,0.9001701120344935,0.9000659057599139,0.8999948275157791,0.8890499493462235,0.8891921249391996,0.8891833623890854,0.8892226310656974,0.889257555630299,0.8886189480522843,0.8884449156362363,0.8884419043565348,0.8883037763390456,0.8881439232243771,0.8881913516617466,0.8884649369700889,0.8879454187109139,0.888372028727159,0.8883400469968321,0.8883012439986863,0.8883040833557687,0.8884183831136803,0.8884725819412821,0.8884479301620345,0.8892176335619382,0.8903511232706391,0.8903151750714808,0.8903889196232657,0.8902610671175764,0.8902140768301915,0.8902242572280264,0.8901807962377695,0.8902298691145372,0.8902337717798395,0.8900540089000429,0.8899517110851929,0.8902673246379628,0.8902322046630885,0.8902292429509127
212,0.8994486380739392,0.8996056114957063,0.8992756833082443,0.900440870889128,0.8998213994783147,0.8995925934649922,0.8994226672229667,0.900847367294858,0.9006875115064937,0.9008721596088669,0.9008962694743354,0.9009145821171064,0.9009530790919973,0.9046334974596639,0.9048325689536187,0.9047806571084283,0.9046701171573213,0.9046698416457732,0.8989139718132393,0.898905086395696,0.8988989515851189,0.898864767640873,0.8988152978434585,0.8982552007273518,0.8982824053086785,0.8983404309701714,0.8983172763576828,0.8983456929989839,0.8983156211311927,0.8983475918177067,0.897716043005596,0.8976649794131629,0.8975190258452705,0.8975427871378948,0.8976312101085496,0.8978786585036197,0.8968161961347487,0.8968915980693855,0.8967307768340943,0.8964521598956097,0.8964160110498866,0.8911212380503598,0.8912775984998306,0.8913620068619986,0.8913660671315677,0.8913665829891609,0.8911843301926994,0.8911874654400291,0.8912116705451847,0.8912490025326795,0.891243412629717,0.8912415401395587,0.8912130104485797,0.8912586895583152,0.89120920274461,0.8911927606089374,0.8911848246792645,0.8911854073223137,0.891190672473981,0.8911820877153851,0.891181752802932,0.8911861079995742,0.891200615038436,0.8912748917340104,0.8912379237964277,0.891214578286302,0.8894316962131055,0.8892442496733473,0.8892787490793482,0.889229793059932,0.8891900202701453,0.8892650055460609,0.889489824657644,0.8894906711229746,0.8896923007051427,0.8896619576158539,0.8895867011290641,0.8891709298926386,0.9012755062878955,0.9013777902136656,0.9013703279206252,0.9013611826485448,0.9013622988341962,0.9013873187563728,0.9013993043553477,0.9015219432711862,0.9014901724129075,0.9016336362147616,0.9016308127856401,0.901636455028067,0.9016496726598117,0.901645772783943,0.9016466592598662,0.9016355272601726,0.9016391605436809,0.9016411687314765,0.9016258912090729,0.9016154921007994,0.9016424611756872,0.9016400116026904,0.9016379059442173
213,0.8881734407819645,0.8880966813288969,0.8881687225237002,0.8877201946009509,0.8877362958197693,0.887721741693217,0.8876793603352191,0.8877270801664465,0.8878154009703516,0.8878392054972659,0.8878168845600218,0.8877991699706069,0.8877670591441759,0.8879724047072877,0.8879400417588926,0.8879398567959517,0.8879385706930416,0.8879353144226556,0.8882241963619614,0.8882224918926557,0.8882139081485735,0.8881989763028932,0.888197396574945,0.8881864063350373,0.8881810694950765,0.888175778628185,0.8882374432238631,0.8882342548437857,0.8882327132501326,0.8882385980388995,0.8883115896850907,0.8883324065179683,0.8884489676291313,0.8884413143176042,0.8884314579785768,0.8879230706965741,0.8880979474501733,0.8880783637723638,0.8885918750179842,0.8886055891499115,0.8886075404256583,0.8887291783520574,0.8887150092452036,0.8887112133012737,0.888709593774035,0.8887091195622903,0.8887574264188942,0.8887572266382683,0.888750708771213,0.8887417929318163,0.8887478961036022,0.8887461592697449,0.8887557815023414,0.88875706272305,0.8888229600450641,0.8888163704608099,0.8888172546434613,0.8888171529550349,0.8888188500617815,0.8888212692716095,0.8888201219516938,0.8888087069929473,0.8888012881537266,0.888796029066165,0.8888049640794488,0.8888204461896373,0.8889231783404923,0.8889420433714604,0.888940868365076,0.8889424707478354,0.888957162081166,0.8889423929956531,0.8889451712270694,0.8889502879279383,0.8889423504435167,0.8889372235097207,0.8889439056167154,0.8889661317831681,0.8888064001853093,0.8888371845546525,0.8888334172748092,0.8888289019751887,0.8888313325741548,0.8888398011566119,0.8888438336271941,0.8889398134321701,0.8889138540596211,0.8890148458233874,0.8890107133828448,0.8890186878843842,0.8889878360839814,0.8889820812692428,0.8889816461941801,0.8889660104929925,0.888967847386303,0.8890616182267534,0.889048342982699,0.8890394204957269,0.8890588708418249,0.8890565288830832,0.8890360425221936
214,0.8634370408543774,0.8633433475957363,0.8633331721484524,0.8628657696278167,0.8628519446978495,0.8628249387712323,0.8627692002193946,0.862759462953367,0.8628927473152996,0.8629406364664842,0.8629058523205303,0.862876583720789,0.8628282347192731,0.8657790714479161,0.8656428440432667,0.8656662966060912,0.8657067673110824,0.8656946310157595,0.8669716384623333,0.8669706480024918,0.8669324261950745,0.8668631701559715,0.8668904782399287,0.8668982102188523,0.8668664493890232,0.8668215205064905,0.8671352182932535,0.86710993080166,0.8671225058248831,0.8671209167568141,0.8676340298190363,0.8676955177318955,0.8682025846786852,0.8681812734039106,0.868112271743364,0.8613023390079899,0.8617637674104048,0.8616287393259385,0.8675290402430608,0.8675290447138891,0.8675290442346684,0.8675290439543754,0.8675290378175647,0.8675290359463642,0.8675290347354168,0.8675290333651915,0.8675290620320315,0.867529061385036,0.8675290592589114,0.8675290568172496,0.8675290567126736,0.8675290560055166,0.8675290585717773,0.8675290611441522,0.8675290682737828,0.8675290672638083,0.8675290670583979,0.8675290689703066,0.8675290694443556,0.8675290694581979,0.8675290689609609,0.8675290678932563,0.8675290670392226,0.867529064777572,0.8675290687067178,0.867529069964409,0.8675290722168452,0.8675290749708815,0.8675290743485038,0.8675290745320446,0.8675290755201543,0.8675290747178459,0.8675290758009663,0.8675290756034009,0.8675290734668286,0.8675290733455739,0.8675290748044608,0.8675290793064298,0.8675290754183712,0.8675290816703317,0.8675290811276856,0.8675290804127674,0.8675290808018342,0.8675290824192886,0.8675290827831688,0.8675290877826622,0.8675290872662381,0.8675290981486703,0.8675290977610431,0.8675290984298113,0.8675290977778212,0.8675290973064187,0.867529097319119,0.8675291011734418,0.8675291014112363,0.867529124657883,0.8675291235649247,0.8675291228351361,0.8675291250464773,0.867529124842148,0.8675291223502783
215,0.8312667289006601,0.8310536996540108,0.831054415464642,0.8298787667524553,0.8299405682994496,0.8299696171203088,0.8299008411148174,0.8299552802694858,0.8304856627503581,0.8305342681111263,0.8304612079382898,0.8304181131273148,0.8303150344446365,0.8297648717164092,0.8296968722347151,0.8297294855279529,0.8297915666255407,0.8297859347511684,0.8299239238161946,0.8299281958653794,0.8299044926139217,0.8298434212241834,0.8298883212209552,0.8298923749095349,0.8298673151609692,0.8298226413631321,0.8299740785004418,0.8299512498750692,0.8299725905174022,0.8299540214246178,0.8304620773630867,0.830487883605381,0.8322719253905158,0.8322616397717216,0.8321927107100286,0.8322199446023415,0.8322689675674,0.8322466710478985,0.8323035003982272,0.8323791351595452,0.8323891841965669,0.8325121502308727,0.8322546981513839,0.8322135947955704,0.8322082950292784,0.8322077584992671,0.8324925168440813,0.8324879747319308,0.8324427960511798,0.832378092648115,0.8324002840355094,0.8324041734097973,0.8324366946203698,0.8323422776537985,0.8345396202617545,0.8346247380091483,0.8346265398497179,0.8346251797620596,0.8346227373738343,0.8346238529051164,0.8346248399685223,0.834628371427218,0.8346283556992535,0.8346135594587002,0.8346160297398656,0.8345330163798216,0.834532954528446,0.834535642189031,0.8345361021945875,0.8345377578753633,0.834540115734995,0.8345418711703267,0.8345261550831724,0.8345259169161756,0.8345193835991892,0.8345218253826918,0.8345228835532383,0.8345321870498076,0.8345320991449858,0.8345316859995839,0.8345329508790057,0.83453445896505,0.8345332192452212,0.8345302269556893,0.834529422554983,0.8345269223863858,0.8345296993108342,0.8344940143150692,0.8344963598832321,0.8344921381575071,0.8344932639865895,0.8344964366476004,0.8344971169740335,0.8344906568329863,0.8344900982095009,0.8347714344028235,0.8348100422555678,0.8348334946978042,0.8347677591941749,0.8347751206470017,0.8360916321744788
216,0.8073657450571187,0.8067438901681382,0.805426247635577,0.8019623224508999,0.8021496247049303,0.8022401671806639,0.8020391607092494,0.8021940162381569,0.8046520811721262,0.8047935516092873,0.8045794928661087,0.8044598653563134,0.8041573335647092,0.8025445634900222,0.8023441043151691,0.8024515823188009,0.8026521187033423,0.8026375298927467,0.8029913759100017,0.8030072653497126,0.8029396315936655,0.8027478584992694,0.8028920671785031,0.8029097784402413,0.8028356770161356,0.8026992755930092,0.8025773666349895,0.8025053814631992,0.8025769086378249,0.8025114416634944,0.8040978060465884,0.8041542171047823,0.8136156404383251,0.8135958844094527,0.8134049461711282,0.8133060461578903,0.8133511619476882,0.8132983111051502,0.8133108880615942,0.8135168807422337,0.8135450631915123,0.8137145505872144,0.8130299320004097,0.8129213562767272,0.8129103136440999,0.8129104007192745,0.8135838677453814,0.8135722682116242,0.8134628287407625,0.8133040038099254,0.8133333104805954,0.8133490730057239,0.813418743661065,0.8131471417086897,0.8160179745795135,0.8162387825955076,0.8162454935482066,0.8162387330984854,0.816228715449279,0.8162321175608819,0.816236573307923,0.8162529738549948,0.8162557850340404,0.8162074650058346,0.8162087332951569,0.8158783634569244,0.815869593999915,0.8158928969274487,0.8158924906609303,0.815904568921791,0.8159379787949051,0.8159387667305675,0.8158428480049289,0.8158403835704835,0.8158000296371862,0.8158131374357068,0.815820436510865,0.815901151379575,0.8159184446652833,0.8160346852804953,0.8160292633236059,0.8160231732059128,0.8160179814960549,0.8160450214103339,0.8160623021943215,0.8160671036097585,0.8160807022317531,0.8162218363781718,0.816220921624785,0.8162260132885364,0.8162454312407588,0.816245206314822,0.8162519188989896,0.8162504383272591,0.8162619809581888,0.815875880363173,0.8158487333718443,0.8158353279896722,0.8158906953916377,0.8158852548546816,0.8247007527828938
217,0.8055821188598759,0.8053978946330739,0.7898601743095385,0.7879540317779165,0.7879830893433244,0.7878427382747233,0.7876061990876272,0.7877040732083918,0.7965933084056943,0.7965910694076667,0.7966062548920747,0.7966162678715508,0.7966338750945239,0.796356720241916,0.7963732961147073,0.7963655894830141,0.7963454443986517,0.7963482430299259,0.7963637921301085,0.7963637972684224,0.7963726136474286,0.7967718966488667,0.7967743147468552,0.7967743424267625,0.7967783606443162,0.7967792965118453,0.7899269010132138,0.7898891772961832,0.7899250488796119,0.7898923481245805,0.790669019377949,0.790691904892787,0.7984193765603977,0.7984346919603197,0.7985300670941013,0.7987123449764761,0.7986637637332257,0.7986963138587078,0.7986552002321474,0.7985328411538802,0.7985177311196855,0.7984173108258263,0.7988189390578865,0.7988748116550638,0.7988821552655497,0.7988835091898854,0.7984348445006793,0.7984438833527074,0.7985213981879072,0.79862601740898,0.798393121670951,0.7983870594447764,0.7983356698643633,0.7984791733865274,0.7981297116839536,0.7980668575204724,0.7980497529043687,0.7980410987007991,0.7980570715618016,0.7980386289451925,0.7980364994186664,0.7980679950857088,0.7980877630038175,0.7982303530955706,0.798167795078777,0.8076609068394458,0.8075779167215025,0.8073021872584979,0.8073432641401479,0.8072716598676837,0.8073363459066718,0.8074526401885513,0.8077969345220892,0.8078003660010126,0.8080826158165044,0.8080508304163759,0.807938981529957,0.8072965303613451,0.8073952514752665,0.8063505266046227,0.8064286722504183,0.8065241189880353,0.8065137658933718,0.8062397602354968,0.8061156125045931,0.806165653963153,0.8061707576868481,0.8048642295193669,0.8049078058466539,0.8048211161302827,0.804778687171452,0.8048326190905376,0.8048255666690673,0.8048744873233955,0.8048305976217598,0.8047480891826081,0.8049306065082545,0.8050379603672475,0.8047259557478618,0.8047611209732349,0.8050034473149776
218,0.8084458797080967,0.8083477395792622,0.7859364210175167,0.7849451595748868,0.7849092603292258,0.7847492645272179,0.7845649894146925,0.7846100309974251,0.7955239508000367,0.7954372116222425,0.7955624054600091,0.7956455324035057,0.7958195439010636,0.7964182864987865,0.7965349860384824,0.7964973658877672,0.7964198263393178,0.7964333138808166,0.7962456995739564,0.7962439686062084,0.7962920954391344,0.7975275460180242,0.7975106118583621,0.797515697673312,0.7975459389510862,0.7975801780791361,0.7865587399990307,0.7865366953085587,0.7865612521835448,0.7865398917756458,0.7869526630175553,0.7869491117815036,0.7897833579759685,0.7897915202260802,0.7898202807199824,0.7899114928719275,0.7898834341348195,0.7898929730568034,0.7898775162795985,0.7898490667615642,0.789846795132395,0.789804399748807,0.7898960420534175,0.7899058816799872,0.7899088042808877,0.7899103511307627,0.7897585515140074,0.7897618649603967,0.78978838502646,0.789820777928226,0.7897154361257931,0.7897185781240339,0.7897045736356431,0.7897013222085913,0.7895190845914901,0.7894975643432497,0.7894967033557357,0.7894881128534569,0.7894868601906185,0.7894832140932075,0.7894855197600394,0.7895495911224201,0.7895548508063958,0.7895614245419207,0.7895454405688362,0.7944965528593071,0.7944569022251307,0.7943264854389879,0.7943472313193173,0.7943164907665059,0.794137439164791,0.7942074626830227,0.7943867509114436,0.7943890845952873,0.7945513796983217,0.7945357518090947,0.7944678963032662,0.7940931841769868,0.794155162627211,0.7935357118734969,0.7935833379106279,0.793641881514045,0.793632304068322,0.7934695121881437,0.7933983816139665,0.793430987646,0.7934370437856924,0.7926722346706565,0.7926997000122105,0.7926470129587395,0.7926273638215446,0.7926617992282432,0.7926603825242566,0.7926910932352809,0.7926694436687861,0.7926140538892129,0.7927186806507123,0.792781206968849,0.792607645801695,0.7926275228172251,0.7926775982589047
219,0.8183317654964749,0.8181974672084443,0.7791483671642565,0.7790122554408208,0.7789140603558402,0.7787704066582702,0.7786631007546864,0.7786478484735924,0.7887484659305861,0.7885986929395318,0.7887941110617549,0.7889195617844001,0.7891979119172743,0.790456889849955,0.7906450222411315,0.7905791440151971,0.7904574261437021,0.7904756202363037,0.7901473510907875,0.7901411851413265,0.7902142283014674,0.7976636622289213,0.7976413770949062,0.7976484609652945,0.7976868673657285,0.797731540114993,0.7909955750927063,0.79103738407154,0.7909990992313375,0.7910384039197105,0.7901737245293536,0.7901375737880968,0.7892391614103181,0.7892502104307627,0.7893380433907596,0.7892349359039593,0.7892016586476495,0.7892351709698615,0.789186202304704,0.7890775089865336,0.7890634530546957,0.7889879647754598,0.7893369309859756,0.789398887765121,0.7894069829105723,0.7894075929133426,0.7890138450589175,0.789019407791176,0.7890814579118582,0.7891720152532912,0.7911439170796447,0.7911387365619276,0.7910672071109406,0.7912642604805186,0.7910551401252526,0.7910468161532521,0.7910222700841566,0.7910172360747517,0.791035577038087,0.7910066122986242,0.791003960681076,0.7917580416192341,0.7917838012040165,0.7919640192573558,0.7918849686036957,0.7912444253985064,0.7912140106575625,0.7911060553451663,0.7911174574552977,0.791093085423782,0.7740704558668267,0.7740704555806556,0.774070437135555,0.7740704385088512,0.7740704390052972,0.7740704403678805,0.774070437510319,0.774070436525891,0.7740704373296615,0.7740704336287131,0.7740704346977665,0.7740704361995606,0.7740704344004928,0.7740704316102064,0.7740704325768167,0.7740704340336313,0.7740704343240356,0.7740704296152654,0.7740704309634543,0.7740704311222318,0.7740704326416148,0.7740704337526229,0.7740704350601337,0.7740704363507493,0.7740704379818258,0.774070439011968,0.7740704395897069,0.7740704394842891,0.7740704409714206,0.7740704410929471,0.774070442000133
220,1.113100514270069,1.112389090828405,1.1137795722000554,1.1117795984885048,1.1117385340872028,1.1113736527466178,1.111607745318523,1.1115919540212122,1.1116136789786186,1.1116448958817144,1.1108913910616867,1.1043579502225667,1.1072711508059339,1.1073630089455029,1.1073912866791797,1.1073718105678827,1.1072287337304056,1.107229601839419,1.107210579413254,1.107232414666051,1.1077042451811019,1.1077036262301778,1.1063057679859112,1.1063252148992238,1.1064150315094048,1.1064990042000957,1.1065454615693224,1.1153190382037312,1.1153862953936793,1.1153565872195217,1.1156224083576622,1.1155744807568482,1.11563736834191,1.1156334627545077,1.1152529624567464,1.1152578286935633,1.1152688219234315,1.1104100486087545,1.1103273545800778,1.1099742131967383,1.109922398094939,1.1096774740030209,1.1107171371324565,1.1108572277147708,1.1204427387246583,1.1204419513543584,1.1204421263979272,1.120484964486094,1.1214060258463225,1.1217565753502654,1.1217052693963039,1.1216751212363638,1.121505689308472,1.1220452836195547,1.1218790555538563,1.1217974864954714,1.1217196554044988,1.1217301914405438,1.1232519484589,1.1231477708679227,1.1231331474767894,1.123144819539155,1.1232091590388804,1.1237324465322298,1.1260786440129968,1.125930037716711,1.1258132031148236,1.1253844983422994,1.125447886547845,1.1253229286715234,1.125216728431129,1.125405799106234,1.1259694087351364,1.1259728381820033,1.1263545331247475,1.126309247272788,1.1073931244955835,1.1062392307840634,1.106399849009466,1.1044141686882398,1.104521366232861,1.104702177945587,1.1046991418873617,1.1041479580937414,1.0915314665311018,1.0915752360466384,1.0915695194680792,1.090277549627785,1.0903139779784161,1.090245036157015,1.0901931341907563,1.0902345585146416,1.0902222138485547,1.0902638076041093,1.0902132606219552,1.0901982324962574,1.0903757715355287,1.0904133654912564,1.0900654006536765,1.0901070120956897,1.0901111210023704
221,1.122326614515845,1.122342011142483,1.1224996453409959,1.1298306717577722,1.1298104478523125,1.1295550521097693,1.1304327679729644,1.1304070084039402,1.1302528277057875,1.1302119625886993,1.1299239229443223,1.1268558494758387,1.132712020979858,1.132869514447449,1.132907141646129,1.1328934019358996,1.132750375330495,1.1327562256995303,1.1327200437265297,1.1327447003329991,1.132375370593457,1.1323770208008228,1.132038926154928,1.13204659166759,1.1321383221357149,1.1322063282906,1.1322092417649243,1.142203349007606,1.1422778923058856,1.1422412190143731,1.142845596289416,1.1428249287148824,1.1429132161454092,1.1429083282207633,1.1427167884834433,1.1427221075328156,1.142744117887087,1.1416013787249262,1.141598558459306,1.1415722177135443,1.1415693774861586,1.1415377357876069,1.1415989729206288,1.1415955887248634,1.145830583179999,1.1458309444425725,1.1463183369990013,1.1463723964091121,1.1502455316322835,1.1504453379776423,1.1504174937613307,1.1504021194109986,1.150306628501017,1.1506072157017673,1.1505156460416364,1.1504715399910133,1.1504315769391193,1.1504277467468669,1.1519076269860238,1.151847347419573,1.1518394049861675,1.1518491368204504,1.1518920013918608,1.1522184375611961,1.156268227221551,1.156197225528066,1.1561399436692072,1.1559130768040486,1.1559484007630731,1.1558819779322027,1.155824975204357,1.1559267930377743,1.1562009628614625,1.1562029269993717,1.1563785246161646,1.1563601164265263,1.15014608091096,1.1496196561998258,1.1496969111067232,1.1487070278212892,1.1487021587292416,1.1487990194333975,1.148791508270988,1.148502296066516,1.1287900926837537,1.128759466023254,1.1287646363687842,1.1296750302981324,1.1296517755554665,1.1296943140346514,1.1297312961210304,1.1297068282476728,1.129716410735216,1.1296895356658034,1.129726259432373,1.1297369501533194,1.129616798467231,1.1297120776720966,1.1299305564974476,1.1299008561551567,1.129899811793249
222,1.0548860309642725,1.05513845535498,1.0552479588217238,1.0778600513324559,1.0779007936035625,1.0779675508242996,1.0742350928106308,1.0741710368278576,1.0738320749625196,1.073766248113725,1.073926743452845,1.0743289737484896,1.0796498504962386,1.0795772191442696,1.0795563765126204,1.0795401936100149,1.0794208670703942,1.0794216605093332,1.0794198328404072,1.0791657792863705,1.0790277601685925,1.0790285783691949,1.0791490817440623,1.0791506554477286,1.0791758677496295,1.0865295222228752,1.0864843732937708,1.088211377849073,1.0882069390941285,1.0882183859586494,1.0884575925182893,1.0882880344242498,1.0881670461978032,1.0881884040740493,1.0882933600148044,1.0882774364792047,1.0882239991612324,1.0888457995005887,1.0888340651679351,1.088791446132199,1.0887823448609917,1.0887296418930885,1.0882895536969244,1.0883037214512759,1.088195603075876,1.0881932639157432,1.0237805352252747,1.0240985468719992,1.0240833239956169,1.0238573306154253,1.0238866151468675,1.0239099029393408,1.023995300270274,1.023634906860566,1.0237184910299446,1.0237635443239186,1.0236756274550172,1.0236922230810888,1.02358649624262,1.0236043656147054,1.0236119579638436,1.0236045675931034,1.023567254308853,1.0232348188472578,1.0106513082650017,1.0104213419293302,1.0102490607198178,1.009650956545786,1.0097333765419978,1.0095840695005938,1.0094530082040762,1.009689802934219,1.0104824523539535,1.0104865353132564,1.0111344485663754,1.0110535453790415,1.010882426100329,1.003276912316219,1.0033809857273535,1.0024731894106167,1.0164602138840289,1.0164543218303947,1.0164566549779386,1.016474460047938,1.01651084467557,1.0165072012714034,1.0165084363682249,1.0166808416875295,1.0166742965540025,1.0166862296579677,1.0166943813988902,1.0166867192494515,1.0166884506431542,1.016681013724071,1.0166891186163882,1.0166909612046626,1.0166615606555116,1.0167237204499293,1.016783179464936,1.0167353826808583,1.0167343180177653
223,1.04967986184235,1.0500369894702515,1.0501272389193113,1.0855309357910903,1.0855584335051085,1.0858534037040237,1.0776303349193275,1.0775305299937117,1.0770224995881703,1.0769384726062023,1.077177611734406,1.0777623495867543,1.0833123457530185,1.0833140513211774,1.0832994785461398,1.0832447890368953,1.083382680862327,1.0833844656708067,1.0833441574514464,1.0828634533130002,1.0827640091470734,1.0827636767052886,1.082839016288877,1.0828352229247473,1.0828706197271667,1.0953416196266539,1.095278443602526,1.09606292783987,1.0960388984008267,1.0960662603895803,1.0951113056889477,1.0949680283924708,1.0948341071635561,1.0948579820605007,1.0949759771378478,1.0949578519820409,1.0948980542369788,1.095672760613199,1.095642509358576,1.0955245430801073,1.0955053307322464,1.0954048616642338,1.0922592006181295,1.0923503790612914,1.0923035382441875,1.0923017680793639,1.0182300214875832,1.0187774796897227,1.0195198938717822,1.0206364977609839,1.0204711789989922,1.0203713394591316,1.0198413218987223,1.0216562048464866,1.0210725010495085,1.020797949977656,1.0204707087436864,1.0203774718989571,1.0205579159391907,1.0203313416424082,1.0202867032940555,1.0203291488522073,1.0205460088316458,1.0222536283820955,1.0194742415037739,1.01884365895409,1.0183697654107706,1.0167382015035364,1.0169723351185296,1.016540484996854,1.0161706866361322,1.0168394317863538,1.0190556247262244,1.0190859476142464,1.0208680465867266,1.0206500670731877,1.0200008608557778,0.9999355399037256,1.0002928308452408,0.9965618942817173,1.002692538733308,1.0030146294692575,1.0030058183325177,1.0020681517499048,1.0016494946068109,1.0017907976267444,1.0017737247830831,0.9981328354540631,0.9982195452431601,0.9980409379537892,0.9979322413741029,0.9980344793769397,0.9980104369500781,0.9981066220231969,0.9979995849235382,0.9979694504493825,0.9983715519785978,0.9987296921110104,0.9980098397507126,0.9979189381954846,0.9979298631959173
224,1.0307806141083127,1.0312576145071224,1.0311913454048605,1.0887824700819106,1.0888790674515534,1.0920820109189255,1.0666317963179954,1.066519598484413,1.0660393720744996,1.0660137525360653,1.066189989747035,1.0665268698638954,1.0682834111258246,1.068491741090176,1.0685216567575964,1.068407454576889,1.0740074557336239,1.0740204518273095,1.0737454597720433,1.0731705501611628,1.0732021025074785,1.0731919300395063,1.0729932888834595,1.072945876337277,1.0730634059917117,1.082493966643871,1.0824572724721078,1.082416063515354,1.0824004272244245,1.0824127701262298,1.0464918022081189,1.0474772463193187,1.048330338335839,1.048251233615302,1.047498095646979,1.047585606082961,1.0478456828274008,1.047736259239055,1.04800353758476,1.0492071426443508,1.0493712220759097,1.0501317363910208,0.9842941294372498,0.9842941245390563,0.9842941335858774,0.9842941464400475,0.9842939791930325,0.9842939814965141,0.9842939858297659,0.984293984615321,0.9842939940584179,0.9842940035017129,0.9842939890612078,0.9842939306163457,0.9842939389344766,0.9842939476675883,0.9842939735243351,0.9842939541967461,0.9842939426710862,0.9842939482394011,0.9842939557695831,0.9842939618702905,0.9842939661512485,0.9842939805499147,0.9842939490690008,0.9842939537105094,0.9842939579129588,0.9842939494846071,0.9842939555841433,0.984293961591319,0.9842939657108357,0.9842939643433768,0.9842939049817401,0.9842939089571291,0.98429391311602,0.984293917553531,0.9842939085053392,0.9842938390767182,0.9842938394536314,0.98429385106095,0.9842938491751848,0.984293851180524,0.9842938374020471,0.984293835989638,0.9842938416528436,0.9842938444609719,0.9842938452111416,0.984294133657221,0.9842941408332775,0.9842941406467828,0.9842941475356024,0.984294153597047,0.9842941599732706,0.9842941669583525,0.9842941743241607,0.9842941806672654,0.9842941860544039,0.9842941876780957,0.9842941904307567,0.9842942036842549,0.9842942090040393
225,1.001234824163938,1.001301821707599,1.0013418652102348,1.0336499248063966,1.0338744220500455,1.0422192688241856,1.0089124725250074,1.0089477936475044,1.0090710058503582,1.009398896836203,1.009282705519279,1.0091705319210122,1.008736344040723,1.0086217830229431,1.008569628628398,1.0084388348693958,1.01431813906023,1.0138740465381022,1.0139357290298745,1.013951874369966,1.013925578241451,1.0139261930002907,1.0139847415345882,1.0139943753860645,1.0139742484310605,1.0140940634614306,1.0141347991337486,1.0141125188651454,1.0141475722099973,1.0141130783978722,0.9961735101953277,0.98913425414328,0.989006001730411,0.989026807230463,0.989136885725519,0.9891235927840754,0.9890741445125478,0.9891220762991294,0.9890807468360904,0.9887917300120364,0.9887718598978289,0.9886736626499769,0.9901837236817465,0.9902671548721947,0.9902779662017003,0.9902775540787563,0.989686495859945,0.9897729366752888,0.9898790964860079,0.9900246078511248,0.9900023424616659,0.9899876073488296,0.9906887722133123,0.9867828429321992,0.9868504482045004,0.9868811753178238,0.9867994475553534,1.018651888684998,1.018594534120229,1.0186627719864703,1.0186751578161228,1.0186600206368492,1.018592995397967,1.0178522021976402,1.01810440886803,1.0182551949775978,1.018367092075859,1.0182875448050315,1.0182284629624385,1.018335555829076,1.0184269649658557,1.0182620224225678,1.0177086336013024,1.0176915418249513,1.0135079996746503,1.0135882778152934,1.013860895497697,1.0153406897683181,1.0151571444943674,1.017087215589721,1.0169551045768777,1.0167966040954857,1.0163011330818257,1.0167553691678441,1.0169680304724034,1.0168941828376565,1.016899882652556,1.0187270864866689,1.0186514534768552,1.0188079393914156,1.0189009074108817,1.018808774142978,1.0188286682681091,1.0187440773692185,1.0188348712650113,1.0188608496714222,1.0185153698266873,1.018301674649079,1.01890554699304,1.0188028011938275,1.0187917013909118
226,0.9968516810874246,0.9972691826857295,0.9968585778869481,1.0306691040292015,1.0308220401028434,1.0430158596192642,1.0220924816806962,1.0220847164759561,1.0221544572363497,1.0225500054739092,1.0224598050453924,1.0224253716337708,1.0220076487413516,1.0219463462661733,1.0219635235875193,1.0219065490452202,1.0303802858083841,1.0298951863642303,1.030065123950437,1.030102765872566,1.0300551901134067,1.030062475812789,1.0302710270372366,1.0303072566893186,1.0302476735502653,1.0304088484329457,1.0305124825643808,1.030465625044454,1.0305734126605117,1.0304756376460649,1.0129589155627687,0.9747648540213074,0.9747134441788718,0.9747348070121167,0.9747855691126651,0.9747748746553624,0.9747352302328414,0.9747760291399319,0.9747608990432922,0.9745068326543292,0.9745034413184386,0.9744690942843524,0.9751278147136035,0.9751529956765415,0.9751661593909035,0.9751655978458618,0.9748565626613398,0.9749140888111999,0.9749359328451298,0.9749741201608308,0.9749680622135423,0.9749686304305601,0.9749974560850413,0.9675471980077732,0.9676443932309651,0.967695524185618,0.9676521830605935,0.980688112891288,0.9806327659212031,0.9806653264699238,0.980674908126428,0.9806702325456381,0.9806368930192249,0.9804576143519032,0.9805985460883668,0.9807152464725116,0.9808025274813755,0.9894044356419712,0.9892753586638112,0.9895209373404026,0.9897262569290688,0.989359412243395,0.9880924006352722,0.9878477989952426,0.9752652609710355,0.9753081212771157,0.9754227012088552,0.9761183480970937,0.9760268993253243,0.9770197477111191,0.9769576207025361,0.9768778192743837,0.9761919479058189,0.9761714701688868,0.9762717010808397,0.9762387700958953,0.9762523521118863,0.9768839203391165,0.9768661548622319,0.9769004000486664,0.9769261286958647,0.9769070694899928,0.9769135429126478,0.9768936100626545,0.9769190669722835,0.9769239151718752,0.9768374682473091,0.9767978384799584,0.9769603478091137,0.9769455876040508,0.9769452836492015
227,0.969514852484635,0.9695148789711173,0.9695149112840551,0.9695149394891247,0.9695149702287891,0.9695150377948852,0.969514975378879,0.9695149989345462,0.9695150178949353,0.9695150451382791,0.9695150537845483,0.969515071947817,0.9695150832195845,0.9695150913654055,0.9695151121644366,0.969515138278731,0.9695150880438038,0.9695151040468233,0.969515093025621,0.96951511069272,0.969515115396096,0.969515126069509,0.9695151323217455,0.9695151487858663,0.9695151624936176,0.9695151597388417,0.9695151641925019,0.9695151723564306,0.9695151729259125,0.9695151865586319,0.9695149897265246,0.9695148007197136,0.9695147975162562,0.969514794651124,0.9695147989113783,0.9695147976644133,0.9695147929733362,0.9695147948393111,0.9695147964899832,0.9695148156476896,0.9695148186633209,0.9695148115295206,0.9695148315776122,0.9695148354339951,0.9695148383567879,0.9695148420888627,0.9695147688226745,0.9695147709236802,0.9695147767313477,0.9695147828551167,0.9695147843778594,0.9695147860536946,0.9695146095356205,0.9695146415009744,0.9695146394675,0.9695146382323955,0.9695146375629147,0.9695146272909473,0.9695146287681714,0.9695146279747664,0.969514627984052,0.9695146276912336,0.9695146278309908,0.9695146345180005,0.969514633434959,0.9695146316294895,0.9695146303021199,0.9695147207503398,0.9695147224949503,0.9695147218614772,0.9695147212548817,0.9695147232115744,0.9695147180047986,0.9695148015958052,0.9695148037946284,0.9695148054635907,0.9695148026697178,0.9695148026260384,0.9695148034909317,0.9695148353559694,0.9695148382447057,0.9695148420752678,0.9695148389256449,0.9695148281717845,0.9695148270069859,0.9695148298037902,0.9695148301257335,0.9695147992192293,0.9695148017753905,0.9695148001167297,0.9695148007727752,0.969514803137013,0.9695148044074018,0.9695148069199251,0.9695148076706755,0.9695148088024298,0.9695148135411245,0.9695148160989705,0.9695148100611471,0.9695148110509711,0.9695148124063835
228,0.9978094094260533,0.9980616860255164,0.9974797436550996,0.9982248809013113,0.9982029491406439,0.997916746748966,0.9980302784384314,0.9979149220307557,0.9978220718167072,0.9980961859742554,0.9981470464221355,0.9981711358711906,0.9982521491616371,0.9985916541928581,0.99896017391445,0.9988798347304226,0.9986588360474712,0.9986634301185545,0.9986090577145118,0.9986004807371521,0.9986127980559317,0.9986094103447003,0.9985500004599217,0.9985392448393517,0.9985583243232412,0.9985971907540859,0.9985685797689569,0.9985899136657035,0.9985609434305004,0.9986145761021539,0.9984284353009145,0.99847485598781,0.9984031367261733,0.998062277707824,0.9981154581191231,0.998109048370433,0.9980725410354564,0.998094290011377,0.9980728460022973,0.9985673799033745,0.9986139645813707,0.9985757006605832,0.998810655366725,0.998854232151939,0.9988585257807812,0.9988585056779311,0.9986039103554403,0.9986096534742874,0.998647633532973,0.998705971436627,0.9986965679645644,0.9986904215142286,0.9969286089718322,0.9974643128349572,0.9973386028870294,0.9972776774416825,0.9972291753020562,0.9971841349808404,0.9972334318477886,0.9971863186744491,0.9972364879252112,0.9972453549099756,0.997304340118156,0.9977066227078186,0.9975537663237243,0.997446367893296,0.9973632169522103,0.996664575195622,0.9967106409517521,0.9966254814569103,0.9965524591041197,0.9966880518369687,0.9976725603759147,1.0011456967730792,1.001426745346182,1.0013912384326538,1.0012594320968236,1.0004996546583127,1.0006113243258123,1.007826155703031,1.007945477113029,1.008085981175351,1.0080829382577337,1.0076247474371567,1.00741446278804,1.0074906804807473,1.007508534044593,1.0049819690780393,1.0050693778832112,1.0048861017930095,1.004775730418221,1.0048858267158411,1.0048605044900658,1.0049610649265357,1.0048533893970417,1.004818759719134,1.0051727114763507,1.0054079035943133,1.004645130748319,1.0047247761541824,1.004739627362594
229,0.9768244612041378,0.9762982193962003,0.9772286064364248,0.9743195459062725,0.9730970156858154,0.9725182271086148,0.9717557457450227,0.9758428673650698,0.9763068201804295,0.9735647725282267,0.9732846429155926,0.9730531797634453,0.9725999859896057,0.9706226041340582,0.954237350621983,0.954237356527125,0.9542373408345942,0.9542373464608163,0.9542373578144662,0.9542373640451473,0.9542373646511074,0.9542373680593416,0.9542373718228739,0.9542373779495156,0.9542373816142494,0.9542373790418859,0.9542373832126981,0.9542373850545074,0.9542373860872473,0.9542373519658797,0.9542373168036749,0.9542373097064243,0.9542373145508309,0.9542373666174548,0.9542373634800569,0.9542373636766438,0.9542373606551803,0.9542373598295883,0.954237364620898,0.9542373685795686,0.954237374915356,0.9542373789235431,0.9542373527074555,0.9542372317923787,0.9542372318839268,0.9542372324048942,0.9542372349884968,0.954237235265697,0.9542372340153257,0.9542372317664144,0.9542372326358336,0.9542372331906983,0.9542372380478046,0.9542372315158684,0.9542372333258974,0.9542372342485756,0.9542372352437899,0.9542372329719333,0.9542372321328263,0.9542372329700651,0.9542372242845427,0.9542372242023309,0.9542372529253961,0.9542372505027632,0.954237248228573,0.9542372491119832,0.9542372506199425,0.9542372529426443,0.9542372537795079,0.9542372545816477,0.9542372553953381,0.9542372496001762,0.9542372559079308,0.9542372584319272,0.9542372571165805,0.9542372576952884,0.9542372575360833,0.9542372615216349,0.9542372607308739,0.9542372636732583,0.9542372636442416,0.9542372636972293,0.9542372630292433,0.9542372631451974,0.9542372642493813,0.9542372645578062,0.9542372557371538,0.9542372598868563,0.9542372602319042,0.9542372607767055,0.9542372615228768,0.9542372616783772,0.9542372604229362,0.954237260688684,0.9542372615034014,0.9542372623032935,0.9542372615573225,0.95423726086006,0.9542372611078543,0.9542372609870649,0.9542372612427863
230,0.957856259137106,0.9576652724788683,0.9577803219985548,0.9574386656111308,0.9555077581078556,0.9548364444151145,0.9540125805575276,0.9603650205977442,0.9607009620539048,0.9587149385185992,0.958548891579383,0.9584293205469067,0.9581596013939565,0.9568130444870333,0.9498184891627293,0.94980784292117,0.9498471550872023,0.9498426094137916,0.9498867281434805,0.9498945554025107,0.9498681009012446,0.9498615225425929,0.9499256784839033,0.9499571555314611,0.9499274136435665,0.9498807488606672,0.9499490085341413,0.9499233796642804,0.9499547493752722,0.9474344114639441,0.9480212506372495,0.9480203442961009,0.9481409051106326,0.94877530165564,0.9485925168376281,0.948646670198295,0.9442610831569132,0.9441616319686787,0.9442533451158597,0.9446559429527763,0.9447794118258578,0.9451878435218312,0.9439328963831632,0.917092452470987,0.9170914716829749,0.9170914313536068,0.9171642984496072,0.9171628040117066,0.9171490965222653,0.9171308885535199,0.9171334211300818,0.9171350379973975,0.9171432962978137,0.9171147164036871,0.9171225425262879,0.91712649138491,0.9171297727755175,0.9171306143518675,0.9171272384410777,0.9171304719202287,0.9171328859213669,0.9171322461255237,0.9171456662520139,0.9171071952927325,0.9171218438756987,0.9171320494012796,0.9171866342801415,0.9172126401210068,0.9172129080413661,0.9172203349313519,0.9172267584492392,0.91762572690881,0.9176260082201908,0.917626955832315,0.9176285317129699,0.9176025540052115,0.9176021441428444,0.9176069373362823,0.9176049297601006,0.9176398056900554,0.9176358420597032,0.9176312941929747,0.9176316594557106,0.917645703790744,0.9176534349960013,0.9176508848981542,0.9188681985875334,0.9188118900076234,0.9188125007666165,0.9188113206093601,0.9188111888956932,0.9188117429163762,0.9188056245617738,0.9188062917321604,0.918805610756622,0.9188047919231551,0.9188076685562769,0.9188101484578136,0.9188040874242519,0.9188045153563487,0.918804808532547
231,0.9379455180086052,0.9377063029233347,0.9377120439728265,0.9367480455291495,0.934915776331289,0.9339839216122267,0.9329573744154093,0.9412902564124207,0.9412808975750504,0.941261784122926,0.9412642292981015,0.9412729578735608,0.9412795311107575,0.941810318536537,0.9417771733314334,0.9417512511997949,0.9417051747985355,0.9417078462124787,0.938676177173291,0.9386803216588055,0.9386692405730492,0.938660551415324,0.9386912382103049,0.938549143337489,0.9385438511236964,0.9385366114559046,0.9385522498635499,0.9385473645560026,0.9385591825703077,0.9381830822091993,0.9380405807104132,0.9379737348493586,0.9379326014749192,0.9379606376596302,0.9379792363561652,0.9380259169783791,0.9268075896850207,0.9267944167515934,0.9268041798448619,0.9268741159450382,0.9268875712527671,0.9270208159566563,0.9267738110035629,0.9259825424376413,0.9259848643311025,0.9259850929624229,0.9258875760820143,0.9258890336231775,0.9259031170198935,0.9259238998341228,0.9259206165632182,0.9259200355023252,0.9258978043921596,0.9259194395736113,0.9259051339652261,0.9259005306040191,0.9258959422481804,0.9259006772537278,0.9259023910063282,0.9258974286435521,0.9258995484647737,0.9259027578666985,0.9259106073363554,0.9259373030371019,0.9259220184641652,0.9259136789910335,0.9247912518388618,0.9248209127477237,0.9248252262590827,0.9248391733431591,0.9248502238940494,0.9255285952691783,0.9253991283973892,0.9253842127239962,0.9253030213445209,0.9250013101719051,0.9250277447961354,0.9252059978575268,0.924866943240491,0.92516439703642,0.9251416098830507,0.9251142296774253,0.9251157354600908,0.9251996078511803,0.9252408631663996,0.9252243478693742,0.9315224044127387,0.9334548151855339,0.9333946498991834,0.9335180616060256,0.9335306468146417,0.9334561595385917,0.9334710385789253,0.9334014017738751,0.9334782506561212,0.9335029421769266,0.9332188000430552,0.9330560151448128,0.9335560292208173,0.9335007279606339,0.9334913124983024
232,0.910062806887936,0.9098266694364148,0.9097855064173634,0.9085458309615991,0.9076817630582854,0.9071128347010737,0.9064795757327332,0.9097956954496957,0.91001041985627,0.9103998676547855,0.9103308354633434,0.9102636895881556,0.9101609188767358,0.9117726378688157,0.911937850644298,0.9118786557193078,0.9117486886966585,0.911736650231018,0.9049830106911168,0.9049774882433081,0.9049134112605622,0.9048522688969014,0.9048756360062757,0.9036627054797327,0.9036640445788895,0.9036701395458597,0.9036880214713455,0.9036907496488297,0.9036847955382215,0.9036999944187719,0.9036559491832836,0.9036642717777119,0.9036921304574402,0.903687663148608,0.9036917660121231,0.9038189598159411,0.9037951192935012,0.9038038122805989,0.9037964727083271,0.9037522560102158,0.903746749445955,0.9031593519412945,0.9031138664519706,0.9031239269125589,0.9031219295573704,0.9031215548089054,0.9032021517213977,0.9032014539609509,0.90318998983423,0.9031732242527583,0.9031785171499863,0.9031781142982944,0.9031899235486884,0.9031732684862528,0.903207993431308,0.9032075644717854,0.9032102582835462,0.9032104224938388,0.9032097448389753,0.9032135792184017,0.9032131217637848,0.9032049744849104,0.9031947140269394,0.9031735160309711,0.903187302891469,0.903200633676757,0.9027601448109149,0.9027471852575294,0.9027520511566811,0.902744890416488,0.9027476528193559,0.9027337654410925,0.902776874351884,0.9027826910771998,0.9028053244457165,0.902787657642307,0.9027832482629086,0.9027356280770742,0.9056104848586118,0.9053070322716117,0.9053297318615764,0.9053569453165614,0.9053574715654393,0.9052699765844652,0.9052277661839842,0.9052145706081581,0.9051474575560928,0.9046150236816348,0.9046319951564437,0.9045966419674953,0.9045028273150776,0.9045225631698606,0.9045162433253406,0.9045323683375076,0.9045081337895008,0.9045400873394457,0.9046219211848187,0.9046667708473792,0.9045193695486013,0.9045358745116858,0.9045272363454303
233,0.8901624292601443,0.8901624242900864,0.8901624116265086,0.8901624228224374,0.8901624125877999,0.8901624055153783,0.8901624013964303,0.8901624126354508,0.8901624103864734,0.8901624106193086,0.8901624088928616,0.8901624053618201,0.8901624026526713,0.8901625028484972,0.8901625039841468,0.8901625045869006,0.8901624992040377,0.8901625002145149,0.8901624566218186,0.8901624556833851,0.8901624550344327,0.8901624527814783,0.8901624504690229,0.8901624406014123,0.8901624402175519,0.8901624417996253,0.890162446638583,0.8901624469467868,0.8901624456272718,0.8901624468938296,0.8901624452124495,0.8901624485970503,0.8901624514472408,0.8901624510664136,0.8901624525755105,0.890162419475736,0.8901624256502194,0.8901624256223267,0.8901624531436003,0.8901624492162645,0.8901624482963117,0.8901623753810447,0.8901623940626545,0.8901623960526772,0.8901623951291977,0.8901623936544514,0.8901624071995173,0.8901624065841082,0.8901624068859474,0.8901624083688761,0.8901624072293763,0.8901624058645872,0.89016240705835,0.8901624176723324,0.8901624176926982,0.8901624159104589,0.8901624146724513,0.8901624173707641,0.8901624189324228,0.8901624180704844,0.8901624171477523,0.8901624161365251,0.8901624157733823,0.8901624201170831,0.8901624224971003,0.8901624216871595,0.8901624184506272,0.8901624168702297,0.8901624166549335,0.890162415245427,0.8901624146514119,0.8901624155623079,0.8901624256400595,0.8901624254091819,0.8901624281013003,0.8901624270009921,0.8901624268890547,0.8901624212045766,0.8901624733414174,0.8901624719260312,0.8901624719606708,0.8901624720163419,0.8901624720587616,0.8901624717745409,0.890162471718774,0.8901624811746665,0.8901624799896124,0.890162485303513,0.8901624852543549,0.8901624856773691,0.8901624854530094,0.8901624852820826,0.8901624854413367,0.8901624847304208,0.890162485076086,0.8901624880861218,0.890162487271636,0.8901624866940422,0.8901624883017437,0.8901624881555205,0.8901624875775713
234,0.8600260114695883,0.8601957701576796,0.8599174138748635,0.8609605364696158,0.8608599729817701,0.8608372434803916,0.8608882096525202,0.8607776732889929,0.8605506782852075,0.8605418945886203,0.8605823342290789,0.8606052995544738,0.8606640808803002,0.8650747755228647,0.8649832364459626,0.8650015562591936,0.8650314264652137,0.8650243697067277,0.8662028959532557,0.866202930412953,0.8661809128069984,0.866133549515497,0.8661500790831566,0.8661690538602881,0.8661507590089882,0.8661249294078616,0.8663484610870134,0.8663333790765351,0.8663418187969958,0.8663410768943096,0.866601598877336,0.866626360419034,0.8667337136256956,0.8667264082735464,0.8666964354422763,0.8574774483804045,0.8578003234797403,0.8576771938498422,0.8622509152110299,0.8623206322348969,0.8623308692549182,0.8619995283493416,0.8619489337273977,0.8619364468439124,0.8619364690457665,0.8619369748300642,0.861962922075726,0.8619627955443061,0.8619593333833816,0.8619516347957105,0.8619517433557772,0.861954641345836,0.8619521174243617,0.8619198472372704,0.8618407887133617,0.8618338381238756,0.8618364722976933,0.861835878776336,0.8618313082037111,0.8618326343818822,0.8618343887023431,0.8618391379855119,0.8618428105368191,0.8618205348257363,0.8618225391622387,0.8618170830611487,0.8618079836641239,0.8618118683066532,0.8618132291151092,0.8618167705227187,0.8618194966213594,0.8618329759844913,0.8617933923883707,0.8617904325275492,0.8617739498953112,0.8617809721989118,0.8617837670480785,0.8618085770552044,0.8618398821659882,0.8618626204514008,0.8618643012231029,0.8618659666628468,0.8618643756953086,0.8618603064997123,0.8618588266115546,0.8620759875433429,0.8620873064616045,0.8622748496549444,0.8622711481764916,0.8622794368796944,0.8622646018023343,0.8622609438593414,0.8622645618732062,0.862703129507723,0.8627054688577911,0.8632242948760919,0.8631991377512757,0.8631853008687701,0.8632318530419163,0.8632269296746977,0.863155025971706
235,0.8387296254447298,0.8385954312083495,0.8385948566973975,0.8378896617069476,0.8379174762269347,0.8379127094398964,0.8378594024369742,0.8378924153236607,0.8381467922396356,0.8381801721911084,0.8381396217270969,0.838111454183121,0.8380545726758806,0.8380969037767311,0.8380431366933635,0.838058596588324,0.8380885258347506,0.8380833474866406,0.8383481097719037,0.8383494396182365,0.8383302879666106,0.83829724083536,0.8383223620392392,0.8383235125988266,0.8383051991153604,0.8382757675754695,0.8384066208145201,0.8383907214364421,0.8384027808808436,0.838393963210075,0.8387701552629321,0.8388010148322832,0.8393985274887172,0.8393859107820204,0.8393240846636457,0.838072942507651,0.8381869395618639,0.8381526875796076,0.8388755284830122,0.8389514039155518,0.8389618865421336,0.8391338513643092,0.8388837978503404,0.8388474412666452,0.838842232056231,0.838841471063187,0.839126112355464,0.8391213102452316,0.8390729308758949,0.8390068287146182,0.8390298091755787,0.839032542078304,0.8390678108896132,0.8389808023430327,0.8398138410815077,0.8397992790329952,0.8398126175417533,0.8398164661001575,0.839804961418901,0.839819344615734,0.8398210192638822,0.8398040013498775,0.8397870498140162,0.8396779998238545,0.8397257831251496,0.8397856495853966,0.839826678697408,0.8399136567470681,0.8399016881558897,0.8399234729160752,0.8399625150485135,0.8399255089721909,0.8398266982825742,0.8398278375152006,0.8397473300386091,0.839755058721151,0.8397884560461415,0.8399786536046843,0.8399141914676781,0.8402353827631808,0.8402103295785704,0.8401799293459472,0.8401835840738261,0.8402699793552123,0.8403104299024088,0.8402835543347965,0.8402755472125945,0.8407245548092935,0.8407092937928499,0.8407403713614506,0.8407516274504132,0.8407327333888001,0.840736551116919,0.8408522024804241,0.8408689153358497,0.8433222866492303,0.8432983374906368,0.8432851634430784,0.8433290516224727,0.8433242506371714,0.8431672899418617
236,0.8113300397643072,0.8106487036151189,0.809589673016195,0.8058194034419734,0.8060223369589881,0.8061240580340329,0.8059064094756005,0.8060753424831381,0.8085034185200444,0.8086579967996882,0.8084227022998995,0.8082897830280507,0.8079571739120057,0.8062107231392437,0.8059892931957535,0.8061064360402802,0.8063260398307611,0.8063094521540711,0.8067030180495307,0.8067198632936202,0.8066447394133086,0.8064341163526196,0.8065911157318619,0.8066097177251906,0.8065279289541949,0.8063781432602426,0.8064554110146487,0.8063771475345554,0.8064542377145422,0.8063842046226829,0.8081071643407002,0.8081737355411286,0.817453545722433,0.817428292139025,0.8172070893737029,0.8171413174091202,0.8172146458002627,0.8171501074710625,0.8171902345997943,0.8174349128174642,0.8174680435456486,0.8176951131896119,0.8168808408038855,0.8167520745506996,0.8167381113899509,0.8167377260911248,0.8175634829850379,0.8175493791313674,0.8174156506745934,0.8172227347943395,0.8172693797799923,0.8172865350635311,0.8173744712593315,0.8170577631602163,0.8211900763860391,0.8214274421899754,0.8214324506121174,0.821425670222813,0.8214172562932,0.8214189936475773,0.821423086415744,0.8214395930621311,0.8214441555392934,0.821409527301192,0.8214055210723952,0.8209937843311261,0.8209784283109549,0.820981406026661,0.8209838798677211,0.8209902029631294,0.8210114327455159,0.821021257654967,0.8209544092792141,0.8209521730965318,0.8209325781995541,0.8209431913259645,0.8209426879173963,0.820974464284498,0.8209996525462496,0.8210268624207435,0.8210284231874704,0.8210306737883308,0.8210251759063089,0.8210269149266561,0.8210317050479786,0.8210403089023433,0.8210540316351262,0.8210480143889018,0.8210519891618914,0.8210466772173611,0.8210587638823388,0.8210645638801047,0.8210693384084838,0.8210712047279823,0.821075773115412,0.8206136713619538,0.8206115542138193,0.8206121789512157,0.8206230897966883,0.8206226303497843,0.8319324140622409
237,0.8068557580090929,0.8064563734560971,0.7936519813299691,0.79034639337292,0.7904469328144829,0.7903303085608773,0.7900102168576113,0.790174785390599,0.7986423512938505,0.7987133268399847,0.7986280346885264,0.7985725952214733,0.7984496821752732,0.7974446716310438,0.7973724073303093,0.7973935053874142,0.7974298785809399,0.7974232807104793,0.797613999772228,0.7976160096344131,0.7975901346397349,0.7976412646977621,0.7976764030698507,0.7976749713219456,0.797650059480728,0.7976090322299006,0.7930711725241655,0.7930094955435565,0.7930651070294163,0.7930127544834396,0.7943456682989296,0.7944045102942479,0.8061057221541725,0.8061112153622854,0.8061405964290473,0.8063869982010805,0.8063727505203843,0.8063806808044894,0.8063775976051442,0.8063433405791114,0.8063397229164797,0.8063104568883666,0.8064293055548045,0.8064431281366585,0.8064449427892971,0.8064455109661535,0.8063101973433365,0.8063136179857093,0.8063383258580878,0.8063701928303956,0.8062113711774405,0.806209174520249,0.806193201139483,0.8062369188325307,0.8060453701100434,0.8059888288544685,0.8059836703633225,0.805979627235431,0.8059853827264285,0.8059801878518407,0.8059793877307742,0.8059659175480828,0.805971434048883,0.8060150643344883,0.8059969053863396,0.8162127600426228,0.8161869254009524,0.8161056823434528,0.8161179499583372,0.8160984488311623,0.8161640335004247,0.8161980873264155,0.8162888450117897,0.8162891428023825,0.8163723049640297,0.8163636179688674,0.8163290959014853,0.8161430794451942,0.8161743800453646,0.8158909970112188,0.8159119922580383,0.8159379247918174,0.8159335954431678,0.8158624244581479,0.8158318718605501,0.8158468579685069,0.8158515005643534,0.8155411123046903,0.8155522240180441,0.8155311390731392,0.8155254316612789,0.8155394811789355,0.815539604687654,0.8155520682603664,0.8155445924839128,0.8154930425428141,0.8155336570220083,0.8155586029817462,0.8154923363480837,0.8154999470497158,0.8157658075711762
238,0.8137780595037222,0.8136706317544273,0.7824017988274597,0.7817882428798549,0.7817163030801086,0.7815493912210693,0.7813884195633732,0.7814058418086537,0.7933554515277432,0.7932145107415182,0.7934139884343719,0.7935420879972597,0.793823903491176,0.795019141072291,0.7952096690482549,0.7951394463378721,0.7950018715562622,0.7950215661473549,0.7947026082487932,0.7946969078583884,0.7947711420787636,0.7983534471310922,0.7983238987716209,0.7983305989845793,0.7983738475764183,0.7984265210466276,0.7882657510626048,0.7883000015204873,0.7882658479735427,0.7882975597398075,0.7875976134041511,0.787563216447811,0.787180359670649,0.7871913755077475,0.7872535157886374,0.787242310208098,0.7872040806777177,0.7872272503229412,0.7871997540801495,0.7871244394868084,0.7871161911486875,0.7870535258021353,0.7873014647998603,0.7873432867077309,0.7873498461918206,0.7873514186119989,0.7870357318771349,0.7870409702397564,0.787088463831711,0.7871557063880377,0.788254205680231,0.7882566546140791,0.7882240733449623,0.7882705806726399,0.7881526982717056,0.7881470034500097,0.7881401326231633,0.7881290954056056,0.788131513854776,0.7881201140911857,0.7881223423257709,0.7884927964574946,0.7885054678896498,0.7885645582870351,0.7885219460143288,0.7886092111263389,0.7886047909438251,0.7885937551450438,0.7885957208482133,0.7885997288210332,0.7830372690401096,0.7830276956465365,0.78295487255047,0.7829538899134109,0.7829297882152101,0.7829364354403778,0.7829388401080093,0.7830008249624895,0.7829992926870911,0.7831291693475378,0.7831207965115806,0.783111402843866,0.7831060533298209,0.7831440642885824,0.7831666542447903,0.7831659959581719,0.7831725025529861,0.7833686074415945,0.7833668012989042,0.7833742653972002,0.7833907231210643,0.7833895346384774,0.7833960425693577,0.7833942819959993,0.7834080120573429,0.78338969451102,0.7833610471425193,0.7833454947959612,0.7834054676693724,0.7833996186208019,0.7834369562637374
239,0.8201356338829142,0.8199970438802295,0.7787893551547447,0.7783113128712841,0.778229426319487,0.7780691843345277,0.7779226181637994,0.777929265399648,0.7879145782768134,0.7877975261694292,0.7879524342873087,0.7880489124384272,0.7882674109389233,0.7892465651260847,0.7893915346193939,0.7893379689930646,0.7892390891221093,0.7892524334327943,0.78900377436309,0.7889979714987815,0.7890533444351041,0.7976745862097646,0.7976584354531492,0.7976630219493838,0.79768891550909,0.7977194247505559,0.7930467091092763,0.7930781757499674,0.7930478325395767,0.7930778675645334,0.7924100766195201,0.7923832087982041,0.7916489425256443,0.7916580038472975,0.7917276865871206,0.7916748834118166,0.7916477146627259,0.791674017712862,0.7916392837878117,0.7915486279254629,0.791537115616443,0.7914758505873536,0.7917688949810069,0.7918178095571115,0.7918239808826432,0.7918245376678777,0.7915012059276931,0.791506439268521,0.7915586818281231,0.7916335532702001,0.7941473454385781,0.7941435840807645,0.7940771078876203,0.7942475555955382,0.7940710018951103,0.7940610466594734,0.7940397351788113,0.7940307841808143,0.7940464207400676,0.7940204672531925,0.7940191545921891,0.7946836478737273,0.7947089197286172,0.7948779286793056,0.7947987338489234,0.7942759319385907,0.7942445851519331,0.7941331199998205,0.794147061629124,0.7941223101491947,0.7822089436242936,0.78223893801489,0.7823250064346454,0.7823265475138675,0.7824081734543608,0.7823995229568275,0.7823657074618164,0.7821913651376992,0.7822165752925174,0.7819703832768062,0.7819875735019726,0.782009075333971,0.7820053451169322,0.7819467874730632,0.7819223709737498,0.7819334218320573,0.7819345233691584,0.7816921084855241,0.7817005917860282,0.7816847581478381,0.7816794576178558,0.7816900390371847,0.7816900413846989,0.7816994907581369,0.781693633800379,0.7816865664009852,0.7817174359496301,0.7817359837439538,0.7816852934340885,0.7816911019512057,0.7817036769876067
240,0.8264315727256165,0.8262623292782451,0.7753277439199389,0.7748243189690658,0.7747579112401599,0.7746199885865208,0.7744858286794135,0.7744952176431548,0.7813808451481508,0.7813149065380794,0.7813952244964011,0.7814395942015168,0.7815522179680422,0.7820828377631153,0.7821564820526121,0.782124110184743,0.7820708803080547,0.782075147883037,0.7819522741977415,0.7819465029859484,0.7819719294895234,0.7964364350970352,0.7964364314930447,0.7964364256410412,0.7964364214722534,0.7964364231041523,0.7964363702889327,0.7964363675520681,0.7964363659944556,0.7964363617257453,0.7964364364033497,0.7964364553810951,0.7964364452655281,0.7964364426337783,0.7964364444056523,0.7964364452876156,0.7964364487757652,0.7964364488529411,0.7964364448179175,0.7964364396932894,0.7964364359776293,0.7964364351525506,0.7964364564624693,0.7964364578516655,0.7964364560072494,0.7964364532446284,0.7964364864748836,0.7964364852134553,0.7964364845862334,0.7964364854929638,0.7964365104203537,0.796436508769207,0.7964365106039276,0.7964365233505162,0.7964365208903962,0.7964365193097277,0.7964365177515403,0.7964365217420807,0.796436523650625,0.7964365225367831,0.7964365213043696,0.7964364704739237,0.7964364697801011,0.7964364763421244,0.7964364828953686,0.7964364773653015,0.796436475591501,0.7964364746801645,0.7964364734726785,0.7964364713155275,0.7964364128913696,0.7964364149010119,0.7964364411078453,0.7964364395555619,0.7964364430762336,0.7964364410736965,0.7964364425816589,0.7964364346013072,0.7964364349676666,0.7964364253920034,0.7964364250706284,0.7964364244554264,0.7964364265464523,0.7964364265650127,0.7964364237482201,0.7964364224984543,0.7964364222489295,0.7964364124109857,0.7964364110624358,0.7964364097803552,0.7964364071001834,0.7964364062233316,0.796436404289694,0.796436403087421,0.796436400283498,0.7964363980984812,0.7964363996284499,0.796436401178805,0.7964363951393132,0.7964363954123427,0.7964363940036523
241,1.0796851038734223,1.0806055996074484,1.0794554830654786,1.1095933889449323,1.109555059028248,1.109181585093228,1.1098610398736706,1.109764962160738,1.1091775549075673,1.1090169482641756,1.1092961423049637,1.1087504677178688,1.122464218936851,1.1228410633018229,1.1229060458633429,1.1228392837957297,1.1223690864752551,1.1223717533695083,1.1223063134057667,1.1222622733508378,1.1218261700706886,1.121822276064323,1.1219635046404555,1.1219492094222407,1.1220225571406213,1.1262211634168549,1.126171024354223,1.134475092534838,1.1344404553023761,1.1344697761185287,1.1340946808257018,1.1339198068700496,1.1336879215306614,1.1337198217852202,1.1339073204017784,1.133882916062042,1.1337972258900566,1.133727794607166,1.1337127492760415,1.1336471032307456,1.1336338962984085,1.1335596038634475,1.1341347022352177,1.1341430847944685,1.1337889504491439,1.133786143195352,1.0840394709250933,1.0843855584655318,1.0868718327834537,1.0869228595760414,1.08690852754103,1.0868950241327777,1.0868460454348645,1.0869278936019557,1.0868894153484772,1.0868669264012483,1.0867970586180036,1.0868584003499824,1.0867196455405947,1.0866926483993735,1.086683928352553,1.086679559323692,1.0866922902014078,1.0868332624310395,1.0015604163785654,1.001560421719219,1.0015604266751494,1.0015604123387183,1.0015604219282699,1.00156042923014,1.0015604339336261,1.0015604342010784,1.0015603541691838,1.001560360697184,1.001560364476929,1.0015603705799194,1.0015603643365136,1.0015603557300892,1.0015603602259757,1.0015603284454548,1.0015603589230895,1.001560366829443,1.0015603586456083,1.0015603423372974,1.0015603530727055,1.0015603603741408,1.0015603612451436,1.0015603197833038,1.0015603265072268,1.001560325953199,1.0015603318499071,1.001560337593114,1.0015603432872677,1.001560349885902,1.0015603562203692,1.0015603618784916,1.001560367908898,1.0015603679918903,1.0015603692455852,1.0015603687819692,1.0015603735090501
242,1.0599446622417317,1.060792027314792,1.0601908785117138,1.1054622424896658,1.1055062810461658,1.1054494026933335,1.1015363708305441,1.1014237956787436,1.1007909556275193,1.1006500817649323,1.1010183949687464,1.101678008799902,1.1123700244690797,1.1123385671321315,1.1123207583506274,1.112291147829404,1.1120212644524607,1.112022349927672,1.1120181728989105,1.1117598816438725,1.111549056033648,1.1115481608183129,1.111664870272922,1.1116630557281557,1.1116941065755814,1.1261067965503582,1.1260895500977752,1.1280385250505744,1.1280365645135608,1.1280415135656408,1.1291308105429996,1.1289437893982568,1.1287644125240797,1.1287919882476505,1.1289249131428392,1.1289049579893429,1.128833126774105,1.1294526846039423,1.1294162875620601,1.1292618258350609,1.129235480662084,1.129102817752851,1.129453433685763,1.1295535970410977,1.129447086674838,1.1294448633696732,0.9862713795259201,0.9862713929551178,0.9862714185660036,0.986271431826048,0.9862714507168322,0.9862714703172165,0.9862714315465527,0.9862713037289326,0.9862713162681174,0.9862713326071836,0.9862713469886344,0.9862712935636917,0.9862712717569044,0.9862712816341099,0.9862712969377133,0.9862713100840812,0.9862713212475055,0.9862713035470695,0.9862710115498249,0.9862710163172559,0.9862710208821232,0.9862710037055631,0.9862710139954939,0.9862710210129196,0.9862710254393562,0.9862710265669418,0.986270945696535,0.9862709525273986,0.9862709585516856,0.9862709646973776,0.9862709503848427,0.9862708602844124,0.9862708652491228,0.9862708280698432,0.9862708762224991,0.9862708849738933,0.9862708775468069,0.986270858341482,0.9862708594197125,0.9862708666657904,0.9862708673800838,0.9862708081165066,0.9862708144070662,0.9862708131001744,0.9862708176963144,0.9862708231887222,0.9862708280341018,0.9862708342776717,0.9862708392415634,0.9862708440211297,0.986270851376427,0.9862708557729979,0.9862708523488987,0.986270854763782,0.9862708589949746
243,1.0298409883609423,1.0304814039961034,1.0302272544643893,1.094756888430069,1.0948979137809935,1.098901801622192,1.0737249482765556,1.0736282167661986,1.0732465991917022,1.0732572693551872,1.0733889856514958,1.0737323077247454,1.0751878686492882,1.075274153783867,1.07529033748932,1.075197442142906,1.0834115710112662,1.0834211209493656,1.0831292239146768,1.0826639048864581,1.0826959001742706,1.0826841206086242,1.0824576919148383,1.0824051345500638,1.0825316453786977,1.0919148144655193,1.091857138523556,1.0918295261055397,1.0917947029773378,1.0918202685168008,1.0405173471744849,1.0415927788372514,1.04225261218696,1.0421941445864633,1.0416085660762642,1.0416761450309509,1.0418725713796755,1.0417855839513486,1.0419909697968537,1.0429309859604845,1.0430590972870308,1.0436528062110324,0.9950577319562441,0.9949022316465838,0.9948940626855375,0.9948928158720036,0.9977136315998839,0.9971795922970785,0.9969293304361728,0.9966107515173683,0.9966538654243833,0.9966806522545181,0.9968015609740705,0.9968182469049011,0.9969497177286109,0.9970138313890087,0.9970520556702966,0.9974956819001689,0.9974129830097297,0.9974793041215696,0.9974923705816104,0.9974766798747065,0.9974072336475778,0.9999266823383511,1.0000662198153973,1.000151863810122,1.0002187805318834,1.0004144853149348,1.000373622498542,1.0004487278821674,1.0005130178205948,1.0003989579990704,1.0000583502231422,1.000039962057357,1.000112628738949,1.0001385339920272,1.0002184643232115,1.0013022795762012,1.0011911915525067,1.0027479717547385,1.0025992697586612,1.0024428159401468,1.0015171979114008,1.0019639773149498,1.0021994484913925,1.0021128660939818,1.0021250516449522,1.0410743880350461,1.040993724288398,1.0411587635724278,1.0412591346955338,1.0411613006751863,1.0411833300784277,1.0410927486441368,1.0411907388391135,1.0412175031177633,1.040847383856584,1.0406405466399282,1.041288275459442,1.0427006407241874,1.0426876602655402
244,1.0148684911037245,1.0151272194491907,1.0151238338550164,1.0618233948749125,1.0620358412029365,1.0689079749666175,1.0285229912248353,1.0285143534882388,1.0285749901433014,1.0286887508968512,1.0286320741460682,1.0287497832218884,1.0287408619752245,1.0285364040427103,1.0285253169016457,1.0285062254913087,1.0357878608723885,1.035739395379945,1.0356557481817767,1.0355493523869868,1.0355688560688272,1.0355673977673465,1.0355339923612925,1.0355228081393164,1.0355642830114993,1.0374699117208328,1.0374586874033183,1.0374631673705694,1.0374741728206474,1.0374638697192118,0.9929646741249288,0.9912746704266141,0.9915526713346172,0.9915356657856847,0.9913010053417993,0.9913237730543052,0.9913941380686788,0.9913642383477579,0.9914528172142278,0.991844748781631,0.9919051879611059,0.992183975863208,0.98286520844868,0.9829096061601396,0.9829273213892374,0.9829269631536951,0.983072432885508,0.9831254632647201,0.9831251825095015,0.9831457613826434,0.9831424820206038,0.9831463394822438,0.9833252106430064,0.9819901668917819,0.9820510024176131,0.9820841787745392,0.9822799651874753,1.0023344563757182,1.0022956305785264,1.002302870677278,1.0023085030686447,1.0023091251181768,1.0022957548373383,1.0013417173149703,1.0013438466184807,1.0013806022704843,1.001408127088585,1.0011843423000084,1.001171717055976,1.0011992871331967,1.0012192297593512,1.001183197099533,1.0010355705642957,1.0009951306341658,1.00151340434736,1.0015283480868513,1.0015422893305828,1.0021349800788302,1.0020949234866061,1.0027011130777672,1.002647617757322,1.002590795199551,1.0018879094790267,1.0020450278274065,1.0021261941515078,1.0020972420639436,1.002106534412007,1.0295934864885625,1.0294914560795807,1.0296987049948116,1.0298337352932554,1.0297113848731698,1.0297416372300827,1.0296258823399733,1.0297576097817411,1.0297935135884804,1.0293163556373626,1.0290710700128545,1.029911088140696,1.0295109989227205,1.0294990826169792
245,0.9975497355541946,0.9978914886754245,0.9975692804400763,1.0310828810537374,1.031258570974191,1.0424550795044003,1.0188337857834793,1.0188396808265685,1.0189350759492641,1.0193326898093336,1.0192281108723584,1.0191741193752468,1.018733188280414,1.0186455740489544,1.0186416565175331,1.0185522935363425,1.0267696570227436,1.026256595048203,1.0263959280670054,1.0264298372585001,1.0263922147055466,1.0263988729927607,1.0265779368089885,1.0266087341327612,1.0265608170042055,1.0267432810147632,1.0268302231683384,1.0267916180431647,1.0268855683302842,1.0268004808112103,1.008437608592816,0.9802261052634649,0.9801619363860178,0.9801882012877335,0.9802513835727582,0.9802383159873296,0.9801914161771339,0.9802401026203188,0.9802214931229486,0.9799621370408789,0.9799562877132232,0.9799097741442936,0.9807072578688113,0.9807379446381054,0.9807529635397193,0.9807524073760191,0.9803610336142952,0.980427984313636,0.9804650030346339,0.9805216531225871,0.9805133427959869,0.9805134152937817,0.9808327851926805,0.9735183355643218,0.9736306971918378,0.9736891469495114,0.9736320653258853,0.9913073652959739,0.991241637406011,0.9912821909192483,0.9912940254945077,0.9912884808002769,0.9912474872490836,0.9909636287546811,0.9911390680164903,0.9912784441623492,0.9913814265784358,0.9982617109768709,0.9981303974347252,0.9983802648911415,0.998588483039597,0.9982159626176258,0.9969041284525666,0.9966630126677377,0.9838554252328294,0.9839163695028927,0.984087479900721,0.9851127209815702,0.984976939389864,0.9865410581706134,0.9864407770263587,0.9863143860683552,0.9856195915059994,0.9858618463578984,0.986030714872436,0.98597431558952,0.9859915597465769,0.9869977784759263,0.9869598140623455,0.9870342969293188,0.987086166738861,0.9870434277579399,0.9870557815461486,0.9870134703964255,0.9870644370496119,0.9870762859206439,0.9868967817470657,0.9868064936346982,0.9871320908693841,0.9870944934343138,0.9870918373158664
246,0.974169110467872,0.9742363696229095,0.9740980988360924,0.9790607101988248,0.9790853553399655,0.9816623221482884,0.9782339051505031,0.978229624535399,0.9782231859564569,0.9783294110750784,0.9783125300515451,0.9782701634134818,0.9781747628770644,0.9781761083143516,0.9781942766995444,0.9782853715910491,0.9786389597502853,0.9785207908594423,0.9785604410496251,0.9785614382634233,0.978543726449085,0.9785412218507945,0.9785510472964997,0.9785525446136956,0.9785406166097952,0.9785131819776115,0.9785323868514249,0.9785245203686029,0.9785293385034416,0.978529876271352,0.9782759357815017,0.9692224921807414,0.9690216452564292,0.968992926825635,0.9691640489675524,0.9691497765413368,0.9690956180029562,0.9691548760840607,0.9690895674768673,0.9693038907359345,0.9692639383784669,0.9690319826635461,0.9703238487752583,0.9705033903546468,0.9705186037746472,0.9705186114432939,0.969374470968495,0.9694011012440545,0.9696023135072092,0.9698852710813689,0.9698421250891734,0.9698101099207692,0.9617018936732442,0.9629485287002796,0.9629764649679822,0.9629857738684892,0.9630058857976028,0.9623816468481268,0.9623783944227258,0.9623959768610978,0.9623969349906433,0.9623883310596977,0.9623622646508818,0.9622318191182591,0.9622855572471881,0.9623098804694146,0.9623312791836156,0.9711264470115623,0.971134662023991,0.9711175219421496,0.971105101011074,0.9711265133327749,0.9715113319150386,0.9718722456411019,0.9721233182677994,0.9721212323292941,0.972124288642447,0.9721026030774359,0.972106399783704,0.971368980042154,0.9713850803343382,0.971406483615509,0.971333548360797,0.9711553089430779,0.9711184637092629,0.9711296986357223,0.9711233599562058,0.9707758820252,0.9708111225247638,0.9707631778009036,0.9707370099765157,0.9707650076732626,0.9707597922118649,0.9707851327054722,0.970759201555127,0.9707501709629709,0.9708522602749199,0.9709211206763229,0.9707428761424463,0.9707628116768573,0.9707672180972496
247,0.9995381029490441,0.9996386975183646,0.9994195225601898,0.9995639881135004,0.9995494183027868,0.9993020721373684,0.999380723427565,0.999334911866614,0.9992916466716166,0.9993747769520823,0.9993956896756786,0.9994085217407983,0.999442312568337,0.9995708690086017,0.9996709700323454,0.9996004936836508,0.9995256366789971,0.9995287327356814,0.9995040657639717,0.9995012927750121,0.999508225980238,0.9995075188866053,0.9994862259782561,0.9994828153375627,0.9994914800706921,0.9995089193372031,0.9994952118523457,0.9995043727694185,0.9994941534487619,0.9995038776090465,0.9994005892559523,0.9995387534950945,0.9995036436686731,0.999503842698632,0.9995388487314942,0.9995318966342517,0.9995037737626835,0.9995188495771881,0.9995058040084719,0.9995426422455677,0.9995661857822215,0.999541144331233,0.9996583277920287,0.9997097232071486,0.9997128315678918,0.9997129800321206,0.999564625317538,0.9995670696658107,0.9995887869578912,0.9996214397928254,0.9996164035331409,0.9996145505216403,0.9992253437324046,0.999420580371076,0.9993669830428685,0.9993427002840238,0.999321350429402,0.9993148402284531,0.9993326818747247,0.9993120395412665,0.9992843378112112,0.9992901831558346,0.999305230381962,0.9994677467208525,0.9994013828346612,0.9993571411796753,0.9993209377355146,0.9990117887255188,0.9990316906405764,0.9989961767221806,0.998964035732447,0.9990271016252432,1.000197586160456,1.0014288950567944,1.0015915964794684,1.0015718370076956,1.001496492957801,1.0010718633874802,1.0011349217298773,1.0031681843902285,1.0032022152607414,1.0032417724941085,1.0032408534815602,1.0031120319145002,1.003053213896676,1.003075729904317,1.0030935573916833,1.0023692292940938,1.0023956589842709,1.0023396969142109,1.0023082816416526,1.0023423568580911,1.0023334214323343,1.0023638278348006,1.002333035749814,1.0023212523370852,1.0024169999779908,1.0024891355126746,1.0022457968794902,1.0022695295197015,1.0022752963900983
248,0.9843932336889034,0.9840387555428888,0.9848163250733785,0.9834671642752943,0.9823641492807631,0.9822375399174528,0.9819449391520898,0.984986322217127,0.9853875150173951,0.9819165773840618,0.981636059452941,0.9814367190554711,0.9809967759516814,0.979140729460831,0.966975835700331,0.9669802254197165,0.9669815138200468,0.9669811731076946,0.9671770781463346,0.9671819873993124,0.9671704663042134,0.9671695744574861,0.9672057054046743,0.9672167597261823,0.9672037188680912,0.9671870964279786,0.9672119379538915,0.9672008183513863,0.9672190009929067,0.9665308605465104,0.9668005433863479,0.9669321948550408,0.966974825243308,0.9710436292329955,0.9710430141173729,0.9710432413717455,0.9710520382180148,0.9710552178274485,0.971051519059632,0.9709186063089772,0.9709936600335598,0.9709710569485661,0.9710240604869759,0.9708583459269893,0.970861392451935,0.9708614684044414,0.9706601114296298,0.9706655436857938,0.9707044230803566,0.970754959175791,0.9707474341658024,0.9707434549218189,0.9709320873506929,0.9709790523654241,0.970958639537733,0.9709501836052723,0.970942271219307,0.9709422619825795,0.9709473657454033,0.9709398097942281,0.9699161755973708,0.969920065772862,0.9715604903167331,0.9717079764264128,0.9716473549945804,0.9716066322767938,0.9715695609213959,0.9714442827294109,0.9714716999630564,0.971441371671779,0.9714130694463348,0.9714292292441926,0.9721622795571965,0.9721515982336505,0.9722806654722917,0.9722673942864596,0.972216886513853,0.9718861667296997,0.9719420038829188,0.9712296210556571,0.9712914312694062,0.9713645807768889,0.9713596375971003,0.9711380908967374,0.9710299082272434,0.9710694318497352,0.9710164026853164,0.9696539459037284,0.9697042298622282,0.9696001995159411,0.9695376860544046,0.9696006713549236,0.969457906895946,0.969515184512593,0.9694540309449234,0.9694318845644648,0.9696519327087955,0.969781894000968,0.9693401335042157,0.9693851731774044,0.969394480473882
249,0.9691477608674568,0.9686838514957233,0.9693902172139492,0.9669760696309987,0.9654812391850642,0.9648097184618418,0.9639399559867593,0.9690578717914634,0.9695163743722865,0.9669743514373359,0.9667228909086171,0.966514642275853,0.9661055076238791,0.9642062658724418,0.9517351421528784,0.9517071372750051,0.9516905020693555,0.9516847377340621,0.9520529201671255,0.9520525966257765,0.9520330212068198,0.9520248418002112,0.9520373564237141,0.9520471744714691,0.9520316077305407,0.9520101072858531,0.9520568523294078,0.9520452631349905,0.9520509677876988,0.950768445770055,0.9511999031010384,0.9512780959956599,0.9513722660682603,0.9519366254404219,0.9518120323400097,0.9518613531008154,0.9511462189921026,0.9510827459382701,0.9511418236005326,0.9513511146231904,0.9514395867211556,0.9516851190897985,0.9509887481987382,0.9397835757868042,0.939773271712161,0.939772230745308,0.9403379937533124,0.9403288630160096,0.9402311948713664,0.940098622052653,0.9401187288274374,0.94012531883262,0.9402270535187681,0.9400589247432071,0.9401330613412403,0.940157953065424,0.9401830978442979,0.9401716878021239,0.940154870153507,0.9401818989246853,0.9402112518040073,0.940195738419071,0.9417394525975773,0.9415462115692322,0.9416385132867865,0.9416958899806056,0.9417934831325029,0.9419907463115912,0.9419940881492562,0.9420291269337662,0.9420688123288803,0.941646562555986,0.9417134248365975,0.9417660100599018,0.9416104467805679,0.9416174267038034,0.9416907564084351,0.9420855432882973,0.9420003878292136,0.9426131267122195,0.9425621852323087,0.9425007340371473,0.9425082477860975,0.9426741997980201,0.9427535176611711,0.9427203910981623,0.9419131999119051,0.9426597009701614,0.9426336927189488,0.9426869479148672,0.9427104794529392,0.942677348498283,0.9425728380111954,0.9425437741843155,0.942569001443114,0.9425876616778649,0.942476138390074,0.9424094165118625,0.9425193038580777,0.9424991998223096,0.9424896580113165
250,0.9417919078383657,0.9414954925632892,0.9416051748871913,0.9402622241315547,0.938419141640918,0.9374648352653988,0.9363905212176671,0.9452032970003883,0.9452137730301169,0.9450012258948881,0.9449925695030051,0.9449946601189836,0.9449814729164359,0.9451060323975039,0.9444834572097781,0.9444749048366977,0.9444688741762682,0.9444711461019201,0.943102814413894,0.94310691811673,0.9431034163846912,0.9431018786157307,0.9431263973338082,0.9430977637093546,0.9430935961778179,0.9430872739724211,0.9430939508211909,0.9430898379522757,0.9431008835875879,0.9425761099776276,0.942491089082171,0.9424335822545157,0.9423996464619625,0.9424602221433388,0.9424621765651205,0.9424759918286643,0.9355951106758347,0.9355738648315183,0.9355897001851268,0.9356959883703795,0.935718706184559,0.9358354680058769,0.9354971762782709,0.9326371408004437,0.9326377795402905,0.9326381011807815,0.9326623786819443,0.9326613268082207,0.9326558017511856,0.9326477066760971,0.9326477407368747,0.932651110778716,0.9326384247282403,0.9326038428560612,0.9325975048867629,0.932601881458027,0.9326032270560419,0.9326103189919256,0.9326045770941993,0.9326046435877565,0.9326094761128505,0.93261523402434,0.9326146179384421,0.9325799805159188,0.9325858116995543,0.9325909230389939,0.9324033338186039,0.9324031390472949,0.9324073901020341,0.9324151055300182,0.9324165956148536,0.9335779311063709,0.9335307657418697,0.9335141221283694,0.9335011870535235,0.933320764123718,0.9333196951357375,0.9333367267631015,0.9332508167906248,0.9332872212075326,0.9332852313379342,0.9332829393162575,0.9332817220504758,0.9332941476970643,0.9333016286501968,0.9333015066881192,0.9397601225411268,0.9402599005616042,0.9402453394519928,0.9402752608844293,0.9402733380328719,0.9402556475028109,0.9402577351545226,0.9402409563786549,0.9402618542155053,0.9402612738957723,0.9401886925896128,0.9401485560552211,0.9402804237398237,0.9402662484585964,0.9402669745394041
251,0.9103368200320215,0.9101435341682045,0.9100681081092074,0.9091121853463376,0.9082064545185552,0.9076447521246693,0.9070326652109265,0.9103677607270966,0.9105413480315883,0.9109272435536715,0.9108676580095763,0.9108100267223816,0.9107219941601097,0.9125804650405984,0.9127726584640675,0.9127125470082501,0.9125808170121382,0.9125702372170608,0.9053888403559881,0.9053840828222446,0.9053229229638746,0.905263956078498,0.9052885485203125,0.9040655595639147,0.9040689943450759,0.9040776061349145,0.9040819896574169,0.9040860508886799,0.904081177273392,0.9040877690765621,0.9040053061267186,0.9039983422903268,0.9039954508672218,0.9039977380858589,0.9040068933337392,0.9041153684652172,0.9036776187753179,0.9036951917735109,0.903663966792946,0.903593609698907,0.903584378216757,0.9027218175706044,0.902749652847111,0.9027824250991514,0.9027825708452761,0.9027825440250478,0.9027662996851671,0.9027669999388492,0.9027705177134335,0.9027748405366404,0.9027752967107948,0.902774625257818,0.9027712341971742,0.9027771771631535,0.9027825277399462,0.9027793189938629,0.9027783262527888,0.902778870923945,0.9027798678597837,0.902779123307454,0.902778885675755,0.902777016142453,0.9027768688445384,0.9027852311067833,0.902782511233112,0.9027825754741798,0.9018674931298077,0.9018082884486988,0.9018192031169657,0.9018019346535783,0.9017906827086437,0.9018035906605205,0.90188826119163,0.901890344891313,0.9019538961782088,0.9019330548405806,0.9019104342437735,0.9017663497514784,0.9050748787922489,0.9046940363862941,0.9047240636583813,0.9047599904989012,0.9047588501618677,0.9046478840010101,0.9045942720292636,0.9045904708127283,0.9045504455691658,0.9038707367728367,0.9038937366754459,0.9038461180521159,0.9037457976967429,0.9037736817882205,0.903766439048924,0.9037905968276685,0.9037600778641363,0.9037742454697256,0.9038823391794396,0.9039426206425573,0.9037516359122157,0.9037732934963072,0.9037702402456267
252,0.9041546019997884,0.9040338144565742,0.9039398179660608,0.9033807688873297,0.9027238198355793,0.9023267847774337,0.9019010323753869,0.904160138092867,0.9042803431320574,0.9045779807924819,0.9045345362893813,0.9044923476914788,0.9044287866156633,0.9064016936415348,0.9065515672707422,0.9064977590951754,0.9063812336229334,0.9063730621953103,0.9006360670935563,0.9006277022669456,0.9005887853064057,0.9005370053613312,0.9005217147288862,0.8996788941665969,0.8996892055192096,0.8997170513531352,0.8997433484867386,0.8997565164837374,0.899737057297096,0.8997710897226384,0.8995107491733362,0.8995111963312213,0.899529649163183,0.89952915992415,0.899561155925101,0.8999086067467301,0.8995927847569055,0.8996286224744691,0.8995688649732815,0.8994146244927976,0.8993949194889032,0.8970964065879145,0.8970474277449545,0.8970823183027182,0.8970797894916557,0.8970792538936841,0.8971819743949581,0.897181360268762,0.8971658544466479,0.8971438783438181,0.8971524348263626,0.8971514506447218,0.8971651977414579,0.8971440890698501,0.8972010766077039,0.8971964491064546,0.8971995134065451,0.8972005115886046,0.8972001551935744,0.8972050589087214,0.8972042884469797,0.897190493036474,0.8971772724317691,0.8971556794131977,0.8971716018338056,0.8971911294781987,0.8960369935428472,0.8959615098124177,0.8959795892230109,0.8959532981883237,0.8959477203502401,0.8959490650290988,0.8960858158085798,0.8960954633044899,0.8961894339047027,0.8961528960848707,0.8961248175121179,0.8959265664931959,0.9049965744456768,0.9046425830920531,0.9046722641635583,0.9047069652862214,0.9047089524398967,0.904591122662261,0.9045312391794238,0.9044971246447681,0.9043888892120675,0.9034745418791837,0.9035069870728294,0.9034391364270877,0.9031932910771852,0.9032310605827926,0.9032190997382943,0.90324731177145,0.9032012566792909,0.9032742965717976,0.9034281917560634,0.9035104719665676,0.9032348979355663,0.9032665255792486,0.9032475698829112
253,0.8683316293198282,0.8682329172085342,0.868235048045549,0.8677310411646039,0.8677203653593235,0.8676929843472537,0.8676344541968264,0.867629389962526,0.8677651707533318,0.8678146827918588,0.8677787729089139,0.8677486681474822,0.8676985614739736,0.8706266798288872,0.8704944154531995,0.8705132125093634,0.8705443254346312,0.8705324620100127,0.8718055399307422,0.8718032284805689,0.871767873891759,0.8717005959944896,0.8717178116797389,0.8717229190222666,0.8716951440229463,0.871658493565817,0.871956167000486,0.8719350947620502,0.8719425478173768,0.8719455718026629,0.872356059489173,0.872415267468703,0.8728878990088976,0.872868446790491,0.8728174212733913,0.8669074811045269,0.8673743314419236,0.8672524288996096,0.8720637079829732,0.8720999794734822,0.8721047363358523,0.8719092946113619,0.8719254187148218,0.8719185916908059,0.8719168824457079,0.8719164912717495,0.8719408653440304,0.871941912503133,0.8719441962068969,0.8719438011179136,0.8719502588037272,0.8719481741081936,0.8719519089817496,0.871958963792767,0.8720367353412342,0.8720202297301218,0.8720198328785238,0.8720195927395956,0.8720221435213323,0.8720230999947138,0.8720219159788328,0.8720098949584607,0.8720061763692254,0.8720062628638523,0.8720129040431285,0.872029550753508,0.8721051776988872,0.8721118077713257,0.872113480505782,0.8721116714706364,0.8721262404057185,0.8721257369729782,0.8721342898920609,0.8721386163415763,0.8721333765374779,0.872130437131637,0.8721357251432472,0.8721353200063536,0.8720127441449823,0.8719679324503107,0.8719719731895074,0.8719765990404971,0.8719783580459494,0.8719587308844304,0.8719491680488082,0.8722392939152438,0.8722191289085334,0.8723973954017267,0.8723906359200315,0.8724040160427182,0.8723729700210079,0.8723640833056934,0.8723645515239756,0.87235588352229,0.8723602843917222,0.8725046659432684,0.8724807529774024,0.8724661276853188,0.8725041658082712,0.8724997002291219,0.8724644584134307
254,0.8262966833763826,0.8254144902487685,0.8247654701611001,0.8198509924546272,0.8201010777750816,0.8202033872908695,0.8198991537385308,0.820137494722791,0.8225741261454771,0.822771731588695,0.8224761878840919,0.8222968065121228,0.8218779145472986,0.8195593601729705,0.8192806988094444,0.8194082762557402,0.8196519169050643,0.8196278734075119,0.8201660319119632,0.8201811057789491,0.8200841416271073,0.8198657220586452,0.8200389609121572,0.8200507050315071,0.819950015733358,0.8197732458318379,0.8202167255449976,0.8201241625506482,0.8202078256565042,0.8201335652742606,0.8221689120582705,0.82228626736223,0.8292605152464586,0.829222506701447,0.8290025772205437,0.8298188853266649,0.8300262442084521,0.8299412832912487,0.8303007816124206,0.8305705090850745,0.8306055012033071,0.8310141939183439,0.8301000892798158,0.8299492267428622,0.8299283127472566,0.8299255377634825,0.8309924961325131,0.8309761217664208,0.8308096471684937,0.8305713917316611,0.8306658956703478,0.8306766737021334,0.8308021548025446,0.8304743905860704,0.8391246346576456,0.8391806422486374,0.8391855323994024,0.8391847176934097,0.8391792139889884,0.8391833339620957,0.8391849572364003,0.8391889835534301,0.8391857059162845,0.8391441676924564,0.8391572081277507,0.839047550711269,0.8390544231312531,0.8390756532891712,0.8390734355305057,0.8390801026259335,0.8390851747526451,0.8390789013094864,0.8390380303395997,0.8390374821721209,0.8390105294375382,0.8390153702079352,0.8390242388044182,0.8390775555068435,0.8390698438936406,0.8391321819701815,0.8391292439239494,0.8391255557309657,0.8391246026235886,0.8391367502055849,0.8391426801160986,0.8391378986549056,0.8391403341611965,0.839163763217582,0.839164608871693,0.8391634258669871,0.8391658475053901,0.8391672724231167,0.839168299656176,0.8391599941201048,0.8391612552761898,0.8396880698152088,0.8397161459812338,0.8397329786091464,0.8396867629071271,0.839692185917767,0.8410976933754378
255,0.8119453390448954,0.8113441997430164,0.8106095551667215,0.8073210140538665,0.8074996929970298,0.8075941462193522,0.8074078793233211,0.8075530438622621,0.8095965052951268,0.80973343556134,0.8095241496459605,0.8094068711094929,0.809111296400604,0.8076051677224758,0.8074069918805885,0.8075135403086184,0.8077132531802906,0.8076986006375162,0.8080536137084311,0.8080692396906362,0.8080019311240882,0.8078060780814108,0.8079491853420708,0.8079670627969844,0.8078933581744683,0.8077577352075185,0.8079140380952935,0.8078441000981015,0.8079136271434167,0.8078508011583035,0.8093966008084055,0.8094541434469809,0.8175936334644147,0.8175691738126288,0.8173524226781248,0.8170908849359154,0.8171577964116377,0.8170975483667955,0.8171154597965322,0.8173465957277257,0.8173779816311043,0.8176011389502836,0.8168297870883823,0.8167086062006786,0.8166955893241327,0.816695295768171,0.817472400528422,0.8174590385567806,0.8173327791939027,0.8171507660971492,0.8171943647421764,0.81721085980784,0.8172933195624767,0.8169930239898171,0.821115961004278,0.8214043767403914,0.8214069804442627,0.8213992039226007,0.821392967110867,0.82139216335868,0.821395958218107,0.8214141358168836,0.821421753045208,0.8214090510757702,0.8213951129865525,0.8209711607461714,0.8209495672825614,0.8209362409731351,0.820941250890182,0.820943543967273,0.8209594231834142,0.8209766659095794,0.8209283520879217,0.8209263749345267,0.8209245684692121,0.82093356216612,0.8209257082871664,0.8209197897573057,0.8209517742090359,0.8209272866553405,0.8209323476333807,0.8209389809780709,0.8209328985104093,0.8209224997289362,0.8209222313093391,0.8209328583783086,0.8209473239025641,0.8208959478580538,0.8209012454835282,0.8208934127527123,0.8209049616095386,0.8209123714733779,0.8209171611192413,0.8209222328739685,0.8209257555942652,0.8204336649356466,0.8204366936807254,0.8204406153019589,0.820442718395118,0.8204432130870225,0.833371813273171
256,0.8091808663058411,0.8086904201912006,0.7944094866200496,0.7904321962190215,0.7905504277499714,0.790419012212943,0.7900391537339532,0.7902345185324975,0.7998641157928159,0.7999530170089681,0.7998416912518416,0.799767550543727,0.799608447951203,0.7984583629342178,0.7983621233891107,0.7983891694826143,0.7984387856306389,0.7984290448748406,0.7986665492515991,0.7986683022636507,0.7986323110527306,0.7986048759258381,0.7986469863694805,0.7986444254739717,0.7986112952145179,0.7985592549689632,0.7943634776105711,0.7942895919109685,0.7943557863694801,0.7942933358239755,0.7958910335473011,0.7959685229040887,0.8073877293127185,0.8073807837310292,0.8073282108682314,0.8076374181541275,0.8076714618059192,0.8076482565135085,0.8076964524447975,0.8077728750324907,0.8077836488765474,0.8078495212509023,0.807608472088936,0.8075671380287822,0.8075617235272307,0.8075613499169294,0.8078257957659102,0.8078222817540344,0.8077814559797724,0.8077216564065597,0.8075945371789238,0.807597529727213,0.8076279921699463,0.8075408159822096,0.8076229245441415,0.807581318901822,0.8075917907306117,0.8075936496839418,0.8075860311752059,0.8075980420897461,0.8075989914214496,0.8075371915272602,0.8075235034460443,0.8074331005171237,0.8074753318910098,0.8209653874000972,0.820963868017286,0.8209586972302695,0.8209596708301601,0.8209587250090937,0.8210234565161728,0.8210266299182394,0.8210339012299307,0.8210341205229028,0.8210431598574697,0.8210422001512558,0.8210384458897825,0.8210204650473568,0.8210228095078046,0.8210046640763088,0.8210056637768047,0.8210070463070168,0.8210064578791894,0.8210035251712519,0.8210031062831833,0.8210039727144838,0.8210045880772069,0.8210125410974566,0.8210123432901714,0.8210132458590031,0.8210156458362378,0.8210154576620068,0.8210163938838957,0.821015840056145,0.8210176869675144,0.8210125673106098,0.8210093611004456,0.8210080463303612,0.8210147278507691,0.8210139915228113,0.8210249880790642
257,0.8155523848857016,0.8154228182778971,0.7825235412387421,0.781413522423734,0.781359899794538,0.7811709750415606,0.7809561347787441,0.7810015375845676,0.7936553720972201,0.7935422549010556,0.793707516832876,0.7938113852483364,0.7940428591785705,0.7950103922813913,0.7951643542744226,0.7951047149181882,0.7949865383844001,0.7950022320225494,0.7947493649018424,0.7947440564536624,0.7948035021095649,0.7987685052962609,0.7987421170465332,0.7987465292119562,0.7987805364652931,0.7988234757747111,0.7915962972175925,0.7916312708036093,0.7915952826908683,0.7916279696934505,0.790902230300748,0.7908685041764347,0.7903455217407499,0.7903566572670121,0.7904201384129679,0.790418863652999,0.7903802260624435,0.790403772882496,0.7903772375240239,0.7902971900779238,0.7902883571928107,0.7902242525462303,0.7904890453458033,0.7905323334563198,0.7905388369546532,0.7905403763405805,0.7902134821453553,0.7902192138035405,0.790269042805362,0.7903392863741979,0.7921341700582344,0.7921380289041928,0.7921051058304844,0.7921411213381072,0.7920172740877873,0.7920139957370651,0.7920081874417024,0.7919950320493716,0.7919957585174272,0.7919846144014219,0.7919877724764649,0.792416287743238,0.792429056839062,0.7924810510897297,0.7924372873738977,0.7923220796369844,0.7923212602610955,0.7923229926675841,0.7923233387457143,0.7923322383880088,0.7861019660302537,0.7860614161124632,0.7858810933748015,0.7858785667514099,0.7857800599910312,0.7857964433269019,0.7858254523512024,0.7860590420133656,0.7860346680421777,0.7864588248375847,0.7864288082391262,0.786393338556341,0.7863881280615288,0.7865060916788286,0.7865670914094416,0.7865545731935513,0.7865637167749084,0.7871542410688049,0.7871412146265373,0.7871724780556897,0.787206219885039,0.7871917148355788,0.7872025744704824,0.7871880883898316,0.7872184127227335,0.787199814141178,0.7871150917496068,0.7870674017840265,0.787228260822604,0.7872113811979068,0.7872534524672629
258,0.8196142268963945,0.8194781442820964,0.7790173684651627,0.7785683360808417,0.7784848689785003,0.7783252556884092,0.7781815149334601,0.7781864442976016,0.7883443987561243,0.7882218779970781,0.7883846009365899,0.788486581683489,0.7887163436711702,0.7897437928180988,0.7898966225672948,0.7898406260201545,0.7897366780559778,0.7897509921482818,0.7894885094323129,0.7894826741476411,0.7895413004908497,0.7977392963709677,0.7977216955242262,0.7977267399029164,0.797755136608558,0.7977885890800496,0.792659040906019,0.7926930376219327,0.7926604022285424,0.7926927375705517,0.791974067911059,0.7919447127891267,0.7911703953237001,0.7911801609101365,0.7912544939423818,0.7911957790501646,0.7911662245446529,0.7911943079416189,0.7911569719572192,0.7910610007990992,0.7910488471557008,0.7909832748420698,0.7912934354871279,0.7913455545817192,0.7913522181126713,0.7913528568664554,0.791007842793759,0.7910133571530396,0.7910687760334963,0.7911483108811833,0.7936283784355691,0.7936246302942367,0.7935567235449709,0.7937303402151318,0.7935471230946184,0.7935373047746515,0.793515569877054,0.7935065342662232,0.7935223841488005,0.7934958537139755,0.7934945386310202,0.7941822102465488,0.7942078156767904,0.7943784039039042,0.7942982204334964,0.7937482953726923,0.793717338975524,0.7936074038926767,0.7936209713360384,0.7935968579970668,0.7806221066488178,0.7806405819735642,0.780687549141363,0.7806886191575266,0.7807397720604735,0.7807349469583379,0.78071271422193,0.7806054831399579,0.7806216874336181,0.7804787502518166,0.7804886297093195,0.7805012051955493,0.7804979877332626,0.7804656863256968,0.7804534105435098,0.7804603102994919,0.7804617124961019,0.7803414232000128,0.7803462235344596,0.7803379922008155,0.780337487214383,0.7803435913973543,0.7803446708534267,0.7803499884136917,0.7803487433427728,0.7803433350732623,0.780357171090151,0.7803658317720165,0.7803450992672077,0.7803475981847755,0.78036045541209
259,0.829852110575703,0.8296663580628296,0.7732848665802206,0.7728125823683101,0.7727613682054266,0.7726487093735913,0.772534030902232,0.7725440232250732,0.7774863561705496,0.7774466198552702,0.7774914348564226,0.7775118616980481,0.7775743185955533,0.7778847372451446,0.7779252042720629,0.7779028094324959,0.777869515553122,0.7778699777676621,0.7778057284328497,0.7778003363980867,0.777812109878815,0.7878724980838508,0.7878763340560156,0.7878757160324487,0.7878699445252414,0.787862783158353,0.7879902742522268,0.7879857528622722,0.7879878662457681,0.7879848826388748,0.7880963063460729,0.7881113961839005,0.7881343680142278,0.7881301377493514,0.788112682867853,0.7881354845194464,0.7881503955827216,0.7881432822517964,0.7881506203448306,0.7881691556007538,0.7881709366561288,0.7881936834649382,0.7881375323911365,0.7881287942703288,0.7881263684759336,0.7881252928895706,0.7882257979573447,0.7882243105586716,0.7882095243814673,0.7881902615134868,0.7883672450217101,0.788365710851478,0.7883797067438906,0.7883675574352172,0.7883903369771369,0.7883910076237384,0.788392765563586,0.7884006134100986,0.788401099982895,0.78840526801708,0.7884032854928675,0.7833443055697834,0.7833464500591838,0.7833295061273472,0.7833194542328055,0.7832613165099294,0.7832638150355524,0.7832619279477451,0.783261875555947,0.783267296652057,0.7829861075638738,0.7829770909556207,0.7829388438799312,0.7829359169854936,0.7829268656334982,0.7829289451464914,0.782926543538024,0.7829502370435731,0.7829489873753025,0.7830200297122833,0.7830149109973905,0.7830093860237796,0.7830047241951298,0.7830317144051302,0.7830472332120342,0.7830457994293208,0.7830520135920729,0.7832235566840027,0.78321986769016,0.7832293281917206,0.7832419029352027,0.783238328936322,0.7832423988706994,0.7832372148124045,0.7832500773901873,0.7832426166295469,0.7832123181731643,0.7831971236904149,0.7832571954477672,0.7832505092494868,0.783249982769216
260,1.0638848225179434,1.065003608135527,1.0639941775211765,1.11469220932235,1.114739497592501,1.1145806042330897,1.1119443872126977,1.1118312845725158,1.11115494023023,1.1109906055257077,1.1114265722403942,1.1121044407891099,1.1255089678711359,1.125474602758132,1.1254559123580954,1.1254322705459714,1.1250112023210292,1.1250115024184661,1.125017759139311,1.1248192686708205,1.124581237601936,1.12458007999737,1.1246954043334718,1.1246941874447394,1.1247201595498046,1.1383426448213807,1.138357677238972,1.1405001513209228,1.1405128972616416,1.1405030133577312,1.1423124147082604,1.1421463143881783,1.1420130656386438,1.142034533886205,1.1421159687223776,1.142102280779221,1.1420478931693376,1.1425623159717841,1.1425387373419271,1.142435848862828,1.142416257607792,1.142316544258285,1.1434006964403354,1.1434508014363856,1.14332916124935,1.1433269236919865,1.031136479979029,1.0306098331822147,1.0306577737303877,1.0305195628776722,1.0305370007443482,1.0305447188738004,1.0306004381938407,1.0303816575294484,1.0304486112246038,1.0304781767789513,1.0304905904114652,1.0305244568465999,1.0304678200143536,1.0304925192314618,1.0304952170861061,1.0304870547541485,1.030461081092706,1.0300970293113094,1.0211175085055566,1.021339200002556,1.0215057586442235,1.0220788580796982,1.0219928037336228,1.0221518793383064,1.0222843484397928,1.0220446689402858,1.0212602256235337,1.0212423682178295,1.0206059338168583,1.020679905647484,1.0209412736393126,1.0230249433664564,1.022861954205476,1.0246526186694984,1.0242659657232196,1.0241182115969136,1.0241437482155291,1.024554627039328,1.0247559072570378,1.0246893373574542,1.0246968525630449,1.0260933908267011,1.0260484420346405,1.0261423484923609,1.0261927782016043,1.026137710590349,1.026148020260919,1.0260986398533674,1.0261481845230742,1.026161277292753,1.025962379750965,1.025882399229001,1.0262249771184713,1.026621463297559,1.0266153522035422
261,1.029391513289179,1.0300888467239404,1.029767112561551,1.0966120941056439,1.0967697990764633,1.1011256969284624,1.0761203603783975,1.0760331521264532,1.075707028107336,1.0757369654830908,1.0758416131702426,1.0761752881699673,1.0774717992490104,1.077491461525675,1.0774988180243692,1.0774162330512296,1.0867902107401868,1.0867973266619073,1.0865045596643852,1.0860767152455628,1.0861079344835904,1.0860957375214646,1.0858635503279273,1.08581010800663,1.085937409668687,1.0950547858723776,1.0949893724920685,1.0949694029016408,1.0949272693129704,1.0949578233381476,1.0372689380339448,1.0383636611258122,1.0389147428282786,1.0388674237373945,1.0383766266136902,1.0384330355171978,1.0385943759686813,1.0385280051256176,1.0386987867083493,1.0394891009012275,1.0395967883989061,1.0400958093283275,0.9975833622446953,0.9974154153678992,0.9974077318437485,0.9974062497384456,1.0006346099194128,0.9999571379360596,0.9996909900379437,0.9993546113965309,0.9993995895272072,0.9994271400250274,0.9995497879780735,0.9996991331906773,0.9998336652052866,0.9998990709542747,0.9999253784173676,1.000449788053611,1.0003572854247178,1.000430455172825,1.0004444705757112,1.000426590079311,1.0003499745341558,1.004093869807731,1.0042222714175855,1.004301312438792,1.004363338198661,1.004533006595303,1.0044936578958663,1.0045654027645698,1.0046267349394222,1.0045183689055008,1.0041990763326654,1.0041789350329333,1.0043648447135654,1.0043885253717024,1.004461614954046,1.0056334162710676,1.0055228865381296,1.0071099104000258,1.0069547394377782,1.0067924782350868,1.0055469797696235,1.006003417944403,1.006250224703431,1.0061583609560272,1.0061713317078258,1.0580404824904768,1.0579433303818677,1.0581422417191926,1.058262430928071,1.0581447061770455,1.0581710545835912,1.0580621536604051,1.0581795692028664,1.0582116947498723,1.0577664101138589,1.0575138514327844,1.0582932160146041,1.059957532246358,1.059941990553562
262,1.0208397686269644,1.0217206947220556,1.0211226032344982,1.0907464974222585,1.090998915975694,1.1001389940290882,1.0740202658498568,1.074036242704759,1.0742857633242107,1.07452818665687,1.0743537915001835,1.0745164117809594,1.0743029919257334,1.0736855692711758,1.073611961151604,1.0736142184681474,1.094895663475726,1.0948422760871783,1.0946732816740368,1.0945119222886492,1.094523659027328,1.094514825605007,1.0943785306545633,1.0943457766026794,1.09442516607435,1.098505648428477,1.0984497929788573,1.0984803452933305,1.0984457054133088,1.098463877896983,0.970238979052225,0.9702387628880209,0.9702387672081022,0.9702387854320571,0.9702387918341532,0.9702387842221157,0.9702387570784013,0.9702387638611227,0.9702387823114939,0.9702387855119676,0.9702388041961926,0.9702387936039029,0.9702385665489759,0.970238568727135,0.9702385796172754,0.9702385940344672,0.9702383889659524,0.9702383938007461,0.9702384046550415,0.9702384115294405,0.9702384208352344,0.9702384305186658,0.9702384163628782,0.9702382749475952,0.9702382809897172,0.9702382883253089,0.9702382939086447,0.9702384810785873,0.9702384662666711,0.9702384739222351,0.9702384839124862,0.9702384919598818,0.9702384976637614,0.9702386954222137,0.9702386412909693,0.9702386515765732,0.9702386604985269,0.9702386525089735,0.9702386620996818,0.9702386737572948,0.9702386820738716,0.9702386774250524,0.9702385689374511,0.9702385758941698,0.9702385521759428,0.970238560038238,0.9702385484479024,0.9702385633191168,0.9702385652970106,0.970238566714675,0.9702385710254405,0.9702385773155267,0.9702386128741207,0.9702385947131663,0.970238600255506,0.9702386082845549,0.970238609448247,0.9702388329768366,0.9702388447205862,0.9702388425296358,0.9702388515564309,0.9702388618167667,0.9702388710939148,0.9702388827212324,0.9702388924540654,0.9702389016152018,0.9702389144779144,0.9702389185318471,0.9702389142240369,0.9702389203657209,0.970238928353521
263,1.0036533586444756,1.0042767128681869,1.0037621508904233,1.0489932420299528,1.0491676456866257,1.0633391737361302,1.0406555543638647,1.0406635066530223,1.0408649457862207,1.0412737301106338,1.0411268429994789,1.0411500675982353,1.0406440545656441,1.040312812213393,1.04029305413137,1.040235006524295,1.0553313417781374,1.0549864974286152,1.0552225952182313,1.05526155085767,1.0551864420370451,1.0551946646728227,1.0554636413684544,1.0555096115716747,1.0554279445226054,1.0558802261755351,1.0560266003732306,1.0559559665269942,1.0560985308521007,1.055966954400321,1.0213936780500965,0.9867479803718007,0.9865030331410837,0.986554711373563,0.9867739211571172,0.9867430419349957,0.9866307818179182,0.9867402577318585,0.9866610999445683,0.9860749046502169,0.9860437924444246,0.9858812963274279,0.9879057478031008,0.9880753486880391,0.988108034214496,0.9881071867075122,0.9868828298110893,0.9870219854451577,0.9871684167833655,0.987397801278943,0.9873610655609687,0.9873408508792422,0.9885560287383431,0.9669754863533095,0.9672253349910196,0.9673494519440222,0.9673326706395866,0.9908729543015545,0.9908423309210552,0.9908527647919195,0.9908558097363898,0.9908531912268643,0.9908438965686147,0.9916711180894596,0.9918020383532272,0.9919159786049297,0.9920022423575532,0.9941987626730816,0.9940967578649335,0.9942893218530676,0.9944530243469495,0.9941640255881129,0.9931662722450226,0.993015606076186,0.96377376130256,0.9637737641133486,0.9637737600961606,0.9637737652181342,0.9637737655850697,0.963773772521388,0.9637737735438086,0.9637737751338386,0.9637738293460685,0.9637738168264802,0.9637738219645801,0.9637738242553688,0.9637738249297362,0.9637738275339259,0.9637738297355629,0.9637738321969033,0.9637738371473494,0.9637738385447016,0.9637738419955671,0.9637738439067377,0.9637738490940961,0.9637738526096815,0.9637738490446478,0.9637738461158157,0.9637738582924652,0.9637738571036814,0.963773859461683
264,0.9954275022712054,0.995946223491557,0.9955940147558424,1.0282200150272272,1.0283010314311463,1.0436928296992942,1.03086286213949,1.0308174722554095,1.030834115092041,1.0311494078611723,1.0310918350513572,1.031093523036524,1.030766598170569,1.0307078491860904,1.0307851842183429,1.030958712985204,1.0379155011735621,1.0375656696197728,1.0378011296114946,1.0378431001267763,1.0377704038475066,1.037777412676098,1.0380333706543028,1.0380789234957746,1.0379933314008356,1.0380414310799388,1.0381789515197943,1.038114008644592,1.0382426749190061,1.038124656995699,1.0267583390388668,0.9565805425396233,0.956451479888888,0.9564576312686157,0.9565719446570075,0.9565575777497917,0.9565085730502804,0.9565545170040616,0.9565134580166195,0.9565912847993867,0.9565669674530931,0.9564360277631332,0.9571501805324056,0.957258891855093,0.957271718139035,0.9572719569109663,0.95654785670984,0.9565625687182014,0.9566776564936255,0.9568435688620945,0.9568187515608113,0.9568034202276064,0.953502835299318,0.9543508422187474,0.9543149276394173,0.9542985143007077,0.9542797194164238,0.9545744845466657,0.9545829881112797,0.9545723764494151,0.9545700132701304,0.9545719419653677,0.9545827498366276,0.9546508221167214,0.9546083303154984,0.9545826822295774,0.9545636945969921,0.957517354369328,0.9575324345298355,0.9575051377905146,0.9574811365416589,0.9575253868396888,0.9577764948917585,0.9577067353001093,0.957356081852396,0.9573362970017639,0.9572697288586395,0.9568997796506054,0.9569487763591825,0.9561941156943624,0.9562302512038025,0.9562742480252199,0.9561005973761921,0.9559162242536549,0.9558557111719154,0.9558765073938295,0.9558760661881306,0.9553248405179273,0.955341965627613,0.9553080670240178,0.9552880552065028,0.9553077487870152,0.9553036147057232,0.9553218024241503,0.9553020947700025,0.9552959415195137,0.9553682293963183,0.9554157669001704,0.9552848361057219,0.9552997080018805,0.9553022706151326
265,1.0043583773105698,1.004501344312591,1.0042509442190204,1.0046018836689028,1.0046027186010078,1.0044569295062304,1.0046513232978176,1.0045641350377095,1.004544605898796,1.004751782989374,1.0047635509360389,1.0047792721204483,1.0048103592440043,1.0049664692060598,1.0052174743474873,1.0051698165008298,1.005054991493229,1.0050605444493965,1.00502990297917,1.0050277232127105,1.0050353211173555,1.0050348968876484,1.0050172334672114,1.0050147649354428,1.0050227969179155,1.0050424679030796,1.0050287038180301,1.0050381235936416,1.0050297426338035,1.0050496353154978,1.0049978716492085,1.0048179291237793,1.0047808635010451,1.0046017004463088,1.0046322580527145,1.0046239552288885,1.0045813419053145,1.004597129703388,1.0045854880390548,1.005072389308913,1.00512544477002,1.0051080422753176,1.005174232745216,1.005215711418018,1.0052197879723646,1.0052199380648938,1.0050829591421542,1.005084691170283,1.0050997963894828,1.0051256469606515,1.005121410944075,1.0051211768935042,1.0035001190450208,1.003867503045225,1.0037711236822453,1.0037272062347815,1.0036875160862377,1.003696808089316,1.003728719331171,1.0036910042910772,1.0036930588942823,1.0037033538483444,1.0037490999807464,1.0040490061278236,1.0039266743572783,1.0038459771002681,1.0037804704349997,1.0030785107181608,1.0031135834584126,1.0030507071480022,1.0029939751822528,1.0031038007319355,1.0041711304798657,1.0059824193883395,1.0062015848164498,1.0061739660694962,1.0060662435399375,1.005468084880723,1.0055569159219016,1.013309420935262,1.0133652523596233,1.0134296557851015,1.013429205423276,1.0132094497807997,1.0131103420084044,1.0131480953579741,1.0131734910056425,1.0119177760602533,1.0119638426948057,1.011866450907029,1.011810926737646,1.0118701058008264,1.0118547394269704,1.011907762900753,1.011853438943429,1.0118334626426984,1.0119905288524487,1.0121161962037546,1.0116760300716694,1.0117173640642487,1.011726904177842
266,0.9894622183535517,0.9889860472799674,0.9900594770066392,0.9876245602854289,0.9868271725754245,0.9865994997271689,0.9862789314842592,0.988687779018198,0.9890598879832255,0.9863287312715063,0.9860619977576667,0.9858668069726068,0.9854475637828319,0.9837529689276047,0.9740227481514135,0.9740297069701903,0.9740228241307897,0.9740172688757615,0.9742806357680669,0.9742852034076154,0.9742559018795733,0.9742516415924571,0.9742996064721953,0.9743088939203339,0.9742813793724385,0.9742346681572325,0.9742889928094262,0.9742645510625055,0.9742878804067314,0.9739525332870498,0.974553436560884,0.9749273075521755,0.975031477669513,0.978935407719818,0.9789525563407326,0.9789672339467511,0.9792156372476017,0.9792196448323185,0.9792114101623276,0.9789060567334239,0.9789488905479428,0.9789246358170791,0.9791367245414176,0.9796756504176941,0.9796734182125258,0.9796727639765659,0.9796306048074439,0.97963610629295,0.9796531809133158,0.9796730672484962,0.9796704508898726,0.9796632076650738,0.9801697676861011,0.980196424960381,0.9802072479145935,0.980204598059921,0.980207951272017,0.980172468380602,0.9801783714903676,0.9801835361844503,0.9781867848343164,0.9781803439152945,0.978255260226883,0.9782639325160291,0.9782703312223624,0.9782700931440235,0.9782790180612121,0.9783492183662413,0.9783513947611359,0.9783495387891874,0.9783527202828749,0.9783078441442551,0.9790623009866845,0.9791380158884849,0.9791271477650918,0.9791270373437349,0.9791415133057199,0.9792078050806289,0.979188759885604,0.9791644779319927,0.9791525197131553,0.9791390484579564,0.9791411717816187,0.9791725099127342,0.9791911162556359,0.9791821316468572,0.9791166454477066,0.9793943836819327,0.9793817051639706,0.9794083164932988,0.9794204852341359,0.9794035884603072,0.9793880842026825,0.9793731698301484,0.9793861580434973,0.9793942194053987,0.9793377872340124,0.979304327175865,0.9793389871129159,0.9793275420811477,0.9793229748340377
267,0.9748172545425315,0.9745767436649905,0.9749988600829087,0.9745007818568712,0.9729923769389152,0.9727433110878188,0.9722940538023439,0.9764432441858707,0.9768677957148485,0.9733104184983642,0.9730476213603984,0.9728579321018272,0.9724408472749398,0.9705424283803089,0.9571032361020152,0.9571225285923425,0.9571995637383025,0.9571994655519036,0.9574433764453036,0.9574541124098731,0.9574393172626261,0.9574408816814777,0.9575142224466172,0.9575392462702537,0.957515758375761,0.9574774072631533,0.9575152833133734,0.9574930007307719,0.9575295731351471,0.9559116195306124,0.9564886331151161,0.9564514082433185,0.956571809473286,0.9589650234812046,0.9587693567153304,0.9587934304516892,0.9580673265836164,0.9579966557925231,0.9580644822005348,0.9583692380286567,0.95849938956313,0.9587282735652525,0.9577213540594376,0.9513687525199008,0.9513734235692423,0.9513737685423521,0.9512403796791744,0.9512415034874565,0.9512543236191688,0.9512774994376892,0.9512731917708528,0.95127379186844,0.9512375467267924,0.9512404348132403,0.95122045363486,0.9512164835715048,0.9512098442305967,0.9512298697824706,0.9512285930127409,0.9512216331864888,0.9511192812293369,0.9511254634632422,0.9554104213241712,0.9554795535466803,0.9554460778990963,0.9554258138361256,0.955414499849923,0.9553181042079156,0.9553591751330319,0.9553442659631202,0.9553279835555648,0.9553143813982448,0.9556779464194977,0.9556335013854499,0.9556743802025357,0.9556616216370756,0.9556403220623335,0.9555237434491772,0.9555486561527685,0.9553721048961986,0.9553937999521791,0.9554191429771782,0.9554170051380794,0.955342437418793,0.9553056048301971,0.9553201830631777,0.9550164261334094,0.9543959764790052,0.9544195487694279,0.9543704910415982,0.9543422380718529,0.9543721209189101,0.9541866064460847,0.9542141228996194,0.9541854574743243,0.9541733326940033,0.954277205039011,0.9543405520947545,0.9540285517494932,0.9540515829775921,0.9540571686970889
268,0.9411954371926409,0.9408437646771177,0.9410176176314037,0.939261378282382,0.9374737174117606,0.9364885269795242,0.9353693318765914,0.9444441265533323,0.9444447761604703,0.9443227202504729,0.9443197892005488,0.9443236775609403,0.9443198169363863,0.9444584704852426,0.9441235045983202,0.9441150991578664,0.944105315362119,0.9441072322649654,0.9430069484577531,0.9430095690484673,0.9430078300249116,0.9430063060682288,0.9430213743263194,0.9429902097693917,0.9429887145311409,0.942987122531234,0.9429893852367017,0.9429878753645073,0.9429943597476219,0.9426588805524161,0.942561841787222,0.9425177138094156,0.9424872481326988,0.9425272180755525,0.9425348335722674,0.9425457809695602,0.9373886264243035,0.9373771973091527,0.9373849351866981,0.937447165454473,0.9374607871410525,0.9375390761685244,0.9373385365130562,0.935615052774178,0.9356167302262467,0.9356170145014949,0.9355580169246961,0.9355587176165504,0.9355677820300394,0.9355801268994417,0.9355775243673355,0.9355783542184513,0.9355600920787953,0.9355638601621385,0.9355503611623087,0.9355492459779182,0.9355467209608067,0.9355513992736324,0.9355506167319104,0.9355472337606839,0.9355499853209477,0.935554897112069,0.9355573180345984,0.9355633885318655,0.9355552240099878,0.9355506369153971,0.9353125123009355,0.9352965830228794,0.9353023632230533,0.9353038767992572,0.9353015200806256,0.936037374285353,0.9360136077981338,0.9360007361482152,0.9360007636986489,0.9358579306826631,0.9358533796359757,0.9358445767719458,0.9357609676934618,0.9357513546492051,0.9357526096808256,0.935754218496454,0.9357531665174207,0.9357524515378075,0.9357533200291519,0.9357544454476046,0.9402381113668894,0.9406719751473172,0.9406594716906518,0.9406851173554592,0.9406818004273199,0.9406665582238384,0.9406687379359561,0.940654261450225,0.9406718462785627,0.9406729210084104,0.940610968528289,0.9405763361402592,0.9406884758278522,0.9406764551649491,0.940676432514638
269,0.9122434298860039,0.9119908950548637,0.9119562761414779,0.9106305191766767,0.9096783659374533,0.9090567584815284,0.9083655629901833,0.9120692027023544,0.9122889813604806,0.9126994589459092,0.9126282317609294,0.9125589656256848,0.9124527607352425,0.9140315834668558,0.9142120617264232,0.9141518878318845,0.9140193424230736,0.9140069862275393,0.9068925635998984,0.9068888228115796,0.9068184772177864,0.9067570020344234,0.9067958383810423,0.9054437077530901,0.9054437074758378,0.9054437063626022,0.9054437105248373,0.9054437102664507,0.9054437105330522,0.9054437124407948,0.9054437120962473,0.9054437104998636,0.9054437144496977,0.9054437137871805,0.9054437126843661,0.9054437214884071,0.9054436357307789,0.9054436360805914,0.9054436344756279,0.9054436301749258,0.9054436284786351,0.905443596701238,0.9054436029185545,0.9054436110884544,0.9054436098277688,0.9054436082260037,0.9054436339528692,0.9054436332504272,0.9054436319518235,0.9054436309699622,0.905443630218644,0.9054436290801762,0.9054436316203496,0.9054436384369612,0.9054436392706212,0.9054436382743942,0.9054436375284416,0.9054436401083051,0.9054436412615188,0.905443640872543,0.9054436400503213,0.9054436389187688,0.9054436373158848,0.9054436379906357,0.9054436420335267,0.9054436420943381,0.9054435729243129,0.9054435761215108,0.9054435746350247,0.9054435734219827,0.9054435731394531,0.9054435671557906,0.9054435820513161,0.9054435813382695,0.9054435807321751,0.9054435765199732,0.9054435790645047,0.9054435806792889,0.9054436539286643,0.9054436476135092,0.9054436477729881,0.9054436479106843,0.9054436485336752,0.9054436473467949,0.9054436460637273,0.905443644896189,0.9054436433772617,0.9054436375511201,0.9054436371761913,0.9054436367692487,0.9054436325321656,0.9054436321812779,0.9054436314901813,0.9054436309961735,0.9054436299687861,0.9054436308545069,0.9054436315085219,0.905443632015173,0.9054436295568675,0.9054436296913907,0.9054436287823904
270,0.9050065153464992,0.9049335358207431,0.9047914325173733,0.9045537870467977,0.9038216693583948,0.9034165029029504,0.9029982199202955,0.9053725901330547,0.90544382120519,0.90574787021024,0.905714837038303,0.9056825821472598,0.9056351833268024,0.9080012171052957,0.9081858695223941,0.9081292435305205,0.9080066997499903,0.9079998793607666,0.9015504634958684,0.9015427995398728,0.9015054522449463,0.9014547463877706,0.9014413291386496,0.9005525603048282,0.900565368121671,0.9005962641814244,0.9006062537303043,0.9006210568130757,0.9006025916735637,0.9006293118509604,0.9003233545536584,0.9003072119801343,0.90028547346203,0.9002920741756453,0.9003303451372179,0.9006424394087967,0.8999424720376962,0.8999876011610365,0.8998989005268682,0.8997185285306509,0.8996951895289076,0.8969857159082812,0.8969922952681304,0.8970467846810019,0.8970462204846247,0.897046061379778,0.8970669392020547,0.8970673884149505,0.8970641121699814,0.8970594460821846,0.8970632954434695,0.8970625763413538,0.8970625775348557,0.8970567906435905,0.8970800184494345,0.8970738366533044,0.8970739828125449,0.8970753903474512,0.8970757821997437,0.8970767342139674,0.8970764283044032,0.8970696956666251,0.8970658606412365,0.8970674261094406,0.8970688178076807,0.8970754973415459,0.8954618758655012,0.8953440621692088,0.8953677371509385,0.8953326587079604,0.8953131190109128,0.895340813706657,0.8955113162779179,0.8955170302305732,0.895647115267597,0.8956118007784768,0.8955674414589194,0.8952864586323306,0.9053519726250551,0.904861028864795,0.9049016390014128,0.9049496212226591,0.9049495184555247,0.9047955915166005,0.9047190926761518,0.9047001455977155,0.9046158524740817,0.9035308579143032,0.903569392132681,0.9034892653516823,0.9032500295677447,0.9032958552131218,0.9032831224849199,0.9033202400986098,0.9032683177761844,0.9033139147042417,0.9034936092738229,0.9035915527881355,0.9032732065637873,0.9033097479726443,0.9032985705988639
271,0.8703818035514786,0.8703054580144651,0.8702901712518619,0.8699107231915908,0.8698944214006394,0.8698684401548029,0.8698196176634414,0.8698065969217019,0.8699115762121236,0.8699560053425968,0.869926671542209,0.869901360249218,0.8698605601023359,0.8728473427712161,0.8727237806524989,0.8727396081333477,0.8727648544166836,0.8727538264148641,0.8739863029260779,0.8739834953785586,0.8739517410183938,0.8738882831816126,0.8738992477293895,0.873904334246355,0.873880282224631,0.8738501786427908,0.8741272819394329,0.8741096243573818,0.8741140659178523,0.8741192075953996,0.8744487049951382,0.8745019648993905,0.8749201753751741,0.8749034483445952,0.8748655318523265,0.8693210362074255,0.8697652824320169,0.8696539957281895,0.8739840458833719,0.8740229324870116,0.8740280206794665,0.8736878631919429,0.8737520139459717,0.873749381875705,0.8737480463683782,0.873747654521014,0.8737304131443027,0.873732626069739,0.8737436671994573,0.8737543846342659,0.873760135518436,0.873756843815775,0.8737555662859109,0.8737800132744701,0.8738521676669322,0.8738292595689763,0.8738266749856819,0.8738257737362588,0.8738307615803089,0.8738297214224302,0.8738279862338374,0.8738148285473196,0.8738130564899539,0.8738305694665898,0.8738311603196918,0.8738447483630821,0.8739365857847391,0.8739306618629487,0.8739349639912799,0.8739291536465839,0.8739427470001128,0.8739494120835154,0.8739755924492341,0.8739808918527044,0.8739880025422551,0.8739829714920971,0.8739839210027208,0.8739513468260044,0.8738076334157949,0.8737062394086478,0.8737147101976754,0.8737246853111352,0.8737263541936725,0.8736900582085672,0.8736729014400769,0.8740901194543581,0.8740662918734515,0.8742767199615297,0.8742688785919025,0.8742844152074335,0.8742445393128295,0.8742342078718593,0.8742348109842624,0.8742262264101358,0.8742314045829177,0.8743739516772951,0.8743462472566681,0.8743292995325949,0.8743734075474289,0.8743682381887925,0.8743287404697534
272,0.8344819939320368,0.8337975138218477,0.833572736583333,0.8298051381793741,0.8299904932269058,0.830039645363881,0.8297906875040008,0.8299863602513532,0.8315816120022873,0.8317354941794963,0.831515173839338,0.8313748613423995,0.831062521054221,0.829258721650973,0.8290476214191767,0.8291316885129184,0.8292938679994509,0.8292743654047667,0.8297537506800505,0.8297623863594182,0.8296874274073751,0.8295411556956273,0.8296601366325217,0.8296626892441039,0.8295873976656709,0.8294594664980257,0.8298729542342512,0.8298057458590933,0.8298623378824721,0.8298137238756977,0.8313253169780207,0.8314315502670089,0.8353247611443807,0.8352878673178625,0.8351048681646087,0.8358157973301391,0.8360546595006926,0.8359793412041954,0.8366560745905388,0.8368752905147159,0.8369038316036254,0.8373313765299524,0.8365777088736609,0.8364564401151824,0.8364383081291467,0.8364354341774892,0.8373445858575526,0.837330586884658,0.8371864621246684,0.836983602855286,0.8370659597335071,0.837072515144711,0.8371842390893236,0.8369240079180613,0.8419660819505653,0.8419551331868693,0.8419743576776176,0.8419807649430174,0.8419660034082369,0.8419879894959588,0.841989341561257,0.8419523010325486,0.8419242248621103,0.8417634987241772,0.8418401413456441,0.8419245443635909,0.8419940836092292,0.8421280681860199,0.8421098732599487,0.8421407420378182,0.8422126604986471,0.8421540316652536,0.8420207702576711,0.8420249608005805,0.8419029004967172,0.8419129466596607,0.8419663832455654,0.8422494297499296,0.8421498397008491,0.8425944499682975,0.8425598116583426,0.8425175231195771,0.8425245204732954,0.8426400700960903,0.8426927054619171,0.8426414334776101,0.8426198053957928,0.8431680908786428,0.8431484744936306,0.8431876619264067,0.8431976493116293,0.8431727701379567,0.8431756523476152,0.8431729607196721,0.8431913910612586,0.8474149635042084,0.8474136259142035,0.847413354124515,0.8474163269787092,0.8474159640909437,0.8475228672416822
273,0.8109357677594999,0.8100933616937313,0.8078844237184392,0.8030803402918008,0.8033272115670068,0.8034284202769093,0.803134643771001,0.8033552140485446,0.8068495183611184,0.8070388466837034,0.8067547106175098,0.8065903693796381,0.8061887094782858,0.8039873423259002,0.8037242036361785,0.8038558827242033,0.8041036068454624,0.8040828932036395,0.8045567337052216,0.804574662941884,0.8044844946068173,0.8042429883126582,0.8044201712116289,0.8044381819340083,0.8043419899215758,0.8041689586963521,0.8039572429889471,0.8038621908182811,0.8039532739796567,0.8038697754918215,0.8059604217673227,0.8060505180725668,0.8184826214706401,0.8184576780109283,0.8182506627444514,0.8184980639242171,0.8185817946492154,0.8185158234601738,0.8185980069701576,0.8188411966774785,0.8188739024902196,0.8190957364598385,0.8182894755456676,0.8181608388927716,0.8181463804210756,0.8181457188096308,0.818980265205984,0.8189662204036938,0.8188317937141248,0.8186380866138971,0.8186887331556504,0.8187047333080012,0.8187949779263963,0.8184841063921411,0.822356566293306,0.8224871495406579,0.8224972448570447,0.8224937261328892,0.8224813225683195,0.8224889838294613,0.8224932061853744,0.8225008504437183,0.8224974946323038,0.8224152987500429,0.8224356352163393,0.822094282777135,0.8220949653095422,0.8221341498966503,0.8221307624556321,0.8221450763419224,0.8221802815845477,0.8221729118188642,0.8220745292149557,0.8220722501067232,0.8220158710574882,0.8220287157445852,0.8220447804666258,0.8221552267979549,0.8221616910559076,0.8222951343899482,0.8222892198107262,0.8222820104486217,0.8222786396850513,0.8223049616425152,0.8223192561955018,0.8223220364400342,0.8223319913314994,0.8224113300656233,0.8224124309892948,0.8224121791486038,0.8224230410435394,0.8224252114064764,0.8224291389089133,0.8224254787676691,0.8224308461372064,0.8220696717846877,0.822059969533748,0.822055160434825,0.8220777220428792,0.8220759389960696,0.8295461415270167
274,0.8075777707619157,0.8071026896073544,0.7947995683974904,0.791051339977252,0.7911726545490134,0.791064342425872,0.7907180417303858,0.7909026698219467,0.7993541095302639,0.7994452247011962,0.7993307578828458,0.7992564662353109,0.7990929650917088,0.7978896594872362,0.7977915887373581,0.7978217592406851,0.7978763468736878,0.7978670015592132,0.7981068491248912,0.7981095234669173,0.7980736344422026,0.7980546611072826,0.7981013217522007,0.7980999012859543,0.7980659855206749,0.798011208721823,0.7939770675981115,0.7939078539986751,0.7939697052323466,0.7939112856002527,0.7954185703189556,0.7954896379185384,0.8082407585262207,0.8082418236996384,0.8082429136544271,0.808502852249713,0.8085051060850075,0.8085024934701099,0.8085163776274984,0.8085200046084807,0.8085212812650909,0.8085248236908019,0.8085209772206691,0.8085167485101417,0.8085161575293073,0.8085163627824142,0.8085178665083869,0.808518797377838,0.8085205191866114,0.8085207644668139,0.8083896748243359,0.8083891871384064,0.8083891961806561,0.8083889632010544,0.8082882542241882,0.808237886920401,0.8082380334545888,0.8082362812024075,0.8082374679359559,0.8082381504999011,0.8082379056053767,0.8082084688339249,0.8082074502404878,0.8082063457278038,0.8082084817355203,0.8181548596666784,0.818143311885385,0.8181081813112526,0.818113605065311,0.8181057940652479,0.8181839105001215,0.8181989802379562,0.8182368353464581,0.8182369428634465,0.8182761012955991,0.8182720896322968,0.8182554996633775,0.8181719098016655,0.8181859261240507,0.8180769515640288,0.818084339286991,0.8180937403897802,0.8180914718334622,0.8180675418136459,0.8180586802619925,0.8180644321837603,0.8180674187892253,0.8180014172587726,0.8180038129724284,0.8180001193893235,0.818002880617018,0.8180060238915877,0.8180075871596686,0.8180099851345414,0.8180112955868917,0.8179814366600836,0.8179857281080692,0.8179896055514826,0.8179850917517735,0.8179856308463463,0.8181587561264146
275,0.8116991518884433,0.8115602117768161,0.7854288374049088,0.783948172114194,0.7839222860037408,0.7837355714685409,0.7834953532195115,0.7835650333368364,0.7964338028154021,0.7963482035096503,0.7964781927552516,0.7965628120599517,0.796743175378984,0.7974023011875196,0.79752183356699,0.7974794468306474,0.7973907815778738,0.7974045085538274,0.7972138164891638,0.797211420569994,0.7972598465089019,0.7987276670687089,0.7987084071622989,0.798712961352102,0.7987427219119573,0.7987781295287913,0.7897029929439574,0.789692007571148,0.7897060159107216,0.7896939720630264,0.7898829006918998,0.7898680559343327,0.7912230810348201,0.7912275680633813,0.7912192861246734,0.7912908187263752,0.7912722419213839,0.7912687572067095,0.7912708234338202,0.7912958469157453,0.7913011953616194,0.7912912154585647,0.7912096623023661,0.7911948499780843,0.7911955701870821,0.7911973540032089,0.7912063445936924,0.791206490856652,0.7912037687360473,0.7911954890002686,0.7914489993997194,0.7914585956495295,0.7914668705419741,0.7913682513315796,0.7912868025210444,0.7912844495456964,0.7912940592603109,0.7912840127912694,0.7912712798170515,0.7912767070668163,0.7912823020761247,0.7914260171800865,0.7914227060525635,0.7913441168111756,0.7913546041936658,0.7942786871417657,0.7942880383570821,0.7943255869800114,0.7943223594258104,0.7943395272722524,0.7930115465155668,0.7930076783541834,0.7929305067677772,0.7929295847627167,0.7929056636587554,0.7929142518598438,0.7929146873297969,0.7929618809635277,0.7929673765064243,0.7930352167320283,0.7930333625174355,0.7930318779666657,0.7930240988172492,0.793041518152391,0.7930552615079416,0.7930603529471785,0.7930698131781199,0.7931541880204508,0.7931571500311343,0.7931557268968916,0.7931706582366423,0.7931756946102987,0.7931825739045829,0.793186141095888,0.7931976778400145,0.7931553849591243,0.7931426938894449,0.7931371802114173,0.7931724067393143,0.7931694522555035,0.7932199394058386
276,0.8195121221805197,0.819350253873374,0.7813043609332073,0.779768586043635,0.7797249516884968,0.7795180673428269,0.7792573680442875,0.779321748893067,0.7912463266487657,0.7911782127609864,0.791273939785675,0.7913279942625551,0.7914600944935857,0.7920339393832391,0.7921188213185365,0.7920803807650793,0.7920094135321746,0.7920158237378352,0.7918802200732575,0.7918745299777821,0.7919046951275445,0.7984479166114764,0.7984281290508918,0.7984275728358173,0.7984421556719474,0.7984642886274925,0.7947484982371408,0.7947715167378515,0.7947425215171496,0.794766184758877,0.7942579005464087,0.7942499220070633,0.7936668699091745,0.7936731757869911,0.79372592866581,0.7937680221797148,0.7937485142837573,0.7937672767636991,0.7937518912232474,0.7936667890333768,0.7936556043874491,0.79360643500373,0.7938881759344125,0.7939261852189115,0.7939295686081393,0.7939295543046085,0.7936688202130995,0.7936748229747901,0.7937210797009969,0.7937848635184165,0.7976840978087572,0.7976856299722835,0.7976465502118426,0.7977128380183556,0.7976031512816228,0.7975988155779252,0.7975897971070108,0.7975775126991592,0.7975819728712459,0.7975682297842291,0.7975701850142998,0.798017353716547,0.7980329901265579,0.7981137390713958,0.7980630319527012,0.7976906835687948,0.7976769874533238,0.797628546638871,0.7976361541779762,0.7976295403367849,0.7912308957448433,0.7911945523674715,0.791032954049769,0.7910308741926508,0.7909328337450564,0.7909485705233822,0.7909793169117154,0.7911955480357071,0.7911727129367266,0.7915101558271984,0.7914884049009543,0.7914623977479256,0.7914578498445051,0.791544167794116,0.7915879873443842,0.7915796808955883,0.7915863876651585,0.7919591726217889,0.7919532108786119,0.7919690770874463,0.7919900919138838,0.7919841298103673,0.79199154816739,0.791984916331227,0.7920037045654275,0.7919909115358439,0.7919434759902937,0.7919162156723916,0.7920099352097086,0.7920005708392851,0.792031974497558
277,0.8327946546323431,0.8325986202978852,0.7723277573565729,0.7714403291761687,0.7714124079636658,0.7713011932309141,0.7711552808135552,0.7711827828587263,0.774839583666557,0.7748424034547385,0.7748257140543655,0.7747999761059845,0.7747754302364741,0.7747247368959428,0.7747078849967731,0.7746972033160113,0.7746935750944225,0.7746852416484351,0.7747237204422228,0.7747162807272604,0.774701925050991,0.7812661557494192,0.7812879370050283,0.7812860691322461,0.7812593356447082,0.7812256575809199,0.7817370593006999,0.7817153614024196,0.7817275096098487,0.7817098918899331,0.7822476534781676,0.7823055202129295,0.7825242693830633,0.7825075104670518,0.7824200547825071,0.7825205553560536,0.7825719277508383,0.7825368682968317,0.7825751212345842,0.7826773239120542,0.7826883092467175,0.782784755241975,0.7824713611541928,0.7824220865134472,0.7824118936610136,0.7824082748546118,0.7828733961928799,0.7828661113680832,0.7827924130767806,0.7826944535538802,0.7831069417557768,0.783104832685416,0.783166348672404,0.7830614370823133,0.7831694853498301,0.7831763159148242,0.7831901701095574,0.7832121205753793,0.7832054016549956,0.7832269354485948,0.7832233720656071,0.7750262926213229,0.7750208846275812,0.7749541382324423,0.7749679540075818,0.7749547693708841,0.7749679441739433,0.7750085429631923,0.7750026770861835,0.7750180573619828,0.7748989508828812,0.7748726768854299,0.774778019271485,0.7747755702696083,0.7747211628720924,0.7747288200207333,0.7747450189015461,0.7748756907496932,0.7748587160104732,0.7751139601646991,0.7750942390365645,0.7750710380640417,0.7750690719668831,0.7751454010540849,0.7751840194354426,0.7751733169324584,0.775177751409693,0.7756185284246047,0.7756046277978619,0.7756346087706237,0.7756575267514497,0.775640807285272,0.7756467443451388,0.7756304491768421,0.7756526967129297,0.7756543661183147,0.7755824056087476,0.7755428822063828,0.7756724598501125,0.7756578457190679,0.775657952581603
278,0.8375392845364996,0.8373044185681353,0.7678200061279908,0.7678199895429344,0.7678199912791992,0.7678199904763217,0.7678199880695141,0.7678199896973822,0.7678200260068749,0.7678200293394588,0.767820029839454,0.767820031889392,0.7678200328697184,0.7678200351601685,0.7678200374690285,0.7678200407158575,0.7678200322050267,0.7678200350777192,0.7678200334673455,0.767820036160532,0.767820035962456,0.7678201228783066,0.767820125360399,0.7678201310842037,0.7678201350395676,0.7678201336138888,0.7678201353491655,0.7678201376754692,0.7678201379273482,0.7678201417972769,0.7678200812195983,0.7678200682428198,0.7678200694998002,0.7678200710446378,0.7678200692629206,0.7678200688599663,0.7678200674849502,0.7678200672602189,0.7678200697522932,0.7678200721876541,0.7678200745548434,0.7678200754316157,0.7678200641033575,0.7678200635889108,0.7678200648455964,0.7678200668555557,0.7678200437368631,0.7678200449085243,0.7678200453133041,0.7678200444706802,0.7678200470439183,0.767820048077234,0.7678200462044773,0.7678200368780295,0.7678200383544185,0.7678200395794403,0.7678200407682515,0.7678200376345026,0.7678200361469195,0.7678200373742743,0.7678200383275245,0.7678199949911689,0.7678199950750791,0.7678199947171805,0.7678199931669084,0.7678199924563007,0.7678199927952225,0.7678199931738576,0.7678199933466309,0.7678199936582976,0.7678199902388794,0.7678199899943222,0.7678199884641151,0.7678199887244551,0.7678199885909297,0.7678199885474917,0.7678199885866291,0.7678199889588072,0.7678199887880988,0.7678199894065649,0.7678199894302409,0.76781998941601,0.7678199895972077,0.7678199889007457,0.767819988919429,0.7678199889099213,0.7678199887834225,0.7678199899719306,0.7678199899886896,0.7678199907596772,0.7678199908165769,0.7678199905083799,0.7678199906200208,0.7678199906096409,0.7678199907318014,0.767819990964414,0.7678199906707729,0.7678199902841534,0.7678199907455944,0.7678199907363307,0.7678199902749021
279,1.0271394579255941,1.0282915915645123,1.0274628799490324,1.1110229691002615,1.1112643983672255,1.1188312405246894,1.0989582525989636,1.0989679181160144,1.0991661635448327,1.099362629804097,1.09920829180263,1.0993922189106275,1.0993998809502608,1.0987840168642236,1.0987004047600293,1.0987162766708118,1.1205721996377571,1.1205547075093631,1.1203286578055072,1.1201202039166496,1.1201286509072061,1.1201159873330055,1.1199064421623914,1.1198600371679859,1.1199606970303917,1.1258901939907022,1.1257921419389625,1.1258292422310865,1.1257498275274629,1.1258039741883024,1.0336702109161942,1.033978894273646,1.0333401002858569,1.0334130434114903,1.0339623525350823,1.0338972515297422,1.0336780069457747,1.0339096248139223,1.0337026462888959,1.0328258863014934,1.0327088488845282,1.032161468473748,1.026023723853671,1.0262372392908536,1.0262705450214131,1.026269800324354,1.026187179774726,1.0255730406031403,1.0258788764216693,1.0263229301013579,1.0262529242070937,1.0262026723781998,1.0260052031339482,1.0265007408224902,1.026218989965901,1.026079872719283,1.0258695098335435,1.0242343159532137,1.0243219659146254,1.0242261311420715,1.0241998253371187,1.0242109906350274,1.024310299318332,1.0506853083156946,1.0502269229656354,1.049906438246812,1.0496595686126646,1.048778326657115,1.048906661956976,1.0486627451409285,1.0484522939918635,1.0488324247881904,1.050022367375983,1.0500415174403999,1.0512181515754817,1.051114758722709,1.0507907510305061,1.0490292250162083,1.0493038714954255,1.0459122791154043,1.04616043051686,1.0464670995694099,1.0453686876768709,1.044313476854861,1.0438580682156424,1.04400952694045,1.0439895160123225,1.0513482494583077,1.0515678912247017,1.0511165339018236,1.050823710626352,1.0510878543285112,1.0510233772461346,1.0512728591781546,1.0509868924902424,1.050906054594344,1.051933602864749,1.0525274784948075,1.0507040862668646,1.051887842956081,1.0519148093160546
280,1.018768904767644,1.019924403644971,1.019109110475663,1.0946145069663902,1.094817824600149,1.1085501835931126,1.0896923242400647,1.0897386766420645,1.0901413942209686,1.0904482910642175,1.090219481915952,1.090332833386579,1.0897152285007854,1.0889200473869973,1.088828778181997,1.0888604429550046,1.125226215758139,1.1251446789428876,1.1251056888209523,1.1250412544242667,1.1250155144375698,1.1250089064698576,1.12496540401632,1.1249520126337995,1.1249789202915788,1.1271364370776953,1.127123984047568,1.1271484637716302,1.1271384658750716,1.1271305254795796,1.054617625587852,1.045441408086765,1.0454054759603248,1.04542779973744,1.0454451236072408,1.045445439980292,1.045412098380765,1.0454270812695878,1.0454115438454583,1.0452298030261986,1.0452304838490527,1.0452086273357277,1.0463889921656553,1.0463868620696057,1.0463980038077678,1.0463957497255145,1.0465659259270546,1.0467503360328387,1.0467370405131011,1.0467343809284848,1.0467290617052214,1.0467206987139337,1.047245740571801,1.0297743620500281,1.02978300722339,1.0297849952579212,1.029704710587701,1.0380300953170145,1.03801000261825,1.0380204689900137,1.0380172765996805,1.0380075664596795,1.0380000636665387,1.0540447799895583,1.054521106376242,1.0548661073663348,1.0551268765367257,1.0559590640836019,1.0558129833928265,1.0560831324327953,1.0563149546917923,1.055904562327666,1.054508684268598,1.054456324984157,1.0492424569754137,1.0493098936428418,1.0495358938674937,1.050842684767248,1.050659158179516,1.0528655339589772,1.0527098969602218,1.0525163457347118,1.0835820288828388,1.083492662020884,1.0836557169539602,1.0835973665165666,1.0836046086144513,1.0834020880154962,1.0833432471138673,1.0834630037445343,1.0835349164930403,1.0834637576219057,1.083480032907858,1.0834142711294148,1.0834844666737877,1.0835035967237807,1.083232111188051,1.08307868468372,1.0835481814789185,1.0833997350647384,1.0833913028496451
281,0.9969934543074759,0.9975477913519467,0.9972163250561612,1.0323128118061347,1.0323965113656743,1.0488118447109303,1.0357941002003515,1.0357508950945948,1.0357790378632317,1.0361070968043768,1.0360449762602502,1.036054770438111,1.0357149807299928,1.035638082317026,1.0357090230354826,1.0358565156513013,1.0439332759459272,1.0435967047413353,1.0438560279129094,1.043900789942094,1.0438196687249117,1.0438272707246794,1.0441060658141998,1.0441557108269053,1.0440610124006808,1.0441190836251217,1.0442708166384413,1.0441974910721052,1.0443377450506124,1.0442085433127406,1.0314426922488342,0.9542195407140038,0.9542195458207323,0.9542195581221204,0.954219560911351,0.9542195556946803,0.9542195365443878,0.9542195403694258,0.9542195541293945,0.9542195803555044,0.954219594700693,0.9542195876987555,0.954219559388462,0.9542195621306135,0.9542195722433024,0.9542195856797631,0.9542193770114713,0.9542193842161742,0.9542193941750958,0.9542194006341425,0.9542194090217296,0.9542194177855577,0.9542192444450046,0.9542189139238275,0.9542189105778677,0.9542189092305673,0.9542189076207042,0.9542189629731661,0.9542189627339329,0.9542189620136639,0.9542189628705424,0.9542189641796408,0.9542189667166374,0.9542189793818929,0.9542189675639025,0.9542189649240207,0.9542189630055412,0.9542190396835828,0.9542190428490749,0.9542190426476777,0.9542190421188438,0.9542190451475284,0.9542190401053848,0.954219039094976,0.9542189688017672,0.9542189684531129,0.9542189630342833,0.9542189417462008,0.9542189447813928,0.9542189066726904,0.9542189086222445,0.9542189111046875,0.9542189081758139,0.9542188976268369,0.9542188956117909,0.9542188964373187,0.9542188964420921,0.9542188826657534,0.9542188828609167,0.954218882468843,0.9542188822315607,0.954218882411015,0.9542188823734649,0.9542188825614609,0.9542188823018846,0.9542188821966877,0.9542188826712656,0.9542188835028826,0.9542188817075326,0.9542188818960384,0.9542188819108546
282,0.9934012793557746,0.9930832683566418,0.9949684144024675,1.0066930320894294,1.0068513825113834,1.0173726257314182,1.0156605551929183,1.0156511068187017,1.016220122211537,1.0160048674730422,1.0156756410450445,1.0155744307490884,1.0150902044061778,1.0138720973224704,1.0139754487046322,1.0154192366446273,1.0159384723543252,1.015838562957378,1.0161003495457048,1.0161404871046646,1.0160620215220713,1.016070587638692,1.016351629682137,1.016404189320617,1.0163020633073918,1.0161684505479012,1.0163210836694712,1.0162328158541132,1.0163709935747416,1.0162590694138283,1.016362161235943,0.9969337676202309,0.9973260646700983,0.997110186509667,0.9967629892139397,0.9968005912055382,0.9968405223211405,0.9967239079634259,0.9968445849385303,1.004213030910253,1.0042672581936165,1.0043110925762582,1.0041964326905133,1.0042426721225828,1.0042555389036618,1.0042547444711172,1.004092893220061,1.004095097923687,1.004065543340942,1.0040611346864357,1.0040572787580386,1.0040571809522902,0.9651685188358673,0.9655482995463441,0.965504160736885,0.9654842172283812,0.9654632893355758,0.9654693596569339,0.965481068885873,0.9654635747081702,0.9654786248361259,0.9654824571920064,0.9655065188512738,0.9656505978367248,0.9655885488397745,0.9655516852411736,0.9655206061616243,0.9648968025947032,0.9649162571820865,0.9648841588173782,0.9648559097548782,0.9649151661265135,0.9614822655922541,0.9615355706320422,0.961479752132885,0.9614873686393798,0.9615077483628787,0.9617028132855023,0.9616723175725057,0.9724963690760053,0.9725128605166105,0.9725326214374667,0.972530367739646,0.9723285882765301,0.9723043042231109,0.972312255075989,0.9723184764101113,0.9721803084854286,0.9721812751285673,0.9721774620920529,0.9721755480687829,0.9721771528124772,0.972177639368635,0.9721792949791235,0.9721768698317292,0.9721746212092709,0.9720441571358132,0.9720567571724668,0.9719781648964436,0.9719815346162812,0.9719823761500185
283,1.0104619189384252,1.0102649489964532,1.0108657084797568,1.0098450131882737,1.009761692931384,1.0097225710046627,1.0099372735482328,1.0101544366798993,1.0102365320178166,1.0096009977279066,1.009530464357559,1.0095038860083276,1.009407954751459,1.0090491808373718,1.0081525572666137,1.008160817144778,1.0081866456468112,1.0081909995280107,1.0082376298654072,1.0082425145331932,1.008240498045528,1.0082422372493567,1.0082720746034473,1.0082789790079134,1.0082729402920456,1.0082666615742568,1.0082757884647355,1.0082699382017195,1.008284822344631,1.0081920489392358,1.0082795114200607,1.008502363224968,1.0085232048702577,1.0099724146001536,1.0100039502303042,1.009996301116246,1.009998271784978,1.0100122237207037,1.0100026245705471,1.0097221587010767,1.0096840958014346,1.0096540296521728,1.0097184335455118,1.0099023671164726,1.0099049159820215,1.0099050960456402,1.0098360500867312,1.009837449240302,1.0098498238723885,1.0098641869729996,1.00986242049659,1.0098637978469445,1.0101497213303319,1.0101286677112273,1.0101219660933587,1.010121329648083,1.0101157838792338,1.0101482148567775,1.0101447351607837,1.0101400311643618,1.0097490923921533,1.0097539730456502,1.0096152677921928,1.0096306162839317,1.0096151461734126,1.0096102543259586,1.009601190565275,1.0094007150224242,1.009407713259718,1.0094047779492477,1.0093987329974323,1.0094206985795156,1.0071366922808727,1.0070491569432758,1.0070833838140465,1.0070793368219708,1.007053096802714,1.006964799745155,1.0069778800424811,1.0059889169395615,1.0059574130206452,1.0059202221315497,1.00592314557579,1.0060339644467438,1.0060946327418399,1.006074629362707,1.006090345357199,1.006914844125374,1.0068848698534711,1.0069461550329295,1.0069876692366555,1.0069511943107856,1.0069415910416835,1.0069069892873297,1.0069471459946502,1.0069565026547558,1.006768325654367,1.0066944789822037,1.0069033390842344,1.0068760158748742,1.0068734459776647
284,0.9864839840634384,0.9861951782513294,0.9868760447399273,0.9861126714416152,0.9850379946557676,0.9850688424259715,0.9849213959991652,0.987689455640539,0.9880644290975807,0.9843585242456018,0.9840826495588268,0.9838955723661738,0.9834668375643589,0.9816706629036499,0.9706393624218225,0.9706534611565826,0.9706548976936543,0.970655116054998,0.9708829318081985,0.9708889969369324,0.9708763998584266,0.970875586883008,0.970918987553035,0.9709322321956836,0.970917516806935,0.9709003050291876,0.9709283918212865,0.9709159990427342,0.9709378879296636,0.9701226817460148,0.970399537760412,0.9705496225216745,0.970595211666317,0.9758644171856514,0.9758727311565547,0.9758710307817378,0.9758753303658618,0.9758825637753068,0.9758753841685383,0.9757070476120413,0.9757884212782252,0.975753492812253,0.9758499940103633,0.9757093989835888,0.9757136144378298,0.9757137541644925,0.975445788694032,0.9754526794693089,0.975503860725472,0.9755705185750743,0.9755606770343044,0.9755557064649434,0.975775636097062,0.9758361316543109,0.9758090305941811,0.9757979549195067,0.9757872008770389,0.9757906055420497,0.9757971511577447,0.9757868263574591,0.9745358266163672,0.9745410860973299,0.9763302021352703,0.9764824327907755,0.9764183361150748,0.9763759482759095,0.9763355611722097,0.9761903558726238,0.9762197273803318,0.9761879345352048,0.9761573807656406,0.9761775864743002,0.9767890495602641,0.9767605084716756,0.9769201885124236,0.9769042138679566,0.9768406278173223,0.9764165752485922,0.976489122689971,0.9755114051708474,0.9755951328421362,0.9756940354441382,0.9756874786785721,0.9753878136008961,0.9752406844509601,0.9752943398128014,0.9752409824025225,0.9733725223462555,0.9734415105855524,0.9732987788282196,0.9732125517820789,0.9732988856528462,0.9731171301023628,0.9731958311901797,0.9731114865339902,0.9730817775147506,0.9733831503893718,0.9735618916480308,0.9729930936657406,0.9730551466217594,0.9730675594955348
285,0.9587769427770295,0.9585827309811685,0.9587137075342875,0.958359996317173,0.9564440965520271,0.9557914430042529,0.9549824179528091,0.9612104797236555,0.9615581226467307,0.9594698252893541,0.9592965274202572,0.9591709964224356,0.958889710077957,0.9574860941428311,0.9501067629942466,0.9500956626607832,0.9501355659827421,0.9501309271016553,0.9502328872140562,0.950240639732948,0.9502141594051656,0.9502075566803132,0.9502713564386408,0.950302856010953,0.9502731343841337,0.9502267185542589,0.9502950284723808,0.9502694730935496,0.9503006898714665,0.9477432786430768,0.9483506241336656,0.9483518907113342,0.9484775598516344,0.9491715441707456,0.948981936391647,0.9490367910615422,0.9449579717752985,0.9448579400006586,0.9449503703389377,0.9453545128334099,0.945480978637894,0.9458884464782616,0.9446262258047105,0.9162549786645918,0.9162549826791948,0.9162549886401181,0.9162549154146362,0.9162549181825026,0.9162549197231035,0.9162549181265627,0.9162549227538025,0.9162549272907342,0.916254921186356,0.9162548878614041,0.9162548923378345,0.9162548966543196,0.916254900696457,0.9162548895393451,0.916254884454741,0.9162548872736563,0.9162548910330686,0.9162548936432093,0.9162549286084684,0.9162549165101216,0.9162549028001459,0.916254906631883,0.9162549138623549,0.9162549146174901,0.9162549179829209,0.9162549220092272,0.9162549250277141,0.9162549546370394,0.9162549205051109,0.9162549231377868,0.9162549213501143,0.9162549220155288,0.9162549182390843,0.9162549228020517,0.9162549231726674,0.9162549263853381,0.9162549276000723,0.9162549294327921,0.9162549262642,0.9162549236073618,0.9162549265678057,0.91625492881507,0.9162550007863766,0.9162549896159914,0.9162549928014968,0.9162549931725026,0.9162549967204021,0.9162549993263567,0.9162550003942704,0.9162550034479038,0.9162550071660411,0.9162550102235303,0.9162550117397894,0.9162550115359942,0.916255013968258,0.9162550143190684,0.9162550167473674
286,0.9341885105477941,0.934180473847921,0.933839761520466,0.9345078854666015,0.93255429204852,0.9317267429755115,0.9308741845530978,0.9379574761688204,0.9379117802796697,0.9379563571254926,0.9379671995959405,0.9379855748876654,0.9380071097153465,0.9392096960684295,0.93927698870942,0.9392316434676252,0.939147734076112,0.9391521537041816,0.9329546026344656,0.9329625706601062,0.9329384764616091,0.9329225272665825,0.9329844091744972,0.9327208526860553,0.9327072218145316,0.9326852505358411,0.9327194575123918,0.9327065506799718,0.9327309839938008,0.932200376260979,0.9320855287161608,0.9319817026709389,0.9319276630804133,0.9319524664294959,0.9319704975101933,0.9320615356561287,0.9110972697499683,0.9110910985184394,0.9110889692927022,0.9111336133744935,0.9111428736378672,0.9111663912338437,0.9109687917030401,0.9106934121125215,0.9106967758802886,0.9106970558436898,0.9105595596212218,0.9105613160177377,0.9105782844202727,0.9106060122634163,0.9106013532158381,0.9106000656232914,0.9105747808766094,0.9106104791922255,0.9105879055311485,0.9105806232216206,0.910574272807461,0.9105784554441522,0.9105818615593114,0.9105751768872312,0.9105767479823981,0.9105805532456583,0.9105809209704732,0.910629456676052,0.9106045197296715,0.9105898948681402,0.9079331845820127,0.9080097400697551,0.9080114697310895,0.9080384869671861,0.9080612461342883,0.9083844986811984,0.9081738410714509,0.9081590618397223,0.9080204757646677,0.9076098375357913,0.9076556494102171,0.9079692410125747,0.907437355201542,0.9080120442473305,0.9079652987442104,0.9079095007310628,0.9079127954005587,0.9080830108559066,0.9081668189604241,0.9081344758095529,0.9141886336657217,0.9170200683886318,0.9169287965242382,0.9171162799323521,0.917118458995557,0.9170047824460124,0.9170286796356183,0.9169228096200696,0.9170402499483812,0.9170722824715866,0.9166401847484824,0.9163943247718553,0.9171527032666507,0.9170680057051291,0.9170552944274284
287,0.90786418888735,0.9076515776088983,0.9076018543968728,0.9064926922386681,0.9057158743714345,0.9052040949550967,0.9046352731096896,0.907562895891652,0.9077639658139784,0.9081259787249674,0.9080614615792336,0.9079987541764692,0.9079029354466079,0.9095519457542182,0.9097034718220697,0.9096460335117167,0.9095204277337495,0.909509090863353,0.9031852999636788,0.9031782914693302,0.9031216778724582,0.9030621835640609,0.9030706383680656,0.9019961929410719,0.9019996384018175,0.902012521906354,0.9020423769138647,0.9020482434875604,0.9020367416202348,0.9020631677614012,0.9019612072022707,0.9019737665815897,0.9020183240329215,0.9020118216143059,0.9020225573491891,0.9022570003252225,0.9022029341750573,0.9022198462548549,0.9022033528397324,0.9021201734930638,0.9021097508221471,0.900968635230483,0.9008946768838102,0.9009115190839783,0.9009082557939488,0.9009076277316841,0.9010397256741333,0.9010385935493664,0.9010195680661102,0.9009919468217231,0.9010009342428204,0.9010001909811547,0.9010194499719806,0.9009923904979753,0.9010522912829828,0.9010510166617585,0.9010553759600421,0.9010557781464548,0.901054759073351,0.9010610546108585,0.9010602653789891,0.9010463209307285,0.901029749115897,0.9009958418503088,0.9010182111066063,0.9010406065010673,0.9003212021711705,0.9002947535427152,0.9003038410131057,0.9002905796163304,0.900294661999563,0.900274933368768,0.9003524213012047,0.9003620770840834,0.900404811288275,0.9003760007814732,0.9003669052930058,0.9002775211110219,0.9056789937624167,0.9052228886054109,0.9052577085240648,0.9052992412946486,0.9053004675141283,0.9051651802344004,0.9050991628084485,0.905072720622722,0.9049662715515485,0.9040981252783767,0.904126476612338,0.9040673307200272,0.9038967137949698,0.9039296195041638,0.9039189996589917,0.9039452411142552,0.9039046505801372,0.9039635534006917,0.9040998872088943,0.9041740387288517,0.9039286308285743,0.9039562778435328,0.903940559472038
288,0.8660242238509402,0.8659449800805111,0.8659242349422981,0.8655360282932818,0.865518130429239,0.8654913939986335,0.8654412996845816,0.8654262671860347,0.8655379944277755,0.8655833538784447,0.8655527375811847,0.8655263795962652,0.8654839041679091,0.8685526662839205,0.8684204593555798,0.8684412562127924,0.8684762530927216,0.8684645217632353,0.8697448369514038,0.8697431751949741,0.8697073743932504,0.8696400301070821,0.8696611464238069,0.8696684723612746,0.8696396223063781,0.8696003134244089,0.8699016307886371,0.8698792135526058,0.8698887325807366,0.869889663643407,0.8703302565261664,0.8703881042273955,0.8708542581290917,0.8708349856387114,0.8707787376439661,0.8642975889852688,0.864754956235556,0.8646268396775054,0.869925827447566,0.8699509250618734,0.8699542125843404,0.8698107538240356,0.8698164011749632,0.869811202791159,0.869810247076924,0.8698100837856673,0.8698245502494908,0.8698251683443848,0.8698267939099755,0.8698264973846157,0.8698296725993332,0.8698288275336609,0.8698302386151697,0.8698314322018366,0.8698606272295355,0.8698511835651433,0.8698510609563738,0.8698508660162729,0.8698519228898697,0.8698523759087124,0.8698518882893401,0.8698462871028865,0.8698448466071677,0.8698432555741166,0.8698469204606846,0.8698548050004946,0.8698935416179864,0.8698960087181906,0.8698972053052263,0.8698961386240864,0.8699030743326581,0.8699047025412783,0.869907267510095,0.869909230933995,0.8699053008993349,0.8699043404591248,0.8699072924175849,0.8699065226243257,0.8698463668137798,0.8698160224403437,0.8698191694678092,0.8698227732152883,0.8698234476575248,0.8698097552741725,0.8698030653501236,0.8699789877643233,0.8699697792499728,0.8700623488985406,0.8700591081296979,0.8700655535841799,0.8700479074006439,0.8700436961050672,0.870044051737106,0.8700507771821453,0.8700527949296072,0.870102248755602,0.8700912756001108,0.8700845510132439,0.8701020435114541,0.8701000089811487,0.8700819249001847
289,0.8402983447098014,0.8395945235890323,0.8394048479772163,0.8355940638495492,0.8357667465956341,0.8357752128709353,0.8355016360494587,0.8357114881394088,0.8371924189000753,0.8373518272796237,0.8371364969958172,0.8369914472277188,0.8366870063768026,0.8350657584593346,0.83484800355021,0.8349194233171476,0.8350593701367017,0.8350378015783573,0.8356649209052536,0.8356706970170376,0.8355914381664112,0.8354545933785239,0.8355630180431858,0.8355594316381696,0.8354828548260278,0.8353578905316908,0.8358221408007587,0.8357552435770004,0.8358067454906013,0.8357650628755663,0.8373179818386642,0.8374484119781035,0.8406384434474319,0.8405907355066436,0.8403779463055602,0.8403677995923227,0.8407170507771532,0.840623714539827,0.8419395710666773,0.842181103094263,0.8422128095964954,0.842792438819581,0.8419523910986312,0.8418215727830587,0.8418007777842301,0.8417970782929934,0.8428336082671882,0.8428174591816572,0.8426500748527688,0.8424181167750143,0.8425127419840395,0.8425180203969417,0.8426501116285676,0.8423694181250785,0.8462959164545504,0.8462501121134086,0.8462817897850724,0.8462940429372311,0.8462716252982815,0.8463093120119984,0.8463102915438847,0.8462367667308006,0.8461864368156555,0.8459227640066459,0.8460551118053977,0.8462742646190308,0.8464048745973952,0.846637190228939,0.8466055687453601,0.8466569638736364,0.8467891207231947,0.8466845610838122,0.8464722530893766,0.8464815059333041,0.8462763746455577,0.8462907008124321,0.8463834562786939,0.8468661944545692,0.8466732507283129,0.847433427258286,0.8473730523000125,0.8472992725753505,0.847313383774351,0.8475110679911851,0.8476002484548246,0.8475049982915696,0.8474578269059146,0.8483863598639848,0.8483519572755345,0.8484200118421229,0.848428973484748,0.8483848582177151,0.8483883201107063,0.8484184627196794,0.8484464318679036,0.857176139091605,0.8571761368058067,0.8571761357236247,0.8571761380644967,0.8571761376170621,0.857176128593563
290,0.8399958638720691,0.8395999493207021,0.8395609703383013,0.8374443631090364,0.8375383700343879,0.8375359698532794,0.8373826709584651,0.8374954160709465,0.8382840106463797,0.8383753843304917,0.8382562262845398,0.8381753585196879,0.8380076023171208,0.8372832509405093,0.8371563328185456,0.8371955165852186,0.8372721572634326,0.8372596659068,0.8377036877219896,0.8377069793801244,0.8376607638527664,0.8375808871633319,0.8376429149812507,0.8376417650412644,0.8375973079248721,0.8375253346542628,0.8378111169056511,0.8377724497335809,0.837801989312595,0.8377786638786913,0.8386905567159799,0.8387663253211842,0.8405153836700331,0.8404859913524937,0.8403472410596521,0.839656638755192,0.8398850641444989,0.8398209732340224,0.840926336548176,0.8410860859057384,0.8411075335056134,0.8414772957603637,0.8409303312033779,0.8408478786971536,0.8408354212072345,0.840833400280185,0.8414818247938353,0.8414713021525374,0.841364127898113,0.8412164672903617,0.8412718053900786,0.8412766022288453,0.8413581222675225,0.8411712677061046,0.8433938068832044,0.8433615595303668,0.8433869797796018,0.8433952038072213,0.8433746767752063,0.8434030715129189,0.8434054018687156,0.8433644838970686,0.8433291115572755,0.8431188397214712,0.843215960962946,0.8433475156466728,0.8434353219207096,0.8436083741176362,0.8435844838010493,0.8436257817418777,0.8437091585892766,0.8436329407006049,0.8434517051986639,0.8434556806203369,0.8432970148423375,0.843310527925051,0.8433785472569998,0.8437505416827806,0.8436190953253513,0.8442223732766991,0.8441753412196782,0.8441180391658578,0.8441264464124894,0.844285621190735,0.8443587623852223,0.8442953540332658,0.8442716991369339,0.8450464662388423,0.845019537226515,0.8450736991636281,0.8450890068649443,0.8450552245135008,0.845060206231733,0.8451461366855607,0.8451727836212138,0.8504709166250574,0.8504415942973395,0.8504250790263939,0.8504788479152802,0.8504730500854761,0.8503565901091557
291,0.8104187054455082,0.8099415052494825,0.7936223822266495,0.7896032294051858,0.7897110462450445,0.7895570156138872,0.78915737375342,0.7893543440978131,0.800098625096957,0.8001775191852466,0.8000798834341877,0.8000133000337107,0.7998734242597031,0.7988570375064191,0.7987720594933102,0.7987936506534953,0.798833454252813,0.7988244576047874,0.7990387571532838,0.7990396155600296,0.7990073275949647,0.7989905919081661,0.79902497610787,0.7990217155049635,0.7989925987671346,0.798947881862939,0.7946199511455402,0.7945457141073219,0.7946128251706432,0.79454965685715,0.7961385045584444,0.7962152671058464,0.8059501437497066,0.805938600931523,0.8058545528768906,0.8061805345109063,0.8062322879061682,0.8061971043727562,0.8062637562447615,0.8063822509640045,0.8063984451580269,0.8064990450924072,0.8061196316997192,0.8060558804011451,0.8060475807677164,0.8060468788631076,0.8064656570257481,0.8064596033622308,0.8063943495274751,0.8062996386681255,0.806172046517966,0.8061771262289451,0.8062252839016625,0.8060865312177777,0.8062680812288537,0.8062343612606395,0.8062509953959454,0.8062549080973657,0.8062419931182265,0.8062607267457806,0.8062624280270856,0.8061809506324205,0.8061598078179226,0.8060153239460408,0.8060816744468017,0.823164383295948,0.8231643818827094,0.8231643836932261,0.8231643817965785,0.8231643797748743,0.8231643838591718,0.8231643846137413,0.8231644039334505,0.823164402636761,0.8231644034047668,0.8231644019414112,0.8231644041789761,0.8231644024201027,0.8231644019333061,0.8231644015823909,0.8231644007957998,0.8231643996471748,0.823164401405178,0.8231644032029658,0.8231644018062715,0.8231644004891566,0.8231644001881829,0.823164400925459,0.8231643996628037,0.8231643992626503,0.8231643975690195,0.8231643965780879,0.8231643952136495,0.82316439400017,0.8231643922039371,0.8231643914060048,0.8231643913663552,0.8231643918110356,0.823164389343424,0.8231643893237667,0.8231643854451587
292,0.8156473664648012,0.8152646485069832,0.789389711058563,0.7855913036185498,0.7856445790560371,0.7854155134671259,0.7849745320732711,0.785153879219082,0.8009422746562603,0.8009562729096394,0.8009401825060716,0.8009282048965829,0.8009047522428088,0.8007189579468047,0.8007045621929775,0.8007066981780051,0.8007105019141391,0.8007087772986932,0.8007498366108661,0.8007495747848543,0.8007438644816005,0.800769961572428,0.8007745763874122,0.8007734576963954,0.8007684709195028,0.8007611878440375,0.7990741976503799,0.7990488659889665,0.7990730882881929,0.7990505848622923,0.7995697800787218,0.7995916373617967,0.80131399246166,0.8013073324279574,0.8012567722022246,0.8013572327591542,0.8013837705949052,0.8013638035957517,0.8013954522892942,0.8014649575333597,0.8014742265019256,0.8015276701053179,0.801301240456441,0.8012631352038437,0.8012584036513046,0.8012580491854353,0.8015045746480071,0.8015008171443888,0.8014625419459438,0.8014067387186963,0.8013597730049816,0.8013634226803319,0.8013913257926896,0.8013052325954605,0.801406915182615,0.8014046406908203,0.8014147723050284,0.8014169756170942,0.8014083990795978,0.8014193369904232,0.8014207312129942,0.8013891118866153,0.8013770879127846,0.8012877965125684,0.801326867055813,0.804206744106108,0.8042259476393123,0.8042867874693477,0.8042785957364597,0.8042940373217865,0.8043422408694155,0.804322404820374,0.804255264756407,0.8042554002769173,0.8041991943903382,0.8042061074404142,0.8042286380994984,0.8043485027127206,0.8043305252159605,0.8044958687878376,0.8044847918836747,0.8044710908082848,0.8044723911188805,0.8045108611385645,0.8045281934055016,0.8045214770229356,0.8045198639348661,0.8046771145768435,0.8046727496239231,0.8046817699463461,0.8046868473819034,0.8046815178602302,0.8046827634970186,0.8046775875494363,0.8046826237822359,0.8046974490710173,0.8046781594145053,0.8046664215215489,0.8047001522533573,0.804696544836787,0.8046566567826249
293,0.8230613214511412,0.8228885333818966,0.7793447510321571,0.7777912874432671,0.7777471596558573,0.7775439474949634,0.7772836425026529,0.7773452409408929,0.7874134521820831,0.7873732263541533,0.7874233947052496,0.7874426833867127,0.7875106978942342,0.7878354523377312,0.7878779513701909,0.787848793074778,0.7878030592132156,0.7878025365717448,0.7877427376089401,0.7877353317342564,0.7877459354524956,0.797439666553139,0.7974191966393666,0.7974134068712032,0.7974147125802267,0.797425295144702,0.7958299666492242,0.7958414483679984,0.7958190127631644,0.795833619238171,0.7955579923207422,0.7955763749592671,0.7952784145906396,0.7952796776638204,0.7953169029616618,0.7954030157106876,0.7954014805954573,0.7954134965016941,0.7954102189514574,0.7953295200084762,0.795317193351465,0.7952855017259577,0.795553322773628,0.7955819449333207,0.7955819973341473,0.795580504730825,0.7954125214282103,0.7954181069292122,0.795455341025168,0.7955052975985387,0.7993755728567431,0.799372693293575,0.7993455827843446,0.7994195199971115,0.799371070325727,0.7993614151335509,0.7993524561658268,0.799347129418817,0.7993551549663603,0.7993451650900196,0.7993443290172788,0.7991253822819723,0.7991419757551445,0.7992588172859157,0.7992073819217832,0.7990117732450781,0.7989870142868344,0.7988983927445792,0.7989124183491287,0.7988894810681487,0.7951429636421823,0.7951942215137447,0.7953366099072031,0.7953411027801667,0.7954600716575227,0.7954478602122167,0.7954012846309274,0.7951292883233149,0.7951689453784608,0.7947011944071875,0.794737284243465,0.7947812753689402,0.7947764779292504,0.7946480450032192,0.7945899910153654,0.7946128889030729,0.7946105892977153,0.7939465820128961,0.7939701857574747,0.7939236649973844,0.7938992631827948,0.7939283258531619,0.7939245116904055,0.7939513602756008,0.7939265237005357,0.793918166099685,0.794018540340013,0.7940754300310651,0.7939033193022977,0.7939231359322777,0.7939403324105545
294,0.8317098499804174,0.8315149770457549,0.7721334455914427,0.7716892327257835,0.7716485782718783,0.7715536785925039,0.7714533327245823,0.7714635933464014,0.7753085446658824,0.7752825345594591,0.7753095091823071,0.7753184534637757,0.7753557545271602,0.7755535644093459,0.7755774914150344,0.7755605564638085,0.7755374588903252,0.7755362613866432,0.77550073736351,0.7754957966235072,0.7755010097094156,0.7831751221197131,0.7831809710303367,0.7831801948873975,0.7831719152010267,0.7831615868967606,0.783327374269322,0.7833208301802891,0.7833240355911482,0.7833194510104092,0.7834815748471895,0.7835022651757297,0.7835456123270603,0.7835397407785009,0.7835137976250344,0.7835458940048456,0.7835659046235138,0.7835553881772299,0.7835663145563776,0.7835948268437144,0.7835977027327613,0.7836299917755751,0.7835432979676329,0.7835298664952525,0.7835264497565826,0.783525019737868,0.7836708838080685,0.7836686800501014,0.7836466849851037,0.7836178958337296,0.7838111077860729,0.7838092125551135,0.7838290891348839,0.783808411437732,0.7838412251108174,0.7838423296993903,0.7838452473488847,0.7838554876069468,0.7838556036805593,0.7838617711380199,0.783859306266393,0.7774949202046315,0.7774915384390166,0.777420510034973,0.7774275218727205,0.7773745496620329,0.7773879405557249,0.7774220482037152,0.7774166158269787,0.7774333324386274,0.7770709208632852,0.777042450523796,0.7769375955484188,0.7769330430383468,0.7768776131180211,0.7768856481266762,0.7768992503848076,0.7770285164002373,0.7770133578318661,0.7772616315979765,0.7772436608094714,0.777222609095511,0.7772180264640699,0.7772926796015881,0.7773306785411753,0.777322084191807,0.7773299843271617,0.7777307788331536,0.7777202495504676,0.7777439305984516,0.7777659323161518,0.777754144498018,0.7777604022996046,0.7777474442317215,0.7777695195553951,0.7777637947667468,0.7777008144834596,0.7776669083833032,0.7777850314311734,0.7777719370649593,0.7777706456823055
295,0.8341290264396019,0.833916759322865,0.7702286507521692,0.7700447773289195,0.7700163353931003,0.7699622335271269,0.7699105049915345,0.7699120182524755,0.7720926573914868,0.7720731091649813,0.7720934686730603,0.7721020191130537,0.772130580193344,0.7722784217751376,0.7722970659610138,0.7722861874083439,0.7722712285456467,0.7722710314059138,0.7722412633713852,0.7722383698884001,0.7722434303893319,0.776678384446462,0.7766787813155563,0.7766781839747094,0.7766758572123007,0.7766733596321769,0.7767012947171901,0.776699802690216,0.7766998202135946,0.776699475651086,0.7767379668358034,0.7767480450974297,0.7767367183524744,0.7767342055911566,0.7767287117418362,0.7767367404102014,0.7767462982945994,0.7767438971469488,0.7767450648118145,0.7767480893027514,0.7767478005943121,0.7767577382461774,0.7767496507980536,0.7767481900002924,0.7767468478878314,0.7767459320915254,0.7767907351901314,0.7767901309695298,0.7767849898256942,0.7767788614513412,0.776863094545372,0.7768606911272964,0.7768672593744783,0.7768776706224484,0.7768845989788732,0.7768833458250907,0.7768822742861042,0.7768899180724983,0.7768927779006262,0.7768938384504299,0.7768913667087404,0.7726331906176841,0.7726299596114762,0.7725748963797303,0.7725837748638869,0.7725334934776736,0.7725440971190743,0.7725722776855075,0.7725671000822802,0.772579719808828,0.7722272856287848,0.7722045421658305,0.7721312909734112,0.7721270196197771,0.772083181715011,0.7720883673222446,0.7721007685385088,0.7722021900570265,0.7721895167136272,0.7723815613822622,0.7723675153602706,0.7723507892257114,0.7723486510268068,0.7724054099185033,0.7724329545918072,0.7724256434648679,0.7724314952603751,0.7727222154817587,0.7727142800410218,0.7727312842228158,0.7727454584302803,0.772736587996558,0.7727402457384498,0.7727306190035366,0.7727452934822288,0.7727397147358941,0.7726957013162982,0.7726718840659659,0.7727536301531083,0.7727445377110468,0.7727398892812991
296,1.0090525985487497,1.009964234953929,1.009781229283645,1.067106783957286,1.06715952121388,1.0906029533133366,1.0797298198956675,1.0797225864853222,1.0798486839075603,1.080173563628025,1.0800991822268298,1.0801814093782363,1.0797990440682195,1.0795382091973211,1.0795398955883297,1.079481244733819,1.1042238172744294,1.104066332889552,1.104395326176137,1.1044399563178369,1.1043276896179912,1.1043362442242202,1.1046645637064083,1.104723589779098,1.1046003536296656,1.1046963264291498,1.1048881330002798,1.1047823537071648,1.1049466940294979,1.1047947416286663,1.088357208642992,1.0556623741389422,1.0559344604664085,1.0559188001094861,1.055670244344353,1.0557018370751918,1.0557612710589137,1.0556773873152443,1.055758008783728,1.0561383118808425,1.0562157261064673,1.0565142511043977,1.0559157230068021,1.055781683202948,1.055777525499229,1.0557752183349518,1.056800264183866,1.0568727171125316,1.0566340269009176,1.0563357963452564,1.056373098701746,1.0563934292167148,1.05562012374982,0.9587087787995249,0.9587087916259509,0.9587088055951379,0.9587088184154454,0.95870882109996,0.9587088037441164,0.9587088124625894,0.9587088248160534,0.9587088351311321,0.9587088433116381,0.9587088361070202,0.9587087807695243,0.9587087881206887,0.9587087947423956,0.9587087744337164,0.9587087842466148,0.9587087934998132,0.958708799895922,0.95870879808005,0.958708705168258,0.9587087118236366,0.9587086592349755,0.9587086658821706,0.9587086542426393,0.9587086569428752,0.9587086594677057,0.9587086520092141,0.9587086561126696,0.9587086620142184,0.9587087129926326,0.9587089272419783,0.9587089322711785,0.958708942478724,0.9587089437656223,0.9587088954291745,0.958708904757986,0.9587089049823014,0.9587089142512015,0.9587089220153405,0.9587089305839219,0.9587089396528975,0.9587089495435913,0.9587089580221044,0.9587089632602521,0.9587089638959804,0.9587089689808515,0.9587089705450736,0.9587089774192763
297,0.9923050318701941,0.9922479644153978,0.9934725675213976,1.010011002848443,1.0101116917742174,1.0223938270167583,1.019045746413365,1.0190151629109925,1.0193941144043592,1.019291832472505,1.0190555073606709,1.0189880729306136,1.0185879574691457,1.0177392704638568,1.0178539518842398,1.019029920743649,1.020087649944823,1.0199409905409942,1.0201655080340635,1.0202012220044545,1.0201328888504584,1.0201394774340042,1.0203793178508873,1.0204237120584885,1.0203381294842238,1.0202551532242545,1.0203851206917167,1.020316216974428,1.020434600932911,1.0203348419947034,1.0188723363136418,0.9914939673833263,0.9917751706002543,0.9916090482224614,0.9913588015491643,0.9913855544998623,0.991400110994866,0.9913190765438947,0.9914044022153313,0.9974878652952681,0.9975288170192523,0.9975046591347182,0.9978075764328084,0.9979231247365585,0.9979428190453883,0.9979421766036628,0.997362892178357,0.9973728008546351,0.9974074080967611,0.9974988563746289,0.9974802999366867,0.9974701195917246,0.9447816223759185,0.9447815624072112,0.9447815659027488,0.9447815717997105,0.9447815774385036,0.9447815464295476,0.9447815386046255,0.9447815420386821,0.9447815482490145,0.9447815536243053,0.9447815588584686,0.9447815575053977,0.944781526292997,0.9447815277374415,0.9447815292568907,0.9447815435559032,0.944781550251626,0.9447815523679598,0.9447815533042857,0.9447815568421275,0.9447814958731747,0.944781496575003,0.9447815111449618,0.9447815138817004,0.9447815037924048,0.9447814855959102,0.9447814896215684,0.94478155133445,0.9447815565063736,0.9447815634260133,0.9447815549217837,0.9447815406629928,0.9447815406661619,0.9447815458749497,0.9447815464740598,0.9447815052112796,0.9447815097075379,0.9447815084525164,0.9447815114545172,0.9447815154463018,0.9447815188021049,0.9447815232855988,0.9447815265300786,0.9447815297466202,0.9447815328676085,0.9447815351263982,0.9447815306425286,0.9447815318826441,0.9447815347996446
298,1.0166693371495026,1.016496694539332,1.017259391235023,1.0189837304827245,1.0190117210074197,1.0214215128757826,1.0218778689161554,1.0219120322671598,1.0222162133735595,1.0213445887680253,1.0211718057804466,1.0211151908155445,1.0208885240732317,1.0201690756530404,1.0201641907888714,1.0210616385426636,1.0210742332912879,1.0210691849878923,1.0212076836768806,1.0212245252323333,1.0211863825930458,1.0211900568102752,1.0213180134688316,1.021341992116467,1.0212929704791154,1.0212093911357607,1.0212834814560825,1.021236819124976,1.021299634885851,1.0212466542463685,1.0221203901205274,1.0209452787320612,1.021112138298253,1.021739911833498,1.021574968996643,1.0215956088796652,1.0216238063746534,1.0215643425192509,1.021622616909732,1.0240086301784872,1.023805000712608,1.0239534479332497,1.0230971673322333,1.023001931494045,1.0229905927757632,1.022989598721005,1.0238317015647262,1.0238187452205851,1.023673954960057,1.0234699150261692,1.0234989748716812,1.0235170863247907,1.0214961738608141,1.0212084337926441,1.0213139597057412,1.0213641252826322,1.021401401180902,1.021452997073839,1.021408791494973,1.0214473522697907,1.021461343580725,1.0214527465407097,1.0213421193011196,1.0210221250068012,1.021147232944055,1.021236740173169,1.0212976806082736,1.021208035574785,1.0211808925257664,1.0212506401979418,1.021309538654353,1.0212257588196019,0.9844268615755786,0.9845411199445937,0.9836824042435098,0.9837841016708733,0.9841024190837894,0.9859882915809444,0.9857342950021621,1.002360841647108,1.002208532734959,1.00202001970335,1.0020325518469757,1.0025765901799455,1.0028209060914495,1.0027371174793744,1.0027497132427403,1.004973151436332,1.0049129407541346,1.0050360129666727,1.0051123106833009,1.0050406161717904,1.005042828413993,1.0049754548241936,1.0050502513818,1.0050706988619056,1.0047921112769913,1.0046274395840196,1.004947518196883,1.004893074849547,1.0048851549170523
299,0.9979782796509877,0.9983373179871972,0.9976555217492127,1.0024095418079566,1.0014270493377073,1.002845253993584,1.003566955759553,1.004927470275528,1.0050576356732137,0.9995607107550394,0.9993659773577512,0.999269137290824,0.9989824279178974,0.9977990316007281,0.9927886831570979,0.9930321880359423,0.9929661170263894,0.9929710413531809,0.993224092204806,0.9932298583655945,0.9932235653340699,0.9932217846549358,0.9932570993250998,0.9932694716681018,0.9932624187049469,0.9932759229415072,0.9932962148288438,0.9932940946561746,0.993312521485476,0.9923958439214944,0.9922297057105001,0.992409706209541,0.9924003319692635,1.004228232526042,1.0043065921972947,1.0042958465768628,1.0042930505426229,1.0043242145591822,1.004295981730422,1.0041165414175552,1.003806104965927,1.0037291245975029,1.0040180338447418,1.0043307529832026,1.0043357494413638,1.0043357590291278,1.004050561013185,1.0040586320497549,1.0041124287868126,1.0041820295767216,1.0041718331026173,1.0041663057819579,1.0044346704328675,1.004471941786997,1.0044475775916284,1.0044369064465366,1.0044252927726074,1.004447181833254,1.0044522664980922,1.0044419679449077,1.003683544943812,1.0036878644350935,1.0036826596247368,1.0037343939694559,1.0037094594912788,1.003696164278707,1.0036757612179346,1.0035646787794599,1.0035915896855307,1.0035808588498571,1.0035686045584298,1.0036154581722652,0.9950930943410193,0.9949395789091209,0.9955843445552999,0.9955120884994589,0.995264767314448,0.9937143619302343,0.9939425016073751,0.9897356422321479,0.9899444808184693,0.9901957573803606,0.9901862382452459,0.9894153613690062,0.9890588331180901,0.9891836752243366,0.989163855879506,0.9852075763976244,0.9853371474037587,0.9850697475515752,0.9849041020576603,0.9850629072003805,0.9848650855613341,0.9850136301816885,0.9848496480428801,0.9847986561156213,0.985332273472812,0.985681920397688,0.9858029449709903,0.9859204381028873,0.9859401926145154
300,0.9513381712280268,0.9513626022634308,0.9510440532204447,0.9522679742835949,0.9500979262208102,0.9494404500563777,0.948683331226198,0.9553588545588831,0.9555714319958752,0.9540835243722532,0.9539812589594423,0.953922551774475,0.9537564207786597,0.9530054387804313,0.9487147064558977,0.9487150047898034,0.9487711800337658,0.9487704481956523,0.9477053361590799,0.9477169532128804,0.9476958401513357,0.9476921198113428,0.9477728609409597,0.9477961551846029,0.9477682674002422,0.9477235854814727,0.9477803630269108,0.9477551510593419,0.947794468444064,0.9452087049186386,0.9455034280568158,0.9454231064305719,0.9454706771741157,0.9458899084994885,0.9457728574738431,0.9458137360609697,0.93614588644391,0.9360808456485723,0.9361380065810786,0.9364348116696424,0.9365235194684671,0.9368636445648258,0.9359774617578853,0.92014024489786,0.920134381481452,0.9201344398073064,0.9207268499799024,0.9207127122845161,0.9205934256243972,0.920438130699445,0.920458581807479,0.9204757391263113,0.9205171521401803,0.9202456057390339,0.9203022985907355,0.9203391462838763,0.9203665431320922,0.9203860400776706,0.9203517502709453,0.9203772185288204,0.9203922279491796,0.9203938828485249,0.9208634136854272,0.9205292586110972,0.9206449236237922,0.9207297972183678,0.9211228059918557,0.9213228558402494,0.9213057070963054,0.9213751513815561,0.9214294426459262,0.9261424497844939,0.9259910664726161,0.9259655201545373,0.9259013868243012,0.9256876051510576,0.9257008755793545,0.9258619257985563,0.925833849336799,0.9263103386415587,0.926268653020184,0.9262197046006031,0.9262212121473152,0.9263783656492469,0.9264596254895694,0.9264357305612287,0.9417413410117862,0.9422818329541809,0.9422614343001113,0.9423036688869099,0.9423344979420528,0.9423095502682637,0.9422847137997452,0.9422615259099659,0.9422900319111941,0.9422897219713081,0.9421914723766721,0.9421400069467905,0.9423107344796466,0.942290988844946,0.9422918729657829
301,0.9346109126672019,0.934682445563096,0.9342149221494241,0.9354725608803598,0.9334365744456685,0.9326394707731435,0.9318342963494493,0.9387155873192697,0.9386526014037703,0.9386419301623748,0.9386574155635513,0.9386814938732828,0.9387103393002578,0.9399919610688576,0.939962214480126,0.9399146596160822,0.9398295032670401,0.9398351620964503,0.9332512748088831,0.9332596474555866,0.9332385974464192,0.9332238870512228,0.9332850080036398,0.9330436188427547,0.9330316261037559,0.9330136982428553,0.9330439705213284,0.9330327691733777,0.9330570383098084,0.9323972173563592,0.9322094526125053,0.932089514689701,0.9320197601946136,0.9320562808566821,0.9320810680954772,0.9321718740928897,0.9084390470612432,0.9084319849144028,0.9084303355337703,0.9084814339847644,0.9084922101792495,0.9085150905051479,0.9083073459684231,0.907759939932009,0.9077633225460527,0.9077636664465087,0.907643593942981,0.9076447184280404,0.9076574622862722,0.9076799581494845,0.9076756610993632,0.9076753218440001,0.9076502660884036,0.9076746533356715,0.907651697049913,0.9076462342053878,0.907640872389661,0.9076460737599878,0.907647813407993,0.9076418236214567,0.9076439761413712,0.9076489581685045,0.9076603796964868,0.9076978657300052,0.9076756283045361,0.9076629392224107,0.9053392576163906,0.9053893699233213,0.9053931265402475,0.9054141506291947,0.9054304345299566,0.9060445185739566,0.9058571509864496,0.9058407028625174,0.9057256766094541,0.9053142118019601,0.9053498703240548,0.905612083944677,0.9051538274787004,0.9056605801102131,0.9056183895217116,0.9055682787320385,0.9055708402109209,0.9057258974680502,0.9058031601446093,0.905774518070672,0.9123223523229063,0.9149733420310632,0.9148881289832973,0.9150631966213839,0.9150629004869836,0.9149569631405876,0.9149792408152062,0.9148805775517118,0.914990708760771,0.9150179167605775,0.9146139754396648,0.914384377367706,0.9150942399093902,0.9150150264944892,0.9150042288587062
302,0.9185561694749794,0.9186711345215474,0.9181821258880462,0.9194405214624449,0.9179284196220541,0.9172945914665647,0.9167011938758828,0.9211306201678284,0.9210468344827711,0.9214191637781738,0.9214257854128757,0.9214333789979442,0.9214492986283079,0.9245002714032732,0.9249051201056235,0.9248409455389431,0.924703846268804,0.9247036137921086,0.91339514775674,0.9134022974881172,0.9133454576337553,0.9133042586677064,0.9133892467405313,0.9125600470322115,0.912541726892569,0.9125066456270685,0.9125439573321985,0.9125256870638987,0.9125543725466891,0.9124350118614161,0.9126138443299285,0.9125359505394596,0.9124999211092553,0.9125032046291767,0.9124855217537836,0.9126521164660186,0.9010939810037656,0.9011546882682537,0.9010416958591683,0.9008195433194797,0.9007899975771283,0.8987181878259903,0.8990758659591599,0.8997290426408812,0.8997373003083413,0.8997380288347705,0.8992774103622064,0.899286349316576,0.8993620837231818,0.8994681548425533,0.8994507402350633,0.8994435036287781,0.8993791970223924,0.89952600093588,0.8994380671177884,0.8994116614258537,0.8993910159729358,0.8993909581604942,0.899407527578005,0.899386056397018,0.8993839230643493,0.8993951626246242,0.8993914927673528,0.8995688801578151,0.8994907946008224,0.8994361127013735,0.8877842330483348,0.8878611251231944,0.8878555400137828,0.8878777588429001,0.8878948992154003,0.8875154783412039,0.8874192453245907,0.8874160471475172,0.8873411994078547,0.887099232304458,0.8871265067273804,0.8872810057474158,0.8885026231512939,0.8887144019083798,0.8887014628424088,0.8886851969872653,0.8886859597082771,0.8887331375372616,0.8887539561071301,0.8887395610253358,0.8889974343904391,0.8893918893802932,0.8893817685980345,0.8894024551586305,0.8892777419396654,0.88926461408664,0.8892679580976556,0.8892560250175795,0.8892714646915522,0.8892588929068167,0.8892045150049638,0.889173403886892,0.8892709816568137,0.8892605590323693,0.8892635607291351
303,0.895016750753895,0.89491281195519,0.8948970376042058,0.8943262226628289,0.8941255016826849,0.8939659464904638,0.8937780902476694,0.8945713370828017,0.8946910405899721,0.8948172686152314,0.8947853311265879,0.8947546489077459,0.894707250675237,0.8952874530071256,0.8953145975360052,0.8952918554762046,0.8952430239126493,0.8952375978902304,0.8934144721073148,0.8934081182684201,0.8933914109289467,0.8933631545214324,0.8933416447813579,0.8930508911838085,0.8930552151624265,0.8930718851700937,0.893116603325938,0.8931241124648874,0.8931085510999733,0.8931378023641526,0.8929986590673036,0.8930200426756798,0.8931035440209562,0.8930951410962725,0.8931124252067175,0.8934541800392458,0.8935984947536227,0.8936125234556113,0.8936316845221086,0.8935504647066654,0.8935402684587594,0.8923480743418527,0.8923311537501755,0.8923448368121264,0.8923421108838198,0.89234125816392,0.8924274996967979,0.8924272196648597,0.8924142341322869,0.8923971543649597,0.8924071541521079,0.8924039002972143,0.8924217176775705,0.8924236461156762,0.8925138309199948,0.8925061420808157,0.8925078343095406,0.8925075217908948,0.8925106687551196,0.8925152796791372,0.892513163416881,0.8924933102324859,0.8924769632035403,0.8924698782533105,0.8924850376849905,0.892508459733971,0.8922776163234958,0.8922630104098399,0.8922705742982161,0.8922591262886163,0.892272202563051,0.8922497930542067,0.8923261467131263,0.892338173000638,0.8923787270499572,0.8923515352116099,0.8923446017315009,0.8922706897891025,0.8963267752495927,0.8965874797528947,0.8965660404658113,0.8965397911896844,0.8965460548555128,0.8966115616472716,0.8966407736456704,0.8965931029934786,0.8965056684952846,0.8966989265570959,0.8966921520764127,0.896704971161574,0.8965916065354669,0.8965817369063522,0.8965801719860411,0.8965594306816684,0.8965607509150086,0.8966875759231981,0.8966657104924088,0.8966490294593602,0.8966790365777164,0.8966757032663853,0.8966435282104221
304,0.847055665132588,0.8469160757488637,0.8469336258866269,0.8462107968823481,0.8462240871716845,0.8462076699746338,0.8461432817090236,0.8461630654189678,0.8463920568900845,0.8464370662941363,0.8463918121239724,0.8463577399419,0.8462944918573452,0.8475624248513111,0.8474606375671122,0.8474853455849131,0.8475316356093948,0.8475221904471051,0.8482696385750278,0.8482711525892475,0.8482377071528903,0.8481816915643454,0.8482203342667451,0.8482259692065945,0.8481951119004109,0.8481467169751152,0.8484023687348196,0.8483760291153605,0.8483945298349729,0.848384322250898,0.8489821330186978,0.8490360007366332,0.8496458547201586,0.8496243483917559,0.8495299424781393,0.8445934553901654,0.844878781971015,0.8447879723509009,0.847122758635277,0.8472796892083608,0.8473015871518083,0.847630859683499,0.8471379208115493,0.8470669145719237,0.8470574740227145,0.8470563299936231,0.8475955383838143,0.8475861998507767,0.8474939411708359,0.8473672828991208,0.8474043035313022,0.8474111019011153,0.847476109633853,0.8472998079907733,0.8480955692087657,0.848089862986409,0.848114015355556,0.8481206037847644,0.8480997232498638,0.8481257073390188,0.8481288229186112,0.8480977420259436,0.8480674870262411,0.8478702113403088,0.8479561585052073,0.8480604269702093,0.8481385043098123,0.8482957484430776,0.8482747323284253,0.8483140872598781,0.8483866967834256,0.8483219969095128,0.8481398531138503,0.848142114107429,0.8479953284591665,0.8480100558912667,0.8480706984400902,0.8484153721983873,0.848285237281118,0.8488537831803395,0.8488103226037472,0.8487574045746475,0.8487638930329262,0.8489130724387403,0.8489825509540603,0.8489437071794453,0.8489285424253706,0.8496888382506652,0.8496637560987185,0.8497147827611369,0.8497272686232837,0.8496963324028217,0.8497027234328409,0.8500272463729631,0.850051893188818,0.8535682513094363,0.8534885812911701,0.8534427412013021,0.8535841303705654,0.8535686000698611,0.8533547904564396
305,0.8257273328037441,0.824610561930881,0.8233115664545079,0.8170446160315923,0.8173542572918356,0.8174686816983555,0.8170684806699972,0.8173755503434518,0.8206849616242557,0.820933489865034,0.8205629223101232,0.8203343914521044,0.819808624670258,0.8169170508384734,0.8165647662920333,0.8167213654022201,0.8170217766560625,0.8169904532683403,0.8176694844095789,0.8176869146953166,0.8175633803975821,0.8172919316020405,0.8175044459610176,0.8175168117066629,0.8173899532993522,0.8171695802879448,0.8176598278320273,0.8175422252654395,0.8176465936575928,0.8175535689777891,0.8201388974709048,0.8202975010103005,0.8292650642987022,0.82921808656047,0.8289699306704871,0.8299929474865837,0.8302588910782907,0.8301595435063722,0.830619384075024,0.8309214892657921,0.8309600552009908,0.8314519943965503,0.8304228505640475,0.830249868512042,0.8302244052280937,0.8302204470001657,0.8314725670951681,0.8314539580775494,0.8312607801235878,0.830984768335408,0.831108726919873,0.8311178429227175,0.8312683597049881,0.8309085137673573,0.842478316096646,0.8424783151600328,0.8424783139156509,0.8424783190619948,0.8424783209142714,0.8424783202693982,0.8424783188106804,0.842478316214381,0.8424783147363153,0.8424783141820995,0.8424783222086145,0.8424783240229138,0.8424783243994286,0.8424783280463869,0.8424783266359059,0.8424783260967951,0.8424783278673629,0.8424783271234008,0.8424783355399603,0.8424783348488408,0.8424783328575007,0.8424783322089737,0.8424783346143692,0.842478339033793,0.842478337258436,0.8424783448789752,0.8424783439019305,0.8424783425930319,0.8424783436438039,0.8424783464155405,0.8424783465254199,0.8424783451428742,0.8424783445984617,0.842478352721312,0.8424783518752219,0.8424783522432591,0.8424783515645513,0.8424783507508411,0.8424783501496773,0.8424783489319186,0.8424783483106842,0.842478381145988,0.8424783805705413,0.8424783802989835,0.8424783806300687,0.842478380526409,0.842478414973642
306,0.8081151530145845,0.8075643253268555,0.7960349576952218,0.7918826955235274,0.7920250986546221,0.7919299265084286,0.7915634271526599,0.7917660498295067,0.8000141372867757,0.8001251588960655,0.7999812407757037,0.7998883001144662,0.7996838391038108,0.7982797306397239,0.798155604569618,0.7981957097042135,0.7982701286178355,0.7982581156518497,0.7985463990554572,0.7985499410273734,0.798504128716235,0.798425807533885,0.7984854735975841,0.7984844372384216,0.7984412231914103,0.7983717312814879,0.7948350480813131,0.7947591403534465,0.7948264580647594,0.7947627413737933,0.7964271868109758,0.7965096757326187,0.8104699958255407,0.8104678524929735,0.8104499882535882,0.810711861934294,0.8107262235074009,0.8107166131856017,0.8107424031290558,0.810770973146433,0.8107754103197398,0.8108023191290692,0.810717466519556,0.8107016697347097,0.8106994560468649,0.8106993612876684,0.8107935315060892,0.8107927250159596,0.8107786880131521,0.8107575593214758,0.8106552696363714,0.8106557798580679,0.8106668482513246,0.8106381534843462,0.810615348224662,0.810570753257934,0.8105744614508931,0.8105745736976617,0.8105727359253537,0.8105774467928493,0.8105774946769287,0.8105373889565223,0.8105318141054617,0.8105008330855816,0.810516929763521,0.819410466274801,0.8194076008099634,0.8193986813871296,0.819400276969296,0.8193985397102698,0.8194905216898366,0.8194951610553552,0.8195066913933645,0.8195070645149398,0.8195217330677891,0.8195200873407685,0.8195141074467313,0.8194868490742475,0.8194901433976981,0.8194712416959878,0.8194716719541086,0.8194725286292807,0.819471835124632,0.819471115553536,0.8194724702666978,0.8194730048074607,0.8194738578877925,0.819518057383762,0.8195163777151652,0.8195205627903625,0.8195258942731765,0.8195238478412261,0.8195256152022594,0.8195231397429213,0.8195274886030479,0.8195185239639146,0.8195076610282581,0.8195023642797024,0.8195226894823548,0.8195203750675895,0.8196035069781578
307,0.8125623635805352,0.8123183332363185,0.7878148419651543,0.7852293485256159,0.7852490264769367,0.7850454266132318,0.7847120443498594,0.7848380465328494,0.7987025511791779,0.798676024026481,0.7987228605958496,0.7987542685893096,0.7988174935176914,0.7989373727224397,0.7989797318623121,0.7989652156623933,0.7989312146368748,0.7989369806792727,0.7988841313747242,0.798884048645926,0.7989025216606728,0.7994748566850417,0.7994712404366193,0.7994732881391284,0.7994840076737794,0.799494615729441,0.7937456744201726,0.7937140118288496,0.7937483654403787,0.7937178913412953,0.7943340173427221,0.7943388432754986,0.796859404800493,0.7968585647497325,0.7968176602280882,0.7969311764690391,0.796933377905182,0.7969175287572919,0.7969374538930478,0.7970040131622355,0.7970143295392006,0.7970389185701505,0.7968211588305545,0.7967833497625805,0.7967807510029261,0.7967819098266469,0.7969535985568378,0.7969511459994342,0.7969242562913024,0.7968810764846194,0.7968705644066291,0.7968797328564812,0.796901303012158,0.7967795459520983,0.7967618676003079,0.7967567106911093,0.7967692914721468,0.7967633056317487,0.7967492569828069,0.7967591883835962,0.7967640302179826,0.7968339592155899,0.796824939670698,0.7967160719904582,0.7967465743410551,0.8016435890920539,0.8016561432277327,0.8017002803629224,0.801695791547054,0.8017123305023883,0.8012283112648383,0.8012201978496124,0.8011438664628098,0.8011428189979463,0.8011061350470909,0.8011148156071825,0.8011227708813,0.8011921171867649,0.8011920530364165,0.8012706690873633,0.8012684083377414,0.8012659717844557,0.8012602869877516,0.8012765044596901,0.801287412325531,0.8012910111784424,0.8012985252088904,0.8013470438499233,0.801350366548251,0.801346880684289,0.8013566584030467,0.8013619684502075,0.8013667415200516,0.8013706922883065,0.8013780938008516,0.8013405922306701,0.8013363941714727,0.8013351632922509,0.8013528030889107,0.8013516504381742,0.8013831217212217
308,0.8167914312647723,0.8166313631399619,0.7830281333610143,0.7813970223426961,0.7813612595243439,0.781153730601326,0.7808861596438976,0.7809583378726037,0.7941987434005717,0.7941154895191047,0.794239209998199,0.7943146125866107,0.7944863233140153,0.7951991047385103,0.7953112253635645,0.7952653268632429,0.7951746032366205,0.795185498472867,0.7950043793339747,0.7949996249279971,0.7950421601010579,0.7990733312495586,0.799050549958102,0.7990525256486051,0.7990766746306938,0.7991090200101496,0.7939209959922888,0.7939490781072155,0.7939182233579241,0.7939450291324425,0.7933507760221055,0.7933270812141071,0.7927975305541402,0.7928062421903441,0.7928577204572799,0.7928785168908948,0.7928481954563643,0.7928670078746001,0.7928480346316368,0.7927778511061129,0.7927698640857899,0.792717464431572,0.7929514291366437,0.7929872153136923,0.792992061970388,0.7929931103864974,0.7927240325349146,0.7927292617728704,0.7927716876908418,0.792830948301039,0.7951847123503525,0.7951895228200925,0.7951650320149262,0.7951763335857643,0.7950733775686551,0.7950730275484514,0.7950701984916061,0.7950577447678756,0.7950559771187221,0.7950481331066201,0.7950517021676485,0.7954414751413851,0.7954509267595997,0.7954788390057447,0.7954453855730782,0.7952358960295264,0.7952393671800624,0.7952559895243804,0.7952543582870013,0.7952670051799025,0.7901068761371433,0.7900443116616702,0.7897930566911145,0.7897893149942973,0.789634440968194,0.7896575547613647,0.7897081070093629,0.7900656217926414,0.7900242041580738,0.790640414792909,0.7905967423266419,0.790544563789384,0.7905403669119365,0.790707613755552,0.79079112906295,0.7907706971182041,0.7907808139579113,0.7915978754717514,0.7915780830206728,0.7916231049415903,0.7916652610347179,0.7916426493434969,0.7916552585845681,0.791633081944136,0.7916718155356005,0.7916540572424752,0.7915384117621552,0.791472825796531,0.791688261518607,0.7916653401550828,0.7917050232018507
309,0.8299770011338514,0.8297895405134905,0.774743958560339,0.7734789860814966,0.7734429965294104,0.773286873967014,0.7730806860849774,0.7731236917473704,0.7788424720442012,0.7788409341832113,0.7788290790158267,0.7788029503366771,0.7787845711536644,0.7787675413872654,0.7787541841416101,0.7787383521238518,0.7787274400561001,0.7787181921830681,0.7787547887346146,0.7787456089619346,0.7787309972988333,0.788822646498943,0.788837963349673,0.7888334158531528,0.7888052790989465,0.7887733287679958,0.7894841232024998,0.7894628392662956,0.7894715096923056,0.7894552055222104,0.7899641700278889,0.7900276290533425,0.7902843902096892,0.7902681586520971,0.7901903855083702,0.7903191405307937,0.7903696912858375,0.790337700095142,0.79037738295254,0.7904565778248551,0.7904640055381165,0.7905496776846359,0.790310173906207,0.7902666060715551,0.7902563303082912,0.7902524895022021,0.7906695329320957,0.7906640635244226,0.790601862526564,0.7905179238194133,0.7912967394738796,0.7912941246399792,0.7913562899702558,0.7912506245208338,0.7913777521899829,0.7913819914568598,0.791396152879679,0.7914165193046655,0.7914101852501852,0.7914323709146802,0.7914289030534833,0.7847293491547797,0.7847305637983827,0.7847378926160828,0.7847329252365643,0.7847483350670215,0.7847467600421523,0.7847375916976177,0.7847402076051309,0.7847377102910408,0.7850437433400687,0.7850536215186241,0.7850731950992272,0.7850750816704135,0.7850929980192721,0.7850918606421363,0.7850847447490505,0.7850378182942644,0.7850448549120658,0.7849334990012506,0.7849436787391086,0.7849559167450455,0.7849539039413959,0.7849179195584667,0.784901461140929,0.7849085140098997,0.7849069449291833,0.7846729316251214,0.7846827832586581,0.784663704051197,0.7846540473142473,0.784666386695539,0.7846651760836193,0.7846762427811164,0.7846666554987942,0.784667514346357,0.784707996162584,0.784730152870714,0.7846620032231891,0.7846701255194038,0.7846726811041146
310,0.835875281487009,0.835666915875969,0.7711568572484622,0.7700431058130536,0.7700215903913464,0.7699165256562939,0.7697574760358589,0.7697830982716192,0.7719065916327086,0.7719358695132448,0.771863656650028,0.77179413459534,0.7716927826433798,0.7713635579360131,0.7712970548956529,0.7712948780956441,0.7713278347022658,0.7713088723184186,0.7714259047626755,0.7714138783169705,0.771375702590112,0.7744413149815428,0.7744805912070621,0.7744768277939023,0.7744298866636454,0.7743717781825415,0.775019757163644,0.774982254635909,0.7750032831788777,0.7749713412542186,0.7759094195925516,0.7760200009838558,0.7763631315376484,0.7763326784751131,0.7761840800827255,0.7763286412053345,0.7764147784927908,0.7763552383653902,0.7764111866794391,0.7765798326364385,0.7765949717894439,0.7767497485298213,0.7762337807418901,0.7761505452117496,0.7761318026542603,0.7761236045000685,0.7769581820425424,0.7769447953953188,0.7768171679725748,0.7766485907780772,0.7770645726060528,0.7770560181236565,0.7771610251055426,0.7770194546252303,0.7771779901353374,0.7771864179092955,0.7772053463722833,0.7772547350580653,0.7772481238251688,0.7772826115201444,0.7772731356573029,0.7717262726352965,0.7717128009402121,0.7716886865929153,0.7717434629492714,0.7717821873667234,0.7717892204288997,0.7718438807439064,0.7718321271234605,0.771834026168009,0.7720617894173722,0.7720502775968136,0.7720875249795005,0.7720867206299421,0.7720533936810446,0.7720493363785064,0.7720791556985592,0.7721626678524524,0.7721429421518631,0.7723048427573417,0.7722871711544058,0.7722642997868936,0.772280985785681,0.7723234519702332,0.7723354449127241,0.7723182969955494,0.7723096728863538,0.7725953952608515,0.7725762145743426,0.7726087035323702,0.7726096147674921,0.7725836046145577,0.7725790076434638,0.7725594236202444,0.7725600398983237,0.7725730790158061,0.772524032948232,0.7724946433302765,0.7725598022925834,0.7725511525923286,0.7725356627579428
311,1.0084343829826126,1.0080345645315152,1.0104499125128161,1.0239303222364673,1.0239882416227644,1.0371117226175322,1.0383163110246858,1.0383625669780712,1.0392000456694357,1.036760598820415,1.036308711807363,1.0361817145436796,1.0355988931714128,1.033764501197945,1.033918058346344,1.0378696804642726,1.0376730886651975,1.0376416585096833,1.0379608133906628,1.0379999139728178,1.0379053030929666,1.0379125497712987,1.0382103715659639,1.0382656210642365,1.0381480017256541,1.037957167434825,1.0381350973873353,1.0380274514558692,1.0381732489741353,1.0380623814014076,1.0400943876431574,1.0342868045132367,1.0349225224865275,1.0351529991543726,1.034562314897383,1.03463824847927,1.0347697794678195,1.0345544125395743,1.0347618007911508,1.0487860242654476,1.048655038459339,1.0489301162912277,1.047398721848411,1.0471842812980414,1.0471634093411857,1.0471613882945272,1.0486695195109654,1.0486470150159908,1.0483867493440207,1.048021757325729,1.0480732237322494,1.0481034821203092,1.0442725049642356,1.043536919682316,1.043814758532757,1.0439447714833663,1.0440463852937327,1.0441341903984946,1.0440248497706575,1.044127613576928,1.044165319257272,1.0441409144295053,1.0439980666729467,1.0431362311669463,1.0434815296442645,1.0437201595112262,1.043890263175155,1.0440943432049397,1.0440118461061854,1.0441890220940881,1.0443402696448332,1.0441005739428009,1.0171791327487945,1.0172198246378052,1.0168648624823964,1.0169061632837175,1.0170346344898247,1.017746100915781,1.0176550715023225,1.0339611413407395,1.0341025042246057,1.0342722629571643,1.0342891825998466,1.0336347766347833,1.033388505067485,1.0334715495957003,1.033461202170167,1.0308266135072213,1.030908838689522,1.0307391191999657,1.0306299266368055,1.0307292600105513,1.0307104104730613,1.0308040260082494,1.0306967039387553,1.0306665128934163,1.0327181255614089,1.0328908058563273,1.0332019772998529,1.0332796149616332,1.0332891985082262
312,1.0133772622907007,1.0136328957929037,1.0135428558681667,1.0210985940974648,1.020865814288087,1.025868652392252,1.0269479675022148,1.0270693094491201,1.0273689844457015,1.0242918913120298,1.024099416592791,1.024054340527541,1.0238116639642167,1.0229865330130197,1.0228169479961724,1.0247384518546945,1.0246110983868941,1.0246077030288232,1.024760974043842,1.0247750744421351,1.0247405208721962,1.0247419892342255,1.0248490264279455,1.0248693096315626,1.024828525392799,1.024775498604568,1.0248413472375164,1.0248059113449466,1.0248589504619197,1.02478514541855,1.0253024029521915,1.0240845060060717,1.024218553930634,1.0267621209527873,1.0265704805995008,1.0265980870733256,1.0266291717553795,1.0265593140831832,1.026626401859527,1.0300079688581274,1.0291018837511796,1.029313538485555,1.0280893464335088,1.0280130447483582,1.0279961018390702,1.0279942202062742,1.0292576129778737,1.0292406648643286,1.0290215012196426,1.0287143026962415,1.0287572707703774,1.028781864868271,1.0275289300287624,1.0269265199196405,1.0271179614544053,1.0272069526148895,1.0272755462050591,1.0273609714055845,1.0272828208392293,1.0273542997127776,1.0272988466671,1.0272805394019582,1.0269761438330853,1.0264196118312658,1.0266424781971473,1.0268006553725857,1.0269058323058406,1.0270330498502644,1.0269967241762723,1.0271168129811854,1.0272199321399436,1.027089108706616,0.9229047318619696,0.9229047392403601,0.9229047417675903,0.9229047502786885,0.9229047333156056,0.9229047267548505,0.9229047317172998,0.9229048252723087,0.9229048355493327,0.9229048494907808,0.9229048372391372,0.9229048059151971,0.9229048075320078,0.9229048191233447,0.9229048203352004,0.9229047356009938,0.9229047458664122,0.9229047436010523,0.922904751117169,0.9229047601431092,0.9229047693296103,0.9229047795610539,0.9229047876465516,0.9229047954291771,0.9229048143964964,0.922904817982872,0.9229048651963749,0.922904868140336,0.9229048755067945
313,0.9833418839005031,0.9840369835695041,0.982494431994231,0.9899970594071149,0.988252915509314,0.9896478827235438,0.9903099379812171,0.9925828044724615,0.9927310810851013,0.9853115342915121,0.9851093557480538,0.9849966666446355,0.9846878273489222,0.9832822673661087,0.9760287436278677,0.9760621099076732,0.976070335323291,0.976072838404341,0.9765454592658914,0.9765575007090243,0.976542108569946,0.976541740190769,0.9766209448395906,0.9766493637326674,0.9766267629061541,0.9766103712031956,0.9766521049492332,0.976634717633124,0.9766749355293876,0.9737170985934194,0.9740068282892015,0.9739950824341762,0.9740916468651394,0.9842634790211046,0.9841186075254277,0.9841362660951638,0.98391253289431,0.9838710687109495,0.9839103470178789,0.9840684300350722,0.9841331816365814,0.9842403128901714,0.9837151140546597,0.981491344689399,0.9815002939691422,0.9815005276906723,0.9810470148453843,0.9810571415919449,0.981132134337289,0.9812364383299265,0.9812204068740343,0.9812122891850399,0.9811299967024087,0.9812504911330883,0.9811911052548898,0.9811663248515323,0.9811432843810978,0.98116532074569,0.9811802097267611,0.9811581659911064,0.9810327132125002,0.9810396234008144,0.9900660200517168,0.990047801621981,0.9900531731038148,0.9900585089563311,0.9900498995699918,0.9900418626172577,0.9900304805445361,0.9900352374637934,0.9900382764453746,0.9897381690285354,0.9906771166424522,0.9906543432318411,0.9905955776843426,0.9906055900802413,0.9906246156131518,0.990726607439179,0.9907214415399733,0.9908896481169164,0.9908882483112076,0.9908853322754236,0.9908904874923797,0.990881578779693,0.9908811235648102,0.9908818604060479,0.9906375945615754,0.9904869851759495,0.9904943478449989,0.9904786934995908,0.9904701677612608,0.9904796343991283,0.9925371266060111,0.9925493448152833,0.9925368166423721,0.9925311507785883,0.9925761718054331,0.9926022911515217,0.9922175714436072,0.9922269380724387,0.99222959424474
314,0.942948695939316,0.9433375633920109,0.942285068945379,0.9461173474921007,0.9436323071186425,0.9430225955832335,0.9424075753805248,0.9484137029084865,0.948449440471756,0.9476206284011417,0.9475976492791028,0.9476022123012299,0.9475643996220512,0.9479479985210926,0.9461466016560611,0.9461236783307315,0.9461187698351149,0.9461237934839154,0.9415859676482644,0.9415963745436963,0.9415842426426406,0.9415769370313557,0.9416410935090899,0.9415872322586615,0.9415734607270105,0.9415582593567633,0.9415932420319958,0.941581696111619,0.9416108439259478,0.9394471084539578,0.9390930842144674,0.9389378870402026,0.9388530419417777,0.9390134335742617,0.9390319806171982,0.9390942562305379,0.9159170468150775,0.9159483297583255,0.9159152832210868,0.9158227900136947,0.9158326858492893,0.915971838901037,0.9163390830408861,0.9106748405188597,0.9106808689374899,0.9106813733368417,0.910488508991095,0.910490323791102,0.9105086249997276,0.9105428570746461,0.910535940192283,0.9105356122832952,0.9104862385858736,0.9105133180502825,0.9104769758482645,0.9104689631129866,0.9104604044898146,0.9104738230283393,0.910475277534153,0.9104657683623871,0.910471562557803,0.9104799498969035,0.9107878178758166,0.9107935169365355,0.9107774645559985,0.9107722738536937,0.9112070669699296,0.911161655163903,0.9111236628499416,0.9111242857377665,0.9111203428337525,0.9203386221759782,0.9203924342325955,0.9203698529184678,0.920452307739642,0.9203631439873731,0.9203051241200264,0.9200174982110682,0.9199973381786483,0.9196185200713852,0.9196439947255751,0.9196757747728306,0.9196728635186341,0.9195862553692827,0.9195507931190153,0.9195665130234186,0.9367709907564957,0.9361452239961766,0.9361641389717195,0.936125320404683,0.9360677926575072,0.9360903413194196,0.9360765974329802,0.9360975689806458,0.9360751626427917,0.9360651186709282,0.936149216393105,0.936198948474707,0.9360507334129018,0.9360672662516956,0.9360711925149009
315,0.9170716386594567,0.9171935940095134,0.916704832759147,0.917982807972307,0.9165297631565864,0.9159223484164783,0.9153589252950288,0.9195439364505563,0.919453875905475,0.9198285062486092,0.9198357345097501,0.9198433119704575,0.9198600123846195,0.9230679957056862,0.923468912543396,0.9234041758667669,0.9232653586407241,0.9232648690658147,0.9119257832751526,0.9119315070878868,0.9118766729145307,0.9118340527398566,0.9119091929555269,0.9110306147110632,0.9110171473780443,0.9109911944421598,0.911017195795246,0.9110035687877173,0.91102723833052,0.910928650656643,0.9110371753499593,0.9109590076060124,0.9109084056384174,0.9109162633187523,0.9109063729085677,0.9110728269827512,0.9010302006051585,0.9010924054800508,0.9009718679216888,0.9007472691492556,0.9007174666693073,0.8983436919226003,0.8986716887445453,0.8992498905756375,0.8992578609735755,0.8992586680517244,0.8988311811425711,0.8988393036422743,0.8989087635265723,0.8990061927390061,0.8989895833742442,0.8989836930419305,0.8989214868118748,0.8990504561622567,0.8989617907107678,0.8989380246402178,0.8989191634585136,0.8989199129224624,0.8989340270222813,0.8989139679131454,0.8989124672269827,0.8989250165100858,0.8989266065856635,0.8990878993279332,0.8990144340944249,0.8989625435256436,0.8879471150384514,0.8879570898265983,0.8879605605516491,0.8879652096433439,0.8879656899245278,0.8876868581069637,0.8876687248027358,0.8876651357207925,0.8876551521355672,0.8874416519836588,0.887444283762569,0.8874564597527584,0.8896961350144637,0.8897040341432773,0.8897073565763466,0.8897106367044327,0.8897099366956904,0.8896991950714016,0.8896923414073198,0.8896866448464533,0.8898613047846347,0.8898598812297015,0.8898631593177011,0.8898563140408594,0.889753651279034,0.8897585614747959,0.8897580606617606,0.8897628762630712,0.8897601109420235,0.8897407363979951,0.8897538209661294,0.8897612674087083,0.889741040612267,0.8897438762379268,0.889749504599347
316,0.897286250140505,0.8974887691563305,0.8971247537058774,0.8985423996218886,0.8979983473287824,0.8978235628325607,0.8977224530059583,0.8988270880155895,0.898616600858875,0.8987571358788713,0.8987948851464378,0.8988242031679385,0.8988824641287052,0.902729054145989,0.9029098309776654,0.9028621800785058,0.9027611882161072,0.9027621923782497,0.8977972014201239,0.897788318680893,0.8977899395661155,0.8977615455772578,0.8977051556237692,0.897256975218503,0.8972863038405376,0.8973480319971228,0.8973188641385239,0.8973491968820831,0.8973173419864582,0.8973501696561366,0.8966672252507033,0.8966130621924008,0.8964404858880358,0.8964664361767198,0.8965647437558643,0.896702827359708,0.8957805161653367,0.895856677680578,0.8957084793478934,0.8954300617311038,0.8953939161437359,0.8898433909838466,0.8900928219201671,0.8901808384177357,0.8901867095373974,0.8901873758830421,0.8899019780025301,0.8899068338928848,0.8899473293095307,0.8900081725282178,0.8899983913247318,0.8899947714477197,0.889954792052006,0.8900369182890141,0.8899622843339977,0.8899399054213826,0.8899274526187484,0.8899266662728342,0.889936115460139,0.8899228517595587,0.8899218012205236,0.8899288611831139,0.8899494964697823,0.8900632032627211,0.8900092541939069,0.8899730300592291,0.888508214426685,0.8883099148566351,0.8883454773215652,0.8882944734606828,0.888250988404812,0.8883361287610304,0.8885703778422562,0.8885708095871844,0.8887852540035575,0.8887542660929239,0.8886726955030122,0.8882300726475367,0.8983381440547488,0.8983322036358602,0.8983317210205296,0.8983313969476049,0.8983313474316439,0.8983327431156216,0.898335327557877,0.8985766696137643,0.8985547756104428,0.8987450920767243,0.8987400333725504,0.8987505146883883,0.8989016159591978,0.8988948104592891,0.8988970953390119,0.8988814099202639,0.8988893758365737,0.8988694480235332,0.8988413127884218,0.8988244403622723,0.8988749911014442,0.898869853493133,0.8988728046228845
317,0.8680782939196893,0.8679619687612843,0.8679802716825737,0.8673756572370769,0.8673703386831867,0.8673421475886297,0.8672760529288661,0.8672785774511974,0.8674379276574119,0.8674911991069251,0.8674502983636004,0.867416614469639,0.8673593954374174,0.8701911841205033,0.8700552627767539,0.8700747713807392,0.8701073678900283,0.8700950976165316,0.8713776225529903,0.8713753489851099,0.8713385090881871,0.8712696400154412,0.8712885943993373,0.8712928968651815,0.8712637460399062,0.8712248825443358,0.8715302579959533,0.8715080253407175,0.8715162562878273,0.8715189113403479,0.8719584964972855,0.8720209197114219,0.8725218418711443,0.8725010160301682,0.8724452193012228,0.8665722534268183,0.8670509899228074,0.8669266508121717,0.8718128697198312,0.8718486116758877,0.8718533056904197,0.8717129136187958,0.8717141929160165,0.871706002476757,0.8717040117305145,0.8717035548121695,0.8717451213381687,0.871745797463129,0.8717447672976001,0.8717401942806092,0.8717477049769716,0.8717457201107723,0.8717520226466958,0.8717546577369646,0.8718490790746513,0.871833681965925,0.8718340166203342,0.8718340416911244,0.8718360952826596,0.8718379259562855,0.8718367526658672,0.871823524302335,0.8718184162249856,0.871812914897119,0.871822386427153,0.871842362997609,0.871920101169582,0.8719326762241127,0.8719333589654116,0.8719329327582749,0.8719497791722863,0.8719455051833052,0.8719493755145993,0.8719539484900183,0.8719442368657441,0.8719414542115882,0.8719487935879796,0.8719607016802492,0.8718317208802864,0.8718076901436191,0.8718098802693237,0.8718122812044593,0.8718143965147424,0.8718010070747411,0.8717942975166149,0.8720539654757665,0.8720323453151076,0.8722177796146274,0.8722105658773767,0.8722248202140783,0.8721947252862964,0.8721852226144342,0.8721856284071866,0.8721710051781845,0.872175706864147,0.8723514042465874,0.872325667230884,0.8723099198033208,0.8723508139518118,0.8723460020835061,0.8723083147052744
318,0.8340469396075201,0.8339603332809115,0.8339738615406284,0.8334930812055811,0.8335183505350056,0.8335289850734315,0.833500265577161,0.8335233075226862,0.8337243627130084,0.8337441055019132,0.833714860859132,0.8336972965814907,0.8336560001901824,0.8334201022026362,0.8333932348607702,0.8334054591787232,0.8334287737896875,0.8334264885128083,0.8334829504877823,0.8334844706037934,0.8334750984257684,0.8334527462317554,0.8334696925165942,0.833470874409919,0.8334611046287929,0.8334439069311266,0.8335037446118457,0.8334949421351966,0.8335029459694436,0.8334960115778864,0.8336918199371111,0.8337026901089554,0.8343162460113002,0.8343121196471002,0.8342866356744421,0.8343614977967722,0.8343843854459532,0.8343750533524609,0.8344187495045547,0.8344490244391487,0.8344530344373525,0.8345044865410095,0.8344014392004458,0.834384999381936,0.8343828147551601,0.8343825668121486,0.8344983833222613,0.8344965444624939,0.8344781475493861,0.834451906432652,0.8344610557519994,0.8344624910906785,0.8344759407855317,0.8344385775103158,0.8352151541256572,0.8352381444971019,0.8352395631744008,0.8352394356482826,0.835237997136867,0.8352393128490139,0.8352396879396293,0.8352393524704708,0.8352381093935941,0.8352262382734474,0.8352304369478846,0.8352100370077987,0.8352131106424258,0.8352199249852879,0.8352192348077387,0.8352211477919269,0.8352246201396313,0.8352225150977235,0.8352116168124817,0.8352116916118553,0.8352041519035511,0.8352053614573031,0.8352080816507294,0.8352236471610932,0.8352192121715503,0.8352389054287065,0.835237778075597,0.8352363847157894,0.8352362894775952,0.8352404890021293,0.8352425478296911,0.8352393117705131,0.8352393694910579,0.8352515424191405,0.8352514706954802,0.8352517473829566,0.8352525590935302,0.83525254079695,0.8352528519839215,0.8352483910204018,0.8352489839784784,0.8355130642222843,0.8355280909024483,0.8355372146583335,0.8355114822676359,0.8355143385433313,0.8358595435127326
319,0.8042593139844529,0.8038932557412153,0.7940699034221942,0.7911622075274434,0.7912630983356509,0.791179880089234,0.7909127962176925,0.791057731921573,0.797729361842241,0.7978005814263612,0.7977140152994364,0.7976597551418529,0.7975351905200564,0.7965001801593828,0.7964277402482062,0.7964518399417849,0.7964932478474317,0.7964871825824267,0.7966731843652746,0.7966761109627729,0.7966509032969101,0.7966958336388951,0.7967347582810509,0.796734634625674,0.7967095239115148,0.7966668269208023,0.7927715865173689,0.7927193980896653,0.7927661052127565,0.7927219161426466,0.7938575761462039,0.7939057971038034,0.806460149531916,0.8064781222598668,0.8065992478316023,0.8067861218194248,0.8067238521518151,0.8067666899717887,0.8067100156441682,0.8065477767557718,0.806527264539191,0.8064006837646329,0.8069363573148369,0.8070152124349059,0.8070248798358322,0.8070261118813147,0.8064471918401013,0.8064582430072595,0.8065547338714264,0.8066888566250628,0.806537461214523,0.806527883999365,0.806461751457135,0.806662486860065,0.8062920976384201,0.8062221719393406,0.8061992191700118,0.806190338923037,0.8062121605934758,0.8061882836986781,0.806184774262517,0.8062083203895354,0.8062343286586631,0.8064321192131052,0.8063481460129679,0.8120932775545956,0.8120523756283813,0.8119278223608195,0.8119462974031663,0.8119163284937253,0.811971427962951,0.8120212151887318,0.8121567071518273,0.8121568752809033,0.812281966090348,0.8122686863827138,0.8122168660179097,0.8119426916474806,0.8119892830004841,0.8115951156786249,0.811623095956431,0.8116579100469777,0.8116521419376506,0.8115574700310195,0.8115176768098322,0.8115377418130204,0.8115447452093749,0.811172243283421,0.8111848560671865,0.8111613206667869,0.8111571223359982,0.8111730085657504,0.8111739222433034,0.8111879368549266,0.8111807400342173,0.8110911844136212,0.811134722704528,0.8111624499472652,0.8110921872650476,0.8111001651777938,0.811935301104557
320,0.8085419589123393,0.8080129843970012,0.7954236451687742,0.7913235243179467,0.7914569695097547,0.7913470518888683,0.7909738324038443,0.791174502266598,0.7999631371348718,0.800066234824472,0.799934258687811,0.7998479618675616,0.799660087834824,0.7983472545156254,0.7982333310792626,0.7982682391747861,0.7983328350065624,0.7983215886747642,0.7985921463302844,0.7985949155928689,0.7985526106446278,0.7984917419180952,0.7985444187045379,0.7985426291514951,0.7985031575511745,0.7984403420862947,0.7946399829544174,0.7945645716841396,0.7946315787136642,0.7945682066401345,0.7962137468107805,0.7962951398026041,0.8092859808678758,0.8092816044155817,0.8092482241766186,0.8095357797918342,0.8095595171673932,0.8095437644317512,0.8095802839777687,0.8096302896475781,0.8096375664063816,0.8096827245362909,0.8095281814356249,0.8095011240217574,0.80949746257956,0.8094972225845164,0.8096681610411015,0.8096661272340827,0.8096399195590239,0.8096013536866598,0.8094895135690313,0.8094910536122029,0.8095109555942044,0.809456588297262,0.8094848146460054,0.8094406505778273,0.8094473562820106,0.8094483553414308,0.8094440152150637,0.8094520176000338,0.8094524168593161,0.8094017781520713,0.8093925008226027,0.8093353380592248,0.8093632008763685,0.8200403253095537,0.820038856433465,0.8200336801398965,0.8200347216946811,0.8200337667351673,0.8201247980894929,0.8201281036839979,0.8201364599130491,0.820136861838636,0.8201476527490552,0.8201463846787417,0.820142108837991,0.8201224141385736,0.8201243012126317,0.8201118922887374,0.8201120485965588,0.8201124983016447,0.8201120090055777,0.8201119720429477,0.8201133117090809,0.8201135293174575,0.8201139659237685,0.8201516075681866,0.8201502066670245,0.8201536910539869,0.8201580223364797,0.8201563103335165,0.8201577664827235,0.8201556276055998,0.8201591933746482,0.8201548773046388,0.820145977631781,0.8201416001178371,0.820158232560302,0.8201563457863439,0.8201882410888834
321,0.8208440596655358,0.8206291448764813,0.7824815492192081,0.7801138649586402,0.7800941713391368,0.7798602685075329,0.7795178256893793,0.7796199574516587,0.7920563061780308,0.7920342670777196,0.7920610603857601,0.7920652441727812,0.7921002821598658,0.7922742091895918,0.792294975032758,0.792272807423274,0.7922401087551219,0.792237422216652,0.7922162367604828,0.7922093901914803,0.7922114895958069,0.7985215206920893,0.7984988426515405,0.7984918982061859,0.7984920761549296,0.7985026359885202,0.7964412145301871,0.7964509483913852,0.7964280565989685,0.7964417701770973,0.7962194178174116,0.7962466715057249,0.7959104095267924,0.795908967805634,0.7959324901630092,0.796048027652707,0.7960554316533055,0.7960619503160361,0.7960673730017045,0.7960017656358335,0.7959912027022336,0.795976021081617,0.7961992406693155,0.7962208613580233,0.7962193755729519,0.7962173715370707,0.7961162284998955,0.7961208380255365,0.7961471593166334,0.7961827489538366,0.8013288366773139,0.8013306922779143,0.8013206378892234,0.801326145493469,0.8012933875869451,0.8012935730576738,0.8012923554153988,0.8012871330233211,0.8012866075739231,0.8012833849018104,0.8012847871360347,0.8014868281791424,0.8014905669341167,0.8015018718125271,0.8014890414183585,0.8013004625417094,0.8012996185240417,0.8012964639227388,0.8012973927361244,0.801299417144346,0.7990487490744909,0.7990125323114092,0.7988731616458816,0.7988711866571081,0.7987744956641631,0.79878801564693,0.798821900095483,0.7990336186605569,0.7990080130385021,0.7993318482919248,0.7993101564392954,0.7992838615723689,0.7992825194755675,0.7993644521730142,0.7994039529242283,0.7993935761781323,0.7993974899488437,0.7997594314853046,0.7997511874396398,0.7997698549484553,0.799787015909502,0.7997776990640695,0.7997828271167288,0.7997735423070067,0.7997895087146143,0.7997842490878452,0.7997364346511182,0.7997089036864193,0.7997982488446033,0.7997888487143163,0.7998024019832665
322,0.8254501314829615,0.8252752209805492,0.7776477154435157,0.7762489604746677,0.776203468230298,0.776014850154304,0.7757761081780643,0.7758284452139913,0.7843453772417475,0.784316209961955,0.7843478076202234,0.7843530319321217,0.7843951691222479,0.7846204230814285,0.7846461447704741,0.7846206106529513,0.7845851225748106,0.784581787468479,0.7845514592920564,0.7845433179122608,0.7845461175084881,0.7963810467453586,0.7963578119417614,0.7963491496385456,0.7963454406167425,0.7963530954564868,0.796034172343458,0.7960404975901447,0.7960216191005951,0.7960316275579048,0.7958674588210992,0.7958955432918928,0.7958249004856387,0.7958242703444198,0.7958533042035134,0.7959494854550615,0.7959532241778625,0.7959619607699059,0.795963218685789,0.7958889095448075,0.7958768109450931,0.7958524047436547,0.796099948144811,0.7961235342895037,0.79612236607984,0.7961204066623143,0.7959966985188008,0.7960017439878134,0.7960329312176317,0.7960744234221963,0.7983582814519009,0.798353341246697,0.7983487659995453,0.7983912975960596,0.7984092916422626,0.7983982402246457,0.7983937301702602,0.7983956126724672,0.7984027328024671,0.7984006744128843,0.7983981480018677,0.7971972008410069,0.7972117169473747,0.7973352956929827,0.79729089962597,0.7972131864964285,0.7971873229681741,0.7970963204389965,0.7971113442012423,0.7970839818529915,0.7955701886927643,0.7956416905537121,0.7958555335841211,0.7958624381352204,0.7960195809560914,0.7960019729268124,0.7959447842769594,0.7955743038819297,0.7956262073057048,0.7949423947872173,0.79499584816163,0.7950602654615871,0.7950568081624548,0.7948613914344143,0.7947695354169949,0.79480179844326,0.7947948397953656,0.7937428721014758,0.7937784698800551,0.7937062928836819,0.7936620708523134,0.7937054246654632,0.7936965759052512,0.793737218510193,0.793693408613284,0.7936885462075356,0.7938508680364216,0.7939419580813892,0.7936581703840362,0.7936904865673889,0.7936999746621791
323,0.8324868306562705,0.8322874465904793,0.7738178808145846,0.7723087298121287,0.7722824541842647,0.7721307325004633,0.7719090596764251,0.7719562894717161,0.776443355867963,0.7764685276033325,0.7764096311996171,0.7763471770783661,0.7762634281042144,0.7759982464781523,0.7759427659083954,0.7759347907843629,0.7759503383389458,0.775933264163816,0.776040853389299,0.7760289092939588,0.7759943610796192,0.7832465292758208,0.7832789063108356,0.7832737204358877,0.783227977161977,0.7831731318597042,0.7840539050225666,0.7840180085594051,0.784035832532279,0.7840068650427373,0.7848891984145092,0.7849944541622047,0.7853836061140604,0.785355132818253,0.7852160302472837,0.7853916824106895,0.7854770377279401,0.785420665502211,0.7854822005409364,0.7856347858509232,0.7856492294452588,0.7857994896595155,0.7853335750722698,0.785255340794146,0.78523775333611,0.7852308317375153,0.7859916706344808,0.7859803285208306,0.7858640384427491,0.7857089340137707,0.7864801205725083,0.7864742695263528,0.786577718163533,0.7864163505915699,0.7866025443836286,0.7866110096548671,0.7866326632057927,0.7866725407967301,0.7866634009049015,0.78669911282337,0.7866919724910022,0.7753590114907819,0.7753590120209312,0.7753590073421508,0.7753590022285926,0.7753590046991381,0.7753590060372719,0.7753590066920832,0.77535900762054,0.7753590091860255,0.7753590207287838,0.7753590197526349,0.7753590053145766,0.7753590062926218,0.7753590046212447,0.7753590057118545,0.7753590047775274,0.7753590086068792,0.7753590084197616,0.7753590124780813,0.7753590127519431,0.7753590132051613,0.7753590120940312,0.7753590115739257,0.7753590129422808,0.7753590136663168,0.7753590136806373,0.7753590172126287,0.7753590179869579,0.775359018694831,0.7753590200367039,0.7753590205070842,0.7753590215397244,0.7753590222428489,0.7753590236527435,0.7753590251189192,0.7753590245677632,0.7753590238282191,0.7753590265362597,0.7753590264584785,0.7753590269768685
324,0.9889060609483273,0.9900688541413544,0.9874598142466231,0.999525876905916,0.9978274399754801,1.0005746901047032,1.0018199237861631,1.0032213341770067,1.0031613494287435,0.993360923716622,0.9932051566012174,0.9931289653329183,0.9928980411328713,0.9918941639580362,0.987760535928898,0.9879606960248074,0.9878849566227428,0.9878873365202999,0.9882708493809719,0.9882774199593664,0.988264438969724,0.9882610420528891,0.9883065987307595,0.9883231649467863,0.9883090622897309,0.9883146136167144,0.9883482628911017,0.9883411724906426,0.9883646597016753,0.9865232197409355,0.9864165075116834,0.9864599618641746,0.9864887637553929,0.9980550299979584,0.9980628041706161,0.9980686856781716,0.9980944365173425,0.9981002341653094,0.9980940409309749,0.9980575621882216,0.9972543355178829,0.9972049901502,0.9974513779906119,0.9970445121659228,0.9970538252512475,0.9970535079939694,0.9964665769837715,0.9964823717406267,0.996586369966386,0.9967282753826101,0.9967069935467464,0.9966913392822213,0.9965885832803112,0.9967771457502844,0.996704759180764,0.9966672563053764,0.9966370151236071,0.9966536708087963,0.9966809136789082,0.9966537889412944,0.996692434117314,0.9966942331326333,0.9998557437145763,0.9998773387993249,0.9998740810229881,0.9998733948497024,0.9998587856280132,0.999855390214055,0.9998443092880825,0.9998457206238552,0.9998500676780218,0.9995895308907764,0.9982277272385042,0.9982155213742028,0.9982341358772212,0.9982328556155259,0.9982252640515484,0.9982017768127828,0.9982074097660025,0.9981915513527098,0.9981771475838432,0.9981597065337197,0.9981793875683258,0.9981764969497328,0.9981995982561399,0.9981892089004585,0.998030462428261,0.9983819233539897,0.9983664458039242,0.9983972748574611,0.9984163235290578,0.9983963294304973,1.0060098233739407,1.0060122342512066,1.0060091291099733,1.0060080142508212,1.006011121000179,1.0060176764681683,1.0061511178604443,1.0061502887948564,1.0061502895012537
325,0.9751928982701411,0.9759006899877459,0.9742745740543018,0.9816521224690433,0.9795692459586709,0.9805283186960333,0.9809385949168812,0.9838283529132262,0.984026341708733,0.9773857779620898,0.9772026252289894,0.9770967316735016,0.9768103516547787,0.9753774832329754,0.9674882407698752,0.9674801641249839,0.9675584000863611,0.9675598338064402,0.9681070392969194,0.9681231277213543,0.9681037677628076,0.9681047994634079,0.9682100826982274,0.9682486152371002,0.9682177348203884,0.9681792774147818,0.9682321719280059,0.9682050258500766,0.9682580725427962,0.9635653939517527,0.9641768481774151,0.9641125251955937,0.9642615094058294,0.9700970379126369,0.9698761231853504,0.9699049368388681,0.9690881465621254,0.9690281714019878,0.9690846349235133,0.9693408498902126,0.9694737326805172,0.9696543697856627,0.9688469454378464,0.963811863362324,0.9638247656422111,0.9638252055714002,0.9631719198080221,0.9631855084903039,0.96329068910667,0.9634395491433257,0.9634165661524747,0.9634050371091051,0.9632763249947903,0.9634606827436096,0.963374833625901,0.9633393805878709,0.9633069454036502,0.9633331081371166,0.96335516164046,0.9633237979393313,0.963264301796907,0.9632746157887419,0.9804892463627004,0.9805056661951859,0.9804995347108771,0.9804954861024875,0.9804917168151244,0.9804796712396385,0.9804699065248151,0.9804677829304089,0.9804660955547181,0.9803854402370542,0.9805130611757567,0.9805112286026338,0.9805088440391733,0.9805057664702785,0.9805062095428774,0.9805077984878188,0.980508826359914,0.980518806283275,0.9805192680190169,0.9805196768168232,0.9805214293084012,0.9805145999643131,0.9805132646010994,0.9805136239946026,0.9805457428919103,0.9806041266727381,0.9806018618246051,0.9806064033008257,0.980609386835658,0.9806065211199364,0.9811188981540724,0.9811149686415359,0.9811191904639076,0.981120090597374,0.9811030130106932,0.981094027897039,0.9810651940885772,0.9810622933457225,0.9810620553126823
326,0.933568700825446,0.9341071079548202,0.9327540085707163,0.9374581850543253,0.9350065353488329,0.9343752287544331,0.9338272966224851,0.9391106741624567,0.9389659300524695,0.9388599199454468,0.9388956254287387,0.9389394466740233,0.9389993854846513,0.9409858975356521,0.9407350874258387,0.9406767378208032,0.9405786635987169,0.9405874397281916,0.9304964081734937,0.9305076852187083,0.9304840567365029,0.9304687502439243,0.9305470011639314,0.9303443079467135,0.930326535793754,0.930301975879773,0.9303472749174141,0.9303314984094598,0.9303643166970481,0.9292805999016571,0.9290828140360339,0.928925944860057,0.9288577309772702,0.9288941603149646,0.9289097065305252,0.9290381479483371,0.8879724082950025,0.8879724110171712,0.8879724186790935,0.8879724208791794,0.8879724294238203,0.8879724134581273,0.8879723953807894,0.8879723673521642,0.8879723728114609,0.8879723801108038,0.887972265576302,0.8879722691026238,0.8879722749306771,0.8879722789882235,0.8879722834364865,0.8879722881702721,0.8879722778768186,0.8879722477998969,0.8879722500486661,0.887972253784719,0.887972257393592,0.8879722445411398,0.887972239579725,0.8879722418332919,0.8879722455921187,0.8879722489114767,0.8879722522465479,0.8879722503356152,0.8879722319828364,0.8879722332426692,0.8879721649436241,0.8879721592420122,0.8879721614552737,0.8879721625488863,0.88797216314363,0.8879722657863979,0.8879722338876886,0.8879722360793869,0.8879722368101478,0.8879722709944777,0.8879722648972423,0.8879722593664071,0.8879722560248944,0.8879722436394069,0.8879722459081424,0.8879722490535032,0.8879722458351608,0.8879722394778896,0.8879722406620532,0.8879722434243604,0.8879723167525949,0.8879722983886476,0.8879723016275375,0.8879723015713437,0.8879723049158057,0.8879723076608111,0.887972310471437,0.8879723136467184,0.8879723169792445,0.8879723197253269,0.8879723221740687,0.8879723225890245,0.8879723238326664,0.8879723243473755,0.8879723267654658
327,0.9192925408042196,0.9197393439558593,0.9186653620200674,0.9222866873556157,0.920456238303526,0.9198949997891812,0.9194599244910643,0.9235180662930611,0.923239320743662,0.9235620659013231,0.9236228745899551,0.9236778612553946,0.9237780466417054,0.9279576508821817,0.9284278157373188,0.9283591399457962,0.928217343922672,0.9282238013345533,0.913358555727055,0.9133691591496701,0.9133226938952461,0.9132907820976504,0.9133848717350819,0.9127780417388217,0.9127565372877265,0.9127166784532825,0.9127602526602757,0.9127388476836442,0.912775263271614,0.9125504406837031,0.9127460668273478,0.912631130259521,0.9125910850274063,0.9126058660127848,0.9125776714718965,0.9128074063121943,0.8964378525226889,0.8965035480635278,0.8963758010684557,0.8961482682134592,0.8961193220315292,0.8928410899571503,0.8932697486668748,0.8939868873675796,0.8939985300855143,0.8939995432301079,0.8934262707444461,0.8934360824762171,0.8935197145752876,0.8936443839976399,0.8936235011513176,0.8936152227842666,0.8935337385579694,0.8937065524295994,0.8935961726529081,0.8935630771196996,0.8935378733436288,0.8935399281670747,0.8935591515253382,0.8935328353260743,0.8935303431756553,0.8935443951077119,0.8935476516898483,0.8937754337218132,0.8936715015829741,0.8936021889689767,0.8741257533402926,0.8741257496697191,0.8741257524297451,0.8741257542392888,0.8741257553908891,0.8741257531319637,0.8741257325101472,0.8741257339636279,0.874125734622091,0.874125751271408,0.874125748029723,0.8741257479096355,0.8741257949542124,0.8741257988272154,0.8741257998675988,0.8741258014373791,0.8741257986428123,0.8741257964914284,0.8741257991507831,0.8741258010253468,0.8741257986879176,0.8741258019884579,0.8741258039396841,0.8741258048393581,0.8741258200964993,0.8741258219744855,0.8741258243288861,0.8741258265596533,0.8741258295111635,0.87412583151846,0.8741258322452866,0.8741258318786073,0.8741258350021772,0.8741258351716167,0.8741258371148029
328,0.8785221618473696,0.879013738815551,0.8781709911957075,0.8811935708855322,0.8809332339078016,0.8809077662897085,0.8810835598465466,0.8809176992357117,0.8803709698901017,0.8803097895246216,0.8804410924942707,0.8805289932066465,0.8807184603487203,0.8870081198667061,0.8870147757297154,0.8870089422734752,0.8869902251764983,0.8869910837839143,0.8870783293077317,0.8870723759426712,0.88708660858595,0.8870646679538743,0.8870114817137437,0.887011787083207,0.8870332412624894,0.8870801907157095,0.8871270010933758,0.8871487740427537,0.8871237695027812,0.8871424417422689,0.8865119942864704,0.88646948152045,0.8862570172060739,0.8862834469382902,0.8863992400709307,0.881763902201304,0.8816394493086336,0.8816525190503384,0.8834160863474888,0.8832614627102506,0.8832407454205337,0.8793598797184095,0.8805863973915404,0.8807426512963942,0.8807614816962116,0.8807630887640843,0.8795221111741167,0.8795478989856101,0.8797690172802126,0.8800684918106613,0.8800238589405484,0.8800002922740556,0.8798492000157797,0.8802911033044611,0.8800114663528311,0.879916027439291,0.8798597002696336,0.8798456349795328,0.8798985371260263,0.8798414019952094,0.8798319703987779,0.8798522094415631,0.8799228142971363,0.8803894797324571,0.8801967747998797,0.8800573824543599,0.879883104883926,0.8795144299944533,0.8795751993416361,0.8794766900214928,0.8793898267576351,0.8795858173725111,0.8800242645242174,0.8800279629909742,0.880390079213067,0.8803515981398813,0.8802085160008278,0.8793546333065276,0.8802975457506322,0.8790419292416983,0.8791378507277376,0.8792545586208443,0.8792453891410986,0.8789026680595504,0.8787474614762731,0.8805780539908972,0.8805818717745043,0.8805805674825951,0.8805811633881699,0.8805801583658863,0.8805474975667335,0.8805481298029415,0.880548829258905,0.8806010245321466,0.8806004875629801,0.8805308888690082,0.8805335979351717,0.8805355744195219,0.88053132766063,0.880531856359102,0.8805256525858052
329,0.8395804377596543,0.8395531417941724,0.8395474850742424,0.8394189714550876,0.8394149047505207,0.8394082977346792,0.8393937180182268,0.8393902547051273,0.8394355164281206,0.8394475825397817,0.8394374140771097,0.8394291828052183,0.8394152139844506,0.8400914676770721,0.8400546763329347,0.8400642517413348,0.840082193901454,0.840078854765835,0.8403809838696761,0.840381791648471,0.8403696417888284,0.8403480730891018,0.8403633904028238,0.8403670791864168,0.8403556197872063,0.8403372639634121,0.840439721510714,0.8404297415185976,0.8404372254799386,0.8404332323205514,0.8406616328117517,0.8406804045816495,0.8408716631810863,0.8408637321754409,0.8408261103361767,0.838276597796266,0.8383800189450595,0.8383465951238569,0.8391888086263423,0.8392470984223853,0.839255452351365,0.8393923903868551,0.839214212256345,0.8391895183131417,0.8391862255305199,0.8391858211546469,0.8393783257965123,0.8393749422286342,0.8393410796995978,0.8392952431026567,0.839309500908587,0.8393118875359722,0.8393352096036789,0.8392720775753808,0.839656490047459,0.8396612566949351,0.8396705917068195,0.8396730010095893,0.839664761004538,0.8396746983285095,0.8396760173300478,0.8396642179408649,0.8396530428434504,0.8395781122229484,0.8396099669974814,0.839648545480005,0.8396771108983808,0.8397367583560169,0.8397289524305013,0.8397442387504546,0.8397734638018124,0.839749968644571,0.8396786882040126,0.83967942516403,0.8396250178626167,0.8396307841657562,0.8396530171456311,0.8397833947846465,0.8397326951707696,0.8399610547723684,0.8399431446079711,0.8399214839818031,0.8399238841225821,0.8399858731554886,0.8400154635082396,0.8400017916915693,0.8399974359590788,0.840344378839739,0.8403326734879512,0.8403567155103684,0.8403647613515067,0.8403503689696808,0.8403539069195203,0.8405406793402092,0.840553451044323,0.8424271382322527,0.8424103315405583,0.8424014481043313,0.8424325323096375,0.8424291063233257,0.8422756325089513
330,0.815336382237262,0.8146362371084331,0.8138430325541001,0.8099802185398974,0.8101867726222297,0.8102912383261269,0.8100680720800151,0.8102422343292791,0.8125249207943469,0.8126834641459475,0.8124417174166273,0.8123036118515451,0.8119618687284555,0.8101754848127611,0.8099477151996376,0.8100660261330217,0.8102887066681406,0.8102711782133527,0.8106817952007713,0.8106983598599798,0.8106206464923906,0.8104078647578338,0.810566694321039,0.8105846072470627,0.8105005796155822,0.810347592679042,0.8105705451511734,0.8104911512794224,0.8105684900331267,0.8104987269106235,0.8122464439980625,0.8123194353817458,0.8207768701332857,0.8207487980658863,0.8205216548716658,0.8205300075117035,0.8206258597329732,0.8205568754064615,0.8206264583881443,0.8208802276304484,0.8209142979698923,0.8211800275377421,0.8203325125524976,0.8201976562082587,0.8201822347175644,0.8201814151336593,0.8210649637775225,0.8210501708399202,0.8209082031759889,0.8207037437018866,0.8207613301301324,0.8207777125331639,0.8208737825035566,0.8205492333301568,0.825917554737349,0.8261466825784944,0.8261470984745075,0.8261399426829754,0.8261360837073982,0.8261333915443021,0.8261364434968707,0.8261552258692512,0.8261641113780016,0.8261675905594266,0.826149229183217,0.8257473338404813,0.8257232541354089,0.8256965429856546,0.8257030130294769,0.8257010338007644,0.8257060273087038,0.8257275306395646,0.8257041066685461,0.8257022367264764,0.8257145741800875,0.8257208762000183,0.8257084755339825,0.8256693430161418,0.8257039479956236,0.8256188390383018,0.8256284600770729,0.8256404615752799,0.8256346654193272,0.8256072133119375,0.8255979391571817,0.8256105878602794,0.8256241242409743,0.8254693590043605,0.8254778559073702,0.8254628917237816,0.8254679219210732,0.8254792257755015,0.8254820962973082,0.825486373453747,0.8254843983000459,0.8249862730765725,0.8250098267979443,0.8250250799175489,0.824990243776181,0.8249948159244244,0.8344336104903951
331,0.8075783720218735,0.8072044090719813,0.7928578546310152,0.7896304401235883,0.7897192999695473,0.7895856819954324,0.7892587769080242,0.7894199298237153,0.7986529307094714,0.7987122997556532,0.798643447856383,0.7985980110549978,0.7984980527033889,0.797625537142728,0.7975673220056505,0.797582787904031,0.7976083196250543,0.7976030215076458,0.7977668603113421,0.7977682384280224,0.7977475347475694,0.7978389503134863,0.7978669230423213,0.7978652013849684,0.797845123439834,0.7978118561819415,0.7928306846290729,0.7927693279484438,0.7928253446577762,0.7927728679635355,0.7940872785120774,0.7941432880733039,0.8046171187897252,0.8046196580586121,0.8046258097439087,0.8048863122421351,0.8048833876665695,0.8048825441419121,0.8048925151632541,0.8048906936930207,0.8048914161654745,0.8048861141824406,0.8048988730064348,0.8048958304998544,0.8048956903624507,0.8048961559842016,0.80487138456975,0.8048729437273815,0.8048799300444186,0.8048862412921222,0.8047146846596959,0.8047145400094543,0.8047110155695778,0.8047136383836397,0.8045822733299772,0.8045304655546377,0.8045298756525492,0.8045266592633642,0.8045281900055614,0.8045276597297485,0.8045276762409163,0.8045067870035382,0.8045072635973988,0.8045109716602895,0.8045092107442847,0.8167406232467959,0.8167105923075462,0.8166134935873743,0.8166282409357163,0.8166041688259543,0.8166499913654724,0.8166916063588159,0.816804180702139,0.8168049047233956,0.8169029829358587,0.8168927337561102,0.8168525194649896,0.816627815765979,0.8166651000218991,0.8162977399114139,0.8163258988432718,0.8163603449892742,0.8163554048748185,0.816258487560534,0.8162152836515507,0.816234710506414,0.8162388730054572,0.8157700127701576,0.8157868020996569,0.8157540101357138,0.8157407659159809,0.8157618467718779,0.8157603081629936,0.8157793492064598,0.8157647327693002,0.8157150487526217,0.8157817231353481,0.8158212081361034,0.8157095488847896,0.8157223501926923,0.8158998848139406
332,0.816895504710268,0.8165253604373616,0.7885320544920593,0.7847575408557741,0.7848016265013956,0.7845614695140397,0.7841134426174132,0.7842889504885878,0.8012238735913972,0.8012238695152196,0.8012238668409073,0.8012238613139577,0.8012238570083362,0.8012238456882192,0.8012238407866762,0.8012238346014532,0.8012238460972356,0.8012238409052971,0.8012238470283706,0.8012238422463954,0.8012238403467206,0.8012239072465204,0.8012239059660139,0.8012239037431577,0.8012239017548626,0.801223901751533,0.801223760130986,0.8012237555659467,0.801223755941512,0.8012237502756988,0.8012238476195763,0.801223862592967,0.8012239215970017,0.8012239204233328,0.8012239178550519,0.8012239247421075,0.801223927429582,0.8012239262652335,0.801223927395822,0.8012239299907207,0.8012239297390952,0.8012239331667748,0.8012239261013905,0.8012239245118504,0.8012239237285341,0.8012239229551121,0.8012239424515917,0.8012239421056112,0.8012239403623785,0.8012239381664749,0.8012239674944893,0.801223967713022,0.8012239687617579,0.8012239648639108,0.8012239693367748,0.8012239694410195,0.8012239699657163,0.8012239696252625,0.8012239691641718,0.8012239696887747,0.8012239698555444,0.8012239675928156,0.8012239671807724,0.8012239640200292,0.8012239651345523,0.8012240244904386,0.8012240260366733,0.8012240282793249,0.8012240287113962,0.8012240303335311,0.801224023325238,0.8012240215721054,0.8012240098460932,0.8012240103510142,0.8012240066315212,0.8012240075371166,0.8012240081677626,0.8012240163761598,0.8012240153685142,0.8012240264578268,0.8012240260726717,0.801224025667094,0.8012240249661423,0.8012240266587421,0.8012240285002137,0.801224028666141,0.8012240286408125,0.8012240391981456,0.8012240395895641,0.8012240405147586,0.8012240418172146,0.8012240419560875,0.8012240428161439,0.8012240431017708,0.8012240444724177,0.8012240463060016,0.801224044862356,0.8012240436985025,0.8012240476311479,0.8012240473701512,0.801224046183928
333,0.8247590744950933,0.8245447678094114,0.7801201821682705,0.7777908241176901,0.7777653482443487,0.7775353112842798,0.7771973303636825,0.7772902186566517,0.7873461688148405,0.787351078772526,0.7873309225365723,0.7872959569879416,0.787265188288546,0.7871927106112748,0.7871705592535592,0.7871533929470252,0.7871419202263781,0.7871306447925343,0.7871882948926321,0.787177739646168,0.7871582406831413,0.7967291440558517,0.7966949542140467,0.796679728893737,0.7966679088404156,0.7966735456381493,0.7963373064909985,0.7963409601916057,0.7963149557600303,0.7963258759040709,0.7962325649411737,0.7962969184477805,0.796280901381475,0.7962737632655589,0.7962922426174852,0.79646945866657,0.7964957557212037,0.7964986915300852,0.7965132271333958,0.7964284762036042,0.7964125600222816,0.796407657704837,0.7966972197297608,0.7967195343763971,0.7967144134699392,0.7967099571579145,0.7966682732332627,0.7966735237516349,0.7966983903996318,0.7967320794858376,0.8010329022289807,0.8010258966962288,0.8010391039542235,0.8010635311817236,0.8011250321771832,0.8011137432511066,0.8011119409827262,0.8011218004325007,0.8011288263834143,0.8011324148672799,0.8011279883946781,0.7998473733053403,0.7998521376776173,0.7999294026702561,0.7999160759632379,0.7998976963257554,0.7998835354683012,0.799838941244798,0.7998462099877439,0.7998276458686153,0.7990016225054345,0.7990420230979158,0.799186436535093,0.7991925010687658,0.7992826677065138,0.7992703715079321,0.7992434766698735,0.7990385608210079,0.7990618774654882,0.7987014209163199,0.7987269290850485,0.7987574991980286,0.7987607753490014,0.7986594634873845,0.7986105320204129,0.7986230694737543,0.7986133260317391,0.7981225061661256,0.7981351961597827,0.798107812142641,0.7980842846087722,0.7980985154235388,0.7980924141742447,0.7981073534873004,0.7980840839779527,0.7980974176525714,0.7981682417237446,0.7982072527550162,0.7980758723302133,0.7980902920844413,0.7980808801498229
334,0.836785321291043,0.8365734330188158,0.7709920980057378,0.7698265705495643,0.769794150876063,0.7696770919468822,0.7695051684837274,0.7695237133389435,0.7712755533242589,0.7713078865876168,0.7712170060034311,0.771129128703175,0.7710018751394445,0.770595083887008,0.7705112498121711,0.7705077791482382,0.7705550428304668,0.7705298634892644,0.7706722125562835,0.7706558785292766,0.7706078009767704,0.7728213610837947,0.7728633361782888,0.7728569242996246,0.7728015774241952,0.7727359707580234,0.7734229351222587,0.7733796387966244,0.7734021388709097,0.7733650776625944,0.7744505785982885,0.774590456547715,0.7749669135794207,0.7749301401456136,0.7747623561553957,0.7749215726300318,0.775022415392376,0.7749549585160599,0.7750131331287948,0.7751955425885961,0.7752093350395166,0.7753806541544288,0.7748267046366258,0.7747348257240108,0.7747119880610699,0.7747007033356611,0.7756772071634291,0.775661720905604,0.7755174473762514,0.7753279504680305,0.7757417341649974,0.7757270919978938,0.7758482545149206,0.775723695087047,0.7758939177997896,0.7758987539643883,0.775915868363662,0.7759831131942303,0.7759812169541175,0.7760187530106244,0.7760043522631492,0.7712780804277473,0.771259239604031,0.7712481395212429,0.7713301459057728,0.7713837694022602,0.7713890228907813,0.7714575550180954,0.771440766453627,0.7714374512880362,0.7717699576188762,0.7717611063040877,0.7718605175839023,0.7718587572825802,0.7718264025339916,0.7718163012378643,0.771857781513307,0.7719385191145413,0.7719145645268458,0.7720669858699971,0.7720474741716797,0.7720210672049032,0.7720480692116439,0.7720836970086716,0.7720861380660751,0.7720638782296863,0.7720499112308598,0.772301666797618,0.7722785213637967,0.7723145912380343,0.7723057266727228,0.7722736193221478,0.7722638085472168,0.7722410832078882,0.7722323023735336,0.7722483842182472,0.77220501751246,0.7721775355516363,0.77222072406397,0.7722138900603446,0.7721904816471714
335,0.9249712549080705,0.9257099572723759,0.9239592167890444,0.9298953020226856,0.9275512447067328,0.927003390162226,0.9266223200209655,0.9307141972327119,0.9303820873323643,0.9305914768400336,0.9306738199470904,0.9307488518762056,0.9308826698619476,0.9347935735887973,0.9351165933733528,0.935046213128141,0.9349114084474996,0.9349220113375059,0.9185361857888689,0.9185508278154018,0.9185091760874786,0.918487573487326,0.9186003062815682,0.9182702596539479,0.9182382594485515,0.9181822231235207,0.9182517272562124,0.9182210884224616,0.9182692878469555,0.9177383573031053,0.9180343412078782,0.9179006198315358,0.9179076448031536,0.9179183508672836,0.917865690418174,0.9180764354189168,0.8928459920922499,0.8928414307362345,0.8928100901649983,0.8928606698202646,0.8928710106059646,0.8910440726945991,0.8909531770831617,0.8915004242981316,0.8915039769969807,0.8915043887927768,0.891475093047104,0.8914739720781981,0.8914585169560849,0.8914500899945591,0.8914499164100811,0.8914519079300539,0.8914349430625446,0.8914079476743028,0.8913796197199023,0.8913754771240767,0.8913747887120443,0.8913823706608698,0.8913787753870295,0.891377480749312,0.8913789325017873,0.891382498473163,0.8913487645512691,0.8913797886640243,0.8913559491312351,0.8913448572826691,0.8820716635578658,0.8820240727287839,0.8820501465288839,0.8820383558446,0.8820314227528518,0.8831101354676,0.8830032950467746,0.8829992025113492,0.882961473239713,0.8858247439126951,0.8858352464834495,0.8859422489435537,0.8860087283869598,0.8864322438630599,0.8863949526639954,0.8863508932394251,0.8863546429585811,0.8864871698691554,0.8865546904685614,0.8865309795990508,0.8859776826329171,0.8867889484186267,0.8867591014430893,0.8868207215163565,0.8875416673930655,0.8875158617458185,0.8875224414787359,0.8874992730827722,0.8875256518484129,0.8875285169577424,0.887432475864303,0.8873810407192245,0.8875474762374386,0.8875283535063831,0.8875282535684347
336,0.8949065481300369,0.8954434426704909,0.8944851473205295,0.8980466651080615,0.8973299132584488,0.8971961099220993,0.8972512015765056,0.8981022374085458,0.8975707178970213,0.8976515999468522,0.8977724161318141,0.8978633133489872,0.8980432035732909,0.9048014185045082,0.9050401229188575,0.9049893364361525,0.9048814396115707,0.9048869298215646,0.898688501324388,0.8986776571189056,0.898697817154284,0.8986737101904743,0.898586970520377,0.8982196842671345,0.8982642524997692,0.8983547211637942,0.8982955497862587,0.8983398866982479,0.8982960042799361,0.8983345399809051,0.8972772675305136,0.8971861126745083,0.8968762015751194,0.8969207895957335,0.8970835351121004,0.8968169102329446,0.8953730117943489,0.8954863868270758,0.8953982207445109,0.8949904313582769,0.8949370319822273,0.8850042499289019,0.8857012307342956,0.8858577976432059,0.8858717893157542,0.8858732045247147,0.885109591104514,0.8851234084420551,0.88524375414521,0.8854160881448813,0.88538796188683,0.8853763191511811,0.8852772871082061,0.8855219107398246,0.8853445855590166,0.8852929910552221,0.8852595285797403,0.8852544795634932,0.8852825240525554,0.8852474438339646,0.8852433369041242,0.8852616839339259,0.8853119971892753,0.8856034017506657,0.8854726827081748,0.8853806429369389,0.8836148160919342,0.8832898341223637,0.8833456510993355,0.8832633578159154,0.8831876667092579,0.8833473583608291,0.8837189084921492,0.8837177457755359,0.8840608135844071,0.8840302707540557,0.8838971818362995,0.8831802444680821,0.8927412841033853,0.8919842872412208,0.8920386997899015,0.8921056110526925,0.8921001855349229,0.8919066463836618,0.8918220031432941,0.892507862510202,0.8925020930262129,0.8923561256359873,0.8923581477156233,0.8923547732531988,0.8931343054303171,0.8931354130177771,0.8931377521309777,0.8931250488237648,0.8931272149599421,0.8930641836068239,0.893063042936097,0.8930641128219278,0.8930686558192754,0.8930684480795172,0.893082737609261
337,0.8652562566632674,0.8657312093735897,0.864971956760865,0.8678394011545745,0.8676132858328798,0.8675874236941052,0.867756254218933,0.8675412214081679,0.8669529322506376,0.866885088848306,0.8670124340154938,0.8670946253456341,0.8672775621919696,0.8740920463180459,0.8740407767265038,0.8740510463405673,0.8740634790576064,0.8740608514783189,0.8751244735791229,0.8751231341654808,0.8751191533238241,0.8750888685426529,0.8750788618814426,0.8751042432946708,0.8751039842619993,0.8751089164352704,0.875241284595829,0.8752418073666299,0.8752381565512185,0.8752437711343576,0.8750983918127896,0.8750847440437443,0.8748898911413711,0.8749005539897338,0.8749403155253483,0.8648404355746994,0.8650039484597554,0.8649179740835327,0.8684557416749131,0.8685041026339706,0.8685111429572145,0.8670053812428221,0.8673524428363144,0.8673804957874407,0.8673860056492629,0.8673871831414652,0.8670155859727838,0.8670246180084369,0.8670981906338666,0.8671899878259263,0.8671742492196186,0.8671702418887544,0.8671157111982425,0.867218867420215,0.8669692866351992,0.8669246811573689,0.8669086960807474,0.8669028465041555,0.8669152249824472,0.866897202396936,0.8668961934816588,0.8669104904878104,0.8669393627100402,0.8670642234346063,0.867004720739945,0.866949620451726,0.8669061612017631,0.8667848023704884,0.8668077367139293,0.8667777026900692,0.8667473162996199,0.866833996622081,0.8669313993922887,0.866928941863569,0.8670220313975529,0.8670199799533064,0.8669786711949409,0.8667215114052854,0.866924380072931,0.8664488548054639,0.8664919080725696,0.8665433337127708,0.8665374424350033,0.8663859708053638,0.8663160522307191,0.8670633496189311,0.8670803423984745,0.8669214520193677,0.8669313252999574,0.8669121076929975,0.8668540229515351,0.8668672998461909,0.8668687219893272,0.8674013471827564,0.8673883142968235,0.8673327839542624,0.8673693491499074,0.867390335112154,0.8673296251777554,0.8673371115485673,0.8672918998698033
338,0.8350880255788816,0.8350880190164924,0.8350880111724535,0.835088000756946,0.8350879962500856,0.8350879931100771,0.8350879909861222,0.8350879871244403,0.8350879974915528,0.8350879960389671,0.8350879929554614,0.8350879889576389,0.8350879841754825,0.835088008558878,0.8350880035548173,0.8350880028599512,0.8350880100313919,0.8350880080020224,0.8350880268905765,0.8350880261613498,0.8350880246213912,0.8350880204679589,0.8350880222818223,0.8350880217765543,0.8350880195595559,0.8350880171822821,0.8350880289843037,0.8350880273118506,0.8350880284765758,0.8350880270805116,0.8350880559243786,0.8350880562291625,0.8350881115158241,0.835088112120112,0.835088108672356,0.8350879998875625,0.8350880048324854,0.8350880034141309,0.8350880255226016,0.8350880281258539,0.8350880280978338,0.8350880361573672,0.8350880281014376,0.8350880268344552,0.8350880263381992,0.835088025857837,0.8350880397792079,0.8350880395241425,0.8350880380646359,0.8350880362029769,0.8350880365952397,0.8350880364681933,0.8350880377691746,0.8350880369871576,0.8350880885482532,0.8350880928048003,0.8350880937002705,0.8350880914917779,0.835088090390753,0.8350880910250781,0.8350880917197215,0.8350880921969441,0.835088092449858,0.8350880899500842,0.8350880877527822,0.8350880865195861,0.8350880871977174,0.8350880875081576,0.8350880879108452,0.8350880886254334,0.8350880894450774,0.8350880891163343,0.8350880831329248,0.8350880834700536,0.8350880826758929,0.8350880831463727,0.8350880828103813,0.8350880845798692,0.8350880840617553,0.8350880861839313,0.8350880862613447,0.835088086406109,0.8350880859331266,0.8350880859284265,0.8350880865631636,0.835088086740439,0.8350880868468117,0.8350880893899062,0.8350880896905865,0.8350880899637314,0.8350880905739939,0.8350880907877954,0.8350880912588436,0.8350880953828027,0.8350880960876783,0.8350881307979681,0.8350881321896312,0.8350881327793057,0.8350881318267823,0.8350881321010153,0.8350881637600072
339,0.8093098208476026,0.8084819512616088,0.8018792559102702,0.7966139249517151,0.7968409024410747,0.7968465006166641,0.7964643050225356,0.7967132118018699,0.8028116250769214,0.8029934149053899,0.8027361299771297,0.8025784578291645,0.8022159163703892,0.8000657458630451,0.7998384315720288,0.7999319931682591,0.8001096287342799,0.8000892208650753,0.800544939638253,0.8005556813397413,0.8004739152226445,0.8002499903768109,0.800380692840734,0.8003875032739336,0.8003057645743367,0.8001674677110928,0.7985577750909924,0.7984613307255414,0.7985481397644971,0.7984667217317227,0.8006129324549934,0.8007216741041278,0.8213455004095691,0.8213454964807259,0.8213454936409577,0.8213455099718407,0.8213455164946155,0.8213455148081602,0.8213455135241149,0.8213455143019734,0.8213455110847822,0.8213455162131857,0.8213455195018831,0.8213455180619789,0.821345515418176,0.8213455119812942,0.821345569236236,0.8213455675877978,0.8213455642183644,0.8213455614187379,0.8213455590490081,0.8213455568593229,0.821345561894568,0.8213455747006719,0.8213456127738383,0.8213456112043174,0.8213456101477858,0.8213456141994989,0.8213456156861321,0.8213456150672869,0.8213456139235428,0.8213456119818138,0.8213456109906772,0.8213456111353864,0.821345617086225,0.8213456881573505,0.8213456885706343,0.8213456900713542,0.8213456898821869,0.8213456902827763,0.8213456931539213,0.8213456926117546,0.8213456905124075,0.8213456905236033,0.8213456891927552,0.8213456893633684,0.8213456898912044,0.8213456928950494,0.821345692473912,0.8213456971294845,0.821345696843629,0.8213456964977626,0.8213456964451843,0.8213456974817631,0.8213456980960102,0.8213456979837928,0.8213456979733679,0.8213457030087381,0.8213457029894315,0.821345703326248,0.8213457037118314,0.8213457036351637,0.8213457038300602,0.8213457036929536,0.8213457040586587,0.8213457022274009,0.8213457015417753,0.8213457010977245,0.821345702517763,0.821345702389935,0.8213457532574826
340,0.8096236876054824,0.8093195908444472,0.7905608377798287,0.787631915889335,0.7876872843127817,0.7875152495226256,0.7871811926201877,0.7873273021860778,0.7986665721293587,0.7986890790622366,0.798670133760842,0.7986572040351307,0.7986274500835034,0.7981785430728058,0.7981634783893248,0.7981651389769047,0.7981636737325053,0.7981629147375086,0.7982363627100726,0.7982368047766363,0.7982326766966318,0.7984751545828507,0.7984865907892167,0.7984857412177132,0.7984797237929475,0.7984672685262558,0.7924950805190911,0.7924379448380857,0.7924932453657297,0.7924424048065508,0.7936279484452132,0.7936682231402246,0.8005273996041935,0.8005248729704417,0.8004842483098646,0.80072210383017,0.8007357451076442,0.8007181288295121,0.8007480474963602,0.8008116076613894,0.8008211494784049,0.8008564688173205,0.8006528113197873,0.8006151546085793,0.8006114577430117,0.8006119752630907,0.8008008127164185,0.8007986520049821,0.8007712997486437,0.8007274405100372,0.8005447425925019,0.8005499393626541,0.8005702469778575,0.8004820513816211,0.8004559196398384,0.8004239648829433,0.8004333102098676,0.8004304564470787,0.8004218986057718,0.8004307144769295,0.8004331788843174,0.8004181365540955,0.8004090840242225,0.8003257380949113,0.8003560314914349,0.8123795466150854,0.8123546672235218,0.8122711361721326,0.8122848090470716,0.8122642636644446,0.8122807246164018,0.812324299339139,0.8124297017215512,0.812431123834872,0.8125226903694363,0.812514435780862,0.8124761697723927,0.8122537756508165,0.812292535343485,0.8118817173227086,0.8119153451223832,0.811956159863398,0.8119499679604153,0.8118341029562784,0.8117815709776255,0.8118051071935479,0.8118089190827682,0.8111918483978223,0.8112150151725591,0.8111696040663586,0.8111496988953679,0.8111788491124612,0.811176274012393,0.8112026727743852,0.8111816027114692,0.8111359761890509,0.8112293554646693,0.8112836268195002,0.8111269511891316,0.8111450787567249,0.8112085689458259
341,0.8223781357145409,0.8221415605514134,0.7823049806707482,0.7796422648715221,0.7796277121562638,0.7793842982221273,0.7790126746751186,0.7791248704621494,0.7910455285704052,0.7910464510398273,0.7910358107206902,0.7910105428708337,0.7909931884770344,0.790961726454476,0.7909483470252955,0.7909319822495433,0.7909174273681692,0.7909087391132174,0.7909499639331217,0.7909411206870681,0.790927000481486,0.79805752900127,0.7980296695268831,0.798017739478354,0.7980092797193343,0.7980146133404205,0.7968461853103523,0.7968500697845208,0.7968270027507135,0.7968373943703351,0.7967452767568604,0.7967992906671907,0.7966490469274751,0.7966424180368333,0.7966535816938883,0.7968182531240608,0.7968439686520883,0.7968446784548685,0.7968611611770492,0.7967960144049914,0.7967837427859653,0.7967867750354237,0.7970118981010726,0.7970282775044881,0.797023658542464,0.7970199517609614,0.7970017204183457,0.7970059295924318,0.797023767476562,0.7970478438817182,0.8035030191467608,0.8035030179016803,0.8035030197306047,0.8035030281464501,0.8035030283568528,0.8035030271233117,0.8035030261405656,0.80350302897836,0.8035030302953483,0.8035030296995344,0.8035030288220161,0.8035030155349809,0.8035030150436738,0.803503018364639,0.803503022119222,0.8035030176533151,0.8035030168363254,0.8035030168958411,0.8035030162170893,0.8035030150977562,0.8035029631358971,0.8035029631980938,0.803502976758734,0.8035029757649608,0.8035029750761479,0.8035029740616705,0.8035029763981026,0.8035029779081613,0.8035029771210737,0.8035029811196283,0.8035029802255387,0.8035029789824623,0.8035029803755795,0.8035029826965023,0.8035029821067409,0.8035029809457264,0.8035029806468345,0.8035029856540037,0.8035029846067621,0.8035029846544278,0.8035029835821839,0.8035029826682053,0.8035029817246188,0.8035029807088545,0.8035029795564375,0.803502979075459,0.8035029784117246,0.8035029783213572,0.8035029776112619,0.8035029774824907,0.8035029764097557
