Index,Iter_0,Iter_1,Iter_2,Iter_3,Iter_4,Iter_5,Iter_6,Iter_7,Iter_8,Iter_9,Iter_10,Iter_11,Iter_12,Iter_13,Iter_14,Iter_15,Iter_16,Iter_17,Iter_18,Iter_19,Iter_20,Iter_21,Iter_22,Iter_23,Iter_24,Iter_25,Iter_26,Iter_27,Iter_28,Iter_29,Iter_30,Iter_31,Iter_32,Iter_33,Iter_34,Iter_35,Iter_36,Iter_37,Iter_38,Iter_39,Iter_40,Iter_41,Iter_42
0,0.2424455258495685,0.2480816611797921,0.24805011747988212,0.2480250262648508,0.24800855770250746,0.27594478091914854,0.2759662198183577,0.2759797930938491,0.2759666450478142,0.26656227193932264,0.2665396749851155,0.2691119641926783,0.26981807832981247,0.278252480339111,0.27760634362639436,0.27755657771443754,0.2804815025076097,0.28120805005301674,0.2982293062482524,0.298278583126191,0.2982905588913073,0.29833579797006177,0.2983526406042135,0.2983562242568349,0.29833711747789565,0.2984398955293798,0.2984353003165352,0.2992228757200302,0.29925414266070377,0.2996238235910566,0.2996147495372139,0.2996112869843864,0.2996090905250443,0.2995680752154263,0.2996998926244872,0.2989311239393544,0.29892193013274587,0.2989488205048116,0.2990510288668007,0.29904937158524003,0.2990029242893517,0.29901044162699064,0.29903016888166956
1,0.28008225320246005,0.28050516497968414,0.2805753685367016,0.2806373462496538,0.28072181027086207,0.28304646819647244,0.2832908478522021,0.28335376926049133,0.28338577368345913,0.2820686304695642,0.28177947209516757,0.2835564632309151,0.28399996121193866,0.2939599835651708,0.29306082874484435,0.2929139431445387,0.2950655106525184,0.2964101281602333,0.3514269367855098,0.3514269342885274,0.3514269322693357,0.3514269307483176,0.3514269293887772,0.35142692746236476,0.3514269249909231,0.35142692522669844,0.3514269234159479,0.3514269310473726,0.3514269296788862,0.3514269489577902,0.3514269476138703,0.3514269463742649,0.35142694523449053,0.35142694466280133,0.3514269449685487,0.3514269365560369,0.3514269352194324,0.3514269350096184,0.35142693514246964,0.3514269338543856,0.35142693226749,0.3514269310425455,0.35142693027125993
2,0.30697398152435257,0.30694912652494805,0.3069280054069253,0.30691436448420134,0.31818719547940993,0.3182729048782644,0.31826252314093495,0.3182718510261873,0.3182464548833014,0.3183117787655124,0.3182398946475314,0.31777162467050163,0.3174820288542514,0.3184838345654152,0.3177571978340278,0.3177199132146794,0.31952240136613047,0.3201697722087992,0.3434072089005093,0.34314501606494985,0.3432488864694378,0.3436237394319899,0.343989862120212,0.34408076537163235,0.34373486574668305,0.34481605378499475,0.34493436889172036,0.34551334070181994,0.3456667737835585,0.37489139523877524,0.37489139385348064,0.3748913925954569,0.37489139144556827,0.374891390334331,0.3748913939738138,0.3748913960664239,0.374891395024881,0.3748913948639211,0.37489139513729386,0.37489139414622097,0.3748913928950279,0.3748913921250221,0.37489139154550766
3,0.324812446493508,0.3247904110969076,0.3247831670653554,0.3247894189510726,0.3456013415189467,0.34566730552024016,0.34567097800414986,0.3456889493978246,0.34566013287316977,0.34569751377804747,0.3592763822423721,0.35168725865156664,0.34997236847497215,0.3508739008899364,0.35021498139859547,0.3501527766666869,0.3512072134881096,0.35204798201878934,0.36023608983482125,0.36007020351974445,0.36014177256212293,0.3603985942859611,0.3606179019740885,0.36067330368146466,0.360464795529517,0.3609940573504812,0.36105059783326554,0.36156618164376597,0.3617939064856405,0.37162302721194684,0.37149241058217436,0.3714615919343247,0.37145352158337863,0.37149467718588375,0.3780625488653254,0.3787012629241313,0.3786861936970321,0.37876919741898063,0.3791582863451713,0.3791557314471065,0.37904343357269776,0.3791417157837398,0.3791938650459943
4,0.34078443188530577,0.34075851303745763,0.34076158826540875,0.34079229720054816,0.34651622945321714,0.3465548156169076,0.34668338335041615,0.34674342271917397,0.34672486016529386,0.34683351667553947,0.3640709341560343,0.35953296219259295,0.35878425405867603,0.37713395465538097,0.3773720802655372,0.37716328710868635,0.3777949241497655,0.3798483997843538,0.38358081403572714,0.3834138440070445,0.38347765548671725,0.3836566101333304,0.38385042114784185,0.3838975984786017,0.3837134840012342,0.3818969145812002,0.38194114025233034,0.3823046016068856,0.3824328539784352,0.38601240027667283,0.38589036911428143,0.3858618742540861,0.38585865578116774,0.3859163794115311,0.4064930519856061,0.40649305224431465,0.40649305136121916,0.40649305112020295,0.40649305166129546,0.4064930508242327,0.40649304993123064,0.40649304824765076,0.4064930477579228
5,0.4135559298004157,0.41355592627090876,0.41355592227223636,0.4135559185062157,0.41355591586829843,0.41355591768883354,0.41355591546862025,0.4135559147094319,0.4135559132897016,0.413555911898201,0.4135559010092404,0.4135558813614294,0.4135558775025454,0.41355588363357815,0.4135558826866126,0.4135558807354419,0.41355588511357133,0.41355588627890794,0.4135558928885637,0.41355589165302653,0.41355589072060817,0.4135558899113386,0.4135558892933504,0.4135558883776537,0.4135558871519344,0.4135558837871892,0.4135558826753754,0.41355588650771796,0.41355588440057356,0.41355588845930813,0.4135558874947917,0.4135558866101927,0.4135558858420105,0.4135558852392778,0.41355590649182483,0.41355590688542254,0.41355590656243973,0.41355590654514524,0.4135559071599687,0.41355590688592053,0.41355590647064433,0.41355590391904296,0.4135559038570823
6,0.4098307748729516,0.41000373220293135,0.4101023220042814,0.4102102481862032,0.4102736249759378,0.4103181725838701,0.4149772232292798,0.4149772230284961,0.414977222820163,0.4149772227433582,0.41497722216332766,0.41497721718096164,0.41497722547010113,0.4149772106267072,0.4149772098338851,0.414977208987208,0.4149772111020768,0.41497720845464064,0.41497721212781474,0.41497721129122683,0.4149772109738929,0.41497721748308675,0.41497721743210336,0.4149772171946117,0.4149772166873598,0.4149772172143087,0.4149772169384533,0.4149772180582292,0.41497721237634255,0.4149772139014199,0.414977213390309,0.41497721299920814,0.4149772127114569,0.41497721254780606,0.41497721287655176,0.4149772135042875,0.41497721316158687,0.4149772131992101,0.41497721363647133,0.4149772133775355,0.41497721286581823,0.41497721184391745,0.4149772118157094
7,0.3851049454518807,0.3841771434691114,0.3833553937761393,0.3827596020758796,0.382413101847818,0.3826750513098835,0.3830148321007314,0.38313320115837735,0.38286745285360707,0.38277244611220435,0.38168037351552864,0.37802490116980214,0.3801888676006854,0.39830145339222905,0.39869334090361563,0.39845129764711673,0.3987570189469794,0.3994158310829444,0.40114967091266535,0.40090625943654595,0.4011158366711007,0.4117438008055041,0.4117438006646379,0.4117438003219459,0.41174379970547226,0.411743800119633,0.41174379980307846,0.4117438012638618,0.41174379761617635,0.4117437984873706,0.41174379801597855,0.411743797596126,0.4117437973480159,0.41174379707739206,0.41174379722475096,0.41174379747483697,0.41174379707202724,0.4117437969965061,0.41174379703250286,0.41174379666819816,0.4117437961923803,0.4117437961805095,0.41174379608394296
8,0.37987261997779326,0.37975624856581564,0.3817801332014946,0.38156239631969624,0.38143677046098856,0.38159162843003147,0.38140473926895657,0.3858179696011211,0.38571163694503485,0.3856854156172464,0.38503935861119076,0.38852676613396786,0.38479954298635255,0.3930715066799695,0.393483208636286,0.3932674454290682,0.393464728533188,0.3947223002301748,0.3959610214726756,0.3957766466347651,0.39590438773885994,0.40040578603623567,0.40049484949753883,0.4005159290315771,0.4004300080717991,0.40058234707868473,0.4006131533170553,0.400670612261814,0.4004880068137086,0.40063589545463885,0.40061713439634244,0.4006141422729775,0.4006762535885269,0.4006848169307208,0.40073605287249275,0.400791796781537,0.4007905653920061,0.40079628174769083,0.4008255848426953,0.4007702510465016,0.4007466598597337,0.4007840368352258,0.4008127883969849
9,0.3815151218932136,0.3815137213276548,0.3864746940011226,0.38631571654466085,0.3862351405388601,0.38637295622187495,0.3862425587822436,0.39631806161193184,0.39631806076859694,0.3963180603859083,0.3963180603228297,0.3963180739048055,0.39631806643295014,0.396318051777005,0.39631805158997907,0.39631805117359903,0.3963180532726776,0.3963180548018536,0.39631805735220754,0.396318056698999,0.3963180559083833,0.39631805994882285,0.39631805985783475,0.3963180596001784,0.39631805906697304,0.39631805931765524,0.3963180591054478,0.39631806035568123,0.3963180604248565,0.396318061092973,0.3963180607954124,0.39631806055031166,0.39631806053077895,0.3963180603788704,0.3963180606297071,0.3963180608779693,0.396318060637719,0.3963180605895579,0.3963180606876451,0.39631805960563354,0.3963180591626619,0.3963180590381114,0.396318058990461
10,0.3820679225620258,0.3820752800970946,0.389342984818279,0.3891525499199903,0.38905223828167856,0.38920259305366084,0.3890657767644413,0.39362173723025284,0.3925017388202656,0.39247324519904614,0.39175133061938827,0.38836109292699894,0.38725824240495826,0.3855675824566716,0.3856121446655442,0.3860765300385373,0.38618879111380755,0.38658665312891244,0.3869620764436393,0.38691536971074203,0.3867580277873928,0.38682142015454596,0.38688726943332297,0.3869139793781145,0.38685914037602404,0.3869869941131677,0.38701572196227746,0.38711633038227505,0.38724666216657255,0.3874948419819553,0.387470152584186,0.38746690965810676,0.3874860219338859,0.3874997873203397,0.38763908586344137,0.3877634946936711,0.3877411909464506,0.3877553320706593,0.38783292627777116,0.3876351012119731,0.3875720348004006,0.3875780552430831,0.38760126804924877
11,0.20805692446401416,0.21815359225433198,0.21812623020184901,0.21810170289165223,0.21808783348400612,0.23966320987319997,0.2396578907336397,0.23966083419488268,0.2396504813026666,0.2396582523730765,0.2395520455261778,0.23922319546502335,0.23908568067593958,0.23725543533615445,0.23679584656448316,0.23686327818191585,0.24905824532894497,0.24966325802543116,0.25158432144738935,0.25157350533623263,0.2516036473712732,0.25170914561317803,0.25180761922817774,0.2518313735019293,0.25173648409179816,0.2518883685734897,0.25191967608171295,0.25265448187516487,0.25267358292255654,0.25311162981458923,0.253080768343492,0.2530729396582317,0.25306921659514736,0.2529563059266367,0.2531140120893983,0.25361719689100115,0.2536118646272428,0.25362144167834366,0.2536719110546056,0.2536711510782499,0.25364478805587104,0.2536485179805962,0.2536571244954827
12,0.23678563938678482,0.24320874774503298,0.2431799558725371,0.24315697152915336,0.24313956092598987,0.2752195266700624,0.2752322175043508,0.27524097858922336,0.2752316449368176,0.26864136441210523,0.26857416177072085,0.2701225509757222,0.27058223779586954,0.2765677787192677,0.27610773572667013,0.2760707068236698,0.27822496791839374,0.27875971638927755,0.2901836703504507,0.2901942442925005,0.29020745175796864,0.2902553267961986,0.2902886239145192,0.2902964668293236,0.29026294122388663,0.29035845969035895,0.29036398824685494,0.2909096449269299,0.2909290105490272,0.29113350856844317,0.2911185714897718,0.29111434643316975,0.2911122084299195,0.2911053803462804,0.29121154441761254,0.29047816856144426,0.29047088654317355,0.29050354915854054,0.2906097886416504,0.29060789430287515,0.2905575756593997,0.2905603264432356,0.290582702662299
13,0.2702334098638022,0.27184208674595384,0.27184352815808976,0.2718505135037858,0.2718588160104797,0.27974224333859693,0.27985319594961955,0.27989031691472077,0.2798907138119952,0.27460491724091696,0.2742884703580963,0.2763512102993296,0.2769987904673931,0.2891623462126856,0.2883138319376384,0.2881559248711332,0.28977925490102413,0.2910548141892346,0.33272387344070026,0.33259789803205775,0.33261517463849727,0.33267144522011116,0.3327373961216493,0.33275313195330014,0.3326917707709704,0.33280525028216384,0.3328263924503775,0.3328466317566366,0.3328405650847853,0.33250099327720906,0.33246547033775176,0.332457727373069,0.3324548816140049,0.3326356200487525,0.33269016201445756,0.3300517759633056,0.33004617827349947,0.3301106421453986,0.330286483225991,0.3302831067708036,0.3302003256995354,0.3301913974914604,0.33023100993004334
14,0.3051065050080756,0.305087339523817,0.3050725143278961,0.30506354434370886,0.3144452621810206,0.31450478364863976,0.31449694937931194,0.31450397051883006,0.3144847931538074,0.314545872590993,0.31459789442606645,0.3143886296454504,0.31419445074674257,0.3151292530610577,0.3146571058619702,0.3146232689343907,0.31601716278183456,0.31654834784959407,0.33654077832398316,0.33635205567182014,0.3364281311844953,0.3366998003174656,0.33697251266539896,0.33703995956013116,0.3367825689342059,0.3375814605524303,0.33767071031201973,0.33803279727240926,0.3381374805468801,0.3592302950917062,0.3592458958842181,0.35924973883233813,0.3592509755770634,0.3592148640170175,0.3590374581507726,0.35896926795320133,0.3589722374999474,0.3589567331607686,0.35890991995658017,0.3589106275608686,0.358930338384772,0.3589347745571532,0.3589262106479328
15,0.3233560783631545,0.32334347043938827,0.3233460166659335,0.32335993783637046,0.3456145239290792,0.3456649916804007,0.34566520512072196,0.3456775474622248,0.3456561416620389,0.3456829538888585,0.354839951214405,0.3497339541607425,0.34851917955190087,0.34894719845062916,0.34841900504534107,0.34836844082200824,0.34915047496508056,0.34981528717149923,0.356239171685237,0.35610352908636855,0.35615960853997747,0.35635711880768395,0.3565349962013231,0.3565796082627407,0.3564107191320584,0.35683611308220714,0.3568811078069276,0.35725077591364807,0.3574117623172182,0.3654135715357548,0.3653147833554433,0.3652916659439343,0.36528568787795895,0.3653190724115316,0.3703583128177418,0.37087080684361956,0.3708600006673656,0.37093215050732403,0.3712704139568297,0.37126781467431075,0.3711739333098795,0.3712370272355656,0.37128158908035064
16,0.3394406071177699,0.3394049255276261,0.33939225931337613,0.33940373393745266,0.34639440047858827,0.3464372789974365,0.3465208007679859,0.34656788160802,0.34654399831201976,0.346627414648182,0.36816593658873564,0.36052525705184424,0.35910906777080115,0.3739748170427754,0.37441369366202853,0.3741972822882996,0.37465951138484765,0.3767378355247798,0.379590379063887,0.379424286079084,0.3794822573389908,0.3796220405642894,0.37981330416692116,0.3798588173224115,0.3796766803683792,0.376969967167254,0.3770085553741487,0.3772801894843852,0.37727039249436833,0.38002036768655506,0.37990532465610927,0.37987894617953605,0.3798774224639149,0.37994235674481974,0.39630242718895686,0.39623591017122894,0.39623963122958267,0.3962285473051985,0.396310889881429,0.3963112192701415,0.39633238617008065,0.3960633143585607,0.3960732359707964
17,0.41662025445908896,0.41661192904057026,0.4165815476813757,0.41654259775899055,0.41646754147435694,0.41649015347619317,0.4165299427769607,0.41651772522517044,0.4164996626004354,0.41647493670383173,0.41610195464113797,0.41402236522478614,0.4134900090420673,0.40624059587713607,0.40613019558208296,0.40616389452971485,0.4060351582950362,0.4051745406856812,0.4046418804117224,0.40465223357262,0.40464680922572654,0.4045672961520353,0.4045602395441796,0.40455551801068285,0.4045592092039076,0.40354143089557953,0.40347810029029313,0.40337464038327964,0.40223441280814254,0.4018681299546054,0.40188405686369133,0.40188819485955,0.40190283281005584,0.4018999430556933,0.40296154702941045,0.40285154243887383,0.4028589468837515,0.40284387584345416,0.40295374018488744,0.40295403296095467,0.4029800962363047,0.4019643157488127,0.4019841773112826
18,0.4100442108480682,0.410288329041263,0.4104600934701344,0.4106363324302004,0.41072954981774906,0.4107311613845821,0.41528202495824096,0.4152640696253248,0.41530082131226015,0.4153112963827879,0.41554826205136997,0.41594297889426585,0.41865057626706526,0.4071443539683244,0.4066116322576431,0.40676073809217095,0.4066279882730362,0.4026517852583328,0.40188772564935105,0.4019524908663062,0.40197408401953033,0.4038358880510806,0.40378050024030554,0.4037611565099858,0.40380453891697154,0.4035814382596648,0.4035031984298415,0.40334483829271334,0.3987040056929029,0.3985392591451371,0.39853361999537273,0.39853314436739096,0.3985508922311191,0.3985619159488256,0.3984129558742746,0.398408091489146,0.3984149013616708,0.3984227730543283,0.3984762393769042,0.39847287095188755,0.3984663507612237,0.398145298073777,0.3981789924445818
19,0.3894672234678017,0.3886870987897883,0.38792051308680775,0.3873636604832074,0.3870154382273074,0.3872692722607381,0.3878832444883691,0.38787589607783096,0.3876263562685889,0.3875058789991817,0.3863251315319519,0.38126712603881624,0.38460989161290976,0.39592739483616485,0.39614113244046767,0.39597294699933666,0.39609446960974376,0.39514209297028013,0.3960501950068066,0.3958920756825942,0.3960508522182469,0.40361761932717033,0.4035740624838389,0.4035569113558384,0.40358767766767345,0.403522715301533,0.40348622061316153,0.40338314347545734,0.40142133997115914,0.401146559745855,0.4011770743686493,0.40118636083541437,0.4012195163931978,0.4012021732313954,0.40098292911774697,0.40085213260582786,0.4008674064341416,0.40084031583029955,0.40075775748728126,0.400721844026585,0.4007569576275134,0.40079428955391994,0.4008136067463341
20,0.37916131429523325,0.37899380355068274,0.38033141250916563,0.3800884308429655,0.3799423094547498,0.38009802287041095,0.37989333201574904,0.3830356328984935,0.3829112497532713,0.3828734636878714,0.38214785827205017,0.3844679286452962,0.3812718585680412,0.39169043774447604,0.39211886940683277,0.39189617321764497,0.3920361838033028,0.3930505418654209,0.39412126470941283,0.39394686135451873,0.3940410069891416,0.3988207515928713,0.398879210152711,0.39888796294596157,0.39882274966987596,0.39891161862707564,0.39892649938663904,0.3989201501824997,0.3983924319856801,0.3983598336338558,0.39836051875478945,0.3983635694071177,0.39844246434045827,0.3984410108912525,0.39837519595238485,0.3983421017664174,0.3983552627933337,0.398345332175949,0.39831932953195937,0.3982174202813188,0.3982160334525804,0.3982548312403964,0.39828162529157385
21,0.38168046827735463,0.38169733356816654,0.38679309740572004,0.38665019656125116,0.38657815608198964,0.3867049181693251,0.3865843942787513,0.39634505858334096,0.39635800244966973,0.3963573564918984,0.39638216895759765,0.39822618958264183,0.39792083415558843,0.39298583983610386,0.3928513000424182,0.39299674975706766,0.39295470683957767,0.3926052500748907,0.3921865613065922,0.3922571164514762,0.39200727477202485,0.3920227587243177,0.39198339965295426,0.39196736863558856,0.39198115458608523,0.39192074584696,0.3919048504647134,0.3918610810967331,0.3918217674447586,0.39167445055873734,0.391693592857334,0.39170273379505566,0.39173639697980267,0.39172372830270225,0.3916285192600333,0.391544516784603,0.3915698144754688,0.3915491018320763,0.391494000578409,0.39123282704318113,0.39123129352961467,0.3912330303717981,0.39123106533258906
22,0.38224776612072986,0.3822747405456698,0.3897428469474653,0.389571173057268,0.38948034684196553,0.38961615939566446,0.38949182412146416,0.39362183456951816,0.3925497319557212,0.3925224558208237,0.3918581217337727,0.3893203212569993,0.3882881362236803,0.38295510534917704,0.3828162329431494,0.3834506471026922,0.3834459524927102,0.3831376885098785,0.38273454465770346,0.38281240591782745,0.38226755544706925,0.38212495854673995,0.382114128035417,0.3821050361082564,0.38207362886451657,0.38206377029774685,0.3820596262347513,0.3820528169935777,0.38210897948309425,0.38206254360070835,0.38207071032730094,0.3820818071856276,0.38211222830074965,0.3821054738754388,0.382066957612817,0.3820288309749476,0.3820654360542898,0.38204938361118157,0.38202140305821247,0.3816059771333227,0.38158069798378225,0.3815814284575131,0.38158578333195337
23,0.3826161772196935,0.38261772000931216,0.39002344810378453,0.38985539732842905,0.3897685920621623,0.38990069401464905,0.38979495008453563,0.39037488693907,0.3788438339007717,0.37882361079564214,0.3780510657692142,0.37102615111026205,0.37017685051133153,0.3719671240097934,0.3720492480430489,0.3732081487855262,0.37320814920455764,0.3732081502730541,0.37320815111150923,0.3732081510491597,0.37320814995943824,0.3732081501263129,0.3732081502760102,0.37320815041691574,0.37320815042759226,0.3732081508471039,0.3732081509665229,0.37320815119360645,0.373208151491937,0.3732081522342815,0.3732081522957486,0.37320815236910665,0.3732081525034498,0.3732081525944428,0.37320815307397237,0.3732081535133722,0.37320815320108625,0.37320815325937723,0.373208153568844,0.37320815302458926,0.3732081544164131,0.37320815451955364,0.37320815464535023
24,0.1821057228785505,0.193833870242593,0.1938014696357788,0.19353533172620918,0.19351799272084835,0.19377412498507998,0.19378281251853377,0.19378992561369102,0.19378066796312093,0.19384108747648793,0.1937536037738331,0.19375797712051102,0.19372114201538787,0.1934561992010323,0.1930330918553941,0.19307227726132795,0.2242144769095713,0.2246039804364103,0.2250442132193804,0.22503459830416303,0.2250478436043131,0.22509257300932656,0.22513853863776534,0.2251494329393938,0.22510648383432827,0.2251668516277212,0.22518254421328518,0.22523946174251785,0.22524285397233035,0.2253519665007633,0.22534009929703017,0.22533727280583754,0.22533609671681368,0.22531677401541014,0.22536314046183,0.22546816185545546,0.22546688843155127,0.2254724054402528,0.22549076867998558,0.2254904945082036,0.2254809502892728,0.22548106806573864,0.22548476680878718
25,0.20565739878645464,0.2160378234451122,0.21601130783649466,0.21598719635609087,0.21597386975778698,0.23508161190992913,0.23507674165979534,0.2350798056085268,0.23506950720631115,0.23507765688668714,0.2349728704932579,0.23465619991551775,0.23452367041463584,0.23295951628172937,0.23252302183196114,0.23258080577387336,0.24575084405587366,0.2464593332081031,0.24819771297291146,0.24816886666809318,0.24820191207065495,0.24831669159646927,0.248427617526484,0.24845439181353043,0.2483482490582358,0.24851156210574207,0.24854790929911452,0.2491935760479087,0.24921084755129347,0.24963266925498015,0.24959897583469212,0.24959062654096836,0.24958678066743403,0.24948321278729835,0.24964276693689183,0.2501122935229841,0.2501071243949806,0.25012009807048524,0.25017714283269005,0.25017627354532634,0.2501463881978442,0.25014912327929933,0.2501595223644289
26,0.23928853160875163,0.2453792302272024,0.24535719442901358,0.2453404782597287,0.2453223626393317,0.2755679389602096,0.27558249552871544,0.27559009867794104,0.27558452617320744,0.26753194075419273,0.2674962358283443,0.26926211335409483,0.26980405666622037,0.2774409954062466,0.27702160442941726,0.2769434443834332,0.27737766627652594,0.2778906931279928,0.29010390768002486,0.2899178178276206,0.28993087833730613,0.28997375806985665,0.29001829660005296,0.29002908878532335,0.2899866974059026,0.2900796891645574,0.29009067770367714,0.2901989859394922,0.290199528190556,0.28987177815571313,0.28985390651966214,0.2898499824852801,0.2898481346157493,0.29008413016439616,0.2901103561877925,0.28706539050274327,0.28705904377121955,0.2871191039765207,0.287284300842522,0.2872811706721973,0.28719979625092706,0.2871939437853324,0.2872317508760153
27,0.27105735201857145,0.2725449212084745,0.27255022449389416,0.27256069739436173,0.27256773059933465,0.27985280371250104,0.27996471927746835,0.28000137010947673,0.2800033679645731,0.27510680732562814,0.2747980754685612,0.2767556036905358,0.2773740569196744,0.289197319726267,0.28836436637459845,0.28820784611089467,0.2895617917576974,0.29077823335132064,0.3301658209802463,0.3300655569234044,0.3300697673164341,0.3300797259153176,0.33009506123951,0.3300983356744261,0.3300847188931153,0.3301434272046406,0.3301445393018152,0.33006852701467726,0.3300575310288505,0.32982880850622964,0.3298033538694509,0.32979808694946644,0.3297960810736161,0.33002187283450185,0.3300067184212599,0.3265761979233193,0.32657263887763216,0.32662428611148336,0.32676864503930875,0.3267659781804189,0.3267015678915554,0.32669221512313695,0.326723167065924
28,0.29876038616991574,0.29874238637683437,0.2987174178564693,0.298696605952344,0.30201116926221544,0.3021317740003895,0.3021339009978879,0.3021421557276493,0.3021271425441734,0.3021646312890457,0.30202329844016923,0.30179810109372546,0.30167371729175957,0.3043219844325421,0.3037863534474501,0.30370898436869076,0.3050076720733173,0.30581008835477286,0.33176534158140175,0.3315723178714593,0.3316374898605168,0.3318634137379987,0.33210042768531967,0.33215778182525796,0.3319367513892843,0.3325227744547147,0.3326023056979111,0.33278979339040615,0.33284302366603036,0.3449486051698925,0.34488568574018785,0.3448718565026552,0.3448672907637281,0.3449208652813018,0.34491745721460143,0.34433633285900045,0.3443349926012293,0.34436844681601014,0.3444675143327565,0.3444658157271409,0.3444270505220369,0.3444198222886223,0.34443910278895745
29,0.31586411858249763,0.3158574531771994,0.3158642411846974,0.31587868853466744,0.3361160363591414,0.3361437497140208,0.3361356438345081,0.3361401202607687,0.3361260585791482,0.3361546975768639,0.3362017577963321,0.3359552223630701,0.33577167654964946,0.3356384641896097,0.33531819378745736,0.33532106850086035,0.3361197151971382,0.3362895346963711,0.3443436457499024,0.3442758418978179,0.34431384286730077,0.3444536948215024,0.34457677920707497,0.34460799941012804,0.344490082477858,0.3451465810628108,0.345175920257595,0.3454441931150744,0.3455580811486363,0.3565642917316857,0.3565646050143135,0.3565644635533979,0.35656472239381276,0.35650954560317244,0.3578325174525889,0.35816200927367625,0.35816006135843065,0.3581666829399022,0.35821343559995295,0.3582134132329092,0.35819796349942457,0.35825137146396074,0.3582587229579971
30,0.3378238186000514,0.33779520056999096,0.33778597662195053,0.3377962174782246,0.34640219832202124,0.34643930015515084,0.34649704169820994,0.346534117427015,0.34651153114877237,0.34657600163237046,0.3732557770407498,0.36237331892598446,0.36023486065256144,0.3701283216966242,0.3707648453347895,0.37056191936972405,0.370874187366423,0.3728302162903637,0.37473237519662,0.37459379730941617,0.3746403397488618,0.3747280484246934,0.3748895780518959,0.3749270902051882,0.37477221723448956,0.3709302572814743,0.370953434304932,0.37114437547439527,0.3710232608903141,0.3729572456346538,0.372856984335383,0.37283430973697623,0.37283480423611126,0.37289780836165903,0.38550572562525276,0.38539207269220654,0.38539821579275146,0.3853783635696766,0.3855311434401582,0.3855318758237496,0.38556886540719293,0.3850643477648162,0.38508561330725594
31,0.401596335656393,0.4006685906740527,0.39985255579763035,0.3992323561666849,0.3988981655390897,0.39914860211763675,0.39861087851080057,0.39855618142925114,0.3983953509695436,0.3982665324099691,0.39662149015839276,0.39402153806227813,0.3936937996647262,0.39622098946425843,0.3963088575051817,0.3962737640425403,0.3961507124085811,0.3957751012692925,0.39541003004324016,0.39538514419012294,0.3953898443345864,0.3953346183799547,0.3953662416544986,0.3953696479466441,0.39533655414604235,0.39319627594292955,0.3931157395158362,0.3930117739892016,0.3916438078203138,0.39134994906884096,0.39136165796466776,0.39136495212068395,0.39138469321282066,0.39138690492374745,0.394231948306177,0.39401059349058615,0.3940220787261806,0.39398358196177435,0.39414749116023706,0.3941489733602666,0.39420860599136964,0.3925332124241862,0.39255600848955485
32,0.41443525168010653,0.41486543062641196,0.41521615138040646,0.415524940446502,0.4156867037527755,0.4156342853297802,0.4195282807876412,0.419532897707416,0.41960107294238985,0.4196580125167852,0.41989395730173595,0.42033601076440497,0.42287015062344274,0.4051482338689933,0.40437603311616716,0.40460257703845925,0.40440676204507414,0.39913044073990933,0.39797954169651817,0.398087065845671,0.3980871481588439,0.3991795052565875,0.3990962856335135,0.39906939857785706,0.39913785945484537,0.3987181554690052,0.3986011629093975,0.39840194381119437,0.3925845489057676,0.3923327447935629,0.39233408902623684,0.3923349806506786,0.3923593455299208,0.39236637676178177,0.39226005559299054,0.3922266254974728,0.3922338747368056,0.39223563802523065,0.39231758321708754,0.39231592055442527,0.39231829850493555,0.3916797017411191,0.3917167859676294
33,0.3957857895532957,0.39535906617856015,0.39488981513204097,0.3945703792147907,0.3943615446734253,0.39453503251790056,0.3960981548860523,0.3960439200853355,0.39587073247081883,0.39578955992179077,0.3949657747223577,0.39008307538777115,0.3958193397171918,0.3967882963083187,0.3966911339431694,0.3966387835144622,0.39666775062446974,0.39379284537534087,0.3940729657548099,0.39400021616993386,0.39412727825428306,0.40008043215301214,0.40000432302469124,0.3999775954442918,0.40003631352694125,0.39992933418228627,0.3998645632367054,0.3997155106724989,0.39615659509434303,0.3958252054073646,0.3958618813020235,0.39587301990313956,0.3958978392188321,0.3958775879426042,0.395605438614074,0.3954546078499085,0.3954715861347779,0.3954407960935979,0.39534729812062924,0.3953128610751536,0.39535423437984346,0.3954031441414678,0.39543446735388044
34,0.37889739149023505,0.37872082003857926,0.37966422440576353,0.37942416267998214,0.3792731359781816,0.37941568329681963,0.3792021848073704,0.3815520386758631,0.3814441711477316,0.3813977940557163,0.38070099628659154,0.3827652356149816,0.37995933967393736,0.38787690466702074,0.38820494563189684,0.38803832428009105,0.3880698200518603,0.388469957018976,0.38897171294371385,0.38887297310357677,0.3888513711990111,0.3923869576566169,0.3923816342948017,0.39236947711351755,0.3923528917754268,0.39233914928195235,0.39232419745888064,0.39224120545167473,0.39125691982160155,0.3909842226639268,0.3910158626766286,0.39102860397268663,0.39114298948693843,0.39112296073559266,0.3909069009440629,0.3907480727878836,0.3907795548497755,0.39074381366433386,0.3906393616742372,0.3904150022083664,0.39044299963380735,0.39048669841968875,0.39051394502742154
35,0.3816871741608267,0.3817364163011331,0.385713074292432,0.38561362334951743,0.3855625490409233,0.3856593906780638,0.3855524003512044,0.39338876079647817,0.39351352282094615,0.3935150665068717,0.393538721786881,0.4042303418084023,0.4012624346775529,0.38739317042475757,0.3870978959005064,0.3873168488288769,0.38722156978835937,0.3865127867662916,0.38550655670543343,0.3856804964874113,0.3849657220698735,0.38535633499451444,0.3852414887495062,0.3851979952619354,0.38525017208300827,0.38508132171754544,0.38503474281995226,0.3849185122408821,0.38476591096389556,0.38435901105590864,0.38441513137135447,0.38443963767932315,0.3845297964431075,0.3844922206290802,0.38422951875445366,0.3839932469251986,0.38405607565451605,0.3839962619005676,0.3838418700184291,0.3830569565920882,0.38306687455707633,0.3830751902968406,0.3830721561051128
36,0.38247521003450385,0.3825347229283328,0.3900022005078051,0.38986967793957156,0.3898004658008159,0.38990970667316527,0.38981041757523494,0.3940326330416219,0.3932914710458725,0.39327377456842866,0.39281931777736084,0.3930097518605065,0.39208325343810396,0.38023560324792693,0.37978411063758444,0.38054882281537167,0.3804378360024313,0.3791263985184397,0.37773388595966195,0.37798516146881,0.3765507586850345,0.37629256610152945,0.3761960118702727,0.37615212107374896,0.37614337662169206,0.376000689560428,0.3759624710257722,0.3758689344807164,0.3758853459813214,0.3755835946106954,0.37562694398609375,0.37565702814152163,0.37568761850417565,0.3756593005400988,0.3754686928725813,0.3752877558279567,0.37538081193816797,0.3753341711613769,0.37521443331389737,0.37456562368120094,0.3746733076042669,0.37467132568542794,0.37466053880135564
37,0.3827113360246466,0.38273761907889714,0.39063586427433167,0.3904767568381421,0.39039218343451404,0.390513273987745,0.3904099759836464,0.39101955727984045,0.38261725141005887,0.38258848568912335,0.3818091587826102,0.37507767977774437,0.37428067626255185,0.3719543764465195,0.37181574042435844,0.37280547297403466,0.3727367076701754,0.37212196947172893,0.37148969926928194,0.37159920539208807,0.3707931438420904,0.37068056143048567,0.3706390929622459,0.37062069439375905,0.3705840695043057,0.37053414785762795,0.370522770024941,0.3704822913795804,0.37047862975502205,0.37038221141668043,0.3704036986953312,0.37042030929098907,0.3704416204333862,0.3704357706722984,0.37038043527378467,0.370336196175209,0.37036339685458425,0.3703523675627071,0.3703248464492397,0.37014574758841823,0.3705174041129693,0.37051491664972624,0.3705098469448329
38,0.3829907997588099,0.38298763857863316,0.3882090877929795,0.38810423457476106,0.38805595908255774,0.3881489195375961,0.38809112210049695,0.3883739295461961,0.36255605930929313,0.3625618053454948,0.3623317384819155,0.3597664959471541,0.35939869065994456,0.3616991055381386,0.3617944845200598,0.36226916384632746,0.36234614597519926,0.3626817668466161,0.3629401595560194,0.3629064833371072,0.3625397142098094,0.3625901355184087,0.3625921224270908,0.36264116167363364,0.3627473508745136,0.36282954962398717,0.36284815371484136,0.36291973324066357,0.3629500996707589,0.3631129438034618,0.3631532371562526,0.36316031110850433,0.36318075374804476,0.3631900700808902,0.3632836604649675,0.3633773373368442,0.36310261769901614,0.36311148010810756,0.3631804486916553,0.36315961693466847,0.36462881344076736,0.3646288133743314,0.3646288133652113
39,0.15706052358582726,0.16343593760251332,0.16341841281261724,0.16177753979370207,0.1617703592180479,0.16182575048675535,0.16182029262154948,0.16182344194171153,0.1618124577433,0.16184159368631965,0.16174351529901193,0.16145180158442282,0.16132246136666084,0.15957196150484818,0.159162529635475,0.15921616410862724,0.1719731638037393,0.17226811506701586,0.17310516086391917,0.17316682705890046,0.17318043438408892,0.17322897047637267,0.17326095758037974,0.17326900984773838,0.17323426000320305,0.17329479597653155,0.17330085938309867,0.18736638028273667,0.18737730839466138,0.1878783995007946,0.18780306219933682,0.18778554856573948,0.1877785504524413,0.18777993754425887,0.18804393695374524,0.18833436243044147,0.1883262483827333,0.18837745652977758,0.18853065620662662,0.18852765419049122,0.1884473305616669,0.1884429908307038,0.18847712800244532
40,0.17862947834968881,0.18959136712812547,0.18956521417762717,0.18909770968577214,0.18908522404405287,0.18923924563449263,0.1892404222243895,0.18924584078289522,0.18923485173126356,0.18928727097617287,0.18918534177673244,0.18905887112315492,0.18898695528875487,0.18836667068714588,0.18794008919950042,0.18798306164767586,0.22299288719744165,0.22299288711758644,0.2229928917000897,0.2229928907308825,0.22299288942660322,0.22299288822056218,0.2229928870655726,0.22299288579163942,0.22299288457465888,0.22299288379190288,0.222992882525059,0.22299289715390339,0.22299289645406212,0.2229928971261381,0.22299289630864536,0.22299289550358084,0.22299289475115583,0.22299289388439789,0.22299289375904768,0.22299289425141858,0.22299289349880333,0.22299289324502833,0.22299289293408206,0.22299289219462726,0.22299289142456127,0.22299289071944012,0.22299289018658244
41,0.20401940031936247,0.21459894625072484,0.21457678695414004,0.21455682038799023,0.21454494120958925,0.23196173624149197,0.23195820535093495,0.23196049848375602,0.23195279139717542,0.2319469023750014,0.2318680753833236,0.2316081950720803,0.23150242542878396,0.23063721415426863,0.23033457151175027,0.23036208405635492,0.24196782405440168,0.2426568197103355,0.24360123315875637,0.2435153820604746,0.2435450357136209,0.24364610763717795,0.24374901333835747,0.24377400129906507,0.2436765764414836,0.2438161329686725,0.24385071550214213,0.2440735309411478,0.24408337491065976,0.24434938003801304,0.24432279105809743,0.24431652830742992,0.24431362566392337,0.2442390244383843,0.24434888425581477,0.24460720101728714,0.24460413736345674,0.24461534678008176,0.2446594403020136,0.24465894592040732,0.24463488543409947,0.24463565141615035,0.24464374849081807
42,0.22536481685289267,0.23332109311431484,0.23329876353324863,0.23328091072021653,0.23326484178530776,0.2737372172264383,0.27373721524251915,0.27373721350648755,0.2737372127990838,0.27373720237987603,0.2737372054212267,0.27373720764001197,0.27373720697873244,0.2737372025228637,0.2737372000378889,0.27373719835629234,0.2737372129348812,0.27373721248062766,0.27373723187459853,0.2737372309442059,0.2737372306420531,0.27373723043144205,0.2737372302302008,0.27373722993861266,0.27373722954770424,0.2737372295779131,0.2737372292860458,0.2737372310892578,0.2737372308931346,0.2737372304798782,0.2737372302164398,0.2737372299570335,0.2737372297120713,0.27373722991234467,0.2737372298346645,0.2737372228150592,0.2737372224076127,0.27373722233917114,0.27373722239539683,0.27373722200580514,0.27373722148954027,0.2737372211162469,0.27373722088490404
43,0.2606714545652542,0.26369923277863266,0.2636870751237105,0.26368050329624126,0.26366413899127195,0.27829182688252363,0.27833982055994577,0.2783596213504871,0.2783524481168152,0.26825855391289016,0.2681077401830523,0.2706322199312419,0.27141638657691963,0.2839235634368362,0.2831149193385175,0.28297128178841324,0.2836016838795681,0.2845446174035752,0.31199941354934196,0.3117993343624178,0.3118010911482286,0.3118005005421514,0.3118033024949904,0.31180342990330817,0.3118015563405487,0.3118617120587551,0.3118541678962881,0.31173919184287857,0.3117238813298592,0.3109033738583809,0.3108873380662563,0.31088436641622735,0.3108828232359069,0.31132608757252794,0.31126031396110165,0.3047337050676128,0.30472775525736484,0.3048043122915494,0.30501376844191874,0.3050098325102153,0.3049127560667784,0.30490089362946093,0.3049473312068626
44,0.300211063409404,0.300197787371369,0.3001858728888859,0.3001773281209069,0.3047830437197019,0.30482806234663395,0.30482429471142836,0.3048288526796918,0.3048172223130536,0.30486490096108787,0.30490144725111135,0.3048387513997584,0.3047481697972033,0.30602066170379516,0.3057681887090947,0.3057289274557032,0.3066083364748465,0.30706148455318527,0.32323118161988496,0.32314064372603535,0.32317798255789415,0.32330808115260423,0.3234429169194166,0.3234757971871133,0.32334921652578946,0.3237286195615098,0.3237725838297327,0.32388931181909775,0.3239330521062644,0.33439253250885737,0.3343926280074147,0.33439307747685865,0.3343931655868804,0.33437128223941065,0.3341329614849606,0.3336977447583249,0.33370123463014933,0.3336859293900098,0.33363595086654524,0.33363666570027906,0.33365753286069133,0.33365911562299,0.33365052996168476
45,0.32054421615869316,0.3205553243805664,0.32058340208788116,0.3206179361318679,0.3457362762076524,0.3457362766413548,0.3457362755029309,0.3457362744995084,0.3457362740849967,0.34573627350452946,0.34573630232327124,0.3457362941990774,0.3457362919534342,0.34573628150245456,0.34573628376982396,0.34573628357568176,0.34573628522831346,0.345736285239846,0.3457362921632503,0.34573629248244514,0.3457362925523483,0.34573629248978793,0.34573629243273973,0.3457362924785152,0.34573629266475586,0.34573628300601417,0.3457362827489874,0.34573628374584625,0.34573628378353916,0.3457362987229041,0.34573629901614067,0.34573629926711796,0.3457362994981135,0.3457362993484188,0.3457363105511401,0.3457363114689164,0.3457363119724214,0.34573631205789956,0.345736311116686,0.34573631158128426,0.3457363120641132,0.34573631233614377,0.34573631277142763
46,0.3390782452306687,0.3390567941572374,0.3390542497329306,0.33906949009629933,0.34656250198502064,0.34658844190600246,0.34664571185280474,0.34667964050422195,0.34666271310370494,0.34672137190279034,0.37114545601916393,0.3622473647750247,0.3604101314965164,0.3699053716577501,0.3707973951635077,0.3706050981084996,0.3707275597395855,0.3725354841840638,0.3732392961247347,0.37313820824578986,0.3731704489166167,0.3731901327607694,0.3733100649255734,0.37333619530294754,0.37321967534857403,0.3677617431077879,0.36774810915589673,0.3678325292771846,0.3674800665518532,0.3683398685934735,0.3682702422286099,0.3682548475925524,0.36826065315760237,0.36831148706684314,0.37712172084601786,0.3768858106040172,0.37689610191795014,0.37685084573783256,0.37707173987308495,0.377073748083563,0.3771456995851032,0.37615067900572746,0.37618198028902433
47,0.4088942247701501,0.4080030458391601,0.40723338260943975,0.40665257513791386,0.4062651798712466,0.40649005681932576,0.4059636876493947,0.4059008112906527,0.4057564590370123,0.4056185928166429,0.40402102468713647,0.3998486155035599,0.3989082856134318,0.3910417559070742,0.3908998217618603,0.39094096043005133,0.39074891067248907,0.3891162436654295,0.38828808762469197,0.3883043370692781,0.3883000766868968,0.38825990169884234,0.3882553252724615,0.3882489476909628,0.3882478603448278,0.3857279213538,0.3855945055892528,0.38543235097054174,0.38311326296616044,0.3825296403503363,0.3825667676450081,0.38257581643607974,0.3826079249109774,0.3825940029504023,0.38445162231877,0.38415736039130405,0.38417118457802807,0.3841151057897177,0.3843173559650946,0.3843204905932239,0.38440281732406906,0.38175644167117695,0.38177879642792856
48,0.41659936890216104,0.41713729313170106,0.4175930797876315,0.4179824685676162,0.41818086080197653,0.41808982462054256,0.42158470016018207,0.42159610626168464,0.42168772568990404,0.42176770859038387,0.4220678793142399,0.4224825188798652,0.4254423796090732,0.4008285629834002,0.39972317553471914,0.4000476355352241,0.39982723174395335,0.3923987801774451,0.3909381353634284,0.3910944922128238,0.3910875089778921,0.39210685267990797,0.39197320958588266,0.3919334738026248,0.3920473607245975,0.39148442477186496,0.39132158155847785,0.3910897272120577,0.3834178705553286,0.3831390898422838,0.3831521368824895,0.38315538562035434,0.3831840105974804,0.38318073414777515,0.3831421357423821,0.3830734019546839,0.38307969597413605,0.38307051590843844,0.3831470936281578,0.38314753086676584,0.38316281862245877,0.3824321814599128,0.382463309104992
49,0.3954792798254738,0.39506427044897224,0.39460299449390024,0.3942943486940533,0.3940867800173982,0.39424675628879297,0.39567565228722107,0.39559229775012544,0.3954376097468708,0.3953529084416136,0.39460163610826954,0.38976422983613285,0.3961698052783692,0.3925351795673282,0.39224652242220287,0.3922637314980692,0.3922368344972864,0.3878890052635989,0.3877224297970035,0.3877199717864543,0.38782425617599464,0.3921974308715343,0.3920627988166877,0.39202071030515206,0.39213057981300853,0.39197337577988206,0.39187940814805794,0.39170281031670184,0.3876655138112293,0.38721779332357903,0.387276573298608,0.38729450657160686,0.38730171550907744,0.3872665494847636,0.38693446332914977,0.38671755761313753,0.38673877813502505,0.3866911358106831,0.3865598276343311,0.3864993329931605,0.3865601541398498,0.3866462979777777,0.3866998933315874
50,0.3789615721024891,0.37879790643608047,0.37959486370977524,0.37936714008882283,0.37921923022836923,0.37934995990241155,0.37913355671467847,0.38114788012888173,0.3810568132854778,0.3810063142883346,0.38034789699503885,0.3824107938636707,0.37972530195576987,0.3845832649704311,0.38480620814487476,0.38469646248073436,0.384683772409297,0.38474475965260074,0.38489142207123034,0.3848518509515622,0.384743646268861,0.38725064924946334,0.3872123681309803,0.3871914250287544,0.387202220948056,0.3871448318605981,0.3871167121637534,0.38701666281356545,0.38599102442756844,0.3856556277058669,0.3856978673935375,0.38571406189787966,0.38584593045771226,0.38581872129514627,0.38556961296554065,0.38537540668599357,0.38541165510044106,0.3853671702834603,0.38524143595076715,0.3849376879769896,0.38497271230666524,0.3850150325617672,0.3850433697709597
51,0.3821282093836028,0.38221257974604944,0.38704489482027726,0.3869701367606763,0.3869343540211353,0.3870153412675785,0.3869314097865282,0.3960977112813939,0.39630044920580365,0.3962958114340874,0.39648453309319104,0.4075645893739083,0.4058154463748752,0.3844606833101204,0.3838721539946214,0.38432781448536235,0.3842009476393396,0.38272689486697126,0.3810571321897623,0.38135887629251647,0.37996451819192206,0.3798447634414126,0.3796803971858141,0.3796228283379351,0.3796969922571353,0.37946918498846033,0.3794057990995391,0.37927784213484494,0.3792680665067494,0.3788031363992412,0.37887295673357374,0.37890580086240716,0.3789370425202928,0.3788896712628595,0.37859855470293935,0.3783251877751022,0.3784078362756836,0.37833098204772414,0.378153890227329,0.3767741761678008,0.3767741764582204,0.376774176537167,0.37677417652892276
52,0.3826083731745112,0.3826898917820044,0.3900449812884851,0.3899396596696915,0.38988578061633666,0.3899772182070333,0.3898947028989948,0.39443024053724873,0.39393064217079515,0.3939198008674021,0.39363069006846624,0.39630505351542433,0.3954313650401542,0.379385237668729,0.3787595499888265,0.3795328872564017,0.3793954973490419,0.3776010986647265,0.37577469767543675,0.3761083585457997,0.37394379411918827,0.3736845812314495,0.3735680132011001,0.3735192119316251,0.3735163110885994,0.3733515334654659,0.37330690835101,0.37320616617589714,0.373226375412615,0.37289746435759086,0.3729487489782442,0.37298572526001095,0.3730015391851162,0.3729693864966648,0.3727636731924427,0.37256821413045316,0.37266838332789237,0.37261594014376587,0.37248836482134356,0.3718848909468572,0.3720704121586976,0.3720683789757428,0.37205748005045736
53,0.382925674773412,0.3829666737683011,0.3904085437016155,0.39028977226681766,0.39022928739543045,0.39032457383853847,0.39025156402266037,0.39065154956969195,0.37891017698690177,0.37889855828203894,0.3783836082666408,0.37311411852464343,0.372467274078657,0.368496332451729,0.36823333441544515,0.3689803545175014,0.36890240437645755,0.36797581113905875,0.3670740364745585,0.3672377824218531,0.36586412444279304,0.3657496763939079,0.36567560825176215,0.36565223585208106,0.3655911563882453,0.36553137918216655,0.3655167613448853,0.3654808368606919,0.3654781491309371,0.3653860670120034,0.36542375339463007,0.3654473269081861,0.36548314518219277,0.3654764417431557,0.3654293824392261,0.3653963663559411,0.36542846671615936,0.36541489826804663,0.3653970993971374,0.3652728506714017,0.36603102778916796,0.36602897138118295,0.3660209193747549
54,0.3830330611799044,0.38306350229017755,0.38949378926223116,0.3893936239486236,0.38934531079251006,0.3894301889706966,0.38937242615055795,0.38967300672854055,0.37131845420385556,0.3713159667931659,0.3709930528159456,0.3673327898408808,0.36684098302112517,0.36445547039593496,0.364285840292321,0.3648311421972311,0.36479062099661447,0.36419479335289157,0.3636161538181219,0.3637238810114166,0.36270695583989027,0.3626378608811603,0.36257378891385195,0.3625610912804115,0.36250565147201236,0.36247552352883894,0.3624679026586395,0.36245552590851055,0.36245700421461086,0.362423448417753,0.36246180528849736,0.3624790693189937,0.36251112781208583,0.3625084844438812,0.3624965291545968,0.3624959595868831,0.3624910108168319,0.3624807010903186,0.362484621342217,0.3624285358212593,0.3632817967303252,0.3632807518090496,0.36327311485761815
55,0.3832671941030917,0.38324369825014204,0.38596051992955893,0.38589199051953216,0.3858637724775089,0.3859309844928549,0.3858974731018864,0.3860608335499297,0.3645112713999045,0.3645004174519077,0.36422721292346355,0.3619623077570287,0.3613163559287702,0.3574235858697729,0.35732542271968054,0.3574344302937419,0.357596240439223,0.35748410140995357,0.35755212144815995,0.357578097527093,0.3577341769607462,0.35772678648810297,0.3576006123387246,0.357660410279852,0.3588322563921725,0.35876123713673347,0.3587278226761647,0.35877484578370566,0.3588070631301648,0.3587098816193905,0.35879260662500273,0.35880751583671694,0.35881358851087475,0.35878160067092296,0.35871392641505834,0.3586241801798016,0.35717606628623455,0.35716099555551,0.3571489281445073,0.35715922830668745,0.35740637831287075,0.3574097741031702,0.35740361112868746
56,0.13924184418223537,0.14223417548496545,0.14222485820678288,0.14101257249493826,0.1410087382962245,0.1410317879746142,0.1410280316601816,0.1410294510153245,0.1410233317695114,0.1410360189835419,0.14098315430680147,0.14080298859570567,0.1407241194225634,0.1395635565271797,0.13933614560849641,0.13936847507478597,0.14341588168055547,0.143659594858642,0.14424038679376766,0.14426530917743854,0.14427724537376074,0.14431969602644965,0.14435296059992397,0.14436129164588193,0.14432655336340472,0.1443825394372287,0.1443915937514264,0.1712096633504957,0.17120966237103674,0.1712096623409769,0.1712096613107899,0.17120966022118722,0.17120965919110967,0.17120965823840775,0.17120965760452322,0.1712096571160524,0.17120965605684574,0.1712096556339171,0.1712096549675634,0.17120965390988824,0.17120965293141513,0.17120965192110923,0.17120965111142383
57,0.15545085102444775,0.16150527494733707,0.16148940557180266,0.15977156539621035,0.1597651274833422,0.15981369137028933,0.1598085819758142,0.15981145845696698,0.15980136067411016,0.15982746457823926,0.15973741369946548,0.15946490768455757,0.15934423957157903,0.1576784848356184,0.15729987569801548,0.15735010473037012,0.168650182035459,0.16900298456896612,0.16982662234067308,0.16986908041254092,0.16988622085385968,0.16994648428209674,0.16999522626002403,0.1700075972763697,0.16995765226903964,0.17003636954793927,0.17004999409900567,0.18433805438152506,0.1843472533875743,0.1848364230639938,0.1847596286087523,0.1847420247512742,0.18473520892528197,0.18474411929078396,0.18500870274427525,0.1852956988919175,0.18528803748981656,0.18534322710515755,0.18550358077399914,0.1855005850279789,0.18541692820933398,0.18541176522413003,0.18544801253793997
58,0.17682293600123566,0.1873885552865758,0.18736706859020794,0.18679672763566152,0.18678687117655612,0.18689763564065648,0.1868966116839838,0.1869008978472648,0.1868907391212324,0.18693454604289414,0.18684094036139479,0.18668437275943925,0.18660637413828202,0.18594443243774703,0.18557065788946714,0.18560705021077092,0.21609536717850114,0.21606569534484396,0.2159557796401008,0.2159795944297862,0.21597753507298578,0.21596930944594478,0.21595947114222236,0.2159571779900183,0.2159667233596127,0.21595211173413575,0.21594785937739333,0.21628701800785,0.2162861884236371,0.21624711925129825,0.21625264061024668,0.21625406365617397,0.21625454386797732,0.21624136764088744,0.21621966766021092,0.21620852751519648,0.21620955525223798,0.21620292961256424,0.2161851146824641,0.2161857420359246,0.21619427182067996,0.21619480970291485,0.21619031705375996
59,0.19482896974740832,0.20644313921977261,0.206422580934139,0.20640187966252246,0.20639170442788246,0.21484583054722223,0.21484399063197304,0.214847198168323,0.21483885044431528,0.21485563147622963,0.214773901218493,0.21458305524796933,0.21450009158489974,0.21415482013871132,0.2138654249262765,0.21388108332851405,0.2295978738418811,0.23042889058991659,0.2311737034802043,0.23112042894207144,0.23115056810138124,0.2312512959781533,0.23135622146033635,0.23138137812074483,0.23128353687475814,0.23141701176613336,0.23145245099417425,0.23135233630667418,0.23135842543799065,0.23155276714403858,0.23153077389879947,0.23152573136347285,0.23152344836960603,0.2314601152277624,0.23154215677214524,0.23173363740059855,0.23173189888204251,0.23173936148039057,0.23176704175385546,0.23176696054369655,0.23175136586856182,0.23175164711262708,0.23175637580585765
60,0.22249725157685477,0.23082896203726824,0.23080984768565016,0.23079475627906004,0.2307796434594996,0.2679366375095011,0.2679348875922939,0.26793385244944407,0.26793468328252007,0.26788642401425666,0.26788737734593726,0.2677577781243801,0.2677154645805001,0.26703750915975044,0.26696464472281783,0.26698073342508316,0.2675248662642039,0.2673642880175694,0.26728548821253945,0.26714573068228803,0.2671417108474536,0.2671261110199646,0.2671084615008256,0.26710425023216866,0.267120793886687,0.267099045090491,0.2670902616346783,0.26699346308172134,0.26699039785370926,0.2668132865090999,0.26682361514248326,0.2668261725953736,0.26682676550860657,0.26690661310997676,0.2668497207138019,0.2659720148122472,0.26597353616520725,0.2659615409898047,0.26593354416476966,0.26593428777017547,0.2659470640235969,0.26594754515209645,0.2659399290154454
61,0.2607086608046566,0.26373686002586,0.2637289924294357,0.2637260363901786,0.2637064217569638,0.27827668536414113,0.2783170112756448,0.2783332701289007,0.27832805659906695,0.26810140705301605,0.2679585426953918,0.27021011449196886,0.270928002290034,0.2824314218185502,0.28156864780382657,0.28144536662433095,0.2815565640607588,0.282243242910055,0.3039523162644957,0.3037959272858694,0.3037661596477249,0.30365563058496253,0.3035315365160206,0.3035006157025904,0.3036175405505934,0.30354400759970657,0.3034847637637558,0.3032495194892235,0.3032292733785731,0.3021958540611037,0.3022227600229634,0.3022295977739625,0.3022311525019835,0.30284470262724034,0.30261602496408474,0.2934235654033351,0.29342164517972186,0.29345700297985694,0.2935669535157604,0.29356519777930123,0.2935221242523426,0.29351457892999255,0.2935350207350043
62,0.2996752336417279,0.2996666540179644,0.29966274681097077,0.2996609139790621,0.3036982407047122,0.3036964573745878,0.30369014911745296,0.30369138620842584,0.3036846253642121,0.30372566901418235,0.30386298126531847,0.3039251577149006,0.30388294941170996,0.30417725991452804,0.30420859961262553,0.30420239875066146,0.30468230058936674,0.3048112388725834,0.31285627989947956,0.3128835666821737,0.31288660340264707,0.31289763333230086,0.31290479451374636,0.31290679633899665,0.3128988590088053,0.3129387902883699,0.312938480487271,0.3129695305936967,0.3129938476888323,0.31874058116399495,0.3187878191994614,0.3187987958794443,0.31880227946240836,0.31871605685254184,0.31835871888518885,0.3181728052942576,0.31817867570160074,0.31813080052909176,0.31795704579925543,0.31795929631685416,0.31801631265826713,0.3180250829870814,0.31799992861116005
63,0.31811943618577276,0.31813555417901673,0.3181688810256666,0.31820694558155765,0.34067083581237356,0.3406484201245124,0.340649509032952,0.3406477754746715,0.34065186519589485,0.34065422337606854,0.3412420534457576,0.3419027874158871,0.34200238623681645,0.3404380748152277,0.3411062853957777,0.3411574126341226,0.3411855676954114,0.3408217549012359,0.34056232607476533,0.3406682942096283,0.34064472292662284,0.34055645011611624,0.3404655971583967,0.3404436057657616,0.3405260963250267,0.3391717443178362,0.33914457523714775,0.3391112096480137,0.3391151001254369,0.3397175695092683,0.3397701514783897,0.3397822290353124,0.33978590430460165,0.33970173163496514,0.3393349295665648,0.3393154120817033,0.33931990791319694,0.3392792056732602,0.3388711777784781,0.3388724462789687,0.33890521703531623,0.3389019499483741,0.3388987807679235
64,0.3368738535708186,0.33687631536455753,0.3368962857104601,0.336927934183997,0.3466870843699551,0.3466938658371842,0.34673998525317884,0.3467646629772787,0.3467569076279099,0.34679805839767247,0.37849027715889616,0.3659629293134643,0.3632871044297951,0.36431460742385013,0.3654981867127463,0.3653731417083152,0.3653838427804701,0.36672585275436614,0.36632705630576223,0.3663148822468136,0.3663226174907374,0.3662553342817102,0.36628586434218807,0.3662901207310512,0.3662557325622678,0.3585304987143499,0.35848675916716377,0.358513988428335,0.358132712654522,0.35838798298042984,0.3583444185882294,0.3583349882082389,0.3583427195124882,0.3583768848274242,0.36420538860938534,0.3639795451566645,0.3639894140042312,0.3639448185628374,0.3642322058749833,0.3642343864308956,0.36430497922748933,0.363193648178023,0.36324272910121774
65,0.38574823418535065,0.38528070083632215,0.38484305798203333,0.38449008376417654,0.38430170990624346,0.3844638560988897,0.3841097092132835,0.3840819841552311,0.38396991477489945,0.3838961312635162,0.38246339333466467,0.3795760518190272,0.3789564815773806,0.3776916375755686,0.3777159443467216,0.37772075780348807,0.3775450541826628,0.3761385752300258,0.3753465691342498,0.37535450803711284,0.37535503909121043,0.3753475879293825,0.37535363410563566,0.3753498082960167,0.3753387636618587,0.37179117282238217,0.37164185510516007,0.3714924917265846,0.36916879685072806,0.36856689162506434,0.3686127566738446,0.36862356838413174,0.3686617364614545,0.36864060507054347,0.3702907934725303,0.3699337421275319,0.3699479014908199,0.369873835435834,0.3700988242560871,0.3701038496081924,0.3702093054197456,0.366154078909261,0.3661540795327035
66,0.4139308187995354,0.4144142135754699,0.41482306330942725,0.4151911116734046,0.41538035025555764,0.4152875863504725,0.41946059513129014,0.41944370361024286,0.4195559348173211,0.41961459029405074,0.42021896987764373,0.4216326524519959,0.42671390627646255,0.39778808818961453,0.39636593174414186,0.39677788844445205,0.39658479796935164,0.38624579312434243,0.38468004135043665,0.38487803272803117,0.38488453411603846,0.38641452832968315,0.38621654833369334,0.3861606814001234,0.3863322878816789,0.38592678970320377,0.3857426408728099,0.38550196597614966,0.37426314967578067,0.3742631480549136,0.3742631486137106,0.37426314906045827,0.37426314946665135,0.3742631496639228,0.3742631489760511,0.37426314840189234,0.37426314879429196,0.374263148756623,0.3742631490160789,0.3742631493529763,0.374263149909293,0.37426314804573735,0.3742631483722159
67,0.3978378885339802,0.397586951448198,0.39727951673561096,0.39709933747938153,0.39696680745253426,0.397069962991724,0.39887141732494324,0.39876470973788714,0.3986720921558752,0.3986101647804397,0.3981935059020304,0.3944016242180254,0.40306978288758444,0.3896599389423048,0.3889853029579786,0.3891383659095566,0.38907633580619383,0.38216117409540923,0.3814449828840752,0.3815423894669562,0.38162325244865547,0.38433262975457755,0.3841319362006834,0.38407524459599673,0.38424620083978817,0.3840412123524646,0.38391698799179796,0.3837338508965288,0.3796288304717284,0.3791764157875742,0.3792404672852572,0.3792616463505456,0.3791501293195963,0.37911382519243975,0.37881066421348814,0.378606959079689,0.37862525618571385,0.37858077455335754,0.37847595234654147,0.3784228374025322,0.3784793746495034,0.3785631513311603,0.37865651982077836
68,0.37822722449796137,0.3780351980536427,0.3783657017435524,0.37813862703518103,0.37798521381132016,0.378098612093742,0.3778752832958628,0.37897834794386004,0.37889982764783287,0.3788399128370773,0.3782518788828093,0.3790991231576251,0.37724636696121017,0.3788478617088168,0.37892375433216474,0.3788885099750059,0.378858593511149,0.3786261418385609,0.3784912107648952,0.3785069738984119,0.378356918081012,0.3795122537380557,0.3794605854424301,0.3794400175348891,0.3794689617147248,0.37940086406395396,0.37937146090110646,0.37929506189444434,0.3785626068670273,0.3782993312163594,0.37833521321868224,0.3783487048227239,0.3784632568120905,0.378439709751843,0.3782528275263635,0.37810044175029495,0.37812768194724755,0.3780914051316789,0.3779951080630848,0.37772375631834343,0.37775169463631164,0.3777803647333768,0.37780651700645496
69,0.38212994194044786,0.38223797166695545,0.38621547188644584,0.3861705525415434,0.3861497476993301,0.38621164206762304,0.3861361900014807,0.39370769804497907,0.39392857981842805,0.3939326827387641,0.3941302620079061,0.4110337552536746,0.40754285140943636,0.38274182303390464,0.3821211649199005,0.38253202427361527,0.3824145350960857,0.3809392740822026,0.379199404543286,0.37951953704191377,0.37796638936054544,0.37784972040382186,0.3776655125433073,0.3776068510343674,0.37770340043921463,0.3774622605951459,0.3773936131540347,0.37727189172775705,0.3773044614597799,0.3768383697594371,0.3769131041764613,0.37694340016640127,0.37689285310709936,0.3768420032619627,0.3765511168546313,0.3762759089393786,0.37634910357088064,0.37626089014981434,0.3760854256038272,0.3751233679492305,0.3751504503908936,0.3751526628078037,0.3751519668762432
70,0.3827269522164615,0.3828269612363222,0.3901145386856625,0.3900306257059223,0.3899887027851935,0.3900657944061416,0.38999646686816514,0.39471882548005155,0.39437771483839945,0.3943708595115557,0.3942031309083491,0.3989696528052594,0.39813814720072227,0.3791164251020923,0.37837676379861596,0.3791354707787236,0.37899233047231834,0.3768990108688057,0.37482125085264284,0.37520591059388975,0.3723517847929189,0.3721272799536992,0.3720167855282004,0.37197267324637656,0.37197034997395456,0.3718200252078328,0.37177877387618663,0.3716914951508146,0.3717152645557831,0.37142465160612803,0.37147320024374714,0.37151075639928266,0.3715099345827837,0.3714801729614603,0.3712977345937403,0.37112299619125166,0.3712158027882076,0.37116655602594006,0.3710531381941764,0.3705971848099998,0.3707999535771177,0.37079851592181196,0.37078933715319345
71,0.38300798075371667,0.38307206969456137,0.3910298939619805,0.3909202052661955,0.39086276482238225,0.3909482694192355,0.3908787195218901,0.391281518417813,0.3828321445932279,0.38281637953219,0.3823043177557151,0.3772774260653791,0.3766911903857426,0.37008232451489015,0.36964906555483923,0.370327018908198,0.3702232309173534,0.3688063672319683,0.36745698017002504,0.36770785062133493,0.36573957349828407,0.36559476439637834,0.3654776229660393,0.365434336966821,0.3653766483781168,0.36527172964259097,0.3652440731357368,0.36518876588692023,0.3651813084704391,0.36501419235814936,0.3650581315066551,0.36508413838658815,0.3651282522258008,0.3651130943070927,0.3650236098877779,0.3649463768279802,0.365034397560232,0.3650050992890171,0.36495799405951546,0.36485906968367565,0.3653969066988701,0.36539622412110406,0.3653816530920883
72,0.3832151623916203,0.38323847519765236,0.3883415434589585,0.3882658757330749,0.3882313557778658,0.3882989572744686,0.38825805586558204,0.3884698054141052,0.3616588373472573,0.361659228192834,0.36157214553956335,0.3604746995259918,0.36033045920122925,0.3590150172588986,0.35890457836991857,0.3590846298673832,0.3590629238669347,0.3586907916823157,0.35835651001263336,0.35842010765854077,0.357998756786238,0.3579546450886828,0.3579027946920356,0.3578812086327752,0.3578582710048209,0.35782113439889873,0.35781082527843533,0.357794852196801,0.357792531502795,0.3577369090163571,0.3577493795821383,0.35775826303210645,0.357773007917563,0.3577674843141139,0.35773975624110566,0.3577153274309762,0.35775226185468384,0.3577363949774294,0.3577208894459514,0.3577147577872798,0.357954044910364,0.3579545387352556,0.35794708633689815
73,0.38326210255973026,0.38327153700421607,0.3874912193448468,0.38742127356039885,0.3873903836699167,0.3874548328926362,0.3874182542630415,0.38760411671405465,0.3553456130018788,0.3553456140565424,0.3553456113051654,0.3553456064596913,0.35534560619461525,0.35534560436444984,0.35534560434562495,0.3553456058206538,0.355345604283326,0.35534560359061446,0.35534560176993185,0.35534560250769537,0.355345602132329,0.3553456025263286,0.35534560263172094,0.35534560309084934,0.35534560675167154,0.3553456069815277,0.35534560750466027,0.35534560570518325,0.3553456062155453,0.3553456060484094,0.3553456065213272,0.35534560712914764,0.355345607691287,0.3553456080473563,0.3553456082253365,0.3553456083078093,0.35534560376744867,0.3553456038231675,0.35534560401210064,0.35534560440051427,0.355345606159911,0.35534560655717795,0.3553456068300613
74,0.3834210365905112,0.38338848261492564,0.3847672423403744,0.3847187959425287,0.38470096480184907,0.38475254642957724,0.38473165826323696,0.384842718160842,0.3733241902133497,0.37330246074124473,0.3729010952692549,0.369711076406958,0.3687893584464619,0.3621843279552232,0.3619715979694869,0.36206753356674326,0.36228225990759994,0.3619095196831498,0.3618626601437324,0.36192208889225563,0.3621243153911556,0.3620890112302423,0.3618749068305716,0.36194518005924814,0.3651301265731627,0.36501720238770025,0.364969789374684,0.3650101825103604,0.36504124414552214,0.36487714217980477,0.3649025180345065,0.3649348710050769,0.36494257015321246,0.3649020123769167,0.3648044377442539,0.36468349993870675,0.36035596822793375,0.36035596814480286,0.3603559680478745,0.36035596826985056,0.3603559687375073,0.36035596893279315,0.3603559690098967
75,0.13771587593788656,0.1404373878265939,0.1404290577640216,0.13932670637246222,0.1393232012874814,0.13934342855968757,0.13933994624902704,0.13934114251464655,0.13933569200585236,0.13934673347649393,0.13929985116634588,0.13913709220833964,0.13906586105807964,0.13798872573230375,0.13778422828794162,0.1378141174391981,0.14133584548844405,0.14155115262148868,0.14206905707249953,0.14209042444303105,0.14210132759318606,0.14213999840201152,0.1421708572059701,0.1421786487917001,0.1421465645207171,0.1421980900218468,0.1422067947587697,0.16616667711238103,0.16616661148098252,0.16618055908913,0.1661774768292453,0.16617685271184948,0.16617669346188607,0.16617967570093636,0.16618971014485975,0.1662019782969298,0.16620179060844606,0.16620536914896067,0.1662148172343448,0.16621468499321587,0.16620998389511518,0.16620954292386608,0.16621186102773777
76,0.153446558900942,0.1591063532404516,0.15909392912312292,0.15728225245908087,0.15727717729465593,0.15731373907508053,0.15730944708749117,0.15731172718215838,0.15730358489135776,0.15732390935375928,0.1572513350631852,0.15702453318318005,0.15692410111078184,0.15545851873175523,0.15514605754340133,0.15518903736971779,0.16414600696160547,0.1645599894693912,0.165299313804065,0.1653073804961036,0.16532941642746113,0.16540571764072026,0.16548062730974283,0.165499877498181,0.16542657976293113,0.16553196554490018,0.16555824968322022,0.17853249998915308,0.17853813584311198,0.17895429860308204,0.1788840565363294,0.17886839813963637,0.17886266446534574,0.17887947052795652,0.17911513491360934,0.1793653361037782,0.17935934512991294,0.17941416319744544,0.17956731157446645,0.17956476508942668,0.17948528814704454,0.17947949050812037,0.17951477775925387
77,0.1698631508387601,0.17890840484448586,0.17889206581387299,0.1779241615765935,0.17791693276880605,0.1779817423247899,0.17797816398672853,0.17798107869435342,0.17797192352672345,0.17800337219292542,0.17792059129010274,0.17771582033952518,0.17762225275892696,0.17647609905171716,0.176132252572998,0.1761732779908252,0.198332246421499,0.19850487578150222,0.1986877597417331,0.19869380298122866,0.19870334743086332,0.19873536591901703,0.19876959169372582,0.19877858299762696,0.19874582854602188,0.19878944423054537,0.19880218028375962,0.20159599887459523,0.20159713249145186,0.20170454323187378,0.20168465065966143,0.20168047332300512,0.2016788964311742,0.20167033681209623,0.20173467990201585,0.20181795574296066,0.20181677917254934,0.20183102661680816,0.201872529327593,0.20187217745014288,0.20184966599343054,0.20184785545012457,0.20185704181640934
78,0.1976813207587934,0.20899161803259622,0.20897541865969732,0.20896039905312433,0.20895151023658481,0.22007992465549242,0.22007761681065877,0.2200793566649737,0.22007374756845713,0.22006644232093087,0.22001026383511554,0.2198200979065087,0.21974290541558825,0.21935894604244122,0.21915602066852533,0.21916330587855445,0.2301486437466813,0.2306874987357262,0.2309318609311078,0.23083097075445275,0.23085024534715218,0.23091334346327738,0.23097786435870268,0.23099346718292518,0.2309333098283277,0.23101273149888835,0.2310329708805506,0.23084564707850694,0.23084876202983798,0.2309166606671093,0.23090814104083934,0.23090633359069898,0.2309051197634486,0.23085272116344524,0.23088061979352972,0.23085455893499518,0.2308544498651043,0.23085114640009102,0.2308498792974837,0.23085042267061928,0.23084857374441783,0.23084921923162283,0.23084702026507858
79,0.2256105196017073,0.23355186435209543,0.23353916265137603,0.2335300905327117,0.2335150606997207,0.2731782321324456,0.27311828633238755,0.2731041211480217,0.2730934974890686,0.2726047795280991,0.2724558944912571,0.27121095133502976,0.2708690718230781,0.26620871021366843,0.2658284917991388,0.26591282214724415,0.26494072152963005,0.26410462160998166,0.2659739997058379,0.26555701689130107,0.2655316583374571,0.26543958388043337,0.26533482106140693,0.26530942693386433,0.2654074566048153,0.265291813184263,0.26524476419818505,0.2649984707178376,0.26498809625208336,0.2642800889485425,0.2643249576355688,0.26433567597615515,0.26433851769071953,0.2647548391175213,0.26452775887271734,0.26058267713041416,0.2605874384866486,0.2605454043169884,0.26044715267296886,0.2604495745813092,0.2604967411517265,0.26049944380264384,0.2604728634695392
80,0.2598081106666583,0.26297269295180975,0.262966092127942,0.26296410334117143,0.2629432292413119,0.27815545525723595,0.2781906521198798,0.27820476481367196,0.27820038214157256,0.26747650825818686,0.2673590458081308,0.26959924249426737,0.2703091114006445,0.2813155349268389,0.28042396458329527,0.280313459012495,0.2802200953192413,0.28077200152308096,0.2997744320097923,0.29962274148428664,0.2995820126499084,0.29943346790202063,0.29926467847502697,0.29922286024436173,0.29938148816971283,0.29926147767788935,0.29918373728819747,0.2989205042679857,0.29889936948084367,0.2977299799996867,0.2977750033842102,0.2977859277832106,0.2977887439787228,0.2984910889285895,0.2982031744703784,0.2878339896359962,0.28783332958657454,0.28785323063597007,0.2879256624299513,0.28792471297932026,0.28790134080483754,0.28789598492549245,0.28790685796094545
81,0.29535449444124295,0.29534712093001214,0.2953373510538515,0.29532887624263937,0.29537216515888126,0.29539960908774343,0.2953991146662142,0.2953999579093029,0.29539808499912484,0.2953938833703723,0.2953560482480556,0.29531987270380156,0.2953129625731742,0.29589857702436256,0.29581060762414224,0.295795290390372,0.295898949878502,0.2960231476887044,0.29913179545238333,0.29911962137821724,0.29912181070492305,0.29912876381920417,0.29913611006468116,0.2991377967996872,0.2991310874205932,0.29917629924925443,0.29917757320776583,0.29916780802400045,0.2991697344539759,0.30013301264156567,0.3001291449171637,0.30012837598885134,0.30012808850240974,0.3001571657717241,0.3001248552163916,0.29961136246384734,0.29961204792628127,0.2996093174264216,0.29961148371018226,0.29961165900342474,0.29961638115388906,0.29961619600538675,0.2996139593290107
82,0.3133299080680761,0.313345999126753,0.3133788042606229,0.3134143984393977,0.33082600055374817,0.330774143498768,0.33077364674229554,0.3307702302412322,0.33077654305123005,0.33078681707900665,0.33172746761928235,0.33284136036941114,0.333025364497069,0.3304358863059525,0.33182803989624293,0.33193469995986274,0.33205960209082536,0.3312849785076922,0.3312305088964117,0.33145393112051613,0.33140596478196443,0.3312319364643803,0.3310455406723931,0.3310007534240877,0.33117000329386065,0.32915170115860803,0.32909613067287113,0.3290376980245113,0.3290554425249892,0.3307915885209555,0.33091608660823346,0.33094459951924077,0.3309531607652304,0.330752072687761,0.3298839354803796,0.32983419692450194,0.32984457809095197,0.32974377480156847,0.32881949545398337,0.32882291836817223,0.32890783650522454,0.3289282381716946,0.32890744418552714
83,0.33278927093998856,0.33281508177209906,0.33285938449648794,0.33291082947084455,0.34666927573946393,0.3466546617407081,0.34669655824701795,0.34671322242446473,0.3467161915407235,0.3467419691354365,0.382651849721012,0.3682039417115087,0.3651386534492516,0.35863631164525683,0.3601225738060807,0.3600841417465455,0.36004909217602504,0.3607789044142093,0.35954937005202925,0.3596308234063007,0.3596147336244407,0.35947449347156557,0.3594132491315709,0.35939594369396927,0.3594459524499237,0.35006271601650746,0.35001553587567047,0.350033873057439,0.34980523523039797,0.3498439328293801,0.3498067246847355,0.34979867539028897,0.3498033221648895,0.3498255552277606,0.3541044582229661,0.35398768837150507,0.3539944004077058,0.3539698511310233,0.3541687622052547,0.35416991095897,0.3542113290788092,0.3534499642165932,0.353509549623848
84,0.37072409401415285,0.3704832958069839,0.37026091317073956,0.3700848036208756,0.370069971301304,0.37016191245839486,0.3699936732423536,0.36999249984788934,0.36992825908034727,0.36991270718898683,0.3690693889968581,0.3682904084680597,0.36820890415820756,0.37234450158985105,0.3725423870406067,0.37251457619691475,0.3723559328369585,0.371460225008001,0.3707270584245792,0.37072793973692414,0.37073055743438593,0.3707200564179231,0.3707326549203128,0.3707307068362673,0.37071389956495915,0.36665950891158694,0.3665216982443788,0.3663895494608608,0.364359701588958,0.36379353998537445,0.3638377017058706,0.3638480453562717,0.36388477144288156,0.36386380518496986,0.3654224118093874,0.36506632755561613,0.3650798184899374,0.3650045891899116,0.3652164044146427,0.36522161547756116,0.3653285222317096,0.3619249908045356,0.3619732115574449
85,0.42140051878196744,0.42214059172818635,0.4227878590891726,0.423313784408785,0.42355894018000223,0.4234006427425893,0.42591139674933276,0.42593863018274036,0.4260631062056467,0.42617752543135284,0.42649631998517074,0.42590503224200105,0.4282908592755165,0.3913935136043281,0.38973052539913283,0.3902074991652015,0.3900050671266996,0.37870168960062894,0.37700066747265093,0.37721959225721063,0.3771976804463857,0.37781148048911906,0.3776067915065813,0.3775507762132889,0.3777307041524813,0.3770973505746584,0.37687822224924555,0.3766464291944113,0.36924637312362835,0.36880737586151213,0.3688597176826994,0.36887180929949837,0.3689099748710487,0.36887574592354366,0.3688314327814556,0.36863540684158486,0.36864242075914544,0.36859799903093987,0.36866773703866107,0.3686739772351554,0.3687318223365313,0.36793742148859626,0.36789142755386217
86,0.4004822769305277,0.4003963152823294,0.40024920902270283,0.40020042493167673,0.400145653024149,0.40019240804234374,0.40247727280367485,0.40236438798084384,0.40233363279723605,0.4022967053571343,0.4022396809944584,0.3999188784708957,0.41104099121672233,0.38909153783467987,0.3880489423771549,0.38832458226331856,0.38825434952721644,0.37869542846980603,0.377582334776261,0.37775855542637843,0.37782030953671786,0.37957809137699156,0.3793204797414995,0.3792521230941818,0.3794761505648082,0.37922951366413843,0.379081450559218,0.37890010194541357,0.37506754748031224,0.37462833095674225,0.3746938418698492,0.3747176602839315,0.37440307290672387,0.3743693659475794,0.3741089202663148,0.3739337603964911,0.37394733112224543,0.3739095302796469,0.37384017059175584,0.3738162957745334,0.37386466860250434,0.3739287832971114,0.3740610529705324
87,0.3737275208197334,0.3736224472119291,0.37361512838331246,0.37354607295215353,0.3735076363855352,0.37353846274406033,0.37350316012655543,0.37369325453555646,0.37366598124242906,0.3736589952268916,0.3735442195089546,0.37380015582414483,0.37366482279484703,0.3766042321131235,0.3766423330774613,0.37661532046573565,0.3765955610809011,0.3760580565626878,0.37596935790614194,0.3759794018609673,0.37592946608189326,0.37668873358473737,0.376648773890789,0.37663416771785035,0.3766611364947317,0.3766143442594363,0.3765901000310827,0.37653723659717214,0.375896280493221,0.3757204749838862,0.3757447691214853,0.3757541468525561,0.3758063394824156,0.37579110637498575,0.37566846109925356,0.37557072977660716,0.37558648050507226,0.37556425502261875,0.37550498104180224,0.37535743206376726,0.3753779834208941,0.37540006604071796,0.37543129494083327
88,0.38244476687701895,0.3825893509236249,0.3867768125500546,0.38676427858159024,0.3867623333312531,0.38680363532418516,0.38675033486852917,0.3945186278452247,0.39480525790064247,0.39480909360704225,0.39513011301694945,0.415868475319504,0.41242070809367154,0.3821411995139763,0.38137516530607696,0.38186342762719233,0.38174726125943215,0.37986987711360676,0.37784483670022745,0.37822438334701775,0.37600865998477756,0.37573676219196395,0.3755443009544974,0.37548835821415555,0.3755863596395302,0.37535420747269976,0.3752861464950419,0.3751837229332575,0.3752880882655167,0.37487587189850113,0.3749500093143633,0.37496977772597695,0.37472242444377846,0.37467245835313007,0.3744111361331531,0.37415882213410884,0.37422508495184775,0.37411950613877154,0.3739628276390174,0.373359676218122,0.37340634931001465,0.3734072936097971,0.37341741462518013
89,0.38292347537464766,0.38305735471371666,0.3901008005256713,0.3900553570005297,0.39003503779129683,0.3900869279738051,0.3900401276250029,0.3953568474706526,0.3952798725105874,0.3952779367695533,0.3953352916363816,0.4048148366270437,0.4040275864994322,0.38034514847624706,0.3794702738063108,0.3801669323568876,0.3800352180117901,0.3776265412932048,0.37530647954054225,0.37574555721556546,0.371580864589587,0.37148264748985704,0.3714290163293324,0.37140912479593896,0.3714102319386036,0.3713412598641186,0.371321777506485,0.371284913433997,0.37130078126437205,0.37117128856528087,0.3711950736880901,0.3712154281248098,0.37119715577364387,0.37118259364706935,0.3710991966664146,0.37101726118859024,0.3710612956132001,0.3710352645001358,0.3709821524760166,0.3708250598381861,0.37091903267535503,0.3709188587656565,0.3709153158695315
90,0.38309600950465905,0.38318218654320746,0.3915754936487336,0.39147482777726605,0.3914205190750899,0.39149641539522956,0.391430298844924,0.39184023752757774,0.3862030159150461,0.386182834281081,0.38568101796228577,0.38116013115968556,0.3806484263326983,0.3721794252274841,0.37163358091722376,0.3722437080424046,0.37213319229391306,0.3704170538399037,0.3687971369778929,0.36910375834431997,0.3666854969105226,0.3665406450649515,0.36639093929929495,0.36633544966896714,0.3663165265167986,0.36619402288538044,0.366160568928854,0.3661014037852905,0.3660912393368836,0.3658955149206331,0.3659394250138249,0.3659548414696997,0.3660034600359565,0.3659842299812931,0.36587918145581444,0.36578234350645555,0.3658671934006714,0.36581740136224333,0.3657551528620703,0.3657089630937293,0.36603365568652635,0.36603442704020245,0.36601606867099146
91,0.383285362630216,0.3833383341596758,0.3893404988002701,0.3892741996645011,0.38924305705064166,0.3893005269217652,0.389263813454649,0.38946692909818015,0.36823121493736805,0.36823259928968644,0.3681499680045522,0.366866283156018,0.3667707775460855,0.3644192486238782,0.36416555273630674,0.3643996330916082,0.3643415930668056,0.3635217345424083,0.36280915237413586,0.36294087595052954,0.36210891393407046,0.36202511119819436,0.3619219007436904,0.36185208571947836,0.3620514575603549,0.3619881304278333,0.36197277459168686,0.36193362439692073,0.36192260463491094,0.3618271579424916,0.36177237016092734,0.3617894145301407,0.36181521108003784,0.36181086996861334,0.36177382129493607,0.3617462220930922,0.36158308644819653,0.3615424131944705,0.36151579658872585,0.36151686714362186,0.3616023232870696,0.3616022260224557,0.3615935669928872
92,0.3833369098197813,0.38336185677280493,0.3878363749956608,0.38777569099816384,0.38774865094562233,0.3878039950308673,0.38777215123671355,0.3879415850497053,0.3573242778141076,0.3573309431249104,0.35741901123923037,0.3581091520345637,0.3583244812486488,0.3598607772028115,0.3598203580521324,0.3598403802430348,0.35982692660312227,0.35972638564659287,0.35965573281414576,0.35966501430968345,0.3594767620351332,0.3594735497152847,0.3594593585983538,0.3594171639835109,0.36003040066098174,0.3600607945584811,0.36007248015380766,0.3600722129059063,0.36006746265647166,0.360124812898808,0.36000562708582096,0.36002227110102986,0.3600310551450636,0.3600449239650211,0.36009857223937375,0.36016225903930515,0.3593703536617978,0.3593694748090083,0.35940243350536477,0.3594044097941882,0.35935217403835457,0.35934948776250875,0.359357678568235
93,0.38346810107865054,0.383451123993902,0.38524990403532416,0.38520513321228406,0.3851875706861998,0.3852332388703687,0.385212583122671,0.385318227676107,0.37087113435250985,0.37085964368473695,0.3706270972815707,0.36878077104227236,0.36821635846476,0.3640520899680202,0.3638823475613304,0.36393791964394007,0.3640887550911801,0.3638073254202796,0.3638065037313312,0.3638381859317281,0.36398737878597526,0.36396888980051084,0.36382990000683113,0.3638368481642124,0.36726113654298664,0.3672199900676049,0.3672011645789362,0.3672280538576418,0.36724394786034015,0.36719407935352943,0.367058393501399,0.36709376261985144,0.3671004385474054,0.36708714564711886,0.36707357768633647,0.36705335465437466,0.36388837511848493,0.3638998532746213,0.36394586886188723,0.3639459814639501,0.3638846331688846,0.36388177068318467,0.3638933387310491
94,0.12489030529823923,0.1254595170945789,0.1254568071750295,0.1252259666562143,0.12522493209570795,0.125231096956339,0.12523005168970494,0.12523045939328087,0.12522862458835232,0.12523204705703217,0.12521694384210114,0.12516600703377284,0.1251435749787303,0.12487532033220361,0.12481345085595581,0.12481948813729167,0.12571180167835178,0.1257772523029426,0.12597206810574435,0.12597829777420702,0.12598164727676198,0.1259953355988476,0.12600534448242737,0.12600751239557567,0.12599583371440493,0.12601468651132097,0.12601702796657885,0.1307560760421508,0.13075787922621035,0.13078561783716505,0.13078323958588217,0.13078221943219348,0.13078140363801224,0.13077418564156384,0.13078460285022442,0.13079417377376534,0.13079289058961258,0.13079115156001314,0.1307919939555639,0.13079145107670448,0.13079007579316862,0.1307903247853852,0.13078993391906174
95,0.1376828433139821,0.1403989132906392,0.14039139856293095,0.13929186440137714,0.13928860687235073,0.13930680051434247,0.13930354188771618,0.1393045704030018,0.1392996580966745,0.13930954080096156,0.13926728034458222,0.1391184194210515,0.13905328977362091,0.1380370495018493,0.13785042733711517,0.13787861032675439,0.14113548734961737,0.1413541340280563,0.1418374404240628,0.1418505311503657,0.1418622038104507,0.1419030674519129,0.1419389959742024,0.1419481938627041,0.14191192395481425,0.14196802600595834,0.14197954141018038,0.16484424383496613,0.16484323075230292,0.1648228208276516,0.16482459680347547,0.16482525977173143,0.16482572298772352,0.16482906460369565,0.16482188114089966,0.1648172535077843,0.16481790179155711,0.16481897278333868,0.1648199073927897,0.1648201299647229,0.1648201072363024,0.16481988098716807,0.16482040690634917
96,0.15513149303364665,0.16112580166840904,0.16111557234702356,0.1593816159202271,0.15937686315669497,0.15940800143985756,0.1594038540464347,0.15940558319954193,0.15939870749041546,0.15941568541948353,0.159354415804011,0.15915380708532337,0.15906538180830215,0.15769642068081655,0.15742433124692823,0.15746349888778727,0.16622785036918944,0.16658162780267544,0.16715413229291687,0.16714988255480467,0.16717085662396158,0.1672431236903466,0.16731955840635873,0.16733948775638138,0.16726561040738258,0.16736808117607252,0.16739686111828042,0.1763839530397674,0.17638751049381385,0.17671139120271448,0.1766542451767723,0.1766417762457681,0.17663728876439444,0.17664913157868686,0.17683887762332745,0.17704012829206012,0.17703569750915263,0.17708214851974902,0.17721132200505843,0.1772093865371238,0.17714192795764017,0.177136668655928,0.17716651851981696
97,0.17023139727000347,0.1793577620296963,0.17934334286425713,0.17839752112915258,0.178391095776113,0.17844804196435948,0.1784448031690648,0.17844735092469965,0.17843923660873962,0.1784673464508228,0.17839416434361224,0.17821310633037532,0.17813035122150708,0.17713691209204213,0.1768358362539458,0.17687073639280654,0.19800230228932514,0.19805689043270153,0.1980314973882642,0.19805189646860552,0.19805511110612126,0.19806447144006478,0.19807402569609972,0.19807686739156533,0.19806797367335255,0.1980777069052896,0.19808090620088054,0.19991856734468552,0.199918045538783,0.19991636127691995,0.19991461703743615,0.1999146066319103,0.1999145498891352,0.19989491243700738,0.19989578226481006,0.1999178113041101,0.19991864118580446,0.19991636012770567,0.19991168632932382,0.19991236292606188,0.19991351160347623,0.19991342398634057,0.19991168889944294
98,0.18996208746601945,0.2020976986781002,0.20207856247246514,0.2020565733928169,0.20204683065839568,0.20600303267668912,0.20600440305606083,0.2060080830326902,0.2060011180141299,0.20602857566661684,0.20596145311506697,0.20588028924406915,0.20583685258055837,0.20600233097056397,0.20576746526392034,0.2057721626635514,0.22200994408591768,0.2226262636068044,0.22295273167166482,0.22294831864601417,0.22296637620359727,0.22302448626625568,0.2230834729029691,0.2230973724793341,0.22304337909635608,0.22311347415130495,0.22313178910209558,0.22274811355998217,0.2227504429760095,0.22280458046688711,0.222800362739077,0.22279951424263622,0.2227988484563079,0.2227405834217621,0.22275400402910772,0.22283129762608095,0.222831780723231,0.22282513938024967,0.22281096444953957,0.2228117962177485,0.22281744858774757,0.22281855476106194,0.2228137523199414
99,0.22155474034058353,0.23002033940340055,0.23000882189315228,0.23000059970277445,0.2299868777358244,0.2659301008966505,0.2659166249867594,0.26591085840717865,0.2659132996727489,0.26575910096570365,0.26575920589941043,0.26517267461759464,0.26496812961199057,0.26082139643649194,0.2605151040949948,0.2605999652804794,0.26009356561100266,0.25923407378453295,0.2597707399999919,0.2592985708367168,0.2592717056721893,0.25917437468893756,0.259062362191615,0.259035231220421,0.2591400173460365,0.2590102956844802,0.2589603819844438,0.2587042729399306,0.25869475162464106,0.2580347937649953,0.25808406720607374,0.25809576379314914,0.25809887341948085,0.258470922655146,0.2582352600892133,0.25483677929452747,0.2548427760687562,0.25478690667742715,0.2546537938168139,0.2546569840079124,0.25472105838850684,0.2547253316642886,0.2546900432710972
100,0.25265673692198554,0.2568766810732368,0.25687059915774174,0.25686856761877985,0.25684708843111975,0.2772581609568831,0.2772775397809912,0.2772850129144835,0.2772831817201165,0.26388130313993036,0.26400217627171585,0.2668609400196835,0.2676461673614741,0.27711412979559885,0.2762008177894973,0.2761348914089616,0.275509361149357,0.2756515126853217,0.2895505347473303,0.2892894544929789,0.2892407671284061,0.28906376220015667,0.28885960554330326,0.2888090659277515,0.28900086134289,0.2888371091057304,0.28874324318300604,0.28845140628677884,0.2884298792228747,0.28697343008519416,0.28704232128174706,0.2870586241865119,0.28706300977270943,0.2880186170071221,0.28765228724268654,0.2745961541116724,0.2745949905559203,0.27461466600360906,0.2746728543184636,0.27467190493884674,0.2746475831333372,0.2746437226418951,0.2746551347202031
101,0.29539479924158824,0.2953947976945759,0.2953947960436843,0.2953947944186075,0.29539479907614036,0.2953947998354066,0.2953947990403198,0.2953947983059651,0.295394797991742,0.2953947975847977,0.2953947986280863,0.29539480061831336,0.2953948007952543,0.2953948109353001,0.2953948100545056,0.2953948099150547,0.29539481075122653,0.2953948115847044,0.2953948380094058,0.2953948394744565,0.2953948404187055,0.29539484094639396,0.2953948412847815,0.29539484214295203,0.29539484367463015,0.29539484327806537,0.29539484395420584,0.29539484054560694,0.295394841318947,0.2953948501367465,0.2953948514880955,0.29539485264363585,0.29539485368435525,0.2953948548772484,0.2953948532991723,0.2953948423560314,0.29539484313495956,0.2953948430330243,0.2953948422538241,0.2953948429788869,0.29539484410384276,0.2953948448523849,0.29539484516422837
102,0.313353760189882,0.3133775783026276,0.3134192465921074,0.3134623646172358,0.33082769627111075,0.3307538337474673,0.33075388128989425,0.33074754642592874,0.33075986787165595,0.3307597613598834,0.3319604955665739,0.33346493280107725,0.3337608278307115,0.33007062576882035,0.3322705608861056,0.3324257146350164,0.3324408350924117,0.3312948181415039,0.3295655493319594,0.3298655719381165,0.32979837510899424,0.32955016354947986,0.3292904374805739,0.32922778011220705,0.3294636822064431,0.3258949712162354,0.3258238287552902,0.3257243382498416,0.32573797608047333,0.32609651696062036,0.3262274922164117,0.3262575409864725,0.3262663524354502,0.3260333491937337,0.3252026320265372,0.3251551714530211,0.32516583634516644,0.32506194562044777,0.3236164920698674,0.3236191528470411,0.3236862550396799,0.3236958455363293,0.32369650663863975
103,0.33246539552388393,0.33250365520320563,0.3325608772802598,0.332623086395543,0.34677224095956943,0.3467437308114108,0.34678687896730126,0.34680017865537227,0.34681002881250367,0.3468286056824684,0.38336969610324056,0.36951662094141297,0.3664923637890791,0.3569531473760873,0.35873136314526927,0.3587460344371229,0.3586640143057326,0.3590217040816815,0.35718812864199756,0.3573368900232981,0.3573035493070051,0.357101767283393,0.3569745039139997,0.3569411989199548,0.3570515671599998,0.3456929721187376,0.3456348905042709,0.3456308736523217,0.3454019080146692,0.34527420388167046,0.34525272717718963,0.34524820830800634,0.34525368664790895,0.34526633366789455,0.34823265733716097,0.3481138839223487,0.3481200692449463,0.3480945111462422,0.34832113656630775,0.34832243378106603,0.3483636283718256,0.34761154745290007,0.3476727950328206
104,0.3586151071038777,0.35853296272119123,0.35846622696813235,0.3584218115141223,0.35852748912173144,0.3585592401344632,0.3585338145758734,0.3585485866704054,0.3585268646110971,0.35855017532869893,0.358349860708598,0.359160389205323,0.3594204073016883,0.3650173600929262,0.3652982770944583,0.36526761567469046,0.3651337519819122,0.3644575684867371,0.36377009528641713,0.36377725011865614,0.3637788108251131,0.36377060319250804,0.36377624302852984,0.36377342927743656,0.3637635843583866,0.3596894040083165,0.3595770829604793,0.35946840520590545,0.35777129953835884,0.3572716223433489,0.35731356731787206,0.35732325481206073,0.35735800162118797,0.35733538404938486,0.35837008197892795,0.35806058679306274,0.358071702243615,0.35800458458264073,0.3581276780664289,0.3581327400314226,0.3582290558433477,0.3558307959074404,0.3559437514777539
105,0.4218896902513994,0.4226903048537862,0.4233989461536733,0.42397735654295315,0.42424862506655286,0.42406302640760263,0.42659804761496933,0.42662454441389497,0.4267713416289523,0.42689636929507285,0.42738455775984396,0.4271001674519966,0.4299975814219704,0.3891210250405508,0.3872059982335309,0.3877461443129486,0.3875768570133124,0.3736798224133365,0.37201486829038466,0.3722507827146853,0.3722281653527912,0.372778942974029,0.3725485648096708,0.3724870058993463,0.3726912094778958,0.37226876707042267,0.37205078382692197,0.37183870720820905,0.36536109453476967,0.36497692374822516,0.36502624802809613,0.3650380637473646,0.36506764013478915,0.3650347584201275,0.36493533369276243,0.3647601093375943,0.3647665632583343,0.364725701058628,0.36481013658924843,0.3648174009880772,0.36486773647388987,0.3643389959731042,0.36416352541179764
106,0.40252422866568305,0.40256443820806004,0.4025418866711587,0.40259462760607645,0.40259882757695387,0.402600420204635,0.40526257429828244,0.40514669541750725,0.40516602763822573,0.40514714464959334,0.40538827995841636,0.40436902810136416,0.4175745232584515,0.3892980287445364,0.3879702383117397,0.3883361907837312,0.3882712833068188,0.37633838496241845,0.37496503378831897,0.375198727363969,0.3752375301524071,0.3763402990355589,0.37603878823007125,0.37596182929575933,0.3762260406908819,0.3759472187669977,0.375783315388518,0.3756098409821665,0.3723609277519091,0.37191991095539717,0.3719890720142835,0.37201708913073855,0.3714052810838328,0.37137306509342327,0.371145636404038,0.37098913606336004,0.3709990226781125,0.370964485135279,0.37091802939648394,0.37092002335079516,0.37096330592729626,0.3710079794096808,0.3711852840114347
107,0.37297314273240567,0.37297314461502545,0.37297314718861946,0.3729731494727325,0.37297315082131105,0.37297315069259473,0.3729731527049343,0.37297316014418447,0.37297316048908546,0.3729731620537297,0.37297314233676987,0.37297311276093853,0.3729731122000617,0.3729730960031446,0.3729730953882037,0.3729730969478121,0.3729730944235718,0.3729730848429454,0.37297308119562017,0.3729730821225107,0.3729730813715628,0.3729730832652688,0.37297308300514764,0.3729730832406921,0.3729730841607783,0.3729730836886534,0.372973083752617,0.3729730821854555,0.3729730799887893,0.37297307858693246,0.37297307905276855,0.37297307940224195,0.37297307662906215,0.3729730766044401,0.3729730757920849,0.3729730750565404,0.3729730752830109,0.37297307503589855,0.3729730746319865,0.37297307377011596,0.37297307402065344,0.3729730742117774,0.3729730747760636
108,0.38273671108171575,0.3829180271600832,0.3872075480204676,0.38722862333688485,0.38724619557178125,0.38726608828677117,0.3872350956113189,0.39497234499224554,0.3953159140416226,0.39531876386212583,0.39574329905318173,0.4209335017687874,0.41740752531014663,0.3832484911034414,0.3823990643899959,0.38291070048833603,0.38280724351447265,0.3806750461961244,0.3785225105672544,0.3789317293457087,0.3761742628800683,0.37587785034425664,0.37568326657959594,0.37563386553183137,0.3757285525465913,0.37552314043289564,0.3754603191304034,0.37538326633806546,0.37549751985697244,0.37515954134221124,0.37523289324374354,0.3752132505566888,0.3747881484914153,0.37474233562651393,0.3745236050819646,0.37431013451160466,0.37435845019959674,0.37422496806999334,0.37409782374999695,0.37379190854673305,0.3738264333810741,0.3738280737968234,0.37385077713845544
109,0.3830287921724468,0.3831785104847686,0.39017387170717044,0.3901450797103895,0.39013400347764826,0.3901745480115943,0.39013785873149903,0.39556575782147757,0.395574121541842,0.39557286343006787,0.3957107724137392,0.4071924723557548,0.40644432546550807,0.3815086750898939,0.3806041193642334,0.381262995773348,0.3811431846869293,0.3786782748628011,0.376335033635877,0.37678275781830817,0.3719090285550229,0.3719090279603167,0.3719090273616753,0.37190902728603364,0.37190902756051764,0.37190902694475464,0.37190902683678173,0.3719090262674752,0.37190902647127166,0.37190902536198445,0.37190902574257834,0.37190902558599287,0.3719090253477136,0.3719090252365904,0.37190902451937113,0.3719090237887368,0.3719090240928936,0.3719090235249526,0.37190902303811013,0.3719090224267479,0.3719090229908879,0.3719090229934672,0.37190902295361783
110,0.383247199958142,0.3833542224758285,0.39184304783411605,0.39176678747335175,0.3917259189443482,0.39178404348725565,0.3917345426456372,0.392040641355109,0.38684906465668173,0.38683586721035756,0.3864694694871274,0.3828961864623413,0.3825100503278355,0.37438766320553823,0.37384321360269535,0.3743150050044703,0.3742189406938852,0.3725496739745899,0.37099995251078816,0.3712964926189913,0.3690416340798584,0.36891561565005787,0.3687273407314734,0.36865650380490805,0.36873025613698374,0.36861830292667236,0.36858748060914964,0.3685341996628052,0.36852395688107775,0.36834625539740345,0.36837421170592377,0.3683511219068852,0.3683960034942945,0.3683791787076859,0.36828832939813055,0.36820300464758754,0.36819795313697434,0.36810140142171416,0.3680386885547906,0.3680470213773182,0.3681791899676019,0.3681807379542827,0.36816404636926525
111,0.38340851967671435,0.38347767875692723,0.3894930210152363,0.38944244785686566,0.389418792377038,0.3894625868750837,0.3894349731116675,0.38959992459114945,0.36842691163783603,0.36843198886342565,0.3684674848522094,0.36836623277667785,0.36853979467534964,0.368707927501574,0.3684960813885494,0.3686391124961183,0.3685877279654609,0.3679586107325544,0.367458368349025,0.3675448225773923,0.36686289832098895,0.36681658297570513,0.36675642574339945,0.36665515813380134,0.3673184976664247,0.36732642729636006,0.36733447337774683,0.36731430768844237,0.36730264694697945,0.3673345214468237,0.36708732111818454,0.3671166808058856,0.36713998901589895,0.36715775265035433,0.36721675438999685,0.3672953135940902,0.3667121778903179,0.3666790966230816,0.3667171550047916,0.36672534441706245,0.36667660672156815,0.36667315470313094,0.36668229807474617
112,0.38347475605819537,0.3835166217402516,0.3879444660403238,0.38790048993288034,0.3878809356698159,0.38792086353027694,0.3878981093728685,0.38803152309366756,0.35776710473970047,0.3578033613511913,0.35818589781322674,0.360948238508977,0.3616607984790644,0.3671524764090989,0.36708251011922344,0.3670947030262378,0.3670885205168935,0.366951216643532,0.3669052531712774,0.36690895800641005,0.36672183851802465,0.3667252974638144,0.36675230030724604,0.366639740565635,0.36827985921434514,0.36835447830760193,0.36838173323277656,0.3683882788056021,0.368380514890727,0.368517484396842,0.36807254948969725,0.36811849473983876,0.36813022647161603,0.3681623014239575,0.36829052236965487,0.3684383754269271,0.36714181315929517,0.36715320408505786,0.3672527237498181,0.36725598112097674,0.36714034126727313,0.3671339181909039,0.3671587146919084
113,0.38359075162026973,0.38358788923210313,0.3852860523516762,0.3852545370266869,0.38524199721835095,0.38527377820569475,0.38525912048949035,0.3853372000121633,0.37195593994819853,0.3719522868159937,0.3718682956040318,0.371291166730368,0.3710838284893077,0.37012784789628833,0.3699927179362699,0.37001877041936726,0.37012708754539947,0.3699380172846883,0.370002868872925,0.37000838267107294,0.3701246051853825,0.370126014672879,0.3700995100733018,0.37002342951889833,0.37466106991348225,0.3747139773865705,0.37473081622801185,0.3747500103360424,0.37475105258767416,0.37484892548418086,0.3743829896334456,0.37442019177478647,0.37442399946514493,0.37444212264170884,0.3745282021621263,0.37462363736773524,0.3731271774087828,0.3731546345107687,0.3732570261772524,0.373256557733127,0.37316408332876894,0.37315839414534235,0.37318348968580806
114,0.38391310258879974,0.3838569838573734,0.38383707538041,0.383799888183252,0.3837838402348212,0.38381141233477506,0.38379497487590164,0.38382567155909336,0.383172112394071,0.3831453106797785,0.3828182366173631,0.38018920936975575,0.3794399202928049,0.3738026612012537,0.37365162747669467,0.3736963183475927,0.3738687367146903,0.3736645317225406,0.3737306484775719,0.3737513553301445,0.37389976066400876,0.37389301918820644,0.3737268738017088,0.3738759540573251,0.38177325929664074,0.3817732591817951,0.3817732588789352,0.3817732600016518,0.38177325979709537,0.38177325998697087,0.38177325919345106,0.38177325898122305,0.3817732587249838,0.38177325850604993,0.3817732584953105,0.381773258527381,0.38177325494221276,0.381773254833279,0.38177325486642505,0.38177325454246647,0.3817732540926559,0.38177325376319415,0.3817732535708305
115,0.1243210836414644,0.1248003150361711,0.12479844801859105,0.12460454798118809,0.12460376403994312,0.12460774882934167,0.12460693351271507,0.12460714176440887,0.12460595492762877,0.1246080592612282,0.12459827342236504,0.12456262089325634,0.12454695801117355,0.12429958934666847,0.12425449042556413,0.12426126490820759,0.1248662587219363,0.12489258984759485,0.12499569439675881,0.1250030770683738,0.12500451940028945,0.12501010219814881,0.12501298868202704,0.12501367125263732,0.12500994406666788,0.12501713505371997,0.1250173906548624,0.1288478623388382,0.12884854366919085,0.12885178128965918,0.12885223242432745,0.12885222310553707,0.12885208748146432,0.128848793937061,0.1288483503604373,0.1288473858805008,0.12884715821706988,0.12884517887482796,0.12884208556979254,0.12884206778785,0.12884335242240993,0.12884364136615084,0.12884265523419147
116,0.1382725556021947,0.14109350646587496,0.14108685159639314,0.13994567077239084,0.1399426758027324,0.1399589499430237,0.1399559462743532,0.13995682015158079,0.13995244683339117,0.13996126474009057,0.13992358104418354,0.13978937337094433,0.13973066923441854,0.13879344533855656,0.138626196939672,0.13865196525389528,0.14170668586729449,0.1419462625592524,0.14241057409379293,0.14241146163634155,0.14242492080723584,0.14247158912994232,0.14251718580015596,0.14252892902783554,0.14248414145769414,0.14255054650938534,0.14256682346579197,0.16368734855771772,0.163685525050523,0.16360443525373453,0.16361621584562533,0.16361930965717175,0.163620744247885,0.16361939344282495,0.16357944117286094,0.1635431367477689,0.16354491568768736,0.16353924155413,0.16352174827603366,0.16352250251846256,0.16353200252236127,0.16353250151177376,0.16352879332618872
117,0.15215529794569047,0.15756444101800518,0.15755635311853433,0.1556841723845322,0.1556805488541941,0.1557044718121438,0.1557011888621998,0.15570269392203245,0.15569701567442937,0.1557106310897171,0.15565996826754935,0.15549365509376967,0.15542019625822523,0.15427230520954835,0.15404743734488224,0.15407978492958244,0.16045978750346918,0.16084379362019513,0.1614072051896702,0.16139095441010176,0.161413193904312,0.16148967805451053,0.16157277137527554,0.16159431578790426,0.16151456924293045,0.16162411207307395,0.16165602003776297,0.17095619234857043,0.17095859964556878,0.1712339994316088,0.17118422519389273,0.17117347896450416,0.1711697256080619,0.17118325895911787,0.17134692266967572,0.17151817219825463,0.17151459538086236,0.1715563180733549,0.17167062369608516,0.1716689850800305,0.17160954849375548,0.17160471498765667,0.17163134565775823
118,0.170487854774593,0.17967256605272977,0.1796619171228933,0.1787333030678107,0.17872847327118924,0.17877000817282948,0.1787674472276033,0.17876927557139957,0.17876319730918144,0.17878445391857034,0.17873018597745607,0.17859521025826958,0.17853346137429682,0.1778218577583453,0.1776051463678494,0.17762872450445333,0.19568082819349586,0.1954266101692811,0.19502336415692176,0.19508298809934663,0.1950712703085211,0.19502844410566664,0.19497900925282294,0.19496725997298356,0.195014324633952,0.19494808668700303,0.19492835013489532,0.19556817225135373,0.19556584601970015,0.19539048263993133,0.1954194729635042,0.19542642903913987,0.1954288579561441,0.19538687565312485,0.19528388037007283,0.19522046390871664,0.19522430131511243,0.19519423830051308,0.1951142119920791,0.19511649700605044,0.19515632323419324,0.19515936341366336,0.19513970457670038
119,0.1943928183216564,0.20607645643105216,0.20606598726948833,0.20605636197526184,0.20605017816630186,0.21400268459218816,0.2140010416661729,0.21400189326219576,0.2139986947620715,0.21398585392179006,0.21395389434851209,0.21381931608938073,0.2137658428555153,0.21346979098519403,0.2133415650624139,0.2133449262423529,0.22114603075421302,0.22132101031325982,0.22112560334677994,0.22102037879465494,0.2210243116094584,0.22103449951115434,0.2210408806074387,0.22104245068379663,0.2210368177136719,0.2210402626872912,0.2210387045338675,0.2207580087426624,0.22075803196314622,0.2206799700822377,0.22069015356211977,0.22069268983916795,0.2206930091576921,0.22065341968458002,0.22061219116451075,0.2203707045265475,0.2203726226294691,0.22035343599951737,0.22030849182583742,0.22030990122898053,0.2203297383280898,0.22033151294216977,0.22031906792148706
120,0.21738105953417533,0.22638161737000598,0.2263749149863203,0.22637080177536664,0.22635924783291364,0.257630859011944,0.2576195052241974,0.2576132001379494,0.2576181398575934,0.2574445815134534,0.2574712938535752,0.2569281267115444,0.25673820582220463,0.25229642944379255,0.252007233128517,0.2521031072348109,0.25152179606677816,0.2504761671844443,0.25039682725146967,0.24966776702100124,0.2496308625154627,0.24949816016361942,0.24934293421023399,0.24930530721908142,0.2494503180029881,0.24926918325774228,0.24920057957578579,0.248929571920478,0.24891977217250064,0.24815861789240826,0.24822553910921114,0.2482412519106815,0.2482454314574619,0.2487301645136857,0.24842726629306697,0.2446713978726716,0.24467988064016596,0.2445947060727111,0.24439146387801172,0.24439625040910218,0.24449502920382093,0.2445026100995822,0.2444488029351407
121,0.2499462194560115,0.25456511072722976,0.2545627179175674,0.2545637101269978,0.25454253399159044,0.2769119684035495,0.2769225019074654,0.2769256512794428,0.27692651100009086,0.26347587716146004,0.26358200212437916,0.26603132438300836,0.26671084963660513,0.27397903851449396,0.2730051315080268,0.27298044299044144,0.2720023465840987,0.27180474111563374,0.2818608455232073,0.28154833494027354,0.2814838908365504,0.2812525817202644,0.2809836479570274,0.28091735627649506,0.28116946396339854,0.28093701643693025,0.28081628548678644,0.2805010958513682,0.2804797007067438,0.2788674605733709,0.2789649736890423,0.27898768289600456,0.27899403273892787,0.2802425517953569,0.2797884046417955,0.26383409149159026,0.2638340921603862,0.26383409214103415,0.2638340921670525,0.263834092813596,0.263834093730536,0.26383409436259214,0.2638340946475122
122,0.2923305165676176,0.2923257896407088,0.29232202711051847,0.29231814361904734,0.29232685600290786,0.2923123619992186,0.29230713667826985,0.2923052808055685,0.292305455580918,0.2923057545356859,0.2923398666041571,0.2923177994267123,0.29231326376094213,0.29218349546688405,0.292197327565281,0.2922092416513164,0.2921248140692501,0.291994492141508,0.29145018634023445,0.2914861198827036,0.2914733421704159,0.291426836382564,0.2913757606966069,0.29136337766898124,0.29141010380819954,0.29114320694682433,0.2911177552291597,0.29107478652539404,0.29107275053719023,0.29072350468429264,0.290749315061521,0.29075528214800445,0.2907566007881637,0.29082645504674165,0.2906352414047261,0.2895399976203943,0.28954234230753173,0.2895178801435919,0.2893445556258154,0.28934539984725594,0.2893625156343456,0.28936928429826786,0.28936210240645605
123,0.3160147994293089,0.31605659979050194,0.316118348561968,0.3161796552788336,0.33613801464793314,0.33604350598789684,0.33604194888175215,0.33602976614914726,0.336052207304153,0.33602623277586496,0.33782602892959723,0.3401150497639157,0.3406087382738145,0.3344289009998416,0.33812413174149436,0.33835011715143964,0.33824656194513314,0.33663523992347893,0.3331709312481832,0.3335698855754206,0.3334788545850457,0.3331288856661016,0.33277286274690876,0.3326863436515089,0.3330088756811532,0.3255640241153088,0.3255152553321815,0.3253921418791432,0.3254134142869313,0.32460510116840685,0.32472665670970796,0.3247545059239707,0.32476233172701113,0.3245181029900348,0.32400502790472435,0.3239355635872476,0.32394549379392507,0.32384450923084207,0.32121208799816836,0.321213291896002,0.3212445891820167,0.32124118178659783,0.32127872113743605
124,0.32939742742110606,0.3294570035563654,0.3295370680165155,0.32961824930124195,0.34677080523810855,0.3467138139947292,0.3467510004910269,0.34675460183107554,0.346777247248132,0.3467742580927735,0.3776845969132099,0.36861819777773247,0.3663433761607879,0.3524509915483836,0.35501686287331513,0.3551517424517964,0.3550246843469629,0.35448214593108557,0.35161633460322006,0.3519080324551536,0.35183966404602496,0.3515228913292681,0.35125726651694494,0.3511910328179374,0.35142810178786166,0.3364201169672969,0.33637557937542467,0.3363653819851343,0.3362668566406534,0.33610454411376217,0.33609750276198064,0.33609609740324947,0.33609874990128574,0.33609669842447226,0.3372407410747322,0.3372033154726597,0.3372061659208763,0.33719524053994454,0.33725124720322847,0.3372517431172361,0.3372678367395768,0.33691381192534064,0.33696051174887315
125,0.3754931571688335,0.3753130948955142,0.375141081536961,0.3749963451146484,0.37488233127165416,0.37495660102507805,0.37476588349544704,0.374753442824139,0.374697243362156,0.3746615115897492,0.37372453361018965,0.3706839346280592,0.3696764836148251,0.36095680626404647,0.36068447343988574,0.36076122875257416,0.36066541327796553,0.35830119955748074,0.35771131651640764,0.35774753197840403,0.35774279495671335,0.3577664867881048,0.35774104518005334,0.3577322543724387,0.35775209178928097,0.35585798425774556,0.35573952096449024,0.355649610017513,0.3540018027512967,0.35363285318919085,0.3536693404660129,0.3536776193530338,0.3537151971546122,0.35369388029972176,0.3540312514385104,0.3538317983321725,0.35383874631690015,0.3537956824458512,0.35388625141261654,0.3538905156272793,0.35395370812179394,0.3526964538968119,0.35281124709191164
126,0.4213770014534954,0.4222385427902794,0.4230146732294411,0.4236607709076309,0.4239754135775395,0.42375156216787035,0.4266349170535857,0.4266519756471911,0.4268390481191649,0.42697545475455495,0.42784723020475424,0.4288808425121353,0.4337165304995819,0.3893150142791103,0.3871093873305671,0.3877109665510692,0.3876014739699291,0.3686271285945274,0.3672633326779507,0.36747622046831274,0.3674624931680618,0.36789985033302597,0.3676803138397786,0.36762286048616116,0.3678179186115729,0.36769128268345536,0.3675166979860678,0.36735672549562104,0.3629161510147406,0.36265212169857625,0.3626874323073364,0.36269724060871633,0.3626694480001965,0.36264605448807524,0.3625093522068475,0.36239946936501505,0.3624044953907905,0.3623773422787311,0.3624551571583899,0.36246431857016376,0.3624936386588467,0.3623118075442533,0.36181923796033844
127,0.4051022183430147,0.4052967619059346,0.4054279136924473,0.40560473745165226,0.405679812172653,0.4056254984386473,0.4087628218409789,0.40864665265243083,0.40872732830978314,0.40872873582393393,0.4093429080765548,0.4099548977010778,0.4255927879136187,0.39086777116606314,0.38924310836460474,0.3896948434503892,0.38964618250124067,0.37468181938873146,0.37312015030255596,0.3734017794157668,0.37340485428248626,0.373919208339447,0.3735815067962386,0.3734980511953613,0.3737935381132266,0.3734876366265716,0.3733123312952923,0.3731543970617109,0.37077249466479734,0.370318973235667,0.3703942557433436,0.3704300723459443,0.36925968012534244,0.3692281659197781,0.36903187164975054,0.3688879009105188,0.3688948491581999,0.3688593675609891,0.3688247964937384,0.3688460795630781,0.3688864258359063,0.3689139974136922,0.3691610723972881
128,0.37931959404626425,0.3793213165641032,0.3794783788647881,0.3794309369966617,0.3793929256230598,0.37941697860296814,0.3793211072936222,0.3796641068750509,0.3796598543879708,0.37964058134073375,0.37950009506905713,0.3807648263286519,0.38010096493554496,0.378433550778424,0.37826367677875916,0.3783313912625318,0.37830844114803114,0.3766433595970874,0.3760754456399846,0.376190677564444,0.37567770469921197,0.3754420001380114,0.37534010201316415,0.3753151863151942,0.3753738170997229,0.37528482700857124,0.37524070553468586,0.3752076805937564,0.375250361276762,0.3750861306154361,0.37512273818248654,0.37514318696328514,0.37375518271686986,0.37373263130729145,0.37362555204883796,0.37351763608927246,0.3735351418253917,0.3734560491676749,0.3733967147048438,0.3732893098620769,0.3733063203141375,0.37330972732043916,0.37340651441730416
129,0.38287052595638943,0.38308426865286005,0.38684387281562777,0.3868986552707013,0.38693545968670445,0.3869359510185973,0.38692089900586185,0.3936257872581237,0.3939648501884882,0.39397538036279994,0.3944429596846665,0.4232817615662418,0.4190166106316004,0.38464440205687284,0.3838423719282795,0.38429360496954723,0.38421030198741096,0.3821653050812578,0.38015475994618514,0.38054088244474765,0.37800924130614083,0.37769840207791866,0.37748551891714227,0.37743592345098237,0.3775346518897573,0.3773327381940992,0.37726811078461925,0.3772007305042759,0.37732259779295896,0.377000545363818,0.37708174940522426,0.3770169632869245,0.37638288763439726,0.376335781510688,0.3761228526151528,0.37591281881917643,0.3759519352697152,0.37577420474119,0.3756519675040173,0.3754618553504952,0.3754862468466857,0.3754888851635428,0.3755240448194417
130,0.3831856209492507,0.3833621007962422,0.39016001471662737,0.3901594702578526,0.39016425442691954,0.3901863356495964,0.3901658062659592,0.3960242841390017,0.3961750304641507,0.39617327269465985,0.39645226245499915,0.41208827668482756,0.4113667290008562,0.3844980600291916,0.3835724407792715,0.38416631623470543,0.384069765271466,0.38160639516471323,0.37930752590591793,0.3797524479888099,0.3758555614673722,0.3757577477355152,0.37560844969127066,0.37557572816352613,0.375608518812802,0.37551391988909943,0.3754837803770106,0.3754542922590759,0.375472529559695,0.37531353738933104,0.3753858840136651,0.37524475484592684,0.37519463009257625,0.37517356782698497,0.37508024695257763,0.37498075497363914,0.37499699300435996,0.374849251778027,0.374781730595277,0.3747933692532089,0.37481798485153167,0.3748206112940596,0.37481638150252045
131,0.3833727275151794,0.38349457115830754,0.3919587406048378,0.39190284901648575,0.39187347607805073,0.391917006425133,0.39188178258940287,0.39209868253097624,0.38660888106148755,0.38660274466531985,0.38636569401817245,0.3836709703212883,0.38340481672029847,0.376956738573229,0.3764943643051261,0.37684284992850436,0.376765858771026,0.3753768999120188,0.3741123558919604,0.3743535630636278,0.3725818834355408,0.37248028405493794,0.3722829652711667,0.3722031338669525,0.3723828132141393,0.3723048280367639,0.3722844754639556,0.3722426161262686,0.37223460905098127,0.37211584633465644,0.3720999451226777,0.3720471662628718,0.3720850820594863,0.37207715110059675,0.37202728861967765,0.3719862189267947,0.3718652709710152,0.3717405184904973,0.3717016693784394,0.3717206472403705,0.3717567239285179,0.3717572876623702,0.37174887670034445
132,0.3835266075656606,0.3836104188588915,0.3896005475583013,0.3895646237275824,0.3895479071077175,0.3895788435263652,0.3895596106681772,0.3896897501455015,0.36838719007295917,0.36839769481770995,0.36856264437199254,0.3697816044613204,0.3702769520266948,0.37419944609238476,0.37403132956141544,0.37411342531672687,0.3740769196916729,0.37361727469218814,0.3733020686345756,0.3733533399478757,0.37291397640387824,0.3728897505833249,0.3729276594887329,0.37278842279161595,0.3738589564301039,0.3739014616222394,0.37392039309358527,0.3739115732624603,0.3739003693080418,0.37399149480736943,0.37341757056129365,0.373474085837701,0.3734919764220171,0.37352167995798774,0.3736335524468266,0.3737686732844092,0.3731027071609341,0.37308687687646924,0.3731725011326608,0.3731795690742058,0.3730863600800378,0.3730807614670478,0.37310203106835904
133,0.38359762752990917,0.38365118420239724,0.38788663177132987,0.3878570857661135,0.3878440172782992,0.3878706087877786,0.3878556702041352,0.3879574335343437,0.3583659116077768,0.3584330676763219,0.3590895885256571,0.3636003511074752,0.36471737467133736,0.3741546243166168,0.37406289232169454,0.37406914601440133,0.37407338856204037,0.3739026906517278,0.37388071719412314,0.37388099159702726,0.37380783812011253,0.37381206703177894,0.37398871020804286,0.37380491157372747,0.3760967055515711,0.37618685447002875,0.37622007110370176,0.37622795109902535,0.37621798422309694,0.3763834632081881,0.375408161261945,0.3754750482397873,0.3754831561041009,0.375523294185248,0.3756824385196618,0.375865810731181,0.3749104387075558,0.3749369231728986,0.37507885632755045,0.3750798916478798,0.3749504426080338,0.37494221953153967,0.3749770297759246
134,0.3836814656887194,0.3836860251659854,0.38517221300298904,0.3851505329758014,0.3851418647398749,0.38516357300220716,0.3851535157552859,0.38521035204103976,0.37363250209503174,0.3736335081368039,0.37363554736355076,0.37379796390126924,0.3738083391504886,0.3750215466996253,0.37490491320552194,0.3749226065190493,0.37500565733444685,0.37484984044738023,0.3749261187116361,0.3749227195689534,0.37502577060263304,0.3750342194036297,0.37510841293835473,0.37497669978686105,0.3799238827860597,0.3800204018308106,0.3800542822274267,0.38006879113130765,0.38006255625782415,0.3802308673896856,0.3795097720207587,0.3795395766413338,0.3795402280225989,0.3795710468482578,0.3796929083434005,0.3798313941154939,0.37932727135956723,0.3793637209118693,0.3794840350953876,0.37948192582040563,0.3793925071384366,0.3793860065247007,0.3794152250102371
135,0.38372386114892215,0.38372026958243394,0.3845627365905067,0.3845458864926298,0.38453950212671456,0.38455714727854784,0.38454974613014126,0.38459076898011707,0.3778545539666813,0.3778510142547926,0.3777786245393275,0.3772678546606665,0.3770934748678501,0.3765600085391348,0.3764571336109664,0.37647516727280483,0.37656323175542455,0.376438860226681,0.37652596376084746,0.37652198164041356,0.37662545508502815,0.37663524809879423,0.3766771441878469,0.3765850071444129,0.3817688627184622,0.3818473321840625,0.38187510320889695,0.3818842414734279,0.38187820363858793,0.38201162996776505,0.3814397434701506,0.3814580664625399,0.38145768195525204,0.3814804893958515,0.38156647724557824,0.3816638521652109,0.3815260099879306,0.3815497658310896,0.38162863722352836,0.38162688438113557,0.3815701882678136,0.38156589610895303,0.38158493437577706
136,0.12313243355263782,0.12342496968824426,0.1234238459620391,0.1233055426695556,0.12330506703449708,0.12330742872099497,0.12330693221381629,0.12330705033000808,0.12330634273326536,0.12330758017960843,0.12330176737202668,0.12328038675012493,0.12327099171824583,0.12311920007383563,0.12309204447677283,0.12309624535967781,0.12345522091004801,0.12346992566140588,0.12353036579610394,0.12353486709003729,0.1235356953390841,0.1235388881112913,0.12354046299525283,0.12354084128681848,0.12353876814294548,0.12354288196659143,0.12354298977455686,0.12585744261719867,0.12585782774390342,0.12585986668279428,0.12586005864338315,0.12586004599842326,0.12585997196207008,0.1258582360464615,0.12585820492818373,0.12585806557807258,0.12585793951646532,0.12585692248271557,0.12585547182056986,0.12585546394743913,0.12585604996963823,0.1258562027630707,0.1258557185364208
137,0.13609866759837208,0.13853788767120057,0.13853339989435864,0.1375482589872129,0.13754610474338452,0.13755705611472893,0.13755489258432446,0.13755537528349698,0.1375524500797618,0.13755827383756622,0.1375333616624184,0.13744290460210531,0.13740327398384003,0.13675211438148593,0.13664150927374827,0.1366589681654253,0.13883838323916986,0.1390563990220385,0.1394236107533156,0.13940841581134636,0.13942146486635948,0.1394665904752176,0.13951521561561747,0.1395277170224168,0.13948089996754737,0.13954837870877007,0.13956729118380184,0.15706487857189774,0.15706198575483446,0.1569963328651332,0.1570029060359708,0.1570049513260208,0.15700628555911603,0.15701624440894185,0.1569917750164149,0.15697994283126798,0.15698147573459442,0.15698459605335882,0.156987424884117,0.15698774061440013,0.15698780965544365,0.15698714165844285,0.15698886333603443
138,0.15116105849427855,0.15637782459517732,0.15637186689737484,0.15445494535861226,0.15445222874190095,0.15447034081532574,0.15446784782135084,0.15446905594658672,0.15446462255064136,0.15447521890720387,0.1544356219194761,0.1543049280711464,0.1542467789618237,0.15331076842205188,0.15313210765167792,0.1531580688103969,0.15808571770649543,0.1584323728108256,0.15890699017375728,0.15888552315026686,0.1589059642298858,0.15897617461138247,0.15905447537958428,0.15907478933713148,0.15900000011423518,0.1591016394659798,0.1591323237478382,0.1668044800071074,0.16680584378178848,0.16701365362476708,0.16697490671427567,0.16696666644983443,0.16696385474151254,0.16697467269872548,0.1671012303873554,0.16723354495898196,0.16723096174057708,0.16726473322374727,0.16735671931592877,0.1673554747552674,0.16730760532864947,0.1673035621613601,0.16732510195515202
139,0.17182457291143088,0.18130086476167254,0.18129194488724154,0.18044066469660996,0.18043659753887237,0.18047223441347746,0.18047021018314255,0.18047174246572475,0.18046669610654992,0.1804850905150506,0.18044030374210207,0.1803338608724489,0.18028484534585662,0.17979381066141975,0.17962562520825248,0.17964129910601045,0.1963023428312314,0.1958399933743433,0.1952268783222742,0.19530872184027492,0.19528818713369803,0.19521521381641935,0.19513222575014266,0.19511225156431308,0.1951908080387641,0.19508259144158818,0.1950502179977055,0.1950481325255282,0.1950450917154207,0.1947947797014511,0.19483711364272666,0.19484707110742958,0.19485059562057633,0.1947985321812473,0.19465161504775488,0.19456429098836034,0.19456926510138994,0.19452849922889068,0.1944196973247941,0.19442253367568488,0.1944773706171655,0.194481640071197,0.19445524739509462
140,0.19143204444099532,0.20343739485705914,0.2034284344993904,0.20341978277865266,0.20341476905658662,0.20860641553353512,0.2086052748837065,0.20860627880535204,0.20860318384125043,0.20859943731829642,0.2085691596732183,0.20846729127524627,0.20842554511721137,0.20828354677661437,0.2081723391043402,0.20817261643607782,0.21558007197872436,0.21572716720036933,0.21555048959767079,0.21549792035040408,0.2155002929644838,0.21550538233414726,0.21550687498006843,0.21550722452739504,0.21550631164627634,0.21550328594644283,0.21550048502623953,0.2151997967275657,0.2151994995487975,0.21512187172024455,0.21513271776186227,0.21513539148215272,0.21513586932133896,0.2150954380966233,0.21505284094246116,0.21487182647776779,0.21487375882376822,0.21485541195843066,0.2148110252895846,0.21481238399642427,0.2148323839473631,0.21483408212991079,0.21482208155928043
141,0.21548711842894375,0.22472632581894025,0.22472158737905723,0.2247191308298107,0.22470860511931393,0.2538995532262397,0.2538889000752287,0.25388240642487175,0.25388819430081394,0.2537113709307712,0.25374787929626447,0.25323081494838434,0.25305085027403706,0.24863469084779907,0.24837479377133947,0.248470995261332,0.24779742497017093,0.24671249047909677,0.2464150534861888,0.2455640083775892,0.24552438891338904,0.2453823175786415,0.24521541523295773,0.2451749793909838,0.24533078025613295,0.2451355779072068,0.24506203645736685,0.24479935980303535,0.24478993071766597,0.24402090097312218,0.24409216988348287,0.24410885487487222,0.24411328158413806,0.24462944779579324,0.24431219573100274,0.24060615335406296,0.24061528106413685,0.24052168835539037,0.24029870342929321,0.24030394191485274,0.2404125343103064,0.24042113992811256,0.24036199694157828
142,0.251216936621669,0.255660874496005,0.25566359285084045,0.25566895323200695,0.2556475872660151,0.27705822994801665,0.2770636126094353,0.27706403389008444,0.27706688649946926,0.26305883959530507,0.26317153458011777,0.2653938286595709,0.2660034806719761,0.27198725287484105,0.27092474949696516,0.2709208875767095,0.2698856215511535,0.269538325340556,0.27657558069349697,0.2762952623003507,0.276217221653875,0.27594038958894535,0.27561765491287954,0.2755384821505608,0.2758402040238871,0.27556165646330805,0.27541927535071165,0.2751139137183927,0.27509386225592986,0.2734084106604543,0.2735270993317149,0.2735544720222909,0.27356228079902717,0.27510874025311044,0.2746139712615972,0.26258236110076383,0.2625848490697136,0.2625553748717689,0.2625566769931327,0.26255832432344045,0.2625900171825214,0.2625923427491639,0.262570892636938
143,0.2882956429736064,0.2883037776544646,0.2883087878779245,0.2883140482212662,0.2883119944706007,0.2883642842423515,0.28837774188739906,0.288381323594377,0.28838331411574614,0.28837275443349086,0.2883713608431572,0.2885807673943302,0.2886503975095527,0.2895133483999965,0.28938068330277644,0.28938424866467927,0.2892771435789472,0.28918418262135,0.28887249570828083,0.28891520436601115,0.2888972842672548,0.28883296176899614,0.28876134564135597,0.2887440201833514,0.2888097440669178,0.28852973793662917,0.28849428287231277,0.2884374813569427,0.2884339238205272,0.2878775584226338,0.2879089332570543,0.2879161759778236,0.28791776382445466,0.28804229604801557,0.28783689017106906,0.28633344258084015,0.2863358134484844,0.2863102321215985,0.28614894745344455,0.2861498473767445,0.28616711867723754,0.2861738779280357,0.2861654964165166
144,0.311724744433201,0.31176045290491183,0.31181548577709983,0.3118690005083169,0.32742738430365914,0.3273036308779666,0.32730112662558203,0.3272884425229118,0.3273113560767996,0.32729060801632365,0.3289422294578993,0.3311168111119428,0.3316185458561754,0.32617494142619063,0.3305675619712515,0.3308171943367846,0.33076587923369816,0.3289127504593673,0.32539978895908744,0.3258319001094324,0.3257353708984438,0.3253751935255794,0.32499700442598517,0.3249055909323018,0.3252484682408846,0.31925985999717255,0.3192088218589252,0.319073027086228,0.3191030523676022,0.3183588595308237,0.3185123822948599,0.31854746002208667,0.3185570565279665,0.3182412993102374,0.31736732708161997,0.3172753313227112,0.3172876432587319,0.3171555096188304,0.3138553600688935,0.3138574301475645,0.3139077821301799,0.31393645597097036,0.31396263826747817
145,0.327773546757435,0.32784782860396805,0.3279436565784727,0.32803796466951024,0.34677024961686903,0.3466924682802037,0.34672177869981036,0.34671770207515523,0.34674871820626224,0.34672710150478553,0.37315474909085244,0.36759575244220427,0.3660022164199731,0.350145877487483,0.3535189654192112,0.3537363335158206,0.35360211548775716,0.3524341520777434,0.3489885022870293,0.3493833665049019,0.34929037856256895,0.3488917678740471,0.34852644424480383,0.3484364468345381,0.3487645816138804,0.33026622783365,0.3302662292884202,0.3302662267558984,0.33026622719180765,0.33026622459663235,0.33026622538842537,0.33026622601953093,0.33026622659921395,0.33026622652675425,0.3302662286868698,0.33026622801209526,0.33026622861400967,0.33026622842036524,0.3302662162159493,0.3302662165111735,0.33026621709934306,0.3302662156166908,0.3302662155245439
146,0.3655935838530174,0.3655289254364984,0.365468548044141,0.36541705536264085,0.36536071210565435,0.3653905823469976,0.3652984458495326,0.365294443269185,0.36526980042186763,0.36525618203409055,0.36477300566787507,0.36285181119625715,0.3620972524475162,0.3542339946915765,0.35391038359581106,0.3539909894045066,0.3539535438058327,0.3519572401459909,0.3515924674971455,0.3516348768915004,0.3516264383971347,0.351623501679889,0.3515854458893082,0.35157532147951154,0.3516086315559338,0.3510251884482213,0.3509516939695465,0.3509070804903852,0.3501421617859613,0.3499652623339269,0.3499858524816819,0.34999045587664557,0.3500148106913298,0.350001900110086,0.35006658341909286,0.3499741145011562,0.34997711268966475,0.349956515626071,0.35001589717920895,0.35001808449142957,0.35004666636528786,0.3496351422845094,0.349621481279397
147,0.4222666545664749,0.4231911917653353,0.4240288444740829,0.42472346702914526,0.42506076174441726,0.42481175034507446,0.4276000836303663,0.4276182068150332,0.42782324722954057,0.4279689659980294,0.42896532770496176,0.43009408475022415,0.4352301530762391,0.3898475612801365,0.3875732560091649,0.3881736880728747,0.3881014976602242,0.3662247027299432,0.3651870867997737,0.36535378281726544,0.3653443388630982,0.36563389169399774,0.365460397168413,0.365415380935204,0.3655690689145673,0.3655446115706323,0.3654147825368071,0.36529935362481836,0.36226335414187966,0.36206799042298515,0.3620936653384196,0.36210129285725623,0.36206074569880653,0.3620425602883344,0.36192376114653957,0.36185025885509287,0.36185393883032646,0.3618337301014975,0.3618941465656424,0.3619035012956211,0.3619218064369825,0.3618316882441762,0.3610874105250068
148,0.40424272214089163,0.4044270996382922,0.4045494684960041,0.4047236072408117,0.40479605283701126,0.40473314099843843,0.40761624548453645,0.40747858915464885,0.4075691422841015,0.4075671018686183,0.40824063730473803,0.40908379140073936,0.42698179995252267,0.39200515965592514,0.39043669943972775,0.3908684575083562,0.3908517700489837,0.3762186773249202,0.37473642003433816,0.3750186307382298,0.3749746733690472,0.37503716921074026,0.37470481495126673,0.37462511760520256,0.3749089454514443,0.37460458381407363,0.3744384466458487,0.3743166423114342,0.37313642703598454,0.3726934912458873,0.3727712549054975,0.3728220332618034,0.37044219187454136,0.3704138641394556,0.3702620454095197,0.37013835837171155,0.3701438360504834,0.3701007618891242,0.37006178152920705,0.3700854842745648,0.37012035420205336,0.37013998120972436,0.3704164788514177
149,0.38183268837309403,0.38205733228838806,0.38239245013777196,0.382506374851614,0.3825743269546432,0.3825384909880257,0.382566563905751,0.38287334143077995,0.3829120495104569,0.3829364513062577,0.3830691697851151,0.38532423272298627,0.38491517300015166,0.38312178538694036,0.38287068210052433,0.38296407382382597,0.3829399465050789,0.38048316771110396,0.37974380876988484,0.3798945607584781,0.3791847350025942,0.3788995337593784,0.37876109077512515,0.3787289186062449,0.37880256476041463,0.3786915819931798,0.37863211103716793,0.37859493807454364,0.3786573347313429,0.3784606355123973,0.37850913297134997,0.3785324083424457,0.3762184644373642,0.3761877326560326,0.37604764254181394,0.37590552117412035,0.37592656415519343,0.3757910321904021,0.37571401604120414,0.375622360500302,0.3756437559541256,0.37564776440150693,0.37576948591282755
150,0.3831843007041788,0.3834406571907552,0.38720125443542386,0.38729556036974566,0.3873561767424726,0.3873329852397229,0.3873445925310781,0.39386886799750165,0.39425199444435827,0.3942654144269776,0.39485218153204726,0.4286870747364817,0.4244274323721797,0.3886511109536578,0.3878185436019758,0.3882565867062989,0.3881953781051235,0.3860813067002774,0.3840809780381156,0.384470999562312,0.38205751083537415,0.38176467511500894,0.38151266319329785,0.3814583360620215,0.38156037207008003,0.38134956623857125,0.38128054643370685,0.38121986887340903,0.38131646840374983,0.3809866178955335,0.3810877685314958,0.3808892752354366,0.38028332571912393,0.38023493510899886,0.38002728945827013,0.3798177820610435,0.37985017582373193,0.379597603928871,0.37947376024310703,0.37940210496699456,0.3794265768510985,0.3794306319123876,0.37946082871863596
151,0.38339541385538606,0.3835908372035612,0.3907734328355673,0.39078906928001356,0.39080223947620873,0.39081011095012913,0.3908030561531901,0.395784212963685,0.39595190187338525,0.39595043910909883,0.3962527597554645,0.4118738544314665,0.41146848606836445,0.38821729694216417,0.3873866001263049,0.3878735841737283,0.3878075762689817,0.38562831863295555,0.38364562286919496,0.38403403490657967,0.3813091043015198,0.38116875143869583,0.3809065868843803,0.380849245119502,0.3808991502246509,0.380753068403849,0.38070681466849404,0.38066203931986287,0.38067885515454697,0.3804359318929711,0.3805648445943713,0.3802307933965918,0.3802205476456257,0.38019070013271544,0.3800594964483349,0.3799216196482102,0.37992960491633937,0.37965623615797983,0.37956056946922967,0.37958367862152526,0.37961821224536346,0.3796219785519224,0.37961173291694206
152,0.3835071441762639,0.38365417817811354,0.39246543780498094,0.3924280790797362,0.39240814203547963,0.3924368024337282,0.39241286805271175,0.39256641601373216,0.3892539829868741,0.3892494030211203,0.3890877485493531,0.38726444734558296,0.38709866638550666,0.3821457964228647,0.3817904182150835,0.3820274071481298,0.38197489450417593,0.3809438958844304,0.3800151199149227,0.3801923604056697,0.3789256962026528,0.37885312440697033,0.37866405918472,0.3785912811665552,0.3788030814517927,0.37875801235893697,0.37874698366507553,0.37871973413178284,0.3787158058095061,0.3786512973854731,0.3786081483032072,0.37851590826915454,0.37854533373634736,0.37854392092693584,0.3785273410147203,0.3785206182155544,0.37837022656644365,0.37822718817070083,0.3782118237174587,0.3782294681277666,0.37822056217670996,0.37822028829306586,0.37821935254666267
153,0.3836161025131361,0.383724560913175,0.39029047452480514,0.39026630907202964,0.3902549164289581,0.39027511117497893,0.3902622434161899,0.3903672773910344,0.3726444216472725,0.37265572492329374,0.3728541440364664,0.3744305949444554,0.37503711863585704,0.3805584765841402,0.3803990664960065,0.38046702102722124,0.3804377475678127,0.3800072029386413,0.379731354613645,0.379777017200712,0.37945984741950745,0.3794373525501637,0.3795933711539375,0.37944132493439703,0.3804108521837965,0.3804374671538417,0.38045070955811816,0.3804412561929865,0.38043111027712717,0.38049499638904477,0.37962836034347636,0.37970131486259917,0.37971532985128675,0.3797416929151645,0.3798417130533714,0.37996245051363386,0.37952013134742063,0.3795046639549799,0.3795871182918841,0.37959249752140867,0.3795101319820625,0.379505041811278,0.3795253682205217
154,0.3837477094856051,0.38379878917200705,0.387036712627798,0.3870235160395347,0.3870177995268647,0.38702933428572217,0.38702311862062305,0.38708340150174764,0.3634438671623797,0.36348389570476114,0.36401344046960377,0.36853416472157735,0.3697445444896782,0.38244817024274913,0.382332174644691,0.38234081029655,0.38236180648121343,0.38214983941611136,0.38214440279200435,0.38214413529969543,0.3821977748212555,0.38220009709275166,0.38265900669379765,0.3824216004209036,0.3851235120278505,0.38519676628946514,0.38522506498863196,0.3852290688156731,0.3852179633693246,0.3853566928554812,0.383562013993186,0.3836207574321882,0.3836229560432079,0.38365241865986616,0.3837634498055488,0.3838945635584607,0.38357575191934695,0.38359559473717564,0.38370755732203776,0.38370603015820826,0.38361610245022676,0.38360980699786,0.38363659582166226
155,0.383758493272041,0.38378510555273854,0.38582878581372704,0.385815771980346,0.3858103259498083,0.38582243020410945,0.3858163389220849,0.3858635085675978,0.3704922845775479,0.37050661641570637,0.37073718797825395,0.37291403344640844,0.3735073034797162,0.3807826040069479,0.3806680032161392,0.38068254735145424,0.38072306948888973,0.380527670054442,0.38054396587008954,0.3805433349361633,0.38061477577119107,0.3806185969896733,0.3809000673796897,0.38069239024243684,0.38407619029911527,0.38415102587839994,0.38417937771472943,0.3841838707584374,0.38417430588196017,0.3843108085994345,0.38302925884687816,0.3830687647611495,0.3830693664317818,0.3830945187736922,0.3831870680470331,0.38329568372454187,0.38311160713017095,0.3831318008156874,0.3832239352129838,0.38322214544541633,0.38315057473364283,0.3831454041018971,0.38316740148785605
156,0.38382536736828343,0.3838198650925778,0.3839420641370546,0.3839366477059932,0.38393510949935616,0.3839417479906425,0.3839400777266346,0.38395336134050484,0.38284214412673295,0.3828363086319762,0.3827530236477929,0.3821247080643943,0.3819433849722948,0.38092115775254154,0.38087979131164534,0.38088645777261393,0.3809338272311829,0.3809020413579993,0.38096687658076006,0.38096098127690853,0.3810130830196589,0.3810219249892773,0.3810355193007025,0.3810133176873898,0.38339067719560005,0.3834169906368398,0.38342587849064097,0.383432225527987,0.3834308315552625,0.3834792847139799,0.3831977438278546,0.38320619168227027,0.3832060331811217,0.38321085525511916,0.38323146805753594,0.3832548304438601,0.3832682021576753,0.3832679718701217,0.38328411856297967,0.3832839653238394,0.383271956423376,0.3832711295358466,0.38327478942546533
157,0.12124300813577613,0.12124300952304184,0.1212430102916268,0.12124301066777964,0.12124301118051733,0.121243010943559,0.12124301156959269,0.12124301211118713,0.12124301232992185,0.12124301267102923,0.12124301190798795,0.12124301160303488,0.12124301183224116,0.12124301491809288,0.12124301527895881,0.12124301575394697,0.12124301600045033,0.12124301688187324,0.12124301669657289,0.12124301705727736,0.12124301757457738,0.1212430181510042,0.1212430187126996,0.12124301922356953,0.12124301955061655,0.12124302007049059,0.12124302060095668,0.12124303449314923,0.12124303526462242,0.12124303600537252,0.12124303670452492,0.12124303753105312,0.12124303832931627,0.121243039140999,0.12124304007311759,0.12124304103211082,0.12124304186590701,0.12124304232464467,0.12124304318238774,0.12124304403208967,0.12124304467474349,0.12124304548662916,0.12124304623370337
158,0.1342401976598325,0.13635789747955948,0.13635484992632865,0.13550085187588995,0.13549931730705575,0.13550690820721933,0.13550539759183666,0.13550565427292732,0.1355036914795795,0.13550767309570233,0.13549123156892198,0.13543209397758002,0.13540609890121147,0.1349902114889464,0.13492015244620142,0.13493081439279228,0.13656441597267582,0.13677220973774973,0.1370798199127838,0.13705364734202907,0.1370662960418798,0.1371101251283679,0.13716015016302707,0.13717290477451793,0.13712523848706748,0.13719291523272303,0.13721318479097208,0.1522898821343672,0.15228648869039305,0.15226268827402475,0.15226015047210623,0.1522601603548157,0.152260954059529,0.15228250734820747,0.15228678596127604,0.1523118312443247,0.15231260140508163,0.15232655952335505,0.1523558175574768,0.1523554877871297,0.15234284671391393,0.15234083448451974,0.15234929837843292
159,0.14925063675242337,0.15409913470023973,0.15409331540056315,0.1521510325207398,0.15214973907861254,0.1521662920806736,0.15216548699347265,0.1521669990234229,0.15216307893747158,0.15217395824485266,0.15213866315457814,0.1520285104646352,0.15197556676594232,0.15110765468210718,0.15093720722965884,0.1509614548792301,0.15530256593485303,0.15568589931842444,0.1562042120929743,0.15617656744375313,0.156198624108666,0.15627448879909758,0.15635925465002234,0.15638111452235018,0.15630024059399622,0.15641061054622796,0.15644386185063838,0.16568453062191923,0.16568551288538974,0.1658758223998212,0.16583985427471337,0.16583225955294809,0.1658297587788916,0.16584249136612544,0.16595976065649767,0.16608368132937426,0.16608138311204157,0.16611396275823456,0.1662017726817902,0.16620059607048634,0.16615524921884542,0.16615134802856799,0.16617209277419423
160,0.16669334715706993,0.1750666718790525,0.1750594471604362,0.1739221541827592,0.17391867247173598,0.17394539907715034,0.17394315503437877,0.1739442913501662,0.17393990531359937,0.17395398500481157,0.17391574984892702,0.17381070767494894,0.1737629883648922,0.1731163151067688,0.1729578370929838,0.17297808495402422,0.18664519897489049,0.18637441360348375,0.18596570666526685,0.18600710891538835,0.18599498366182776,0.18595089009726082,0.1859003729866683,0.1858883584715169,0.18593644102115126,0.1858697240050727,0.18584988010700676,0.18658249776803984,0.18658015977944314,0.18639102912242453,0.18642289947191434,0.1864304971589729,0.18643321039467617,0.18639245479684396,0.18628059625031276,0.18621535059396824,0.18621939627451967,0.18618730460413635,0.1861019392422806,0.18610431830837493,0.18614729156879578,0.1861506381718036,0.18612980649254374
161,0.19048967936272404,0.20260538248708063,0.20260138887711518,0.20259789387916494,0.20259507699219126,0.20688036404211793,0.2068794653883848,0.20687943699084987,0.2068787152477928,0.20686452758518223,0.20685718452797053,0.20679084653685115,0.20676568198812043,0.2064875001010711,0.2064344281649952,0.20644005760965103,0.20967861216548456,0.20954860256981345,0.20922906028521454,0.20911704610697127,0.20911053296619014,0.209086325362925,0.2090555970310217,0.2090482545147101,0.2090769406231601,0.20903568417531385,0.20902141142418043,0.20886605933334162,0.2088653413128901,0.20874747358719636,0.2087643749422398,0.2087683551943389,0.20876931346646704,0.2087438302608712,0.2086829113483358,0.20841582447742746,0.20841797853671892,0.2083959611509157,0.20834227439055042,0.2083436576817497,0.20836857914916507,0.20837068956088095,0.2083566610177031
162,0.2140907654659189,0.22350574695440276,0.22350323692502655,0.2235026861952305,0.22349313314838826,0.25115158081233474,0.2511404537326011,0.2511333709985605,0.25114002933607155,0.2509539023518978,0.2509991635972577,0.2504705235457949,0.2502869633718047,0.24564099441222054,0.24540609557163015,0.2455053757399313,0.24455005003848954,0.24341426117507764,0.24300325460990554,0.24199858775503516,0.24195607706097694,0.24180414602472425,0.24162528665395017,0.24158198629700936,0.24174880403001225,0.2415404426047037,0.24146192882156667,0.24121287797876584,0.241203736669339,0.2404219170914494,0.24049709236641134,0.24051464980604872,0.24051930208218808,0.2410981226334885,0.24076650608664688,0.23704287154523995,0.23705253188772082,0.23695149762941625,0.2367118240251739,0.23671745008640926,0.23683451772149913,0.23684404781682675,0.23678018157635378
163,0.24934869109727115,0.25406614860261967,0.25407104160517535,0.25407817295978197,0.2540577146733733,0.2768153592116536,0.27681461205792357,0.27681225917600877,0.2768165196380864,0.263143678641308,0.2632048769165473,0.2649815545683879,0.2654852223922554,0.2698841701262044,0.2688196634321132,0.26883749692785686,0.26767484058924707,0.2671751865686489,0.2727723799428008,0.27244011004382324,0.27236054382804076,0.2720789498385663,0.27175034774601814,0.2716698381432748,0.27197683830421454,0.2716941047907344,0.27154954889989397,0.2712526939123299,0.2712337071538915,0.2695732313988907,0.2696953258333403,0.26972344011141197,0.26973149582015776,0.27152363547760405,0.27102707345897126,0.26027650340443453,0.2602797294052359,0.26024032735178954,0.2602391911232545,0.2602413706883036,0.2602825499486514,0.2602857884062073,0.2602572954931042
164,0.29555623593606994,0.295486329056067,0.2954243801199362,0.29536688302863345,0.2958531923930932,0.2957070787000051,0.2956434571820694,0.29562471284333824,0.29561993390480645,0.29560552138515717,0.29580727788356426,0.29534019549531293,0.2952189990731782,0.2924012517175274,0.2932793073553705,0.29335733417420135,0.293311872948542,0.2927081404403968,0.2912618721234875,0.2913700245567851,0.2913469497711118,0.29126325995211727,0.2911720099522793,0.2911500856345787,0.2912327235670488,0.2904630010912314,0.290425949897091,0.29038112054801224,0.2903847538620703,0.29010523937109955,0.2901533556263047,0.29016439010914297,0.29016697242094336,0.29009736461591207,0.2897578055826952,0.289199466974497,0.28920381002731793,0.2891567737684666,0.288500339425649,0.28850158111888674,0.28852795051703595,0.2885412910908794,0.2885367100584172
165,0.31007622797718093,0.31011263689496005,0.31016841637137993,0.3102215542058941,0.3240773073832892,0.32393061799289313,0.32392518634184053,0.32391012838027144,0.32393572279188343,0.3239077272991197,0.32560752635299034,0.32785205846996274,0.3283936415864842,0.3228455503351513,0.3282385622544386,0.3285108925094221,0.32847102807948586,0.3264360049141225,0.3226878253580205,0.32314590665640214,0.32304481940603996,0.32266905520920325,0.32227021322438354,0.3221738351354643,0.3225352678652706,0.316533475273326,0.31650812593674066,0.316370404043212,0.31640794848762666,0.31551430338601005,0.31567571462291716,0.31571248749005654,0.3157222482532653,0.31537289939491026,0.314441278774888,0.3143321449426885,0.3143451735684352,0.31419889981518573,0.3099432829844458,0.30994547323474636,0.30999727486936685,0.310037280991194,0.310064732682222
166,0.3294765164707744,0.32957244087523985,0.3296906704849867,0.3298044265630018,0.34707430604041994,0.3469782174908825,0.34701758390499937,0.347011818291215,0.34705319928021783,0.347026271556574,0.37981536693089013,0.37320611355214717,0.3713290523326485,0.3515343530259727,0.3552039299827249,0.35548157925860746,0.35537128115647804,0.35377988952063316,0.3502302284887069,0.3506941768280843,0.3505835885304143,0.35012474883425015,0.34968706856534276,0.3495799201719662,0.34997387884288406,0.3359614966056457,0.33641384683452763,0.3363951159961753,0.3364448452568559,0.3361384740810685,0.3361750532511878,0.3361830696970199,0.3361908357798368,0.33610101472208237,0.33588768619826764,0.3357543152813646,0.33575844163638213,0.33569449482738456,0.3327211067516287,0.33272410450148704,0.3327894694330027,0.33262322510399733,0.3323370713367259
167,0.34751626452653694,0.3475162696881862,0.3475162752278521,0.3475162807512605,0.3475162915719332,0.3475162894831462,0.3475162946556629,0.34751629924649213,0.34751630109655346,0.34751630402000566,0.34751632745006567,0.34751631593075577,0.34751631433558816,0.3475162816344444,0.34751628208918056,0.34751628514516275,0.3475162801041096,0.3475162663293264,0.3475162593559069,0.3475162611633493,0.34751626213257364,0.3475162625835267,0.34751626277890996,0.3475162636322969,0.34751626536838076,0.34751625539280884,0.347516256701388,0.34751625408901565,0.3475162513946431,0.34751624974399725,0.34751625048055923,0.3475162510647158,0.3475162518334127,0.34751625195720154,0.3475162518487971,0.3475162509839603,0.34751625149511106,0.347516251269044,0.3475162485332418,0.3475162489660355,0.34751624977036133,0.34751624775524426,0.3475162406515332
168,0.42436177211253107,0.4253880661614301,0.42631923891453954,0.42707919339969114,0.42744058694565823,0.42716022647804,0.42960655557059874,0.42963213381887116,0.4298524849027251,0.4300107360128504,0.43106520076416976,0.43161147128215227,0.43616218985873534,0.3914875015142774,0.38924241965651807,0.3897991373766738,0.3897746107285174,0.3644884824408658,0.3639424872095793,0.3640328562522977,0.36402689815749584,0.3641383409664644,0.36404575317408333,0.3640220076488005,0.3641030225032407,0.3641461506682786,0.36408555492053174,0.3640316652538708,0.3626202551291341,0.36252269022400335,0.36253443167120014,0.3625374773203106,0.36256445302919316,0.36255148066568854,0.36247401536576707,0.3624395888498514,0.36244138737725984,0.36242491891599216,0.36244056580466716,0.36244673281543777,0.36245453876629047,0.36243222680885323,0.3612865953741838
169,0.4024284537755774,0.4025533475488991,0.40261818209734324,0.4027508259318625,0.4027995206869812,0.4027447658688127,0.4051859626744787,0.40502290669830204,0.4051060035420789,0.40509471315251283,0.4057104209401846,0.4063745139502429,0.425239764421147,0.3934795303762774,0.39212255997462014,0.39249074466974443,0.392495910378593,0.38001717834357607,0.3787668948643008,0.3790116944374168,0.37890695374625083,0.378749717201462,0.37846119038918596,0.37839377569191274,0.3786273703824415,0.37837338834381506,0.3782270373694715,0.3781428453672502,0.37763481856504166,0.37726535344443024,0.377332840016287,0.3773990633563034,0.3734776410353209,0.37345842713241806,0.3733633510677756,0.3732826111345649,0.3732878942516167,0.37324243306681043,0.3732162469018882,0.3732259952452728,0.3732458857921246,0.3732580916574673,0.3734645926400519
170,0.3904011680842762,0.38999691313786206,0.38958065432689154,0.3893308282343211,0.38916823702928127,0.389252556999744,0.3892633518599108,0.3890860335113435,0.38902870323504246,0.38896233568064015,0.38862690470193206,0.38703144724032457,0.3893092732508912,0.38700211544704877,0.3866659768240102,0.38676623486489287,0.38675383094347593,0.3832358102329118,0.38253498301251165,0.38267914516808244,0.38211274940550194,0.3818435893886307,0.38169453675761955,0.3816608467967897,0.3817445596060939,0.38163174164489677,0.3815629906472176,0.38152881773127384,0.3815615837217949,0.3813704777826404,0.3814180730358852,0.38145614352762297,0.37833343517330675,0.3783045085212341,0.3781754097897016,0.37804416590902995,0.37806149607488776,0.3779128997287568,0.37784384090148143,0.3777880237844784,0.3778087060686797,0.37781275587628443,0.3779421911913979
171,0.3833862993117581,0.3836626608606295,0.3877031820119715,0.38781440732407435,0.38788533085342775,0.3878506569075498,0.38787685384302123,0.394750300185352,0.3951816528201453,0.3951916357346404,0.3958575653576615,0.4333110393609311,0.4293285136851077,0.3923351975935969,0.39145360821598835,0.39190054475230085,0.39185332798391626,0.38968055532409646,0.3876386545216892,0.3880411299176631,0.38574270449362363,0.38546892344320394,0.3851790643017039,0.38511716580609434,0.38522209315391814,0.38499235263915116,0.38491770139392983,0.3848560467269329,0.38492983735348096,0.38456708226107233,0.384686664668033,0.3843247618895995,0.38392390214518535,0.3838741289987681,0.3836643919040651,0.38344855516939885,0.38347995715403005,0.3831764791976343,0.3830430169647108,0.38301665905760424,0.38304948409387546,0.3830545160719128,0.3830701343199457
172,0.3835123036456703,0.38372972692378615,0.39067938643873706,0.39071779262818906,0.3907439394903284,0.39073751100511417,0.3907429223594203,0.39621567972510785,0.3964836436381182,0.3964800222122365,0.3968941491280758,0.4165684558807291,0.4162180871927746,0.392482186259344,0.3916748543771158,0.39211126131730656,0.3920659848615914,0.39001528539227803,0.3881830952692545,0.3885446599638616,0.38635257249518296,0.386195167912894,0.3859047736418917,0.3858409191411948,0.38589151862058907,0.38572011986018145,0.385665449975697,0.38561773201353944,0.38563708133323893,0.3853575181614572,0.38550454341408413,0.38499234557680806,0.3849931190893112,0.3849594500341756,0.38481575824491926,0.3846657421833272,0.384675924879943,0.3843339221980348,0.38423243358706327,0.3842533537284,0.38428540249660176,0.3842894920880463,0.3842786078196355
173,0.3836727504415314,0.3838324538939896,0.3923024521068151,0.392288458315017,0.39228146007119846,0.39229256375326677,0.39228457865274663,0.39235196467055783,0.3866965346224082,0.3866999456802311,0.3867344347871821,0.3867127539120442,0.38687744535923135,0.3874382657042946,0.387302322623161,0.3873767633602978,0.38735571796901863,0.3869693484437212,0.386671499390945,0.38672586574401524,0.3863713615357827,0.3863465062653584,0.3863484518863352,0.38628251939886527,0.3865721765609659,0.38656583012807744,0.3865661791569509,0.38655608403606123,0.3865520271927541,0.3865520188487394,0.3862311553685271,0.3862514389451871,0.38626331557397964,0.3862711979291535,0.38629908366535876,0.3863365395730652,0.386199111530514,0.38615465098140805,0.38617676104278625,0.38618263427161265,0.38615383997865993,0.38615223612888305,0.3861584700438623
174,0.3837472048293528,0.38385423266376045,0.3896142427707538,0.38960434188344867,0.3895997812541502,0.38960741121555004,0.38960272795009543,0.38967375369458335,0.36719678690992585,0.3672260707933536,0.367705254089672,0.3720123967378247,0.3732896837903706,0.38733409458978146,0.3872521479563475,0.3872555811989309,0.3872454263248946,0.387083513565127,0.38706298327898586,0.38706102475914494,0.3870499060209024,0.38705518080418894,0.3877560353104255,0.38753879960877574,0.3888612458578435,0.38890017005329164,0.38891653110320346,0.38891655535955133,0.38890605695495906,0.38899046165881,0.3868169214419564,0.38688814132568417,0.3868933261260125,0.3869199938511304,0.3870232899715466,0.3871446432539806,0.3868417200497651,0.3868305314262425,0.3869257120739666,0.3869259998144095,0.3868451421244208,0.3868397421914768,0.3868622018245406
175,0.38381852769047303,0.3838949963220425,0.38787229947555735,0.3878680710024024,0.38786617784149213,0.3878687431743301,0.38786719270637193,0.38791713745886786,0.3606636133950726,0.3607577522153203,0.36174027319938196,0.3688657157131514,0.370664141317379,0.3893313511315716,0.3892262522357756,0.3892295262331053,0.3892373915207068,0.3890440644850509,0.3890396262402855,0.3890370604985057,0.3890979103106647,0.38910146863143424,0.38994694873453495,0.3897322185120908,0.39152048957510344,0.3915549369927854,0.39157013721903616,0.3915692126529542,0.3915581685039053,0.39163349913064305,0.38891916978379953,0.3889814936580671,0.3889837253804471,0.38899877169771613,0.3890505076849663,0.3891147894833848,0.388955439486088,0.3889481995782204,0.38900667035118625,0.38900603145853885,0.3889510583021506,0.38894750243567533,0.3889608561224049
176,0.3838328064145176,0.3838740213134231,0.3861472470086847,0.3861428006302377,0.3861408860703378,0.38614420131483046,0.38614240618332424,0.3861768476120075,0.36942863858437525,0.36945361442292146,0.36984825143166283,0.37344071722489564,0.37443863741841027,0.3865961115171783,0.386477729359679,0.3864953760853375,0.3865149696686583,0.3862705785211015,0.3862164540182452,0.3862271960205703,0.3862804231016266,0.3862729384763147,0.386734237175342,0.3865843788901777,0.38863529196578384,0.3886488913859231,0.3886573863131641,0.3886490029896495,0.3886395702096684,0.38867512232549345,0.38696414688794856,0.3870068688373722,0.38700795442466834,0.387013221954465,0.38702312510877096,0.3870400529289001,0.38699261040039407,0.38697916631640383,0.3870005268811685,0.38700011060902717,0.3869710800896686,0.3869694328829139,0.38697369036289087
177,0.3838854706920212,0.3838854707107359,0.3838854721405186,0.38388547230589026,0.38388547242537663,0.3838854723701195,0.3838854725227918,0.3838854726851968,0.38388545756280856,0.38388545703903315,0.3838854584942834,0.38388546174140575,0.3838854623531199,0.38388548241747966,0.38388548267756645,0.3838854832166,0.3838854822082046,0.38388548270317585,0.3838854822347803,0.3838854826237686,0.3838854833012725,0.3838854838061919,0.38388548416759527,0.3838854889651052,0.383885497039388,0.3838854972475594,0.3838854979285987,0.3838854954375209,0.38388549607236366,0.38388549569018227,0.3838854944339437,0.38388549514736303,0.383885495753723,0.3838854961427628,0.38388549610094896,0.3838854959277583,0.38388549661246596,0.38388549655368226,0.3838854965524194,0.383885497144355,0.3838854978625385,0.3838854984431383,0.3838854987823091
178,0.12141745859043211,0.12139561898352197,0.12137776225177455,0.12136380766064753,0.12135567290114245,0.1213581159600039,0.12135014673975485,0.12134239597083539,0.12134082907085107,0.12133569916696496,0.12134803974138254,0.12136399573145908,0.12136629802884068,0.12136637008996293,0.12137967541113194,0.12137731495060798,0.12126042043469376,0.12124078063077892,0.12121042198512788,0.12120581492496088,0.1212023683949455,0.12119572549861168,0.12119012098461712,0.1211873299608304,0.12119024716210222,0.12118567988571742,0.12118326969891155,0.12109253372874126,0.12109135162136593,0.12108232340115978,0.12108277081026604,0.12108196457089031,0.12108142876987497,0.12108679601942285,0.12108173884886715,0.12108548328411309,0.12108439758179329,0.12108624452549129,0.12108699726141056,0.12108576495363642,0.1210862478814451,0.12108561103520832,0.12108654597720063
179,0.13548759901894444,0.1378218500563717,0.13782038430230295,0.136880643662651,0.13687974398813738,0.13688451151443956,0.13688372332235996,0.13688379888222751,0.13688274858975286,0.13688528488095297,0.1368768148769107,0.1368504093524627,0.13683862201236122,0.1367143322427387,0.13668808322494003,0.13668985259763058,0.1380190531861201,0.13828356283941884,0.1385926536870593,0.13854168864646338,0.13855757290750884,0.13861297066918044,0.13868042421907242,0.13869736597208016,0.13863374913467186,0.1387217842789344,0.13875009568295765,0.15215291761685307,0.15214837139141776,0.15206033976359004,0.1520679020816173,0.15207019680988404,0.1520719385486879,0.15209279592996547,0.15206380118126808,0.15206318753646514,0.1520647679122006,0.15207374324224118,0.15208804663667422,0.15208786691509354,0.1520835356231178,0.15208198379789073,0.1520873647990666
180,0.15154722063730833,0.15684027664249683,0.1568369592243385,0.15493512009866248,0.15493299518036469,0.15494502093379903,0.15494295598330168,0.1549436425115249,0.15494063206227252,0.1549474181638041,0.1549205822950523,0.15482538653333658,0.15478367643269617,0.15407961953753369,0.15395549465794722,0.15397451477551258,0.15757989791954435,0.15778836098548907,0.15806774488585884,0.1580552669252421,0.15806848753646824,0.1581137185397409,0.15816503607914068,0.15817850918606363,0.15812956918390364,0.1581952623306439,0.15821568025311408,0.1625845016679978,0.16258514702280946,0.1627040912632274,0.16268123269744167,0.16267648143291358,0.1626748479406845,0.1626777713541925,0.1627520941722486,0.16282997726730483,0.16282859908643138,0.16284867990282945,0.1629040996975983,0.16290345805036197,0.162874203485649,0.16287169202189689,0.16288456546491847
181,0.16718083440612672,0.1756596704295148,0.17565604186196324,0.17454793109121494,0.1745459911943164,0.174561189404972,0.17456009234256842,0.1745606094432051,0.17455836224762603,0.17456612280917522,0.17454779575193755,0.17450260206717605,0.17448157863016528,0.17427739263110603,0.17422097654509813,0.17422641076618645,0.185225825335924,0.18472720485076177,0.18406501119262217,0.18409216123166214,0.18407030207838296,0.183993386174629,0.18390813580029997,0.18388745968342768,0.18396828542783272,0.18385898566905212,0.18382692668799128,0.18359115979964777,0.18358762641136397,0.1833250704461172,0.18336923272622702,0.18337955602530645,0.18338347896187007,0.18334327974478967,0.18319119539539813,0.18312846244028683,0.18313337866753832,0.18309511512816537,0.18299150121289698,0.18299405647316977,0.18304803123083074,0.1830521059928493,0.18302760472348997
182,0.18862773223663723,0.20094309847153807,0.2009409990347258,0.20093920259487066,0.20093760061938165,0.2035227916169383,0.20352225261167461,0.20352214185637205,0.2035219009463043,0.20351200171300207,0.20350951407827456,0.20347107419088037,0.2034567462336602,0.20326566610553862,0.20323745863397022,0.20324174472717907,0.20504206677634926,0.20491927613344138,0.20468972140492886,0.20460499928793807,0.20459942037511636,0.20457918313989729,0.20455411302915172,0.20454812018881632,0.20457147143928742,0.20453843690005818,0.20452726839127588,0.2044366829362649,0.20443619502660687,0.20435290988620577,0.2043652012593635,0.20436807730745035,0.20436879640989444,0.20435040655075531,0.2043070307961984,0.2041290088246134,0.20413049330773705,0.20411509513175977,0.20407741934747312,0.20407836394761397,0.20409595580226372,0.20409745946771476,0.204087680885752
183,0.21959488029277013,0.22833460806235584,0.22833791736401882,0.22834268170085567,0.22833267071693614,0.2617029957620544,0.26165411557618445,0.26163669770211856,0.26163862503322444,0.26126176055013606,0.2612234448223637,0.25954028762465287,0.2589844632952219,0.24971820631945713,0.24933233822844286,0.24947623096287577,0.24720634670782415,0.24579347355150707,0.246186492324668,0.24488777841522785,0.24482998696201708,0.24462489617149008,0.24438503538442694,0.24432671066378608,0.24455056729675584,0.24429412741929496,0.24418980643694835,0.2439388065966407,0.24392709688444025,0.24288899971232553,0.24298445001242275,0.2430066204972237,0.24301281255548607,0.24441955142106878,0.2439806346676927,0.23848030151194832,0.2384916780907962,0.23836686070107263,0.23808343861064246,0.2380902556988007,0.2382343241725767,0.23824668924623127,0.23816740570216205
184,0.248158378706262,0.2530549700590995,0.25306457838157864,0.2530756203685703,0.2530565646769201,0.2766425506459457,0.27663197519920957,0.2766252844114053,0.27663157267222993,0.26324722285962204,0.2632586097459465,0.2643601369447617,0.2646846381430511,0.2668055096393082,0.26576266718597846,0.265804002752361,0.2645979154642506,0.26396570529051744,0.26741471273825657,0.26704738681703,0.2669700206166361,0.2666977442571513,0.2663803741513161,0.2663028747544497,0.2665988557144054,0.2663371619773879,0.26619847687269677,0.2659361226889496,0.2659198511903666,0.26440950314238426,0.26452684447755853,0.26455381723622395,0.2645616192338399,0.266783080225155,0.2663366519184377,0.2583806151245759,0.2583842458256862,0.25833700558046485,0.2583634059594665,0.25836596231356795,0.2584116468221706,0.25841536979155105,0.2583804504815034
185,0.28361056172125937,0.2836164798544896,0.28362015609521946,0.28362398435582864,0.2836229125550257,0.2836607489120447,0.2836704887123797,0.2836729928896017,0.2836746114257222,0.28366451994189623,0.28366628321419723,0.2838151589558955,0.283863918973263,0.28436767147640524,0.2842376656858164,0.2842472477800863,0.28417934617473917,0.2840557890707439,0.28365815661008387,0.28370138110704524,0.2836869254293561,0.2836347937329026,0.28357583329222413,0.2835615848025029,0.2836154823935834,0.2833385584095255,0.28330820822387925,0.2832708048127224,0.28326921428484153,0.2828521935573114,0.2828794011511756,0.2828856473275473,0.28288685525209906,0.2829650384340477,0.28279591691720013,0.2817918165964999,0.28179360858112484,0.28177247251456383,0.28159093181994416,0.28159157723862843,0.2816022700097842,0.281608235657122,0.28160260216338173
186,0.31094985807307207,0.3109977624563127,0.31106594799690335,0.31112979519333805,0.32575856150709337,0.3255907590011583,0.3255839246313394,0.325564371777683,0.32559767142672374,0.32554907316516435,0.3276508851015297,0.3304672114337742,0.33117580134193,0.3249640370648473,0.3323904730484784,0.33269101415522223,0.3326494653464782,0.3304380676637223,0.32641034519601003,0.32691354130523453,0.32680311743934043,0.3263876961172929,0.32594523163187733,0.325837964420502,0.3262383710894285,0.3189322128139098,0.31904341982247464,0.31891100655046484,0.3189683215464391,0.3178643339763871,0.3180289379517662,0.318066209766337,0.3180756405491259,0.317705232731991,0.31676054273400306,0.31659135383254333,0.3166047755677453,0.31644087285299594,0.3096103495453989,0.30961222723594306,0.30965497408400217,0.3097050460000513,0.30973441023228493
187,0.3296305641639954,0.3297410020373593,0.3298744276706808,0.33000124751005316,0.34719579165878434,0.34708586292931654,0.34712649984535227,0.34711740393508594,0.3471658007994821,0.34713001201653654,0.38099699577602847,0.3752519097970135,0.3735341000975374,0.35240790377555226,0.35640640556026126,0.3567190185043723,0.35662695162837005,0.3547209167628774,0.3511340638003707,0.3516378755226247,0.35151736836808745,0.35102763357231626,0.35054756832892786,0.35043045991765137,0.3508630344235206,0.33915322093335803,0.3399490016504031,0.33992710236531015,0.34004476771537423,0.3396177298771691,0.33967280972642233,0.33968479861985246,0.3396961499287263,0.3395596178618745,0.3391863759969935,0.3389927931373194,0.338998448453867,0.33890081937482924,0.3346246559411414,0.334628818645287,0.33471769059844486,0.33459947533253803,0.33400867310516746
188,0.3572516639826347,0.35735701967177846,0.35747340222524976,0.3575792438548287,0.35766316096800443,0.3576106671257752,0.357683984380426,0.35769756302812655,0.3577326836780508,0.35776414674134716,0.3585451403789223,0.3604143954731892,0.36072488682496956,0.3612022658010769,0.36096470494653404,0.3610097783500845,0.361026358121767,0.3566768097057138,0.3562903208430172,0.35637054555267317,0.35635517921183446,0.35629210470770795,0.35621020479835336,0.3561900871765478,0.35625869621268924,0.35587868772868325,0.35609801812870145,0.3560975817362933,0.3558823596297771,0.3557684014561146,0.3557841888190722,0.35578718189705727,0.3558457655352744,0.355800696273152,0.355621941998422,0.3555521151945657,0.35555392226611504,0.35548912927381465,0.35499107225245224,0.35499426117796684,0.3550223329463656,0.3550991030141843,0.3517826628148561
189,0.42329866642760416,0.4243400866118254,0.4252944000610488,0.42608629072711535,0.4264766826851536,0.42617336632756087,0.42899189371256996,0.42900346599607503,0.4292549790335611,0.42941468024394713,0.4308162436337442,0.4329514812646005,0.439957035330132,0.39730977530434775,0.39508945886425656,0.39562001133216246,0.39563400574488683,0.36463910074039774,0.36463909611633183,0.3646390975118868,0.3646390983454093,0.36463909907415853,0.36463909916894205,0.3646390998321331,0.36463910121356746,0.3646391015882506,0.3646391019487604,0.36463909924081667,0.36463909669208017,0.3646390959305074,0.3646390966372421,0.3646390973380345,0.36463909378248727,0.36463909402088396,0.3646390937017323,0.36463909347646506,0.36463909395070837,0.3646390936983356,0.36463909363941166,0.3646390941373598,0.3646390947008149,0.36463909523618615,0.36463908532287914
190,0.4069132765293043,0.4072745281420916,0.40757553494731663,0.40789400853324065,0.40804785568649143,0.4079135141499153,0.4112064932793652,0.41106201232273,0.41122849537378364,0.4112452614716964,0.41240449934810613,0.41540302978161914,0.43813803304861687,0.40064548253401144,0.39899666443073406,0.39943366737038827,0.39946171761980065,0.38412544009271665,0.38298224996856,0.3832090652990811,0.3831376452097784,0.3829350960236783,0.382665254620903,0.3826035027756178,0.3828147739317087,0.38259440139176204,0.38244556099174287,0.3823837562721903,0.38211311402376263,0.381791144844963,0.3818482125827889,0.3819268010183617,0.37666954976286354,0.3766570196696498,0.37660582844780793,0.37656485530490463,0.37656728630796515,0.3765243246666892,0.3765148765899987,0.37652352049592974,0.37653234870582264,0.3765416956055543,0.37658804245811467
191,0.38750137597599343,0.3881335674153506,0.3888471470006006,0.3892360357209872,0.38948146340074924,0.3893473132406939,0.3895827163085214,0.3899415845363883,0.3900522048005864,0.3901461794095196,0.39070636293999733,0.3947031783250923,0.39423260293229395,0.3923194189029887,0.3920968880908856,0.39217739375773336,0.3921666726866376,0.3902578715986999,0.3896947831811596,0.38981000563171053,0.38919559822006594,0.38900428071203874,0.38889090948773614,0.38886702954456454,0.38891084245217383,0.3888363501807212,0.38879135914541696,0.38877237804437786,0.38884201926963824,0.3887186343463138,0.3887591081388972,0.3887476010013472,0.38656022199138457,0.3865359528120807,0.3864352363636305,0.3863325765401887,0.3863484147425069,0.38612338858399914,0.386070179855168,0.38603868475800146,0.3860490001331865,0.386050897995391,0.386120768524327
192,0.3837303306695315,0.38407737332206804,0.38723591129690066,0.38741756774651487,0.38753246084071685,0.3874622862531842,0.38752989632909884,0.39271413783597375,0.39310347230352044,0.3931341498780285,0.3938975572343732,0.4322413305181214,0.4283793124189619,0.39733851867684916,0.3966062112866576,0.396952415663394,0.39693115245878685,0.3951840706502257,0.3935105293741567,0.39384575033806213,0.39228783004886036,0.39203251440072046,0.3917426609019221,0.39167928878094516,0.3917829796894444,0.3915547378027559,0.3914797935915375,0.3914222759271178,0.3914838219074482,0.39112019416402277,0.39122787542409804,0.3907159292211474,0.3903685148217042,0.3903204981457625,0.39012125375734286,0.38991417937080053,0.38994273704477744,0.3896482351449632,0.38951369042969125,0.389502617179177,0.38954392890900436,0.3895493080653499,0.38956057022966517
193,0.3837102585456528,0.3839507748060454,0.3910554642945957,0.39111487762114444,0.3911523710904714,0.3911297014192597,0.3911496918685393,0.3962474009984279,0.3965670060300015,0.39656207431870233,0.3970450411557869,0.41845341807375774,0.41844057826536557,0.399507389233324,0.398856665050884,0.39917413055692963,0.39916007094732514,0.39758696675465593,0.3962327484117203,0.39650298761341946,0.3952152774821927,0.39507832655347236,0.39486773721778795,0.3948020456573944,0.39482623164189534,0.39465742248834534,0.39460285890462543,0.3945634364299383,0.3945779234734546,0.39431160983376917,0.39440924611611666,0.3936082006665704,0.3936369979264496,0.39360513100254263,0.39347548333419613,0.3933416211989698,0.3933590085056062,0.392948642457232,0.39286403512485063,0.392878791773431,0.3929063376232374,0.3929098907774127,0.3928978780464164
194,0.38377233845221753,0.3839652231181446,0.3933097004457328,0.39330970014766314,0.3933096999377449,0.3933097000296443,0.39330969975872976,0.3933097040686792,0.3933096908975814,0.3933096904076724,0.393309692262152,0.3933097127307354,0.39330971454858166,0.39330971649859175,0.3933097160733729,0.39330971701196826,0.3933097157503258,0.3933097143762492,0.393309712343279,0.3933097129322014,0.39330971169990003,0.39330971188539676,0.39330971379748336,0.3933097136867376,0.393309714889084,0.3933097149284394,0.3933097152036385,0.3933097141293265,0.39330971439777695,0.39330971419530364,0.393309710709598,0.3933097092674904,0.3933097094875732,0.39330970957277567,0.39330970953696104,0.39330970949359534,0.39330970932328124,0.39330970803434945,0.39330970805127796,0.3933097081888582,0.39330970822493955,0.39330970832381934,0.39330970839085105
195,0.3838455525664404,0.3839653496393464,0.38973032492167753,0.3897317685337656,0.3897323962407625,0.38972960455163397,0.38973107001943363,0.38977814807049566,0.36748912615629725,0.36752788550448745,0.36814693481655847,0.37378607451328955,0.3754067453402363,0.39471757769932236,0.3946938854198853,0.39466759830851034,0.39466239016919413,0.3946935788290331,0.3948293403913693,0.39479629732826405,0.394872154781342,0.3949017758403026,0.39620947045957666,0.39599003314648734,0.397068325190655,0.3971027647746021,0.397116520169687,0.3971241093958927,0.3971146509126044,0.3971948729571771,0.3937196317729031,0.3937617676131213,0.3937640582941644,0.3937807161296578,0.39384475967636334,0.39392022031870794,0.3937802997031601,0.3937461185067979,0.39380720523045853,0.39380676276643145,0.39375473763908997,0.3937512660950504,0.39376498690795514
196,0.3839097719309055,0.3839885304589259,0.3875337938580768,0.3875394220770962,0.38754183244025225,0.3875348945744904,0.38753845189846414,0.3875667799680414,0.3629286365342323,0.3630101182880268,0.36396372256163234,0.3714420446075625,0.3733920803495648,0.39594399915123707,0.395844184706558,0.3958490707857151,0.395856326616478,0.39567555972788776,0.3956745282903155,0.3956712643809842,0.3957359042333499,0.3957401586045718,0.3968170088916622,0.3968026017067071,0.39789058013163686,0.3978884533882049,0.3978909708236541,0.39788750855680904,0.3978781823804171,0.3978921505882092,0.3948334902663587,0.39488545075786186,0.39488656043991033,0.39488009366192683,0.39484516107905476,0.3948096138760092,0.39479265446452805,0.3947475690694348,0.3947272337579345,0.39472790032764404,0.3947234479167687,0.39472396832153744,0.3947171828440195
197,0.38395633802763496,0.384005822150755,0.3859194847787901,0.3859288169514934,0.3859327694861063,0.385922415684842,0.38592764300887117,0.3859348498256677,0.3721376416937195,0.37216666033028056,0.37265746999561805,0.37709221707207385,0.3783488058827338,0.39592151448238005,0.39589065720664374,0.3958841564668921,0.3958811806296964,0.39585936343565115,0.39592768367482756,0.3959078608152732,0.3959423992137394,0.39596059436221454,0.39645958222741023,0.39714259467125484,0.39745633734407754,0.3974482927764225,0.3974487057861989,0.39744706323509993,0.3974412366158809,0.39745097847639493,0.39586544317376676,0.3958914607352457,0.395890559956742,0.3958833253590663,0.3958548063802459,0.3958272376544131,0.39586116401498234,0.39579948583192254,0.3957802382450996,0.3957809748772891,0.3957823238554818,0.3957832079630928,0.39577554859689085
198,0.3842060453920524,0.38419064057732166,0.38418903518706,0.3841839026458677,0.38417963851901665,0.3841718605493426,0.3841695116914547,0.38414508753116516,0.3841590852465473,0.3841509563011189,0.3842472275159134,0.3851265886543906,0.3854227417274883,0.39439696696526083,0.3946430525835477,0.3945462602651485,0.3945379642731162,0.39532713255326885,0.3959418483710855,0.3958037909052637,0.3958635136249323,0.39597715023161534,0.3959495444632608,0.3987970029273949,0.39885339863499836,0.39888131852370257,0.39888867340881157,0.3989124004767569,0.3989154907707286,0.39898355314398853,0.398781703365816,0.3987830053407322,0.39878136322281466,0.39878180496966187,0.3988051108021201,0.39883119796077676,0.3988267121443518,0.39879252330892406,0.39880818063570445,0.3988085754893847,0.3988018004118372,0.39880147687381085,0.39880317249073943
199,0.12238336289746506,0.12256124801558302,0.12256383318185317,0.12249561032908579,0.12249706500043281,0.12249413770089074,0.12249600175876402,0.12249597879169688,0.12249726146163228,0.12249647870289333,0.12250812797319326,0.12257550467763631,0.12260348392411416,0.12324282811289994,0.12330635319014262,0.12328968882890655,0.12317436313254077,0.12333128601899858,0.12342527861000295,0.12338061847974963,0.12338812035116986,0.12341573075924749,0.12345290773560981,0.12346150281823977,0.12342656653939554,0.12347276421926032,0.12348868340564666,0.12566186996946443,0.12565961643963322,0.12581597060990532,0.12578111292214325,0.1257732236669187,0.12577104599113825,0.12581357936274815,0.12592334839489033,0.12606482484052828,0.12606173580885316,0.12610450109550106,0.1262088130561827,0.12620609777368752,0.12615560218402896,0.12615014550247194,0.12617680888672397
200,0.13259128240615306,0.1344286428842059,0.13442882608059792,0.13369127377340484,0.1336911980989322,0.13369249604603622,0.1336926347692777,0.13369252091336128,0.1336925513579591,0.13369331181936267,0.1336943628766707,0.13370791137518934,0.1337134505527976,0.133947865677791,0.13397270148773166,0.1339642121725751,0.1347485083447583,0.1350201204237849,0.1352809873466749,0.1352154285548338,0.13523113428387495,0.135286363843189,0.13535638831506142,0.1353736546299729,0.13530799669507967,0.13539796294835257,0.13542790353445694,0.14678918135528507,0.14678410495067662,0.14678290014066672,0.14677301260270753,0.14677127445853247,0.1467718159888527,0.14681238062397886,0.14683806081682785,0.14690306066459793,0.14690310065773,0.1469302466292105,0.14698845779667966,0.14698711060379394,0.14696167172811067,0.14695791791336482,0.1469744192622425
201,0.14958675640311736,0.15450181852263267,0.154500335591278,0.15252806432791105,0.15252752610023348,0.1525346497246856,0.15253430358050718,0.15253497804072338,0.1525332392641138,0.15253809104401272,0.15252229563150155,0.15247061281580238,0.15244577181691132,0.15202456528395425,0.15194649936521354,0.1519575944865427,0.15403538979723,0.1542455828367182,0.15449954138440153,0.15447905670547424,0.1544916468623545,0.1545349225259177,0.1545851880000912,0.15459817037159496,0.15455049176650082,0.15461440411600053,0.1546346642180695,0.15842887481167092,0.158428938708277,0.15851532372150617,0.1584978793765254,0.15849427483624726,0.15849312682546549,0.15849913616608824,0.1585555448489809,0.15861613095527047,0.15861509341109828,0.15863223436159407,0.1586782151074586,0.15867760218916332,0.15865377905381697,0.1586516051645261,0.1586625578355424
202,0.16623034633081482,0.17450823032567975,0.17450650552787694,0.173347691281247,0.1733465416978374,0.17335592064259528,0.17335542065294837,0.17335562055086037,0.17335447341774748,0.17335882795775648,0.1733507592175696,0.17333614111287513,0.1733288042661633,0.17335157562617012,0.1733488390765084,0.17334679935423394,0.18267158914943604,0.1821577340864924,0.18146806950978733,0.18146401955171687,0.18144177087062485,0.18136404015932897,0.18127962100612613,0.18125904936697598,0.18133916179934254,0.1812318375111629,0.18120093889053776,0.18072855592002135,0.18072467318710542,0.18047036147455106,0.18051239121258333,0.18052220190480397,0.18052613065708784,0.18049581336954126,0.18035106915055377,0.18031605877042858,0.18032063282654437,0.18028744718220005,0.18019601693495782,0.1801981859134272,0.1802471497327149,0.18025066616182348,0.1802295535726493
203,0.1857341254809942,0.19835288413748806,0.1983528837946143,0.19835288284184083,0.1983528825513278,0.19835289142849316,0.19835289184552957,0.19835289220791366,0.19835289235823714,0.19835289251879112,0.1983528920674492,0.1983528918818547,0.1983528920556879,0.19835289496214029,0.1983528956188186,0.19835289594279445,0.19835291138869424,0.19835291018894918,0.1983529059216176,0.19835290503526992,0.1983529056379693,0.19835290602010242,0.19835290630504354,0.1983529068627736,0.19835290775578032,0.1983529077627915,0.19835290824751553,0.19835290398459376,0.198352904403534,0.19835290360522756,0.19835290416366,0.19835290464889116,0.19835290508909467,0.19835290517679613,0.19835290494905794,0.19835290410552017,0.1983529045216961,0.19835290452395798,0.19835290437809255,0.1983529047749541,0.1983529053431839,0.19835290573535083,0.19835290592998264
204,0.21478449023027882,0.22412601488765507,0.2241305433650469,0.22413612865319768,0.22412810338074204,0.2523804482200156,0.2523563542351641,0.252344168557348,0.252352346998861,0.25207591554070813,0.25212385730788023,0.25116613404347926,0.25083364556642884,0.24356748596221273,0.24335524931627775,0.24347954367611696,0.2412201384033442,0.23993389488744649,0.23969886801275805,0.23818635279774414,0.23813479246878475,0.23795207011710592,0.23773772411094657,0.23768576502874111,0.23788555295625213,0.23765042938800482,0.23755740592283844,0.23734633665043245,0.2373369167343314,0.23646434662249705,0.23654976075355,0.2365696046457934,0.23657505532475245,0.23776091527332782,0.23737349645664305,0.233100323795084,0.23311102049733154,0.23299301206015985,0.23272272784948342,0.23272918891569971,0.23286467631214244,0.232876381602726,0.23280149355498567
205,0.24473309088973924,0.25011860654138063,0.25012916734047136,0.2501409314864233,0.25012340685048406,0.276184309255191,0.2761647078012064,0.2761547946971838,0.2761614292564437,0.2644930852254927,0.2644661461203824,0.2648366703152046,0.26494407712849655,0.2645344155806905,0.2635637841122981,0.26362770425587506,0.2621990918132605,0.26141803138361136,0.2643377032068039,0.26385331420993846,0.2637769160551781,0.2635079578778264,0.26319474369665735,0.26311821378426603,0.26341047283057273,0.2631496014315207,0.2630133606204056,0.26274703889012657,0.26273124387030483,0.2612729407014974,0.26138939044985354,0.261416177718012,0.26142406805999235,0.2639918448265208,0.2635402005506689,0.25592098387714884,0.25592538278096044,0.25586888277040604,0.25586571091265686,0.25586874242374513,0.25592445920433865,0.2559291483966734,0.2558885970038577
206,0.28431620417132036,0.28430667411900334,0.2842991573330371,0.28429120932922297,0.28430701686634774,0.28426497079183427,0.2842517611096394,0.284247172521673,0.28424735645822485,0.28424446840883666,0.2843107246395225,0.28420467046694614,0.28417315758672873,0.28335150356539146,0.28367530580410066,0.2837018916061129,0.2836879095551023,0.2834759357208867,0.2830498359235227,0.28308999983831007,0.28308110803887737,0.2830491712125974,0.2830134981756615,0.2830049255278497,0.28303732023843503,0.2827889213180791,0.28277371691693176,0.2827583882169776,0.2827595052295888,0.28260490241988334,0.2826211182918706,0.2826248194531016,0.28262561130982905,0.2826040050787038,0.2825027917558596,0.2822806666873922,0.2822819880611516,0.282266626533237,0.28201024197595914,0.2820106553009199,0.2820189374740253,0.2820230763327793,0.28202150123747277
207,0.3118073185644161,0.31186492144694433,0.3119433610563504,0.31201615799575744,0.3274165351967457,0.3272364856406199,0.3272276371643113,0.327204441611195,0.3272433664145612,0.3271785080093143,0.329639246354343,0.33294215355856566,0.333786284693632,0.32727012549295487,0.3362400085588844,0.33654630912417044,0.3365102128488206,0.3342964248426592,0.3302989847283871,0.33081680625582793,0.33070367948397944,0.3302741775208945,0.32981572218933686,0.32970431830646446,0.33011871199957543,0.3222376293910037,0.322543981549769,0.32242803438684436,0.32250206119729863,0.3213929469471686,0.32155212424310486,0.3215879867768299,0.3215967853507729,0.32122498421631823,0.32028926023993787,0.32007843032182376,0.3200915134333223,0.3199195066781882,0.31048571228763433,0.3104871715180187,0.3105193770097119,0.3105656956876902,0.31058347852994744
208,0.3315789337313959,0.33171303053495244,0.3318707230101624,0.33201872994889736,0.3475492536109833,0.3474242806508044,0.3474813137658781,0.34747236525317776,0.3475317006798395,0.3474961703862369,0.38839640836905975,0.3812579876277485,0.3792350843470414,0.3560706627938084,0.3597669391586379,0.36009276719082184,0.36003417044357583,0.3578342805078266,0.35453546687533033,0.35504283149050264,0.3549203136527636,0.3544293897082378,0.3539385611663782,0.3538193740135388,0.35426123638461215,0.34590488745956743,0.3471650784713984,0.34714610974915566,0.3473513894098332,0.3468555317384094,0.346924926500116,0.34693986736097954,0.34695757451857306,0.346791063162966,0.3463325466021055,0.34607295674479227,0.34607972955644356,0.3459460578583211,0.34165609159274485,0.3416610968556182,0.3417619786637089,0.34173005530599776,0.34035932980209377
209,0.36423521577239765,0.36446711943469945,0.3647207590937186,0.36495050289755954,0.36515155817281947,0.3650381290936399,0.36521255815868625,0.36524273425932047,0.3653198714612893,0.36538997838115533,0.3670610017658786,0.37119863302265227,0.37196028198253245,0.3749101555532169,0.374426630777925,0.37448686484175203,0.3745322991570178,0.36688623453552777,0.36633576827001385,0.3664631187143581,0.3664384160391087,0.3663151681316999,0.3661800298856564,0.3661471003776054,0.3662588200237993,0.3657630286175249,0.3660655256484286,0.36607294037013866,0.3659821892804236,0.36579714162894034,0.3658247788829566,0.3658309540336775,0.36587557886442,0.3657993940639877,0.36555040651002674,0.365413283772586,0.3654166126614595,0.365286129789884,0.36464003115902216,0.3646447950452536,0.36469375326252673,0.36479565088152366,0.3574047827790636
210,0.4222494393667393,0.4232879602843168,0.42424493887047854,0.4250484298225608,0.42545253221589563,0.4251346794719951,0.4282582247786407,0.4282519168702654,0.42852765575478907,0.42868016695474964,0.43035790143427416,0.43373747769845966,0.4433330603704288,0.4036570166487372,0.4015351465294984,0.4020271184707345,0.40207354453996713,0.3760375079505546,0.3760343475769686,0.37604245925244967,0.37605636533561126,0.37601819547661,0.37599482251314065,0.3759905639953122,0.37599374484015047,0.3760349271128799,0.3759869827134027,0.3760072684214433,0.3761123533667117,0.3761331199309223,0.37612539975111486,0.3761479047824975,0.37461802237012026,0.37460715275435513,0.37460363182774,0.37460887284212047,0.37460865975632124,0.37451478008468264,0.3745021035054905,0.37450804189315917,0.374502948756829,0.3745211931475158,0.3733832450353931
211,0.40536531111309787,0.4056831961423995,0.4059437567668297,0.40623405859110195,0.4063732481298811,0.4062413360536986,0.4091558167645431,0.4089880539982726,0.4091545139662254,0.40916510688980573,0.4103206904484797,0.4136027235201068,0.43898782405527315,0.40536350367674034,0.4039434720715663,0.4043180753723432,0.40436377599806406,0.392215913336229,0.3912856440900391,0.3914760173458259,0.3913930796994456,0.3911481184258369,0.39091445515514006,0.3908626396828659,0.39103211004167393,0.3908563892503924,0.390721011363694,0.39068569520096985,0.39065600379296417,0.3903898132958791,0.39043768106105653,0.3905385026688527,0.38263172309868226,0.3826317232401174,0.38263172308404547,0.382631722878745,0.3826317231937652,0.38263172231593273,0.38263172228297454,0.3826317225628014,0.3826317228957096,0.3826317231987263,0.38263172289419844
212,0.39413335771287883,0.3940810673751406,0.39400137437235944,0.39402243528322484,0.3940397473821004,0.394018437822562,0.39432922743615784,0.3941663416636007,0.3941908345341962,0.3941961202050831,0.39439684850486345,0.3943617064808368,0.3979144002845617,0.3956650212848105,0.39538564579221575,0.3954635578775662,0.3954662978665791,0.3928303995293071,0.3923850248731022,0.39247799102733905,0.3921072745926387,0.39193687039875896,0.391831808742597,0.39180974507710364,0.3918606395057327,0.3917919294282641,0.3917424524154508,0.3917281179287818,0.3917842945451692,0.39167346182586793,0.39170604807976295,0.3917468866985016,0.38911498011080475,0.38909653850317977,0.38902541541720453,0.3889530551860792,0.38896390654984037,0.38874268797308675,0.38870767900716025,0.38868762451773325,0.38869340459617063,0.38869469387164546,0.3887523444121844
213,0.38399866060137267,0.3843562874998366,0.3884803219745717,0.3886663928680572,0.38878297118832467,0.38870288568787065,0.38878255157052,0.3953895424755888,0.39590383932644185,0.395915913515493,0.39681023063741233,0.44598159261941833,0.4424645905148179,0.4088985806367945,0.40813318520987624,0.40847556970872384,0.4084797041354583,0.40688980249057594,0.4053602588481484,0.40566862729504044,0.4044144848113255,0.4042216921421096,0.40394267251845967,0.4038657740833108,0.40392055861788045,0.4037050896716957,0.4036346629255049,0.40359178037146176,0.4036239250560982,0.4032888976112507,0.4033446035978219,0.402022645080518,0.4020684465720654,0.40203091612322184,0.40188324575919543,0.40172834229764975,0.4017570632798485,0.4014765662301911,0.40135974686206166,0.4013689636388326,0.40140943361354225,0.40141441396221256,0.401403539895765
214,0.3838465491480232,0.3841035753845122,0.39128855345687624,0.3913628523667847,0.3914083881358093,0.3913742904560565,0.39140431109259466,0.3962985354172857,0.3966538120731185,0.3966474557545337,0.39718238691873087,0.41996502472905634,0.4202101637514446,0.40565747822654175,0.40514842852679755,0.40537800138152796,0.4053816865036748,0.40422967437660734,0.40325938523757127,0.40345521005497237,0.4026729054933091,0.402569764132136,0.4025795499385087,0.40250952354220015,0.40250554610297073,0.402356092358072,0.4023065717657048,0.40227977997595044,0.402291195194207,0.402061807918838,0.4019727003585725,0.4009433937266831,0.4009719455992324,0.4009411972900432,0.400821484925512,0.4006963131005473,0.40072712108524594,0.4002732111939166,0.4002015220727443,0.4002105268896073,0.40023763221505404,0.4002408109740874,0.40022760026615406
215,0.38390489738093964,0.3841075288546847,0.39313552832149296,0.3931485207097022,0.3931545035207293,0.3931428015981441,0.3931496326830236,0.3931348469878448,0.3910200743578967,0.39101927944914194,0.3911424240703438,0.39336072339034167,0.39392436341431974,0.40290361008481407,0.40305807883488926,0.40297839078723985,0.4029765867755562,0.40350676231167293,0.4038996091931686,0.403818961806931,0.4039136811298777,0.40398381221730784,0.40517770663345926,0.40506999759219564,0.405198510031494,0.4052473305530711,0.4052614611830486,0.40528765603073935,0.4052865903405393,0.4053849147397774,0.40359057107350177,0.4033099580812778,0.40331083834841935,0.4033102964324975,0.4033191182817473,0.40332755274323634,0.4033169656245051,0.40309687542936873,0.4031144672755538,0.4031144191110942,0.40309894667613805,0.40309811311009697,0.40309925439127786
216,0.3839586460272167,0.38409275595666387,0.3898479740024313,0.3898621348620065,0.38986853011122324,0.3898539154180504,0.38986216823026854,0.3898832485102262,0.3677643155068017,0.3678154933525379,0.3686059608356495,0.37583387725347644,0.3778605338075874,0.4039278872064655,0.4039838686900327,0.40392477888821804,0.40392048020269594,0.4042046161340792,0.4045263994585954,0.40445506884381965,0.4045727955942122,0.40463547259615806,0.40686467161042594,0.4066967036382099,0.40738444551770675,0.407422895008766,0.407436373873295,0.4074571388443068,0.40744955180989195,0.40754186422605226,0.40227568001204916,0.40230214818097476,0.4023029022413911,0.40230517473919947,0.40231181534198207,0.40232094513668715,0.4022915916142862,0.4022666974181934,0.4022757060039442,0.4022757222774229,0.40226253549014884,0.40226187068452873,0.4022631966422474
217,0.38398935831513165,0.3840812111058713,0.3877568746171339,0.3877716442118872,0.3877780599902117,0.38776221795941596,0.3877705572901399,0.38778333149763333,0.362960542459281,0.3630638609624126,0.3642241226047425,0.37303954089520225,0.37531451916454583,0.4033495322928754,0.40328478688260366,0.40327872881381344,0.4032838344473997,0.4032173030667106,0.4033098129015613,0.40328505388510244,0.4033522868715649,0.4033762541690777,0.4047871126806945,0.40506423450537665,0.4055671390372195,0.40558245770356005,0.40558981050558385,0.40560068744558053,0.40559336848984606,0.4056466752954623,0.40237839100549533,0.40241744476556307,0.4024162601686316,0.4024087638421146,0.4023807560038947,0.40235161112435264,0.40237680821073,0.40229556548947193,0.4022736212052055,0.40227455398408246,0.40227584715375747,0.40227686043919575,0.4022679199425391
218,0.38401953782802534,0.38407757520884583,0.3860112341622071,0.3860278905770392,0.3860350400111172,0.3860174197842839,0.38602652252054753,0.3860220808559923,0.372298315862003,0.37233288858837954,0.3729197208676354,0.3781728605445245,0.37966387910681854,0.40199577429775796,0.4020570340056483,0.40201764095773984,0.4020070647641467,0.40227352390323,0.40256696174257156,0.4024956478574224,0.4025403693385243,0.4026034971977702,0.4030975207708233,0.40460265114252675,0.4045731173560895,0.40461972307249117,0.40463731696828653,0.40465728145763497,0.4046530537687127,0.40476489610612537,0.40326519849892817,0.40328067493857733,0.4032772099447689,0.40328204286093106,0.4033152737103795,0.40335573771216526,0.40339452865002606,0.40332146752872533,0.4033465590909283,0.40334674429626544,0.4033271620375326,0.4033263240495204,0.40332783565042635
219,0.38423872474108484,0.3842391179698944,0.3842711152443192,0.38428113875423364,0.3842850587013611,0.38426661990677125,0.38427407011587433,0.38423989778303513,0.3841528809285041,0.38414022656951513,0.38427583404873084,0.3857389988427235,0.38625221921232256,0.4012393257550387,0.40163873909352366,0.40148468792895864,0.40145188692413364,0.402696860787252,0.40363705612336365,0.4034219330225479,0.4035065202870117,0.40368062987355036,0.4036601580133033,0.4084021723499193,0.40841194179942014,0.4084427403527539,0.40845142400717577,0.40847350417862716,0.40847578369094256,0.40854613980634025,0.4083521516303673,0.408352384736365,0.40835048961860587,0.40835277777829837,0.408381531175727,0.40841349309761255,0.4084114500378947,0.40837755492472055,0.4083970772350561,0.4083973244570644,0.40838774012947554,0.40838720441634213,0.4083896755463495
220,0.12238911816714607,0.12257081182299172,0.12257757487019355,0.12251264056644182,0.12251669087389762,0.12251007073443868,0.12251526655138588,0.12251547672574246,0.12251848573425266,0.12251742004651833,0.12254505889747866,0.12271225847217655,0.12277833455821642,0.12410047379313927,0.12422372919761063,0.12419186005621581,0.1238701311825154,0.12413918868668938,0.12428242868254549,0.12420352459338288,0.12421549383178514,0.12426051041423435,0.1243220371159047,0.12433592440306085,0.12427789430594281,0.12435427856844346,0.12438063171332907,0.12710736230376737,0.127103360213671,0.12733662238730162,0.12728402329107494,0.12727188150683738,0.1272685393175772,0.12733722668542957,0.12750088117514294,0.1277159379240387,0.1277111042271107,0.12777641712795285,0.1279329199408448,0.12792850121735427,0.12785351855975846,0.12784511692692513,0.12788552851944507
221,0.13477890369567277,0.1369912871932633,0.13699175042988557,0.13610326276646462,0.13610325189474876,0.13610439300226415,0.13610462188642067,0.13610449273444575,0.13610460851921874,0.13610530551620265,0.13610714616497777,0.1361247617765679,0.13613204243396776,0.13641174453802563,0.13644238718757468,0.1364324637759537,0.13726615680892676,0.13756623386041106,0.13784698238062135,0.13777352817319352,0.1377908036963702,0.13785159156502635,0.13792889200070013,0.13794793843114017,0.13787548294826735,0.13797451583801854,0.13800760935229317,0.14934263612051055,0.14933718219426279,0.14925695244068518,0.1492615099482556,0.1492630229710926,0.14926467955327746,0.14929604589346382,0.14927537395030738,0.1492938793766233,0.14929508030518954,0.14931018167546944,0.14933724226282416,0.14933651030023698,0.14932688041696815,0.14932452227485565,0.14933359234867974
222,0.14890717019585573,0.15369264775261957,0.15369253708001213,0.15176191775347242,0.1517611483461439,0.15176562618440007,0.15176486833639002,0.1517651532336324,0.1517639761300108,0.15176666820050005,0.1517561311751921,0.15171981565081852,0.1517038653186567,0.151457120383008,0.15141213721810215,0.15141806087372434,0.1526573503613879,0.15282107760422856,0.15300879260346492,0.15298876817459703,0.15299852859110674,0.15303221192862157,0.1530720667343724,0.15308227825326162,0.15304457350275025,0.15309509682804903,0.15311135779472063,0.15594363141025425,0.15594335890847208,0.15599337532291485,0.15598251713677652,0.15598030936313675,0.15597967296263437,0.15598534993030996,0.1560203037511612,0.1560601297550499,0.15605951139491014,0.15607157652633485,0.15610329790590835,0.15610284005562322,0.1560866503268486,0.1560850881349944,0.15609280494728126
223,0.16749534907220043,0.17604297757546933,0.17604356918599953,0.1749557517802866,0.1749556478177352,0.17495836317218064,0.17495879246334423,0.17495861050595227,0.1749589295868904,0.17495911260067076,0.17496479559764236,0.17499506358170125,0.17500770258869144,0.17541534724813063,0.17549437816018523,0.17547950016607597,0.1832907086465681,0.18267868379741806,0.18188671502282738,0.1818327287761916,0.18180763352733992,0.1817212851403607,0.18163042329149448,0.18160820909704867,0.18169428447327077,0.1815807738149805,0.18154906217653918,0.1807151300130501,0.18071057260533918,0.18046832380434688,0.18050687039574975,0.18051585819099433,0.1805198187035162,0.18050366469636353,0.18037103529643517,0.1803922852403903,0.1803962922051319,0.18037196267627947,0.18030186183512686,0.18030337210382621,0.18034351208447338,0.1803460298293004,0.18033084041221567
224,0.1907135441806466,0.20281847746223955,0.20282257399286166,0.20282602362344343,0.20282562466906295,0.20725203895047428,0.207253398037554,0.20725130243654202,0.20725649661434176,0.20721070208130654,0.20726021788133464,0.207306679859727,0.20733495118897666,0.20769512539076962,0.20792637805785882,0.20790743330524897,0.20650109866835292,0.20647310914369374,0.20612371671950783,0.20511613292088798,0.20511459190273,0.2051086716334527,0.20510382167029861,0.20510277575642663,0.20510721753653613,0.20509978953752592,0.2050973900845134,0.20491744161882908,0.20491556125067242,0.20484998621759776,0.20485224825502535,0.20485294749665164,0.2048531278851384,0.20484320853792803,0.20482765867401906,0.20445240205089957,0.20445366670626947,0.20444526058973836,0.20442601006913208,0.20442649274385274,0.20443669419706362,0.2044371209271273,0.20443187317742212
225,0.21609801662169387,0.225283605800883,0.2252920265941504,0.22530096021418466,0.22529350865424178,0.25483012485010303,0.2547906649309243,0.2547738614209025,0.2547809168013339,0.25442241053828313,0.2544456993136378,0.25301968574906364,0.25253671161898583,0.24355969931870927,0.24338972002158618,0.24352141710187322,0.24077728417635264,0.2395042963614405,0.23936846904903772,0.23765746497737078,0.2376036647862742,0.23741359927712727,0.2371920500183194,0.23713815707302716,0.23734496357088725,0.2371159906441694,0.23702092256005652,0.2368162009053593,0.23680657347031264,0.23591677388096277,0.2360032132962445,0.23602325266683744,0.23602913306820267,0.23785793701439817,0.23745690099970088,0.23316749124899713,0.23317794422870222,0.2330599778919209,0.2327995337792219,0.2328059433060584,0.23294048612896442,0.2329523580660599,0.23287720102959206
226,0.243183478532438,0.2487947077576288,0.24880950861425088,0.24882476114180738,0.2488091104804911,0.2759360861601542,0.27590274555344735,0.27588790485304926,0.275895092580368,0.26498335068576623,0.26494301945683085,0.26466092003976394,0.2645547500322297,0.261647051274297,0.260814605681901,0.26089206124175224,0.2594271913403509,0.2586144780534755,0.26030922188300176,0.2597738942372971,0.2597056944056396,0.2594666575601177,0.2591900323209427,0.2591225544674573,0.2593805342400756,0.25916467361047957,0.2590459990096731,0.2588087329481712,0.2587954819153059,0.2575677689251429,0.25766879451339203,0.2576920523447928,0.2576992153576768,0.2608268912886905,0.26045759290187115,0.25496991456791784,0.2549737573494104,0.2549211797907092,0.2549450480167361,0.2549478009283219,0.2549955119198445,0.2549995615077913,0.2549609539141521
227,0.2803873342267585,0.28038733664652676,0.2803873375487266,0.28038733843756775,0.2803873391218546,0.2803873494201915,0.2803873510389122,0.2803873524803728,0.28038735309399876,0.2803873436431946,0.28038734315920305,0.28038734281308364,0.2803873432534923,0.2803873410854223,0.28038734921035346,0.2803873503621293,0.28038734840095414,0.2803873466179624,0.28038734162467355,0.2803873425662073,0.28038734292359835,0.28038734297611073,0.28038734291313705,0.2803873432153779,0.2803873440449101,0.2803873415973406,0.2803873416305375,0.2803873404218095,0.2803873406963565,0.2803873386481217,0.2803873390803028,0.2803873393655848,0.28038733960034273,0.28038733911580704,0.2803873379549077,0.2803873355813081,0.2803873357279522,0.28038733554413625,0.2803873305045203,0.2803873305248003,0.28038733073440575,0.2803873308137346,0.28038733079858064
228,0.3136821116170005,0.3137552826361853,0.31385010443984346,0.3139376214752671,0.33107597435882413,0.33088965013551147,0.3308748398901233,0.3308462154333716,0.33089148874339275,0.3308048527578198,0.333907315637868,0.3379838749175444,0.33901542717902855,0.33200431344674347,0.34241583645002205,0.34271568120694645,0.3426752094388037,0.3405924425057916,0.3368027288006414,0.33731609190999534,0.3372040373470563,0.33677211293266535,0.3363127326857829,0.3362007439323713,0.3366153188034729,0.3283627487348212,0.3290956269410227,0.3290142714806184,0.3291119210239009,0.3281243934081847,0.3282632947876591,0.3282943442189501,0.3283019874122867,0.3279501393688221,0.32708521694743564,0.32683984657941406,0.32685140274936314,0.32668009374730617,0.31349320527370594,0.31349408419587926,0.31351279850346475,0.3135381362824975,0.3134989719626331
229,0.3308762112334746,0.33102788793750093,0.3312042451174191,0.33136832616900475,0.34761122850278686,0.34746854660307314,0.3475217909572326,0.3475068640088125,0.34757451974640197,0.3475227164092782,0.38698923604170476,0.38247838831752606,0.38101102552866667,0.3592181150026261,0.3634489952522685,0.3637679903201059,0.36372078153386067,0.36139328413792676,0.3582872120758316,0.3587817303395278,0.35866284362485396,0.3581888840117901,0.35770924291100376,0.3575929633850697,0.35802358559011754,0.3512909397314647,0.3531058971287311,0.35309935618585125,0.3533391397114148,0.352837798100271,0.35291013913459157,0.35292551781892306,0.35294575316112126,0.35275759817253105,0.35225636147975836,0.3519786641419135,0.3519855564293874,0.35182822438823697,0.34751789693494195,0.34752281488340364,0.3476129762478779,0.34765565677142524,0.34556359998047875
230,0.37523588171830224,0.37549069302483656,0.37576682024108865,0.3760128121819234,0.3761926667309638,0.3760742218916741,0.3762312521816438,0.37626107612328885,0.3763394401370938,0.3764084315403662,0.3779441606852947,0.3812945213052469,0.38174341812828,0.3828112602536641,0.38209169303837315,0.3821665521755313,0.3822260250389852,0.3726696929894774,0.372162936136687,0.37228908065026506,0.3722657625645864,0.3721326479661769,0.3719957839028758,0.37196267914424685,0.37207290946945676,0.37169255417947145,0.3719282079480857,0.3719413028942968,0.37193255614612214,0.37174592882701823,0.37177383654742563,0.3717813479687582,0.3717658956252251,0.3716847826286522,0.3714416682407657,0.3712889486260867,0.3712925717357591,0.37113314678358766,0.37056664472294476,0.3705717017886202,0.3706240046958713,0.3707191979742105,0.36111474642217556
231,0.4233538616151844,0.42445110463960356,0.4254628788102891,0.42630582677289464,0.4267290591421319,0.42639195253618195,0.4293593983457819,0.4293573889226871,0.42964410223609106,0.42980440223746713,0.43156311327537933,0.4349330721131327,0.4443520717101213,0.40761834067586766,0.4056158195814663,0.40605948240463813,0.40612540860171964,0.3829014703763405,0.3830141968073805,0.3830062310003651,0.3830298402118308,0.3829820166215536,0.3829688938884078,0.38296762562002884,0.3829530965682575,0.3830336917523679,0.38296977642128427,0.3830088335518497,0.38320286778395113,0.3832545975011042,0.3832394555720356,0.3832702249253477,0.38123502094816647,0.38121671215393904,0.38120987451650906,0.3812105024964947,0.3812102380436569,0.381049234037788,0.3810187236400561,0.38102555914418407,0.3810213634022122,0.3810451405437223,0.37930502127717114
232,0.4070098441626012,0.40742806058134706,0.4077901450644343,0.408160728587576,0.40834516873576,0.40817400679797783,0.4113408298472923,0.41117321118395395,0.41138049723242465,0.4114000014437085,0.4128303817051411,0.41735733937934616,0.4458287991141458,0.41322568769005324,0.4118209798853009,0.4121889922577375,0.4122522721066637,0.40105982111683586,0.4002697675773854,0.4004395635346158,0.4004011395651595,0.40016610998426544,0.3999485695156673,0.39990129987624984,0.4000520866042205,0.3998981149136244,0.3997639449761612,0.3997445342416635,0.3998088687827625,0.39955778965662436,0.39960157892189524,0.39971509410502787,0.39364722987057243,0.39363804321555407,0.3936379201669274,0.39363296137099857,0.3936333624860116,0.3933994896092061,0.39339038712659896,0.393392563485285,0.3933907349639885,0.39339357818922244,0.3932210548400716
233,0.40073396342092554,0.40073396235426234,0.4007339621360473,0.40073396090328944,0.4007339603232087,0.4007339600285797,0.4007339604590692,0.4007339572075526,0.4007339576494335,0.4007339567722293,0.40073397760943347,0.4007340429560857,0.4007340647597829,0.4007340684551407,0.40073406806582673,0.40073406986607857,0.4007340669922238,0.40073406201222267,0.4007340585045454,0.40073405971845844,0.4007340593061887,0.40073405957308744,0.4007340596031555,0.40073406020802693,0.4007340611136141,0.4007340611865033,0.400734061678452,0.4007340594404046,0.4007340601974286,0.40073405960721586,0.4007340603362337,0.40073405958495767,0.4007340550770307,0.40073405533162193,0.40073405527867406,0.400734055112428,0.4007340555839993,0.4007340553731119,0.4007340551681684,0.40073405557007347,0.40073405612307433,0.4007340565370702,0.4007340568022303
234,0.38421500102127915,0.38460504047717264,0.3886177708579203,0.3888343644238527,0.38897004049206435,0.3888729494753323,0.3889737969153806,0.3952919922160418,0.39582000055279304,0.3958373374599936,0.39681755058213797,0.4498347721366863,0.446479775937334,0.4156989230078679,0.4150381769155876,0.4153231300594961,0.41534006701914533,0.41412622316618475,0.4129154726921198,0.41315922082388096,0.41220088489465323,0.41205681702895636,0.4118466293873967,0.4117718263884592,0.41178396590151845,0.41161748832126466,0.4115619565364496,0.41153861647343243,0.411563763444566,0.41131810064938357,0.4112934189818743,0.40949963886311486,0.4095913528341945,0.40956585970075393,0.40947191641323294,0.40937447139624134,0.4093987531223462,0.40925933550405064,0.40917058727582634,0.40917917899536904,0.4092101167087698,0.4092139427520281,0.4092026928979608
235,0.38406447815816697,0.38434993091960445,0.3915781418896066,0.39167803930298006,0.3917375538047368,0.3916844746138503,0.39173091852538106,0.39647543903506416,0.3968884061037831,0.3968783873669386,0.397507898323935,0.4232567630145913,0.42394009149509543,0.4178547727998516,0.4176306930659554,0.4177142520192257,0.4177323296863277,0.41743984672727763,0.41717874172755665,0.41723236188626966,0.416945020473392,0.41693662085808497,0.41776620311705404,0.4176653888836725,0.417617093064249,0.4175538714915902,0.41752960895358976,0.4175410201654786,0.41754905970037876,0.41747668426990775,0.4166315443857961,0.41525471441267275,0.4152674551750839,0.41524122741561004,0.4151528086532131,0.4150551911260637,0.415091878923076,0.41462412075972527,0.4145910373945676,0.41459407307957963,0.41460606566301555,0.41460772424880615,0.41459649142925975
236,0.3840254943971691,0.38423471243088664,0.39287975162821576,0.39290461207332744,0.39291605285561326,0.39289344411474086,0.39290659769654757,0.39287813951554335,0.3882674391182471,0.3882684948242915,0.3885321181583998,0.3927872381307682,0.3939048058878988,0.4119275986818445,0.4122339197171887,0.41208570307982945,0.4120747845287873,0.4130860497893208,0.41383070457260535,0.41367592703366113,0.41382711378472337,0.4139622953536077,0.41662165464616446,0.4164388107371457,0.41660507382127226,0.41668628470957203,0.416709524952868,0.416755913365749,0.4167541918111679,0.4169182412356085,0.41337390214390574,0.41304561245679927,0.4130441872404255,0.4130392908032486,0.41303812779100285,0.41303237284726513,0.41303547391773127,0.4127136503341223,0.4127281718148172,0.4127282747473918,0.4127145132985775,0.4127139417158744,0.4127120731028099
237,0.38403521558738907,0.3841950333834259,0.3906519796421353,0.39067562783154947,0.390686433616872,0.3906634055678693,0.3906766956374579,0.39067667571671966,0.37261370197876037,0.37264975509912746,0.37334994358707446,0.38042177613423417,0.3824395230285312,0.4110953158402515,0.41128322305333026,0.4111751429746482,0.41116305505137785,0.41182913470717547,0.41239569970651707,0.4122735625418809,0.4124173772791903,0.41252398481866537,0.4157362227369267,0.4155607184351998,0.41596292222036474,0.41602163719929697,0.4160400254615024,0.4160767502532677,0.41607135348548174,0.4162042385832419,0.4094550403666977,0.4094550403649507,0.40945504059899795,0.40945504079300016,0.40945504097602176,0.4094550411118667,0.40945504138903677,0.4094550402954237,0.40945504044068476,0.40945504067218036,0.4094550408335754,0.40945504105244823,0.4094550411958757
238,0.3840796123355352,0.38417683439995304,0.3875686816918869,0.38759329262240616,0.38760399767194825,0.3875784868758391,0.3875919247872358,0.38758562798965185,0.36475137825579185,0.3648507741295384,0.3660430755446008,0.375420639023696,0.3778848334313166,0.41143437846458614,0.4114251520831292,0.41140494151918316,0.41140788290688846,0.41151062688632006,0.41173463592182324,0.41167940483012677,0.41173734291514574,0.4117891565522764,0.4130970416955879,0.4139951693147894,0.4140301066055201,0.4141003856083879,0.4141250612996837,0.4141588361785826,0.4141542954498772,0.4143134549220303,0.4118888981916988,0.4119042605253835,0.4118990034435226,0.4119078114377537,0.41196563114926843,0.41203260190888624,0.41207320605574904,0.4119579882936688,0.4119983499392159,0.41199846728408246,0.4119703334827419,0.41196895041881054,0.41197242533207223
239,0.38408826078659913,0.384153668682355,0.3860206697567652,0.3860453414105475,0.38605606420433514,0.3860305944488251,0.386044032290608,0.3860265076292684,0.37300106214292444,0.37303924442396025,0.373704829434317,0.3796315780497124,0.38131951600007885,0.40856171023856364,0.4087482261254904,0.40866539692621356,0.4086432550920292,0.4092771735716305,0.4098231073276045,0.4096955765012247,0.40975132876246323,0.409861302119119,0.4101920770086078,0.4127424806771842,0.4125625732721082,0.41265017387004876,0.4126801561870705,0.4127135472403403,0.4127107667366507,0.41288826283500335,0.4117539011967579,0.4117586975503645,0.41175358822586783,0.41176900388885607,0.41185168065975747,0.41194435166664006,0.41197926927120565,0.41190717511292047,0.4119654880854443,0.4119652104761312,0.41193004205262596,0.4119278642111999,0.4119366501512542
240,0.38430461536538446,0.384320050455589,0.38439844734760964,0.38442431058265364,0.3844367710445083,0.38440653393839247,0.3844244737373079,0.3843785280411257,0.3840846648345447,0.3840652826244781,0.384246807928715,0.3864312043863772,0.3872096724829498,0.40859570920105254,0.4091577167468439,0.40894719297590487,0.40887374961085,0.4105653961384163,0.41179154901111414,0.4115034555826919,0.4116093787460734,0.41183424786157635,0.41188257933271155,0.4191227374305548,0.4191227370879328,0.4191227373833985,0.4191227372574,0.4191227381980341,0.41912273799810595,0.41912273871989203,0.41912273860026616,0.4191227383973186,0.4191227382005915,0.4191227381488465,0.4191227385059447,0.41912273895510854,0.41912273868065625,0.4191227388775081,0.41912273915698434,0.4191227389794479,0.41912273864656585,0.41912273846259257,0.41912273845375747
241,0.13637078141364178,0.1388611483111952,0.13886383231278798,0.1378655693221316,0.13786654990222955,0.13786408717284315,0.13786547647126027,0.1378651668475218,0.137866490094285,0.13786540596846758,0.1378780194602073,0.13794401873317716,0.1379722014193676,0.13871274823957078,0.13880497719411114,0.138782093854863,0.13916042026825434,0.13950521085508263,0.1397602354208894,0.13966172583346012,0.13968027966274074,0.13974618410487247,0.1398327134038599,0.13985358090442568,0.13977286056972546,0.13988237585652033,0.1399198659600177,0.14873625850289537,0.14873006034348968,0.1486074171362113,0.14861907139026004,0.1486219923847083,0.14862424605006241,0.14865875258822603,0.1486143582206463,0.1486189282364653,0.14862045382859276,0.1486317562254331,0.14864635536462897,0.14864553913684758,0.14864338371691546,0.14864145405699816,0.14864806554634177
242,0.14965555529064184,0.1545854540900478,0.1545875790385076,0.15259947762463655,0.1525994776974423,0.15259947766259963,0.15259947775137006,0.15259947782712138,0.15259947785951167,0.1525994779056897,0.15259947782004696,0.15259947787601663,0.15259947795551854,0.15259948007288224,0.15259948044346386,0.15259948054231867,0.15259948849402266,0.1525994896887492,0.1525994891215014,0.15259948919000169,0.15259948969806952,0.15259949031176964,0.15259949096022715,0.15259949147900975,0.15259949168403225,0.15259949230503334,0.1525994928763189,0.1525995027164291,0.1525995033498094,0.1525995031851903,0.15259950387990262,0.1525995045922513,0.15259950526445773,0.15259950593321392,0.15259950623639618,0.1525995067458208,0.1525995074387194,0.15259950771377367,0.1525995081296733,0.152599508817605,0.15259950948234224,0.15259951014102296,0.15259951066948532
243,0.1672825293522921,0.17578525864628924,0.17578713310330463,0.17468851103248267,0.17468896420285634,0.17468818929730992,0.1746891207798933,0.17468873598274434,0.1746898392470233,0.17468773611696345,0.17470076727361947,0.17475500982528733,0.17477834372366202,0.1753946876915586,0.17551838470615533,0.17549656043384326,0.1823751335298921,0.1817754934926044,0.18098264175434237,0.1808890275815946,0.1808648944863628,0.1807824054929189,0.18069775917483144,0.18067697546459535,0.1807572808310648,0.1806525074425874,0.18062406559427507,0.17968466678490413,0.17967981871869482,0.17946053906250647,0.1794942278546633,0.17950209136028153,0.17950585417778164,0.17950188991681532,0.17938525147906514,0.1794424165311645,0.1794458869103741,0.179428799478714,0.17937631402266288,0.1793773390779827,0.17940977803898397,0.1794114904637312,0.17940099433511708
244,0.1894012695529711,0.20164485280864042,0.20164951491907482,0.2016528653747922,0.20165281906859303,0.2048883304713959,0.2048907861943103,0.2048888873845932,0.2048944759256506,0.20485393302051322,0.20490747945505194,0.20499747901492008,0.20504288487170488,0.2057881742847456,0.20606983060295475,0.2060404434123239,0.20438536754623182,0.2044709247067255,0.20419714110745926,0.2031362261894373,0.20313856988921147,0.20314630347775114,0.2031585963856945,0.20316160261082472,0.20315027331889102,0.20316454249195118,0.20316965772019024,0.2029538229149908,0.20295188494983196,0.20293073668427275,0.20292592484458194,0.20292500564600802,0.20292485277157102,0.20291348232474282,0.20292193622576185,0.20266477018602178,0.20266535634635674,0.202665908467499,0.20266801443946827,0.20266798920140325,0.2026686781975834,0.20266817059735992,0.20266858707592872
245,0.21795177746184716,0.22691158767763517,0.22692318519881632,0.22693485346610442,0.2269276216493888,0.25829056998491984,0.2582258493937466,0.2582026993795382,0.25820544925180705,0.25773225567866914,0.2576925760880226,0.2555917407422943,0.2549148597244095,0.24434257865974154,0.24421364314818378,0.24434882658744334,0.24136333222087952,0.2401327328567277,0.24007734443382484,0.23831725325115546,0.23826292240095034,0.23807148091669608,0.23785072653489203,0.23779680616992604,0.2380033312915571,0.23779246253052125,0.23769938727403161,0.23747919411501076,0.23746906607028628,0.23657462553604552,0.23665928093656527,0.2366788979035902,0.23668521669080766,0.2393170169605618,0.23891912224897094,0.23475270699950376,0.23476244682537034,0.23465111520181037,0.23441776818654902,0.23442376627853564,0.23454973009509703,0.23456095279494243,0.23448975988695733
246,0.24778849956753568,0.2527542146476999,0.25277284668149325,0.25279130321050397,0.2527755778317601,0.27653883173984,0.2765098373039778,0.27649545829269284,0.27650462606384113,0.26302047578718585,0.26299897972145764,0.26312954930310295,0.2631617982730962,0.2622686605175979,0.2614991397943896,0.26155021323148164,0.26060280753152976,0.2600356684438811,0.2610329690021884,0.26070768809149725,0.2606553621001852,0.26047299335881663,0.26026246758496296,0.2602113423016476,0.2604071684970717,0.2602653748740379,0.2601750491695176,0.2600071029356801,0.25999739323464477,0.25908068490819675,0.2591547312795373,0.25917178062883184,0.2591769664151894,0.26176697575314023,0.2615463979849597,0.2581399161488586,0.2581412452713312,0.2581163814259166,0.2582341337751275,0.25823533634880325,0.2582484473941447,0.25824935981662583,0.25822793514169556
247,0.29336764786317787,0.293224906320112,0.2930892292669036,0.29296767873565693,0.2934015334900287,0.29321769266830006,0.29311067308619354,0.2930772694186076,0.2930740590215689,0.2929651078575644,0.29337912835684604,0.29295230604563827,0.2929462392840563,0.29145222174902147,0.2980232927311047,0.2981001239197359,0.29808999742109005,0.2975160225168765,0.29610000539511994,0.2962316253037952,0.2962108597635117,0.2961314591054712,0.29604395711097403,0.29602237154037525,0.2961007864134667,0.29477466858616186,0.2947299929958699,0.2946834586752705,0.29469939931658845,0.294358217971496,0.2944092943437074,0.29442083349594605,0.2944237244891743,0.29421837186898486,0.29388544296282554,0.2941912045911949,0.2941966283177407,0.2941326285622711,0.2909710016679259,0.29097379282735014,0.29104070998196085,0.29106094823272716,0.2910747326500663
248,0.3119677187916949,0.31203938497623596,0.3121319723013263,0.31221626673219316,0.3276080502510984,0.32739939285912667,0.3273836963859952,0.32735323139792916,0.32740155029594753,0.3273043151595573,0.3303258094014935,0.33436137112770037,0.33543193951122424,0.32985112516061954,0.3421354740227609,0.3424066901752278,0.34238709845445536,0.3405121263352373,0.3371245908892886,0.3375947126341662,0.3374941346039996,0.33710642141503905,0.3366900498229269,0.3365884467818038,0.33696378974321756,0.3300318038788474,0.3309434861018692,0.3308803778619559,0.3309743563419332,0.33006258177668846,0.33019188060485016,0.33022067388355353,0.3302270347470015,0.3298737733588151,0.329076426004295,0.328840378844184,0.32885131131348216,0.3286805766790333,0.3125969408705475,0.31259694156281037,0.3125969425406389,0.31259694341114014,0.31259694308313546
249,0.3295395426600127,0.32969533207317453,0.32987630125434536,0.3300441027239702,0.3474840463505218,0.3473334879372463,0.3473715833895229,0.34735044099299356,0.34741936646619404,0.34735042706965186,0.3824389037533268,0.380465343683295,0.3796012934396961,0.35996118147295825,0.3649055419543148,0.36521597462338123,0.365162011104784,0.36290825667668314,0.35986990909891525,0.36035253326445843,0.3602371016148611,0.3597770899211138,0.3593099786287779,0.3591966202873825,0.3596157380605545,0.3532813460032578,0.35545602567240114,0.3554557655834725,0.3556901456924843,0.35519111206176873,0.35526341520288746,0.3552787025948224,0.35529794866019143,0.3550995074542863,0.35459250301137996,0.3543118293340381,0.35431870664208553,0.3541537649333576,0.3497219550704072,0.34972661649165865,0.3498077797296496,0.3498644381149611,0.34765904819729265
250,0.35630592640756575,0.35685993753117046,0.3574484891311916,0.35797432238340826,0.3586737410465913,0.35841762754583756,0.358904643581737,0.3589807854927286,0.3591574463965896,0.3593299495623009,0.36388163599405454,0.37375973086071196,0.37584717365225884,0.38695071864473685,0.3864437264199174,0.3864706990715712,0.3865437630227894,0.37869499049771227,0.37821199287967705,0.37833834093015156,0.3783156566228594,0.3781721686941717,0.3780328700518644,0.3779992733366209,0.37810904838087445,0.37758223724792295,0.3778974165125342,0.3779262942209842,0.3780506072878963,0.3778787537172346,0.37790360374449833,0.37791120965415,0.3778401999841264,0.3777495181051801,0.37750874842506055,0.3773480856951548,0.37735175833719997,0.37716384857266566,0.37652974103255654,0.3765348886220545,0.376587934296355,0.376685024672006,0.36409844775760863
251,0.4250159522657428,0.4261956252493933,0.4272819280109159,0.42817608246550126,0.42862404544498944,0.42826206774761705,0.43099549659390296,0.4309993761466584,0.43129918235620696,0.4314681750716016,0.43333291276757907,0.43664406333279276,0.4457062544923752,0.41436132996506003,0.41258757075300795,0.4129520222953833,0.4130396464280205,0.3941666666558942,0.39438013681219003,0.3943618082033565,0.39439587921100183,0.3943431254793247,0.3943318157482019,0.3943315096213901,0.3943054539639141,0.3944141912515959,0.3943223309540634,0.39437930285750666,0.3946268658237947,0.394691313899501,0.3946720251411428,0.39471366962658055,0.39226696819793544,0.3922377098153423,0.3922201811913154,0.39220236942297015,0.3922023768133078,0.3919317214772551,0.3918768716986068,0.39188438889526067,0.3918862332169142,0.3919122822236031,0.38983485305012144
252,0.40674566116948846,0.4071735541214536,0.4075477511731956,0.40792934307276857,0.4081213065194599,0.407939274485338,0.41099741625839203,0.41081911283883993,0.41103946399507874,0.41105890713466264,0.4125756806671668,0.41776120796336913,0.4488092905981371,0.41965808070753635,0.41839807832911496,0.4187314315913483,0.41880140184301834,0.40965640973930467,0.40891707915004827,0.4090826779137609,0.40907294347747625,0.40884851852993004,0.40863047523544327,0.4085835195158299,0.40873298727810214,0.4085729289052681,0.408442913736202,0.40842625861925125,0.40851545486464425,0.4082431827954492,0.40829055708159406,0.40840589033984437,0.40385532355786935,0.4038375107205872,0.4038191975624027,0.4037898514777036,0.4037908943866742,0.4033920677337432,0.40336165917423766,0.4033652135825721,0.40337123704495026,0.4033751235153186,0.4031898850117164
253,0.3888480696916525,0.3897651242864675,0.39112149320035267,0.3917644473915897,0.39218435972924337,0.391935663929498,0.3923763728479584,0.3933356681984712,0.39360330989758224,0.3937666995831025,0.3950698104234258,0.4101786183492733,0.4111332692591902,0.4138378532781447,0.41388942216934504,0.4138726334646915,0.4138796282345292,0.4144332357095605,0.4145392587188037,0.41451918466851306,0.4143217751494204,0.4143567362207583,0.4143127510032006,0.41430835091588636,0.4142293377209815,0.41428494038544045,0.4142982606129784,0.41432743779866543,0.4143399314809282,0.4144369749803077,0.4144032180692208,0.41371569918293233,0.4138267665637064,0.4138351813236085,0.4138909133504666,0.41394563477651874,0.41395058553162756,0.4144788101450976,0.4144344123132243,0.4144394174042025,0.4144538663421642,0.41445582040129075,0.41444203321762557
254,0.3843882211599488,0.3847811200371433,0.3895685326248948,0.3897831658147565,0.3899158231346681,0.38981195685709696,0.389917462166601,0.39696485137718585,0.39756810407754495,0.39755821478543146,0.39854295935714246,0.4549239213967935,0.4530350563174489,0.4287101517925256,0.42819703130879316,0.42840006283126797,0.4284362364145983,0.42764559812295366,0.4269115154195285,0.4270593795696803,0.4264987150369515,0.42642836594261757,0.4265512394496374,0.42646280335620507,0.4264148641327525,0.4263140986163001,0.42627755891607677,0.42628364147328957,0.4262989505944887,0.4261754131272611,0.42585002973951824,0.4229449824776763,0.42297173671313876,0.4229569005281264,0.42290414579918445,0.42284920317960684,0.4228643073214792,0.422511396937799,0.422482343624385,0.42248544926758763,0.42249618288839863,0.42249750157537813,0.4224917920023366
255,0.3841868231134318,0.384500690006645,0.391265653619911,0.3913946770067445,0.3914717742333205,0.3914029514028734,0.39146477069336283,0.39709296501658087,0.3975893742159461,0.397572007497167,0.3983124552243088,0.430962603532058,0.43165901037954413,0.42531786959964096,0.42511213842651313,0.4251830542645244,0.4252072516841379,0.42503646748793483,0.42486896021124493,0.4249038037904198,0.42464772884761925,0.4246562446985102,0.4257013161073376,0.4255882145659926,0.4255252689151063,0.4254778460747648,0.4254575185970187,0.425479877010916,0.4254884862456264,0.4254485313203227,0.42447555375768986,0.4227817946212983,0.4227909056614913,0.42276544756108664,0.42268512946378034,0.42259370532534707,0.4226278448221414,0.42226083821763477,0.42224816719831404,0.4222502445040648,0.42225185109751334,0.42225263177378813,0.4222438781917081
256,0.38414672469793576,0.3843652836961655,0.3927394508811664,0.392775875016779,0.39279243420487575,0.39275885051405773,0.3927778064696577,0.3927352045530283,0.38640453289395654,0.3864074477645098,0.38680323427937674,0.39301128154376597,0.3946559296662844,0.4211592296007641,0.42160603875145436,0.42140344036367083,0.42137418593231935,0.4227922106737894,0.42381224232492737,0.4235967707094571,0.42377154874784523,0.4239592153890025,0.4284692471177914,0.4282496754866701,0.4283587799413291,0.42845489650717095,0.428482080815686,0.42854192948085323,0.42854052686812616,0.4287390571890464,0.4242551330263748,0.42398467507762405,0.4239799970307476,0.4239725436297376,0.423970537425988,0.4239616126655481,0.42398319406228535,0.4235739375605523,0.4235808773879516,0.42358137492886233,0.4235736664511734,0.423573692111528,0.4235679505793863
257,0.3841258187287046,0.3842926484132775,0.39054693554200887,0.3905799811505817,0.3905949645291773,0.39056294011172255,0.3905810915579171,0.39056363747256967,0.3714885584044744,0.3715375517292247,0.37241070891119066,0.3810691703420869,0.38349440902754806,0.4185960458275326,0.4188414638407859,0.4187162353905939,0.41869604220109646,0.4195141325800046,0.4201670920214191,0.42002551376522945,0.42016293205436106,0.42028671218141334,0.4245437385666125,0.42442456284213076,0.4246192829436545,0.4246916948279683,0.4247138946448673,0.4247615297507404,0.42475777248058516,0.4249202842574578,0.41993543614032713,0.41990440207518137,0.4198989239940712,0.4199061007803358,0.4199598411276613,0.4200169971436279,0.4200426602577882,0.41984329875749193,0.4198742134027837,0.4198743269445178,0.4198547409940886,0.4198537518044734,0.41985528145223155
258,0.38415603103894436,0.3842641580953269,0.3877083248857926,0.38774152727852396,0.3877560255522437,0.38772210512115024,0.3877400482121291,0.38771941911768654,0.3650460573408292,0.36516027294560083,0.36650969030721936,0.37697521299523234,0.37971298035994727,0.41916551866960305,0.41919910328839305,0.41916863731569926,0.41917010543947886,0.41938588850319564,0.4196736907467561,0.41960516627638234,0.41965443987836853,0.41971778145515437,0.4208187104559559,0.42197140079140383,0.4218621637909747,0.42196258437836076,0.42199634823967075,0.4220402644780851,0.42203764501705826,0.42224718033723513,0.42056191261399734,0.4205632981934234,0.4205564082336677,0.42057588885572506,0.4206846070956492,0.4208068310752587,0.42084095162782537,0.4207265532178038,0.4208034972811745,0.4208030198482769,0.42075764494567086,0.42075473805882235,0.42076640602824594
259,0.38418499620969554,0.3842682317250734,0.38639259985699015,0.3864286528807751,0.38644448205591087,0.38640782076569496,0.38642744886002334,0.3863945109987572,0.37195018402949753,0.3720037484404623,0.3728836463257608,0.3805472695005098,0.382703916696398,0.4184050648413663,0.4187063202733705,0.41858722530433556,0.4185438029778638,0.41947611366360954,0.42018319749673216,0.42001841317137917,0.42007777436507665,0.4202140857864282,0.42031040901360933,0.4233699339429072,0.4231820019589882,0.4232791315451094,0.4233110312861548,0.4233384246594189,0.4233364552118988,0.4235083767103575,0.42294636159292986,0.42294590747270566,0.42294213443972345,0.42296352976791146,0.423060190656086,0.4231657896319594,0.42318691509809986,0.423159005156786,0.4232258650146604,0.4232248739607712,0.4231880023039995,0.42318512648414536,0.42319849057233766
260,0.13384054573255696,0.13589278732987561,0.13589606408661045,0.13507533059533972,0.13507670739922853,0.1350730575286782,0.1350749242999245,0.1350745730258983,0.13507632287309426,0.13507473760086164,0.13509111360765605,0.13517581657955438,0.13521202735232274,0.13614307899872527,0.13625751021000293,0.1362293004727758,0.13644743745123192,0.13681467151884114,0.1370709446699162,0.1369636842179509,0.13698303063916648,0.1370520488832204,0.13714338977559504,0.13716525150646866,0.13708008755401313,0.13719530611319553,0.13723492332320156,0.14617300327367502,0.1461662905454338,0.14610072271116625,0.14610077406685304,0.14610101992885993,0.14610249333134384,0.1461502717012296,0.14614153773075772,0.1461876559882979,0.14618825080214962,0.1462114784391816,0.14625420180756993,0.1462526436417569,0.14623703854122763,0.14623364586027124,0.14624743098980983
261,0.14843558268224147,0.15313257672068356,0.15313591244200778,0.15124408448853313,0.15124472792483595,0.15124216984849304,0.1512429260931048,0.15124275445955096,0.1512436015901798,0.15124217162528228,0.15125001765437798,0.1512840253089817,0.15129879352591513,0.15164262950590746,0.15169433682931022,0.15168371999242913,0.15144197587512476,0.15150975038839107,0.15152415494423702,0.15148924516027215,0.1514922334407841,0.15150307067610425,0.15151868264798768,0.15152223050915337,0.15150794224748912,0.15152759593500464,0.1515347437086045,0.15185531981610717,0.15185407351506067,0.15183394922346488,0.1518356531510439,0.1518360101530552,0.15183644833467705,0.15184874574161147,0.15184177740540186,0.1518548854912176,0.15185501437128965,0.1518583063113067,0.15186317237457042,0.15186286450336758,0.15186220776302925,0.15186177222131042,0.1518637608293691
262,0.1691192411293219,0.1780158540086925,0.17802071877819756,0.17702619529800456,0.17702799537763,0.1770191035516764,0.17702131179395889,0.1770204282527922,0.17702348544614627,0.177015454072459,0.17704694514682082,0.1771611767651127,0.17721132552996524,0.17836271000619006,0.1786039131419019,0.17856418852063743,0.18335791329481943,0.18276023060703622,0.18195558670580897,0.1817328411645087,0.18171067055835324,0.18163657897286584,0.18156614335193247,0.18154868149988065,0.1816156498430687,0.18153168607145417,0.1815110945006564,0.180425719472542,0.18042029871721219,0.18026460974422218,0.18028536869139145,0.1802902370947641,0.180293442684857,0.1803195378456991,0.18024582735309208,0.18040114720917966,0.18040320864009365,0.1804044675314373,0.18039678200200812,0.18039659316270204,0.18040950140004203,0.18040921639161617,0.18041061366813127
263,0.1925588659921957,0.20447057435917873,0.20447801672384341,0.20448387014360622,0.20448368174727194,0.210578719895581,0.21058093084272034,0.21057741546014347,0.21058611750675169,0.2105121006599914,0.2105949229260802,0.21067568172314335,0.2107235448569319,0.21120952020744954,0.2116058760478587,0.21157764309077132,0.209197403492218,0.2092305215757294,0.2088212038814674,0.2070970362375771,0.20709687643546335,0.2070957258487964,0.20709706704991787,0.20709747633874004,0.207096216001732,0.2070968366004736,0.20709694011563504,0.2068950361912134,0.2068928752910805,0.20683323855958285,0.20683301897662407,0.20683316428621581,0.2068332173307021,0.20682913542315962,0.2068204036686163,0.20638849670101556,0.20638971543979956,0.20638275691111088,0.20636735865525638,0.20636774619233236,0.20637673015563684,0.20637697623418066,0.20637260936440446
264,0.21235577771582093,0.22200789601556345,0.22202101025925447,0.22203356313831152,0.2220287519830833,0.24754228476169654,0.24751035894621443,0.24749407072626284,0.24750522565240973,0.24716789245711196,0.24724171878559212,0.24608476478951122,0.24569413062935314,0.2377620209184849,0.23789695081610507,0.2379996930651834,0.23476856049903827,0.23380330444447195,0.23338343428979275,0.23124491360041052,0.23120315398150393,0.23105618992098104,0.2308878206776944,0.230846679276379,0.23100436860945647,0.23084577086027694,0.23077584329916498,0.2306005242631132,0.23059283476738504,0.2299293869860198,0.22999368270782183,0.23000861239589285,0.23001367323323932,0.23228475261097095,0.23198177954884672,0.22912487419590225,0.22913275064242522,0.22904329150329458,0.22885254152831014,0.22885739225109739,0.2289591836213606,0.22896827044791318,0.22891128164145572
265,0.25444828250202384,0.25845819872474496,0.258481044184497,0.25850282688856363,0.2584881983107874,0.2773867612937782,0.27736311080292747,0.27734936259641263,0.27736082457401307,0.2627814330590546,0.26277967928732854,0.26308351320044476,0.2631801054320582,0.2638108969433629,0.2634078150313251,0.2634273645657777,0.26324257386166394,0.26300201026569686,0.2632588044559763,0.2632248182501373,0.26320216282942654,0.2631238503337786,0.26303216484218056,0.2630101465390693,0.26309476464772624,0.26304707923748855,0.2630045865443647,0.2629571897858738,0.26295372831566427,0.26258169583292856,0.26261205320088327,0.2626190177696631,0.262620701519238,0.26336717549409633,0.2633037961139545,0.2622073349801734,0.2622071831825331,0.2622028193654435,0.2623081235676099,0.2623082274853302,0.2623029751970954,0.26230228569401587,0.2622961657284018
266,0.2885249922239941,0.288465154141234,0.2884008639009608,0.28833806052385796,0.28851513144970276,0.2883981455386262,0.28833838504161013,0.2883155447699681,0.28832141330458744,0.28818827064209473,0.2885665161234774,0.2884453561674516,0.28852539528282994,0.2889260134107023,0.2963153009303774,0.29633903026539865,0.29628660570759896,0.2961214101510387,0.2950877618630912,0.29514781436282833,0.29514222875115337,0.29511562128476826,0.2950885256258028,0.2950811975107017,0.29510481896943513,0.29411371841932726,0.29407083727477473,0.2940268817488083,0.2940404444261806,0.2938124737868072,0.29384279562835836,0.2938496667510837,0.2938518825460155,0.29373233187941505,0.29349411771773687,0.2939080253303953,0.2939119182776376,0.29386933056610526,0.2908603658656195,0.2908628496616888,0.2909248997991625,0.2909423127579927,0.290965072413658
267,0.313437684243278,0.31352744133469657,0.3136384375710276,0.3137388014879549,0.3303948918933033,0.3301761826907861,0.3301500045118749,0.3301120538266064,0.3301676764145544,0.3300407021682696,0.3338513845466782,0.3387934561444288,0.34009944949205656,0.3355557019571044,0.34947121264880837,0.34969068061923847,0.34962967003881035,0.34827336381867985,0.34557791963339196,0.3459549662098936,0.3458747211640767,0.345556036608547,0.3452219995263587,0.3451399317092346,0.3454405695813299,0.3396467605372114,0.3415696688546571,0.3415553443072931,0.3416589400678154,0.3410249024240559,0.3411126690683428,0.3411318985671026,0.34113618377641486,0.3408409687595301,0.3402539881599742,0.3400295891139124,0.3400372944358882,0.339888676769758,0.32970043274653826,0.3297002624742288,0.3296808641229263,0.3296958401592781,0.32940043039764766
268,0.3298740318280883,0.33005176823418514,0.3302556200853149,0.3304433266593464,0.34765454020904013,0.3474875780577538,0.34752875184793924,0.3475035176089928,0.3475820781142429,0.34750128912771355,0.38432558391736654,0.38357131735957917,0.3830372934801139,0.3661893347253286,0.37115334679075973,0.3714134789440682,0.37135987040510643,0.3693002581259818,0.3667770697085207,0.36718545681686365,0.36708763500462294,0.36669469692872525,0.36629636646224284,0.3661996014079491,0.36655564461093293,0.36197015980789443,0.3647401932189393,0.36475487640758275,0.36497531974900527,0.3645563445324333,0.3646186002362786,0.3646315003053902,0.36465054543878545,0.364468161183146,0.3640357741194277,0.36377096186037317,0.36377703776554177,0.3636056193692111,0.3604040718604545,0.36040836736070714,0.3604732646455853,0.3605510598079462,0.35756259091788334
269,0.35294426787647887,0.3536874671828599,0.3544600497615331,0.35514041597005674,0.3563498835984474,0.35601965488815157,0.35665712161985175,0.35675397847410895,0.35698060722431346,0.35719818369161127,0.3643156424919442,0.3767672032374382,0.3794883413982248,0.39490514351943956,0.3943762078694163,0.3943745940857514,0.39445576729159443,0.38728349327337763,0.38699541935479365,0.38708594228256216,0.38707334666289134,0.38695804583771043,0.3868540461452544,0.38682929195023225,0.3869036316015682,0.3865115681116092,0.3867455423690727,0.3867905112501881,0.3869765242132614,0.38687244819313743,0.386884477673909,0.38689095222558556,0.38672615160576285,0.3866418154514679,0.38645367574237627,0.38632142047415347,0.386324315472394,0.38611807168047246,0.385608551854958,0.38561337529278034,0.3856544817743277,0.38573559651270395,0.3761590228368878
270,0.42499290602002443,0.4261905479214862,0.4272949607891217,0.4282048030689787,0.4286646320313086,0.42829017783923656,0.431087673722864,0.43108392825116754,0.4313980559204814,0.43156401094429053,0.43359284873861836,0.43751485620529107,0.4477633159290914,0.4205002119145359,0.4189267992455514,0.4192399224330239,0.41933418024061764,0.4037635257983172,0.40400175868630284,0.40398422833938535,0.40402471035329596,0.4039715787327807,0.4039519074106994,0.403949794588599,0.40392592322690063,0.40403028996405377,0.40392095845067216,0.4039822736737934,0.40421912656819264,0.4042690460294346,0.4042521596332949,0.4043046937464401,0.40161367822393357,0.4015810736577721,0.40156429900323753,0.4015377537958179,0.4015379092913532,0.40118151242356653,0.4011213928238511,0.40112907863169894,0.4011347439843654,0.4011571470074943,0.3994017111605859
271,0.4077707942102517,0.4082650443748252,0.4087068719998833,0.4091413965692649,0.40936338999371186,0.40915382930344113,0.4123403748527331,0.41216018997864884,0.41240902032657983,0.412432643087427,0.41414831140166847,0.42028350533095754,0.4539507587452476,0.4282472856982915,0.42711497694702394,0.42741450063404207,0.4274872133111193,0.4198685096773782,0.4192287291676066,0.4193791654282979,0.419401533879732,0.41920549225837417,0.4189970014875004,0.4189525659008027,0.4190911249373014,0.41893900733834954,0.4188166929894188,0.41880465443157205,0.4188975416752749,0.4186260566742008,0.4186722963297673,0.4187710370319326,0.4154653931048952,0.4154413262529875,0.4154089339060311,0.4153594633432427,0.41536067559550177,0.41483872151774787,0.4147876545570886,0.414793231218525,0.41480841077029657,0.41481322177741753,0.4146293141770167
272,0.4005123867943686,0.40069507988062875,0.40088167066755326,0.40101981662384145,0.40110317744601,0.40103915119883987,0.4012484643128627,0.40125725839106235,0.4013360359337339,0.4013616524712872,0.40179097146042064,0.40732757889034515,0.41201562634086397,0.4236840233398152,0.423915521814939,0.4238161079217868,0.4238271804812755,0.42471575524245375,0.4252307481039866,0.42513120718341896,0.4250872899883018,0.4251856455400653,0.42518433849271836,0.4251944284641909,0.42506062543040896,0.4251953345413679,0.4252274536654305,0.4252834533549352,0.42529738034448616,0.42551792015210493,0.4254554250347478,0.4247516840338642,0.42471431575069946,0.42473543464453034,0.4248568458396087,0.42497511161519164,0.4249762719174747,0.4260173958357441,0.42596789668306395,0.42597392515545396,0.4259902015148908,0.4259924895793303,0.4259658567326506
273,0.38466176075321507,0.3851059234721917,0.3893578415493825,0.38962266898221176,0.3897877410183764,0.3896596901856237,0.38979783787393274,0.3961532973041871,0.3967481401369905,0.3967605604743879,0.39790098902901366,0.46128951715507827,0.4588124729489604,0.4360114093955899,0.4356110001763988,0.4357638512000902,0.43580312862884535,0.4353832735057823,0.4349026193549765,0.4349988302450117,0.43456629580769074,0.4345336320442352,0.4346531125606224,0.4345741019207467,0.4344952494624163,0.4344491399720845,0.434429462382185,0.4344519987762488,0.43446569980285443,0.43443206639587356,0.4340822279876515,0.43050303240518084,0.4305030329536419,0.43050303301682363,0.4305030329727738,0.4305030328820604,0.43050303312234256,0.43050304233354636,0.4305030423289473,0.4305030426941951,0.4305030430831052,0.43050304342516665,0.4305030435889689
274,0.38435193123900113,0.38467829949989,0.39181918105698016,0.3919559850695865,0.39203611005646233,0.39195714888756306,0.39202625205336594,0.3968552858866766,0.39733925457186514,0.39732189671868984,0.3980883926659418,0.429120673169749,0.4303901778256788,0.4359833603862871,0.43615004649485906,0.43606440208261127,0.43607149832307546,0.43690244225453173,0.4374818853463554,0.43736265963336457,0.4373441079230043,0.4374704962718014,0.43999002728746567,0.4398489564240622,0.4397463648140737,0.43981013649583556,0.43982329395519315,0.4398833539466544,0.43988891418662684,0.4400308919348393,0.43834286597222344,0.43708055298446147,0.43707854177925726,0.4370655447193398,0.43705346952300356,0.43702593925851835,0.43705755915379013,0.4368592576744713,0.43692398827332884,0.43692373216961816,0.4368846873447747,0.4368821278412376,0.4368849975671731
275,0.3842801731420785,0.38452123994652576,0.39310151608371413,0.3931480560900457,0.3931682637916198,0.39312403939767043,0.39314635254798347,0.3931022994673209,0.3881166413819763,0.3881110421211446,0.3885358900520028,0.3966490572327108,0.398701389450529,0.43107095070848395,0.43166317543812,0.4314129704255173,0.43135215059267584,0.43314966030342555,0.43438118889852906,0.4341160500589878,0.4342950893069747,0.43452250472850207,0.441270927842039,0.4410436317643815,0.44105457421744193,0.44115502599169754,0.441182949153403,0.44124864427711,0.4412484919254451,0.4414569387684156,0.43781066656076356,0.43756762007973315,0.4375589567300149,0.4375581105814257,0.437598447887473,0.4376359576414462,0.4376649849072421,0.437106971347317,0.4371362440686159,0.4371367309613071,0.43711677363531076,0.4371160426831836,0.43711261847305405
276,0.38424475535834174,0.3844293951892715,0.3907972864079609,0.39084282256105285,0.3908633769350382,0.3908195498218946,0.39084403689999486,0.3908026247178134,0.3725585532094919,0.37261274166018504,0.37360601567849033,0.383718556819909,0.3865232130624739,0.4284108580639221,0.42877398888031,0.42861559999829435,0.4285686321233161,0.4296616079562834,0.43042752964770464,0.4302595802543317,0.4303862040701143,0.430529281527177,0.43650729457423,0.4363777043989326,0.4363930940012902,0.4364808583313132,0.4365072785226519,0.43656231580496374,0.4365608176042759,0.436748566809829,0.43364957176148977,0.4336050817729263,0.43359586260053795,0.43361047201329367,0.4337110310547219,0.433816794712435,0.43384582371301755,0.43354244207825254,0.43360012011417925,0.43360023593921154,0.433565311041481,0.43356340061102466,0.4335677365014288
277,0.3842397302101579,0.38436383455768314,0.388051140530416,0.3880937747498339,0.388112470448735,0.38806937464238184,0.38809225909829725,0.3880568733085497,0.36475343280165384,0.3648956878509719,0.36649380287978894,0.3784809826732998,0.38157453146124165,0.428006145060606,0.42804859010936797,0.42802288685641493,0.42802306301181287,0.42821909878717435,0.42843784046719424,0.4283868783501183,0.4284167637906365,0.42846338283070046,0.42912418199722524,0.42996720728514853,0.42986347522702395,0.4299426849748458,0.4299688285326614,0.43000196187536915,0.430000942435624,0.43016061937082983,0.4293321847888074,0.42932809166695124,0.42932287357226423,0.42934034180601427,0.4294338225460539,0.4295380356127477,0.42955634203241094,0.4294818850917503,0.42954851017557055,0.42954791091675365,0.42951027704814504,0.4295076707994606,0.42951893818787806
278,0.3842652345259195,0.38435514359587075,0.38631787727011957,0.3863635654251184,0.38638390750301876,0.38633806005678006,0.38636319657957785,0.3863153510342746,0.3732481838294204,0.3733017877416011,0.37423808152316645,0.38240818247136477,0.38472413842502884,0.4243129189122831,0.4247687744358818,0.424604549978383,0.42450407028979203,0.42579512325824853,0.4266630683261759,0.4264493082392511,0.42651819926134293,0.4266782299515109,0.4268993315604265,0.4304275638501639,0.43029438326919545,0.4303795960521226,0.4304067882659942,0.430401919356187,0.43039946594449213,0.43051390020121005,0.430594869276023,0.43060321888676767,0.4306064927816696,0.43063275107632626,0.4307097437432018,0.43079946128044816,0.4307981864432346,0.4309163136192221,0.4309814456694108,0.4309781239574106,0.4309489689301019,0.4309447536709091,0.4309679539135642
279,0.14876881583427082,0.1535298080702374,0.1535341222907838,0.15161804525647413,0.15161919706355326,0.15161470300136254,0.15161602777402172,0.151615779822735,0.15161720318690305,0.15161472214197247,0.15162782524507423,0.1516849540400224,0.15170991821746926,0.15233285532559038,0.15242843347013282,0.15240804362207797,0.15205893297024625,0.15220754125230104,0.15225204152615612,0.15217835567199345,0.15218516100655846,0.15220964122552005,0.15224377818229115,0.15225169077557266,0.1522202939173192,0.152263159834449,0.1522785782534476,0.1522105857314684,0.15220870471066295,0.15223945570273462,0.15223025840545873,0.1522281354241085,0.15222798814818686,0.15225845863785098,0.1522856311916663,0.15235699261134722,0.1523561687284559,0.15237294561725914,0.15241022529373907,0.15240909096431424,0.15239363722766142,0.15239159548109946,0.15240203383966902
280,0.16944486377923307,0.1784119045135614,0.17841862469657765,0.17744368281433745,0.17744629905689024,0.17743288423271078,0.1774359258617233,0.17743474557983707,0.17743901367620157,0.1774273178547633,0.17747025991745616,0.1776227061887919,0.17768995167631227,0.17920351575223317,0.179523174747477,0.1794710566559825,0.18306166478885708,0.18254756869990754,0.1817931939433785,0.18146417487216485,0.18144625125024544,0.18138767927797636,0.18133808236938115,0.18132554785863989,0.18137314449406372,0.18131703626656837,0.18130603492720043,0.1801773987690009,0.18017159586642226,0.18007254430114272,0.18008196962404044,0.18008422899012516,0.1800868815001469,0.1801387626605585,0.18010187956730236,0.18032552198560062,0.18032648466566562,0.18034202258812426,0.18036910548286383,0.18036801846053901,0.18036563159184504,0.18036378699207192,0.18037432177620075
281,0.19232847990106883,0.20426637098442607,0.20427613120289378,0.20428290083004025,0.20428305920400164,0.21015177518255657,0.21015568932635192,0.21015155971601765,0.21016272981867742,0.21007732950684957,0.21018393827536866,0.21032998048826052,0.21040675772846662,0.21132000133800333,0.2118735956212315,0.21183001757744177,0.20885490951115196,0.20904014300657603,0.20867828348903245,0.2064728104245586,0.20647704183492402,0.20649150318266882,0.20651239008399894,0.20651735313868197,0.20649819320156163,0.2065241679297939,0.2065331742268105,0.20632241447014846,0.20632044872264604,0.206322764259668,0.2063142189423684,0.20631241605213824,0.20631213320065425,0.2063037499907906,0.20632484849602795,0.20610822404713108,0.20610843663314513,0.20611378777824246,0.20612727743935727,0.2061269626952487,0.20612325019889766,0.20612232649207166,0.20612578506136503
282,0.21895850470239803,0.22780084540389006,0.22781802870569298,0.22783430168853044,0.2278283707781198,0.25997493737619837,0.2598722613174967,0.2598396708754838,0.2598359568426391,0.25919361642351263,0.2590662074232794,0.25613046290902813,0.2552462950580096,0.24344395950139922,0.24355549794004394,0.24367708643188826,0.24042419781235713,0.23942246676029555,0.23923838290238297,0.23741363818135372,0.2373684684731004,0.23721030653993175,0.23703532060277138,0.23699214957983436,0.23715707535610867,0.2370294978415702,0.2369609492233472,0.23670134565074255,0.2366911057076665,0.23594375265257383,0.23600818434809387,0.23602320319371284,0.2360296372951016,0.2402829737836667,0.23997724319639718,0.2369857346707115,0.23699270528395444,0.23691301954748817,0.23676613414113998,0.2367703504766151,0.23685934999130934,0.2368672784517227,0.23681618597192536
283,0.2521272381137232,0.25648402317572394,0.2565111671980421,0.25653638987134253,0.2565251752049519,0.27706069338815653,0.27702390165847224,0.27700498565686754,0.27701786251839594,0.26103294523604614,0.2610329437953454,0.2610329420219367,0.26103294208685485,0.26103293584482623,0.2610329400474889,0.26103294072617284,0.26103293640523817,0.26103293618458406,0.2610329354814723,0.2610329346903743,0.2610329349437672,0.2610329350794569,0.26103293520700305,0.2610329354485089,0.26103293583954323,0.26103293644389025,0.2610329366299681,0.2610329351990976,0.2610329353885882,0.2610329343407914,0.26103293456437854,0.2610329347775053,0.26103293498611824,0.26103294530524923,0.26103294555860956,0.2610329438482383,0.2610329442348086,0.2610329444874104,0.261032944813853,0.26103294520790227,0.26103294551041095,0.26103294588530623,0.26103294629365276
284,0.2917971331125357,0.29166495483290694,0.29153144951826815,0.29141002189088394,0.2918079259069203,0.2916531074506366,0.29155243017723476,0.2915180800921204,0.2915209883587308,0.2913484392938847,0.29185947053644784,0.29170520495394164,0.29183544678710555,0.2925879093472775,0.3028898649140401,0.30291819167051426,0.3028438749378834,0.3026438366844299,0.3015216527790442,0.301581124386698,0.30157368042531696,0.3015394854400439,0.3015049474536656,0.3014957058218012,0.3015259419797658,0.300351100720862,0.3003086257221146,0.30025243050660544,0.3002689235793036,0.3000024242819073,0.3000363366489169,0.3000440345949213,0.30004667921532996,0.29997910201452843,0.2997182001814628,0.30013556741570796,0.300139718243519,0.3000945532394138,0.2962986144577766,0.2963014199835235,0.2963728346421369,0.29639140310846107,0.2964208484865491
285,0.3113043764916126,0.31138403556776967,0.31148359880134624,0.311572640759234,0.32617742288716345,0.3259429262002783,0.3259204462172994,0.32588386063082814,0.3259394610001724,0.3258114688083754,0.32917316548829584,0.3336465733821444,0.334883724911949,0.33162970955917764,0.3469419729375606,0.3471369913203123,0.3470942616859829,0.34588295920191814,0.3434399589429004,0.3437816310769169,0.3437106859765192,0.3434293763032136,0.3431319199302454,0.3430587899903391,0.34332634522069194,0.33826049958974946,0.3399688190287066,0.33995542943692236,0.34004319073953926,0.3394344383585311,0.33951913289674185,0.33953773184136055,0.3395410125997571,0.33924859743754215,0.3386959312374482,0.3384925649844136,0.338500017726621,0.33835904068956285,0.32843705985551264,0.32843672511102934,0.3284145516736677,0.32842555268653206,0.32822757525260976
286,0.33344792548680313,0.3336687419422218,0.33391718656945263,0.3341447293485765,0.3483928723016732,0.3482064232685802,0.3483007898167899,0.3482833548804407,0.3483825684231948,0.3483236406285755,0.39854111733695113,0.39529647104275795,0.39423250230390383,0.37947573256261885,0.3824960157927891,0.3826703321226759,0.38265669873364405,0.38061913760972027,0.37888302497783943,0.37918454402764973,0.37911239482228165,0.37881681605062734,0.378515013300472,0.37844178694585867,0.37870829240644627,0.3761166273467523,0.3784790305133323,0.3785006852079439,0.3786893868740477,0.378384601952369,0.3784315876447274,0.37844123510543315,0.3784545201360684,0.3783177415409796,0.3779999780144339,0.37777591027868934,0.37778083006311597,0.37761246198265996,0.37607121300413515,0.37607538320800066,0.3761320235725596,0.37621292026886577,0.3718658114839454
287,0.35924705712399474,0.3600445668411301,0.36088536713578007,0.3616318556840572,0.3626606538061632,0.36229785444523027,0.36299065319417967,0.36309714551093986,0.36334776135248437,0.3635883572398226,0.37014189751897947,0.38386930035520955,0.38683775423965416,0.40391515458853083,0.4032825262832175,0.4032615663980276,0.4033383492424773,0.3963497388517307,0.3963882036906309,0.3964107919913038,0.39641643290465384,0.3963594533815873,0.39632497186223287,0.39631743024456806,0.39632547346960634,0.3962221112121571,0.3962709635188576,0.3963300268968755,0.3965377615814669,0.3965488286483583,0.39653917962450286,0.39654381345254064,0.3962431544182471,0.3961814037841283,0.3960819135054189,0.39601708319347867,0.39601840330032667,0.39581039560473863,0.39551789614361355,0.3955219679591784,0.39553949879797184,0.395598266004203,0.38887508562717527
288,0.42205165436011016,0.42316607027285774,0.4242000621847148,0.4250696357966309,0.4255184603661055,0.42514420330609526,0.4284990159579346,0.4284513515874765,0.42879235892100426,0.42892505663340313,0.4312894204524322,0.4370831468669813,0.45290407428304624,0.43146036263522597,0.4302788145749879,0.4305188486121232,0.43059409328819653,0.420208292394859,0.4204563343812116,0.4204374551079904,0.42049206650662974,0.4204481187960196,0.4204215895577484,0.42041764717679936,0.42039836027042204,0.42047466755068463,0.4203732388984114,0.4204275030730148,0.4205981036909807,0.42062135203529605,0.4206119961121612,0.4206883548484023,0.4179054765545619,0.4178863959472583,0.41791866720862303,0.41793116867074914,0.41793057408046264,0.4174533776251212,0.41742267055772087,0.4174291656620137,0.41742524335826886,0.4174362752236587,0.416620721883241
289,0.4069028487012186,0.4073857986438197,0.4078209873461041,0.40825192712461206,0.4084750546369608,0.4082591794268949,0.41121524148056193,0.41102010159668084,0.4112792337977444,0.41130142719193663,0.41308091925013424,0.42012441705475745,0.457485964393946,0.43854194961538556,0.4377082225207103,0.43793136622728057,0.43799647240796813,0.4330393807122246,0.4325257561422373,0.43264999319698183,0.4326900881470328,0.43254090283591085,0.43235340345701695,0.4323147506372565,0.4324299831826158,0.4322955065518429,0.4321991540307531,0.43219024516709825,0.43225796635969116,0.4320211899227894,0.43205934965685494,0.4320940314817306,0.4301885960047393,0.43016262296065777,0.43011841776954,0.4300557641335407,0.43005730662872327,0.4295375418095031,0.42946957204142366,0.4294758903269525,0.4295009423545337,0.4295055164713432,0.4294006467033823
290,0.3941367213778921,0.39510274230979975,0.39627618986187435,0.3968877619908307,0.3972675060700377,0.3970344870284877,0.39746103614515715,0.39808221617337775,0.39833040002679954,0.3984646827368769,0.3996685089765989,0.4152409106842325,0.4197807819600327,0.4371254398949563,0.43752885245967,0.4373735604729245,0.4373700094506287,0.4390780980543534,0.439871565310275,0.43970999653410886,0.43961746296133664,0.43978020642398535,0.43978812210199225,0.43980535802098647,0.4395805856273914,0.4398060324387208,0.4398695277577663,0.4399496607131093,0.43996138281999947,0.4403300806981054,0.4402137850514744,0.4389011771713173,0.439023202346476,0.4390630608756223,0.43925476124053214,0.43944871522871304,0.4394490555437908,0.4429027071426068,0.4428161068072896,0.44282231083353724,0.4428556953197875,0.4428595960622027,0.4428250039248108
291,0.3851064023016992,0.38562190434388793,0.38943792412969824,0.3897702669369384,0.3899793793183704,0.38981820309255466,0.39000476615547003,0.3955686792818871,0.3961574228256584,0.39619162772046224,0.3975140798199554,0.46497538567433594,0.46330704311125437,0.4480567646113916,0.44784737768885524,0.44792122708717413,0.4479569946703024,0.4480515631925934,0.4479187205772455,0.44794516520578825,0.4476857584074704,0.4477021652446948,0.44783716902003734,0.44777159059497035,0.44765924508400406,0.44768172681127233,0.44768357811578857,0.4477219597447728,0.4477322233472057,0.4478006489792041,0.4474202202657362,0.44467134131973807,0.4447233584584973,0.4447298783417258,0.4447674317150927,0.44480159729330304,0.4448066319281662,0.4484443076701743,0.4484839854855051,0.44848397588531835,0.4484587758229673,0.448457087689048,0.4484549839607265
292,0.38453629716398524,0.3849008144411488,0.39152411364275846,0.39169926293243706,0.39180286164680034,0.39170317320550324,0.39179400717284113,0.3975125710045047,0.3980825037124979,0.39805560065492285,0.39894682473432364,0.4385482087490588,0.4398897546833243,0.4463581429244316,0.4465809732689549,0.44647405539386814,0.4464763587060436,0.44746919897886045,0.44816513397248303,0.4480209328590886,0.4480244003689565,0.44817080483692656,0.4509795238941853,0.45085029694857137,0.4507228874389916,0.4508157907101159,0.45083751751949996,0.4509065350252304,0.45091193374927935,0.45109902688268894,0.44962264214207387,0.44843548167054004,0.44843161278055005,0.4484275132144031,0.4484577633141061,0.44847257217473396,0.44849940665811605,0.4485570762391417,0.44866853419421904,0.4486673259777994,0.4486039721382949,0.4485993292894847,0.44861075331339967
293,0.38437979333784733,0.3846375346603274,0.39334997458273635,0.3934019116997552,0.39342339624247297,0.39337216552855925,0.39339505411853776,0.3933729624662107,0.3892857055853229,0.38927100522573593,0.38970527939028515,0.39940722147962,0.40176411993402517,0.43781582497813193,0.4384986133550914,0.4382241515705258,0.43812844227309067,0.4401173927456122,0.4414125943959333,0.4411278292170868,0.4413038912300634,0.44154158468008037,0.45032776342601055,0.45011319686239204,0.45008528937596765,0.45017535611909076,0.45020012516262775,0.45025999002212264,0.45026039379156385,0.4504456460147301,0.44772941260793714,0.44753942938045155,0.4475299492793567,0.44753267762648985,0.4475893587239457,0.4476445250978107,0.44767116995049244,0.4470869110257426,0.44711998568324396,0.4471205459181104,0.44709851381023796,0.4470976765284251,0.44709499749139364
294,0.3843559763195853,0.38455568753418884,0.39096095817936477,0.3910176816535621,0.3910431387252063,0.3909885086666175,0.3910185109872662,0.39095713698475165,0.37312025746098665,0.3731813324750247,0.3743055532615454,0.3858960098637378,0.38908069423726055,0.4367221219640101,0.43718328860749256,0.4370049189272213,0.4369119412644068,0.43817188048432226,0.43893201155203704,0.4387585481251414,0.4388664582620988,0.4390038373765904,0.4465613949116217,0.44641192438646543,0.4463558842589925,0.44644304987958705,0.44646949047904927,0.4465115685976985,0.4465110889943931,0.4466783803475201,0.44522696876843804,0.4452028219745866,0.4451953489237483,0.44521540625212946,0.4453268537045808,0.44544327357196994,0.44545999560507127,0.44525759728490083,0.445323039336691,0.44532266697275663,0.4452856079563173,0.4452831344688685,0.44529186808900273
295,0.3843199369658957,0.3844624704478621,0.3885247104261411,0.3885762703306674,0.38859895719887133,0.3885472610329042,0.38857476619176573,0.38852555880957296,0.364486812916996,0.36465963531752066,0.3665106751728568,0.3800082873924123,0.3834494411388836,0.43657804694315105,0.43657804781387133,0.43657804664078,0.43657804776353937,0.4365780507259406,0.4365780535298476,0.43657805264722094,0.436578052492773,0.43657805252966303,0.43657806400760163,0.43657806963973295,0.43657806912292396,0.4365780697777031,0.4365780701473307,0.43657806960931944,0.43657806975365737,0.4365780706126805,0.43657806884742295,0.43657806902599017,0.4365780691619058,0.4365780694493191,0.4365780701869643,0.4365780710068657,0.4365780712341608,0.43657807162772716,0.43657807226307527,0.4365780724421018,0.436578072354142,0.4365780725070495,0.43657807280709604
296,0.17124695203706938,0.18060400294302134,0.1806141049073029,0.17974341588454953,0.1797474814743069,0.17972653068532748,0.1797311937948244,0.17972943732364033,0.17973605934303058,0.1797166456865626,0.17978199010579526,0.18000739307097754,0.1801074532107792,0.18233404262080316,0.1828167409137505,0.18273937153208925,0.1841406849568846,0.18387632344219126,0.18328690739399042,0.1826767782645533,0.18267058523333737,0.18265403725157242,0.18265841776780667,0.18265877296952032,0.18265615895385007,0.1826711988313713,0.18268410437391608,0.181571678818103,0.18156534795700183,0.1815975848482394,0.18158128779066512,0.18157765431534767,0.1815789547350999,0.18168756816779766,0.18173418411107706,0.18209768381339167,0.18209628178701542,0.18214176953610334,0.18224246492618787,0.1822395637990585,0.18220451548246408,0.18219941679245735,0.18222908941964544
297,0.19037493922593438,0.20251738635151945,0.20252650025567023,0.20253121128924897,0.20253116379801633,0.20662920179815866,0.20663570259940167,0.2066323714866637,0.2066437350886848,0.2065722048814674,0.20668118992323195,0.20691092224590418,0.20701788554763131,0.20857796093641676,0.20917889681561522,0.20912078747454346,0.20612956457917533,0.20644141911018135,0.20615344972939517,0.20403672326575067,0.20404544281697767,0.2040758220508632,0.20411763478600478,0.20412747836103534,0.20408920400190914,0.20414254735777906,0.20416128327308117,0.20388491890150684,0.20388262199215954,0.20393920503543803,0.20392159692587053,0.20391771702934666,0.20391713742222475,0.20392027508531746,0.20397123675414433,0.2039196233682025,0.20391896354606606,0.20393704286627581,0.2039803406562353,0.20397930218047572,0.20396299314687774,0.20396076146331962,0.2039723650411674
298,0.22133888673314717,0.2298865136626832,0.2299077633807638,0.22992743824181544,0.22992198101174696,0.26405726714995525,0.2638807983320927,0.26383266370233294,0.2638118405077285,0.2628503402380088,0.26252099644764365,0.2584046096625937,0.2572794890203733,0.2444459241299221,0.24475703345960764,0.24486608984071204,0.2416237994376207,0.24081310066896322,0.2405867431465508,0.23889177688386246,0.2388554873777842,0.23872935843899126,0.23859852238064286,0.2385657683627308,0.23869059419335728,0.23864206697241575,0.23859733316562676,0.23829210631036832,0.23828137001997066,0.2376580646211957,0.23770348971790273,0.23771422330835934,0.23772081384913243,0.24367048424795063,0.24345556253512507,0.2414349390373365,0.24143953916728791,0.24138709321989024,0.24130550082904503,0.24130821729099866,0.24136588099890824,0.24137096858470616,0.24133712500701748
299,0.25450364348038457,0.25851929169992605,0.25854899026155065,0.2585761103810945,0.25856769731776,0.27735941891422067,0.2773225014576025,0.2773026387469641,0.2773172810589312,0.2626705773784994,0.2627309588576457,0.2628107586714978,0.2628498750212219,0.2634467985090829,0.2649245200477935,0.264881962078358,0.2646418590145499,0.2650261665100628,0.26505286721674026,0.26489583572522113,0.2649162697590892,0.2649868730495842,0.26507806758650876,0.2650996329946236,0.265016783240498,0.2651720134759377,0.2652010324634981,0.2651562504121771,0.265155251821583,0.26531686196832516,0.2652841539488427,0.2652769608845995,0.2652773676743134,0.2658082052728245,0.2659202189890159,0.2664222938766581,0.2664197942387934,0.2664638237021616,0.26635803753577664,0.26635639012900325,0.26632734306573225,0.2663253831038808,0.2663655692561288
300,0.2952800386117296,0.2951140584870454,0.29494945825478397,0.2948017307657449,0.29596590171507264,0.29577010000126497,0.2956458962611105,0.2956020275471053,0.29560877080340686,0.2953967295352069,0.2961885086751128,0.2963074835972054,0.29656842131190625,0.2981731004275494,0.3130643392263244,0.31309444427127797,0.3130079112431364,0.312790990524237,0.31175203020217396,0.3118037439418179,0.3117946692074678,0.31175474290949606,0.3117141321253549,0.31170341805566787,0.3117391818353485,0.31053129860727624,0.3105039643584984,0.3104429421229162,0.31046083909802774,0.3101936074721566,0.31022639926637485,0.31023384356872347,0.31023652043679095,0.31023409705696,0.30998853563440293,0.31033148790701154,0.3103353081780233,0.31029320911896935,0.3060262781067501,0.30602907226225395,0.3061015988879719,0.3061177383320332,0.3061479800801117
301,0.3132963451145587,0.3133946695621548,0.31351354392100794,0.3136199987178658,0.33000559915728567,0.3297720594138339,0.32973897195003987,0.3296958539920145,0.3297568123124596,0.3296060370457719,0.3337915679328192,0.33917127764583954,0.3406248947874762,0.3382544731166857,0.35359885939143454,0.35375542031865925,0.3536292782646578,0.3528479193680405,0.3508450825900834,0.3511030463433533,0.35104784694264846,0.3508189085535175,0.3505921534313596,0.3505355445984546,0.35074084295250507,0.34638641177035373,0.3493193482825293,0.3493256839779134,0.3494127755333272,0.34900395003692625,0.34905881275645034,0.349070662454474,0.34907367369265896,0.34885193725698654,0.34845845974894446,0.34828620790059517,0.34829125150444884,0.3481777600681678,0.34178363932781897,0.3417829691859942,0.34174841239543435,0.3417654567234721,0.34139296483775416
302,0.33417515734099096,0.33441690277091723,0.33468731384374345,0.33493439185878016,0.34863397646025807,0.3484356287236141,0.34854560787143346,0.3485285505443111,0.3486371664199403,0.34857918421755224,0.40180935473796703,0.39900197632866635,0.39810270162787115,0.3864198126427918,0.3888247900003514,0.38895484517521856,0.3889477707854948,0.387167946524597,0.38581697755832306,0.3860568111831515,0.38599953266794107,0.3857624505322427,0.38551906532975744,0.3854599176338886,0.38567372155051416,0.38380613640068556,0.38585497784514483,0.3858745400690695,0.3860285517820844,0.38577958589391753,0.3858186475436562,0.38582672465897994,0.38583256782996644,0.38572170243414267,0.3854661440557743,0.38527238472513886,0.3852766387549085,0.3851236493953295,0.3841156059782047,0.38411934636097794,0.38416928120004884,0.3842364855283395,0.3801027789618624
303,0.39815516949984525,0.39867306084865917,0.399213132412396,0.39968143842699994,0.40006607577035297,0.3998455199166909,0.4001799131469893,0.40023618912418385,0.4003851641547413,0.4005156097014088,0.40324423832418915,0.40960567104746765,0.4107458058736449,0.4176335341856224,0.41687831740822917,0.41689546242088993,0.41696201711558045,0.4095169140616439,0.4098079938793993,0.409772748907692,0.4097954870812858,0.4097848205995308,0.40980586967336285,0.4098121891249796,0.40976604312422615,0.40991887549975337,0.40981237694450756,0.4098726328345924,0.41008650783905,0.41017916911388336,0.41015426547657646,0.410163489856856,0.409531221831168,0.40949599698269185,0.4094664627558114,0.409448939206869,0.4094493794269738,0.4092141944957147,0.40913638240389577,0.4091404269155245,0.4091435640382419,0.4091770030338538,0.40563040087240926
304,0.42588565088420505,0.42714359369746063,0.4283016730741753,0.4292484707087956,0.42973290744104503,0.42933243462444587,0.43207811575959776,0.4320643979900237,0.4324024432583533,0.43256255746388855,0.43488387143919255,0.43965660054434796,0.4514162710995742,0.4343531138782909,0.43339106565687585,0.43356225994361786,0.4336302520461068,0.42503591866265755,0.4254415047304101,0.4253905469614547,0.4254466408192868,0.4254418285838735,0.4254540594682076,0.42545864977146636,0.4254096629752797,0.4255212674556087,0.4254335477757042,0.425495563126405,0.42565546930824244,0.42573102914833,0.42571259629424557,0.425773739316626,0.4236836963312475,0.4236673842388517,0.4237120777434726,0.4237367649899009,0.42373596133158203,0.4232979584883566,0.42327124838226143,0.42327680012362323,0.4232702588670414,0.42328084913545505,0.4224420408823122
305,0.40637095026732367,0.4068551891428954,0.40729630385504195,0.4077326851452434,0.4079620410313583,0.40773761026166483,0.41053350350778467,0.41032844452913914,0.4105994241075847,0.41062205597452106,0.4124755482128037,0.42046094120218414,0.4605600686300966,0.44890847622287555,0.44837766433393034,0.4485171703289552,0.44856891676064964,0.44568841682529114,0.4453778525232157,0.44545657806371775,0.4454940359457279,0.4454037818312911,0.44526217823301517,0.4452348783918546,0.4453061176612981,0.44521867328078335,0.44515570438005686,0.4451557516249822,0.44519853504299184,0.44504830275347274,0.44506894090479443,0.44502775369472375,0.44401004409925937,0.44398955882616364,0.44395702074334753,0.4439088862425568,0.4439103200670569,0.44356399808525093,0.443497396609353,0.44350293350521774,0.44352912552614016,0.4435329560255215,0.4434778409481786
306,0.40157529260469854,0.40169470636316384,0.40190466540684144,0.4020168380627206,0.40208083987156135,0.4020101319503016,0.4022146602275918,0.40232289930949117,0.40244922511587256,0.40246276777503126,0.40309521201448045,0.41488551382495115,0.42316834547497323,0.4467060782825801,0.4472677342633414,0.4470574893997738,0.44703229858756216,0.44915241448067833,0.4501740559874928,0.4499623967861544,0.4499352621564738,0.45013575282044743,0.4501764767938168,0.4502069109459724,0.4499480336178187,0.4502260236834475,0.4503078918254301,0.45039159994102157,0.4504003517359367,0.45083952459338394,0.4507231634296733,0.44950235049283593,0.44963671248950904,0.4496888639884744,0.4499156946578447,0.4501473085114168,0.45014606351942754,0.4558346937416529,0.45574451051830744,0.45574988098876895,0.45578600399826485,0.4557900841998897,0.4557551740035116
307,0.3853094716074669,0.3858444654337464,0.3899420273860683,0.39029014031267023,0.3905080020251117,0.3903336185294651,0.3905336670678717,0.39634009350240945,0.39697571089572753,0.3970000527975166,0.3983950552061177,0.47455622358050215,0.47325067617294375,0.46249464372699084,0.4623713223666392,0.4624074021021321,0.4624407651316224,0.46259566785234274,0.4625874165459201,0.46259150498267765,0.4624696501515711,0.46249223237174225,0.46280381496668455,0.46273842157719214,0.46265113880421455,0.46267582705089483,0.46267878892867187,0.4627135764646516,0.46271985262668874,0.46278080754365697,0.46234469123880373,0.46062360767952143,0.4606726603214899,0.46067244967149756,0.46068857526540735,0.4606940911074443,0.46070471663374335,0.4662003582581014,0.4663336249576206,0.46633188372964657,0.46625636970743045,0.466250557257164,0.4662636288205548
308,0.3846811710602942,0.3850511976676851,0.3922002565705586,0.3923741666187437,0.39247466503106804,0.39236826575252454,0.39246071243082287,0.39714416011942805,0.39766753368916485,0.3976413592316493,0.39854117058577054,0.43405088582884177,0.4360666295158534,0.4549615335905978,0.45554107134249194,0.45530959736139925,0.45523560495637994,0.4570448953036804,0.45825353404126923,0.45798764961996363,0.458106561064957,0.45833713043339264,0.46395981433928346,0.4638473170603836,0.4636765134775306,0.46386016843754213,0.46391295262194365,0.4639889753066272,0.4639913137538018,0.46431176359549436,0.46283939833846716,0.46234071737560134,0.46233112090183015,0.4623543769218658,0.4624875450270256,0.4626190551531585,0.4626397259613813,0.4619638234330188,0.46208044147975824,0.4620788962904375,0.4620157850142448,0.46201084908336376,0.46202898050939345
309,0.3844926623540958,0.3847587390002019,0.39321781736284295,0.393281046481776,0.3933077018475265,0.3932458723063995,0.3932747194548116,0.393228783427609,0.3875687161386577,0.3875590831150776,0.38814042333375265,0.3994990629507077,0.4023410579986496,0.44459751990084756,0.44534290925119546,0.4450657414307468,0.4449047451995519,0.44690048351590095,0.44804726515907006,0.44778148259758466,0.4479381276936473,0.44814208212802514,0.4606511262118141,0.46050321181860615,0.460481938515297,0.46052127193368997,0.4605314465129301,0.46056372653600264,0.4605641738910804,0.4606482141649129,0.4593895336412783,0.45931950022548207,0.4593132322002238,0.45931435096131845,0.45934868414954366,0.4593803235311831,0.4593954182025454,0.45904425520068687,0.4590561893540222,0.4590569114835844,0.4590472615019619,0.4590472281352063,0.45904307883493706
310,0.3844054019350089,0.384612565619114,0.3910676657124699,0.3911292413062035,0.39115680795340635,0.3910974737169255,0.3911298088362745,0.3910599987951748,0.3735823000564223,0.3736446821308138,0.3748131360670146,0.38700228011682203,0.3903410121465528,0.43996293773950385,0.4404666199333065,0.4402816817231925,0.4401583674607801,0.44147000120648133,0.442197320500736,0.44202474740650227,0.44212548008566777,0.44225387571457725,0.4504740931867879,0.4503585830596846,0.4502944701058493,0.450372670400806,0.45039687789629773,0.45042307205235343,0.4504222833031209,0.4505591564351419,0.4497016306323268,0.44969174746629953,0.44968755402620647,0.4497092522050744,0.44980983677465075,0.44991633879630144,0.44992651806958356,0.44982771142362965,0.4498906892696304,0.4498897460252647,0.44985623011986675,0.4498535097355411,0.44986565973559256
311,0.19667413768125147,0.20814533891553658,0.2081597619188827,0.20817074599006977,0.2081710116566383,0.21805445411277447,0.21805498313882066,0.2180476788067045,0.21806296026469052,0.2179166985363358,0.21806041625881847,0.218091618906829,0.21813294613547693,0.21782708393392336,0.21855174396788862,0.21852078291142515,0.21482383625109006,0.21496120373231206,0.2145458779848243,0.21126266984588893,0.21126266997654672,0.21126267013833822,0.21126267035211244,0.21126267049438216,0.21126267050846054,0.21126267086363534,0.21126267106091612,0.21126266932812468,0.21126266937221083,0.21126266913535194,0.21126266914569497,0.21126266919870232,0.21126266926455356,0.21126267482477346,0.2112626750596411,0.21126267282589778,0.21126267296694973,0.21126267309215893,0.2112626733973837,0.211262673540485,0.21126267363998233,0.21126267377220628,0.2112626739380533
312,0.22632825549834099,0.2342397410389589,0.2342649700994927,0.23428811779909567,0.23428235133804637,0.27062058494618413,0.2703240550451366,0.2702529367635058,0.27020321504262507,0.26795645836629206,0.26732426485913896,0.2620275753272867,0.2607087217549044,0.24748891172641682,0.24799012355779812,0.2480832594852578,0.24516831278345264,0.24456007260177845,0.2443393403749739,0.24295214669456722,0.24292521408011575,0.24283268704222152,0.2427466627934045,0.2427246026071574,0.24280854785386422,0.2428377358837178,0.24281654268127773,0.24249191619574811,0.24248115395537553,0.24199469980437677,0.24202104969720184,0.24202748469336105,0.2420340519713253,0.2498841951969389,0.24977112158303424,0.24883903012650224,0.24884123431342245,0.24881282221674975,0.2487755409447661,0.2487769922884593,0.24880548170698372,0.2488080759002398,0.24878882206060737
313,0.2572549458385681,0.2608686838261862,0.26089950255213,0.2609273030067194,0.2609217649403001,0.27771198213275583,0.27767804521381984,0.2776584318638022,0.2776745582934823,0.2645714898646973,0.26468335112552,0.2648419236886831,0.26491677515454837,0.26606724445775226,0.2688068681114122,0.2687321781090874,0.2683727785895677,0.26904250671424984,0.2691328627350023,0.2688916051326129,0.26892623631145246,0.2690454523205341,0.26919833524931097,0.26923443845580297,0.2690955687738258,0.2693349869831417,0.26938123902867295,0.26931370365183166,0.2693124079854868,0.26957379964187655,0.2695206545593485,0.2695089612017893,0.26950963309605086,0.2702039659342807,0.2703761221835666,0.2711244397217152,0.2711205916242905,0.2711904989409474,0.27093329054277177,0.2709307892034365,0.2708880847409081,0.2708856121214375,0.2709517839376598
314,0.296567435682308,0.29643861678034084,0.2963056330145341,0.2961812698409555,0.2980104450724543,0.29779852541169466,0.29768246132806786,0.2976367588257771,0.2976515881350964,0.29741715281370407,0.2984442613648126,0.29892399711725587,0.2993101716753498,0.30192925818425376,0.3203806647520819,0.3203989308639332,0.32031150283303345,0.3201834247661908,0.3194163057092265,0.3194433846707767,0.31943756018413516,0.31941044469676505,0.31938407240187866,0.31937689489940874,0.319400008296056,0.31845317700369374,0.31843985243659567,0.31838729746296884,0.31840217922567593,0.31820538190000075,0.3182280742625251,0.3182332386554177,0.318235390078229,0.3182732751246089,0.31809341809800507,0.3183586832417435,0.318361413661034,0.31833226623734223,0.3147247431564842,0.3147267948911873,0.3147818037184208,0.3147932248682186,0.3148200184343437
315,0.3165108895662354,0.3166368099941625,0.31678471228441246,0.3169177297223495,0.3360535922304887,0.33583935855730473,0.33576830228690263,0.33571268874991544,0.3357727913709203,0.3355898498343355,0.3414832606669084,0.3481072582366912,0.3497791895891013,0.34813737245229115,0.3619424948036378,0.36206602195251725,0.36183524884367463,0.3614502573103505,0.35979190212405676,0.3599703215076368,0.3599279805517613,0.3597410375185825,0.35957737326690625,0.359535156497811,0.3596870804078278,0.35609797177963604,0.36086854526755324,0.3608786116095342,0.3609545230139466,0.3606817883644386,0.36071980160993306,0.3607278141989734,0.3607309308487685,0.3605864652553693,0.3603209861647705,0.3601729844574891,0.360176627005935,0.36008395914763464,0.35672243987223184,0.3567227924021085,0.35671294542602544,0.35673507648017433,0.3561689756113846
316,0.3340717070044752,0.33433201303370136,0.3346220555820686,0.334886448717365,0.3487583135707831,0.34854663931758023,0.348661549838282,0.3486416302760002,0.3487585937939033,0.3486919454469987,0.40216552074870815,0.4011892996591792,0.4007816559406619,0.3934349271497494,0.3954719490623179,0.39555468239827024,0.39553282285711966,0.39438023587386256,0.3934682464293796,0.39362570743290554,0.39358765896510384,0.39342811594312643,0.39326607816684245,0.39322642864641544,0.39336887117594166,0.3921584058091773,0.39383921258436944,0.3938512994632055,0.39395516158003313,0.3937868316992067,0.3938136073607722,0.39381917150081197,0.3938224296124854,0.39375005048007,0.393579821668393,0.3934438755326622,0.3934469448097493,0.3933368192096599,0.3927918319405061,0.39279451147455,0.3928304660321119,0.3928754755858411,0.38991080666529493
317,0.38759605733819463,0.38827163438176454,0.38898867634437717,0.3896241096834806,0.3902527485072339,0.3899437500017982,0.39046880637294706,0.39055084410454005,0.3907658105765265,0.39095664092961885,0.3953836288981358,0.40634168745996174,0.4086800037648992,0.42241613898985414,0.4219331240871442,0.42190770788852294,0.4219364695758732,0.41684379601228344,0.4172043454102766,0.41714612651991817,0.4171715830774456,0.4171867612892646,0.4172332694338907,0.4172448114746208,0.4171827177351105,0.41738388058396986,0.417283108709709,0.4173277675867767,0.4174983177531565,0.41760631646001384,0.41758096337793127,0.4175878215069009,0.4170975936693562,0.41708134136047365,0.41707660447069184,0.41708105292646946,0.4170813959151531,0.41690347035919084,0.41689682557803925,0.41689984855067974,0.4168991138940509,0.4169226787068674,0.4144443580165538
318,0.42512320199951315,0.4263689369542567,0.4275180758119629,0.4284614451230428,0.4289493439914794,0.42854106056662955,0.43145589677149393,0.4314240760290539,0.4317789621295796,0.43192534667520627,0.4344567674099943,0.44012198664947244,0.4541661365461441,0.44183833200054834,0.44125877007208114,0.4413579108252114,0.4413723248392583,0.4359268392412826,0.43645393170018953,0.43636393154315256,0.4364324107305039,0.436469097669454,0.4365341145297003,0.43654962551937626,0.4364684730944965,0.43661085031224306,0.436571093120961,0.4366189696141359,0.4367262777141882,0.4368564510198775,0.4368346157685866,0.43690284439037025,0.4353060834472338,0.43531834288839993,0.4354295714912109,0.43552988149771166,0.43552801271887126,0.4352119665872706,0.43525079094445346,0.43525402276769365,0.4352254557064021,0.43522818886312986,0.4349106487413682
319,0.4061742113509017,0.4066684471118842,0.4071231592138425,0.40757027417296193,0.4078080332649822,0.4075746506947488,0.410288178151562,0.4100777744698777,0.4103600682077737,0.4103838078440671,0.4123104914719768,0.421086243649722,0.46274802349016947,0.45746866331156266,0.4571862564868034,0.45725553901044025,0.4572915882821602,0.4558326133386182,0.4557023344341512,0.4557398656324903,0.4557657106055439,0.4557234268091458,0.45563252307383745,0.45561664685827763,0.4556485067523924,0.4556062013262187,0.45557160582909695,0.45557843458824016,0.45560263713532895,0.4555318062927396,0.45553808238955656,0.455459152070831,0.454947609150097,0.4549346875601262,0.4549194472494368,0.45489250299604894,0.4548934985659499,0.45480029862557136,0.4547450368652723,0.454749017788645,0.45477119043615843,0.4547740920582347,0.454742596913725
320,0.39858360440778057,0.39919266706881573,0.3999839292519563,0.4003569839446445,0.4005768168235666,0.400414446988213,0.40071599441559697,0.40117786769534564,0.4014041151587455,0.4014692145349271,0.4025268770786065,0.42139650484834607,0.43015828604598394,0.45882180863152505,0.459525919268679,0.45928600880980314,0.45920681602341634,0.461701709986951,0.46273161989411105,0.46250807258144877,0.462494430775717,0.46269568496654073,0.46273452391573777,0.46276956315140483,0.46250220691974553,0.462790943061451,0.4628841002991979,0.4629368678383144,0.462940360508404,0.46335231177348135,0.4632596720778063,0.46195474929537267,0.46215661569952904,0.4622185196012957,0.46242335149663477,0.46263685331960763,0.46263726012094,0.4750438525857676,0.4749471803984753,0.47495121040234317,0.47499399072781867,0.4749984615017599,0.4749701311532363
321,0.3856660387112263,0.38625432394881953,0.3901143221649324,0.39051171539115387,0.3907619472580505,0.39056361568650033,0.39080090208513457,0.3961484408944086,0.3967838651696325,0.3968228654171942,0.3983546904342537,0.4754237228591222,0.47538965863806076,0.47188269368574354,0.4718670161494975,0.4718689381473304,0.47188303086509187,0.47219508769458496,0.47225988561925164,0.47224803346736305,0.4721811467435777,0.47220726008029135,0.47234092176796827,0.4722988090199021,0.47222301430268543,0.47226077070654027,0.4722700309416382,0.4722938473013381,0.47229766518670546,0.47236107405908306,0.47207410045489584,0.47092246712264624,0.4709767152351671,0.47098057704801244,0.47099920224766034,0.47100919904898725,0.47101734616564167,0.4777475459498895,0.4778867051931229,0.47788471050365433,0.47780676127727256,0.4778006539400748,0.4778166770198448
322,0.3848390642893043,0.38524176230729357,0.39194646277317635,0.39215366202749075,0.3922750240472666,0.39215140967732215,0.39226352274232024,0.39768592508089523,0.3982808078038159,0.39824731263288743,0.3992498497979021,0.4419846248547668,0.44403106241454543,0.46203466025597684,0.4626045480792571,0.4623860168682961,0.46229092657762466,0.4639912342992025,0.46507539320139585,0.464831039802342,0.46494256519118143,0.4651471623650884,0.47072029854204867,0.470644839065165,0.4704735129878536,0.47065500622890744,0.4707089756427817,0.4707683827525791,0.47076961719698057,0.47107116841022806,0.47000393397495577,0.46964209924408784,0.4696359629846871,0.4696665399837546,0.4698098247873025,0.4699564223870808,0.4699724200113459,0.46934061997950727,0.469455621864377,0.4694537012316713,0.4693941870219371,0.4693891274561421,0.46941246338345755
323,0.3846001831218806,0.38488090223878874,0.39335394294216025,0.39342413049653235,0.3934530706282977,0.3933830489338845,0.3934138344905145,0.3933800499492475,0.38788069863949864,0.38786601328647263,0.3885017722524261,0.40149448667617754,0.4046924565991059,0.4501288131909269,0.45090919644429495,0.4506422921616109,0.4504071411396138,0.4523063235847256,0.45320960422190215,0.4529795124953633,0.45311529445384247,0.4532663348048161,0.46963548966854884,0.46963548887884454,0.46963548801910954,0.46963548774570607,0.4696354871613913,0.4696354890474912,0.46963548851065595,0.4696354885158683,0.4696354855759165,0.46963548494358726,0.4696354843915549,0.469635483982154,0.4696354837218469,0.46963548358802637,0.46963548304222513,0.46963548321406656,0.4696354830196635,0.4696354824187717,0.46963548181374276,0.4696354812328962,0.469635480894782
324,0.22483648651796564,0.23294544881069765,0.23297310838676635,0.2329980600239778,0.23299375653592405,0.2688113350121913,0.2685042629990082,0.26843020840014636,0.2683794991655656,0.26651373381308696,0.26587358452462334,0.26040123046824715,0.259050741946395,0.245928825912919,0.24676690488197858,0.24683788000650125,0.24375299692139593,0.24338185961690512,0.2430897351925856,0.24161755563908766,0.24160454506792234,0.24156112506252111,0.24153898731536647,0.2415320901916033,0.24155783867381425,0.24167836670696916,0.24168978708341743,0.24132932467979765,0.2413183602813547,0.24100892317891617,0.24101036706787116,0.24101119234200125,0.24101759034536918,0.25019960029422034,0.2501995999386906,0.2501995965519509,0.2501995960902474,0.25019959605120323,0.2501995964283449,0.2501995959788966,0.2501995954844866,0.25019959504571454,0.2501995948372833
325,0.25872857731622384,0.2621293354751421,0.26216233485617263,0.26219163489673075,0.2621909747506294,0.2778951303142875,0.27785979507104624,0.2778387024434704,0.27785680077127095,0.26557457258256956,0.26574617823683266,0.26598765093772053,0.2661066612390092,0.2682151133752299,0.2726270141646938,0.2725021300364054,0.27193394959154904,0.2730421300036295,0.2732999096913536,0.27291483272448686,0.27297021135899174,0.273160371555726,0.2734037932006386,0.27346115133965787,0.2732404930827841,0.2736097294050164,0.27369068075624103,0.27358532935547347,0.2735830558005901,0.2739926082058788,0.27390901814180935,0.27389062519436774,0.27389191370707866,0.2748915986141611,0.2751532736765082,0.2761644526893889,0.27615857005790345,0.276268601381575,0.27590084888588723,0.27589686781758166,0.27582987160098815,0.2758257527837176,0.27593121527859954
326,0.29941568076908,0.29937463013975407,0.2993319633207403,0.29928452253870885,0.30308432685991205,0.3028320686651855,0.3027500048790075,0.30270600544513604,0.3027380884771538,0.302515176111901,0.3040530195320285,0.30539940620646966,0.30600159226201307,0.30906108564360185,0.3320489263538875,0.3320919029221567,0.3320999799181003,0.3317705242106954,0.33117564886212586,0.33124979133998034,0.3312346488141652,0.33117756798168935,0.3311125694001127,0.33109665415670514,0.3311547142127858,0.33037303468412665,0.3304433039839927,0.33042203783915414,0.3304345114640586,0.33024147619097605,0.3302693390624446,0.3302755424446116,0.3302763740326946,0.33023321448798054,0.3300773459113651,0.3301136469101101,0.33011624605088474,0.3300775791996126,0.32759667578247986,0.32759827080005954,0.3276353981173805,0.32764224190075575,0.32763301197483236
327,0.31646660149314315,0.31659788647099174,0.31675078378977334,0.31688779628317654,0.33588137518223515,0.3356615400986826,0.33558509375615214,0.33552643640109686,0.33558888199569725,0.33539340829540776,0.3415471864916132,0.3484145853110811,0.35016925520050657,0.35011884457777864,0.36414183485835566,0.3642280620492069,0.363932441876895,0.3639054610348021,0.3625756611174316,0.36267844370546354,0.3626509040763923,0.3625172042180251,0.3624215347366407,0.3623952059797627,0.3624887179573169,0.3595412931647687,0.3651718933756172,0.3651780582815222,0.36522864324307025,0.36505434833647193,0.3650786505074484,0.3650837457011416,0.3650860708578656,0.36499487051495344,0.3648249703383294,0.36472702053574235,0.3647294203247935,0.3646675220615996,0.3626118109909011,0.36261202964429223,0.3626047167606258,0.36262048858513146,0.36221259955086754
328,0.3370365717827642,0.33735661836845193,0.33770992076527834,0.3380315892092332,0.3495876958029896,0.3493496255631239,0.34953304366839455,0.3495230298659315,0.34966586097484353,0.3496268852893287,0.40546256133583986,0.4064978588853797,0.4068120190814418,0.4093393648561266,0.40932838395110405,0.4093175589126711,0.40932888984948046,0.4089624713958116,0.40894950058727286,0.40895640949185147,0.4089562059237088,0.408947562119561,0.40893955280797517,0.408937611745987,0.408941940229716,0.40886842064051204,0.40893363215665923,0.40894519726177936,0.4089719428887302,0.40897454436752945,0.4089731090491584,0.40897304858020295,0.40895874403481297,0.40894660779319675,0.40893242105841787,0.40892126618160224,0.40892146719518335,0.4088924524949529,0.408828572781448,0.4088290932777282,0.40883163085754437,0.40883982447161277,0.4080743349558702
329,0.4153676258265226,0.41588098112312705,0.41639670522003586,0.4168308830695687,0.41718901227451255,0.41698811327696284,0.41729610396197064,0.4173454873502029,0.41748156321360275,0.4175965467258734,0.4199893124840633,0.4256269791163469,0.4267621061233563,0.4335907132448528,0.43334547290373276,0.4333365908873649,0.43334149640946185,0.4305162926666103,0.4307458064056311,0.43070552523614497,0.4307227866580094,0.4307344884329458,0.43076498879866765,0.43077222758806405,0.43073310620484395,0.4308739398787557,0.4308188142594576,0.4308373262337378,0.43093276045354645,0.43098913637080777,0.43097610943336745,0.4309835237821137,0.43061694391717237,0.4306131715600156,0.4306087064625291,0.4306064140595528,0.43060700959293174,0.4304840263917103,0.43050715853853516,0.4305091749216992,0.4305126630978978,0.43052314544052683,0.4295360309946591
330,0.42112387649477356,0.4222332683677895,0.4232639456287957,0.424131550325791,0.42458544410250726,0.42419259184522473,0.42770287302439497,0.4276168560162927,0.42799007158067287,0.42809186256353426,0.4308199041754889,0.43813606790888004,0.45891080591927225,0.4503456317940752,0.45012039061864295,0.4501640824652157,0.45010162282767485,0.44702573171597193,0.4475695455928595,0.4474532586298058,0.4475332640146292,0.4475903929073305,0.4477067223730588,0.4477316577537716,0.4476319138514926,0.4478029014511709,0.44781408607745876,0.4478256244529808,0.4478931598376405,0.44804374907079125,0.4480310926520086,0.44811912161892065,0.44696147863863434,0.4470061114156918,0.447156639451164,0.44731320393646445,0.44731146100108754,0.44728974353890844,0.4474040115424755,0.4474051032174893,0.44736034226022175,0.4473574591633742,0.4473839093912275
331,0.4073786739121207,0.40794243824280796,0.40846777062584083,0.4089680181384761,0.4092356340628587,0.40897424321329356,0.41184562448583556,0.4116347191255058,0.41194661278726963,0.4119715915240827,0.4141178821965447,0.42393848565289066,0.47072555429736734,0.47072556190643944,0.47072556199932947,0.4707255601579388,0.47072556305081314,0.4707255631755439,0.4707255672703006,0.4707255657192683,0.470725564843689,0.47072556410739036,0.470725563562932,0.470725562624634,0.4707255610880931,0.47072556112206315,0.4707255603250289,0.47072556349571926,0.47072556273918603,0.47072556347597383,0.47072556261114146,0.47072556085490497,0.4707255590442693,0.47072555856273407,0.47072555869229793,0.4707255590607341,0.4707255581998326,0.4707255758735861,0.4707255760360602,0.47072557558643585,0.4707255750051932,0.4707255745505649,0.4707255746466692
332,0.39269263145180777,0.39380610182699877,0.3955027454599381,0.39625570898336193,0.39672663765012967,0.3964160206197894,0.3969555174866645,0.3981394635642726,0.3985367726826645,0.39869417171099375,0.4004974972145876,0.4305024905949487,0.4388497920372722,0.4694443228674481,0.47021412075385555,0.469975950297496,0.46983284758443616,0.47230928475765016,0.4731995911263197,0.4729901536930693,0.47299713956124595,0.47316956339632643,0.473241515435706,0.47328426494287523,0.47304331983489717,0.4733083747324744,0.47340267995935587,0.47340662771111847,0.47340589408140793,0.4737348247879648,0.473707994043724,0.4726241982513359,0.47282891438663216,0.4728996600117092,0.4730703703675836,0.4732595422107379,0.4732621461772538,0.49473573985828073,0.49469059362048046,0.49469242042716616,0.49471056246242445,0.4947127055777341,0.49469477626539193
333,0.38580929086844507,0.3864066995433701,0.39062608484775707,0.3910289168216721,0.3912806062919682,0.3910727014455126,0.3913153123875583,0.39698343944076636,0.39766721281711676,0.3976897270712609,0.3992675929243522,0.4883836776930924,0.4883836836758021,0.48838371250515705,0.48838371296658883,0.48838371071690273,0.48838371403447794,0.4883837170913933,0.4883837207790858,0.4883837192189075,0.4883837180673295,0.4883837171341328,0.48838372413348546,0.48838372320991963,0.48838372179480133,0.4883837216611627,0.48838372093161436,0.48838372368549277,0.48838372293902516,0.48838372337875186,0.48838372168172955,0.4883837186962757,0.4883837181620581,0.48838371765948,0.48838371749879533,0.4883837175398822,0.48838371676734876,0.4883837472223149,0.48838374758618014,0.4883837474481381,0.48838374712663474,0.48838374697860976,0.4883837470560415
334,0.3849062677650139,0.38529428957612927,0.3928773093315855,0.39305822071346186,0.39315963164277584,0.39303997965719145,0.39313733907423287,0.3968603173852457,0.397300377467227,0.3972680926474954,0.39819905385245935,0.4316166813509161,0.4343979505631735,0.4638123923826304,0.4645499215444472,0.4643089056892447,0.4640623554700083,0.46580279229238153,0.46654069904342477,0.466342943168596,0.4664706021011795,0.4665893275742223,0.47661487745694237,0.4766174806231269,0.4765103848541311,0.4766070790072643,0.4766418656656137,0.4766094350033037,0.4766053055067369,0.4766942792625955,0.47627147909203427,0.47624070342019187,0.4762596298715832,0.4762915072012486,0.4763381987953374,0.47639739340346987,0.47640986380548217,0.47663093939082374,0.4766911954810165,0.4766883522326724,0.47666877035304883,0.47666525412086064,0.4767009566247537
335,0.2992089631158455,0.2991580654407904,0.2991017113600158,0.2990415161195856,0.30272330450335766,0.30247978852685153,0.302391298992164,0.30234428686009507,0.30237827329446126,0.3021214114356174,0.30373261809142305,0.3052006423179024,0.3058834614484189,0.3104846875905428,0.33657681799684636,0.33657681678165746,0.3365768175773626,0.3365768195880001,0.33657682013940504,0.3365768188845952,0.336576818200778,0.33657681774403286,0.3365768175337275,0.3365768169162365,0.3365768158099509,0.336576812003375,0.3365768157936395,0.33657681764257463,0.33657681713940735,0.336576817646303,0.33657681690961283,0.33657681627381086,0.33657681573936543,0.3365768162339573,0.33657681616182306,0.33657681774171516,0.3365768172214135,0.3365768173784298,0.3365768052144143,0.33657680443366605,0.33657680336348716,0.3365768026112312,0.3365768027992108
336,0.31725724389168364,0.31740317696102405,0.3175706196068298,0.3177202064266255,0.3371656304313307,0.33694825415782165,0.33684738308150164,0.33678036340936335,0.33684332241813364,0.3366219349261933,0.34377186142522903,0.35122893218812173,0.35312757087526103,0.3555456109659423,0.36911505321499133,0.36914016819492584,0.3687220693036125,0.36931410779350116,0.36850526292140684,0.3684770722657855,0.3684748479108894,0.36843166724937815,0.36845607530483215,0.36845780759921776,0.36844914794658307,0.3664246297720444,0.3738452191262272,0.37384521995882164,0.37384521990242175,0.3738452201511877,0.3738452198215395,0.3738452195420969,0.3738452194101709,0.3738452193926209,0.3738452192739653,0.3738452196446349,0.373845219403736,0.37384521959135686,0.3738452153782687,0.37384521504396717,0.373845214447966,0.37384521419619454,0.3738452119744766
337,0.3359004321135508,0.33621295296342857,0.33655825103902676,0.3368723263733217,0.34938669451763543,0.3491481208914257,0.3493111613983023,0.3492954898658765,0.34943556892997707,0.34938015829648067,0.4103713599376961,0.4103713766704455,0.41037137931050666,0.41037139655825683,0.4103714048371577,0.41037140345573003,0.4103714051725739,0.4103714041714717,0.4103714060304387,0.4103714049003454,0.4103714040322365,0.4103714032231157,0.4103714026988984,0.4103714018803708,0.4103714008101772,0.4103713991262686,0.4103714039022996,0.41037140612564166,0.4103714058596988,0.4103714062792217,0.4103714055812079,0.4103714049373098,0.4103714044145677,0.4103714041106359,0.41037140394350075,0.41037140410874273,0.410371403513874,0.41037140364170005,0.4103714039275816,0.41037140335127853,0.41037140267177596,0.41037140222194607,0.41037139192232003
338,0.4436485238535722,0.4436485190190593,0.4436485140031965,0.4436485087684595,0.4436485050933082,0.4436485062763592,0.4436485028325708,0.44364849697447417,0.4436484958194335,0.44364849291261554,0.4436485149625698,0.44364854231267203,0.4436485551537291,0.44364857486105547,0.44364857496150706,0.4436485741105303,0.4436485750723652,0.4436485680072838,0.4436485714665955,0.4436485702692374,0.4436485697349797,0.44364856936044517,0.4436485693736262,0.44364856884982645,0.44364856769695243,0.44364856844829076,0.44364856800865704,0.44364856987181844,0.44364856967784877,0.4436485704234574,0.44364856982291584,0.4436485694310408,0.4436485669768712,0.4436485668093703,0.4436485670271857,0.4436485674819383,0.44364856696266214,0.4436485679411893,0.44364856858477647,0.4436485681111941,0.4436485674489377,0.4436485669923085,0.4436485651558578
339,0.4228913992651856,0.42407305603061235,0.4251675599633281,0.4260764271311406,0.4265527420067903,0.42614237567677277,0.42942422422573706,0.4293511651522213,0.42973052544412155,0.42984272120402467,0.4326585730210539,0.43982373840865724,0.458889746107699,0.45315114394252437,0.45318439593526855,0.45317992674654606,0.45305564651929703,0.45125285389654296,0.4518899940611815,0.4517354351364709,0.45181845538360443,0.4519058970033946,0.45208839339705964,0.45212635520524114,0.4519934036280021,0.45221690356017624,0.4522687406448195,0.4522572851933229,0.4523074924806054,0.4525137515223698,0.45250130912160014,0.45258846425629656,0.4517769366489566,0.451846838207193,0.4520276111928803,0.45223194082454365,0.45223016081764394,0.45264176595033956,0.45282003412175814,0.4528190618479672,0.45275845230768047,0.45275254152366157,0.4528965929970549
340,0.4055465031723083,0.4060748943937319,0.40657793836626344,0.40706111105505505,0.40732807194483645,0.4070668634335132,0.40952234916982433,0.40930188720148725,0.4096198440679289,0.4096492711438077,0.4118007618972604,0.42337236278351065,0.4635370881619954,0.47265196616832167,0.47309092375053885,0.4730013959562137,0.47283588732998516,0.47412540094862254,0.4742943243778295,0.4742194710327393,0.4742422929370982,0.4742776011906967,0.47439267041741395,0.47441961813508166,0.47434833351263983,0.47444318144060366,0.4744974270887628,0.47442207314698326,0.4744160292642019,0.47445290604119056,0.47451907424526674,0.47424211006399847,0.4744672181729699,0.47451244124619935,0.47451875775133256,0.47455349062799185,0.47455829541210953,0.4829633053335199,0.483065822683772,0.483063647675845,0.4830366491905576,0.48303253312605726,0.4831399193512863
341,0.3962207410099526,0.3971774322268527,0.39850134052799907,0.39910482891813676,0.3994677485851686,0.3992119044925855,0.3996658320830287,0.40049105894620046,0.4008354796275696,0.400944905387796,0.40252568874236494,0.4302630693882137,0.44088176767383597,0.4749830917637703,0.4758686296758795,0.475618791104994,0.47539529203882924,0.47797915170242977,0.4787953842877963,0.4785805583178672,0.4786152226695225,0.478771652147533,0.4789986682338616,0.4790627849479863,0.47883384735492035,0.4790995623875754,0.4792044607827347,0.47915796138718764,0.47915318227973824,0.47943928024811305,0.4795036700906917,0.478737861156782,0.47896114615031277,0.4790484981458088,0.47920791786396066,0.4794040417697437,0.4794075234898127,0.5083727689180955,0.508372768520025,0.5083727672375914,0.5083727659299637,0.5083727646866447,0.5083727640443955
